# Blender 4.5.2 LTS
# www.blender.org
mtllib materials.mtl
o leg_4
v 0.023705 -0.047552 -0.100203
v 0.011852 -0.047552 -0.100203
v 0.000000 -0.047552 -0.100203
v -0.011853 -0.047552 -0.100203
v -0.023705 -0.047552 -0.100203
v 0.035557 -0.035664 -0.100203
v 0.023705 -0.035664 -0.100203
v 0.011852 -0.035664 -0.100203
v 0.000000 -0.035664 -0.100203
v -0.011853 -0.035664 -0.100203
v -0.023705 -0.035664 -0.100203
v -0.035557 -0.035664 -0.100202
v 0.047409 -0.023776 -0.100203
v 0.035557 -0.023776 -0.100203
v 0.023705 -0.023776 -0.100203
v 0.011852 -0.023776 -0.100203
v 0.000000 -0.023776 -0.100203
v -0.011853 -0.023776 -0.100203
v -0.023705 -0.023776 -0.100203
v -0.035557 -0.023776 -0.100202
v -0.047410 -0.023776 -0.100202
v 0.047409 -0.011888 -0.100203
v 0.035557 -0.011888 -0.100203
v 0.023705 -0.011888 -0.100203
v 0.011852 -0.011888 -0.100203
v 0.000000 -0.011888 -0.100203
v -0.011853 -0.011888 -0.100203
v -0.023705 -0.011888 -0.100203
v -0.035557 -0.011888 -0.100202
v -0.047410 -0.011888 -0.100202
v 0.047409 -0.000000 -0.100203
v 0.035557 -0.000000 -0.100203
v 0.023705 -0.000000 -0.100203
v 0.011852 -0.000000 -0.100203
v 0.000000 -0.000000 -0.100203
v -0.011853 -0.000000 -0.100203
v -0.023705 -0.000000 -0.100203
v -0.035557 -0.000000 -0.100202
v -0.047410 -0.000000 -0.100202
v 0.047409 0.011888 -0.100203
v 0.035557 0.011888 -0.100203
v 0.023705 0.011888 -0.100203
v 0.011852 0.011888 -0.100203
v 0.000000 0.011888 -0.100203
v -0.011853 0.011888 -0.100203
v -0.023705 0.011888 -0.100203
v -0.035557 0.011888 -0.100202
v -0.047410 0.011888 -0.100202
v 0.047409 0.023776 -0.100203
v 0.035557 0.023776 -0.100203
v 0.023705 0.023776 -0.100203
v 0.011852 0.023776 -0.100203
v 0.000000 0.023776 -0.100203
v -0.011853 0.023776 -0.100203
v -0.023705 0.023776 -0.100203
v -0.035557 0.023776 -0.100202
v -0.047410 0.023776 -0.100202
v 0.035557 0.035664 -0.100203
v 0.023705 0.035664 -0.100203
v 0.011852 0.035664 -0.100203
v 0.000000 0.035664 -0.100203
v -0.011853 0.035664 -0.100203
v -0.023705 0.035664 -0.100203
v -0.035557 0.035664 -0.100202
v 0.023705 0.047552 -0.100203
v 0.011852 0.047552 -0.100203
v 0.000000 0.047552 -0.100203
v -0.011853 0.047552 -0.100203
v -0.023705 0.047552 -0.100203
v 0.040921 -0.041402 -0.100203
v 0.043826 -0.038298 -0.100203
v 0.045190 -0.036668 -0.100203
v 0.046494 -0.034988 -0.100203
v 0.047735 -0.033262 -0.100203
v 0.048912 -0.031492 -0.100203
v 0.050058 -0.029623 -0.100203
v 0.051133 -0.027713 -0.100203
v 0.052077 -0.025882 -0.100203
v 0.052956 -0.024019 -0.100203
v 0.053793 -0.022066 -0.100203
v 0.054558 -0.020082 -0.100203
v 0.055249 -0.018072 -0.100203
v 0.055866 -0.016038 -0.100203
v 0.056409 -0.013982 -0.100203
v 0.056878 -0.011908 -0.100203
v 0.057271 -0.009819 -0.100203
v 0.057589 -0.007717 -0.100203
v 0.057831 -0.005604 -0.100203
v 0.057996 -0.003486 -0.100203
v 0.058083 -0.001361 -0.100203
v 0.058093 0.000765 -0.100203
v 0.058027 0.002889 -0.100203
v 0.057884 0.005010 -0.100203
v 0.057665 0.007125 -0.100203
v 0.057369 0.009230 -0.100203
v 0.056997 0.011323 -0.100203
v 0.056549 0.013401 -0.100203
v 0.056027 0.015462 -0.100203
v 0.055431 0.017503 -0.100203
v 0.054761 0.019521 -0.100203
v 0.054016 0.021512 -0.100203
v 0.053234 0.023392 -0.100203
v 0.052387 0.025244 -0.100203
v 0.051392 0.027224 -0.100203
v 0.050324 0.029164 -0.100203
v 0.049231 0.030987 -0.100203
v 0.048072 0.032770 -0.100203
v 0.046849 0.034509 -0.100203
v 0.045564 0.036201 -0.100203
v 0.044167 0.037905 -0.100203
v 0.042704 0.039554 -0.100203
v 0.039823 0.042465 -0.100203
v 0.036624 0.045265 -0.100203
v 0.033228 0.047823 -0.100203
v 0.029656 0.050126 -0.100203
v 0.025924 0.052163 -0.100203
v 0.022228 0.053850 -0.100203
v 0.018065 0.055389 -0.100203
v 0.013979 0.056562 -0.100203
v 0.009906 0.057420 -0.100203
v 0.005604 0.058003 -0.100203
v 0.001361 0.058258 -0.100203
v -0.002729 0.058210 -0.100203
v -0.007167 0.057828 -0.100203
v -0.011396 0.057142 -0.100203
v -0.015458 0.056176 -0.100203
v -0.019512 0.054896 -0.100203
v -0.023622 0.053250 -0.100203
v -0.027165 0.051524 -0.100202
v -0.030959 0.049328 -0.100202
v -0.034471 0.046932 -0.100202
v -0.037798 0.044286 -0.100202
v -0.040921 0.041402 -0.100202
v -0.043825 0.038297 -0.100202
v -0.045190 0.036667 -0.100202
v -0.046494 0.034988 -0.100202
v -0.047736 0.033263 -0.100202
v -0.048914 0.031494 -0.100202
v -0.050060 0.029625 -0.100202
v -0.051135 0.027713 -0.100202
v -0.052078 0.025883 -0.100202
v -0.052955 0.024020 -0.100202
v -0.053792 0.022065 -0.100202
v -0.054556 0.020082 -0.100202
v -0.055248 0.018072 -0.100202
v -0.055866 0.016038 -0.100202
v -0.056410 0.013982 -0.100202
v -0.056879 0.011908 -0.100202
v -0.057272 0.009819 -0.100202
v -0.057589 0.007718 -0.100202
v -0.057831 0.005605 -0.100202
v -0.057995 0.003486 -0.100202
v -0.058081 0.001450 -0.100202
v -0.058096 -0.000587 -0.100202
v -0.058032 -0.002801 -0.100202
v -0.057885 -0.005010 -0.100202
v -0.057665 -0.007125 -0.100202
v -0.057368 -0.009230 -0.100202
v -0.056996 -0.011323 -0.100202
v -0.056548 -0.013401 -0.100202
v -0.056026 -0.015462 -0.100202
v -0.055430 -0.017502 -0.100202
v -0.054759 -0.019520 -0.100202
v -0.054016 -0.021511 -0.100202
v -0.053199 -0.023474 -0.100202
v -0.052310 -0.025405 -0.100202
v -0.051352 -0.027302 -0.100202
v -0.050325 -0.029164 -0.100202
v -0.049232 -0.030987 -0.100202
v -0.048072 -0.032770 -0.100202
v -0.046849 -0.034508 -0.100202
v -0.045563 -0.036201 -0.100202
v -0.044166 -0.037904 -0.100202
v -0.042704 -0.039553 -0.100202
v -0.039823 -0.042465 -0.100202
v -0.036624 -0.045266 -0.100202
v -0.033229 -0.047822 -0.100202
v -0.029655 -0.050125 -0.100202
v -0.025924 -0.052162 -0.100202
v -0.022054 -0.053921 -0.100203
v -0.018064 -0.055390 -0.100203
v -0.013979 -0.056563 -0.100203
v -0.009906 -0.057420 -0.100203
v -0.005661 -0.057997 -0.100203
v -0.001361 -0.058258 -0.100203
v 0.002728 -0.058210 -0.100203
v 0.007168 -0.057828 -0.100203
v 0.011396 -0.057142 -0.100203
v 0.015457 -0.056176 -0.100203
v 0.019511 -0.054896 -0.100203
v 0.023622 -0.053250 -0.100203
v 0.027165 -0.051523 -0.100203
v 0.030960 -0.049327 -0.100203
v 0.034471 -0.046932 -0.100203
v 0.037798 -0.044286 -0.100203
v 0.041483 -0.035664 -0.100203
v 0.041483 -0.023776 -0.100203
v 0.035557 -0.029720 -0.100203
v 0.047409 -0.029720 -0.100203
v 0.041483 -0.029720 -0.100203
v 0.053336 -0.011888 -0.100203
v 0.047409 -0.017832 -0.100203
v 0.053336 -0.017832 -0.100203
v 0.053336 -0.000000 -0.100203
v 0.047409 -0.005944 -0.100203
v 0.053336 -0.005944 -0.100203
v 0.053336 0.011888 -0.100203
v 0.047409 0.005944 -0.100203
v 0.053336 0.005944 -0.100203
v 0.047409 0.017832 -0.100203
v 0.053336 0.017832 -0.100203
v 0.047409 0.029720 -0.100203
v 0.041483 0.035664 -0.100203
v 0.035557 0.029720 -0.100203
v 0.041483 0.023776 -0.100203
v 0.041483 0.029720 -0.100203
v -0.017779 0.047552 -0.100203
v -0.011853 0.053495 -0.100203
v -0.017779 0.053495 -0.100203
v -0.041484 0.035664 -0.100202
v -0.047410 0.029720 -0.100202
v -0.041484 0.023776 -0.100202
v -0.035557 0.029720 -0.100202
v -0.041484 0.029720 -0.100202
v -0.053336 0.011888 -0.100202
v -0.047410 0.017832 -0.100202
v -0.053336 0.017832 -0.100202
v -0.053336 -0.000000 -0.100202
v -0.047410 0.005944 -0.100202
v -0.053336 0.005944 -0.100202
v -0.053336 -0.011888 -0.100202
v -0.047410 -0.005944 -0.100202
v -0.053336 -0.005944 -0.100202
v -0.047410 -0.017832 -0.100202
v -0.053336 -0.017832 -0.100202
v -0.047410 -0.029720 -0.100202
v -0.041484 -0.023776 -0.100202
v -0.041484 -0.035664 -0.100202
v -0.035557 -0.029720 -0.100202
v -0.041484 -0.029720 -0.100202
v 0.017778 -0.047552 -0.100203
v 0.011852 -0.053495 -0.100203
v 0.017778 -0.053495 -0.100203
v 0.026624 -0.044450 -0.136508
v 0.008874 -0.044450 -0.136508
v -0.008875 -0.044450 -0.136508
v -0.026625 -0.044450 -0.136508
v 0.044373 -0.026670 -0.136508
v 0.026624 -0.026670 -0.136508
v 0.008874 -0.026670 -0.136508
v -0.008875 -0.026670 -0.136508
v -0.026625 -0.026670 -0.136508
v -0.044374 -0.026670 -0.136509
v 0.044373 -0.008890 -0.136508
v 0.026624 -0.008890 -0.136508
v 0.008874 -0.008890 -0.136508
v -0.008875 -0.008890 -0.136508
v -0.026625 -0.008890 -0.136508
v -0.044374 -0.008890 -0.136509
v 0.044373 0.008890 -0.136508
v 0.026624 0.008890 -0.136508
v 0.008874 0.008890 -0.136508
v -0.008875 0.008890 -0.136508
v -0.026625 0.008890 -0.136508
v -0.044374 0.008890 -0.136509
v 0.044373 0.026670 -0.136508
v 0.026624 0.026670 -0.136508
v 0.008874 0.026670 -0.136508
v -0.008875 0.026670 -0.136508
v -0.026625 0.026670 -0.136508
v -0.044374 0.026670 -0.136509
v 0.026624 0.044450 -0.136508
v 0.008874 0.044450 -0.136508
v -0.008875 0.044450 -0.136508
v -0.026625 0.044450 -0.136508
v 0.000000 0.062229 -0.136508
v -0.003729 0.062118 -0.136508
v -0.007445 0.061781 -0.136508
v -0.011133 0.061222 -0.136508
v -0.014782 0.060443 -0.136508
v -0.018377 0.059447 -0.136508
v -0.021906 0.058237 -0.136508
v -0.025356 0.056817 -0.136508
v -0.028714 0.055191 -0.136508
v -0.031968 0.053367 -0.136508
v -0.035108 0.051352 -0.136509
v -0.038121 0.049152 -0.136509
v -0.040997 0.046775 -0.136509
v -0.043723 0.044228 -0.136509
v -0.008875 0.053340 -0.136508
v 0.000000 0.044450 -0.136508
v 0.008874 0.053340 -0.136508
v 0.000000 0.053340 -0.136508
v -0.017750 0.044450 -0.136508
v -0.017750 0.053340 -0.136508
v -0.035499 0.044450 -0.136509
v -0.044374 0.035560 -0.136509
v -0.035499 0.026670 -0.136509
v -0.026625 0.035560 -0.136508
v -0.035499 0.035560 -0.136509
v 0.000000 -0.062229 -0.136508
v 0.003728 -0.062118 -0.136508
v 0.007444 -0.061781 -0.136508
v 0.011132 -0.061222 -0.136508
v 0.014781 -0.060443 -0.136508
v 0.018376 -0.059447 -0.136508
v 0.021905 -0.058237 -0.136508
v 0.025355 -0.056817 -0.136508
v 0.028713 -0.055191 -0.136508
v 0.031967 -0.053367 -0.136508
v 0.035107 -0.051352 -0.136508
v 0.038121 -0.049152 -0.136508
v 0.043722 -0.044228 -0.136508
v 0.000000 -0.044450 -0.136508
v -0.008875 -0.053340 -0.136508
v 0.008874 -0.053340 -0.136508
v 0.000000 -0.053340 -0.136508
v 0.017749 -0.044450 -0.136508
v 0.017749 -0.053340 -0.136508
v 0.035499 -0.044450 -0.136508
v -0.062124 0.000001 -0.136509
v -0.062010 -0.003780 -0.136509
v -0.061667 -0.007547 -0.136509
v -0.061096 -0.011286 -0.136509
v -0.060301 -0.014984 -0.136509
v -0.059284 -0.018627 -0.136509
v -0.058048 -0.022201 -0.136509
v -0.056595 -0.025693 -0.136509
v -0.054933 -0.029090 -0.136509
v -0.053068 -0.032379 -0.136509
v -0.051007 -0.035550 -0.136509
v -0.048758 -0.038590 -0.136509
v -0.046328 -0.041487 -0.136509
v -0.043723 -0.044228 -0.136509
v -0.053249 0.008890 -0.136509
v -0.053249 -0.008890 -0.136509
v -0.044374 -0.000000 -0.136509
v -0.053249 -0.000000 -0.136509
v -0.053249 -0.026670 -0.136509
v -0.044374 -0.017780 -0.136509
v -0.053249 -0.017780 -0.136509
v -0.044374 -0.035560 -0.136509
v -0.035499 -0.026670 -0.136509
v -0.035499 -0.044450 -0.136509
v -0.026625 -0.035560 -0.136508
v -0.035499 -0.035560 -0.136509
v -0.046189 0.041639 -0.136509
v -0.048502 0.038911 -0.136509
v -0.050654 0.036055 -0.136509
v -0.052638 0.033079 -0.136509
v -0.054447 0.029995 -0.136509
v -0.056076 0.026811 -0.136509
v -0.057520 0.023538 -0.136509
v -0.059831 0.016772 -0.136509
v -0.053249 0.026670 -0.136509
v -0.044374 0.017780 -0.136509
v -0.053249 0.017780 -0.136509
v 0.062123 0.000001 -0.136508
v 0.062031 0.003395 -0.136508
v 0.061754 0.006779 -0.136508
v 0.061295 0.010143 -0.136508
v 0.059831 0.016772 -0.136508
v 0.053248 0.008890 -0.136508
v 0.044373 -0.000000 -0.136508
v 0.053248 -0.008890 -0.136508
v 0.053248 -0.000000 -0.136508
v 0.053248 0.026670 -0.136508
v 0.044373 0.017780 -0.136508
v 0.053248 0.017780 -0.136508
v 0.058774 0.020189 -0.136508
v 0.057520 0.023539 -0.136508
v 0.056075 0.026810 -0.136508
v 0.054445 0.029993 -0.136508
v 0.052636 0.033078 -0.136508
v 0.050653 0.036054 -0.136508
v 0.048502 0.038911 -0.136508
v 0.046190 0.041639 -0.136508
v 0.043722 0.044228 -0.136508
v 0.044373 0.035560 -0.136508
v 0.035499 0.044450 -0.136508
v 0.026624 0.035560 -0.136508
v 0.035499 0.026670 -0.136508
v 0.035499 0.035560 -0.136508
v 0.040996 0.046775 -0.136508
v 0.038168 0.049114 -0.136508
v 0.035107 0.051352 -0.136508
v 0.031967 0.053367 -0.136508
v 0.028713 0.055191 -0.136508
v 0.025355 0.056817 -0.136508
v 0.021905 0.058237 -0.136508
v 0.018376 0.059447 -0.136508
v 0.014781 0.060443 -0.136508
v 0.011132 0.061222 -0.136508
v 0.007444 0.061782 -0.136508
v 0.003729 0.062119 -0.136508
v 0.017749 0.044450 -0.136508
v 0.017749 0.053340 -0.136508
v -0.060654 0.013478 -0.136509
v -0.061295 0.010144 -0.136509
v -0.061755 0.006779 -0.136509
v -0.062032 0.003395 -0.136509
v -0.040997 -0.046775 -0.136509
v -0.038121 -0.049152 -0.136509
v -0.035108 -0.051352 -0.136509
v -0.031968 -0.053367 -0.136508
v -0.028713 -0.055191 -0.136508
v -0.025356 -0.056817 -0.136508
v -0.021906 -0.058237 -0.136508
v -0.018377 -0.059447 -0.136508
v -0.014782 -0.060443 -0.136508
v -0.011133 -0.061222 -0.136508
v -0.007445 -0.061781 -0.136508
v -0.003729 -0.062118 -0.136508
v -0.017750 -0.044450 -0.136508
v -0.017750 -0.053340 -0.136508
v 0.046327 -0.041487 -0.136508
v 0.048757 -0.038590 -0.136508
v 0.051006 -0.035550 -0.136508
v 0.053067 -0.032379 -0.136508
v 0.054932 -0.029089 -0.136508
v 0.056595 -0.025693 -0.136508
v 0.058047 -0.022201 -0.136508
v 0.059283 -0.018627 -0.136508
v 0.060300 -0.014984 -0.136508
v 0.061095 -0.011286 -0.136508
v 0.061666 -0.007547 -0.136508
v 0.062009 -0.003780 -0.136508
v 0.035499 -0.026670 -0.136508
v 0.026624 -0.035560 -0.136508
v 0.044373 -0.035560 -0.136508
v 0.035499 -0.035560 -0.136508
v 0.053248 -0.026670 -0.136508
v 0.044373 -0.017780 -0.136508
v 0.053248 -0.017780 -0.136508
v 0.000000 -0.063709 -0.134762
v 0.000000 -0.062229 -0.136508
v 0.003816 -0.063563 -0.135402
v 0.003797 -0.063246 -0.135995
v 0.003764 -0.062709 -0.136387
v 0.003728 -0.062118 -0.136508
v 0.007617 -0.063219 -0.135401
v 0.007579 -0.062904 -0.135994
v 0.007515 -0.062369 -0.136387
v 0.007444 -0.061781 -0.136508
v 0.011392 -0.062646 -0.135400
v 0.011335 -0.062334 -0.135994
v 0.011239 -0.061805 -0.136386
v 0.011132 -0.061222 -0.136508
v 0.015126 -0.061850 -0.135399
v 0.015050 -0.061542 -0.135993
v 0.014922 -0.061018 -0.136386
v 0.014781 -0.060443 -0.136508
v 0.018805 -0.060831 -0.135397
v 0.018711 -0.060528 -0.135992
v 0.018552 -0.060014 -0.136386
v 0.018376 -0.059447 -0.136508
v 0.022416 -0.059593 -0.135396
v 0.022305 -0.059297 -0.135992
v 0.022115 -0.058793 -0.136386
v 0.021905 -0.058237 -0.136508
v 0.025947 -0.058140 -0.135394
v 0.025818 -0.057851 -0.135991
v 0.025597 -0.057359 -0.136386
v 0.025355 -0.056817 -0.136508
v 0.029383 -0.056477 -0.135392
v 0.029237 -0.056197 -0.135990
v 0.028987 -0.055718 -0.136385
v 0.028713 -0.055191 -0.136508
v 0.032714 -0.054611 -0.135390
v 0.032552 -0.054340 -0.135989
v 0.032273 -0.053877 -0.136385
v 0.031967 -0.053367 -0.136508
v 0.035927 -0.052549 -0.135387
v 0.035749 -0.052289 -0.135987
v 0.035444 -0.051843 -0.136385
v 0.035107 -0.051352 -0.136508
v 0.039012 -0.050298 -0.135384
v 0.038819 -0.050050 -0.135986
v 0.038486 -0.049623 -0.136385
v 0.038121 -0.049152 -0.136508
v 0.041955 -0.047867 -0.135381
v 0.041748 -0.047631 -0.135985
v 0.041390 -0.047224 -0.136384
v 0.044760 -0.045275 -0.134731
v 0.043722 -0.044228 -0.136508
v 0.000000 -0.062831 -0.136382
v 0.000000 -0.063374 -0.135978
v 0.000000 -0.063684 -0.135376
v 0.003746 -0.062409 -0.136480
v 0.001883 -0.062794 -0.136387
v 0.001874 -0.062494 -0.136480
v 0.003781 -0.062996 -0.136223
v 0.001899 -0.063332 -0.135995
v 0.001891 -0.063081 -0.136224
v 0.003808 -0.063440 -0.135712
v 0.001908 -0.063649 -0.135402
v 0.001905 -0.063526 -0.135713
v 0.003819 -0.063614 -0.135071
v 0.001910 -0.063700 -0.135072
v 0.044750 -0.045265 -0.135352
v 0.044535 -0.045048 -0.135966
v 0.044150 -0.044660 -0.136380
v 0.043370 -0.046585 -0.135380
v 0.041986 -0.047902 -0.135047
v 0.043402 -0.046619 -0.135045
v 0.043156 -0.046356 -0.135984
v 0.041876 -0.047776 -0.135697
v 0.043288 -0.046497 -0.135696
v 0.042786 -0.045959 -0.136384
v 0.041581 -0.047442 -0.136218
v 0.042984 -0.046171 -0.136218
v 0.041190 -0.046996 -0.136479
v 0.042579 -0.045738 -0.136479
v 0.001227 -0.063698 -0.134762
v 0.002788 -0.063649 -0.134762
v 0.004349 -0.063561 -0.134761
v 0.005905 -0.063434 -0.134761
v 0.007459 -0.063270 -0.134761
v 0.009008 -0.063067 -0.134760
v 0.010552 -0.062826 -0.134760
v 0.012089 -0.062547 -0.134759
v 0.013620 -0.062231 -0.134759
v 0.015141 -0.061877 -0.134758
v 0.016654 -0.061487 -0.134757
v 0.018157 -0.061059 -0.134757
v 0.019649 -0.060595 -0.134756
v 0.021128 -0.060094 -0.134755
v 0.022595 -0.059557 -0.134754
v 0.024048 -0.058984 -0.134753
v 0.025487 -0.058375 -0.134752
v 0.026910 -0.057730 -0.134751
v 0.028318 -0.057051 -0.134750
v 0.029707 -0.056337 -0.134749
v 0.031079 -0.055590 -0.134747
v 0.032432 -0.054809 -0.134746
v 0.033766 -0.053996 -0.134745
v 0.035079 -0.053150 -0.134744
v 0.036372 -0.052272 -0.134742
v 0.037643 -0.051363 -0.134741
v 0.038891 -0.050422 -0.134739
v 0.040115 -0.049452 -0.134738
v 0.041314 -0.048451 -0.134736
v 0.042490 -0.047421 -0.134734
v 0.043638 -0.046363 -0.134733
v 0.044202 -0.045822 -0.134732
v 0.044482 -0.045550 -0.134731
v 0.044095 -0.045961 -0.135044
v 0.043399 -0.046615 -0.134885
v 0.044092 -0.045958 -0.134884
v -0.063587 0.000001 -0.134678
v -0.062124 0.000001 -0.136509
v -0.063471 -0.003868 -0.135339
v -0.063164 -0.003849 -0.135964
v -0.062616 -0.003816 -0.136380
v -0.062010 -0.003780 -0.136509
v -0.063119 -0.007723 -0.135340
v -0.062814 -0.007686 -0.135965
v -0.062269 -0.007620 -0.136380
v -0.061667 -0.007547 -0.136509
v -0.062534 -0.011550 -0.135342
v -0.062232 -0.011495 -0.135966
v -0.061693 -0.011396 -0.136381
v -0.061096 -0.011286 -0.136509
v -0.061720 -0.015335 -0.135345
v -0.061421 -0.015261 -0.135967
v -0.060889 -0.015130 -0.136381
v -0.060301 -0.014984 -0.136509
v -0.060678 -0.019063 -0.135349
v -0.060384 -0.018971 -0.135969
v -0.059861 -0.018808 -0.136381
v -0.059284 -0.018627 -0.136509
v -0.059412 -0.022720 -0.135352
v -0.059123 -0.022610 -0.135971
v -0.058612 -0.022416 -0.136382
v -0.058048 -0.022201 -0.136509
v -0.057925 -0.026293 -0.135356
v -0.057643 -0.026166 -0.135973
v -0.057145 -0.025941 -0.136382
v -0.056595 -0.025693 -0.136509
v -0.056223 -0.029770 -0.135360
v -0.055948 -0.029625 -0.135975
v -0.055465 -0.029371 -0.136382
v -0.054933 -0.029090 -0.136509
v -0.054313 -0.033136 -0.135365
v -0.054047 -0.032975 -0.135977
v -0.053581 -0.032692 -0.136383
v -0.053068 -0.032379 -0.136509
v -0.052203 -0.036381 -0.135369
v -0.051947 -0.036203 -0.135979
v -0.051500 -0.035892 -0.136383
v -0.051007 -0.035550 -0.136509
v -0.049901 -0.039491 -0.135373
v -0.049655 -0.039297 -0.135981
v -0.049229 -0.038961 -0.136384
v -0.048758 -0.038590 -0.136509
v -0.047413 -0.042455 -0.135376
v -0.047179 -0.042246 -0.135982
v -0.046774 -0.041885 -0.136384
v -0.046328 -0.041487 -0.136509
v -0.044761 -0.045275 -0.134731
v -0.043723 -0.044228 -0.136509
v -0.044751 -0.045265 -0.135352
v -0.044536 -0.045048 -0.135966
v -0.044151 -0.044660 -0.136380
v -0.046102 -0.043878 -0.135378
v -0.047447 -0.042485 -0.135040
v -0.046135 -0.043910 -0.135043
v -0.045874 -0.043662 -0.135983
v -0.047324 -0.042375 -0.135694
v -0.046015 -0.043795 -0.135695
v -0.045481 -0.043289 -0.136384
v -0.046991 -0.042078 -0.136217
v -0.045691 -0.043488 -0.136218
v -0.046548 -0.041683 -0.136479
v -0.045260 -0.043080 -0.136479
v -0.062742 0.000001 -0.136375
v -0.063295 0.000001 -0.135945
v -0.063593 0.000001 -0.135310
v -0.062308 -0.003798 -0.136479
v -0.062703 -0.001908 -0.136380
v -0.062395 -0.001899 -0.136479
v -0.062910 -0.003834 -0.136207
v -0.063252 -0.001925 -0.135964
v -0.062998 -0.001917 -0.136207
v -0.063356 -0.003861 -0.135665
v -0.063558 -0.001934 -0.135339
v -0.063444 -0.001931 -0.135665
v -0.063507 -0.003870 -0.134996
v -0.063595 -0.001936 -0.134995
v -0.063527 -0.002789 -0.134678
v -0.063440 -0.004349 -0.134679
v -0.063314 -0.005906 -0.134679
v -0.063151 -0.007460 -0.134680
v -0.062950 -0.009009 -0.134681
v -0.062711 -0.010553 -0.134682
v -0.062434 -0.012091 -0.134684
v -0.062121 -0.013621 -0.134685
v -0.061770 -0.015144 -0.134687
v -0.061382 -0.016657 -0.134688
v -0.060957 -0.018160 -0.134690
v -0.060496 -0.019653 -0.134692
v -0.059998 -0.021134 -0.134694
v -0.059464 -0.022602 -0.134696
v -0.058894 -0.024057 -0.134698
v -0.058288 -0.025497 -0.134700
v -0.057647 -0.026922 -0.134702
v -0.056971 -0.028330 -0.134704
v -0.056260 -0.029722 -0.134706
v -0.055516 -0.031096 -0.134708
v -0.054739 -0.032451 -0.134711
v -0.053928 -0.033786 -0.134713
v -0.053086 -0.035101 -0.134715
v -0.052211 -0.036396 -0.134717
v -0.051305 -0.037669 -0.134719
v -0.050367 -0.038919 -0.134721
v -0.049400 -0.040145 -0.134723
v -0.048402 -0.041348 -0.134725
v -0.047375 -0.042525 -0.134727
v -0.046319 -0.043677 -0.134729
v -0.045234 -0.044801 -0.134731
v 0.000000 0.063709 -0.134762
v 0.000000 0.062229 -0.136508
v -0.003816 0.063563 -0.135402
v -0.003797 0.063246 -0.135995
v -0.003765 0.062709 -0.136387
v -0.003729 0.062118 -0.136508
v -0.007618 0.063219 -0.135401
v -0.007580 0.062904 -0.135994
v -0.007516 0.062369 -0.136387
v -0.007445 0.061781 -0.136508
v -0.011393 0.062646 -0.135400
v -0.011336 0.062334 -0.135994
v -0.011239 0.061805 -0.136387
v -0.011133 0.061222 -0.136508
v -0.015127 0.061850 -0.135399
v -0.015051 0.061542 -0.135993
v -0.014923 0.061018 -0.136386
v -0.014782 0.060443 -0.136508
v -0.018806 0.060831 -0.135398
v -0.018712 0.060528 -0.135993
v -0.018553 0.060014 -0.136386
v -0.018377 0.059447 -0.136508
v -0.022417 0.059593 -0.135396
v -0.022306 0.059297 -0.135992
v -0.022115 0.058793 -0.136386
v -0.021906 0.058237 -0.136508
v -0.025948 0.058140 -0.135394
v -0.025819 0.057851 -0.135991
v -0.025598 0.057359 -0.136386
v -0.025356 0.056817 -0.136508
v -0.029384 0.056477 -0.135392
v -0.029238 0.056197 -0.135990
v -0.028988 0.055718 -0.136386
v -0.028714 0.055191 -0.136508
v -0.032715 0.054611 -0.135390
v -0.032552 0.054340 -0.135989
v -0.032274 0.053877 -0.136386
v -0.031968 0.053367 -0.136508
v -0.035928 0.052549 -0.135387
v -0.035750 0.052289 -0.135988
v -0.035444 0.051843 -0.136385
v -0.035108 0.051352 -0.136509
v -0.039013 0.050298 -0.135385
v -0.038820 0.050050 -0.135986
v -0.038487 0.049623 -0.136385
v -0.038121 0.049152 -0.136509
v -0.041956 0.047867 -0.135382
v -0.041749 0.047631 -0.135985
v -0.041391 0.047224 -0.136385
v -0.040997 0.046775 -0.136509
v -0.044761 0.045275 -0.134731
v -0.043723 0.044228 -0.136509
v -0.044751 0.045265 -0.135352
v -0.044536 0.045048 -0.135966
v -0.044151 0.044660 -0.136380
v -0.043371 0.046585 -0.135380
v -0.041987 0.047902 -0.135048
v -0.043403 0.046619 -0.135046
v -0.043157 0.046356 -0.135984
v -0.041876 0.047776 -0.135698
v -0.043289 0.046497 -0.135696
v -0.042787 0.045959 -0.136385
v -0.041582 0.047441 -0.136218
v -0.042985 0.046171 -0.136218
v -0.041191 0.046996 -0.136479
v -0.042580 0.045738 -0.136479
v 0.000000 0.062831 -0.136382
v 0.000000 0.063374 -0.135978
v 0.000000 0.063684 -0.135376
v -0.003747 0.062409 -0.136480
v -0.001884 0.062794 -0.136387
v -0.001875 0.062494 -0.136480
v -0.003782 0.062996 -0.136224
v -0.001900 0.063332 -0.135995
v -0.001892 0.063081 -0.136224
v -0.003809 0.063440 -0.135712
v -0.001909 0.063649 -0.135402
v -0.001906 0.063526 -0.135713
v -0.003819 0.063614 -0.135071
v -0.001911 0.063700 -0.135072
v -0.002789 0.063648 -0.134762
v -0.004349 0.063560 -0.134761
v -0.005907 0.063434 -0.134761
v -0.007460 0.063269 -0.134761
v -0.009009 0.063066 -0.134760
v -0.010553 0.062825 -0.134760
v -0.012090 0.062547 -0.134759
v -0.013620 0.062231 -0.134759
v -0.015142 0.061877 -0.134758
v -0.016655 0.061487 -0.134757
v -0.018157 0.061059 -0.134757
v -0.019649 0.060595 -0.134756
v -0.021129 0.060094 -0.134755
v -0.022596 0.059557 -0.134754
v -0.024049 0.058983 -0.134753
v -0.025488 0.058374 -0.134752
v -0.026911 0.057730 -0.134751
v -0.028318 0.057050 -0.134750
v -0.029708 0.056337 -0.134749
v -0.031080 0.055590 -0.134748
v -0.032433 0.054809 -0.134746
v -0.033767 0.053996 -0.134745
v -0.035080 0.053150 -0.134744
v -0.036373 0.052272 -0.134743
v -0.037643 0.051362 -0.134741
v -0.038891 0.050422 -0.134740
v -0.040115 0.049452 -0.134738
v -0.041315 0.048451 -0.134737
v -0.042490 0.047421 -0.134735
v -0.043639 0.046362 -0.134733
v -0.044761 0.045275 -0.134731
v -0.044096 0.045961 -0.135045
v -0.043400 0.046615 -0.134886
v -0.044093 0.045958 -0.134885
v -0.044435 0.045625 -0.134884
v -0.044087 0.045952 -0.134808
v -0.044430 0.045619 -0.134807
v -0.044600 0.045452 -0.134807
v -0.044426 0.045615 -0.134769
v -0.044596 0.045448 -0.134769
v -0.044681 0.045364 -0.134769
v -0.044594 0.045446 -0.134750
v -0.044679 0.045362 -0.134750
v -0.044721 0.045320 -0.134750
v -0.044678 0.045360 -0.134741
v -0.044720 0.045318 -0.134741
v -0.044741 0.045297 -0.134741
v -0.044719 0.045318 -0.134736
v -0.044741 0.045297 -0.134736
v -0.044751 0.045286 -0.134736
v -0.044740 0.045296 -0.134734
v -0.044751 0.045286 -0.134734
v -0.044756 0.045281 -0.134734
v -0.044751 0.045286 -0.134733
v -0.044756 0.045281 -0.134733
v -0.044759 0.045278 -0.134733
v -0.044756 0.045280 -0.134732
v -0.044759 0.045278 -0.134732
v -0.044760 0.045277 -0.134732
v -0.044759 0.045278 -0.134732
v -0.044760 0.045276 -0.134732
v -0.044761 0.045275 -0.134731
v -0.043723 0.044228 -0.136509
v -0.047271 0.042611 -0.135376
v -0.047038 0.042401 -0.135982
v -0.046634 0.042038 -0.136384
v -0.046189 0.041639 -0.136509
v -0.049638 0.039820 -0.135373
v -0.049394 0.039624 -0.135981
v -0.048970 0.039285 -0.136384
v -0.048502 0.038911 -0.136509
v -0.051841 0.036897 -0.135369
v -0.051587 0.036716 -0.135979
v -0.051143 0.036402 -0.136383
v -0.050654 0.036055 -0.136509
v -0.053873 0.033852 -0.135365
v -0.053609 0.033687 -0.135977
v -0.053147 0.033398 -0.136383
v -0.052638 0.033079 -0.136509
v -0.055726 0.030696 -0.135361
v -0.055453 0.030546 -0.135975
v -0.054975 0.030284 -0.136383
v -0.054447 0.029995 -0.136509
v -0.057393 0.027438 -0.135357
v -0.057113 0.027305 -0.135973
v -0.056621 0.027070 -0.136382
v -0.056076 0.026811 -0.136509
v -0.058872 0.024089 -0.135354
v -0.058585 0.023972 -0.135971
v -0.058079 0.023766 -0.136382
v -0.057520 0.023538 -0.136509
v -0.060155 0.020661 -0.135350
v -0.059863 0.020561 -0.135969
v -0.059345 0.020384 -0.136381
v -0.061243 0.017166 -0.134689
v -0.059831 0.016772 -0.136509
v -0.044151 0.044660 -0.136380
v -0.044536 0.045048 -0.135966
v -0.044751 0.045265 -0.135352
v -0.046408 0.041836 -0.136479
v -0.045408 0.043363 -0.136384
v -0.045188 0.043154 -0.136479
v -0.046850 0.042233 -0.136217
v -0.045801 0.043738 -0.135983
v -0.045618 0.043564 -0.136217
v -0.047182 0.042531 -0.135694
v -0.046028 0.043954 -0.135378
v -0.045941 0.043871 -0.135695
v -0.047305 0.042641 -0.135040
v -0.046061 0.043985 -0.135042
v -0.061245 0.017166 -0.135319
v -0.060957 0.017086 -0.135949
v -0.060425 0.016937 -0.136376
v -0.060722 0.018920 -0.135348
v -0.060192 0.020673 -0.135009
v -0.060760 0.018932 -0.135007
v -0.060428 0.018829 -0.135968
v -0.060045 0.020623 -0.135674
v -0.060612 0.018886 -0.135672
v -0.059905 0.018667 -0.136381
v -0.059623 0.020479 -0.136210
v -0.060185 0.018754 -0.136209
v -0.059055 0.020285 -0.136479
v -0.059611 0.018576 -0.136479
v -0.045857 0.044161 -0.134730
v -0.046924 0.043021 -0.134728
v -0.047964 0.041855 -0.134726
v -0.048974 0.040663 -0.134724
v -0.049955 0.039447 -0.134722
v -0.050906 0.038207 -0.134720
v -0.051826 0.036944 -0.134718
v -0.052715 0.035659 -0.134716
v -0.053572 0.034353 -0.134714
v -0.054397 0.033026 -0.134712
v -0.055188 0.031680 -0.134709
v -0.055946 0.030314 -0.134707
v -0.056671 0.028929 -0.134705
v -0.057361 0.027528 -0.134703
v -0.058017 0.026110 -0.134701
v -0.058637 0.024676 -0.134699
v -0.059223 0.023227 -0.134697
v -0.059773 0.021765 -0.134695
v -0.060286 0.020290 -0.134693
v -0.060764 0.018802 -0.134691
v 0.063586 0.000001 -0.134677
v 0.062123 0.000001 -0.136508
v 0.063492 0.003474 -0.135338
v 0.063186 0.003458 -0.135963
v 0.062637 0.003428 -0.136380
v 0.062031 0.003395 -0.136508
v 0.063209 0.006938 -0.135339
v 0.062903 0.006905 -0.135964
v 0.062358 0.006845 -0.136380
v 0.061754 0.006779 -0.136508
v 0.062738 0.010381 -0.135341
v 0.062435 0.010331 -0.135965
v 0.061893 0.010242 -0.136380
v 0.061295 0.010143 -0.136508
v 0.062080 0.013793 -0.135343
v 0.061780 0.013727 -0.135966
v 0.061245 0.013608 -0.136380
v 0.061242 0.017166 -0.134688
v 0.059831 0.016772 -0.136508
v 0.061244 0.017166 -0.135318
v 0.060956 0.017086 -0.135949
v 0.060424 0.016937 -0.136376
v 0.061682 0.015484 -0.135345
v 0.062118 0.013801 -0.135001
v 0.061720 0.015494 -0.135003
v 0.061384 0.015410 -0.135966
v 0.061968 0.013768 -0.135669
v 0.061570 0.015456 -0.135670
v 0.060852 0.015277 -0.136380
v 0.061532 0.013672 -0.136208
v 0.061137 0.015348 -0.136208
v 0.060944 0.013542 -0.136478
v 0.060554 0.015203 -0.136478
v 0.062741 0.000001 -0.136375
v 0.063295 0.000001 -0.135945
v 0.063592 0.000001 -0.135309
v 0.062329 0.003411 -0.136478
v 0.062707 0.001715 -0.136379
v 0.062399 0.001707 -0.136478
v 0.062932 0.003444 -0.136206
v 0.063256 0.001730 -0.135963
v 0.063002 0.001723 -0.136206
v 0.063377 0.003468 -0.135665
v 0.063563 0.001738 -0.135338
v 0.063448 0.001735 -0.135665
v 0.063528 0.003476 -0.134995
v 0.063599 0.001739 -0.134995
v 0.063569 0.001479 -0.134678
v 0.063518 0.002956 -0.134678
v 0.063432 0.004432 -0.134678
v 0.063313 0.005906 -0.134679
v 0.063150 0.007460 -0.134680
v 0.062949 0.009009 -0.134681
v 0.062710 0.010553 -0.134682
v 0.062434 0.012091 -0.134683
v 0.062175 0.013369 -0.134684
v 0.061890 0.014641 -0.134685
v 0.061579 0.015906 -0.134687
v 0.061242 0.017166 -0.134688
v 0.059831 0.016772 -0.136508
v 0.060156 0.020661 -0.135349
v 0.059864 0.020561 -0.135969
v 0.059346 0.020384 -0.136381
v 0.058774 0.020189 -0.136508
v 0.058872 0.024089 -0.135353
v 0.058586 0.023972 -0.135971
v 0.058080 0.023766 -0.136381
v 0.057520 0.023539 -0.136508
v 0.057392 0.027437 -0.135357
v 0.057112 0.027304 -0.135973
v 0.056620 0.027070 -0.136382
v 0.056075 0.026810 -0.136508
v 0.055723 0.030695 -0.135361
v 0.055451 0.030546 -0.135974
v 0.054973 0.030283 -0.136382
v 0.054445 0.029993 -0.136508
v 0.053870 0.033851 -0.135365
v 0.053606 0.033686 -0.135976
v 0.053145 0.033397 -0.136382
v 0.052636 0.033078 -0.136508
v 0.051840 0.036896 -0.135369
v 0.051586 0.036716 -0.135978
v 0.051142 0.036401 -0.136383
v 0.050653 0.036054 -0.136508
v 0.049639 0.039820 -0.135372
v 0.049395 0.039624 -0.135980
v 0.048971 0.039285 -0.136383
v 0.048502 0.038911 -0.136508
v 0.047272 0.042611 -0.135376
v 0.047039 0.042401 -0.135982
v 0.046636 0.042039 -0.136384
v 0.046190 0.041639 -0.136508
v 0.044760 0.045275 -0.134731
v 0.043722 0.044228 -0.136508
v 0.060424 0.016937 -0.136376
v 0.060956 0.017086 -0.135949
v 0.061244 0.017166 -0.135318
v 0.059056 0.020285 -0.136478
v 0.059905 0.018667 -0.136381
v 0.059612 0.018576 -0.136478
v 0.059624 0.020479 -0.136209
v 0.060428 0.018829 -0.135968
v 0.060186 0.018754 -0.136209
v 0.060047 0.020623 -0.135673
v 0.060723 0.018921 -0.135348
v 0.060612 0.018886 -0.135672
v 0.060193 0.020674 -0.135008
v 0.060760 0.018932 -0.135006
v 0.044750 0.045265 -0.135352
v 0.044535 0.045048 -0.135966
v 0.044150 0.044660 -0.136380
v 0.046029 0.043954 -0.135378
v 0.047306 0.042642 -0.135040
v 0.046062 0.043986 -0.135042
v 0.045802 0.043738 -0.135983
v 0.047183 0.042531 -0.135693
v 0.045942 0.043871 -0.135694
v 0.045409 0.043364 -0.136384
v 0.046852 0.042233 -0.136217
v 0.045619 0.043564 -0.136217
v 0.046410 0.041836 -0.136479
v 0.045189 0.043155 -0.136479
v 0.060957 0.018161 -0.134689
v 0.060496 0.019654 -0.134691
v 0.059998 0.021134 -0.134693
v 0.059464 0.022602 -0.134695
v 0.058893 0.024057 -0.134697
v 0.058287 0.025497 -0.134699
v 0.057646 0.026921 -0.134701
v 0.056969 0.028330 -0.134704
v 0.056259 0.029721 -0.134706
v 0.055515 0.031095 -0.134708
v 0.054737 0.032450 -0.134710
v 0.053927 0.033786 -0.134712
v 0.053084 0.035102 -0.134714
v 0.052210 0.036396 -0.134717
v 0.051304 0.037669 -0.134719
v 0.050367 0.038919 -0.134721
v 0.049399 0.040146 -0.134723
v 0.048402 0.041348 -0.134725
v 0.047375 0.042526 -0.134727
v 0.046319 0.043677 -0.134729
v 0.045234 0.044801 -0.134730
v 0.044760 0.045275 -0.134731
v 0.043722 0.044228 -0.136508
v 0.041955 0.047866 -0.135381
v 0.041747 0.047630 -0.135985
v 0.041390 0.047223 -0.136384
v 0.040996 0.046775 -0.136508
v 0.039061 0.050260 -0.135384
v 0.038867 0.050012 -0.135986
v 0.038535 0.049585 -0.136385
v 0.038168 0.049114 -0.136508
v 0.035927 0.052549 -0.135387
v 0.035749 0.052289 -0.135987
v 0.035443 0.051843 -0.136385
v 0.035107 0.051352 -0.136508
v 0.032714 0.054611 -0.135390
v 0.032552 0.054340 -0.135989
v 0.032273 0.053877 -0.136385
v 0.031967 0.053367 -0.136508
v 0.029383 0.056477 -0.135392
v 0.029237 0.056197 -0.135990
v 0.028988 0.055718 -0.136385
v 0.028713 0.055191 -0.136508
v 0.025947 0.058140 -0.135394
v 0.025818 0.057852 -0.135991
v 0.025597 0.057359 -0.136386
v 0.025355 0.056817 -0.136508
v 0.022416 0.059593 -0.135396
v 0.022305 0.059297 -0.135992
v 0.022114 0.058792 -0.136386
v 0.021905 0.058237 -0.136508
v 0.018805 0.060830 -0.135397
v 0.018711 0.060528 -0.135992
v 0.018551 0.060013 -0.136386
v 0.018376 0.059447 -0.136508
v 0.015125 0.061849 -0.135399
v 0.015050 0.061541 -0.135993
v 0.014922 0.061018 -0.136386
v 0.014781 0.060443 -0.136508
v 0.011392 0.062647 -0.135400
v 0.011335 0.062335 -0.135994
v 0.011238 0.061805 -0.136386
v 0.011132 0.061222 -0.136508
v 0.007618 0.063219 -0.135401
v 0.007579 0.062904 -0.135994
v 0.007515 0.062369 -0.136387
v 0.007444 0.061782 -0.136508
v 0.003816 0.063564 -0.135402
v 0.003797 0.063247 -0.135995
v 0.003764 0.062709 -0.136387
v 0.003729 0.062119 -0.136508
v 0.000000 0.063709 -0.134762
v 0.000000 0.062229 -0.136508
v 0.044150 0.044660 -0.136380
v 0.044535 0.045048 -0.135966
v 0.044750 0.045265 -0.135352
v 0.041190 0.046996 -0.136479
v 0.042786 0.045959 -0.136384
v 0.042579 0.045737 -0.136479
v 0.041581 0.047441 -0.136218
v 0.043156 0.046355 -0.135984
v 0.042984 0.046171 -0.136218
v 0.041875 0.047776 -0.135697
v 0.043370 0.046585 -0.135380
v 0.043288 0.046497 -0.135696
v 0.041986 0.047901 -0.135047
v 0.043402 0.046619 -0.135045
v 0.000000 0.063684 -0.135376
v 0.000000 0.063374 -0.135978
v 0.000000 0.062831 -0.136382
v 0.001909 0.063649 -0.135402
v 0.003819 0.063615 -0.135071
v 0.001910 0.063700 -0.135072
v 0.001899 0.063332 -0.135995
v 0.003808 0.063441 -0.135712
v 0.001905 0.063526 -0.135713
v 0.001883 0.062794 -0.136387
v 0.003782 0.062996 -0.136223
v 0.001892 0.063081 -0.136224
v 0.003746 0.062410 -0.136480
v 0.001874 0.062494 -0.136480
v 0.044681 0.045353 -0.134731
v 0.044403 0.045627 -0.134732
v 0.044123 0.045899 -0.134732
v 0.042985 0.046971 -0.134734
v 0.041821 0.048013 -0.134735
v 0.040632 0.049026 -0.134737
v 0.039418 0.050009 -0.134739
v 0.038181 0.050963 -0.134740
v 0.036920 0.051885 -0.134742
v 0.035637 0.052777 -0.134743
v 0.034332 0.053637 -0.134744
v 0.033007 0.054464 -0.134746
v 0.031662 0.055259 -0.134747
v 0.030298 0.056021 -0.134748
v 0.028915 0.056749 -0.134749
v 0.027516 0.057443 -0.134750
v 0.026100 0.058102 -0.134751
v 0.024667 0.058727 -0.134752
v 0.023220 0.059315 -0.134753
v 0.021759 0.059868 -0.134754
v 0.020284 0.060384 -0.134755
v 0.018797 0.060864 -0.134756
v 0.017299 0.061307 -0.134757
v 0.015791 0.061714 -0.134758
v 0.014273 0.062083 -0.134758
v 0.012746 0.062416 -0.134759
v 0.011212 0.062711 -0.134760
v 0.009671 0.062968 -0.134760
v 0.008124 0.063187 -0.134761
v 0.006573 0.063368 -0.134761
v 0.005017 0.063511 -0.134761
v 0.003457 0.063616 -0.134762
v 0.001897 0.063681 -0.134762
v 0.000335 0.063708 -0.134762
v 0.043399 0.046615 -0.134885
v 0.044095 0.045961 -0.135044
v 0.044092 0.045958 -0.134884
v 0.044086 0.045952 -0.134807
v 0.044435 0.045625 -0.134884
v 0.044429 0.045619 -0.134807
v 0.044425 0.045615 -0.134769
v 0.044599 0.045452 -0.134806
v 0.044595 0.045448 -0.134769
v 0.000955 0.063722 -0.135072
v 0.001910 0.063699 -0.134913
v 0.000955 0.063720 -0.134913
v -0.061243 0.017166 -0.134689
v -0.059831 0.016772 -0.136509
v -0.062081 0.013793 -0.135344
v -0.061781 0.013727 -0.135966
v -0.061246 0.013609 -0.136381
v -0.060654 0.013478 -0.136509
v -0.062739 0.010381 -0.135342
v -0.062435 0.010331 -0.135965
v -0.061894 0.010242 -0.136380
v -0.061295 0.010144 -0.136509
v -0.063209 0.006938 -0.135340
v -0.062904 0.006905 -0.135964
v -0.062359 0.006845 -0.136380
v -0.061755 0.006779 -0.136509
v -0.063493 0.003474 -0.135339
v -0.063186 0.003458 -0.135964
v -0.062638 0.003428 -0.136380
v -0.062032 0.003395 -0.136509
v -0.063587 0.000001 -0.134678
v -0.062124 0.000001 -0.136509
v -0.063593 0.000001 -0.135310
v -0.063295 0.000001 -0.135945
v -0.062742 0.000001 -0.136375
v -0.063564 0.001738 -0.135339
v -0.063529 0.003476 -0.134996
v -0.063600 0.001739 -0.134995
v -0.063257 0.001730 -0.135964
v -0.063378 0.003468 -0.135665
v -0.063449 0.001735 -0.135665
v -0.062708 0.001715 -0.136380
v -0.062932 0.003444 -0.136207
v -0.063003 0.001723 -0.136207
v -0.062330 0.003411 -0.136479
v -0.062400 0.001707 -0.136479
v -0.060425 0.016937 -0.136376
v -0.060957 0.017086 -0.135949
v -0.061245 0.017166 -0.135319
v -0.060945 0.013542 -0.136479
v -0.060853 0.015277 -0.136381
v -0.060554 0.015203 -0.136479
v -0.061533 0.013672 -0.136208
v -0.061385 0.015410 -0.135967
v -0.061138 0.015348 -0.136209
v -0.061969 0.013768 -0.135669
v -0.061683 0.015484 -0.135345
v -0.061571 0.015456 -0.135670
v -0.062118 0.013801 -0.135002
v -0.061720 0.015494 -0.135003
v -0.061813 0.014967 -0.134686
v -0.062305 0.012748 -0.134684
v -0.062598 0.011213 -0.134683
v -0.062852 0.009672 -0.134682
v -0.063069 0.008125 -0.134681
v -0.063249 0.006573 -0.134680
v -0.063390 0.005017 -0.134679
v -0.063493 0.003458 -0.134679
v -0.063559 0.001897 -0.134678
v -0.063586 0.000335 -0.134678
v -0.063618 0.000870 -0.134995
v -0.063590 0.001739 -0.134832
v -0.063608 0.000870 -0.134832
v -0.044761 -0.045275 -0.134731
v -0.043723 -0.044228 -0.136509
v -0.041956 -0.047867 -0.135382
v -0.041749 -0.047631 -0.135985
v -0.041391 -0.047224 -0.136385
v -0.040997 -0.046775 -0.136509
v -0.039013 -0.050299 -0.135385
v -0.038819 -0.050050 -0.135986
v -0.038487 -0.049623 -0.136385
v -0.038121 -0.049152 -0.136509
v -0.035928 -0.052549 -0.135387
v -0.035750 -0.052289 -0.135988
v -0.035444 -0.051843 -0.136385
v -0.035108 -0.051352 -0.136509
v -0.032715 -0.054611 -0.135390
v -0.032552 -0.054340 -0.135989
v -0.032274 -0.053877 -0.136386
v -0.031968 -0.053367 -0.136508
v -0.029384 -0.056477 -0.135392
v -0.029238 -0.056197 -0.135990
v -0.028988 -0.055718 -0.136386
v -0.028713 -0.055191 -0.136508
v -0.025948 -0.058140 -0.135394
v -0.025818 -0.057851 -0.135991
v -0.025598 -0.057359 -0.136386
v -0.025356 -0.056817 -0.136508
v -0.022417 -0.059593 -0.135396
v -0.022306 -0.059297 -0.135992
v -0.022115 -0.058793 -0.136386
v -0.021906 -0.058237 -0.136508
v -0.018806 -0.060831 -0.135398
v -0.018712 -0.060529 -0.135993
v -0.018552 -0.060014 -0.136386
v -0.018377 -0.059447 -0.136508
v -0.015126 -0.061850 -0.135399
v -0.015051 -0.061542 -0.135993
v -0.014923 -0.061019 -0.136386
v -0.014782 -0.060443 -0.136508
v -0.011393 -0.062647 -0.135400
v -0.011336 -0.062335 -0.135994
v -0.011239 -0.061805 -0.136387
v -0.011133 -0.061222 -0.136508
v -0.007618 -0.063219 -0.135401
v -0.007580 -0.062904 -0.135994
v -0.007516 -0.062369 -0.136387
v -0.007445 -0.061781 -0.136508
v -0.003816 -0.063563 -0.135402
v -0.003797 -0.063246 -0.135995
v -0.003765 -0.062709 -0.136387
v -0.003729 -0.062118 -0.136508
v 0.000000 -0.063709 -0.134762
v 0.000000 -0.062229 -0.136508
v -0.044151 -0.044660 -0.136380
v -0.044536 -0.045048 -0.135966
v -0.044751 -0.045265 -0.135352
v -0.041191 -0.046996 -0.136479
v -0.042787 -0.045959 -0.136385
v -0.042580 -0.045738 -0.136479
v -0.041582 -0.047442 -0.136218
v -0.043157 -0.046356 -0.135984
v -0.042985 -0.046171 -0.136218
v -0.041876 -0.047776 -0.135698
v -0.043371 -0.046585 -0.135380
v -0.043289 -0.046497 -0.135696
v -0.041987 -0.047902 -0.135048
v -0.043403 -0.046619 -0.135046
v 0.000000 -0.063684 -0.135376
v 0.000000 -0.063374 -0.135978
v 0.000000 -0.062831 -0.136382
v -0.001909 -0.063649 -0.135402
v -0.003819 -0.063614 -0.135071
v -0.001911 -0.063700 -0.135072
v -0.001900 -0.063332 -0.135995
v -0.003809 -0.063440 -0.135712
v -0.001906 -0.063526 -0.135713
v -0.001884 -0.062794 -0.136387
v -0.003782 -0.062996 -0.136224
v -0.001892 -0.063081 -0.136224
v -0.003747 -0.062409 -0.136480
v -0.001875 -0.062494 -0.136480
v -0.042986 -0.046971 -0.134734
v -0.041822 -0.048013 -0.134736
v -0.040633 -0.049026 -0.134737
v -0.039419 -0.050010 -0.134739
v -0.038181 -0.050963 -0.134741
v -0.036920 -0.051886 -0.134742
v -0.035637 -0.052777 -0.134743
v -0.034332 -0.053637 -0.134745
v -0.033008 -0.054464 -0.134746
v -0.031663 -0.055259 -0.134747
v -0.030299 -0.056021 -0.134748
v -0.028916 -0.056749 -0.134750
v -0.027516 -0.057443 -0.134751
v -0.026100 -0.058102 -0.134752
v -0.024668 -0.058727 -0.134753
v -0.023221 -0.059315 -0.134754
v -0.021760 -0.059868 -0.134755
v -0.020285 -0.060385 -0.134756
v -0.018799 -0.060865 -0.134756
v -0.017301 -0.061308 -0.134757
v -0.015792 -0.061714 -0.134758
v -0.014273 -0.062084 -0.134759
v -0.012747 -0.062416 -0.134759
v -0.011213 -0.062711 -0.134760
v -0.009672 -0.062968 -0.134760
v -0.008125 -0.063187 -0.134761
v -0.006573 -0.063368 -0.134761
v -0.005017 -0.063511 -0.134761
v -0.003458 -0.063616 -0.134762
v -0.001898 -0.063681 -0.134762
v -0.000336 -0.063708 -0.134762
v -0.000956 -0.063721 -0.135072
v -0.001911 -0.063699 -0.134913
v -0.000956 -0.063720 -0.134913
v 0.044760 -0.045275 -0.134731
v 0.043722 -0.044228 -0.136508
v 0.047412 -0.042455 -0.135376
v 0.047178 -0.042246 -0.135982
v 0.046773 -0.041885 -0.136384
v 0.046327 -0.041487 -0.136508
v 0.049900 -0.039491 -0.135372
v 0.049654 -0.039297 -0.135980
v 0.049228 -0.038961 -0.136383
v 0.048757 -0.038590 -0.136508
v 0.052202 -0.036381 -0.135368
v 0.051946 -0.036203 -0.135978
v 0.051499 -0.035892 -0.136383
v 0.051006 -0.035550 -0.136508
v 0.054312 -0.033136 -0.135364
v 0.054046 -0.032974 -0.135976
v 0.053581 -0.032691 -0.136382
v 0.053067 -0.032379 -0.136508
v 0.056222 -0.029769 -0.135360
v 0.055947 -0.029625 -0.135974
v 0.055465 -0.029370 -0.136382
v 0.054932 -0.029089 -0.136508
v 0.057924 -0.026293 -0.135356
v 0.057642 -0.026166 -0.135972
v 0.057144 -0.025941 -0.136381
v 0.056595 -0.025693 -0.136508
v 0.059411 -0.022720 -0.135352
v 0.059122 -0.022610 -0.135970
v 0.058611 -0.022416 -0.136381
v 0.058047 -0.022201 -0.136508
v 0.060677 -0.019063 -0.135348
v 0.060383 -0.018971 -0.135968
v 0.059861 -0.018807 -0.136381
v 0.059283 -0.018627 -0.136508
v 0.061719 -0.015335 -0.135345
v 0.061420 -0.015261 -0.135966
v 0.060888 -0.015130 -0.136380
v 0.060300 -0.014984 -0.136508
v 0.062534 -0.011550 -0.135342
v 0.062231 -0.011495 -0.135965
v 0.061692 -0.011396 -0.136380
v 0.061095 -0.011286 -0.136508
v 0.063118 -0.007723 -0.135340
v 0.062813 -0.007686 -0.135964
v 0.062268 -0.007620 -0.136380
v 0.061666 -0.007547 -0.136508
v 0.063470 -0.003868 -0.135338
v 0.063163 -0.003849 -0.135963
v 0.062616 -0.003816 -0.136380
v 0.062009 -0.003780 -0.136508
v 0.063586 0.000001 -0.134677
v 0.062123 0.000001 -0.136508
v 0.063592 0.000001 -0.135309
v 0.063295 0.000001 -0.135945
v 0.062741 0.000001 -0.136375
v 0.063557 -0.001934 -0.135338
v 0.063506 -0.003870 -0.134995
v 0.063594 -0.001935 -0.134995
v 0.063251 -0.001925 -0.135963
v 0.063355 -0.003860 -0.135665
v 0.063443 -0.001931 -0.135664
v 0.062702 -0.001908 -0.136379
v 0.062910 -0.003834 -0.136206
v 0.062997 -0.001917 -0.136206
v 0.062308 -0.003798 -0.136478
v 0.062394 -0.001899 -0.136478
v 0.044150 -0.044660 -0.136380
v 0.044535 -0.045048 -0.135966
v 0.044750 -0.045265 -0.135352
v 0.046547 -0.041683 -0.136479
v 0.045480 -0.043289 -0.136384
v 0.045259 -0.043080 -0.136479
v 0.046990 -0.042078 -0.136217
v 0.045873 -0.043662 -0.135983
v 0.045690 -0.043489 -0.136217
v 0.047323 -0.042375 -0.135693
v 0.046101 -0.043878 -0.135378
v 0.046014 -0.043795 -0.135695
v 0.047446 -0.042485 -0.135040
v 0.046134 -0.043910 -0.135042
v 0.045037 -0.044999 -0.134731
v 0.046093 -0.043915 -0.134729
v 0.047122 -0.042806 -0.134727
v 0.048124 -0.041672 -0.134725
v 0.049099 -0.040514 -0.134723
v 0.050046 -0.039333 -0.134721
v 0.050964 -0.038130 -0.134719
v 0.051853 -0.036905 -0.134717
v 0.052713 -0.035660 -0.134715
v 0.053570 -0.034353 -0.134713
v 0.054394 -0.033026 -0.134711
v 0.055186 -0.031679 -0.134709
v 0.055945 -0.030313 -0.134707
v 0.056670 -0.028929 -0.134704
v 0.057360 -0.027528 -0.134702
v 0.058016 -0.026110 -0.134700
v 0.058638 -0.024677 -0.134698
v 0.059223 -0.023228 -0.134696
v 0.059773 -0.021766 -0.134694
v 0.060286 -0.020290 -0.134692
v 0.060763 -0.018802 -0.134690
v 0.061203 -0.017303 -0.134688
v 0.061607 -0.015794 -0.134687
v 0.061974 -0.014276 -0.134685
v 0.062303 -0.012748 -0.134684
v 0.062596 -0.011214 -0.134682
v 0.062851 -0.009672 -0.134681
v 0.063068 -0.008125 -0.134680
v 0.063248 -0.006573 -0.134679
v 0.063390 -0.005017 -0.134678
v 0.063493 -0.003458 -0.134678
v 0.063558 -0.001897 -0.134678
v 0.063585 -0.000335 -0.134677
v 0.046130 -0.043906 -0.134881
v 0.045461 -0.044607 -0.135043
v 0.045458 -0.044603 -0.134882
v 0.063616 -0.000967 -0.134995
v 0.063584 -0.001935 -0.134832
v 0.063606 -0.000967 -0.134832
v 0.044760 -0.045275 -0.134731
v 0.042595 -0.043091 -0.117506
v 0.040921 -0.041402 -0.100203
v 0.045579 -0.039841 -0.117512
v 0.043826 -0.038298 -0.100203
v 0.048326 -0.036366 -0.117518
v 0.046494 -0.034988 -0.100203
v 0.050807 -0.032703 -0.117524
v 0.048912 -0.031492 -0.100203
v 0.053072 -0.028758 -0.117530
v 0.051133 -0.027713 -0.100203
v 0.054917 -0.024914 -0.117538
v 0.052956 -0.024019 -0.100203
v 0.056531 -0.020815 -0.117546
v 0.054558 -0.020082 -0.100203
v 0.057846 -0.016603 -0.117553
v 0.055866 -0.016038 -0.100203
v 0.058861 -0.012319 -0.117559
v 0.056878 -0.011908 -0.100203
v 0.059574 -0.007991 -0.117562
v 0.057589 -0.007717 -0.100203
v 0.059981 -0.003624 -0.117564
v 0.057996 -0.003486 -0.100203
v 0.060076 0.000783 -0.117566
v 0.058093 0.000765 -0.100203
v 0.059868 0.005174 -0.117564
v 0.057884 0.005010 -0.100203
v 0.059355 0.009540 -0.117561
v 0.057369 0.009230 -0.100203
v 0.058537 0.013863 -0.117556
v 0.056549 0.013401 -0.100203
v 0.057412 0.018126 -0.117550
v 0.055431 0.017503 -0.100203
v 0.055988 0.022292 -0.117543
v 0.054016 0.021512 -0.100203
v 0.054346 0.026170 -0.117536
v 0.052387 0.025244 -0.100203
v 0.052255 0.030254 -0.117528
v 0.050324 0.029164 -0.100203
v 0.049955 0.034028 -0.117522
v 0.048072 0.032770 -0.100203
v 0.047378 0.037633 -0.117515
v 0.045564 0.036201 -0.100203
v 0.044435 0.041152 -0.117509
v 0.042704 0.039554 -0.100203
v 0.041472 0.044198 -0.117504
v 0.039823 0.042465 -0.100203
v 0.038166 0.047142 -0.117500
v 0.036624 0.045265 -0.100203
v 0.034647 0.049836 -0.117496
v 0.033228 0.047823 -0.100203
v 0.030936 0.052263 -0.117492
v 0.029656 0.050126 -0.100203
v 0.027055 0.054411 -0.117489
v 0.025924 0.052163 -0.100203
v 0.023208 0.056191 -0.117487
v 0.022228 0.053850 -0.100203
v 0.018872 0.057821 -0.117484
v 0.018065 0.055389 -0.100203
v 0.014611 0.059064 -0.117482
v 0.013979 0.056562 -0.100203
v 0.010357 0.059974 -0.117481
v 0.009906 0.057420 -0.100203
v 0.005861 0.060590 -0.117480
v 0.005604 0.058003 -0.100203
v 0.001427 0.060863 -0.117479
v 0.001361 0.058258 -0.100203
v -0.002842 0.060812 -0.117480
v -0.002729 0.058210 -0.100203
v -0.007482 0.060408 -0.117480
v -0.007167 0.057828 -0.100203
v -0.011903 0.059681 -0.117481
v -0.011396 0.057142 -0.100203
v -0.016141 0.058657 -0.117483
v -0.015458 0.056176 -0.100203
v -0.020366 0.057302 -0.117485
v -0.019512 0.054896 -0.100203
v -0.024647 0.055564 -0.117488
v -0.023622 0.053250 -0.100203
v -0.028336 0.053744 -0.117490
v -0.027165 0.051524 -0.100202
v -0.032281 0.051429 -0.117493
v -0.030959 0.049328 -0.100202
v -0.035926 0.048905 -0.117497
v -0.034471 0.046932 -0.100202
v -0.039371 0.046120 -0.117501
v -0.037798 0.044286 -0.100202
v -0.044761 0.045275 -0.134731
v -0.042596 0.043091 -0.117506
v -0.040921 0.041402 -0.100202
v -0.045588 0.039833 -0.117511
v -0.043825 0.038297 -0.100202
v -0.048330 0.036365 -0.117517
v -0.046494 0.034988 -0.100202
v -0.050805 0.032710 -0.117524
v -0.048914 0.031494 -0.100202
v -0.053068 0.028760 -0.117531
v -0.051135 0.027713 -0.100202
v -0.054916 0.024907 -0.117538
v -0.052955 0.024020 -0.100202
v -0.056533 0.020811 -0.117545
v -0.054556 0.020082 -0.100202
v -0.057850 0.016610 -0.117552
v -0.055866 0.016038 -0.100202
v -0.058865 0.012329 -0.117558
v -0.056879 0.011908 -0.100202
v -0.059573 0.007987 -0.117562
v -0.057589 0.007718 -0.100202
v -0.059978 0.003611 -0.117565
v -0.057995 0.003486 -0.100202
v -0.060080 -0.000605 -0.117565
v -0.058096 -0.000587 -0.100202
v -0.059873 -0.005186 -0.117563
v -0.057885 -0.005010 -0.100202
v -0.059356 -0.009539 -0.117561
v -0.057368 -0.009230 -0.100202
v -0.058535 -0.013852 -0.117557
v -0.056548 -0.013401 -0.100202
v -0.057412 -0.018114 -0.117550
v -0.055430 -0.017502 -0.100202
v -0.055990 -0.022291 -0.117543
v -0.054016 -0.021511 -0.100202
v -0.054271 -0.026343 -0.117535
v -0.052310 -0.025405 -0.100202
v -0.052257 -0.030260 -0.117528
v -0.050325 -0.029164 -0.100202
v -0.049955 -0.034029 -0.117522
v -0.048072 -0.032770 -0.100202
v -0.047377 -0.037628 -0.117516
v -0.045563 -0.036201 -0.100202
v -0.044434 -0.041147 -0.117510
v -0.042704 -0.039553 -0.100202
v -0.041473 -0.044198 -0.117504
v -0.039823 -0.042465 -0.100202
v -0.038167 -0.047142 -0.117500
v -0.036624 -0.045266 -0.100202
v -0.034648 -0.049836 -0.117495
v -0.033229 -0.047822 -0.100202
v -0.030938 -0.052263 -0.117492
v -0.029655 -0.050125 -0.100202
v -0.027056 -0.054411 -0.117489
v -0.025924 -0.052162 -0.100202
v -0.023027 -0.056267 -0.117487
v -0.022054 -0.053921 -0.100203
v -0.018872 -0.057821 -0.117484
v -0.018064 -0.055390 -0.100203
v -0.014611 -0.059064 -0.117482
v -0.013979 -0.056563 -0.100203
v -0.010358 -0.059974 -0.117481
v -0.009906 -0.057420 -0.100203
v -0.005920 -0.060585 -0.117480
v -0.005661 -0.057997 -0.100203
v -0.001428 -0.060863 -0.117479
v -0.001361 -0.058258 -0.100203
v 0.002841 -0.060812 -0.117479
v 0.002728 -0.058210 -0.100203
v 0.007481 -0.060408 -0.117480
v 0.007168 -0.057828 -0.100203
v 0.011902 -0.059681 -0.117481
v 0.011396 -0.057142 -0.100203
v 0.016140 -0.058657 -0.117483
v 0.015457 -0.056176 -0.100203
v 0.020365 -0.057302 -0.117485
v 0.019511 -0.054896 -0.100203
v 0.024646 -0.055564 -0.117488
v 0.023622 -0.053250 -0.100203
v 0.028335 -0.053744 -0.117490
v 0.027165 -0.051523 -0.100203
v 0.032280 -0.051429 -0.117493
v 0.030960 -0.049327 -0.100203
v 0.035925 -0.048905 -0.117497
v 0.034471 -0.046932 -0.100203
v 0.039370 -0.046120 -0.117502
v 0.037798 -0.044286 -0.100203
v 0.044760 -0.045275 -0.134731
v 0.042595 -0.043091 -0.117506
v 0.040921 -0.041402 -0.100203
v 0.047101 -0.035447 -0.107508
v 0.045190 -0.036668 -0.100203
v 0.044423 -0.038832 -0.107501
v 0.046984 -0.038129 -0.117515
v 0.045793 -0.037164 -0.107505
v 0.049522 -0.031879 -0.107515
v 0.047735 -0.033262 -0.100203
v 0.049601 -0.034556 -0.117521
v 0.048345 -0.033684 -0.107511
v 0.051732 -0.028034 -0.107522
v 0.050058 -0.029623 -0.100203
v 0.051978 -0.030750 -0.117527
v 0.050664 -0.029976 -0.107518
v 0.053535 -0.024288 -0.107530
v 0.052077 -0.025882 -0.100203
v 0.054029 -0.026852 -0.117534
v 0.052667 -0.026177 -0.107526
v 0.055112 -0.020292 -0.107538
v 0.053793 -0.022066 -0.100203
v 0.055761 -0.022881 -0.117542
v 0.054360 -0.022306 -0.107534
v 0.056397 -0.016187 -0.107546
v 0.055249 -0.018072 -0.100203
v 0.057226 -0.018720 -0.117550
v 0.055791 -0.018251 -0.107542
v 0.057389 -0.012011 -0.107552
v 0.056409 -0.013982 -0.100203
v 0.058391 -0.014468 -0.117556
v 0.056929 -0.014106 -0.107549
v 0.058085 -0.007790 -0.107556
v 0.057271 -0.009819 -0.100203
v 0.059256 -0.010160 -0.117560
v 0.057774 -0.009905 -0.107554
v 0.058483 -0.003531 -0.107558
v 0.057831 -0.005604 -0.100203
v 0.059817 -0.005812 -0.117563
v 0.058322 -0.005665 -0.107557
v 0.058576 0.000767 -0.107560
v 0.058083 -0.001361 -0.100203
v 0.060067 -0.001424 -0.117565
v 0.058567 -0.001385 -0.107559
v 0.058372 0.005048 -0.107558
v 0.058027 0.002889 -0.100203
v 0.060010 0.002982 -0.117565
v 0.058511 0.002910 -0.107559
v 0.057870 0.009305 -0.107555
v 0.057665 0.007125 -0.100203
v 0.059649 0.007361 -0.117563
v 0.058158 0.007181 -0.107557
v 0.057071 0.013520 -0.107549
v 0.056997 0.011323 -0.100203
v 0.058984 0.011709 -0.117559
v 0.057508 0.011420 -0.107552
v 0.055971 0.017676 -0.107543
v 0.056027 0.015462 -0.100203
v 0.058014 0.016001 -0.117553
v 0.056559 0.015605 -0.107546
v 0.054579 0.021737 -0.107536
v 0.054761 0.019521 -0.100203
v 0.056737 0.020224 -0.117547
v 0.055311 0.019721 -0.107540
v 0.052975 0.025517 -0.107528
v 0.053234 0.023392 -0.100203
v 0.055201 0.024244 -0.117540
v 0.053810 0.023640 -0.107532
v 0.050933 0.029498 -0.107520
v 0.051392 0.027224 -0.100203
v 0.053340 0.028230 -0.117532
v 0.051992 0.027525 -0.107524
v 0.048687 0.033174 -0.107512
v 0.049231 0.030987 -0.100203
v 0.051141 0.032161 -0.117525
v 0.049845 0.031355 -0.107516
v 0.046174 0.036685 -0.107505
v 0.046849 0.034509 -0.100203
v 0.048700 0.035854 -0.117518
v 0.047463 0.034952 -0.107509
v 0.043303 0.040112 -0.107498
v 0.044167 0.037905 -0.100203
v 0.045940 0.039423 -0.117512
v 0.044771 0.038428 -0.107502
v -0.047105 0.035446 -0.107507
v -0.045190 0.036667 -0.100202
v -0.044430 0.038824 -0.107500
v -0.046991 0.038124 -0.117514
v -0.045799 0.037160 -0.107504
v -0.049520 0.031885 -0.107514
v -0.047736 0.033263 -0.100202
v -0.049602 0.034560 -0.117520
v -0.048346 0.033687 -0.107510
v -0.051729 0.028037 -0.107522
v -0.050060 0.029625 -0.100202
v -0.051974 0.030757 -0.117527
v -0.050661 0.029982 -0.107518
v -0.053534 0.024282 -0.107530
v -0.052078 0.025883 -0.100202
v -0.054026 0.026849 -0.117535
v -0.052665 0.026174 -0.107526
v -0.055113 0.020290 -0.107537
v -0.053792 0.022065 -0.100202
v -0.055762 0.022873 -0.117542
v -0.054360 0.022299 -0.107533
v -0.056400 0.016193 -0.107545
v -0.055248 0.018072 -0.100202
v -0.057229 0.018723 -0.117548
v -0.055793 0.018254 -0.107541
v -0.057392 0.012020 -0.107551
v -0.056410 0.013982 -0.100202
v -0.058396 0.014478 -0.117555
v -0.056933 0.014115 -0.107548
v -0.058084 0.007786 -0.107556
v -0.057272 0.009819 -0.100202
v -0.059257 0.010163 -0.117560
v -0.057775 0.009908 -0.107553
v -0.058480 0.003519 -0.107558
v -0.057831 0.005605 -0.100202
v -0.059814 0.005802 -0.117564
v -0.058319 0.005656 -0.107557
v -0.058579 -0.000592 -0.107559
v -0.058081 0.001450 -0.100202
v -0.060064 0.001507 -0.117565
v -0.058564 0.001467 -0.107559
v -0.058376 -0.005058 -0.107557
v -0.058032 -0.002801 -0.100202
v -0.060019 -0.002903 -0.117564
v -0.058520 -0.002832 -0.107558
v -0.057871 -0.009304 -0.107554
v -0.057665 -0.007125 -0.100202
v -0.059653 -0.007367 -0.117562
v -0.058161 -0.007186 -0.107556
v -0.057068 -0.013511 -0.107550
v -0.056996 -0.011323 -0.100202
v -0.058983 -0.011700 -0.117559
v -0.057506 -0.011412 -0.107552
v -0.055971 -0.017666 -0.107543
v -0.056026 -0.015462 -0.100202
v -0.058011 -0.015992 -0.117554
v -0.056556 -0.015597 -0.107546
v -0.054582 -0.021735 -0.107535
v -0.054759 -0.019520 -0.100202
v -0.056739 -0.020216 -0.117547
v -0.055313 -0.019713 -0.107539
v -0.052901 -0.025685 -0.107526
v -0.053199 -0.023474 -0.100202
v -0.055168 -0.024334 -0.117538
v -0.053777 -0.023727 -0.107530
v -0.050934 -0.029502 -0.107518
v -0.051352 -0.027302 -0.100202
v -0.053300 -0.028319 -0.117531
v -0.051953 -0.027611 -0.107522
v -0.048687 -0.033174 -0.107512
v -0.049232 -0.030987 -0.100202
v -0.051141 -0.032163 -0.117525
v -0.049845 -0.031357 -0.107515
v -0.046172 -0.036680 -0.107505
v -0.046849 -0.034508 -0.100202
v -0.048699 -0.035851 -0.117519
v -0.047462 -0.034950 -0.107508
v -0.043302 -0.040107 -0.107498
v -0.044166 -0.037904 -0.100202
v -0.045938 -0.039417 -0.117513
v -0.044769 -0.038422 -0.107502
v 0.045037 -0.044999 -0.134731
v 0.046093 -0.043915 -0.134729
v 0.047122 -0.042806 -0.134727
v 0.048124 -0.041672 -0.134725
v 0.049099 -0.040514 -0.134723
v 0.050046 -0.039333 -0.134721
v 0.050964 -0.038130 -0.134719
v 0.051853 -0.036905 -0.134717
v 0.052713 -0.035660 -0.134715
v 0.053570 -0.034353 -0.134713
v 0.054394 -0.033026 -0.134711
v 0.055186 -0.031679 -0.134709
v 0.055945 -0.030313 -0.134707
v 0.056670 -0.028929 -0.134704
v 0.057360 -0.027528 -0.134702
v 0.058016 -0.026110 -0.134700
v 0.058638 -0.024677 -0.134698
v 0.059223 -0.023228 -0.134696
v 0.059773 -0.021766 -0.134694
v 0.060286 -0.020290 -0.134692
v 0.060763 -0.018802 -0.134690
v 0.061203 -0.017303 -0.134688
v 0.061607 -0.015794 -0.134687
v 0.061974 -0.014276 -0.134685
v 0.062303 -0.012748 -0.134684
v 0.062596 -0.011214 -0.134682
v 0.062851 -0.009672 -0.134681
v 0.063068 -0.008125 -0.134680
v 0.063248 -0.006573 -0.134679
v 0.063390 -0.005017 -0.134678
v 0.063493 -0.003458 -0.134678
v 0.063558 -0.001897 -0.134678
v 0.063585 -0.000335 -0.134677
v 0.063586 0.000001 -0.134677
v 0.046640 -0.040760 -0.125537
v 0.044115 -0.041497 -0.117509
v 0.043572 -0.044077 -0.125536
v 0.045135 -0.042449 -0.125536
v 0.045730 -0.043003 -0.129987
v 0.044361 -0.043270 -0.125536
v 0.044140 -0.044649 -0.129988
v 0.044943 -0.043834 -0.129987
v 0.043572 -0.044077 -0.125536
v 0.041011 -0.044635 -0.117504
v 0.040263 -0.047164 -0.125534
v 0.041946 -0.045651 -0.125535
v 0.045254 -0.044135 -0.132322
v 0.044543 -0.044243 -0.129987
v 0.044443 -0.044956 -0.132323
v 0.044850 -0.044547 -0.132322
v 0.044140 -0.044649 -0.129988
v 0.042766 -0.044871 -0.125535
v 0.042489 -0.046240 -0.129988
v 0.043321 -0.045452 -0.129988
v 0.045009 -0.044704 -0.133517
v 0.044647 -0.044752 -0.132323
v 0.044600 -0.045114 -0.133518
v 0.044805 -0.044909 -0.133518
v 0.044443 -0.044956 -0.132323
v 0.043732 -0.045053 -0.129988
v 0.043618 -0.045763 -0.132324
v 0.044033 -0.045361 -0.132323
v 0.047260 -0.041296 -0.129986
v 0.045895 -0.041612 -0.125537
v 0.046503 -0.042157 -0.129986
v 0.049462 -0.037217 -0.125539
v 0.048083 -0.039015 -0.125538
v 0.048727 -0.039533 -0.129985
v 0.047369 -0.039894 -0.125538
v 0.048002 -0.040422 -0.129986
v 0.050129 -0.037717 -0.129984
v 0.048781 -0.038123 -0.125538
v 0.049436 -0.038632 -0.129985
v 0.052015 -0.033480 -0.125540
v 0.050773 -0.035371 -0.125539
v 0.051463 -0.035851 -0.129983
v 0.050126 -0.036300 -0.125539
v 0.050804 -0.036790 -0.129984
v 0.052727 -0.033939 -0.129982
v 0.051403 -0.034431 -0.125540
v 0.052104 -0.034901 -0.129983
v 0.054350 -0.029449 -0.125542
v 0.053221 -0.031485 -0.125541
v 0.053956 -0.031921 -0.129981
v 0.052627 -0.032488 -0.125541
v 0.053351 -0.032936 -0.129982
v 0.055108 -0.029859 -0.129980
v 0.053795 -0.030472 -0.125541
v 0.054542 -0.030895 -0.129981
v 0.056257 -0.025518 -0.125544
v 0.055339 -0.027500 -0.125543
v 0.056117 -0.027886 -0.129979
v 0.054853 -0.028479 -0.125542
v 0.055621 -0.028877 -0.129980
v 0.057057 -0.025878 -0.129978
v 0.055807 -0.026513 -0.125543
v 0.056596 -0.026886 -0.129979
v 0.057929 -0.021326 -0.125547
v 0.057131 -0.023439 -0.125545
v 0.057951 -0.023771 -0.129978
v 0.056704 -0.024483 -0.125545
v 0.057513 -0.024829 -0.129978
v 0.058767 -0.021631 -0.129977
v 0.057540 -0.022386 -0.125546
v 0.058369 -0.022705 -0.129978
v 0.059293 -0.017018 -0.125550
v 0.058650 -0.019184 -0.125548
v 0.059505 -0.019463 -0.129977
v 0.058299 -0.020258 -0.125548
v 0.059146 -0.020550 -0.129977
v 0.060165 -0.017269 -0.129976
v 0.058981 -0.018104 -0.125549
v 0.059845 -0.018369 -0.129977
v 0.060347 -0.012632 -0.125551
v 0.059859 -0.014833 -0.125551
v 0.060744 -0.015054 -0.129976
v 0.059586 -0.015928 -0.125550
v 0.060464 -0.016164 -0.129976
v 0.061245 -0.012821 -0.129975
v 0.060113 -0.013735 -0.125551
v 0.061004 -0.013940 -0.129975
v 0.061087 -0.008193 -0.125552
v 0.060757 -0.010418 -0.125552
v 0.061664 -0.010574 -0.129974
v 0.060562 -0.011527 -0.125552
v 0.061465 -0.011699 -0.129975
v 0.062004 -0.008314 -0.129974
v 0.060932 -0.009307 -0.125552
v 0.061844 -0.009445 -0.129974
v 0.061510 -0.003712 -0.125553
v 0.061339 -0.005957 -0.125552
v 0.062262 -0.006043 -0.129973
v 0.061223 -0.007076 -0.125552
v 0.062143 -0.007180 -0.129974
v 0.062437 -0.003764 -0.129973
v 0.061435 -0.004836 -0.125552
v 0.062360 -0.004904 -0.129973
v 0.061610 0.000802 -0.125553
v 0.061600 -0.001457 -0.125553
v 0.062530 -0.001477 -0.129973
v 0.061566 -0.002586 -0.125553
v 0.062494 -0.002621 -0.129973
v 0.062541 0.000814 -0.129973
v 0.061615 -0.000327 -0.125553
v 0.062546 -0.000331 -0.129973
v 0.061394 0.005304 -0.125553
v 0.061542 0.003056 -0.125553
v 0.063052 -0.000333 -0.132290
v 0.062541 -0.000904 -0.129973
v 0.063036 -0.001487 -0.132290
v 0.063047 -0.000910 -0.132290
v 0.063315 -0.000334 -0.133475
v 0.063050 -0.000621 -0.132290
v 0.063310 -0.000913 -0.133475
v 0.063313 -0.000623 -0.133475
v 0.063047 0.000821 -0.132290
v 0.062546 0.000242 -0.129973
v 0.063052 0.000244 -0.132290
v 0.062471 0.003101 -0.129974
v 0.061586 0.001930 -0.125553
v 0.062516 0.001958 -0.129974
v 0.063316 0.000245 -0.133475
v 0.063053 -0.000044 -0.132290
v 0.063316 -0.000044 -0.133475
v 0.063569 0.001479 -0.134678
v 0.063518 0.002956 -0.134678
v 0.063432 0.004432 -0.134678
v 0.063313 0.005906 -0.134679
v 0.063150 0.007460 -0.134680
v 0.062949 0.009009 -0.134681
v 0.062710 0.010553 -0.134682
v 0.062434 0.012091 -0.134683
v 0.062175 0.013369 -0.134684
v 0.061890 0.014641 -0.134685
v 0.061579 0.015906 -0.134687
v 0.061242 0.017166 -0.134688
v 0.062319 0.005383 -0.129974
v 0.061478 0.004180 -0.125553
v 0.062405 0.004243 -0.129974
v 0.060860 0.009779 -0.125552
v 0.061166 0.007546 -0.125553
v 0.062085 0.007659 -0.129974
v 0.061290 0.006426 -0.125553
v 0.062212 0.006522 -0.129974
v 0.061771 0.009925 -0.129974
v 0.061023 0.008664 -0.125552
v 0.061938 0.008793 -0.129974
v 0.060010 0.014208 -0.125550
v 0.060474 0.012002 -0.125551
v 0.061375 0.012179 -0.129975
v 0.060677 0.010892 -0.125552
v 0.061583 0.011053 -0.129975
v 0.060898 0.014417 -0.129975
v 0.060252 0.013107 -0.125551
v 0.061147 0.013300 -0.129975
v 0.058844 0.018571 -0.125548
v 0.059467 0.016397 -0.125549
v 0.060341 0.016636 -0.129976
v 0.059748 0.015305 -0.125550
v 0.060630 0.015529 -0.129975
v 0.059704 0.018838 -0.129977
v 0.059165 0.017487 -0.125549
v 0.060033 0.017740 -0.129976
v 0.057368 0.022834 -0.125546
v 0.058144 0.020718 -0.125547
v 0.060957 0.018161 -0.134689
v 0.060496 0.019654 -0.134691
v 0.059998 0.021134 -0.134693
v 0.059464 0.022602 -0.134695
v 0.058893 0.024057 -0.134697
v 0.058287 0.025497 -0.134699
v 0.057646 0.026921 -0.134701
v 0.056969 0.028330 -0.134704
v 0.056259 0.029721 -0.134706
v 0.055515 0.031095 -0.134708
v 0.054737 0.032450 -0.134710
v 0.053927 0.033786 -0.134712
v 0.053084 0.035102 -0.134714
v 0.052210 0.036396 -0.134717
v 0.051304 0.037669 -0.134719
v 0.050367 0.038919 -0.134721
v 0.049399 0.040146 -0.134723
v 0.048402 0.041348 -0.134725
v 0.047375 0.042526 -0.134727
v 0.046319 0.043677 -0.134729
v 0.045234 0.044801 -0.134730
v 0.044760 0.045275 -0.134731
v 0.060503 0.017877 -0.132297
v 0.060190 0.017189 -0.129976
v 0.060816 0.016766 -0.132296
v 0.060662 0.017322 -0.132296
v 0.060171 0.018982 -0.132298
v 0.059871 0.018290 -0.129976
v 0.060340 0.018431 -0.132297
v 0.058988 0.021013 -0.129977
v 0.058503 0.019648 -0.125548
v 0.059356 0.019929 -0.129977
v 0.058194 0.023158 -0.129978
v 0.057765 0.021780 -0.125547
v 0.058601 0.022089 -0.129978
v 0.055668 0.026803 -0.125544
v 0.056553 0.024833 -0.125545
v 0.057359 0.025185 -0.129979
v 0.056969 0.023837 -0.125546
v 0.057785 0.024175 -0.129978
v 0.056455 0.027181 -0.129979
v 0.056119 0.025822 -0.125544
v 0.056916 0.026187 -0.129979
v 0.053508 0.030979 -0.125542
v 0.054628 0.028911 -0.125543
v 0.055392 0.029316 -0.129980
v 0.055158 0.027862 -0.125543
v 0.055934 0.028253 -0.129980
v 0.054249 0.031410 -0.129981
v 0.054078 0.029950 -0.125542
v 0.054831 0.030368 -0.129981
v 0.051138 0.034831 -0.125540
v 0.052359 0.032926 -0.125541
v 0.053078 0.033379 -0.129982
v 0.052942 0.031957 -0.125541
v 0.053672 0.032399 -0.129982
v 0.051834 0.035305 -0.129983
v 0.051757 0.033884 -0.125540
v 0.052465 0.034347 -0.129982
v 0.048488 0.038506 -0.125538
v 0.049847 0.036693 -0.125539
v 0.050521 0.037186 -0.129984
v 0.050501 0.035768 -0.125539
v 0.051186 0.036251 -0.129983
v 0.049139 0.039017 -0.129985
v 0.049176 0.037606 -0.125538
v 0.049838 0.038108 -0.129984
v 0.045465 0.042094 -0.125536
v 0.047011 0.040330 -0.125537
v 0.047637 0.040860 -0.129986
v 0.047758 0.039425 -0.125537
v 0.048396 0.039946 -0.129985
v 0.046066 0.042642 -0.129986
v 0.046246 0.041220 -0.125537
v 0.046860 0.041759 -0.129986
v 0.042420 0.045204 -0.125535
v 0.042982 0.042699 -0.117507
v 0.043971 0.043674 -0.125536
v 0.044546 0.044241 -0.129987
v 0.044725 0.042891 -0.125536
v 0.045313 0.043449 -0.129987
v 0.044854 0.044545 -0.132322
v 0.044931 0.043847 -0.129987
v 0.045628 0.043747 -0.132322
v 0.045242 0.044148 -0.132322
v 0.042970 0.045788 -0.129988
v 0.043203 0.044444 -0.125535
v 0.043765 0.045021 -0.129988
v 0.039030 0.048204 -0.125534
v 0.039847 0.045700 -0.117502
v 0.040753 0.046735 -0.125535
v 0.044066 0.045329 -0.132323
v 0.044157 0.044632 -0.129988
v 0.044461 0.044938 -0.132323
v 0.044681 0.045353 -0.134731
v 0.044403 0.045627 -0.134732
v 0.044123 0.045899 -0.134732
v 0.042985 0.046971 -0.134734
v 0.041821 0.048013 -0.134735
v 0.040632 0.049026 -0.134737
v 0.039418 0.050009 -0.134739
v 0.038181 0.050963 -0.134740
v 0.036920 0.051885 -0.134742
v 0.035637 0.052777 -0.134743
v 0.034332 0.053637 -0.134744
v 0.033007 0.054464 -0.134746
v 0.031662 0.055259 -0.134747
v 0.030298 0.056021 -0.134748
v 0.028915 0.056749 -0.134749
v 0.027516 0.057443 -0.134750
v 0.026100 0.058102 -0.134751
v 0.024667 0.058727 -0.134752
v 0.023220 0.059315 -0.134753
v 0.021759 0.059868 -0.134754
v 0.020284 0.060384 -0.134755
v 0.018797 0.060864 -0.134756
v 0.017299 0.061307 -0.134757
v 0.015791 0.061714 -0.134758
v 0.014273 0.062083 -0.134758
v 0.012746 0.062416 -0.134759
v 0.011212 0.062711 -0.134760
v 0.009671 0.062968 -0.134760
v 0.008124 0.063187 -0.134761
v 0.006573 0.063368 -0.134761
v 0.005017 0.063511 -0.134761
v 0.003457 0.063616 -0.134762
v 0.001897 0.063681 -0.134762
v 0.000335 0.063708 -0.134762
v 0.000000 0.063709 -0.134762
v 0.044221 0.045488 -0.133518
v 0.044264 0.045134 -0.132323
v 0.044618 0.045096 -0.133518
v 0.044420 0.045292 -0.133518
v 0.043264 0.046100 -0.132324
v 0.043369 0.045406 -0.129988
v 0.043667 0.045716 -0.132324
v 0.041278 0.047334 -0.129989
v 0.041594 0.045977 -0.125535
v 0.042131 0.046569 -0.129989
v 0.044499 0.045373 -0.134122
v 0.044519 0.045194 -0.133518
v 0.044698 0.045176 -0.134122
v 0.044599 0.045275 -0.134122
v 0.044658 0.044742 -0.132323
v 0.045012 0.044701 -0.133517
v 0.044816 0.044899 -0.133518
v 0.044639 0.045315 -0.134426
v 0.044648 0.045225 -0.134122
v 0.044738 0.045217 -0.134426
v 0.044688 0.045266 -0.134426
v 0.044717 0.044998 -0.133518
v 0.044896 0.044979 -0.134122
v 0.044797 0.045078 -0.134122
v 0.043820 0.045877 -0.133519
v 0.043866 0.045523 -0.132323
v 0.044021 0.045683 -0.133519
v 0.039528 0.048818 -0.129990
v 0.039899 0.047477 -0.125534
v 0.040410 0.048084 -0.129989
v 0.035424 0.050948 -0.125533
v 0.036432 0.048521 -0.117498
v 0.037253 0.049609 -0.125533
v 0.037725 0.050236 -0.129990
v 0.038148 0.048915 -0.125534
v 0.038633 0.049535 -0.129990
v 0.035871 0.051588 -0.129991
v 0.036345 0.050287 -0.125533
v 0.036804 0.050920 -0.129991
v 0.031625 0.053420 -0.125532
v 0.032814 0.051084 -0.117494
v 0.033547 0.052219 -0.125533
v 0.033968 0.052870 -0.129992
v 0.034492 0.051592 -0.125533
v 0.034925 0.052238 -0.129991
v 0.032019 0.054082 -0.129993
v 0.032592 0.052828 -0.125532
v 0.032999 0.053485 -0.129992
v 0.027653 0.055606 -0.125532
v 0.029015 0.053373 -0.117491
v 0.029659 0.054549 -0.125532
v 0.030027 0.055222 -0.129993
v 0.030647 0.053993 -0.125532
v 0.031028 0.054661 -0.129993
v 0.027995 0.056289 -0.129994
v 0.028661 0.055087 -0.125532
v 0.029016 0.055765 -0.129994
v 0.023718 0.057417 -0.125531
v 0.025147 0.055334 -0.117488
v 0.025702 0.056546 -0.125532
v 0.026018 0.057237 -0.129994
v 0.026682 0.056085 -0.125532
v 0.027010 0.056772 -0.129994
v 0.024008 0.058116 -0.129995
v 0.024714 0.056990 -0.125532
v 0.025017 0.057685 -0.129995
v 0.019283 0.059075 -0.125531
v 0.021056 0.057047 -0.117486
v 0.021517 0.058289 -0.125531
v 0.021778 0.058995 -0.129995
v 0.022621 0.057864 -0.125531
v 0.022897 0.058566 -0.129995
v 0.019516 0.059787 -0.129996
v 0.020404 0.058693 -0.125531
v 0.020651 0.059402 -0.129996
v 0.014927 0.060339 -0.125530
v 0.016753 0.058482 -0.117483
v 0.017117 0.059747 -0.125530
v 0.017322 0.060464 -0.129996
v 0.018203 0.059421 -0.125531
v 0.018422 0.060136 -0.129996
v 0.015106 0.061061 -0.129997
v 0.016025 0.060053 -0.125530
v 0.016217 0.060773 -0.129996
v 0.010581 0.061263 -0.125530
v 0.012493 0.059557 -0.117481
v 0.012763 0.060840 -0.125530
v 0.012915 0.061566 -0.129997
v 0.013848 0.060599 -0.125530
v 0.014013 0.061323 -0.129997
v 0.010707 0.061992 -0.129997
v 0.011674 0.061061 -0.125530
v 0.011813 0.061789 -0.129997
v 0.005989 0.061890 -0.125530
v 0.008115 0.060325 -0.117480
v 0.008291 0.061620 -0.125530
v 0.008390 0.062351 -0.129998
v 0.009437 0.061452 -0.125530
v 0.009550 0.062182 -0.129998
v 0.006061 0.062623 -0.129998
v 0.007141 0.061766 -0.125530
v 0.007227 0.062498 -0.129998
v 0.001460 0.062166 -0.125530
v 0.003645 0.060768 -0.117480
v 0.003726 0.062070 -0.125530
v 0.003771 0.062805 -0.129998
v 0.004858 0.061991 -0.125530
v 0.004917 0.062725 -0.129998
v 0.001478 0.062902 -0.129998
v 0.002593 0.062129 -0.125530
v 0.002625 0.062864 -0.129998
v -0.002903 0.062115 -0.125530
v -0.000707 0.060876 -0.117479
v -0.000722 0.062179 -0.125530
v -0.000731 0.062915 -0.129998
v 0.000369 0.062183 -0.125530
v 0.000374 0.062918 -0.129998
v -0.000735 0.063303 -0.132343
v -0.000179 0.062919 -0.129998
v 0.000376 0.063306 -0.132343
v -0.000180 0.063307 -0.132343
v -0.002938 0.062850 -0.129998
v -0.001812 0.062157 -0.125530
v -0.001834 0.062892 -0.129998
v -0.007643 0.061705 -0.125530
v -0.005166 0.060655 -0.117480
v -0.005277 0.061956 -0.125530
v -0.000180 0.063506 -0.133543
v 0.000098 0.063307 -0.132343
v 0.000377 0.063506 -0.133543
v 0.000099 0.063506 -0.133543
v 0.000926 0.062912 -0.129998
v 0.001487 0.063290 -0.132343
v 0.000932 0.063301 -0.132343
v -0.002789 0.063648 -0.134762
v -0.004349 0.063560 -0.134761
v -0.005907 0.063434 -0.134761
v -0.007460 0.063269 -0.134761
v -0.009009 0.063066 -0.134760
v -0.010553 0.062825 -0.134760
v -0.012090 0.062547 -0.134759
v -0.013620 0.062231 -0.134759
v -0.015142 0.061877 -0.134758
v -0.016655 0.061487 -0.134757
v -0.018157 0.061059 -0.134757
v -0.019649 0.060595 -0.134756
v -0.021129 0.060094 -0.134755
v -0.022596 0.059557 -0.134754
v -0.024049 0.058983 -0.134753
v -0.025488 0.058374 -0.134752
v -0.026911 0.057730 -0.134751
v -0.028318 0.057050 -0.134750
v -0.029708 0.056337 -0.134749
v -0.031080 0.055590 -0.134748
v -0.032433 0.054809 -0.134746
v -0.033767 0.053996 -0.134745
v -0.035080 0.053150 -0.134744
v -0.036373 0.052272 -0.134743
v -0.037643 0.051362 -0.134741
v -0.038891 0.050422 -0.134740
v -0.040115 0.049452 -0.134738
v -0.041315 0.048451 -0.134737
v -0.042490 0.047421 -0.134735
v -0.043639 0.046362 -0.134733
v -0.044761 0.045275 -0.134731
v -0.005340 0.062690 -0.129998
v -0.004091 0.062047 -0.125530
v -0.004140 0.062781 -0.129998
v -0.007734 0.062437 -0.129998
v -0.006461 0.061842 -0.125530
v -0.006538 0.062575 -0.129998
v -0.012158 0.060966 -0.125530
v -0.009699 0.060086 -0.117480
v -0.009908 0.061377 -0.125530
v -0.010025 0.062107 -0.129998
v -0.008777 0.061552 -0.125530
v -0.008881 0.062282 -0.129998
v -0.012303 0.061692 -0.129997
v -0.011035 0.061182 -0.125530
v -0.011166 0.061910 -0.129997
v -0.016490 0.059926 -0.125531
v -0.014032 0.059207 -0.117482
v -0.014334 0.060485 -0.125530
v -0.014505 0.061208 -0.129997
v -0.013248 0.060735 -0.125530
v -0.013406 0.061460 -0.129997
v -0.016687 0.060645 -0.129997
v -0.015414 0.060215 -0.125530
v -0.015599 0.060936 -0.129997
v -0.020810 0.058548 -0.125531
v -0.018266 0.058018 -0.117484
v -0.018662 0.059277 -0.125531
v -0.018887 0.059991 -0.129996
v -0.017579 0.059611 -0.125531
v -0.017790 0.060328 -0.129996
v -0.021062 0.059257 -0.129996
v -0.019740 0.058923 -0.125531
v -0.019978 0.059634 -0.129996
v -0.025188 0.056780 -0.125532
v -0.022523 0.056474 -0.117486
v -0.023016 0.057706 -0.125531
v -0.023297 0.058407 -0.129995
v -0.021917 0.058138 -0.125531
v -0.022183 0.058843 -0.129996
v -0.025497 0.057473 -0.129995
v -0.024106 0.057254 -0.125532
v -0.024401 0.057951 -0.129995
v -0.028962 0.054928 -0.125532
v -0.026507 0.054685 -0.117489
v -0.027091 0.055886 -0.125532
v -0.027425 0.056571 -0.129994
v -0.026143 0.056341 -0.125532
v -0.026464 0.057030 -0.129994
v -0.029320 0.055604 -0.129994
v -0.028031 0.055415 -0.125532
v -0.028377 0.056096 -0.129994
v -0.033000 0.052572 -0.125533
v -0.030331 0.052624 -0.117491
v -0.031003 0.053788 -0.125532
v -0.031389 0.054454 -0.129993
v -0.029988 0.054367 -0.125532
v -0.030360 0.055039 -0.129993
v -0.033412 0.053227 -0.129992
v -0.032007 0.053189 -0.125532
v -0.032406 0.053850 -0.129993
v -0.036733 0.050001 -0.125533
v -0.034127 0.050201 -0.117495
v -0.034890 0.051321 -0.125533
v -0.035328 0.051964 -0.129992
v -0.033950 0.051955 -0.125533
v -0.034376 0.052604 -0.129992
v -0.037197 0.050632 -0.129991
v -0.035817 0.050669 -0.125533
v -0.036269 0.051307 -0.129991
v -0.040264 0.047164 -0.125535
v -0.037675 0.047544 -0.117499
v -0.038525 0.048615 -0.125534
v -0.039015 0.049233 -0.129990
v -0.037635 0.049316 -0.125534
v -0.038113 0.049941 -0.129991
v -0.040780 0.047769 -0.129989
v -0.039401 0.047898 -0.125534
v -0.039904 0.048509 -0.129990
v -0.043573 0.044077 -0.125536
v -0.041012 0.044635 -0.117504
v -0.041947 0.045651 -0.125535
v -0.042490 0.046240 -0.129989
v -0.041113 0.046415 -0.125535
v -0.041642 0.047012 -0.129989
v -0.044141 0.044649 -0.129988
v -0.042767 0.044871 -0.125535
v -0.043322 0.045452 -0.129988
v -0.046646 0.040754 -0.125537
v -0.044122 0.041490 -0.117509
v -0.045139 0.042444 -0.125536
v -0.045733 0.043000 -0.129987
v -0.044364 0.043267 -0.125536
v -0.044944 0.043832 -0.129987
v -0.045255 0.044134 -0.132322
v -0.044544 0.044242 -0.129988
v -0.044444 0.044956 -0.132323
v -0.044852 0.044546 -0.132323
v -0.045010 0.044704 -0.133518
v -0.044648 0.044752 -0.132323
v -0.044601 0.045114 -0.133518
v -0.044806 0.044909 -0.133518
v -0.043733 0.045053 -0.129988
v -0.043619 0.045763 -0.132324
v -0.044033 0.045361 -0.132324
v -0.044886 0.044989 -0.134122
v -0.044704 0.045012 -0.133518
v -0.044681 0.045194 -0.134123
v -0.044784 0.045092 -0.134122
v -0.044239 0.045159 -0.132323
v -0.044188 0.045521 -0.133519
v -0.044395 0.045318 -0.133519
v -0.044824 0.045132 -0.134426
v -0.044732 0.045143 -0.134123
v -0.044721 0.045235 -0.134426
v -0.044772 0.045184 -0.134426
v -0.044498 0.045216 -0.133518
v -0.044474 0.045398 -0.134123
v -0.044578 0.045297 -0.134123
v -0.044793 0.045204 -0.134579
v -0.044747 0.045209 -0.134426
v -0.044741 0.045255 -0.134579
v -0.044767 0.045230 -0.134579
v -0.044629 0.045245 -0.134123
v -0.044618 0.045337 -0.134427
v -0.044669 0.045286 -0.134427
v -0.044777 0.045240 -0.134655
v -0.044754 0.045242 -0.134579
v -0.044751 0.045265 -0.134655
v -0.044764 0.045253 -0.134655
v -0.044695 0.045260 -0.134427
v -0.044689 0.045306 -0.134579
v -0.044715 0.045281 -0.134579
v -0.044769 0.045258 -0.134693
v -0.044758 0.045259 -0.134655
v -0.044756 0.045270 -0.134693
v -0.044763 0.045264 -0.134693
v -0.044728 0.045268 -0.134579
v -0.044725 0.045291 -0.134655
v -0.044738 0.045278 -0.134655
v -0.044765 0.045267 -0.134712
v -0.044759 0.045267 -0.134693
v -0.044759 0.045273 -0.134712
v -0.044762 0.045270 -0.134712
v -0.044745 0.045272 -0.134655
v -0.044743 0.045283 -0.134693
v -0.044750 0.045277 -0.134693
v -0.044763 0.045271 -0.134722
v -0.044760 0.045271 -0.134712
v -0.044760 0.045274 -0.134722
v -0.044762 0.045273 -0.134722
v -0.044753 0.045274 -0.134693
v -0.044752 0.045279 -0.134712
v -0.044755 0.045276 -0.134712
v -0.045857 0.044161 -0.134730
v -0.046924 0.043021 -0.134728
v -0.047964 0.041855 -0.134726
v -0.048974 0.040663 -0.134724
v -0.049955 0.039447 -0.134722
v -0.050906 0.038207 -0.134720
v -0.051826 0.036944 -0.134718
v -0.052715 0.035659 -0.134716
v -0.053572 0.034353 -0.134714
v -0.054397 0.033026 -0.134712
v -0.055188 0.031680 -0.134709
v -0.055946 0.030314 -0.134707
v -0.056671 0.028929 -0.134705
v -0.057361 0.027528 -0.134703
v -0.058017 0.026110 -0.134701
v -0.058637 0.024676 -0.134699
v -0.059223 0.023227 -0.134697
v -0.059773 0.021765 -0.134695
v -0.060286 0.020290 -0.134693
v -0.060764 0.018802 -0.134691
v -0.061243 0.017166 -0.134689
v -0.047263 0.041293 -0.129986
v -0.045900 0.041606 -0.125537
v -0.046506 0.042153 -0.129987
v -0.049465 0.037217 -0.125539
v -0.048088 0.039011 -0.125538
v -0.048730 0.039531 -0.129985
v -0.047375 0.039889 -0.125537
v -0.048005 0.040418 -0.129986
v -0.050131 0.037716 -0.129984
v -0.048784 0.038120 -0.125538
v -0.049439 0.038630 -0.129985
v -0.052014 0.033485 -0.125540
v -0.050774 0.035374 -0.125539
v -0.051464 0.035853 -0.129983
v -0.050128 0.036301 -0.125539
v -0.050806 0.036791 -0.129984
v -0.052727 0.033942 -0.129983
v -0.051403 0.034435 -0.125540
v -0.052104 0.034903 -0.129983
v -0.054348 0.029451 -0.125543
v -0.053219 0.031490 -0.125541
v -0.053956 0.031924 -0.129982
v -0.052626 0.032493 -0.125541
v -0.053351 0.032939 -0.129982
v -0.055107 0.029861 -0.129981
v -0.053793 0.030476 -0.125542
v -0.054541 0.030898 -0.129981
v -0.056257 0.025513 -0.125545
v -0.055337 0.027498 -0.125544
v -0.056117 0.027885 -0.129980
v -0.054851 0.028479 -0.125543
v -0.055621 0.028877 -0.129980
v -0.057057 0.025875 -0.129979
v -0.055806 0.026510 -0.125544
v -0.056596 0.026884 -0.129980
v -0.057930 0.021323 -0.125547
v -0.057132 0.023433 -0.125546
v -0.057951 0.023767 -0.129978
v -0.056704 0.024477 -0.125545
v -0.057513 0.024825 -0.129979
v -0.058768 0.021630 -0.129978
v -0.057541 0.022381 -0.125546
v -0.058369 0.022702 -0.129978
v -0.059296 0.017023 -0.125549
v -0.058652 0.019186 -0.125548
v -0.059507 0.019464 -0.129977
v -0.058301 0.020258 -0.125547
v -0.059147 0.020550 -0.129977
v -0.060167 0.017271 -0.129976
v -0.058984 0.018107 -0.125549
v -0.059847 0.018370 -0.129977
v -0.060350 0.012638 -0.125551
v -0.059863 0.014840 -0.125550
v -0.060747 0.015058 -0.129976
v -0.059589 0.015934 -0.125550
v -0.060467 0.016167 -0.129976
v -0.061813 0.014967 -0.134686
v -0.062305 0.012748 -0.134684
v -0.062598 0.011213 -0.134683
v -0.062852 0.009672 -0.134682
v -0.063069 0.008125 -0.134681
v -0.063249 0.006573 -0.134680
v -0.063390 0.005017 -0.134679
v -0.063493 0.003458 -0.134679
v -0.063559 0.001897 -0.134678
v -0.063586 0.000335 -0.134678
v -0.063587 0.000001 -0.134678
v -0.061087 0.008190 -0.125553
v -0.060758 0.010420 -0.125552
v -0.061666 0.010575 -0.129975
v -0.060564 0.011531 -0.125551
v -0.061247 0.012825 -0.129975
v -0.061466 0.011702 -0.129975
v -0.062004 0.008313 -0.129974
v -0.060932 0.009306 -0.125552
v -0.061845 0.009445 -0.129975
v -0.061508 0.003703 -0.125553
v -0.061337 0.005950 -0.125553
v -0.062261 0.006039 -0.129974
v -0.061222 0.007071 -0.125553
v -0.062142 0.007177 -0.129974
v -0.062436 0.003759 -0.129974
v -0.061433 0.004827 -0.125553
v -0.062359 0.004900 -0.129974
v -0.061614 -0.000617 -0.125554
v -0.061597 0.001546 -0.125554
v -0.062528 0.001569 -0.129974
v -0.061562 0.002625 -0.125554
v -0.062491 0.002664 -0.129974
v -0.062544 -0.000625 -0.129974
v -0.061614 0.000465 -0.125554
v -0.062545 0.000473 -0.129974
v -0.061397 -0.005312 -0.125553
v -0.061550 -0.002970 -0.125553
v -0.063051 -0.000629 -0.132290
v -0.062547 -0.000076 -0.129974
v -0.063052 0.000477 -0.132290
v -0.063053 -0.000076 -0.132290
v -0.062478 -0.003011 -0.129974
v -0.061593 -0.001796 -0.125553
v -0.062523 -0.001819 -0.129974
v -0.063317 -0.000076 -0.133475
v -0.063053 0.000200 -0.132290
v -0.063315 0.000479 -0.133475
v -0.063317 0.000201 -0.133475
v -0.062539 0.001021 -0.129974
v -0.063034 0.001581 -0.132290
v -0.063045 0.001029 -0.132290
v -0.063527 -0.002789 -0.134678
v -0.063440 -0.004349 -0.134679
v -0.063314 -0.005906 -0.134679
v -0.063151 -0.007460 -0.134680
v -0.062950 -0.009009 -0.134681
v -0.062711 -0.010553 -0.134682
v -0.062434 -0.012091 -0.134684
v -0.062121 -0.013621 -0.134685
v -0.061770 -0.015144 -0.134687
v -0.061382 -0.016657 -0.134688
v -0.060957 -0.018160 -0.134690
v -0.060496 -0.019653 -0.134692
v -0.059998 -0.021134 -0.134694
v -0.059464 -0.022602 -0.134696
v -0.058894 -0.024057 -0.134698
v -0.058288 -0.025497 -0.134700
v -0.057647 -0.026922 -0.134702
v -0.056971 -0.028330 -0.134704
v -0.056260 -0.029722 -0.134706
v -0.055516 -0.031096 -0.134708
v -0.054739 -0.032451 -0.134711
v -0.053928 -0.033786 -0.134713
v -0.053086 -0.035101 -0.134715
v -0.052211 -0.036396 -0.134717
v -0.051305 -0.037669 -0.134719
v -0.050367 -0.038919 -0.134721
v -0.049400 -0.040145 -0.134723
v -0.048402 -0.041348 -0.134725
v -0.047375 -0.042525 -0.134727
v -0.046319 -0.043677 -0.134729
v -0.045234 -0.044801 -0.134731
v -0.044761 -0.045275 -0.134731
v -0.062321 -0.005388 -0.129974
v -0.061485 -0.004142 -0.125553
v -0.062411 -0.004200 -0.129974
v -0.060861 -0.009779 -0.125552
v -0.061169 -0.007550 -0.125552
v -0.062087 -0.007661 -0.129974
v -0.061293 -0.006432 -0.125552
v -0.062215 -0.006526 -0.129974
v -0.061771 -0.009924 -0.129975
v -0.061025 -0.008666 -0.125552
v -0.061939 -0.008794 -0.129974
v -0.060008 -0.014201 -0.125551
v -0.060474 -0.011996 -0.125552
v -0.061375 -0.012175 -0.129975
v -0.060677 -0.010889 -0.125552
v -0.061583 -0.011051 -0.129975
v -0.060898 -0.014413 -0.129976
v -0.060251 -0.013100 -0.125551
v -0.061146 -0.013296 -0.129976
v -0.058844 -0.018563 -0.125549
v -0.059465 -0.016391 -0.125550
v -0.060341 -0.016633 -0.129977
v -0.059746 -0.015298 -0.125551
v -0.060629 -0.015525 -0.129976
v -0.059704 -0.018833 -0.129977
v -0.059164 -0.017480 -0.125550
v -0.060032 -0.017736 -0.129977
v -0.057370 -0.022833 -0.125546
v -0.058145 -0.020712 -0.125548
v -0.058989 -0.021009 -0.129978
v -0.058504 -0.019640 -0.125548
v -0.059356 -0.019924 -0.129977
v -0.058195 -0.023158 -0.129978
v -0.057767 -0.021776 -0.125547
v -0.058602 -0.022087 -0.129978
v -0.055590 -0.026978 -0.125543
v -0.056517 -0.024923 -0.125545
v -0.057323 -0.025274 -0.129979
v -0.056953 -0.023882 -0.125545
v -0.057769 -0.024220 -0.129978
v -0.056374 -0.027357 -0.129979
v -0.056063 -0.025955 -0.125544
v -0.056858 -0.026320 -0.129979
v -0.053510 -0.030983 -0.125541
v -0.054587 -0.028999 -0.125542
v -0.055350 -0.029403 -0.129980
v -0.055098 -0.027993 -0.125543
v -0.055871 -0.028384 -0.129980
v -0.054251 -0.031412 -0.129981
v -0.054057 -0.029996 -0.125542
v -0.054809 -0.030413 -0.129981
v -0.051138 -0.034831 -0.125540
v -0.052360 -0.032927 -0.125540
v -0.053079 -0.033380 -0.129982
v -0.052944 -0.031960 -0.125541
v -0.053674 -0.032401 -0.129982
v -0.051835 -0.035305 -0.129983
v -0.051758 -0.033885 -0.125540
v -0.052466 -0.034348 -0.129983
v -0.048488 -0.038503 -0.125538
v -0.049847 -0.036691 -0.125539
v -0.050521 -0.037185 -0.129984
v -0.050501 -0.035767 -0.125539
v -0.051186 -0.036251 -0.129984
v -0.049139 -0.039015 -0.129985
v -0.049176 -0.037603 -0.125539
v -0.049838 -0.038106 -0.129985
v -0.045465 -0.042091 -0.125537
v -0.047010 -0.040326 -0.125538
v -0.047637 -0.040858 -0.129986
v -0.047757 -0.039422 -0.125538
v -0.048396 -0.039944 -0.129986
v -0.046066 -0.042640 -0.129987
v -0.046246 -0.041216 -0.125537
v -0.046860 -0.041757 -0.129987
v -0.042421 -0.045204 -0.125535
v -0.042982 -0.042697 -0.117507
v -0.043971 -0.043673 -0.125536
v -0.044546 -0.044241 -0.129988
v -0.044725 -0.042889 -0.125536
v -0.045313 -0.043448 -0.129987
v -0.044854 -0.044544 -0.132323
v -0.044931 -0.043846 -0.129987
v -0.045628 -0.043747 -0.132322
v -0.045243 -0.044147 -0.132322
v -0.042971 -0.045788 -0.129988
v -0.043204 -0.044444 -0.125536
v -0.043766 -0.045021 -0.129988
v -0.039031 -0.048204 -0.125534
v -0.039848 -0.045700 -0.117502
v -0.040754 -0.046735 -0.125535
v -0.044066 -0.045329 -0.132324
v -0.044158 -0.044632 -0.129988
v -0.044462 -0.044938 -0.132323
v -0.042986 -0.046971 -0.134734
v -0.041822 -0.048013 -0.134736
v -0.040633 -0.049026 -0.134737
v -0.039419 -0.050010 -0.134739
v -0.038181 -0.050963 -0.134741
v -0.036920 -0.051886 -0.134742
v -0.035637 -0.052777 -0.134743
v -0.034332 -0.053637 -0.134745
v -0.033008 -0.054464 -0.134746
v -0.031663 -0.055259 -0.134747
v -0.030299 -0.056021 -0.134748
v -0.028916 -0.056749 -0.134750
v -0.027516 -0.057443 -0.134751
v -0.026100 -0.058102 -0.134752
v -0.024668 -0.058727 -0.134753
v -0.023221 -0.059315 -0.134754
v -0.021760 -0.059868 -0.134755
v -0.020285 -0.060385 -0.134756
v -0.018799 -0.060865 -0.134756
v -0.017301 -0.061308 -0.134757
v -0.015792 -0.061714 -0.134758
v -0.014273 -0.062084 -0.134759
v -0.012747 -0.062416 -0.134759
v -0.011213 -0.062711 -0.134760
v -0.009672 -0.062968 -0.134760
v -0.008125 -0.063187 -0.134761
v -0.006573 -0.063368 -0.134761
v -0.005017 -0.063511 -0.134761
v -0.003458 -0.063616 -0.134762
v -0.001898 -0.063681 -0.134762
v -0.000336 -0.063708 -0.134762
v 0.000000 -0.063709 -0.134762
v -0.041278 -0.047335 -0.129989
v -0.041595 -0.045977 -0.125535
v -0.042132 -0.046570 -0.129989
v -0.039529 -0.048818 -0.129990
v -0.039900 -0.047477 -0.125534
v -0.040411 -0.048084 -0.129990
v -0.035425 -0.050948 -0.125533
v -0.036433 -0.048521 -0.117497
v -0.037253 -0.049609 -0.125534
v -0.037726 -0.050237 -0.129991
v -0.038149 -0.048915 -0.125534
v -0.038634 -0.049536 -0.129990
v -0.035871 -0.051588 -0.129991
v -0.036345 -0.050287 -0.125533
v -0.036805 -0.050921 -0.129991
v -0.031626 -0.053419 -0.125532
v -0.032815 -0.051084 -0.117494
v -0.033548 -0.052219 -0.125533
v -0.033968 -0.052870 -0.129992
v -0.034493 -0.051592 -0.125533
v -0.034926 -0.052238 -0.129992
v -0.032020 -0.054082 -0.129993
v -0.032593 -0.052828 -0.125532
v -0.033000 -0.053485 -0.129992
v -0.027654 -0.055606 -0.125532
v -0.029017 -0.053373 -0.117490
v -0.029661 -0.054549 -0.125532
v -0.030028 -0.055222 -0.129993
v -0.030649 -0.053993 -0.125532
v -0.031029 -0.054661 -0.129993
v -0.027996 -0.056288 -0.129994
v -0.028662 -0.055087 -0.125532
v -0.029017 -0.055765 -0.129994
v -0.023533 -0.057495 -0.125531
v -0.025058 -0.055376 -0.117488
v -0.025611 -0.056588 -0.125532
v -0.025925 -0.057280 -0.129995
v -0.026637 -0.056107 -0.125532
v -0.026965 -0.056794 -0.129994
v -0.023820 -0.058194 -0.129995
v -0.024576 -0.057051 -0.125532
v -0.024877 -0.057747 -0.129995
v -0.019283 -0.059075 -0.125531
v -0.020964 -0.057082 -0.117485
v -0.021423 -0.058324 -0.125531
v -0.021683 -0.059030 -0.129996
v -0.022481 -0.057919 -0.125531
v -0.022756 -0.058622 -0.129995
v -0.019516 -0.059788 -0.129996
v -0.020357 -0.058710 -0.125531
v -0.020603 -0.059419 -0.129996
v -0.014928 -0.060339 -0.125530
v -0.016754 -0.058482 -0.117483
v -0.017118 -0.059747 -0.125531
v -0.017324 -0.060465 -0.129996
v -0.018204 -0.059421 -0.125531
v -0.018423 -0.060136 -0.129996
v -0.015106 -0.061061 -0.129997
v -0.016026 -0.060053 -0.125530
v -0.016218 -0.060773 -0.129997
v -0.010582 -0.061263 -0.125530
v -0.012493 -0.059558 -0.117481
v -0.012763 -0.060840 -0.125530
v -0.012915 -0.061566 -0.129997
v -0.013848 -0.060600 -0.125530
v -0.014013 -0.061323 -0.129997
v -0.010708 -0.061992 -0.129997
v -0.011675 -0.061062 -0.125530
v -0.011814 -0.061789 -0.129997
v -0.006049 -0.061884 -0.125530
v -0.008145 -0.060321 -0.117480
v -0.008322 -0.061616 -0.125530
v -0.008421 -0.062347 -0.129998
v -0.009454 -0.061450 -0.125530
v -0.009566 -0.062180 -0.129998
v -0.006122 -0.062617 -0.129998
v -0.007187 -0.061760 -0.125530
v -0.007273 -0.062493 -0.129998
v -0.001460 -0.062166 -0.125530
v -0.003676 -0.060766 -0.117480
v -0.003757 -0.062068 -0.125530
v -0.003802 -0.062803 -0.129998
v -0.004904 -0.061987 -0.125530
v -0.004963 -0.062721 -0.129998
v -0.001479 -0.062901 -0.129998
v -0.002609 -0.062128 -0.125530
v -0.002641 -0.062863 -0.129998
v 0.002903 -0.062115 -0.125530
v 0.000706 -0.060876 -0.117479
v 0.000721 -0.062180 -0.125530
v 0.000730 -0.062915 -0.129998
v -0.000370 -0.062183 -0.125530
v -0.000374 -0.062918 -0.129998
v 0.000734 -0.063303 -0.132343
v 0.000177 -0.062918 -0.129998
v -0.000377 -0.063306 -0.132343
v 0.000179 -0.063307 -0.132343
v 0.002938 -0.062850 -0.129998
v 0.001812 -0.062157 -0.125530
v 0.001834 -0.062892 -0.129998
v 0.007642 -0.061705 -0.125530
v 0.005165 -0.060655 -0.117480
v 0.005276 -0.061956 -0.125530
v 0.000179 -0.063506 -0.133543
v -0.000099 -0.063307 -0.132343
v -0.000378 -0.063505 -0.133543
v -0.000100 -0.063506 -0.133543
v -0.000927 -0.062912 -0.129998
v -0.001488 -0.063290 -0.132343
v -0.000933 -0.063300 -0.132343
v 0.001227 -0.063698 -0.134762
v 0.002788 -0.063649 -0.134762
v 0.004349 -0.063561 -0.134761
v 0.005905 -0.063434 -0.134761
v 0.007459 -0.063270 -0.134761
v 0.009008 -0.063067 -0.134760
v 0.010552 -0.062826 -0.134760
v 0.012089 -0.062547 -0.134759
v 0.013620 -0.062231 -0.134759
v 0.015141 -0.061877 -0.134758
v 0.016654 -0.061487 -0.134757
v 0.018157 -0.061059 -0.134757
v 0.019649 -0.060595 -0.134756
v 0.021128 -0.060094 -0.134755
v 0.022595 -0.059557 -0.134754
v 0.024048 -0.058984 -0.134753
v 0.025487 -0.058375 -0.134752
v 0.026910 -0.057730 -0.134751
v 0.028318 -0.057051 -0.134750
v 0.029707 -0.056337 -0.134749
v 0.031079 -0.055590 -0.134747
v 0.032432 -0.054809 -0.134746
v 0.033766 -0.053996 -0.134745
v 0.035079 -0.053150 -0.134744
v 0.036372 -0.052272 -0.134742
v 0.037643 -0.051363 -0.134741
v 0.038891 -0.050422 -0.134739
v 0.040115 -0.049452 -0.134738
v 0.041314 -0.048451 -0.134736
v 0.042490 -0.047421 -0.134734
v 0.043638 -0.046363 -0.134733
v 0.044202 -0.045822 -0.134732
v 0.044482 -0.045550 -0.134731
v 0.005339 -0.062690 -0.129998
v 0.004090 -0.062047 -0.125530
v 0.004140 -0.062781 -0.129998
v 0.007733 -0.062437 -0.129998
v 0.006460 -0.061842 -0.125530
v 0.006537 -0.062575 -0.129998
v 0.012157 -0.060966 -0.125530
v 0.009699 -0.060086 -0.117480
v 0.009907 -0.061377 -0.125530
v 0.010024 -0.062107 -0.129998
v 0.008776 -0.061552 -0.125530
v 0.008880 -0.062282 -0.129998
v 0.012302 -0.061692 -0.129997
v 0.011034 -0.061182 -0.125530
v 0.011165 -0.061910 -0.129997
v 0.016489 -0.059926 -0.125530
v 0.014031 -0.059207 -0.117482
v 0.014333 -0.060485 -0.125530
v 0.014504 -0.061208 -0.129997
v 0.013247 -0.060735 -0.125530
v 0.013405 -0.061460 -0.129997
v 0.016686 -0.060645 -0.129996
v 0.015413 -0.060215 -0.125530
v 0.015597 -0.060936 -0.129997
v 0.020809 -0.058548 -0.125531
v 0.018266 -0.058018 -0.117484
v 0.018662 -0.059277 -0.125531
v 0.018887 -0.059991 -0.129996
v 0.017578 -0.059611 -0.125531
v 0.017789 -0.060328 -0.129996
v 0.021061 -0.059257 -0.129996
v 0.019739 -0.058922 -0.125531
v 0.019977 -0.059634 -0.129996
v 0.025187 -0.056780 -0.125532
v 0.022522 -0.056474 -0.117487
v 0.023015 -0.057706 -0.125531
v 0.023295 -0.058408 -0.129995
v 0.021916 -0.058138 -0.125531
v 0.022182 -0.058843 -0.129995
v 0.025496 -0.057473 -0.129995
v 0.024105 -0.057254 -0.125531
v 0.024400 -0.057951 -0.129995
v 0.028961 -0.054928 -0.125532
v 0.026506 -0.054685 -0.117489
v 0.027090 -0.055886 -0.125532
v 0.027424 -0.056571 -0.129994
v 0.026142 -0.056341 -0.125532
v 0.026464 -0.057030 -0.129994
v 0.029319 -0.055604 -0.129993
v 0.028030 -0.055415 -0.125532
v 0.028376 -0.056096 -0.129994
v 0.032999 -0.052571 -0.125532
v 0.030330 -0.052624 -0.117492
v 0.031002 -0.053788 -0.125532
v 0.031388 -0.054454 -0.129993
v 0.029987 -0.054367 -0.125532
v 0.030359 -0.055039 -0.129993
v 0.033411 -0.053227 -0.129992
v 0.032006 -0.053189 -0.125532
v 0.032405 -0.053850 -0.129992
v 0.036732 -0.050001 -0.125533
v 0.034126 -0.050201 -0.117495
v 0.034889 -0.051321 -0.125533
v 0.035327 -0.051964 -0.129991
v 0.033950 -0.051955 -0.125533
v 0.034375 -0.052604 -0.129992
v 0.037196 -0.050633 -0.129991
v 0.035816 -0.050669 -0.125533
v 0.036268 -0.051307 -0.129991
v 0.037674 -0.047544 -0.117499
v 0.038524 -0.048615 -0.125534
v 0.039014 -0.049233 -0.129990
v 0.037634 -0.049316 -0.125534
v 0.038112 -0.049941 -0.129990
v 0.040779 -0.047769 -0.129989
v 0.039400 -0.047898 -0.125534
v 0.039904 -0.048509 -0.129990
v 0.041112 -0.046415 -0.125535
v 0.041641 -0.047012 -0.129989
v 0.042907 -0.045848 -0.129988
v 0.042778 -0.046555 -0.132325
v 0.043200 -0.046161 -0.132324
v 0.044188 -0.045521 -0.133518
v 0.043826 -0.045563 -0.132323
v 0.043771 -0.045923 -0.133519
v 0.043980 -0.045722 -0.133519
v 0.044600 -0.045114 -0.133518
v 0.044238 -0.045159 -0.132323
v 0.044394 -0.045318 -0.133518
v 0.027610 -0.052371 -0.107477
v 0.024015 -0.054143 -0.107474
v 0.025828 -0.053287 -0.107475
v 0.015727 -0.057154 -0.107468
v 0.011597 -0.058150 -0.107466
v 0.013671 -0.057690 -0.107467
v 0.002771 -0.059252 -0.107464
v -0.001389 -0.059301 -0.107464
v 0.000691 -0.059314 -0.107464
v -0.010088 -0.058436 -0.107466
v -0.014232 -0.057551 -0.107467
v -0.012168 -0.058031 -0.107466
v -0.040413 -0.043079 -0.107493
v -0.041886 -0.041617 -0.107495
v -0.027611 0.052371 -0.107476
v -0.024016 0.054143 -0.107474
v -0.025828 0.053287 -0.107475
v -0.015728 0.057154 -0.107468
v -0.011598 0.058150 -0.107466
v -0.013672 0.057689 -0.107467
v -0.002771 0.059251 -0.107464
v 0.001388 0.059301 -0.107464
v -0.000691 0.059314 -0.107464
v 0.010087 0.058436 -0.107466
v 0.014232 0.057551 -0.107467
v 0.012168 0.058031 -0.107466
v 0.022609 0.054755 -0.107473
v 0.026358 0.053022 -0.107476
v 0.024499 0.053922 -0.107474
v 0.040412 0.043079 -0.107493
v 0.041885 0.041619 -0.107496
vn -0.0000 -0.0000 1.0000
vn 0.0001 -0.0000 1.0000
vn 0.0002 0.0001 1.0000
vn 0.0001 0.0002 1.0000
vn 0.0002 -0.0001 1.0000
vn 0.0001 -0.0002 1.0000
vn -0.0000 -0.0000 -1.0000
vn 0.0001 -0.0000 -1.0000
vn 0.0001 -0.0001 -1.0000
vn 0.0001 0.0001 -1.0000
vn 0.0640 -0.9610 -0.2691
vn 0.0298 -0.9987 -0.0422
vn 0.0288 -0.9647 -0.2619
vn 0.0532 -0.8808 -0.4705
vn 0.0258 -0.7637 -0.6450
vn 0.0453 -0.7521 -0.6575
vn 0.0251 -0.8829 -0.4689
vn 0.0358 -0.5846 -0.8105
vn 0.0118 -0.3943 -0.9189
vn 0.0237 -0.3940 -0.9188
vn 0.0062 -0.5914 -0.8063
vn 0.0057 -0.1943 -0.9809
vn 0.0117 -0.1940 -0.9809
vn 0.1159 -0.9580 -0.2621
vn 0.0906 -0.7482 -0.6573
vn 0.0475 -0.3918 -0.9188
vn 0.1717 -0.9500 -0.2609
vn 0.1353 -0.7418 -0.6569
vn 0.0710 -0.3887 -0.9186
vn 0.1834 -0.7334 -0.6545
vn 0.0941 -0.3837 -0.9187
vn 0.2276 -0.7219 -0.6535
vn 0.2202 -0.9375 -0.2695
vn 0.1170 -0.3780 -0.9184
vn 0.3389 -0.9045 -0.2588
vn 0.2663 -0.7067 -0.6555
vn 0.1566 -0.3755 -0.9135
vn 0.3937 -0.8829 -0.2558
vn 0.3087 -0.6897 -0.6550
vn 0.1789 -0.3657 -0.9134
vn 0.3537 -0.6705 -0.6522
vn 0.2006 -0.3546 -0.9132
vn 0.4966 -0.8296 -0.2552
vn 0.3894 -0.6488 -0.6537
vn 0.2216 -0.3423 -0.9131
vn 0.4328 -0.6246 -0.6501
vn 0.2425 -0.3291 -0.9126
vn 0.4687 -0.6031 -0.6454
vn 0.5376 -0.8016 -0.2614
vn 0.2609 -0.3195 -0.9110
vn 0.5862 -0.6672 -0.4595
vn 0.5010 -0.5702 -0.6511
vn 0.5868 -0.7646 -0.2666
vn 0.6394 -0.7275 -0.2489
vn 0.3901 -0.4440 -0.8066
vn 0.2627 -0.2989 -0.9174
vn 0.6594 -0.7096 -0.2484
vn 0.6599 -0.7509 -0.0262
vn 0.6718 -0.7383 -0.0597
vn 0.6803 -0.7284 0.0818
vn 0.6750 -0.7331 -0.0831
vn 0.5199 -0.5546 -0.6498
vn 0.6082 -0.6489 -0.4572
vn 0.4040 -0.4319 -0.8064
vn 0.2718 -0.2909 -0.9173
vn 0.1302 -0.1430 -0.9811
vn 0.1294 -0.1472 -0.9806
vn 0.0187 -0.9862 0.1644
vn -0.0006 -0.9864 0.1642
vn 0.0432 -0.9854 0.1645
vn 0.0682 -0.9964 -0.0494
vn 0.0919 -0.9820 0.1648
vn 0.0677 -0.9840 0.1647
vn 0.1160 -0.9795 0.1650
vn -0.0006 -0.9695 -0.2449
vn 0.1395 -0.9768 0.1623
vn 0.2113 -0.9632 0.1662
vn 0.1877 -0.9681 0.1658
vn 0.2348 -0.9577 0.1666
vn 0.1659 -0.9706 0.1744
vn 0.2813 -0.9449 0.1677
vn 0.2581 -0.9515 0.1672
vn 0.2914 -0.9201 -0.2619
vn 0.3044 -0.9376 0.1683
vn 0.3502 -0.9212 0.1696
vn 0.3273 -0.9297 0.1690
vn 0.3717 -0.9136 0.1648
vn -0.0028 -0.7560 -0.6545
vn -0.0034 -0.3871 -0.9220
vn -0.0000 -0.0001 -1.0000
vn -0.0001 0.0003 -1.0000
vn 0.0001 -0.0002 -1.0000
vn 0.0001 -0.0003 -1.0000
vn -0.0000 0.0001 -1.0000
vn 0.4390 -0.8818 0.1723
vn 0.4173 -0.8924 0.1715
vn 0.4545 -0.8490 -0.2696
vn 0.4541 -0.8705 0.1900
vn 0.4836 -0.8590 0.1678
vn 0.5023 -0.8469 0.1744
vn 0.5228 -0.8342 0.1753
vn 0.5429 -0.8211 0.1761
vn 0.5628 -0.8074 0.1772
vn 0.5823 -0.7932 0.1782
vn 0.6015 -0.7785 0.1791
vn 0.3985 -0.8978 0.1875
vn 0.6389 -0.7476 0.1814
vn 0.6204 -0.7633 0.1803
vn 0.6572 -0.7313 0.1825
vn 0.6746 -0.7168 0.1765
vn 0.6995 -0.7104 0.0779
vn 0.6840 -0.7051 0.1871
vn 0.6882 -0.7017 0.1844
vn 0.6926 -0.6973 0.1847
vn 0.6860 -0.6906 -0.2291
vn -0.0001 0.0002 -1.0000
vn 0.0001 -0.0004 -1.0000
vn -0.0001 -0.0000 -1.0000
vn 0.5424 -0.5460 -0.6385
vn 0.2854 -0.2873 -0.9143
vn -0.9717 -0.0656 -0.2270
vn -0.9995 -0.0300 0.0084
vn -0.9750 -0.0291 -0.2204
vn -0.7662 -0.0530 -0.6404
vn -0.8989 -0.0269 -0.4374
vn -0.7815 -0.0267 -0.6234
vn -0.8992 -0.0630 -0.4330
vn -0.4050 -0.0323 -0.9138
vn -0.6116 -0.0208 -0.7909
vn -0.4049 -0.0122 -0.9143
vn -0.6063 -0.0392 -0.7943
vn -0.1993 -0.0060 -0.9799
vn -0.1990 -0.0121 -0.9799
vn -0.9681 -0.1179 -0.2211
vn -0.7650 -0.0931 -0.6373
vn -0.4021 -0.0490 -0.9143
vn -0.9597 -0.1737 -0.2208
vn -0.7577 -0.1391 -0.6376
vn -0.3979 -0.0730 -0.9145
vn -0.9463 -0.2320 -0.2250
vn -0.7469 -0.1843 -0.6389
vn -0.3924 -0.0969 -0.9147
vn -0.9303 -0.2886 -0.2264
vn -0.7333 -0.2290 -0.6401
vn -0.3851 -0.1203 -0.9150
vn -0.9103 -0.3444 -0.2298
vn -0.7173 -0.2729 -0.6411
vn -0.3766 -0.1432 -0.9153
vn -0.8871 -0.3994 -0.2314
vn -0.6982 -0.3158 -0.6425
vn -0.3664 -0.1657 -0.9156
vn -0.8604 -0.4522 -0.2350
vn -0.6764 -0.3570 -0.6442
vn -0.3554 -0.1876 -0.9157
vn -0.8313 -0.5028 -0.2368
vn -0.6529 -0.3968 -0.6452
vn -0.3426 -0.2081 -0.9162
vn -0.7983 -0.5520 -0.2409
vn -0.6266 -0.4348 -0.6468
vn -0.3286 -0.2281 -0.9165
vn -0.7628 -0.5998 -0.2417
vn -0.5980 -0.4713 -0.6483
vn -0.3191 -0.2655 -0.9098
vn -0.6636 -0.5926 -0.4565
vn -0.5674 -0.5065 -0.6492
vn -0.7233 -0.6458 -0.2446
vn -0.4420 -0.3946 -0.8056
vn -0.2976 -0.2656 -0.9170
vn -0.7249 -0.6884 -0.0238
vn -0.7026 -0.6675 -0.2467
vn -0.6446 -0.6121 -0.4580
vn -0.5610 -0.5287 -0.6370
vn -0.4389 -0.4115 -0.7987
vn -0.2888 -0.2743 -0.9173
vn -0.1465 -0.1308 -0.9805
vn -0.1422 -0.1350 -0.9806
vn -0.9746 -0.0425 0.2198
vn -0.9754 0.0006 0.2203
vn -0.9976 -0.0688 -0.0000
vn -0.9715 -0.0903 0.2191
vn -0.9734 -0.0664 0.2195
vn -0.9691 -0.1140 0.2187
vn -0.9796 0.0005 -0.2010
vn -0.9662 -0.1376 0.2182
vn -0.9627 -0.1611 0.2176
vn -0.9558 -0.1790 0.2334
vn -0.9548 -0.2096 0.2107
vn -0.9489 -0.2311 0.2151
vn -0.9432 -0.2543 0.2140
vn -0.9369 -0.2773 0.2128
vn -0.9301 -0.3003 0.2114
vn -0.9228 -0.3231 0.2101
vn -0.9148 -0.3459 0.2085
vn -0.9070 -0.3681 0.2044
vn -0.7743 0.0028 -0.6328
vn -0.3978 0.0034 -0.9175
vn -0.0004 -0.0000 -1.0000
vn -0.0003 -0.0002 -1.0000
vn 0.0003 0.0001 -1.0000
vn -0.8876 -0.4130 0.2039
vn -0.8947 -0.3922 0.2138
vn -0.8775 -0.4348 0.2025
vn -0.8556 -0.4775 0.1997
vn -0.8668 -0.4563 0.2011
vn -0.8440 -0.4984 0.1984
vn -0.8192 -0.5407 0.1913
vn -0.8058 -0.5593 0.1944
vn -0.8313 -0.5143 0.2107
vn -0.7933 -0.5787 0.1890
vn -0.7449 -0.6663 -0.0334
vn -0.7478 -0.6365 0.1890
vn -0.7631 -0.6177 0.1903
vn -0.7319 -0.6540 0.1915
vn -0.7737 -0.5997 0.2044
vn -0.7156 -0.6741 0.1833
vn -0.6986 -0.6911 0.1852
vn -0.6846 -0.6920 -0.2291
vn -0.6912 -0.6987 0.1846
vn -0.0006 -0.0003 -1.0000
vn 0.0003 0.0002 -1.0000
vn -0.5346 -0.5438 -0.6468
vn -0.2727 -0.2801 -0.9204
vn -0.0641 0.9610 -0.2690
vn -0.0298 0.9987 -0.0421
vn -0.0288 0.9646 -0.2622
vn -0.0523 0.7493 -0.6601
vn -0.0262 0.8826 -0.4695
vn -0.0258 0.7636 -0.6451
vn -0.0610 0.8838 -0.4638
vn -0.0359 0.5846 -0.8105
vn -0.0118 0.3944 -0.9188
vn -0.0237 0.3937 -0.9189
vn -0.0060 0.5915 -0.8063
vn -0.0058 0.1943 -0.9809
vn -0.0117 0.1940 -0.9809
vn -0.1160 0.9581 -0.2619
vn -0.0906 0.7481 -0.6574
vn -0.0475 0.3918 -0.9188
vn -0.1717 0.9499 -0.2613
vn -0.1353 0.7419 -0.6567
vn -0.0710 0.3885 -0.9187
vn -0.1834 0.7335 -0.6545
vn -0.1098 0.3911 -0.9138
vn -0.2271 0.7217 -0.6540
vn -0.2202 0.9375 -0.2694
vn -0.1169 0.3776 -0.9185
vn -0.2708 0.7073 -0.6530
vn -0.2766 0.9228 -0.2683
vn -0.1562 0.3755 -0.9135
vn -0.3934 0.8826 -0.2575
vn -0.3087 0.6896 -0.6551
vn -0.1787 0.3659 -0.9133
vn -0.3543 0.6706 -0.6517
vn -0.2004 0.3546 -0.9133
vn -0.3939 0.6487 -0.6512
vn -0.4378 0.8595 -0.2638
vn -0.2217 0.3422 -0.9131
vn -0.4323 0.6245 -0.6504
vn -0.4890 0.8315 -0.2638
vn -0.2425 0.3290 -0.9127
vn -0.4683 0.6032 -0.6457
vn -0.5378 0.8016 -0.2611
vn -0.2560 0.3248 -0.9105
vn -0.5861 0.6672 -0.4597
vn -0.5010 0.5700 -0.6512
vn -0.5868 0.7647 -0.2662
vn -0.6393 0.7275 -0.2490
vn -0.3902 0.4440 -0.8066
vn -0.2628 0.2990 -0.9173
vn -0.6591 0.7098 -0.2485
vn -0.6599 0.7509 -0.0261
vn -0.6664 0.7434 -0.0575
vn -0.6804 0.7282 0.0824
vn -0.6750 0.7331 -0.0834
vn -0.6669 0.7450 0.0179
vn -0.6875 0.7135 0.1349
vn -0.6907 0.7212 0.0530
vn -0.6915 0.7046 0.1595
vn -0.6935 0.7113 0.1146
vn -0.6956 0.7057 0.1346
vn -0.6949 0.6982 0.1721
vn -0.6945 0.7016 0.1597
vn -0.6757 0.7339 0.0689
vn -0.6922 0.6993 0.1785
vn -0.6904 0.6875 0.2252
vn -0.6937 0.7005 0.1677
vn -0.6971 0.6986 0.1614
vn -0.6958 0.7092 0.1137
vn -0.7097 0.6976 0.0984
vn -0.7045 0.6717 0.2289
vn -0.6946 0.6957 0.1832
vn -0.6846 0.7196 0.1162
vn -0.7109 0.6611 0.2398
vn 0.7001 0.7027 0.1266
vn -0.6995 0.6960 0.1624
vn -0.5195 0.5550 -0.6497
vn -0.6069 0.6494 -0.4581
vn -0.2756 0.2905 -0.9163
vn -0.4051 0.4360 -0.8036
vn -0.1351 0.1419 -0.9806
vn -0.1207 0.1349 -0.9835
vn -0.0432 0.9854 0.1645
vn 0.0006 0.9864 0.1643
vn -0.0683 0.9967 -0.0447
vn -0.0677 0.9840 0.1647
vn -0.1160 0.9795 0.1650
vn -0.0919 0.9820 0.1648
vn -0.1639 0.9725 0.1655
vn -0.1401 0.9763 0.1652
vn 0.0006 0.9695 -0.2449
vn -0.2113 0.9632 0.1662
vn -0.1877 0.9681 0.1657
vn -0.2347 0.9577 0.1666
vn -0.2813 0.9448 0.1678
vn -0.2581 0.9515 0.1672
vn -0.3273 0.9297 0.1690
vn -0.3044 0.9375 0.1684
vn -0.3502 0.9212 0.1697
vn -0.3484 0.8975 -0.2705
vn -0.3952 0.9026 0.1709
vn -0.3728 0.9122 0.1702
vn -0.4173 0.8924 0.1715
vn -0.4390 0.8818 0.1723
vn -0.4815 0.8591 0.1737
vn -0.4604 0.8707 0.1729
vn -0.5023 0.8469 0.1744
vn 0.0028 0.7560 -0.6545
vn 0.0034 0.3871 -0.9220
vn -0.0000 0.0002 -1.0000
vn -0.0000 -0.0004 -1.0000
vn 0.0003 -0.0007 -1.0000
vn -0.5228 0.8342 0.1754
vn -0.5429 0.8211 0.1763
vn -0.5628 0.8074 0.1771
vn -0.6015 0.7785 0.1791
vn -0.5823 0.7932 0.1782
vn -0.6389 0.7476 0.1813
vn -0.6204 0.7633 0.1803
vn -0.6750 0.7146 0.1836
vn -0.6572 0.7313 0.1825
vn -0.7304 0.6348 0.2521
vn -0.5474 0.7611 0.3479
vn -0.7926 0.6055 0.0719
vn -0.7087 0.6755 0.2039
vn -0.6926 0.6973 0.1845
vn -0.6925 0.6975 0.1843
vn -0.6926 0.6973 0.1847
vn -0.6961 0.6816 0.2254
vn -0.6926 0.6973 0.1846
vn -0.6927 0.6973 0.1844
vn -0.6927 0.6973 0.1842
vn -0.6927 0.6973 0.1843
vn -0.6860 0.6906 -0.2291
vn -0.6926 0.6974 0.1842
vn -0.6927 0.6974 0.1838
vn -0.0004 0.0009 -1.0000
vn -0.0086 0.0121 -0.9999
vn 0.0205 -0.0291 -0.9994
vn -0.5424 0.5460 -0.6385
vn -0.2854 0.2873 -0.9143
vn -0.7243 0.6422 -0.2508
vn -0.7235 0.6901 -0.0190
vn -0.7017 0.6685 -0.2464
vn -0.5671 0.5025 -0.6526
vn -0.6438 0.6132 -0.4576
vn -0.5505 0.5242 -0.6498
vn -0.6623 0.5947 -0.4557
vn -0.4408 0.3953 -0.8059
vn -0.3007 0.2827 -0.9109
vn -0.2966 0.2665 -0.9171
vn -0.4313 0.4096 -0.8038
vn -0.1538 0.1281 -0.9798
vn -0.1522 0.1421 -0.9781
vn -0.7577 0.6056 -0.2431
vn -0.5948 0.4754 -0.6482
vn -0.3118 0.2493 -0.9168
vn -0.7905 0.5630 -0.2411
vn -0.6220 0.4413 -0.6468
vn -0.3443 0.2261 -0.9112
vn -0.6511 0.4031 -0.6431
vn -0.3570 0.2064 -0.9110
vn -0.6742 0.3653 -0.6418
vn -0.8164 0.5224 -0.2461
vn -0.3691 0.1855 -0.9107
vn -0.6954 0.3264 -0.6402
vn -0.8459 0.4743 -0.2437
vn -0.3802 0.1642 -0.9102
vn -0.7148 0.2922 -0.6354
vn -0.8720 0.4253 -0.2423
vn -0.3729 0.1519 -0.9153
vn -0.8479 0.2900 -0.4438
vn -0.7267 0.2483 -0.6405
vn -0.8952 0.3722 -0.2454
vn -0.9214 0.3149 -0.2276
vn -0.5665 0.1935 -0.8011
vn -0.3814 0.1303 -0.9152
vn -0.9300 0.2890 -0.2270
vn -0.9462 0.3236 -0.0011
vn -0.7340 0.2274 -0.6399
vn -0.8569 0.2654 -0.4419
vn -0.5725 0.1769 -0.8006
vn -0.3985 0.1265 -0.9084
vn -0.1839 0.0707 -0.9804
vn -0.1880 0.0642 -0.9801
vn -0.7076 0.6807 0.1893
vn -0.6918 0.6981 0.1846
vn -0.7272 0.6624 0.1800
vn -0.7447 0.6671 -0.0198
vn -0.6851 0.6915 -0.2291
vn -0.7410 0.6445 0.1884
vn -0.7564 0.6260 0.1896
vn -0.7858 0.5878 0.1923
vn -0.7714 0.6070 0.1909
vn -0.7998 0.5682 0.1936
vn -0.8133 0.5497 0.1906
vn -0.5417 0.5467 -0.6385
vn -0.2767 0.2824 -0.9185
vn 0.0253 -0.0179 -0.9995
vn -0.0003 0.0002 -1.0000
vn 0.0003 -0.0001 -1.0000
vn 0.0004 -0.0001 -1.0000
vn -0.8385 0.5074 0.1987
vn -0.8260 0.5232 0.2096
vn -0.8508 0.4863 0.1991
vn -0.8731 0.4436 0.2023
vn -0.8622 0.4651 0.2009
vn -0.8834 0.4220 0.2038
vn -0.8936 0.4016 0.2006
vn -0.9194 0.3331 0.2093
vn -0.9112 0.3557 0.2079
vn -0.9278 0.3120 0.2047
vn -0.9571 0.2898 -0.0067
vn -0.9335 0.2863 0.2160
vn -0.9426 0.2625 -0.2066
vn -0.9412 0.2621 0.2132
vn -0.9012 0.3732 0.2202
vn -0.0003 0.0001 -1.0000
vn -0.0001 0.0001 -1.0000
vn 0.0275 -0.0134 -0.9995
vn -0.7503 0.2090 -0.6272
vn -0.3869 0.1053 -0.9161
vn 0.9724 0.0590 -0.2259
vn 0.9996 0.0261 0.0125
vn 0.9751 0.0262 -0.2200
vn 0.8972 0.0488 -0.4389
vn 0.7707 0.0209 -0.6369
vn 0.7700 0.0419 -0.6367
vn 0.8990 0.0218 -0.4373
vn 0.6001 0.0333 -0.7993
vn 0.4199 0.0144 -0.9075
vn 0.4044 0.0220 -0.9143
vn 0.6045 0.0175 -0.7964
vn 0.2118 0.0080 -0.9773
vn 0.1986 0.0109 -0.9800
vn 0.9696 0.1058 -0.2208
vn 0.7663 0.0837 -0.6370
vn 0.4027 0.0440 -0.9143
vn 0.9625 0.1568 -0.2215
vn 0.7599 0.1249 -0.6380
vn 0.4097 0.0840 -0.9083
vn 0.8768 0.1935 -0.4402
vn 0.7516 0.1659 -0.6384
vn 0.9519 0.2101 -0.2231
vn 0.5862 0.1295 -0.7998
vn 0.4087 0.0914 -0.9081
vn 0.9704 0.2416 0.0032
vn 0.9454 0.2361 -0.2248
vn 0.8704 0.2175 -0.4416
vn 0.7463 0.1862 -0.6390
vn 0.3941 0.1023 -0.9134
vn 0.5825 0.1449 -0.7998
vn 0.2072 0.0467 -0.9772
vn 0.1965 0.0493 -0.9793
vn 0.9744 0.0215 0.2238
vn 0.9754 -0.0002 0.2204
vn 0.9759 0.0470 0.2129
vn 0.9796 -0.0001 -0.2010
vn 0.9979 0.0650 0.0025
vn 0.9715 0.0901 0.2194
vn 0.9732 0.0676 0.2198
vn 0.9691 0.1138 0.2189
vn 0.7812 -0.0001 -0.6243
vn 0.4023 -0.0024 -0.9155
vn -0.0318 -0.0060 -0.9995
vn -0.0160 -0.0046 -0.9999
vn 0.9662 0.1374 0.2183
vn 0.9627 0.1610 0.2176
vn 0.9587 0.1844 0.2167
vn 0.9762 0.2169 -0.0063
vn 0.9549 0.2040 0.2158
vn 0.9507 0.2236 0.2151
vn 0.9461 0.2430 0.2142
vn 0.9411 0.2625 0.2131
vn 0.9425 0.2628 -0.2066
vn 0.0005 0.0002 -1.0000
vn 0.7503 0.2092 -0.6272
vn 0.3955 0.1103 -0.9118
vn 0.9463 0.3234 0.0050
vn 0.9306 0.2876 -0.2264
vn 0.9215 0.3148 -0.2274
vn 0.8477 0.2897 -0.4444
vn 0.7344 0.2270 -0.6396
vn 0.7264 0.2482 -0.6408
vn 0.8577 0.2622 -0.4423
vn 0.5656 0.1939 -0.8016
vn 0.3981 0.1259 -0.9087
vn 0.3816 0.1303 -0.9151
vn 0.5756 0.1797 -0.7977
vn 0.1881 0.0710 -0.9796
vn 0.2005 0.0642 -0.9776
vn 0.9013 0.3674 -0.2297
vn 0.7103 0.2896 -0.6415
vn 0.3729 0.1521 -0.9153
vn 0.8787 0.4168 -0.2327
vn 0.6915 0.3294 -0.6429
vn 0.3631 0.1730 -0.9155
vn 0.8529 0.4661 -0.2351
vn 0.6705 0.3680 -0.6443
vn 0.3518 0.1932 -0.9159
vn 0.8243 0.5137 -0.2381
vn 0.6473 0.4051 -0.6457
vn 0.3419 0.2311 -0.9109
vn 0.7931 0.5598 -0.2402
vn 0.6224 0.4409 -0.6467
vn 0.3273 0.2496 -0.9113
vn 0.7586 0.6046 -0.2429
vn 0.5947 0.4752 -0.6485
vn 0.3177 0.2669 -0.9099
vn 0.6616 0.5947 -0.4567
vn 0.5659 0.5085 -0.6490
vn 0.7212 0.6480 -0.2450
vn 0.4409 0.3961 -0.8054
vn 0.2966 0.2666 -0.9171
vn 0.7235 0.6899 -0.0240
vn 0.7013 0.6687 -0.2468
vn 0.6434 0.6134 -0.4580
vn 0.5501 0.5244 -0.6499
vn 0.4276 0.4086 -0.8063
vn 0.3008 0.2831 -0.9107
vn 0.1461 0.1313 -0.9805
vn 0.1524 0.1423 -0.9780
vn 0.9559 0.2936 0.0012
vn 0.9371 0.2768 0.2125
vn 0.9415 0.2611 0.2131
vn 0.9332 0.2980 0.2011
vn 0.9217 0.3240 0.2132
vn 0.9429 0.2614 -0.2066
vn 0.9147 0.3462 0.2086
vn 0.9061 0.3688 0.2072
vn 0.8875 0.4131 0.2044
vn 0.8970 0.3911 0.2059
vn 0.8668 0.4562 0.2015
vn 0.8774 0.4348 0.2029
vn 0.8556 0.4774 0.2000
vn 0.7506 0.2081 -0.6272
vn 0.3871 0.1050 -0.9160
vn -0.0281 -0.0135 -0.9995
vn 0.0005 0.0001 -1.0000
vn -0.0004 -0.0002 -1.0000
vn 0.0003 0.0003 -1.0000
vn 0.8440 0.4983 0.1985
vn 0.8318 0.5189 0.1971
vn 0.8059 0.5593 0.1943
vn 0.8191 0.5392 0.1956
vn 0.7779 0.5989 0.1900
vn 0.7631 0.6177 0.1900
vn 0.7921 0.5776 0.1972
vn 0.7396 0.6722 -0.0337
vn 0.7478 0.6365 0.1887
vn 0.7155 0.6750 0.1803
vn 0.7319 0.6539 0.1915
vn 0.6845 0.6921 -0.2291
vn 0.6911 0.6988 0.1846
vn 0.6985 0.6912 0.1851
vn -0.0002 -0.0002 -1.0000
vn 0.5412 0.5472 -0.6385
vn 0.2764 0.2826 -0.9185
vn -0.0257 -0.0182 -0.9995
vn 0.6606 0.7503 -0.0269
vn 0.6618 0.7130 -0.2317
vn 0.6393 0.7276 -0.2489
vn 0.6793 0.7293 0.0823
vn 0.6934 0.7201 -0.0247
vn 0.6748 0.7333 -0.0830
vn 0.6805 0.7297 0.0676
vn 0.6928 0.7086 0.1339
vn 0.6967 0.7125 0.0829
vn 0.6896 0.7069 0.1575
vn 0.6955 0.7057 0.1349
vn 0.4945 0.5723 -0.6541
vn 0.6088 0.6552 -0.4473
vn 0.5187 0.5553 -0.6501
vn 0.5826 0.6742 -0.4539
vn 0.2583 0.3038 -0.9171
vn 0.4039 0.4323 -0.8062
vn 0.2797 0.3032 -0.9110
vn 0.3924 0.4497 -0.8024
vn 0.1408 0.1536 -0.9780
vn 0.1295 0.1473 -0.9806
vn 0.5948 0.7638 -0.2506
vn 0.4661 0.5985 -0.6516
vn 0.2443 0.3137 -0.9176
vn 0.5482 0.7973 -0.2527
vn 0.4281 0.6251 -0.6527
vn 0.2246 0.3278 -0.9177
vn 0.4992 0.8283 -0.2546
vn 0.3895 0.6487 -0.6538
vn 0.2041 0.3400 -0.9180
vn 0.3476 0.6739 -0.6520
vn 0.1833 0.3514 -0.9181
vn 0.3962 0.8815 -0.2571
vn 0.3087 0.6898 -0.6549
vn 0.1538 0.3766 -0.9135
vn 0.3419 0.9035 -0.2585
vn 0.2661 0.7065 -0.6558
vn 0.1394 0.3701 -0.9185
vn 0.2871 0.9221 -0.2595
vn 0.2232 0.7211 -0.6560
vn 0.1170 0.3779 -0.9184
vn 0.2312 0.9373 -0.2609
vn 0.1795 0.7325 -0.6567
vn 0.0941 0.3840 -0.9185
vn 0.1322 0.7442 -0.6547
vn 0.0709 0.3883 -0.9188
vn 0.1173 0.9580 -0.2616
vn 0.0907 0.7482 -0.6572
vn 0.0326 0.4067 -0.9130
vn 0.0531 0.8814 -0.4694
vn 0.0453 0.7520 -0.6576
vn 0.0581 0.9632 -0.2623
vn 0.0353 0.5851 -0.8102
vn 0.0238 0.4087 -0.9124
vn 0.0309 0.9646 -0.2619
vn 0.0601 0.9973 -0.0420
vn 0.0126 0.9976 0.0682
vn 0.0373 0.9939 -0.1036
vn 0.0146 0.9990 -0.0414
vn 0.0218 0.7535 -0.6571
vn 0.0248 0.8831 -0.4686
vn 0.0168 0.5859 -0.8102
vn 0.0116 0.3941 -0.9190
vn 0.0118 0.2086 -0.9779
vn 0.0056 0.1943 -0.9809
vn 0.6981 0.6953 0.1706
vn 0.6912 0.6986 0.1849
vn 0.6925 0.6974 0.1847
vn 0.6870 0.7032 0.1831
vn 0.6825 0.7073 0.1841
vn 0.6892 0.7110 0.1397
vn 0.6857 0.6873 -0.2394
vn 0.6648 0.7243 0.1829
vn 0.6468 0.7407 0.1818
vn 0.6097 0.7720 0.1795
vn 0.6284 0.7566 0.1807
vn 0.5713 0.8013 0.1776
vn 0.5906 0.7869 0.1786
vn 0.5316 0.8286 0.1758
vn 0.5516 0.8152 0.1767
vn 0.5112 0.8415 0.1749
vn 0.4696 0.8657 0.1734
vn 0.4905 0.8539 0.1741
vn 0.4429 0.8589 -0.2572
vn 0.4266 0.8880 0.1719
vn 0.4482 0.8771 0.1725
vn 0.5378 0.5374 -0.6496
vn 0.2800 0.2788 -0.9186
vn -0.0181 -0.0258 -0.9995
vn -0.0001 -0.0001 -1.0000
vn 0.0001 0.0003 -1.0000
vn -0.0001 -0.0003 -1.0000
vn 0.4046 0.8983 0.1713
vn 0.3598 0.9174 0.1699
vn 0.3823 0.9082 0.1706
vn 0.3371 0.9261 0.1692
vn 0.2912 0.9418 0.1678
vn 0.3142 0.9343 0.1685
vn 0.2681 0.9487 0.1674
vn 0.2449 0.9551 0.1668
vn 0.1979 0.9661 0.1660
vn 0.2214 0.9609 0.1664
vn 0.1645 0.9479 -0.2730
vn 0.1742 0.9707 0.1656
vn 0.1264 0.9781 0.1651
vn 0.1504 0.9747 0.1653
vn 0.1023 0.9810 0.1649
vn 0.0537 0.9849 0.1646
vn 0.0781 0.9832 0.1647
vn 0.0305 0.9872 0.1566
vn 0.0044 0.9863 0.1651
vn 0.0351 0.9971 0.0681
vn -0.0008 0.9864 0.1643
vn -0.0008 0.9695 -0.2450
vn -0.0002 -0.0170 -0.9999
vn -0.0000 0.0003 -1.0000
vn -0.0007 0.7630 -0.6464
vn -0.0004 0.4010 -0.9161
vn -0.9767 0.2146 0.0040
vn -0.9453 0.2361 -0.2252
vn -0.9518 0.2102 -0.2232
vn -0.7501 0.1599 -0.6416
vn -0.8707 0.2175 -0.4411
vn -0.7465 0.1862 -0.6388
vn -0.8772 0.1935 -0.4393
vn -0.3975 0.0804 -0.9141
vn -0.5819 0.1453 -0.8002
vn -0.4062 0.0985 -0.9085
vn -0.5931 0.1298 -0.7946
vn -0.1981 0.0370 -0.9795
vn -0.2050 0.0488 -0.9775
vn -0.9621 0.1584 -0.2218
vn -0.7597 0.1250 -0.6381
vn -0.3992 0.0656 -0.9145
vn -0.7716 0.0853 -0.6304
vn -0.4099 0.0453 -0.9110
vn -0.8977 0.0489 -0.4379
vn -0.7698 0.0419 -0.6369
vn -0.9652 0.1131 -0.2358
vn -0.9740 0.0531 -0.2203
vn -0.6006 0.0327 -0.7988
vn -0.4045 0.0220 -0.9143
vn -0.9751 0.0285 -0.2201
vn -0.9985 0.0543 0.0085
vn -0.9931 0.0119 0.1170
vn -0.9981 0.0344 -0.0517
vn -0.9999 0.0135 0.0089
vn -0.7713 0.0199 -0.6362
vn -0.8990 0.0241 -0.4373
vn -0.4081 0.0070 -0.9129
vn -0.6047 0.0172 -0.7963
vn -0.2002 0.0017 -0.9798
vn -0.1835 0.0081 -0.9830
vn -0.9696 0.2443 0.0116
vn -0.9495 0.2286 0.2148
vn -0.9411 0.2625 0.2132
vn -0.9425 0.2628 -0.2066
vn -0.9568 0.1945 0.2163
vn -0.9610 0.1711 0.2172
vn -0.9630 0.1491 0.2247
vn -0.9685 0.1234 0.2163
vn -0.9705 0.1003 0.2191
vn -0.7502 0.2092 -0.6272
vn -0.3859 0.1101 -0.9160
vn 0.0312 -0.0027 -0.9995
vn -0.0153 0.0026 -0.9999
vn -0.9726 0.0766 0.2197
vn -0.9741 0.0528 0.2200
vn -0.9929 0.0280 0.1154
vn -0.9750 0.0289 0.2202
vn -0.9754 0.0050 0.2203
vn -0.9754 -0.0002 0.2203
vn -0.9796 -0.0001 -0.2010
vn 0.0371 -0.0062 -0.9993
vn -0.7811 -0.0001 -0.6244
vn -0.4119 -0.0001 -0.9112
vn -0.6604 -0.7505 -0.0228
vn -0.6615 -0.7080 -0.2474
vn -0.6393 -0.7275 -0.2490
vn -0.5857 -0.6667 -0.4608
vn -0.5237 -0.5649 -0.6377
vn -0.5010 -0.5702 -0.6511
vn -0.6083 -0.6487 -0.4573
vn -0.2580 -0.3033 -0.9173
vn -0.4092 -0.4412 -0.7987
vn -0.2718 -0.2909 -0.9173
vn -0.3931 -0.4500 -0.8019
vn -0.1339 -0.1433 -0.9806
vn -0.1294 -0.1471 -0.9806
vn -0.5939 -0.7644 -0.2509
vn -0.4653 -0.5989 -0.6517
vn -0.2440 -0.3141 -0.9175
vn -0.5481 -0.7974 -0.2524
vn -0.4281 -0.6251 -0.6527
vn -0.2243 -0.3278 -0.9177
vn -0.4991 -0.8283 -0.2548
vn -0.3896 -0.6489 -0.6536
vn -0.2043 -0.3400 -0.9180
vn -0.4486 -0.8564 -0.2557
vn -0.3498 -0.6705 -0.6542
vn -0.1833 -0.3513 -0.9181
vn -0.3962 -0.8813 -0.2574
vn -0.3087 -0.6896 -0.6551
vn -0.1618 -0.3616 -0.9182
vn -0.3426 -0.9035 -0.2574
vn -0.2664 -0.7068 -0.6554
vn -0.1395 -0.3702 -0.9184
vn -0.2869 -0.9220 -0.2599
vn -0.2230 -0.7208 -0.6563
vn -0.1168 -0.3775 -0.9186
vn -0.2310 -0.9373 -0.2608
vn -0.1795 -0.7326 -0.6566
vn -0.0941 -0.3841 -0.9185
vn -0.1319 -0.7446 -0.6544
vn -0.0709 -0.3883 -0.9188
vn -0.1172 -0.9581 -0.2615
vn -0.0906 -0.7481 -0.6574
vn -0.0397 -0.4074 -0.9124
vn -0.0533 -0.8813 -0.4695
vn -0.0454 -0.7523 -0.6573
vn -0.0582 -0.9633 -0.2622
vn -0.0354 -0.5853 -0.8101
vn -0.0237 -0.3937 -0.9189
vn -0.0353 -0.9985 -0.0421
vn -0.0287 -0.9646 -0.2620
vn -0.0131 -0.9976 0.0674
vn -0.0146 -0.9990 -0.0423
vn -0.0262 -0.8825 -0.4696
vn -0.0224 -0.7529 -0.6577
vn -0.0083 -0.3971 -0.9177
vn -0.0188 -0.5893 -0.8077
vn -0.0051 -0.1930 -0.9812
vn -0.0117 -0.1940 -0.9809
vn -0.6834 -0.7299 -0.0140
vn -0.6672 -0.7240 0.1750
vn -0.6926 -0.6973 0.1847
vn -0.6454 -0.7407 0.1864
vn -0.6096 -0.7720 0.1797
vn -0.6284 -0.7566 0.1807
vn -0.5906 -0.7870 0.1785
vn -0.6860 -0.6906 -0.2291
vn -0.5712 -0.8014 0.1776
vn -0.5515 -0.8153 0.1766
vn -0.5315 -0.8287 0.1756
vn -0.5111 -0.8415 0.1749
vn -0.4905 -0.8539 0.1741
vn -0.4695 -0.8657 0.1733
vn -0.4482 -0.8771 0.1725
vn -0.4266 -0.8879 0.1719
vn -0.4047 -0.8983 0.1711
vn -0.3825 -0.9081 0.1706
vn -0.3599 -0.9174 0.1699
vn -0.5393 -0.5395 -0.6466
vn -0.2780 -0.2754 -0.9203
vn -0.0004 -0.0009 -1.0000
vn 0.0003 0.0007 -1.0000
vn -0.3398 -0.9227 0.1824
vn -0.3135 -0.9353 0.1643
vn -0.2912 -0.9418 0.1680
vn -0.2448 -0.9551 0.1668
vn -0.2681 -0.9487 0.1674
vn -0.2213 -0.9609 0.1664
vn -0.1978 -0.9661 0.1660
vn -0.1694 -0.9501 -0.2621
vn -0.1741 -0.9707 0.1656
vn -0.1503 -0.9747 0.1653
vn -0.1264 -0.9782 0.1651
vn -0.0629 -0.9965 -0.0545
vn -0.0781 -0.9833 0.1647
vn -0.1023 -0.9810 0.1648
vn -0.0537 -0.9849 0.1646
vn -0.0306 -0.9872 0.1565
vn -0.0046 -0.9863 0.1651
vn 0.0006 -0.9864 0.1643
vn -0.0352 -0.9971 0.0672
vn 0.0006 -0.9695 -0.2449
vn -0.0000 0.0004 -1.0000
vn 0.0005 -0.7630 -0.6464
vn 0.0003 -0.4009 -0.9161
vn 0.7261 -0.6398 -0.2518
vn 0.7249 -0.6884 -0.0224
vn 0.7026 -0.6675 -0.2467
vn 0.7109 -0.6978 0.0883
vn 0.7140 -0.6997 -0.0239
vn 0.5695 -0.4999 -0.6525
vn 0.6446 -0.6123 -0.4579
vn 0.5608 -0.5286 -0.6373
vn 0.6644 -0.5926 -0.4554
vn 0.3022 -0.2608 -0.9169
vn 0.4382 -0.4131 -0.7983
vn 0.3009 -0.2824 -0.9109
vn 0.4422 -0.3954 -0.8051
vn 0.1522 -0.1278 -0.9801
vn 0.1525 -0.1421 -0.9780
vn 0.7618 -0.6005 -0.2430
vn 0.5979 -0.4713 -0.6484
vn 0.3137 -0.2472 -0.9168
vn 0.6308 -0.4328 -0.6440
vn 0.3287 -0.2281 -0.9165
vn 0.6566 -0.3943 -0.6429
vn 0.7905 -0.5595 -0.2491
vn 0.3428 -0.2083 -0.9160
vn 0.6805 -0.3546 -0.6413
vn 0.8229 -0.5117 -0.2469
vn 0.3552 -0.1875 -0.9158
vn 0.7017 -0.3129 -0.6402
vn 0.8533 -0.4605 -0.2443
vn 0.3832 -0.1570 -0.9102
vn 0.7205 -0.2698 -0.6388
vn 0.8802 -0.4088 -0.2411
vn 0.3929 -0.1337 -0.9098
vn 0.7371 -0.2256 -0.6370
vn 0.9041 -0.3541 -0.2392
vn 0.4009 -0.1092 -0.9096
vn 0.7498 -0.1810 -0.6364
vn 0.9246 -0.2990 -0.2361
vn 0.3923 -0.0969 -0.9147
vn 0.7601 -0.1359 -0.6355
vn 0.9411 -0.2444 -0.2337
vn 0.4124 -0.0604 -0.9090
vn 0.7700 -0.0944 -0.6310
vn 0.9548 -0.1860 -0.2318
vn 0.4188 -0.0401 -0.9072
vn 0.8972 -0.0544 -0.4383
vn 0.7695 -0.0468 -0.6369
vn 0.9635 -0.1234 -0.2374
vn 0.9736 -0.0590 -0.2204
vn 0.6008 -0.0365 -0.7985
vn 0.4043 -0.0246 -0.9143
vn 0.9749 -0.0316 -0.2202
vn 0.9981 -0.0605 0.0085
vn 0.9925 -0.0131 0.1216
vn 0.9978 -0.0379 -0.0544
vn 0.9999 -0.0148 0.0088
vn 0.7714 -0.0225 -0.6359
vn 0.8994 -0.0256 -0.4364
vn 0.6008 -0.0175 -0.7992
vn 0.4049 -0.0121 -0.9143
vn 0.1999 -0.0037 -0.9798
vn 0.1986 -0.0122 -0.9800
vn 0.6953 -0.6943 0.1860
vn 0.6912 -0.6987 0.1847
vn 0.7143 -0.6771 0.1771
vn 0.7266 -0.6814 0.0884
vn 0.7280 -0.6594 0.1875
vn 0.7485 -0.6629 -0.0183
vn 0.6846 -0.6920 -0.2291
vn 0.7435 -0.6416 0.1888
vn 0.7584 -0.6234 0.1901
vn 0.7869 -0.5862 0.1926
vn 0.7729 -0.6050 0.1913
vn 0.8004 -0.5672 0.1939
vn 0.8264 -0.5278 0.1964
vn 0.8135 -0.5479 0.1950
vn 0.8388 -0.5073 0.1978
vn 0.8621 -0.4654 0.2005
vn 0.8507 -0.4865 0.1991
vn 0.8833 -0.4224 0.2033
vn 0.8730 -0.4440 0.2019
vn 0.8931 -0.4004 0.2048
vn 0.5347 -0.5439 -0.6467
vn 0.2643 -0.2748 -0.9245
vn -0.0255 0.0183 -0.9995
vn -0.0002 0.0001 -1.0000
vn -0.0005 0.0002 -1.0000
vn 0.9025 -0.3781 0.2064
vn 0.9112 -0.3556 0.2079
vn 0.9194 -0.3329 0.2095
vn 0.9341 -0.2872 0.2122
vn 0.9270 -0.3101 0.2109
vn 0.9413 -0.2660 0.2079
vn 0.9518 -0.2179 0.2157
vn 0.9440 -0.2350 0.2315
vn 0.9610 -0.1712 0.2172
vn 0.9567 -0.1946 0.2166
vn 0.9647 -0.1477 0.2179
vn 0.9706 -0.1004 0.2189
vn 0.9679 -0.1242 0.2185
vn 0.9726 -0.0767 0.2193
vn 0.9919 -0.0359 0.1220
vn 0.9771 -0.0303 0.2108
vn 0.9741 -0.0528 0.2197
vn 0.9752 -0.0044 0.2212
vn 0.9754 0.0006 0.2203
vn 0.9796 0.0005 -0.2010
vn 0.0005 -0.0002 -1.0000
vn 0.0002 -0.0000 -1.0000
vn 0.7812 0.0004 -0.6243
vn 0.4119 0.0002 -0.9112
vn 0.7351 -0.6541 0.1779
vn 0.7473 -0.6401 0.1784
vn 0.7509 -0.6394 0.1651
vn 0.7267 -0.6669 0.1645
vn 0.7229 -0.6678 0.1773
vn 0.7101 -0.6816 0.1765
vn 0.7014 -0.6936 0.1639
vn 0.6976 -0.6946 0.1758
vn 0.7198 -0.6698 0.1822
vn 0.7007 -0.6903 0.1803
vn 0.7085 -0.6827 0.1785
vn 0.6951 -0.6959 0.1805
vn 0.6994 -0.6909 0.1832
vn 0.7056 -0.6844 0.1836
vn 0.6963 -0.6940 0.1829
vn 0.6936 -0.6968 0.1827
vn 0.6983 -0.6918 0.1841
vn 0.6932 -0.6970 0.1836
vn 0.6957 -0.6946 0.1832
vn 0.7434 -0.6431 0.1839
vn 0.7320 -0.6563 0.1832
vn 0.7809 -0.5980 0.1807
vn 0.7917 -0.5834 0.1814
vn 0.7958 -0.5823 0.1662
vn 0.7739 -0.6112 0.1655
vn 0.7698 -0.6124 0.1799
vn 0.7586 -0.6265 0.1791
vn 0.7668 -0.6145 0.1856
vn 0.7554 -0.6289 0.1841
vn 0.7882 -0.5862 0.1873
vn 0.7773 -0.6006 0.1873
vn 0.7552 -0.6420 0.1320
vn 0.7784 -0.6135 0.1330
vn 0.8005 -0.5847 0.1317
vn 0.8221 -0.5389 0.1833
vn 0.8318 -0.5237 0.1840
vn 0.8361 -0.5224 0.1675
vn 0.8165 -0.5527 0.1668
vn 0.8123 -0.5539 0.1827
vn 0.8021 -0.5689 0.1819
vn 0.8093 -0.5562 0.1889
vn 0.7990 -0.5715 0.1873
vn 0.8287 -0.5263 0.1906
vn 0.8186 -0.5417 0.1910
vn 0.8213 -0.5555 0.1299
vn 0.8416 -0.5247 0.1282
vn 0.8597 -0.4757 0.1862
vn 0.8683 -0.4594 0.1869
vn 0.8730 -0.4576 0.1687
vn 0.8551 -0.4904 0.1679
vn 0.8506 -0.4919 0.1856
vn 0.8414 -0.5079 0.1848
vn 0.8478 -0.4942 0.1923
vn 0.8383 -0.5108 0.1909
vn 0.8654 -0.4618 0.1942
vn 0.8561 -0.4787 0.1948
vn 0.8610 -0.4925 0.1269
vn 0.8791 -0.4598 0.1255
vn 0.8913 -0.4121 0.1892
vn 0.8983 -0.3962 0.1899
vn 0.9032 -0.3941 0.1699
vn 0.8887 -0.4261 0.1693
vn 0.8839 -0.4280 0.1885
vn 0.8763 -0.4438 0.1877
vn 0.8809 -0.4309 0.1959
vn 0.8732 -0.4470 0.1943
vn 0.8953 -0.3993 0.1975
vn 0.8876 -0.4159 0.1980
vn 0.8925 -0.4339 0.1232
vn 0.9098 -0.3961 0.1239
vn 0.9184 -0.3458 0.1922
vn 0.9244 -0.3289 0.1930
vn 0.9295 -0.3265 0.1713
vn 0.9170 -0.3605 0.1706
vn 0.9120 -0.3626 0.1916
vn 0.9053 -0.3796 0.1908
vn 0.9088 -0.3663 0.1996
vn 0.9022 -0.3831 0.1980
vn 0.9211 -0.3331 0.2014
vn 0.9152 -0.3492 0.2012
vn 0.9240 -0.3622 0.1225
vn 0.9369 -0.3281 0.1210
vn 0.9404 -0.2784 0.1953
vn 0.9450 -0.2619 0.1960
vn 0.9501 -0.2600 0.1725
vn 0.9405 -0.2932 0.1719
vn 0.9354 -0.2953 0.1947
vn 0.9301 -0.3121 0.1939
vn 0.9325 -0.2984 0.2035
vn 0.9272 -0.3158 0.2016
vn 0.9421 -0.2653 0.2050
vn 0.9372 -0.2822 0.2050
vn 0.9480 -0.2950 0.1191
vn 0.9581 -0.2613 0.1172
vn 0.9572 -0.2116 0.1976
vn 0.9607 -0.1947 0.1981
vn 0.9656 -0.1935 0.1734
vn 0.9585 -0.2268 0.1730
vn 0.9534 -0.2284 0.1970
vn 0.9493 -0.2453 0.1965
vn 0.9508 -0.2307 0.2066
vn 0.9469 -0.2478 0.2049
vn 0.9580 -0.1977 0.2077
vn 0.9544 -0.2145 0.2077
vn 0.9667 -0.2280 0.1164
vn 0.9730 -0.2015 0.1122
vn 0.9694 -0.1437 0.1991
vn 0.9717 -0.1265 0.1994
vn 0.9767 -0.1259 0.1740
vn 0.9717 -0.1600 0.1738
vn 0.9667 -0.1609 0.1988
vn 0.9638 -0.1780 0.1984
vn 0.9644 -0.1622 0.2089
vn 0.9616 -0.1797 0.2072
vn 0.9692 -0.1291 0.2096
vn 0.9669 -0.1458 0.2093
vn 0.9803 -0.1606 0.1152
vn 0.9853 -0.1267 0.1149
vn 0.9770 -0.0744 0.2000
vn 0.9781 -0.0569 0.2001
vn 0.9830 -0.0562 0.1745
vn 0.9805 -0.0913 0.1742
vn 0.9755 -0.0919 0.1998
vn 0.9738 -0.1094 0.1995
vn 0.9733 -0.0924 0.2102
vn 0.9716 -0.1107 0.2092
vn 0.9747 -0.0749 0.2105
vn 0.9758 -0.0590 0.2107
vn 0.9892 -0.0919 0.1144
vn 0.9919 -0.0566 0.1140
vn 0.9797 -0.0042 0.2006
vn 0.9796 0.0126 0.2008
vn 0.9846 0.0127 0.1746
vn 0.9844 -0.0207 0.1745
vn 0.9795 -0.0212 0.2004
vn 0.9790 -0.0388 0.2003
vn 0.9767 -0.0406 0.2110
vn 0.9773 -0.0221 0.2109
vn 0.9775 0.0041 0.2111
vn 0.9774 0.0128 0.2111
vn 0.9775 -0.0045 0.2110
vn 0.9774 -0.0132 0.2111
vn 0.9765 -0.0089 0.2152
vn 0.9764 -0.0047 0.2159
vn 0.9763 -0.0135 0.2158
vn 0.9762 -0.0222 0.2157
vn 0.9759 -0.0092 0.2179
vn 0.9759 -0.0050 0.2182
vn 0.9759 -0.0136 0.2179
vn 0.9764 0.0044 0.2157
vn 0.9763 0.0127 0.2159
vn 0.9765 -0.0000 0.2157
vn 0.9759 -0.0007 0.2181
vn 0.9759 0.0035 0.2182
vn 0.9933 -0.0208 0.1136
vn 0.9935 0.0129 0.1134
vn 0.9776 0.0641 0.2004
vn 0.9763 0.0815 0.2003
vn 0.9813 0.0809 0.1744
vn 0.9836 0.0464 0.1746
vn 0.9786 0.0469 0.2005
vn 0.9792 0.0297 0.2006
vn 0.9770 0.0305 0.2111
vn 0.9763 0.0481 0.2110
vn 0.9754 0.0644 0.2108
vn 0.9741 0.0824 0.2104
vn 0.9924 0.0468 0.1135
vn 0.9902 0.0814 0.1137
vn 0.9709 0.1329 0.1994
vn 0.9685 0.1499 0.1990
vn 0.9735 0.1486 0.1739
vn 0.9780 0.1147 0.1742
vn 0.9730 0.1157 0.1997
vn 0.9748 0.0987 0.2000
vn 0.9724 0.1009 0.2103
vn 0.9705 0.1184 0.2100
vn 0.9686 0.1339 0.2095
vn 0.9661 0.1518 0.2089
vn 0.9867 0.1155 0.1141
vn 0.9821 0.1494 0.1146
vn 0.9594 0.2012 0.1977
vn 0.9557 0.2186 0.1971
vn 0.9607 0.2169 0.1730
vn 0.9678 0.1825 0.1734
vn 0.9627 0.1840 0.1982
vn 0.9658 0.1670 0.1986
vn 0.9631 0.1700 0.2085
vn 0.9600 0.1875 0.2079
vn 0.9569 0.2040 0.2069
vn 0.9532 0.2207 0.2069
vn 0.9762 0.1835 0.1155
vn 0.9689 0.2182 0.1163
vn 0.9429 0.2700 0.1953
vn 0.9380 0.2867 0.1948
vn 0.9431 0.2847 0.1720
vn 0.9525 0.2510 0.1724
vn 0.9475 0.2529 0.1959
vn 0.9518 0.2356 0.1965
vn 0.9491 0.2387 0.2054
vn 0.9449 0.2552 0.2052
vn 0.9379 0.2804 0.2042
vn 0.9353 0.2892 0.2038
vn 0.9403 0.2719 0.2047
vn 0.9427 0.2631 0.2050
vn 0.9413 0.2655 0.2087
vn 0.9389 0.2736 0.2088
vn 0.9436 0.2566 0.2095
vn 0.9366 0.2818 0.2083
vn 0.9340 0.2906 0.2079
vn 0.9605 0.2525 0.1173
vn 0.9506 0.2867 0.1189
vn 0.9215 0.3373 0.1926
vn 0.9154 0.3537 0.1919
vn 0.9203 0.3520 0.1708
vn 0.9324 0.3183 0.1713
vn 0.9274 0.3202 0.1932
vn 0.9328 0.3035 0.1941
vn 0.9243 0.3238 0.2021
vn 0.9301 0.3057 0.2037
vn 0.9124 0.3567 0.2006
vn 0.9190 0.3397 0.2001
vn 0.9415 0.3169 0.1142
vn 0.9275 0.3534 0.1214
vn 0.8960 0.4015 0.1899
vn 0.8890 0.4170 0.1892
vn 0.8938 0.4151 0.1696
vn 0.9076 0.3837 0.1701
vn 0.9027 0.3857 0.1907
vn 0.9092 0.3698 0.1913
vn 0.9058 0.3739 0.1994
vn 0.8996 0.3887 0.1988
vn 0.8930 0.4044 0.1977
vn 0.8853 0.4214 0.1968
vn 0.9145 0.3857 0.1221
vn 0.9004 0.4172 0.1235
vn 0.8643 0.4670 0.1868
vn 0.8554 0.4833 0.1861
vn 0.8601 0.4816 0.1682
vn 0.8776 0.4487 0.1688
vn 0.8728 0.4506 0.1877
vn 0.8811 0.4338 0.1885
vn 0.8773 0.4382 0.1958
vn 0.8697 0.4536 0.1946
vn 0.8611 0.4701 0.1939
vn 0.8519 0.4869 0.1928
vn 0.8838 0.4509 0.1249
vn 0.8659 0.4840 0.1263
vn 0.8281 0.5296 0.1838
vn 0.8184 0.5447 0.1830
vn 0.8229 0.5431 0.1669
vn 0.8421 0.5126 0.1676
vn 0.8375 0.5144 0.1845
vn 0.8466 0.4989 0.1853
vn 0.8431 0.5024 0.1919
vn 0.8343 0.5171 0.1911
vn 0.8255 0.5313 0.1904
vn 0.8155 0.5469 0.1894
vn 0.8475 0.5152 0.1278
vn 0.8280 0.5456 0.1292
vn 0.7875 0.5892 0.1808
vn 0.7765 0.6039 0.1799
vn 0.7807 0.6025 0.1657
vn 0.8024 0.5731 0.1663
vn 0.7981 0.5745 0.1816
vn 0.8084 0.5597 0.1823
vn 0.8048 0.5629 0.1882
vn 0.7949 0.5770 0.1876
vn 0.7851 0.5905 0.1868
vn 0.7736 0.6057 0.1860
vn 0.8074 0.5755 0.1304
vn 0.7850 0.6052 0.1322
vn 0.7405 0.6482 0.1777
vn 0.7279 0.6625 0.1770
vn 0.7315 0.6617 0.1645
vn 0.7569 0.6323 0.1650
vn 0.7529 0.6335 0.1786
vn 0.7650 0.6186 0.1793
vn 0.7615 0.6213 0.1848
vn 0.7500 0.6354 0.1837
vn 0.7250 0.6642 0.1823
vn 0.7377 0.6501 0.1822
vn 0.7624 0.6340 0.1294
vn 0.7347 0.6648 0.1353
vn 0.6919 0.7004 0.1753
vn 0.6796 0.7124 0.1750
vn 0.6832 0.7116 0.1636
vn 0.7064 0.6886 0.1640
vn 0.7026 0.6895 0.1761
vn 0.7154 0.6761 0.1766
vn 0.7066 0.6842 0.1806
vn 0.7003 0.6906 0.1807
vn 0.7126 0.6777 0.1814
vn 0.7054 0.6848 0.1833
vn 0.6987 0.6916 0.1830
vn 0.6831 0.7079 0.1794
vn 0.6769 0.7139 0.1795
vn 0.6894 0.7017 0.1800
vn 0.6948 0.6962 0.1804
vn 0.6909 0.6996 0.1823
vn 0.6879 0.7025 0.1824
vn 0.6934 0.6971 0.1824
vn 0.6955 0.6949 0.1828
vn 0.6938 0.6964 0.1837
vn 0.6926 0.6975 0.1839
vn 0.6953 0.6948 0.1840
vn 0.6988 0.6912 0.1842
vn 0.6925 0.6975 0.1842
vn 0.6936 0.6965 0.1838
vn 0.6905 0.6996 0.1836
vn 0.6874 0.7028 0.1834
vn 0.6920 0.6981 0.1836
vn 0.6917 0.6983 0.1843
vn 0.6895 0.7005 0.1838
vn 0.6926 0.6973 0.1844
vn 0.6918 0.6984 0.1835
vn 0.6911 0.6990 0.1840
vn 0.6922 0.6977 0.1845
vn 0.6817 0.7086 0.1820
vn 0.6749 0.7153 0.1814
vn 0.6847 0.7058 0.1820
vn 0.6843 0.7058 0.1832
vn 0.6808 0.7092 0.1829
vn 0.7088 0.6922 0.1359
vn 0.6854 0.7152 0.1370
vn 0.6394 0.7491 0.1732
vn 0.6255 0.7609 0.1728
vn 0.6286 0.7606 0.1626
vn 0.6563 0.7366 0.1630
vn 0.6530 0.7371 0.1738
vn 0.6665 0.7248 0.1744
vn 0.6632 0.7268 0.1787
vn 0.6505 0.7383 0.1780
vn 0.6365 0.7506 0.1773
vn 0.6217 0.7631 0.1767
vn 0.5824 0.7947 0.1712
vn 0.5677 0.8053 0.1706
vn 0.5705 0.8052 0.1617
vn 0.5999 0.7835 0.1621
vn 0.5970 0.7837 0.1717
vn 0.6113 0.7724 0.1722
vn 0.6076 0.7745 0.1760
vn 0.5946 0.7847 0.1753
vn 0.5800 0.7956 0.1747
vn 0.5645 0.8069 0.1741
vn 0.5227 0.8356 0.1692
vn 0.5071 0.8452 0.1688
vn 0.5095 0.8453 0.1609
vn 0.5403 0.8259 0.1613
vn 0.5377 0.8259 0.1696
vn 0.5529 0.8157 0.1700
vn 0.5495 0.8173 0.1734
vn 0.5359 0.8264 0.1731
vn 0.5204 0.8363 0.1725
vn 0.5041 0.8464 0.1719
vn 0.4598 0.8721 0.1676
vn 0.4438 0.8804 0.1673
vn 0.4457 0.8807 0.1602
vn 0.4779 0.8636 0.1606
vn 0.4757 0.8634 0.1678
vn 0.4915 0.8545 0.1683
vn 0.4887 0.8555 0.1714
vn 0.4745 0.8635 0.1710
vn 0.4580 0.8725 0.1704
vn 0.4410 0.8812 0.1700
vn 0.3967 0.9028 0.1662
vn 0.3810 0.9096 0.1658
vn 0.3829 0.9099 0.1597
vn 0.4146 0.8959 0.1598
vn 0.4126 0.8956 0.1665
vn 0.4282 0.8881 0.1670
vn 0.4261 0.8887 0.1694
vn 0.4118 0.8954 0.1693
vn 0.3786 0.9101 0.1682
vn 0.3949 0.9032 0.1681
vn 0.4465 0.8833 0.1429
vn 0.4139 0.8988 0.1442
vn 0.3813 0.9131 0.1446
vn 0.3278 0.9303 0.1647
vn 0.3099 0.9365 0.1644
vn 0.3116 0.9368 0.1591
vn 0.3475 0.9240 0.1594
vn 0.3456 0.9238 0.1650
vn 0.3633 0.9170 0.1648
vn 0.3616 0.9171 0.1677
vn 0.3450 0.9235 0.1677
vn 0.3265 0.9303 0.1670
vn 0.3074 0.9369 0.1665
vn 0.2577 0.9522 0.1637
vn 0.2399 0.9571 0.1627
vn 0.2414 0.9574 0.1587
vn 0.2767 0.9477 0.1588
vn 0.2752 0.9474 0.1637
vn 0.2926 0.9421 0.1640
vn 0.2907 0.9423 0.1660
vn 0.2746 0.9471 0.1659
vn 0.2568 0.9522 0.1655
vn 0.2382 0.9571 0.1651
vn 0.1878 0.9687 0.1622
vn 0.1703 0.9719 0.1623
vn 0.1712 0.9725 0.1581
vn 0.2065 0.9656 0.1579
vn 0.2054 0.9650 0.1628
vn 0.2226 0.9613 0.1626
vn 0.2215 0.9611 0.1647
vn 0.2057 0.9646 0.1648
vn 0.1878 0.9684 0.1644
vn 0.1689 0.9719 0.1641
vn 0.2414 0.9592 0.1474
vn 0.2065 0.9672 0.1479
vn 0.1692 0.9744 0.1479
vn 0.1149 0.9801 0.1616
vn 0.0966 0.9821 0.1617
vn 0.0971 0.9827 0.1580
vn 0.1343 0.9783 0.1580
vn 0.1336 0.9777 0.1622
vn 0.1521 0.9749 0.1623
vn 0.1510 0.9749 0.1639
vn 0.1344 0.9773 0.1641
vn 0.0963 0.9818 0.1635
vn 0.1145 0.9800 0.1628
vn 0.0418 0.9860 0.1613
vn 0.0235 0.9866 0.1617
vn 0.0238 0.9872 0.1579
vn 0.0604 0.9856 0.1577
vn 0.0602 0.9850 0.1618
vn 0.0783 0.9837 0.1619
vn 0.0613 0.9846 0.1636
vn 0.0785 0.9834 0.1635
vn 0.0232 0.9863 0.1631
vn 0.0417 0.9859 0.1623
vn -0.0293 0.9864 0.1618
vn -0.0470 0.9857 0.1616
vn -0.0477 0.9863 0.1577
vn -0.0118 0.9874 0.1575
vn -0.0118 0.9868 0.1613
vn 0.0059 0.9869 0.1614
vn -0.0028 0.9866 0.1629
vn -0.0115 0.9865 0.1631
vn 0.0063 0.9866 0.1628
vn 0.0143 0.9865 0.1630
vn 0.0058 0.9865 0.1637
vn 0.0144 0.9865 0.1633
vn -0.0114 0.9864 0.1637
vn 0.0019 0.9865 0.1637
vn -0.0033 0.9867 0.1628
vn -0.0029 0.9865 0.1640
vn 0.0002 0.9866 0.1634
vn -0.0290 0.9862 0.1633
vn -0.0466 0.9855 0.1632
vn 0.0237 0.9885 0.1493
vn -0.0118 0.9888 0.1486
vn -0.0474 0.9877 0.1491
vn -0.1042 0.9813 0.1620
vn -0.1230 0.9791 0.1618
vn -0.1238 0.9796 0.1581
vn -0.0856 0.9837 0.1579
vn -0.0850 0.9832 0.1614
vn -0.0661 0.9846 0.1618
vn -0.0651 0.9844 0.1635
vn -0.0838 0.9830 0.1636
vn -0.1240 0.9786 0.1640
vn -0.1036 0.9810 0.1643
vn -0.1773 0.9707 0.1620
vn -0.1957 0.9670 0.1628
vn -0.1967 0.9676 0.1582
vn -0.1604 0.9743 0.1582
vn -0.1596 0.9737 0.1623
vn -0.1414 0.9767 0.1617
vn -0.1584 0.9737 0.1639
vn -0.1402 0.9765 0.1636
vn -0.1960 0.9667 0.1647
vn -0.1766 0.9703 0.1653
vn -0.2478 0.9550 0.1628
vn -0.2651 0.9503 0.1635
vn -0.2667 0.9506 0.1586
vn -0.2319 0.9598 0.1580
vn -0.2304 0.9594 0.1629
vn -0.2130 0.9635 0.1624
vn -0.2286 0.9594 0.1650
vn -0.2118 0.9634 0.1646
vn -0.2470 0.9548 0.1654
vn -0.2645 0.9500 0.1658
vn -0.1969 0.9691 0.1485
vn -0.2319 0.9614 0.1479
vn -0.2667 0.9524 0.1473
vn -0.3173 0.9339 0.1646
vn -0.3343 0.9279 0.1647
vn -0.3362 0.9282 0.1593
vn -0.3016 0.9401 0.1589
vn -0.2999 0.9397 0.1643
vn -0.2825 0.9452 0.1635
vn -0.2980 0.9400 0.1663
vn -0.2809 0.9453 0.1658
vn -0.3335 0.9278 0.1673
vn -0.3152 0.9342 0.1672
vn -0.3870 0.9070 0.1659
vn -0.4044 0.8993 0.1664
vn -0.4063 0.8997 0.1598
vn -0.3715 0.9146 0.1595
vn -0.3697 0.9143 0.1656
vn -0.3519 0.9214 0.1650
vn -0.3678 0.9146 0.1680
vn -0.3503 0.9215 0.1675
vn -0.4039 0.8990 0.1692
vn -0.3850 0.9072 0.1694
vn -0.4496 0.8774 0.1673
vn -0.4646 0.8695 0.1678
vn -0.4668 0.8697 0.1604
vn -0.4369 0.8852 0.1600
vn -0.4347 0.8849 0.1670
vn -0.4196 0.8923 0.1667
vn -0.4321 0.8857 0.1697
vn -0.4174 0.8929 0.1690
vn -0.4629 0.8698 0.1706
vn -0.4477 0.8778 0.1704
vn -0.4073 0.9018 0.1448
vn -0.4375 0.8876 0.1441
vn -0.4675 0.8722 0.1437
vn -0.5131 0.8416 0.1688
vn -0.5290 0.8316 0.1693
vn -0.5316 0.8315 0.1612
vn -0.4995 0.8513 0.1607
vn -0.4972 0.8511 0.1684
vn -0.4810 0.8605 0.1681
vn -0.4940 0.8524 0.1715
vn -0.4785 0.8615 0.1699
vn -0.5272 0.8321 0.1725
vn -0.5108 0.8423 0.1721
vn -0.5741 0.8008 0.1708
vn -0.5886 0.7900 0.1713
vn -0.5916 0.7898 0.1620
vn -0.5620 0.8112 0.1615
vn -0.5593 0.8113 0.1704
vn -0.5442 0.8215 0.1699
vn -0.5560 0.8128 0.1736
vn -0.5418 0.8227 0.1718
vn -0.5862 0.7911 0.1747
vn -0.5715 0.8019 0.1744
vn -0.6314 0.7559 0.1730
vn -0.6453 0.7440 0.1735
vn -0.6485 0.7436 0.1629
vn -0.6205 0.7672 0.1624
vn -0.6173 0.7676 0.1723
vn -0.6031 0.7789 0.1718
vn -0.6137 0.7696 0.1763
vn -0.6002 0.7805 0.1747
vn -0.6423 0.7456 0.1774
vn -0.6282 0.7576 0.1772
vn -0.6851 0.7071 0.1752
vn -0.6977 0.6945 0.1756
vn -0.7016 0.6935 0.1639
vn -0.6755 0.7190 0.1634
vn -0.6722 0.7194 0.1748
vn -0.6588 0.7319 0.1742
vn -0.6686 0.7218 0.1791
vn -0.6557 0.7340 0.1771
vn -0.6888 0.7022 0.1800
vn -0.6955 0.6956 0.1800
vn -0.6822 0.7087 0.1797
vn -0.6904 0.7000 0.1826
vn -0.6936 0.6968 0.1827
vn -0.6874 0.7030 0.1823
vn -0.6921 0.6980 0.1837
vn -0.6930 0.6972 0.1836
vn -0.6904 0.6997 0.1837
vn -0.6926 0.6973 0.1844
vn -0.6911 0.6989 0.1842
vn -0.6935 0.6963 0.1849
vn -0.6923 0.6976 0.1845
vn -0.6921 0.6978 0.1846
vn -0.6921 0.6978 0.1848
vn -0.6924 0.6975 0.1846
vn -0.6906 0.6994 0.1843
vn -0.6923 0.6976 0.1847
vn -0.6920 0.6979 0.1846
vn -0.7085 0.6795 0.1906
vn -0.7150 0.6719 0.1931
vn -0.6923 0.6976 0.1846
vn -0.6920 0.6979 0.1847
vn -0.7182 0.6691 0.1911
vn -0.6343 0.7521 0.1792
vn -0.7351 0.6543 0.1778
vn -0.7469 0.6405 0.1784
vn -0.7508 0.6396 0.1649
vn -0.7267 0.6670 0.1645
vn -0.7230 0.6677 0.1771
vn -0.7104 0.6813 0.1764
vn -0.7203 0.6693 0.1822
vn -0.7015 0.6894 0.1808
vn -0.7086 0.6825 0.1789
vn -0.7062 0.6837 0.1838
vn -0.6969 0.6934 0.1828
vn -0.7006 0.6899 0.1825
vn -0.6990 0.6910 0.1841
vn -0.6946 0.6955 0.1841
vn -0.6978 0.6930 0.1813
vn -0.6957 0.6943 0.1844
vn -0.6925 0.6976 0.1840
vn -0.6921 0.6978 0.1847
vn -0.6946 0.6952 0.1848
vn -0.6928 0.6972 0.1845
vn -0.6956 0.6941 0.1852
vn -0.6893 0.7009 0.1835
vn -0.6930 0.6969 0.1847
vn -0.6901 0.7000 0.1838
vn -0.6949 0.6948 0.1855
vn -0.6920 0.6978 0.1848
vn -0.6955 0.6935 0.1883
vn -0.6925 0.6974 0.1847
vn -0.6848 0.7056 0.1822
vn -0.6402 0.7323 0.2320
vn -0.6959 0.6919 0.1923
vn -0.6873 0.6934 0.2162
vn -0.5798 0.7609 0.2913
vn -0.6965 0.6997 0.1593
vn -0.8793 0.3748 0.2939
vn -0.7438 0.6427 0.1835
vn -0.7316 0.6563 0.1845
vn -0.7808 0.5982 0.1805
vn -0.7915 0.5836 0.1812
vn -0.7957 0.5824 0.1661
vn -0.7738 0.6114 0.1656
vn -0.7698 0.6124 0.1799
vn -0.7585 0.6266 0.1792
vn -0.7670 0.6143 0.1854
vn -0.7552 0.6291 0.1842
vn -0.7884 0.5861 0.1867
vn -0.7773 0.6006 0.1876
vn -0.7548 0.6426 0.1316
vn -0.7783 0.6139 0.1320
vn -0.8006 0.5848 0.1307
vn -0.8222 0.5388 0.1834
vn -0.8319 0.5234 0.1841
vn -0.8364 0.5219 0.1675
vn -0.8167 0.5525 0.1668
vn -0.8123 0.5540 0.1825
vn -0.8021 0.5688 0.1818
vn -0.8094 0.5561 0.1889
vn -0.7987 0.5719 0.1871
vn -0.8287 0.5263 0.1902
vn -0.8187 0.5416 0.1908
vn -0.8218 0.5549 0.1294
vn -0.8421 0.5238 0.1287
vn -0.8599 0.4752 0.1865
vn -0.8686 0.4587 0.1872
vn -0.8734 0.4568 0.1688
vn -0.8556 0.4896 0.1681
vn -0.8509 0.4914 0.1857
vn -0.8416 0.5075 0.1849
vn -0.8480 0.4937 0.1926
vn -0.8382 0.5109 0.1908
vn -0.8656 0.4615 0.1945
vn -0.8563 0.4783 0.1949
vn -0.8612 0.4920 0.1278
vn -0.8793 0.4595 0.1257
vn -0.8913 0.4119 0.1894
vn -0.8982 0.3962 0.1902
vn -0.9031 0.3943 0.1700
vn -0.8888 0.4257 0.1694
vn -0.8840 0.4276 0.1888
vn -0.8765 0.4431 0.1880
vn -0.8810 0.4304 0.1963
vn -0.8733 0.4467 0.1945
vn -0.8951 0.3994 0.1981
vn -0.8876 0.4156 0.1985
vn -0.8953 0.4279 0.1239
vn -0.9100 0.3958 0.1232
vn -0.9180 0.3467 0.1923
vn -0.9240 0.3300 0.1929
vn -0.9290 0.3281 0.1712
vn -0.9166 0.3615 0.1706
vn -0.9117 0.3633 0.1917
vn -0.9051 0.3800 0.1908
vn -0.9089 0.3661 0.1998
vn -0.9023 0.3831 0.1978
vn -0.9209 0.3337 0.2014
vn -0.9149 0.3500 0.2013
vn -0.9235 0.3636 0.1219
vn -0.9365 0.3294 0.1206
vn -0.9402 0.2791 0.1951
vn -0.9449 0.2625 0.1957
vn -0.9499 0.2607 0.1724
vn -0.9402 0.2942 0.1718
vn -0.9352 0.2961 0.1944
vn -0.9297 0.3132 0.1938
vn -0.9323 0.2994 0.2031
vn -0.9269 0.3166 0.2015
vn -0.9420 0.2658 0.2047
vn -0.9373 0.2823 0.2045
vn -0.9477 0.2961 0.1194
vn -0.9563 0.2686 0.1155
vn -0.9582 0.2280 0.1729
vn -0.9608 0.1941 0.1978
vn -0.9660 0.1918 0.1734
vn -0.9493 0.2457 0.1962
vn -0.9549 0.2283 0.1899
vn -0.9509 0.2307 0.2064
vn -0.9468 0.2481 0.2052
vn -0.9665 0.2282 0.1175
vn -0.9742 0.1933 0.1165
vn -0.9695 0.1426 0.1992
vn -0.9718 0.1256 0.1995
vn -0.9768 0.1245 0.1741
vn -0.9720 0.1583 0.1737
vn -0.9670 0.1596 0.1988
vn -0.9641 0.1768 0.1983
vn -0.9645 0.1619 0.2086
vn -0.9617 0.1794 0.2071
vn -0.9693 0.1281 0.2097
vn -0.9670 0.1449 0.2094
vn -0.9805 0.1594 0.1153
vn -0.9855 0.1249 0.1145
vn -0.9769 0.0742 0.2002
vn -0.9781 0.0569 0.2004
vn -0.9830 0.0564 0.1746
vn -0.9805 0.0906 0.1743
vn -0.9755 0.0913 0.2002
vn -0.9738 0.1085 0.1998
vn -0.9732 0.0921 0.2105
vn -0.9717 0.1101 0.2091
vn -0.9758 0.0578 0.2110
vn -0.9747 0.0752 0.2105
vn -0.9893 0.0912 0.1142
vn -0.9919 0.0568 0.1137
vn -0.9796 0.0072 0.2007
vn -0.9796 -0.0083 0.2006
vn -0.9846 -0.0078 0.1746
vn -0.9844 0.0236 0.1746
vn -0.9794 0.0236 0.2006
vn -0.9788 0.0403 0.2006
vn -0.9772 0.0243 0.2111
vn -0.9768 0.0411 0.2102
vn -0.9775 -0.0010 0.2111
vn -0.9774 -0.0090 0.2112
vn -0.9774 0.0071 0.2111
vn -0.9774 0.0155 0.2110
vn -0.9764 0.0071 0.2159
vn -0.9761 0.0247 0.2160
vn -0.9765 0.0166 0.2148
vn -0.9764 -0.0090 0.2157
vn -0.9764 0.0028 0.2159
vn -0.9768 -0.0014 0.2144
vn -0.9759 -0.0012 0.2182
vn -0.9759 0.0034 0.2180
vn -0.9933 0.0237 0.1135
vn -0.9935 -0.0079 0.1135
vn -0.9777 -0.0636 0.2000
vn -0.9764 -0.0820 0.1998
vn -0.9813 -0.0813 0.1743
vn -0.9837 -0.0447 0.1744
vn -0.9787 -0.0452 0.2002
vn -0.9793 -0.0262 0.2005
vn -0.9764 -0.0462 0.2109
vn -0.9772 -0.0260 0.2106
vn -0.9742 -0.0823 0.2102
vn -0.9756 -0.0641 0.2099
vn -0.9925 -0.0450 0.1139
vn -0.9900 -0.0820 0.1143
vn -0.9708 -0.1339 0.1993
vn -0.9683 -0.1511 0.1989
vn -0.9732 -0.1502 0.1738
vn -0.9779 -0.1161 0.1740
vn -0.9730 -0.1165 0.1995
vn -0.9748 -0.0993 0.1996
vn -0.9704 -0.1192 0.2099
vn -0.9723 -0.1000 0.2112
vn -0.9685 -0.1347 0.2095
vn -0.9660 -0.1525 0.2089
vn -0.9866 -0.1165 0.1145
vn -0.9818 -0.1512 0.1148
vn -0.9592 -0.2020 0.1978
vn -0.9556 -0.2187 0.1974
vn -0.9606 -0.2172 0.1732
vn -0.9675 -0.1839 0.1734
vn -0.9625 -0.1850 0.1983
vn -0.9655 -0.1682 0.1986
vn -0.9630 -0.1704 0.2086
vn -0.9599 -0.1879 0.2080
vn -0.9568 -0.2034 0.2076
vn -0.9531 -0.2205 0.2071
vn -0.9759 -0.1850 0.1154
vn -0.9689 -0.2184 0.1162
vn -0.9431 -0.2689 0.1957
vn -0.9382 -0.2857 0.1951
vn -0.9434 -0.2836 0.1720
vn -0.9526 -0.2504 0.1726
vn -0.9476 -0.2521 0.1963
vn -0.9518 -0.2354 0.1969
vn -0.9489 -0.2388 0.2062
vn -0.9447 -0.2556 0.2053
vn -0.9405 -0.2711 0.2048
vn -0.9355 -0.2886 0.2040
vn -0.9607 -0.2517 0.1171
vn -0.9512 -0.2851 0.1182
vn -0.9219 -0.3360 0.1928
vn -0.9158 -0.3529 0.1919
vn -0.9208 -0.3506 0.1707
vn -0.9328 -0.3171 0.1715
vn -0.9277 -0.3193 0.1935
vn -0.9331 -0.3025 0.1942
vn -0.9300 -0.3065 0.2030
vn -0.9245 -0.3232 0.2020
vn -0.9193 -0.3383 0.2011
vn -0.9127 -0.3562 0.2003
vn -0.9403 -0.3187 0.1195
vn -0.9280 -0.3526 0.1209
vn -0.8953 -0.4032 0.1895
vn -0.8878 -0.4196 0.1889
vn -0.8926 -0.4178 0.1695
vn -0.9074 -0.3844 0.1700
vn -0.9024 -0.3864 0.1905
vn -0.9092 -0.3698 0.1912
vn -0.9058 -0.3740 0.1991
vn -0.8992 -0.3901 0.1981
vn -0.8926 -0.4054 0.1975
vn -0.8847 -0.4228 0.1964
vn -0.9141 -0.3865 0.1224
vn -0.8991 -0.4199 0.1238
vn -0.8638 -0.4680 0.1865
vn -0.8552 -0.4839 0.1858
vn -0.8597 -0.4823 0.1682
vn -0.8768 -0.4503 0.1687
vn -0.8721 -0.4521 0.1874
vn -0.8801 -0.4360 0.1881
vn -0.8766 -0.4399 0.1953
vn -0.8689 -0.4551 0.1945
vn -0.8612 -0.4698 0.1939
vn -0.8523 -0.4862 0.1929
vn -0.8829 -0.4526 0.1252
vn -0.8655 -0.4846 0.1267
vn -0.8277 -0.5303 0.1837
vn -0.8180 -0.5453 0.1830
vn -0.8223 -0.5441 0.1669
vn -0.8415 -0.5136 0.1675
vn -0.8371 -0.5150 0.1845
vn -0.8463 -0.4995 0.1851
vn -0.8431 -0.5024 0.1917
vn -0.8341 -0.5175 0.1908
vn -0.8253 -0.5316 0.1904
vn -0.8149 -0.5478 0.1893
vn -0.8470 -0.5159 0.1279
vn -0.8274 -0.5465 0.1290
vn -0.7872 -0.5895 0.1811
vn -0.7762 -0.6041 0.1803
vn -0.7804 -0.6029 0.1658
vn -0.8019 -0.5739 0.1663
vn -0.7977 -0.5750 0.1818
vn -0.8080 -0.5602 0.1823
vn -0.8045 -0.5634 0.1883
vn -0.7947 -0.5773 0.1877
vn -0.7848 -0.5908 0.1871
vn -0.7736 -0.6058 0.1861
vn -0.8068 -0.5763 0.1304
vn -0.7849 -0.6055 0.1316
vn -0.7408 -0.6477 0.1782
vn -0.7281 -0.6621 0.1774
vn -0.7321 -0.6610 0.1645
vn -0.7569 -0.6323 0.1651
vn -0.7529 -0.6333 0.1789
vn -0.7647 -0.6189 0.1796
vn -0.7614 -0.6213 0.1849
vn -0.7500 -0.6354 0.1840
vn -0.7381 -0.6492 0.1836
vn -0.7251 -0.6641 0.1825
vn -0.7611 -0.6348 0.1329
vn -0.7352 -0.6644 0.1345
vn -0.6921 -0.7001 0.1755
vn -0.6799 -0.7121 0.1752
vn -0.6833 -0.7116 0.1636
vn -0.7078 -0.6871 0.1641
vn -0.7036 -0.6884 0.1760
vn -0.7161 -0.6753 0.1766
vn -0.7073 -0.6832 0.1813
vn -0.7012 -0.6896 0.1810
vn -0.7131 -0.6771 0.1817
vn -0.7055 -0.6847 0.1831
vn -0.6994 -0.6909 0.1829
vn -0.6893 -0.7017 0.1802
vn -0.6765 -0.7142 0.1794
vn -0.6955 -0.6955 0.1804
vn -0.6939 -0.6966 0.1825
vn -0.6877 -0.7027 0.1822
vn -0.7102 -0.6908 0.1359
vn -0.6853 -0.7153 0.1370
vn -0.6394 -0.7491 0.1733
vn -0.6254 -0.7609 0.1728
vn -0.6286 -0.7606 0.1626
vn -0.6563 -0.7367 0.1631
vn -0.6531 -0.7371 0.1738
vn -0.6665 -0.7248 0.1745
vn -0.6633 -0.7267 0.1786
vn -0.6506 -0.7382 0.1782
vn -0.6364 -0.7507 0.1773
vn -0.6219 -0.7629 0.1766
vn -0.5826 -0.7946 0.1712
vn -0.5678 -0.8053 0.1706
vn -0.5706 -0.8052 0.1617
vn -0.6000 -0.7834 0.1621
vn -0.5970 -0.7837 0.1716
vn -0.6112 -0.7725 0.1722
vn -0.6078 -0.7743 0.1759
vn -0.5944 -0.7849 0.1751
vn -0.5797 -0.7959 0.1747
vn -0.5643 -0.8070 0.1741
vn -0.5225 -0.8357 0.1690
vn -0.5072 -0.8451 0.1689
vn -0.5095 -0.8453 0.1609
vn -0.5404 -0.8258 0.1613
vn -0.5378 -0.8258 0.1697
vn -0.5529 -0.8157 0.1701
vn -0.5495 -0.8173 0.1735
vn -0.5358 -0.8265 0.1729
vn -0.5203 -0.8364 0.1724
vn -0.5041 -0.8464 0.1718
vn -0.4599 -0.8720 0.1677
vn -0.4437 -0.8805 0.1670
vn -0.4458 -0.8807 0.1602
vn -0.4779 -0.8636 0.1605
vn -0.4757 -0.8634 0.1679
vn -0.4915 -0.8544 0.1685
vn -0.4884 -0.8556 0.1713
vn -0.4746 -0.8635 0.1709
vn -0.4581 -0.8724 0.1704
vn -0.4412 -0.8812 0.1699
vn -0.3946 -0.9037 0.1660
vn -0.3780 -0.9109 0.1657
vn -0.3798 -0.9112 0.1596
vn -0.4130 -0.8966 0.1599
vn -0.4110 -0.8963 0.1664
vn -0.4275 -0.8885 0.1668
vn -0.4251 -0.8892 0.1694
vn -0.4101 -0.8962 0.1691
vn -0.3756 -0.9114 0.1683
vn -0.3926 -0.9042 0.1683
vn -0.3269 -0.9306 0.1647
vn -0.3100 -0.9364 0.1646
vn -0.3116 -0.9368 0.1591
vn -0.3460 -0.9246 0.1593
vn -0.3443 -0.9242 0.1653
vn -0.3610 -0.9178 0.1652
vn -0.3588 -0.9182 0.1678
vn -0.3430 -0.9243 0.1675
vn -0.3255 -0.9307 0.1670
vn -0.3074 -0.9369 0.1666
vn -0.2577 -0.9523 0.1636
vn -0.2402 -0.9569 0.1632
vn -0.2415 -0.9574 0.1585
vn -0.2767 -0.9478 0.1588
vn -0.2752 -0.9474 0.1637
vn -0.2924 -0.9422 0.1636
vn -0.2906 -0.9423 0.1663
vn -0.2747 -0.9471 0.1660
vn -0.2567 -0.9522 0.1656
vn -0.2381 -0.9571 0.1651
vn -0.1879 -0.9687 0.1625
vn -0.1704 -0.9719 0.1625
vn -0.1709 -0.9726 0.1578
vn -0.2066 -0.9655 0.1583
vn -0.2053 -0.9651 0.1628
vn -0.2227 -0.9612 0.1630
vn -0.2215 -0.9612 0.1647
vn -0.2058 -0.9646 0.1649
vn -0.1877 -0.9684 0.1644
vn -0.1690 -0.9719 0.1641
vn -0.2413 -0.9592 0.1473
vn -0.2065 -0.9672 0.1479
vn -0.1696 -0.9743 0.1483
vn -0.1157 -0.9800 0.1618
vn -0.0977 -0.9820 0.1617
vn -0.0980 -0.9826 0.1580
vn -0.1348 -0.9782 0.1580
vn -0.1339 -0.9777 0.1620
vn -0.1523 -0.9750 0.1618
vn -0.1513 -0.9748 0.1638
vn -0.1334 -0.9774 0.1638
vn -0.0955 -0.9819 0.1638
vn -0.1150 -0.9796 0.1647
vn -0.0421 -0.9860 0.1612
vn -0.0238 -0.9866 0.1614
vn -0.0240 -0.9872 0.1578
vn -0.0610 -0.9856 0.1579
vn -0.0606 -0.9850 0.1616
vn -0.0792 -0.9836 0.1619
vn -0.0618 -0.9846 0.1636
vn -0.0792 -0.9834 0.1633
vn -0.0235 -0.9863 0.1631
vn -0.0416 -0.9859 0.1621
vn 0.0294 -0.9865 0.1612
vn 0.0470 -0.9857 0.1616
vn 0.0477 -0.9863 0.1577
vn 0.0118 -0.9874 0.1575
vn 0.0118 -0.9869 0.1612
vn -0.0063 -0.9869 0.1613
vn 0.0027 -0.9866 0.1630
vn 0.0111 -0.9865 0.1631
vn -0.0059 -0.9866 0.1629
vn -0.0147 -0.9865 0.1629
vn -0.0056 -0.9865 0.1637
vn -0.0149 -0.9864 0.1634
vn 0.0025 -0.9865 0.1637
vn 0.0113 -0.9865 0.1637
vn -0.0017 -0.9865 0.1635
vn 0.0025 -0.9865 0.1640
vn -0.0018 -0.9865 0.1639
vn 0.0294 -0.9862 0.1632
vn 0.0474 -0.9854 0.1633
vn -0.0238 -0.9885 0.1494
vn 0.0119 -0.9888 0.1488
vn 0.0474 -0.9877 0.1491
vn 0.1042 -0.9813 0.1620
vn 0.1231 -0.9791 0.1620
vn 0.1238 -0.9796 0.1581
vn 0.0856 -0.9837 0.1579
vn 0.0852 -0.9831 0.1618
vn 0.0661 -0.9846 0.1619
vn 0.0651 -0.9844 0.1635
vn 0.0841 -0.9829 0.1635
vn 0.1241 -0.9786 0.1640
vn 0.1036 -0.9810 0.1643
vn 0.1775 -0.9706 0.1623
vn 0.1957 -0.9670 0.1628
vn 0.1968 -0.9676 0.1583
vn 0.1604 -0.9743 0.1581
vn 0.1596 -0.9737 0.1625
vn 0.1414 -0.9766 0.1620
vn 0.1584 -0.9737 0.1640
vn 0.1406 -0.9764 0.1638
vn 0.1959 -0.9667 0.1646
vn 0.1767 -0.9703 0.1653
vn 0.2479 -0.9549 0.1635
vn 0.2651 -0.9503 0.1634
vn 0.2667 -0.9506 0.1586
vn 0.2319 -0.9597 0.1586
vn 0.2304 -0.9594 0.1629
vn 0.2132 -0.9633 0.1630
vn 0.2292 -0.9593 0.1649
vn 0.2118 -0.9634 0.1646
vn 0.2646 -0.9500 0.1658
vn 0.2462 -0.9549 0.1661
vn 0.1970 -0.9691 0.1484
vn 0.2318 -0.9615 0.1474
vn 0.2668 -0.9524 0.1473
vn 0.3172 -0.9339 0.1647
vn 0.3342 -0.9280 0.1648
vn 0.3362 -0.9282 0.1593
vn 0.3017 -0.9401 0.1590
vn 0.3000 -0.9397 0.1642
vn 0.2827 -0.9451 0.1640
vn 0.2980 -0.9400 0.1663
vn 0.2807 -0.9454 0.1656
vn 0.3335 -0.9278 0.1673
vn 0.3154 -0.9341 0.1673
vn 0.3870 -0.9071 0.1656
vn 0.4044 -0.8993 0.1663
vn 0.4063 -0.8997 0.1597
vn 0.3715 -0.9146 0.1595
vn 0.3696 -0.9143 0.1657
vn 0.3519 -0.9214 0.1650
vn 0.3670 -0.9149 0.1680
vn 0.3501 -0.9216 0.1675
vn 0.3860 -0.9070 0.1686
vn 0.4037 -0.8991 0.1692
vn 0.4497 -0.8774 0.1672
vn 0.4646 -0.8695 0.1676
vn 0.4668 -0.8697 0.1604
vn 0.4368 -0.8852 0.1599
vn 0.4347 -0.8850 0.1669
vn 0.4196 -0.8923 0.1668
vn 0.4325 -0.8855 0.1696
vn 0.4176 -0.8928 0.1692
vn 0.4631 -0.8698 0.1703
vn 0.4479 -0.8778 0.1701
vn 0.4073 -0.9017 0.1449
vn 0.4375 -0.8876 0.1442
vn 0.4675 -0.8722 0.1437
vn 0.5132 -0.8415 0.1687
vn 0.5290 -0.8315 0.1694
vn 0.5316 -0.8315 0.1612
vn 0.4995 -0.8513 0.1608
vn 0.4971 -0.8512 0.1684
vn 0.4810 -0.8605 0.1678
vn 0.4939 -0.8524 0.1715
vn 0.4785 -0.8615 0.1698
vn 0.5273 -0.8320 0.1727
vn 0.5108 -0.8422 0.1725
vn 0.5742 -0.8007 0.1709
vn 0.5886 -0.7900 0.1712
vn 0.5916 -0.7898 0.1620
vn 0.5620 -0.8112 0.1615
vn 0.5593 -0.8112 0.1704
vn 0.5442 -0.8216 0.1699
vn 0.5557 -0.8130 0.1736
vn 0.5417 -0.8228 0.1719
vn 0.5865 -0.7908 0.1751
vn 0.5712 -0.8020 0.1744
vn 0.6314 -0.7558 0.1732
vn 0.6452 -0.7440 0.1736
vn 0.6472 -0.7447 0.1627
vn 0.6205 -0.7672 0.1624
vn 0.6173 -0.7676 0.1724
vn 0.6031 -0.7789 0.1720
vn 0.6138 -0.7695 0.1763
vn 0.6005 -0.7804 0.1743
vn 0.6425 -0.7454 0.1774
vn 0.6282 -0.7576 0.1775
vn 0.6850 -0.7072 0.1751
vn 0.7014 -0.6937 0.1639
vn 0.6745 -0.7200 0.1632
vn 0.6721 -0.7196 0.1747
vn 0.6588 -0.7319 0.1741
vn 0.6693 -0.7211 0.1791
vn 0.6557 -0.7338 0.1777
vn 0.6888 -0.7023 0.1798
vn 0.6950 -0.6960 0.1805
vn 0.6826 -0.7085 0.1795
vn 0.6763 -0.7144 0.1796
vn 0.6808 -0.7095 0.1818
vn 0.6746 -0.7157 0.1810
vn 0.6908 -0.6997 0.1822
vn 0.6880 -0.7024 0.1825
vn 0.6846 -0.7058 0.1822
vn 0.6862 -0.7040 0.1832
vn 0.6817 -0.7082 0.1840
vn 0.6930 -0.6972 0.1837
vn 0.6910 -0.6994 0.1826
vn 0.6917 -0.6981 0.1848
vn 0.7110 -0.6782 0.1860
vn 0.6953 -0.6945 0.1851
vn 0.7271 -0.6605 0.1874
vn 0.7717 -0.6066 0.1909
vn 0.7578 -0.6243 0.1896
vn 0.7868 -0.5865 0.1924
vn 0.8261 -0.5283 0.1963
vn 0.8120 -0.5503 0.1946
vn 0.7994 -0.5688 0.1935
vn 0.8491 -0.4894 0.1985
vn 0.8376 -0.5093 0.1973
vn 0.8615 -0.4664 0.2004
vn 0.8824 -0.4246 0.2029
vn 0.8719 -0.4461 0.2017
vn 0.8929 -0.4009 0.2048
vn 0.9105 -0.3575 0.2079
vn 0.9017 -0.3800 0.2061
vn 0.9337 -0.2886 0.2121
vn 0.9267 -0.3114 0.2104
vn 0.9191 -0.3335 0.2097
vn 0.9405 -0.2643 0.2136
vn 0.9517 -0.2190 0.2154
vn 0.9463 -0.2421 0.2142
vn 0.9568 -0.1940 0.2165
vn 0.9647 -0.1484 0.2178
vn 0.9726 -0.0772 0.2192
vn 0.9706 -0.1004 0.2186
vn 0.9681 -0.1230 0.2183
vn 0.9743 -0.0514 0.2194
vn 0.9754 -0.0049 0.2202
vn 0.9752 -0.0272 0.2197
vn 0.9752 0.0216 0.2201
vn 0.9732 0.0684 0.2197
vn 0.9745 0.0445 0.2200
vn 0.9692 0.1129 0.2189
vn 0.9716 0.0900 0.2191
vn 0.9660 0.1384 0.2182
vn 0.9754 0.0003 0.2203
vn 0.9548 0.2043 0.2160
vn 0.9589 0.1836 0.2165
vn 0.9505 0.2245 0.2149
vn 0.9371 0.2769 0.2125
vn 0.9412 0.2619 0.2133
vn 0.9459 0.2440 0.2139
vn 0.9225 0.3237 0.2102
vn 0.9303 0.3000 0.2112
vn 0.9627 0.1614 0.2171
vn 0.9610 -0.1715 0.2169
vn 0.9140 0.3480 0.2085
vn 0.8967 0.3919 0.2057
vn 0.9055 0.3706 0.2069
vn 0.8663 0.4571 0.2013
vn 0.8776 0.4344 0.2029
vn 0.8550 0.4786 0.1997
vn 0.8873 0.4136 0.2039
vn 0.8314 0.5196 0.1970
vn 0.8439 0.4984 0.1986
vn 0.8177 0.5416 0.1952
vn 0.7762 0.6009 0.1909
vn 0.7475 0.6369 0.1886
vn 0.7617 0.6195 0.1897
vn 0.7917 0.5797 0.1927
vn 0.8047 0.5611 0.1939
vn 0.6985 0.6912 0.1852
vn 0.7113 0.6785 0.1837
vn 0.7141 0.6749 0.1859
vn 0.6904 0.6994 0.1848
vn 0.6910 0.6988 0.1849
vn 0.6964 0.6941 0.1824
vn 0.6868 0.7031 0.1843
vn 0.6646 0.7244 0.1830
vn 0.6823 0.7075 0.1840
vn 0.6460 0.7414 0.1816
vn 0.5897 0.7876 0.1784
vn 0.6102 0.7717 0.1796
vn 0.6281 0.7570 0.1802
vn 0.5521 0.8149 0.1766
vn 0.5710 0.8016 0.1771
vn 0.5305 0.8293 0.1756
vn 0.7304 0.6569 0.1869
vn 0.4684 0.8664 0.1732
vn 0.4909 0.8537 0.1740
vn 0.4268 0.8879 0.1718
vn 0.4476 0.8775 0.1722
vn 0.3594 0.9176 0.1697
vn 0.3811 0.9087 0.1702
vn 0.3349 0.9270 0.1688
vn 0.2914 0.9418 0.1678
vn 0.2214 0.9609 0.1662
vn 0.2437 0.9555 0.1664
vn 0.2664 0.9493 0.1670
vn 0.1959 0.9665 0.1656
vn 0.1502 0.9748 0.1651
vn 0.1730 0.9710 0.1652
vn 0.3130 0.9348 0.1681
vn 0.0781 0.9833 0.1646
vn 0.1012 0.9812 0.1644
vn 0.0518 0.9851 0.1642
vn 0.0050 0.9864 0.1644
vn 0.0052 0.9867 0.1625
vn -0.0430 0.9855 0.1644
vn 0.0004 0.9864 0.1645
vn 0.0272 0.9861 0.1641
vn 0.0246 0.9864 0.1627
vn -0.0682 0.9840 0.1644
vn -0.1399 0.9763 0.1650
vn -0.1139 0.9798 0.1646
vn -0.0912 0.9822 0.1644
vn -0.1855 0.9686 0.1655
vn -0.1626 0.9728 0.1650
vn -0.2112 0.9632 0.1661
vn 0.1242 0.9785 0.1647
vn 0.5108 0.8419 0.1744
vn 0.4029 0.8991 0.1709
vn -0.2815 0.9448 0.1676
vn -0.2565 0.9520 0.1669
vn -0.3257 0.9303 0.1686
vn -0.3035 0.9379 0.1679
vn -0.3930 0.9036 0.1705
vn -0.3716 0.9128 0.1698
vn -0.4173 0.8925 0.1713
vn -0.3502 0.9212 0.1694
vn -0.4597 0.8711 0.1727
vn -0.5218 0.8349 0.1752
vn -0.5022 0.8471 0.1740
vn -0.4825 0.8585 0.1735
vn -0.5432 0.8209 0.1763
vn -0.5814 0.7939 0.1780
vn -0.5624 0.8078 0.1767
vn -0.4386 0.8821 0.1718
vn -0.6382 0.7483 0.1812
vn -0.6202 0.7636 0.1798
vn -0.6576 0.7310 0.1824
vn -0.6019 0.7782 0.1791
vn -0.6864 0.7040 0.1825
vn -0.6882 0.7035 0.1774
vn -0.6758 0.7139 0.1834
vn -0.6810 0.7070 0.1907
vn -0.6856 0.7053 0.1800
vn -0.6815 0.7088 0.1821
vn -0.6843 0.7056 0.1838
vn -0.2337 0.9580 0.1663
vn 0.7024 -0.7071 0.0821
vn 0.7744 -0.6291 0.0668
vn 0.8393 -0.5410 0.0548
vn 0.7973 -0.6003 0.0621
vn 0.7519 -0.6553 0.0723
vn 0.8778 -0.4770 0.0446
vn 0.8946 -0.4453 0.0384
vn 0.8591 -0.5093 0.0499
vn 0.9095 -0.4145 0.0319
vn 0.9379 -0.3462 0.0209
vn 0.9243 -0.3808 0.0264
vn 0.9705 -0.2408 0.0091
vn 0.9857 -0.1688 0.0025
vn 0.9787 -0.2051 0.0057
vn 0.9610 -0.2763 0.0133
vn 0.9911 -0.1331 -0.0002
vn 0.9982 -0.0603 -0.0029
vn 0.9953 -0.0967 -0.0017
vn 0.9999 0.0132 -0.0043
vn 0.9963 0.0864 -0.0023
vn 0.9988 0.0498 -0.0036
vn 0.9997 -0.0235 -0.0040
vn 0.6278 0.7728 0.0933
vn 0.5691 0.8161 0.1007
vn 0.5079 0.8547 0.1071
vn 0.9807 0.1955 0.0055
vn 0.9872 0.1593 0.0022
vn 0.9729 0.2312 0.0091
vn 0.9639 0.2658 0.0131
vn 0.9924 0.1229 -0.0004
vn 0.9285 0.3705 0.0257
vn 0.9415 0.3365 0.0195
vn 0.9143 0.4038 0.0318
vn 0.8995 0.4354 0.0369
vn 0.8821 0.4691 0.0425
vn 0.8636 0.5019 0.0481
vn 0.8247 0.5626 0.0583
vn 0.8447 0.5325 0.0531
vn 0.7565 0.6501 0.0712
vn 0.7320 0.6770 0.0768
vn 0.8033 0.5922 0.0635
vn 0.6836 0.7249 0.0852
vn 0.4456 0.8881 0.1130
vn 0.3083 0.9434 0.1225
vn 0.0961 0.9867 0.1310
vn -0.1228 0.9838 0.1306
vn 0.1696 0.9770 0.1293
vn 0.2389 0.9628 0.1265
vn 0.3812 0.9170 0.1175
vn 0.0229 0.9910 0.1320
vn -0.0468 0.9902 0.1318
vn -0.3332 0.9351 0.1206
vn -0.5300 0.8415 0.1050
vn -0.5904 0.8011 0.0981
vn -0.1948 0.9724 0.1284
vn -0.2639 0.9564 0.1251
vn -0.4046 0.9072 0.1156
vn -0.6482 0.7561 0.0904
vn -0.4652 0.8782 0.1111
vn -0.7025 0.7069 0.0821
vn -0.6922 0.6977 0.1847
vn -0.6344 0.7547 0.1672
vn -0.6949 0.6949 0.1847
vn -0.7015 0.6928 0.1672
vn -0.7070 0.6824 0.1856
vn -0.7231 0.6651 0.1866
vn -0.7405 0.6452 0.1882
vn -0.7696 0.6094 0.1904
vn -0.7550 0.6278 0.1893
vn -0.7854 0.5884 0.1922
vn -0.8117 0.5507 0.1945
vn -0.7985 0.5701 0.1932
vn -0.8259 0.5286 0.1963
vn -0.8617 0.4661 0.2007
vn -0.8491 0.4894 0.1987
vn -0.8824 0.4243 0.2033
vn -0.8721 0.4457 0.2021
vn -0.8375 0.5095 0.1975
vn -0.8930 0.4005 0.2051
vn -0.9105 0.3575 0.2078
vn -0.9019 0.3796 0.2061
vn -0.9337 0.2888 0.2117
vn -0.9267 0.3116 0.2102
vn -0.9495 0.2289 0.2146
vn -0.9408 0.2635 0.2131
vn -0.9192 0.3334 0.2094
vn -0.9570 0.1935 0.2160
vn -0.9583 0.2001 0.2040
vn -0.9646 0.1483 0.2179
vn -0.9610 0.1715 0.2168
vn -0.9726 0.0769 0.2196
vn -0.9706 0.1002 0.2189
vn -0.9750 0.0288 0.2203
vn -0.9741 0.0525 0.2199
vn -0.9680 0.1231 0.2186
vn -0.9755 0.0006 0.2202
vn -0.9755 0.0054 0.2201
vn -0.9734 -0.0670 0.2193
vn -0.9746 -0.0424 0.2198
vn -0.9693 -0.1128 0.2185
vn -0.9717 -0.0899 0.2186
vn -0.9661 -0.1383 0.2180
vn -0.9587 -0.1840 0.2168
vn -0.9627 -0.1614 0.2172
vn -0.9758 0.0077 0.2185
vn -0.9538 -0.2090 0.2158
vn -0.9365 -0.2789 0.2127
vn -0.9431 -0.2543 0.2141
vn -0.9487 -0.2321 0.2147
vn -0.9225 -0.3237 0.2103
vn -0.9298 -0.3016 0.2111
vn -0.9141 -0.3478 0.2085
vn -0.8971 -0.3912 0.2054
vn -0.8665 -0.4568 0.2010
vn -0.8766 -0.4367 0.2022
vn -0.8866 -0.4153 0.2035
vn -0.8545 -0.4798 0.1992
vn -0.8314 -0.5196 0.1969
vn -0.8429 -0.5003 0.1980
vn -0.9058 -0.3700 0.2066
vn -0.8177 -0.5416 0.1951
vn -0.7761 -0.6009 0.1912
vn -0.7917 -0.5797 0.1929
vn -0.8046 -0.5612 0.1940
vn -0.7474 -0.6370 0.1890
vn -0.6982 -0.6915 0.1853
vn -0.7116 -0.6781 0.1839
vn -0.7141 -0.6748 0.1862
vn -0.7304 -0.6568 0.1873
vn -0.7617 -0.6194 0.1901
vn -0.6917 -0.6981 0.1847
vn -0.6646 -0.7244 0.1830
vn -0.6461 -0.7414 0.1816
vn -0.6099 -0.7718 0.1797
vn -0.6281 -0.7569 0.1802
vn -0.5897 -0.7877 0.1784
vn -0.5306 -0.8293 0.1756
vn -0.5519 -0.8150 0.1766
vn -0.4908 -0.8537 0.1740
vn -0.5107 -0.8419 0.1744
vn -0.4683 -0.8664 0.1731
vn -0.4035 -0.8988 0.1711
vn -0.4268 -0.8879 0.1718
vn -0.4475 -0.8776 0.1721
vn -0.3602 -0.9173 0.1697
vn -0.2913 -0.9418 0.1678
vn -0.3136 -0.9346 0.1680
vn -0.3358 -0.9266 0.1689
vn -0.2663 -0.9493 0.1670
vn -0.2214 -0.9609 0.1663
vn -0.2439 -0.9554 0.1664
vn -0.3818 -0.9085 0.1701
vn -0.1500 -0.9748 0.1652
vn -0.1728 -0.9710 0.1652
vn -0.1040 -0.9809 0.1646
vn -0.1272 -0.9781 0.1646
vn -0.0780 -0.9833 0.1646
vn -0.0274 -0.9861 0.1640
vn -0.0239 -0.9864 0.1628
vn -0.0516 -0.9851 0.1642
vn -0.0000 -0.9864 0.1643
vn 0.0176 -0.9863 0.1641
vn 0.0422 -0.9855 0.1642
vn 0.0684 -0.9840 0.1645
vn 0.1399 -0.9763 0.1650
vn 0.1138 -0.9798 0.1646
vn 0.0912 -0.9822 0.1642
vn -0.0045 -0.9864 0.1642
vn -0.0066 -0.9867 0.1626
vn -0.1958 -0.9666 0.1656
vn -0.5708 -0.8017 0.1771
vn 0.1856 -0.9686 0.1655
vn 0.1627 -0.9728 0.1650
vn 0.2112 -0.9632 0.1660
vn 0.2565 -0.9520 0.1669
vn 0.2338 -0.9580 0.1663
vn 0.2815 -0.9448 0.1676
vn 0.3502 -0.9212 0.1695
vn 0.3258 -0.9303 0.1686
vn 0.3931 -0.9035 0.1706
vn 0.3715 -0.9128 0.1698
vn 0.3036 -0.9379 0.1679
vn 0.4598 -0.8710 0.1728
vn 0.4386 -0.8821 0.1718
vn 0.5218 -0.8349 0.1752
vn 0.5022 -0.8471 0.1738
vn 0.5432 -0.8209 0.1762
vn 0.4825 -0.8585 0.1736
vn 0.5814 -0.7939 0.1780
vn 0.6381 -0.7483 0.1812
vn 0.6202 -0.7636 0.1798
vn 0.6019 -0.7782 0.1792
vn 0.6750 -0.7146 0.1836
vn 0.6673 -0.7226 0.1804
vn 0.6570 -0.7315 0.1826
vn 0.6804 -0.7097 0.1828
vn 0.5624 -0.8078 0.1767
vn 0.6842 -0.7057 0.1841
vn 0.6920 -0.6979 0.1846
vn 0.6886 -0.7014 0.1839
vn -0.7967 0.6009 0.0648
vn -0.8395 0.5407 0.0536
vn -0.8183 0.5716 0.0599
vn -0.7741 0.6293 0.0697
vn -0.8591 0.5096 0.0469
vn -0.8945 0.4455 0.0386
vn -0.9103 0.4127 0.0325
vn -0.9382 0.3454 0.0226
vn -0.9611 0.2758 0.0135
vn -0.9787 0.2054 0.0050
vn -0.9705 0.2411 0.0085
vn -0.9911 0.1328 -0.0001
vn -0.9982 0.0600 -0.0036
vn -0.9953 0.0968 -0.0026
vn -0.9988 -0.0486 -0.0033
vn -0.9925 -0.1226 -0.0001
vn -0.9962 -0.0865 -0.0019
vn -0.9997 0.0251 -0.0042
vn -0.6277 -0.7728 0.0932
vn -0.5690 -0.8161 0.1007
vn -0.5078 -0.8548 0.1072
vn -0.7514 0.6557 0.0738
vn -0.9808 -0.1951 0.0048
vn -0.9873 -0.1590 0.0023
vn -0.9729 -0.2309 0.0081
vn -0.9638 -0.2663 0.0122
vn -0.9415 -0.3364 0.0219
vn -0.9533 -0.3015 0.0167
vn -0.9137 -0.4051 0.0330
vn -0.9283 -0.3709 0.0273
vn -0.8980 -0.4382 0.0384
vn -0.8815 -0.4702 0.0436
vn -0.8638 -0.5015 0.0486
vn -0.8246 -0.5627 0.0582
vn -0.8448 -0.5324 0.0535
vn -0.7809 -0.6209 0.0676
vn -0.7315 -0.6775 0.0772
vn -0.7565 -0.6500 0.0727
vn -0.8033 -0.5922 0.0630
vn -0.6837 -0.7248 0.0851
vn -0.4440 -0.8889 0.1127
vn -0.3775 -0.9185 0.1174
vn -0.3083 -0.9434 0.1223
vn -0.0970 -0.9866 0.1311
vn 0.1228 -0.9838 0.1306
vn -0.2388 -0.9628 0.1264
vn -0.1695 -0.9770 0.1293
vn -0.0231 -0.9910 0.1321
vn 0.0467 -0.9902 0.1318
vn 0.3332 -0.9351 0.1205
vn 0.5904 -0.8011 0.0981
vn 0.6491 -0.7553 0.0906
vn 0.5301 -0.8414 0.1050
vn 0.1948 -0.9724 0.1284
vn 0.2639 -0.9564 0.1250
vn 0.4046 -0.9071 0.1156
vn 0.4652 -0.8782 0.1110
vn 0.7046 -0.7048 0.0825
vn 0.0005 -0.0000 -1.0000
vn -0.6132 0.7748 -0.1537
vn -0.4345 -0.8878 0.1520
vn -0.0001 0.0006 -1.0000
vn 0.8184 -0.5717 0.0584
vn 0.9499 -0.3122 0.0168
vn 0.9534 0.3014 0.0160
vn 0.7804 0.6217 0.0674
vn -0.8775 0.4777 0.0425
vn -0.9242 0.3810 0.0273
vn -0.9498 0.3124 0.0177
vn -0.9854 0.1700 0.0023
vn -0.9999 -0.0103 -0.0044
vt 0.176921 0.166669
vt 0.191665 0.181530
vt 0.176921 0.181530
vt 0.206408 0.181530
vt 0.206408 0.211252
vt 0.176921 0.211252
vt 0.147434 0.181530
vt 0.147434 0.211252
vt 0.117947 0.181530
vt 0.117947 0.211252
vt 0.088461 0.181530
vt 0.088461 0.211252
vt 0.235895 0.226113
vt 0.250638 0.240974
vt 0.235895 0.240974
vt 0.235895 0.211252
vt 0.250638 0.226113
vt 0.265382 0.240974
vt 0.206408 0.240974
vt 0.176921 0.240974
vt 0.147434 0.240974
vt 0.117947 0.240974
vt 0.088461 0.240974
vt 0.058974 0.226113
vt 0.058974 0.211252
vt 0.058974 0.240974
vt 0.029487 0.226113
vt 0.044230 0.240974
vt 0.029487 0.240974
vt 0.044230 0.211252
vt 0.044230 0.226113
vt 0.265382 0.255835
vt 0.280125 0.270696
vt 0.265382 0.270696
vt 0.235895 0.270696
vt 0.206408 0.270696
vt 0.176921 0.270696
vt 0.147434 0.270696
vt 0.117947 0.270696
vt 0.088461 0.270696
vt 0.058974 0.270696
vt 0.029487 0.255835
vt 0.029487 0.270696
vt 0.014743 0.255835
vt 0.014743 0.270696
vt 0.265382 0.285557
vt 0.280125 0.300418
vt 0.265382 0.300418
vt 0.280125 0.285557
vt 0.235895 0.300418
vt 0.206408 0.300418
vt 0.176921 0.300418
vt 0.147434 0.300418
vt 0.117947 0.300418
vt 0.088461 0.300418
vt 0.058974 0.300418
vt 0.029487 0.285557
vt 0.029487 0.300418
vt 0.014743 0.285557
vt 0.014743 0.300418
vt 0.265382 0.315279
vt 0.280125 0.330140
vt 0.265382 0.330140
vt 0.280125 0.315279
vt 0.235895 0.330140
vt 0.206408 0.330140
vt 0.176921 0.330140
vt 0.147434 0.330140
vt 0.117947 0.330140
vt 0.088461 0.330140
vt 0.058974 0.330140
vt 0.029487 0.315279
vt 0.029487 0.330140
vt 0.014743 0.315279
vt 0.014743 0.330140
vt 0.280125 0.345001
vt 0.265382 0.345001
vt 0.265382 0.359862
vt 0.250638 0.359862
vt 0.235895 0.359862
vt 0.206408 0.359862
vt 0.176921 0.359862
vt 0.147434 0.359862
vt 0.117947 0.359862
vt 0.088461 0.359862
vt 0.058974 0.359862
vt 0.044230 0.359862
vt 0.029487 0.359862
vt 0.029487 0.345001
vt 0.014743 0.345001
vt 0.235895 0.374723
vt 0.250638 0.389584
vt 0.235895 0.389584
vt 0.250638 0.374723
vt 0.265382 0.374723
vt 0.206408 0.389584
vt 0.176921 0.389584
vt 0.147434 0.389584
vt 0.117947 0.389584
vt 0.088461 0.389584
vt 0.058974 0.374723
vt 0.058974 0.389584
vt 0.044230 0.374723
vt 0.029487 0.374723
vt 0.044230 0.389584
vt 0.206408 0.419306
vt 0.176921 0.419306
vt 0.147434 0.419306
vt 0.117947 0.419306
vt 0.103204 0.419306
vt 0.088461 0.419306
vt 0.117947 0.434167
vt 0.103204 0.434167
vt 0.241471 0.189694
vt 0.249240 0.196906
vt 0.233193 0.183079
vt 0.224457 0.177090
vt 0.250638 0.211252
vt 0.256467 0.204665
vt 0.263104 0.212940
vt 0.266192 0.217256
vt 0.259861 0.208741
vt 0.191665 0.166669
vt 0.185890 0.159968
vt 0.195976 0.163167
vt 0.206202 0.167283
vt 0.165267 0.155835
vt 0.175787 0.157553
vt 0.215016 0.171599
vt 0.269121 0.221682
vt 0.265382 0.226113
vt 0.286420 0.260321
vt 0.280125 0.255835
vt 0.284885 0.255236
vt 0.283166 0.250209
vt 0.281264 0.245250
vt 0.287772 0.265461
vt 0.291718 0.291703
vt 0.291308 0.286406
vt 0.290707 0.281124
vt 0.289917 0.275869
vt 0.288938 0.270646
vt 0.291937 0.297015
vt 0.274645 0.231131
vt 0.276994 0.235708
vt 0.271971 0.226354
vt 0.279181 0.240365
vt 0.291962 0.302330
vt 0.133351 0.155415
vt 0.144048 0.154761
vt 0.122791 0.156856
vt 0.112658 0.158999
vt 0.154223 0.154882
vt 0.102493 0.161931
vt 0.092568 0.165604
vt 0.064766 0.180853
vt 0.082940 0.170002
vt 0.056320 0.187245
vt 0.073657 0.175095
vt 0.048361 0.194247
vt 0.041195 0.201528
vt 0.037558 0.205650
vt 0.030882 0.214141
vt 0.034081 0.209909
vt 0.027839 0.218487
vt 0.024955 0.222944
vt 0.019680 0.232157
vt 0.022234 0.227503
vt 0.015085 0.241729
vt 0.017296 0.236901
vt 0.013052 0.246636
vt 0.008050 0.261760
vt 0.011202 0.251615
vt 0.009534 0.256659
vt 0.006751 0.266913
vt 0.005638 0.272109
vt 0.003974 0.282605
vt 0.004711 0.277342
vt 0.003426 0.287893
vt 0.003059 0.293415
vt 0.002901 0.298951
vt 0.291797 0.307641
vt 0.291442 0.312944
vt 0.290896 0.318231
vt 0.290159 0.323494
vt 0.289234 0.328728
vt 0.288120 0.333924
vt 0.286820 0.339076
vt 0.283671 0.349223
vt 0.285339 0.344180
vt 0.281818 0.354201
vt 0.277764 0.363534
vt 0.279873 0.358903
vt 0.275291 0.368483
vt 0.272633 0.373334
vt 0.263988 0.386696
vt 0.269913 0.377893
vt 0.267030 0.382349
vt 0.246508 0.406588
vt 0.260791 0.390929
vt 0.257314 0.395188
vt 0.253676 0.399310
vt 0.238549 0.413590
vt 0.230101 0.419985
vt 0.221213 0.425742
vt 0.211931 0.430835
vt 0.202736 0.435053
vt 0.161377 0.445436
vt 0.192377 0.438903
vt 0.182212 0.441836
vt 0.172079 0.443980
vt 0.150822 0.446076
vt 0.140647 0.445955
vt 0.129603 0.445001
vt 0.003152 0.309133
vt 0.004951 0.324968
vt 0.013610 0.355586
vt 0.020220 0.369707
vt 0.022894 0.374485
vt 0.028675 0.383582
vt 0.025745 0.379159
vt 0.017874 0.365130
vt 0.015691 0.360472
vt 0.005929 0.330192
vt 0.004161 0.319713
vt 0.003562 0.314433
vt 0.002939 0.304044
vt 0.011707 0.350627
vt 0.009986 0.345601
vt 0.008448 0.340515
vt 0.007095 0.335377
vt 0.088667 0.433553
vt 0.079854 0.429237
vt 0.061676 0.417758
vt 0.119083 0.443284
vt 0.108978 0.440868
vt 0.098893 0.437669
vt 0.035010 0.392094
vt 0.038405 0.396168
vt 0.045629 0.403932
vt 0.031765 0.387896
vt 0.053399 0.411141
vt 0.070413 0.423747
vt 0.495090 0.044453
vt 0.473006 0.022227
vt 0.473006 0.044453
vt 0.517174 0.044453
vt 0.495090 0.022227
vt 0.450922 0.044453
vt 0.428838 0.022227
vt 0.428838 0.044453
vt 0.450922 0.022227
vt 0.406754 0.022227
vt 0.384670 0.044453
vt 0.406754 0.044453
vt 0.539258 0.088906
vt 0.517174 0.066680
vt 0.517174 0.088906
vt 0.539258 0.066680
vt 0.561342 0.088906
vt 0.473006 0.088906
vt 0.428838 0.088906
vt 0.384670 0.066680
vt 0.384670 0.088906
vt 0.362586 0.088906
vt 0.340501 0.066680
vt 0.340501 0.088906
vt 0.362586 0.044453
vt 0.362586 0.066680
vt 0.583426 0.133359
vt 0.561342 0.111133
vt 0.561342 0.133359
vt 0.583426 0.111133
vt 0.517174 0.133359
vt 0.473006 0.133359
vt 0.428838 0.133359
vt 0.384670 0.133359
vt 0.340501 0.111133
vt 0.340501 0.133359
vt 0.318417 0.088906
vt 0.318417 0.111133
vt 0.318417 0.133359
vt 0.583426 0.177813
vt 0.561342 0.155586
vt 0.561342 0.177813
vt 0.583426 0.155586
vt 0.517174 0.177813
vt 0.473006 0.177813
vt 0.428838 0.177813
vt 0.384670 0.177813
vt 0.340501 0.155586
vt 0.340501 0.177813
vt 0.318417 0.155586
vt 0.318417 0.177813
vt 0.583426 0.222266
vt 0.561342 0.200039
vt 0.561342 0.222266
vt 0.583426 0.200039
vt 0.539258 0.222266
vt 0.517174 0.222266
vt 0.473006 0.222266
vt 0.428838 0.222266
vt 0.384670 0.222266
vt 0.362586 0.222266
vt 0.340501 0.200039
vt 0.340501 0.222266
vt 0.318417 0.200039
vt 0.318417 0.222266
vt 0.539258 0.266719
vt 0.517174 0.244492
vt 0.517174 0.266719
vt 0.539258 0.244492
vt 0.561342 0.244492
vt 0.495090 0.266719
vt 0.473006 0.266719
vt 0.450922 0.266719
vt 0.428838 0.266719
vt 0.406754 0.266719
vt 0.384670 0.244492
vt 0.384670 0.266719
vt 0.362586 0.244492
vt 0.340501 0.244492
vt 0.362586 0.266719
vt 0.495090 0.288946
vt 0.473006 0.288946
vt 0.450922 0.288946
vt 0.428838 0.288946
vt 0.406754 0.288946
vt 0.530470 0.022158
vt 0.522372 0.017598
vt 0.514016 0.013533
vt 0.538283 0.027197
vt 0.559722 0.045007
vt 0.539258 0.044453
vt 0.545782 0.032696
vt 0.566202 0.051861
vt 0.561342 0.066680
vt 0.478625 0.002519
vt 0.469446 0.001120
vt 0.460201 0.000278
vt 0.487704 0.004466
vt 0.505432 0.009981
vt 0.496651 0.006956
vt 0.450922 0.000000
vt 0.583426 0.088906
vt 0.595367 0.100079
vt 0.591753 0.091349
vt 0.582976 0.074632
vt 0.587617 0.082857
vt 0.604373 0.136718
vt 0.602952 0.127369
vt 0.600974 0.118123
vt 0.598443 0.109015
vt 0.605227 0.146136
vt 0.577847 0.066704
vt 0.572250 0.059104
vt 0.605510 0.155588
vt 0.441643 0.000278
vt 0.432398 0.001120
vt 0.423219 0.002519
vt 0.414140 0.004466
vt 0.396412 0.009981
vt 0.405193 0.006956
vt 0.387828 0.013533
vt 0.379472 0.017598
vt 0.371373 0.022158
vt 0.363560 0.027197
vt 0.356061 0.032696
vt 0.342122 0.045007
vt 0.348905 0.038639
vt 0.335641 0.051862
vt 0.329593 0.059104
vt 0.323996 0.066704
vt 0.318868 0.074631
vt 0.306477 0.100079
vt 0.314227 0.082856
vt 0.310091 0.091349
vt 0.303401 0.109015
vt 0.300870 0.118123
vt 0.296616 0.146135
vt 0.298891 0.127369
vt 0.297471 0.136717
vt 0.296333 0.155588
vt 0.605281 0.164074
vt 0.604593 0.172536
vt 0.603449 0.180947
vt 0.597176 0.206063
vt 0.599806 0.197520
vt 0.590461 0.222618
vt 0.594056 0.214438
vt 0.586405 0.230576
vt 0.581902 0.238288
vt 0.576968 0.245729
vt 0.559722 0.266165
vt 0.571617 0.252872
vt 0.565863 0.259693
vt 0.538283 0.283975
vt 0.552937 0.272533
vt 0.545901 0.278382
vt 0.530470 0.289015
vt 0.522372 0.293576
vt 0.514016 0.297640
vt 0.505432 0.301191
vt 0.487703 0.306705
vt 0.460201 0.310895
vt 0.496650 0.304215
vt 0.478624 0.308654
vt 0.469446 0.310053
vt 0.450922 0.311172
vt 0.307791 0.214437
vt 0.319938 0.238291
vt 0.299992 0.189283
vt 0.335985 0.259691
vt 0.330230 0.252871
vt 0.324876 0.245730
vt 0.342122 0.266165
vt 0.315436 0.230579
vt 0.297251 0.172536
vt 0.298395 0.180947
vt 0.296563 0.164074
vt 0.311382 0.222618
vt 0.302038 0.197520
vt 0.414140 0.306706
vt 0.405193 0.304216
vt 0.396411 0.301191
vt 0.387828 0.297639
vt 0.432397 0.310052
vt 0.441643 0.310894
vt 0.423219 0.308653
vt 0.356061 0.278476
vt 0.348905 0.272534
vt 0.363560 0.283975
vt 0.371373 0.289014
vt 0.379472 0.293574
vt 0.009551 0.097120
vt 0.004775 0.096263
vt 0.004775 0.097120
vt 0.009551 0.097936
vt 0.004775 0.098753
vt 0.009551 0.098753
vt 0.004775 0.097936
vt 0.009551 0.099563
vt 0.004775 0.100373
vt 0.009551 0.100373
vt 0.004775 0.099563
vt 0.004775 0.101184
vt 0.009551 0.101184
vt 0.019101 0.097120
vt 0.019101 0.098753
vt 0.019101 0.100373
vt 0.028652 0.097120
vt 0.028652 0.098753
vt 0.028652 0.100373
vt 0.038203 0.098753
vt 0.038203 0.100373
vt 0.047754 0.098753
vt 0.038203 0.097120
vt 0.047754 0.100373
vt 0.057304 0.097120
vt 0.057304 0.098753
vt 0.057304 0.100373
vt 0.066856 0.097120
vt 0.066856 0.098753
vt 0.066856 0.100373
vt 0.076407 0.098753
vt 0.076407 0.100373
vt 0.085958 0.097120
vt 0.085958 0.098753
vt 0.085958 0.100373
vt 0.095509 0.098753
vt 0.095509 0.100373
vt 0.105060 0.098753
vt 0.095509 0.097120
vt 0.105060 0.100373
vt 0.114612 0.097936
vt 0.114612 0.098753
vt 0.105060 0.097120
vt 0.114612 0.097120
vt 0.114612 0.099563
vt 0.114612 0.100373
vt 0.119387 0.097120
vt 0.114612 0.096263
vt 0.121775 0.096263
vt 0.119387 0.095835
vt 0.119387 0.096263
vt 0.119387 0.098753
vt 0.119387 0.097936
vt 0.119387 0.099563
vt 0.119387 0.100373
vt 0.119387 0.101184
vt 0.114612 0.101184
vt 0.003069 0.095406
vt 0.000000 0.095406
vt 0.006975 0.095406
vt 0.009551 0.096263
vt 0.014787 0.095406
vt 0.010882 0.095406
vt 0.018693 0.095406
vt 0.000000 0.097053
vt 0.022599 0.095406
vt 0.034318 0.095406
vt 0.030412 0.095406
vt 0.038224 0.095406
vt 0.026505 0.095406
vt 0.046036 0.095406
vt 0.042130 0.095406
vt 0.047754 0.097120
vt 0.049943 0.095406
vt 0.057754 0.095406
vt 0.053849 0.095406
vt 0.061660 0.095406
vt 0.000000 0.098700
vt 0.000000 0.100347
vt 0.000000 0.101994
vt 0.009551 0.101994
vt 0.019101 0.101994
vt 0.028652 0.101994
vt 0.038203 0.101994
vt 0.057304 0.101994
vt 0.047754 0.101994
vt 0.073381 0.095406
vt 0.069474 0.095406
vt 0.076407 0.097120
vt 0.077288 0.095406
vt 0.081193 0.095406
vt 0.085099 0.095406
vt 0.089005 0.095406
vt 0.092911 0.095406
vt 0.096817 0.095406
vt 0.100724 0.095406
vt 0.104631 0.095406
vt 0.065567 0.095406
vt 0.112443 0.095406
vt 0.108537 0.095406
vt 0.116350 0.095406
vt 0.120256 0.095406
vt 0.121775 0.095835
vt 0.122209 0.095406
vt 0.123185 0.095406
vt 0.124163 0.095406
vt 0.124163 0.097053
vt 0.066856 0.101994
vt 0.076407 0.101994
vt 0.085958 0.101994
vt 0.095509 0.101994
vt 0.124163 0.098700
vt 0.124163 0.100347
vt 0.105060 0.101994
vt 0.124163 0.101994
vt 0.618671 0.009682
vt 0.619548 0.004841
vt 0.618671 0.004841
vt 0.617006 0.009682
vt 0.617839 0.004841
vt 0.617006 0.004841
vt 0.617839 0.009682
vt 0.615353 0.009682
vt 0.616179 0.004841
vt 0.615353 0.004841
vt 0.616179 0.009682
vt 0.614526 0.004841
vt 0.614526 0.009682
vt 0.618671 0.019364
vt 0.617006 0.019364
vt 0.615353 0.019364
vt 0.618671 0.029044
vt 0.617006 0.029044
vt 0.615353 0.029044
vt 0.618671 0.038725
vt 0.617006 0.038725
vt 0.615353 0.038725
vt 0.618671 0.048405
vt 0.617006 0.048405
vt 0.615353 0.048405
vt 0.618671 0.058086
vt 0.617006 0.058086
vt 0.615353 0.058086
vt 0.618671 0.067766
vt 0.617006 0.067766
vt 0.615353 0.067766
vt 0.618671 0.077446
vt 0.617006 0.077446
vt 0.615353 0.077446
vt 0.618671 0.087125
vt 0.617006 0.087125
vt 0.615353 0.087125
vt 0.618671 0.096803
vt 0.617006 0.096803
vt 0.615353 0.096803
vt 0.618671 0.106482
vt 0.617006 0.106482
vt 0.615353 0.106482
vt 0.617839 0.116160
vt 0.617006 0.116160
vt 0.618671 0.116160
vt 0.616179 0.116160
vt 0.615353 0.116160
vt 0.619548 0.121000
vt 0.618671 0.121000
vt 0.617839 0.121000
vt 0.617006 0.121000
vt 0.616179 0.121000
vt 0.615353 0.121000
vt 0.614526 0.116160
vt 0.614526 0.121000
vt 0.620424 0.006979
vt 0.620424 0.000000
vt 0.619548 0.009682
vt 0.620424 0.014792
vt 0.620424 0.010885
vt 0.620424 0.018699
vt 0.618743 0.000000
vt 0.620424 0.022606
vt 0.620424 0.026512
vt 0.620424 0.030419
vt 0.620424 0.034325
vt 0.620424 0.038231
vt 0.620424 0.042137
vt 0.620424 0.046044
vt 0.620424 0.049951
vt 0.620424 0.053857
vt 0.620424 0.057764
vt 0.620424 0.061671
vt 0.617062 0.000000
vt 0.615381 0.000000
vt 0.613699 0.000000
vt 0.613699 0.009682
vt 0.613699 0.019364
vt 0.613699 0.038725
vt 0.613699 0.048405
vt 0.613699 0.058086
vt 0.620424 0.069483
vt 0.620424 0.065578
vt 0.620424 0.073389
vt 0.620424 0.081203
vt 0.620424 0.077296
vt 0.620424 0.085108
vt 0.620424 0.092918
vt 0.620424 0.096824
vt 0.620424 0.089013
vt 0.620424 0.100730
vt 0.619548 0.116160
vt 0.620424 0.112447
vt 0.620424 0.108542
vt 0.620424 0.116353
vt 0.620424 0.104636
vt 0.620424 0.120259
vt 0.620424 0.124165
vt 0.618743 0.125839
vt 0.620424 0.125839
vt 0.613699 0.067766
vt 0.613699 0.077446
vt 0.613699 0.087125
vt 0.613699 0.096803
vt 0.613699 0.106482
vt 0.617062 0.125839
vt 0.615381 0.125839
vt 0.613699 0.116160
vt 0.613699 0.125839
vt 0.009551 0.134721
vt 0.004775 0.133864
vt 0.004775 0.134721
vt 0.009551 0.136354
vt 0.004775 0.135537
vt 0.004775 0.136354
vt 0.009551 0.135537
vt 0.009551 0.137164
vt 0.004775 0.137974
vt 0.009551 0.137974
vt 0.004775 0.137164
vt 0.004775 0.138785
vt 0.009551 0.138785
vt 0.019101 0.134721
vt 0.019101 0.136354
vt 0.019101 0.137974
vt 0.028652 0.134721
vt 0.028652 0.136354
vt 0.028652 0.137974
vt 0.038203 0.136354
vt 0.038203 0.137974
vt 0.047754 0.136354
vt 0.038203 0.134721
vt 0.047754 0.137974
vt 0.057304 0.136354
vt 0.047754 0.134721
vt 0.057304 0.137974
vt 0.066856 0.134721
vt 0.066856 0.136354
vt 0.066856 0.137974
vt 0.076407 0.136354
vt 0.076407 0.137974
vt 0.085958 0.136354
vt 0.076407 0.134721
vt 0.085958 0.137974
vt 0.095509 0.136354
vt 0.085958 0.134721
vt 0.095509 0.137974
vt 0.105060 0.136354
vt 0.095509 0.134721
vt 0.105060 0.137974
vt 0.114612 0.135537
vt 0.114612 0.136354
vt 0.105060 0.134721
vt 0.114612 0.134721
vt 0.114612 0.137164
vt 0.114612 0.137974
vt 0.119387 0.134721
vt 0.114612 0.133864
vt 0.121775 0.133864
vt 0.119387 0.133436
vt 0.119387 0.133864
vt 0.122969 0.133436
vt 0.121775 0.133222
vt 0.121775 0.133436
vt 0.123566 0.133114
vt 0.122969 0.133222
vt 0.123566 0.133222
vt 0.123864 0.133061
vt 0.123864 0.133114
vt 0.124013 0.133061
vt 0.123864 0.133034
vt 0.124088 0.133021
vt 0.124013 0.133034
vt 0.124088 0.133034
vt 0.124125 0.133014
vt 0.124125 0.133021
vt 0.124144 0.133011
vt 0.124144 0.133014
vt 0.124153 0.133011
vt 0.124144 0.133009
vt 0.124158 0.133009
vt 0.124153 0.133008
vt 0.124153 0.133009
vt 0.119387 0.136354
vt 0.119387 0.135537
vt 0.119387 0.137974
vt 0.119387 0.137164
vt 0.119387 0.138785
vt 0.114612 0.138785
vt 0.006973 0.133007
vt 0.000000 0.133007
vt 0.009551 0.133864
vt 0.010881 0.133007
vt 0.018693 0.133007
vt 0.014788 0.133007
vt 0.026505 0.133007
vt 0.022599 0.133007
vt 0.000000 0.134654
vt 0.034318 0.133007
vt 0.030412 0.133007
vt 0.038224 0.133007
vt 0.046035 0.133007
vt 0.042129 0.133007
vt 0.053848 0.133007
vt 0.049941 0.133007
vt 0.057754 0.133007
vt 0.057304 0.134721
vt 0.065567 0.133007
vt 0.061660 0.133007
vt 0.069474 0.133007
vt 0.073381 0.133007
vt 0.081193 0.133007
vt 0.077288 0.133007
vt 0.085099 0.133007
vt 0.000000 0.136301
vt 0.000000 0.137948
vt 0.009551 0.139595
vt 0.000000 0.139595
vt 0.019101 0.139595
vt 0.028652 0.139595
vt 0.047754 0.139595
vt 0.057304 0.139595
vt 0.066856 0.139595
vt 0.076407 0.139595
vt 0.085958 0.139595
vt 0.089004 0.133007
vt 0.092910 0.133007
vt 0.096817 0.133007
vt 0.104631 0.133007
vt 0.100724 0.133007
vt 0.112442 0.133007
vt 0.108537 0.133007
vt 0.120256 0.133007
vt 0.116350 0.133007
vt 0.123566 0.133061
vt 0.124013 0.133021
vt 0.124088 0.133014
vt 0.122969 0.133114
vt 0.124162 0.133007
vt 0.124125 0.133011
vt 0.124158 0.133008
vt 0.124163 0.133007
vt 0.124163 0.134654
vt 0.095509 0.139595
vt 0.105060 0.139595
vt 0.114612 0.139595
vt 0.124163 0.136301
vt 0.124163 0.137948
vt 0.124163 0.139595
vt 0.009153 0.040126
vt 0.004577 0.039253
vt 0.004577 0.040126
vt 0.009153 0.041784
vt 0.004577 0.040955
vt 0.004577 0.041784
vt 0.009153 0.040955
vt 0.009153 0.042608
vt 0.004577 0.043431
vt 0.009153 0.043431
vt 0.004577 0.042608
vt 0.009153 0.044255
vt 0.004577 0.044255
vt 0.018307 0.040126
vt 0.018307 0.041784
vt 0.018307 0.043431
vt 0.027461 0.040126
vt 0.027461 0.041784
vt 0.027461 0.043431
vt 0.036615 0.041784
vt 0.036615 0.043431
vt 0.045769 0.041784
vt 0.036615 0.040126
vt 0.045769 0.043431
vt 0.054923 0.041784
vt 0.045769 0.040126
vt 0.054923 0.043431
vt 0.064078 0.041784
vt 0.054923 0.040126
vt 0.064078 0.043431
vt 0.073233 0.040955
vt 0.073233 0.041784
vt 0.064078 0.040126
vt 0.073233 0.040126
vt 0.073233 0.042608
vt 0.073233 0.043431
vt 0.077811 0.040126
vt 0.073233 0.039253
vt 0.077811 0.041784
vt 0.077811 0.040955
vt 0.077811 0.042608
vt 0.077811 0.043431
vt 0.077811 0.044255
vt 0.073233 0.044255
vt 0.003906 0.038381
vt 0.000000 0.038381
vt 0.007810 0.038381
vt 0.009153 0.039253
vt 0.000000 0.040055
vt 0.011717 0.038381
vt 0.015623 0.038381
vt 0.023436 0.038381
vt 0.019529 0.038381
vt 0.027342 0.038381
vt 0.031249 0.038381
vt 0.000000 0.041729
vt 0.000000 0.043404
vt 0.000000 0.045078
vt 0.009153 0.045078
vt 0.027461 0.045078
vt 0.036615 0.045078
vt 0.018307 0.045078
vt 0.045769 0.045078
vt 0.039060 0.038381
vt 0.035154 0.038381
vt 0.042966 0.038381
vt 0.050778 0.038381
vt 0.046872 0.038381
vt 0.054685 0.038381
vt 0.058591 0.038381
vt 0.070310 0.038381
vt 0.066404 0.038381
vt 0.074217 0.038381
vt 0.077811 0.039253
vt 0.078124 0.038381
vt 0.082388 0.040055
vt 0.082388 0.038381
vt 0.062498 0.038381
vt 0.054923 0.045078
vt 0.064078 0.045078
vt 0.082388 0.045078
vt 0.082388 0.041729
vt 0.082388 0.043404
vt 0.008690 0.001753
vt 0.004345 0.000876
vt 0.004345 0.001753
vt 0.008690 0.002585
vt 0.004345 0.003418
vt 0.008690 0.003418
vt 0.004345 0.002585
vt 0.008690 0.004245
vt 0.004345 0.005071
vt 0.008690 0.005071
vt 0.004345 0.004245
vt 0.004345 0.005898
vt 0.008690 0.005898
vt 0.017379 0.001753
vt 0.017379 0.003418
vt 0.017379 0.005071
vt 0.026069 0.001753
vt 0.026069 0.003418
vt 0.026069 0.005071
vt 0.034758 0.002585
vt 0.034758 0.003418
vt 0.034758 0.001753
vt 0.034758 0.004245
vt 0.034758 0.005071
vt 0.039102 0.000876
vt 0.039102 0.001753
vt 0.039102 0.002585
vt 0.039102 0.003418
vt 0.039102 0.005071
vt 0.039102 0.004245
vt 0.034758 0.005898
vt 0.039102 0.005898
vt 0.003696 0.000000
vt 0.000000 0.000000
vt 0.007393 0.000000
vt 0.000000 0.001681
vt 0.008690 0.000876
vt 0.014787 0.000000
vt 0.011089 0.000000
vt 0.018693 0.000000
vt 0.000000 0.003362
vt 0.000000 0.005043
vt 0.000000 0.006725
vt 0.008690 0.006725
vt 0.017379 0.006725
vt 0.026069 0.006725
vt 0.022599 0.000000
vt 0.026505 0.000000
vt 0.030412 0.000000
vt 0.034758 0.000876
vt 0.033671 0.000000
vt 0.036930 0.000000
vt 0.040189 0.000000
vt 0.043447 0.000000
vt 0.043447 0.001681
vt 0.043447 0.006725
vt 0.043447 0.003362
vt 0.043447 0.005043
vt 0.009155 0.058366
vt 0.004577 0.059238
vt 0.009155 0.059238
vt 0.009155 0.060068
vt 0.004577 0.060897
vt 0.009155 0.060897
vt 0.004577 0.060068
vt 0.009155 0.061720
vt 0.004577 0.062544
vt 0.009155 0.062544
vt 0.004577 0.061720
vt 0.009155 0.063367
vt 0.004577 0.063367
vt 0.018310 0.059238
vt 0.018310 0.060897
vt 0.018310 0.062544
vt 0.027465 0.059238
vt 0.027465 0.060897
vt 0.027465 0.062544
vt 0.036619 0.059238
vt 0.036619 0.060897
vt 0.036619 0.062544
vt 0.045773 0.059238
vt 0.045773 0.060897
vt 0.045773 0.062544
vt 0.054927 0.059238
vt 0.054927 0.060897
vt 0.054927 0.062544
vt 0.064081 0.059238
vt 0.064081 0.060897
vt 0.064081 0.062544
vt 0.073235 0.060068
vt 0.073235 0.060897
vt 0.073235 0.059238
vt 0.073235 0.061720
vt 0.073235 0.062544
vt 0.077812 0.058366
vt 0.077812 0.059238
vt 0.077812 0.060068
vt 0.077812 0.060897
vt 0.077812 0.061720
vt 0.077812 0.062544
vt 0.073235 0.063367
vt 0.077812 0.063367
vt 0.004577 0.058366
vt 0.002588 0.057493
vt 0.000000 0.057493
vt 0.006495 0.057493
vt 0.010401 0.057493
vt 0.000000 0.059168
vt 0.014308 0.057493
vt 0.018214 0.057493
vt 0.026028 0.057493
vt 0.022121 0.057493
vt 0.033841 0.057493
vt 0.029934 0.057493
vt 0.037747 0.057493
vt 0.000000 0.060842
vt 0.000000 0.062516
vt 0.000000 0.064191
vt 0.009155 0.064191
vt 0.018310 0.064191
vt 0.027465 0.064191
vt 0.036619 0.064191
vt 0.045773 0.064191
vt 0.041654 0.057493
vt 0.045560 0.057493
vt 0.053372 0.057493
vt 0.049466 0.057493
vt 0.061185 0.057493
vt 0.065091 0.057493
vt 0.057279 0.057493
vt 0.073235 0.058366
vt 0.068997 0.057493
vt 0.076809 0.057493
vt 0.072903 0.057493
vt 0.082389 0.059168
vt 0.082389 0.057493
vt 0.080713 0.057493
vt 0.054927 0.064191
vt 0.064081 0.064191
vt 0.073235 0.064191
vt 0.082389 0.060842
vt 0.082389 0.062516
vt 0.082389 0.064191
vt 0.009551 0.077463
vt 0.004776 0.078320
vt 0.009551 0.078320
vt 0.004776 0.077034
vt 0.002388 0.077463
vt 0.004776 0.077463
vt 0.002388 0.077034
vt 0.001194 0.076820
vt 0.001194 0.077034
vt 0.001194 0.076713
vt 0.000597 0.076820
vt 0.009551 0.079952
vt 0.004776 0.079136
vt 0.004776 0.079952
vt 0.009551 0.079136
vt 0.009551 0.081573
vt 0.004776 0.080762
vt 0.004776 0.081573
vt 0.009551 0.080762
vt 0.004776 0.082383
vt 0.009551 0.082383
vt 0.018946 0.078320
vt 0.018946 0.079952
vt 0.018946 0.081573
vt 0.028654 0.078320
vt 0.028654 0.079952
vt 0.028654 0.081573
vt 0.038205 0.078320
vt 0.038205 0.079952
vt 0.038205 0.081573
vt 0.047756 0.079952
vt 0.047756 0.081573
vt 0.057307 0.078320
vt 0.057307 0.079952
vt 0.057307 0.081573
vt 0.066858 0.078320
vt 0.066858 0.079952
vt 0.066858 0.081573
vt 0.076410 0.078320
vt 0.076410 0.079952
vt 0.076410 0.081573
vt 0.085960 0.078320
vt 0.085960 0.079952
vt 0.085960 0.081573
vt 0.095511 0.079952
vt 0.095511 0.081573
vt 0.105062 0.078320
vt 0.105062 0.079952
vt 0.105062 0.081573
vt 0.114612 0.079136
vt 0.114612 0.079952
vt 0.114612 0.078320
vt 0.114612 0.080762
vt 0.114612 0.081573
vt 0.119387 0.078320
vt 0.114612 0.077463
vt 0.121775 0.077034
vt 0.119387 0.077463
vt 0.121775 0.077463
vt 0.119387 0.079952
vt 0.119387 0.079136
vt 0.119387 0.080762
vt 0.119387 0.081573
vt 0.114612 0.082383
vt 0.119387 0.082383
vt 0.000597 0.076713
vt 0.000277 0.076606
vt 0.000000 0.076606
vt 0.001255 0.076606
vt 0.002231 0.076606
vt 0.002388 0.076820
vt 0.000000 0.078253
vt 0.006138 0.076606
vt 0.010043 0.076606
vt 0.017856 0.076606
vt 0.013950 0.076606
vt 0.025669 0.076606
vt 0.021763 0.076606
vt 0.033482 0.076606
vt 0.029575 0.076606
vt 0.037388 0.076606
vt 0.045201 0.076606
vt 0.041295 0.076606
vt 0.047756 0.078320
vt 0.053013 0.076606
vt 0.049108 0.076606
vt 0.000000 0.079900
vt 0.000000 0.081547
vt 0.000000 0.083194
vt 0.009551 0.083194
vt 0.038205 0.083194
vt 0.028654 0.083194
vt 0.018946 0.083194
vt 0.047756 0.083194
vt 0.057307 0.083194
vt 0.056919 0.076606
vt 0.064733 0.076606
vt 0.060826 0.076606
vt 0.068639 0.076606
vt 0.076452 0.076606
vt 0.072545 0.076606
vt 0.080358 0.076606
vt 0.084264 0.076606
vt 0.092076 0.076606
vt 0.088169 0.076606
vt 0.095511 0.078320
vt 0.095983 0.076606
vt 0.103794 0.076606
vt 0.099889 0.076606
vt 0.107700 0.076606
vt 0.115514 0.076606
vt 0.111607 0.076606
vt 0.119419 0.076606
vt 0.123325 0.076606
vt 0.119387 0.077034
vt 0.124163 0.076606
vt 0.124163 0.078253
vt 0.066858 0.083194
vt 0.076410 0.083194
vt 0.085960 0.083194
vt 0.105062 0.083194
vt 0.095511 0.083194
vt 0.124163 0.079900
vt 0.124163 0.081547
vt 0.114612 0.083194
vt 0.124163 0.083194
vt 0.008689 0.020067
vt 0.004344 0.020943
vt 0.008689 0.020943
vt 0.008689 0.022608
vt 0.004344 0.021776
vt 0.004344 0.022608
vt 0.008689 0.021776
vt 0.008689 0.024262
vt 0.004344 0.023435
vt 0.004344 0.024262
vt 0.008689 0.023435
vt 0.008689 0.025088
vt 0.004344 0.025088
vt 0.017378 0.020943
vt 0.017378 0.022608
vt 0.017378 0.024262
vt 0.026068 0.022608
vt 0.026068 0.024262
vt 0.034758 0.021776
vt 0.034758 0.022608
vt 0.026068 0.020943
vt 0.034758 0.020943
vt 0.034758 0.023435
vt 0.034758 0.024262
vt 0.039102 0.020943
vt 0.034758 0.020067
vt 0.041275 0.019629
vt 0.039102 0.020067
vt 0.041275 0.020067
vt 0.039102 0.022608
vt 0.039102 0.021776
vt 0.039102 0.024262
vt 0.039102 0.023435
vt 0.039102 0.025088
vt 0.034758 0.025088
vt 0.004344 0.020067
vt 0.005679 0.019190
vt 0.000000 0.019190
vt 0.000000 0.020872
vt 0.011361 0.019190
vt 0.015268 0.019190
vt 0.019173 0.019190
vt 0.023079 0.019190
vt 0.026985 0.019190
vt 0.000000 0.022553
vt 0.000000 0.024234
vt 0.000000 0.025915
vt 0.008689 0.025915
vt 0.017378 0.025915
vt 0.026068 0.025915
vt 0.030892 0.019190
vt 0.034799 0.019190
vt 0.039102 0.019629
vt 0.038705 0.019190
vt 0.042611 0.019190
vt 0.043447 0.019190
vt 0.043447 0.020872
vt 0.034758 0.025915
vt 0.043447 0.022553
vt 0.043447 0.024234
vt 0.043447 0.025915
vt 0.009551 0.115064
vt 0.004776 0.115921
vt 0.009551 0.115921
vt 0.009551 0.116737
vt 0.004776 0.117553
vt 0.009551 0.117553
vt 0.004776 0.116737
vt 0.009551 0.119174
vt 0.004776 0.118364
vt 0.004776 0.119174
vt 0.009551 0.118364
vt 0.004776 0.119984
vt 0.009551 0.119984
vt 0.019103 0.115921
vt 0.019103 0.117553
vt 0.019103 0.119174
vt 0.028654 0.115921
vt 0.028654 0.117553
vt 0.028654 0.119174
vt 0.038205 0.115921
vt 0.038205 0.117553
vt 0.038205 0.119174
vt 0.047756 0.115921
vt 0.047756 0.117553
vt 0.047756 0.119174
vt 0.057307 0.115921
vt 0.057307 0.117553
vt 0.057307 0.119174
vt 0.066858 0.115921
vt 0.066858 0.117553
vt 0.066858 0.119174
vt 0.076410 0.115921
vt 0.076410 0.117553
vt 0.076410 0.119174
vt 0.085960 0.115921
vt 0.085960 0.117553
vt 0.085960 0.119174
vt 0.095511 0.117553
vt 0.095511 0.119174
vt 0.105062 0.115921
vt 0.105062 0.117553
vt 0.105062 0.119174
vt 0.114612 0.116737
vt 0.114612 0.117553
vt 0.114612 0.115921
vt 0.114612 0.118364
vt 0.114612 0.119174
vt 0.119387 0.115064
vt 0.119387 0.115921
vt 0.121775 0.114635
vt 0.121775 0.115064
vt 0.119387 0.116737
vt 0.119387 0.117553
vt 0.119387 0.119174
vt 0.119387 0.118364
vt 0.119387 0.119984
vt 0.114612 0.119984
vt 0.004776 0.115064
vt 0.006139 0.114207
vt 0.000000 0.114207
vt 0.010044 0.114207
vt 0.017857 0.114207
vt 0.013949 0.114207
vt 0.021764 0.114207
vt 0.000000 0.115854
vt 0.025671 0.114207
vt 0.029578 0.114207
vt 0.033484 0.114207
vt 0.037389 0.114207
vt 0.041294 0.114207
vt 0.045200 0.114207
vt 0.049107 0.114207
vt 0.053014 0.114207
vt 0.056920 0.114207
vt 0.060826 0.114207
vt 0.064733 0.114207
vt 0.000000 0.117501
vt 0.000000 0.119148
vt 0.000000 0.120795
vt 0.009551 0.120795
vt 0.019103 0.120795
vt 0.028654 0.120795
vt 0.038205 0.120795
vt 0.057307 0.120795
vt 0.066858 0.120795
vt 0.047756 0.120795
vt 0.068639 0.114207
vt 0.072545 0.114207
vt 0.076451 0.114207
vt 0.084265 0.114207
vt 0.080357 0.114207
vt 0.088172 0.114207
vt 0.092077 0.114207
vt 0.095511 0.115921
vt 0.095982 0.114207
vt 0.099888 0.114207
vt 0.103794 0.114207
vt 0.114612 0.115064
vt 0.111607 0.114207
vt 0.107701 0.114207
vt 0.115513 0.114207
vt 0.119419 0.114207
vt 0.123325 0.114207
vt 0.124163 0.114207
vt 0.119387 0.114635
vt 0.124163 0.115854
vt 0.076410 0.120795
vt 0.085960 0.120795
vt 0.095511 0.120795
vt 0.105062 0.120795
vt 0.124163 0.117501
vt 0.124163 0.119148
vt 0.114612 0.120795
vt 0.124163 0.120795
vt 0.611947 0.009678
vt 0.612823 0.004839
vt 0.611947 0.004839
vt 0.613261 0.002420
vt 0.612823 0.002420
vt 0.610281 0.009678
vt 0.611114 0.004839
vt 0.610281 0.004839
vt 0.611114 0.009678
vt 0.608628 0.009678
vt 0.609455 0.004839
vt 0.608628 0.004839
vt 0.609455 0.009678
vt 0.607801 0.009678
vt 0.607801 0.004839
vt 0.611947 0.019357
vt 0.610281 0.019357
vt 0.608628 0.019357
vt 0.610281 0.029036
vt 0.608628 0.029036
vt 0.610281 0.038715
vt 0.611947 0.029036
vt 0.608628 0.038715
vt 0.610281 0.048394
vt 0.611947 0.038715
vt 0.608628 0.048394
vt 0.610281 0.058074
vt 0.611947 0.048394
vt 0.608628 0.058074
vt 0.610281 0.067753
vt 0.611947 0.058074
vt 0.608628 0.067753
vt 0.610281 0.077434
vt 0.611947 0.067753
vt 0.608628 0.077434
vt 0.610281 0.087115
vt 0.611947 0.077434
vt 0.608628 0.087115
vt 0.610281 0.096796
vt 0.611947 0.087115
vt 0.608628 0.096796
vt 0.610281 0.106477
vt 0.611947 0.096796
vt 0.608628 0.106477
vt 0.611114 0.116158
vt 0.610281 0.116158
vt 0.611947 0.106477
vt 0.611947 0.116158
vt 0.609455 0.116158
vt 0.608628 0.116158
vt 0.611947 0.120998
vt 0.612823 0.116158
vt 0.613261 0.123419
vt 0.612823 0.120998
vt 0.612823 0.123419
vt 0.610281 0.120998
vt 0.611114 0.120998
vt 0.609455 0.120998
vt 0.608628 0.120998
vt 0.607801 0.120998
vt 0.607801 0.116158
vt 0.613699 0.000976
vt 0.613699 0.004759
vt 0.613261 0.004839
vt 0.613699 0.008543
vt 0.612823 0.009678
vt 0.612018 0.000000
vt 0.613699 0.012326
vt 0.613699 0.016110
vt 0.613699 0.023677
vt 0.613699 0.019893
vt 0.613699 0.027461
vt 0.613699 0.035151
vt 0.613699 0.031245
vt 0.613699 0.039057
vt 0.613699 0.046869
vt 0.613699 0.042963
vt 0.613699 0.054680
vt 0.613699 0.050775
vt 0.613699 0.058586
vt 0.610337 0.000000
vt 0.608656 0.000000
vt 0.606975 0.000000
vt 0.606975 0.009678
vt 0.606975 0.019357
vt 0.606975 0.029036
vt 0.606975 0.038715
vt 0.606975 0.058074
vt 0.606975 0.048394
vt 0.613699 0.062492
vt 0.613699 0.066399
vt 0.613699 0.070305
vt 0.613699 0.078119
vt 0.613699 0.074212
vt 0.613699 0.082026
vt 0.613699 0.089838
vt 0.613699 0.085932
vt 0.613699 0.097651
vt 0.613699 0.093744
vt 0.613699 0.101557
vt 0.613699 0.109372
vt 0.613699 0.105464
vt 0.613699 0.113278
vt 0.613261 0.120998
vt 0.613699 0.121092
vt 0.613699 0.117185
vt 0.613699 0.124999
vt 0.612018 0.125839
vt 0.606975 0.077434
vt 0.606975 0.087115
vt 0.606975 0.106477
vt 0.606975 0.096796
vt 0.610337 0.125839
vt 0.608656 0.125839
vt 0.606975 0.116158
vt 0.606975 0.125839
vt 0.689412 0.008709
vt 0.689412 0.011611
vt 0.672395 0.011611
vt 0.672395 0.005806
vt 0.689412 0.005806
vt 0.689412 0.002903
vt 0.672395 0.000000
vt 0.689412 0.000000
vt 0.697921 0.005806
vt 0.697921 0.001451
vt 0.697921 0.002903
vt 0.697921 0.000000
vt 0.702175 0.001451
vt 0.702175 0.002903
vt 0.702175 0.000726
vt 0.702175 0.000000
vt 0.704302 0.001451
vt 0.704302 0.000000
vt 0.704302 0.000726
vt 0.697921 0.011611
vt 0.697921 0.008709
vt 0.689412 0.020320
vt 0.689412 0.023222
vt 0.672395 0.023222
vt 0.672395 0.017417
vt 0.689412 0.017417
vt 0.689412 0.014514
vt 0.697921 0.017417
vt 0.697921 0.014514
vt 0.697921 0.023222
vt 0.697921 0.020320
vt 0.646410 0.011611
vt 0.646410 0.017417
vt 0.646410 0.023222
vt 0.689412 0.031930
vt 0.689412 0.034833
vt 0.672395 0.034833
vt 0.672395 0.029028
vt 0.689412 0.029028
vt 0.689412 0.026125
vt 0.697921 0.029028
vt 0.697921 0.026125
vt 0.697921 0.034833
vt 0.697921 0.031930
vt 0.646410 0.029028
vt 0.646410 0.034833
vt 0.689412 0.043813
vt 0.689412 0.046806
vt 0.672395 0.046806
vt 0.672395 0.040820
vt 0.689412 0.040820
vt 0.689412 0.037826
vt 0.697921 0.040820
vt 0.697921 0.037826
vt 0.697921 0.046806
vt 0.697921 0.043813
vt 0.646410 0.040820
vt 0.646410 0.046806
vt 0.689412 0.055243
vt 0.689412 0.058055
vt 0.672395 0.058055
vt 0.672395 0.052431
vt 0.689412 0.052431
vt 0.689412 0.049618
vt 0.697921 0.052431
vt 0.697921 0.049618
vt 0.697921 0.058055
vt 0.697921 0.055243
vt 0.646410 0.052431
vt 0.646410 0.058055
vt 0.689412 0.066763
vt 0.689412 0.069666
vt 0.672395 0.069666
vt 0.672395 0.063860
vt 0.689412 0.063860
vt 0.689412 0.060958
vt 0.697921 0.063860
vt 0.697921 0.060958
vt 0.697921 0.069666
vt 0.697921 0.066763
vt 0.646410 0.063860
vt 0.646410 0.069666
vt 0.689412 0.078373
vt 0.689412 0.081276
vt 0.672395 0.081276
vt 0.672395 0.075471
vt 0.689412 0.075471
vt 0.689412 0.072568
vt 0.697921 0.075471
vt 0.697921 0.072568
vt 0.697921 0.081276
vt 0.697921 0.078373
vt 0.646410 0.075471
vt 0.646410 0.081276
vt 0.689412 0.089985
vt 0.689412 0.092888
vt 0.672395 0.092888
vt 0.672395 0.087082
vt 0.689412 0.087082
vt 0.689412 0.084179
vt 0.697921 0.087082
vt 0.697921 0.084179
vt 0.697921 0.092888
vt 0.697921 0.089985
vt 0.646410 0.087082
vt 0.646410 0.092888
vt 0.689412 0.101596
vt 0.689412 0.104498
vt 0.672395 0.104498
vt 0.672395 0.098693
vt 0.689412 0.098693
vt 0.689412 0.095791
vt 0.697921 0.098693
vt 0.697921 0.095791
vt 0.697921 0.104498
vt 0.697921 0.101596
vt 0.646410 0.098693
vt 0.646410 0.104498
vt 0.689412 0.113207
vt 0.689412 0.116109
vt 0.672395 0.116109
vt 0.672395 0.110304
vt 0.689412 0.110304
vt 0.689412 0.107401
vt 0.697921 0.110304
vt 0.697921 0.107401
vt 0.697921 0.113207
vt 0.697921 0.116109
vt 0.646410 0.110304
vt 0.646410 0.116109
vt 0.689412 0.124818
vt 0.689412 0.127720
vt 0.672395 0.127720
vt 0.672395 0.121915
vt 0.689412 0.121915
vt 0.689412 0.119012
vt 0.697921 0.119012
vt 0.697921 0.121915
vt 0.697921 0.126269
vt 0.697921 0.127720
vt 0.697921 0.124818
vt 0.697921 0.123366
vt 0.702175 0.124092
vt 0.702175 0.124818
vt 0.702175 0.123366
vt 0.702175 0.121915
vt 0.704302 0.124092
vt 0.704302 0.124818
vt 0.704302 0.123366
vt 0.702175 0.126269
vt 0.702175 0.127720
vt 0.702175 0.125543
vt 0.704302 0.125543
vt 0.704302 0.126269
vt 0.646410 0.121915
vt 0.646410 0.127720
vt 0.689412 0.136428
vt 0.689412 0.139330
vt 0.672395 0.139330
vt 0.672395 0.133525
vt 0.689412 0.133525
vt 0.689412 0.130623
vt 0.697921 0.130623
vt 0.697921 0.133525
vt 0.697921 0.136428
vt 0.697921 0.139330
vt 0.646410 0.133525
vt 0.646410 0.139330
vt 0.689412 0.148038
vt 0.689412 0.150941
vt 0.672395 0.150941
vt 0.672395 0.145136
vt 0.689412 0.145136
vt 0.689412 0.142233
vt 0.697921 0.142233
vt 0.697921 0.145136
vt 0.697921 0.148038
vt 0.697921 0.150941
vt 0.646410 0.145136
vt 0.646410 0.150941
vt 0.689412 0.159649
vt 0.689412 0.162552
vt 0.672395 0.162552
vt 0.672395 0.156747
vt 0.689412 0.156747
vt 0.689412 0.153844
vt 0.697921 0.153844
vt 0.697921 0.156747
vt 0.697921 0.159649
vt 0.697921 0.162552
vt 0.646410 0.156747
vt 0.646410 0.162552
vt 0.689412 0.171261
vt 0.689412 0.174164
vt 0.672395 0.174164
vt 0.672395 0.168358
vt 0.689412 0.168358
vt 0.689412 0.165455
vt 0.697921 0.165455
vt 0.697921 0.168358
vt 0.697921 0.172712
vt 0.697921 0.174164
vt 0.697921 0.171261
vt 0.697921 0.169809
vt 0.702175 0.169809
vt 0.702175 0.171261
vt 0.702175 0.168358
vt 0.702175 0.172712
vt 0.702175 0.174164
vt 0.646410 0.168358
vt 0.646410 0.174164
vt 0.689412 0.182872
vt 0.689412 0.185775
vt 0.672395 0.185775
vt 0.672395 0.179969
vt 0.689412 0.179969
vt 0.689412 0.177066
vt 0.697921 0.179969
vt 0.697921 0.177066
vt 0.697921 0.185775
vt 0.697921 0.182872
vt 0.646410 0.179969
vt 0.646410 0.185775
vt 0.689412 0.194118
vt 0.689412 0.196899
vt 0.672395 0.196899
vt 0.672395 0.191337
vt 0.689412 0.191337
vt 0.689412 0.188556
vt 0.697921 0.188556
vt 0.697921 0.191337
vt 0.697921 0.194118
vt 0.697921 0.196899
vt 0.646410 0.191337
vt 0.646410 0.196899
vt 0.689412 0.205972
vt 0.689412 0.208996
vt 0.672395 0.208996
vt 0.672395 0.202947
vt 0.689412 0.202947
vt 0.689412 0.199923
vt 0.697921 0.199923
vt 0.697921 0.202947
vt 0.697921 0.205972
vt 0.697921 0.208996
vt 0.646410 0.202947
vt 0.646410 0.208996
vt 0.689412 0.217704
vt 0.689412 0.220607
vt 0.672395 0.220607
vt 0.672395 0.214801
vt 0.689412 0.214801
vt 0.689412 0.211899
vt 0.697921 0.211899
vt 0.697921 0.214801
vt 0.697921 0.217704
vt 0.697921 0.220607
vt 0.646410 0.214801
vt 0.646410 0.220607
vt 0.689412 0.229315
vt 0.689412 0.232218
vt 0.672395 0.232218
vt 0.672395 0.226412
vt 0.689412 0.226412
vt 0.689412 0.223510
vt 0.697921 0.223510
vt 0.697921 0.226412
vt 0.697921 0.229315
vt 0.697921 0.232218
vt 0.646410 0.226412
vt 0.646410 0.232218
vt 0.689412 0.241243
vt 0.689412 0.244251
vt 0.672395 0.244251
vt 0.672395 0.238234
vt 0.689412 0.238234
vt 0.689412 0.235226
vt 0.697921 0.235226
vt 0.697921 0.238234
vt 0.697921 0.244251
vt 0.697921 0.241243
vt 0.646410 0.238234
vt 0.646410 0.244251
vt 0.689412 0.252642
vt 0.689412 0.255439
vt 0.672395 0.255439
vt 0.672395 0.249845
vt 0.689412 0.249845
vt 0.689412 0.247048
vt 0.697921 0.248447
vt 0.697921 0.249845
vt 0.697921 0.247048
vt 0.702175 0.248447
vt 0.702175 0.249845
vt 0.697921 0.254041
vt 0.697921 0.255439
vt 0.697921 0.252642
vt 0.697921 0.251244
vt 0.702175 0.251943
vt 0.702175 0.252642
vt 0.702175 0.251244
vt 0.702175 0.250544
vt 0.704302 0.250894
vt 0.704302 0.251244
vt 0.704302 0.250544
vt 0.704302 0.249845
vt 0.705365 0.251244
vt 0.705365 0.250894
vt 0.704302 0.251943
vt 0.704302 0.252642
vt 0.704302 0.251593
vt 0.705365 0.251593
vt 0.705365 0.251943
vt 0.705365 0.251418
vt 0.705897 0.251418
vt 0.705897 0.251593
vt 0.705897 0.251244
vt 0.702175 0.254041
vt 0.702175 0.255439
vt 0.702175 0.253341
vt 0.704302 0.253341
vt 0.704302 0.254041
vt 0.646410 0.249845
vt 0.646410 0.255439
vt 0.689412 0.264148
vt 0.689412 0.267051
vt 0.672395 0.267051
vt 0.672395 0.261245
vt 0.689412 0.261245
vt 0.689412 0.258342
vt 0.697921 0.258342
vt 0.697921 0.261245
vt 0.697921 0.264148
vt 0.697921 0.267051
vt 0.689412 0.275759
vt 0.689412 0.278662
vt 0.672395 0.278662
vt 0.672395 0.272856
vt 0.689412 0.272856
vt 0.689412 0.269954
vt 0.697921 0.269954
vt 0.697921 0.272856
vt 0.697921 0.275759
vt 0.697921 0.278662
vt 0.689412 0.287369
vt 0.689412 0.290272
vt 0.672395 0.290272
vt 0.672395 0.284467
vt 0.689412 0.284467
vt 0.689412 0.281564
vt 0.697921 0.281564
vt 0.697921 0.284467
vt 0.697921 0.287369
vt 0.697921 0.290272
vt 0.689412 0.298979
vt 0.689412 0.301882
vt 0.672395 0.301882
vt 0.672395 0.296077
vt 0.689412 0.296077
vt 0.689412 0.293174
vt 0.697921 0.293174
vt 0.697921 0.296077
vt 0.697921 0.298979
vt 0.697921 0.301882
vt 0.689412 0.310204
vt 0.689412 0.312978
vt 0.672395 0.312978
vt 0.672395 0.307430
vt 0.689412 0.307430
vt 0.689412 0.304656
vt 0.697921 0.304656
vt 0.697921 0.307430
vt 0.697921 0.312978
vt 0.697921 0.310204
vt 0.646410 0.301882
vt 0.646410 0.307430
vt 0.646410 0.312978
vt 0.689412 0.322073
vt 0.689412 0.325105
vt 0.672395 0.325105
vt 0.672395 0.319041
vt 0.689412 0.319041
vt 0.689412 0.316010
vt 0.697921 0.316010
vt 0.697921 0.319041
vt 0.697921 0.322073
vt 0.697921 0.325105
vt 0.689412 0.333813
vt 0.689412 0.336715
vt 0.672395 0.336715
vt 0.672395 0.330910
vt 0.689412 0.330910
vt 0.689412 0.328007
vt 0.697921 0.328007
vt 0.697921 0.330910
vt 0.697921 0.333813
vt 0.697921 0.336715
vt 0.689412 0.345241
vt 0.689412 0.348083
vt 0.672395 0.348083
vt 0.672395 0.342399
vt 0.689412 0.342399
vt 0.689412 0.339557
vt 0.697921 0.339557
vt 0.697921 0.342399
vt 0.697921 0.345241
vt 0.697921 0.348083
vt 0.646410 0.336715
vt 0.646410 0.342399
vt 0.646410 0.348083
vt 0.689412 0.356974
vt 0.689412 0.359938
vt 0.672395 0.359938
vt 0.672395 0.354011
vt 0.689412 0.354011
vt 0.689412 0.351047
vt 0.697921 0.351047
vt 0.697921 0.354011
vt 0.697921 0.359938
vt 0.697921 0.356974
vt 0.689412 0.368645
vt 0.689412 0.371548
vt 0.672395 0.371548
vt 0.672395 0.365743
vt 0.689412 0.365743
vt 0.689412 0.362841
vt 0.697921 0.365743
vt 0.697921 0.362841
vt 0.697921 0.371548
vt 0.697921 0.368645
vt 0.689412 0.379927
vt 0.689412 0.382720
vt 0.672395 0.382720
vt 0.672395 0.377134
vt 0.689412 0.377134
vt 0.689412 0.374341
vt 0.697921 0.375737
vt 0.697921 0.377134
vt 0.697921 0.374341
vt 0.697921 0.372944
vt 0.702175 0.374341
vt 0.702175 0.372944
vt 0.702175 0.377134
vt 0.702175 0.375039
vt 0.702175 0.375737
vt 0.704302 0.375737
vt 0.704302 0.375039
vt 0.697921 0.379927
vt 0.697921 0.382720
vt 0.646410 0.371548
vt 0.646410 0.377134
vt 0.646410 0.382720
vt 0.689412 0.391847
vt 0.689412 0.394889
vt 0.672395 0.394889
vt 0.672395 0.388805
vt 0.689412 0.388805
vt 0.689412 0.385762
vt 0.697921 0.385762
vt 0.697921 0.388805
vt 0.697921 0.394889
vt 0.697921 0.391847
vt 0.689412 0.403666
vt 0.689412 0.406591
vt 0.672395 0.406591
vt 0.672395 0.400740
vt 0.689412 0.400740
vt 0.689412 0.397815
vt 0.697921 0.400740
vt 0.697921 0.397815
vt 0.697921 0.406591
vt 0.697921 0.403666
vt 0.689412 0.415141
vt 0.689412 0.417992
vt 0.672395 0.417992
vt 0.672395 0.412291
vt 0.689412 0.412291
vt 0.689412 0.409441
vt 0.697921 0.412291
vt 0.697921 0.409441
vt 0.697921 0.415141
vt 0.697921 0.417992
vt 0.646410 0.406591
vt 0.646410 0.412291
vt 0.646410 0.417992
vt 0.689412 0.426700
vt 0.689412 0.429603
vt 0.672395 0.429603
vt 0.672395 0.423797
vt 0.689412 0.423797
vt 0.689412 0.420894
vt 0.697921 0.423797
vt 0.697921 0.420894
vt 0.697921 0.429603
vt 0.697921 0.426700
vt 0.689412 0.438673
vt 0.689412 0.441696
vt 0.672395 0.441696
vt 0.672395 0.435649
vt 0.689412 0.435649
vt 0.689412 0.432626
vt 0.697921 0.435649
vt 0.697921 0.432626
vt 0.697921 0.441696
vt 0.697921 0.438673
vt 0.689412 0.449770
vt 0.689412 0.452461
vt 0.672395 0.452461
vt 0.672395 0.447079
vt 0.689412 0.447079
vt 0.689412 0.444387
vt 0.697921 0.447079
vt 0.697921 0.444387
vt 0.697921 0.452461
vt 0.697921 0.449770
vt 0.646410 0.441696
vt 0.646410 0.447079
vt 0.646410 0.452461
vt 0.689412 0.461442
vt 0.689412 0.464436
vt 0.672395 0.464436
vt 0.672395 0.458448
vt 0.689412 0.458448
vt 0.689412 0.455455
vt 0.697921 0.458448
vt 0.697921 0.455455
vt 0.697921 0.464436
vt 0.697921 0.461442
vt 0.689412 0.473144
vt 0.689412 0.476046
vt 0.672395 0.476046
vt 0.672395 0.470241
vt 0.689412 0.470241
vt 0.689412 0.467338
vt 0.697921 0.470241
vt 0.697921 0.467338
vt 0.697921 0.476046
vt 0.697921 0.473144
vt 0.689412 0.484755
vt 0.689412 0.487657
vt 0.672395 0.487657
vt 0.672395 0.481852
vt 0.689412 0.481852
vt 0.689412 0.478949
vt 0.697921 0.481852
vt 0.697921 0.478949
vt 0.697921 0.487657
vt 0.697921 0.484755
vt 0.689412 0.496365
vt 0.689412 0.499268
vt 0.672395 0.499268
vt 0.672395 0.493463
vt 0.689412 0.493463
vt 0.689412 0.490560
vt 0.697921 0.493463
vt 0.697921 0.490560
vt 0.697921 0.497816
vt 0.697921 0.499268
vt 0.697921 0.496365
vt 0.702175 0.498542
vt 0.702175 0.499268
vt 0.702175 0.497816
vt 0.704302 0.498905
vt 0.704302 0.499268
vt 0.704302 0.498542
vt 0.705365 0.499086
vt 0.705365 0.499268
vt 0.705365 0.498905
vt 0.705897 0.499177
vt 0.705897 0.499268
vt 0.705897 0.499086
vt 0.706163 0.499222
vt 0.706163 0.499268
vt 0.706163 0.499177
vt 0.706296 0.499245
vt 0.706296 0.499268
vt 0.706296 0.499222
vt 0.706362 0.499256
vt 0.706362 0.499268
vt 0.706362 0.499245
vt 0.706362 0.499222
vt 0.706396 0.499268
vt 0.706396 0.499256
vt 0.689412 0.507976
vt 0.689412 0.510879
vt 0.672395 0.510879
vt 0.672395 0.505073
vt 0.689412 0.505073
vt 0.689412 0.502171
vt 0.697921 0.505073
vt 0.697921 0.500719
vt 0.697921 0.502171
vt 0.702175 0.502171
vt 0.702175 0.499993
vt 0.702175 0.500719
vt 0.704302 0.500719
vt 0.704302 0.499630
vt 0.704302 0.499993
vt 0.705365 0.499993
vt 0.705365 0.499449
vt 0.705365 0.499630
vt 0.705897 0.499630
vt 0.705897 0.499358
vt 0.705897 0.499449
vt 0.706163 0.499358
vt 0.706163 0.499449
vt 0.706163 0.499313
vt 0.706296 0.499358
vt 0.706296 0.499290
vt 0.706296 0.499313
vt 0.706362 0.499313
vt 0.706362 0.499279
vt 0.706362 0.499290
vt 0.706396 0.499290
vt 0.706396 0.499273
vt 0.706396 0.499279
vt 0.706412 0.499273
vt 0.706412 0.499279
vt 0.697921 0.510879
vt 0.697921 0.507976
vt 0.689412 0.519587
vt 0.689412 0.522489
vt 0.672395 0.522489
vt 0.672395 0.516684
vt 0.689412 0.516684
vt 0.689412 0.513782
vt 0.697921 0.516684
vt 0.697921 0.513782
vt 0.697921 0.522489
vt 0.697921 0.519587
vt 0.646410 0.510879
vt 0.646410 0.516684
vt 0.646410 0.522489
vt 0.689412 0.531197
vt 0.689412 0.534099
vt 0.672395 0.534099
vt 0.672395 0.528294
vt 0.689412 0.528294
vt 0.689412 0.525392
vt 0.697921 0.528294
vt 0.697921 0.525392
vt 0.697921 0.534099
vt 0.697921 0.531197
vt 0.646410 0.528294
vt 0.646410 0.534099
vt 0.689412 0.543080
vt 0.689412 0.546074
vt 0.672395 0.546074
vt 0.672395 0.540087
vt 0.689412 0.540087
vt 0.689412 0.537093
vt 0.697921 0.540087
vt 0.697921 0.537093
vt 0.697921 0.546074
vt 0.697921 0.543080
vt 0.646410 0.540087
vt 0.646410 0.546074
vt 0.689412 0.554510
vt 0.689412 0.557322
vt 0.672395 0.557322
vt 0.672395 0.551698
vt 0.689412 0.551698
vt 0.689412 0.548886
vt 0.697921 0.551698
vt 0.697921 0.548886
vt 0.697921 0.557322
vt 0.697921 0.554510
vt 0.646410 0.551698
vt 0.646410 0.557322
vt 0.689412 0.566030
vt 0.689412 0.568933
vt 0.672395 0.568933
vt 0.672395 0.563128
vt 0.689412 0.563128
vt 0.689412 0.560225
vt 0.697921 0.563128
vt 0.697921 0.560225
vt 0.697921 0.568933
vt 0.697921 0.566030
vt 0.646410 0.563128
vt 0.646410 0.568933
vt 0.689412 0.577641
vt 0.689412 0.580543
vt 0.672395 0.580543
vt 0.672395 0.574738
vt 0.689412 0.574738
vt 0.689412 0.571836
vt 0.697921 0.574738
vt 0.697921 0.571836
vt 0.697921 0.580543
vt 0.697921 0.577641
vt 0.646410 0.574738
vt 0.646410 0.580543
vt 0.672395 0.586349
vt 0.689412 0.592155
vt 0.672395 0.592155
vt 0.689412 0.583446
vt 0.689412 0.586349
vt 0.697921 0.586349
vt 0.697921 0.583446
vt 0.646410 0.586349
vt 0.646410 0.592155
vt 0.689412 0.600863
vt 0.689412 0.603766
vt 0.672395 0.603766
vt 0.672395 0.597960
vt 0.689412 0.597960
vt 0.689412 0.595058
vt 0.697921 0.597960
vt 0.697921 0.595058
vt 0.697921 0.603766
vt 0.697921 0.600863
vt 0.646410 0.597960
vt 0.646410 0.603766
vt 0.689412 0.612474
vt 0.689412 0.615377
vt 0.672395 0.615377
vt 0.672395 0.609571
vt 0.689412 0.609571
vt 0.689412 0.606669
vt 0.697921 0.609571
vt 0.697921 0.606669
vt 0.697921 0.615377
vt 0.697921 0.612474
vt 0.646410 0.609571
vt 0.646410 0.615377
vt 0.689412 0.623721
vt 0.689412 0.626503
vt 0.672395 0.626503
vt 0.672395 0.620940
vt 0.689412 0.620940
vt 0.689412 0.618158
vt 0.697921 0.620940
vt 0.697921 0.618158
vt 0.697921 0.625112
vt 0.697921 0.626503
vt 0.697921 0.623721
vt 0.697921 0.622330
vt 0.702175 0.623721
vt 0.702175 0.620940
vt 0.702175 0.622330
vt 0.702175 0.626503
vt 0.702175 0.624417
vt 0.702175 0.625112
vt 0.704302 0.625112
vt 0.704302 0.624417
vt 0.646410 0.620940
vt 0.646410 0.626503
vt 0.689412 0.635574
vt 0.689412 0.638598
vt 0.672395 0.638598
vt 0.672395 0.632551
vt 0.689412 0.632551
vt 0.689412 0.629527
vt 0.697921 0.632551
vt 0.697921 0.629527
vt 0.697921 0.638598
vt 0.697921 0.635574
vt 0.646410 0.632551
vt 0.646410 0.638598
vt 0.689412 0.647306
vt 0.689412 0.650209
vt 0.672395 0.650209
vt 0.672395 0.644404
vt 0.689412 0.644404
vt 0.689412 0.641501
vt 0.697921 0.644404
vt 0.697921 0.641501
vt 0.697921 0.647306
vt 0.697921 0.650209
vt 0.646410 0.644404
vt 0.646410 0.650209
vt 0.689412 0.658918
vt 0.689412 0.661820
vt 0.672395 0.661820
vt 0.672395 0.656015
vt 0.689412 0.656015
vt 0.689412 0.653112
vt 0.697921 0.653112
vt 0.697921 0.656015
vt 0.697921 0.658918
vt 0.697921 0.661820
vt 0.646410 0.656015
vt 0.646410 0.661820
vt 0.689412 0.670528
vt 0.689412 0.673431
vt 0.672395 0.673431
vt 0.672395 0.667626
vt 0.689412 0.667626
vt 0.689412 0.664723
vt 0.697921 0.664723
vt 0.697921 0.667626
vt 0.697921 0.670528
vt 0.697921 0.673431
vt 0.646410 0.667626
vt 0.646410 0.673431
vt 0.689412 0.682139
vt 0.689412 0.685042
vt 0.672395 0.685042
vt 0.672395 0.679236
vt 0.689412 0.679236
vt 0.689412 0.676334
vt 0.697921 0.676334
vt 0.697921 0.679236
vt 0.697921 0.682139
vt 0.697921 0.685042
vt 0.646410 0.679236
vt 0.646410 0.685042
vt 0.689412 0.693750
vt 0.689412 0.696652
vt 0.672395 0.696652
vt 0.672395 0.690847
vt 0.689412 0.690847
vt 0.689412 0.687944
vt 0.697921 0.687944
vt 0.697921 0.690847
vt 0.697921 0.693750
vt 0.697921 0.696652
vt 0.646410 0.690847
vt 0.646410 0.696652
vt 0.689412 0.705360
vt 0.689412 0.708263
vt 0.672395 0.708263
vt 0.672395 0.702457
vt 0.689412 0.702457
vt 0.689412 0.699555
vt 0.697921 0.699555
vt 0.697921 0.702457
vt 0.697921 0.705360
vt 0.697921 0.708263
vt 0.646410 0.702457
vt 0.646410 0.708263
vt 0.689412 0.716972
vt 0.689412 0.719875
vt 0.672395 0.719875
vt 0.672395 0.714069
vt 0.689412 0.714069
vt 0.689412 0.711166
vt 0.697921 0.711166
vt 0.697921 0.714069
vt 0.697921 0.716972
vt 0.697921 0.719875
vt 0.646410 0.714069
vt 0.646410 0.719875
vt 0.689412 0.728583
vt 0.689412 0.731486
vt 0.672395 0.731486
vt 0.672395 0.725680
vt 0.689412 0.725680
vt 0.689412 0.722778
vt 0.697921 0.722778
vt 0.697921 0.725680
vt 0.697921 0.728583
vt 0.697921 0.731486
vt 0.646410 0.725680
vt 0.646410 0.731486
vt 0.689412 0.740510
vt 0.689412 0.743519
vt 0.672395 0.743519
vt 0.672395 0.737502
vt 0.689412 0.737502
vt 0.689412 0.734494
vt 0.697921 0.734494
vt 0.697921 0.737502
vt 0.697921 0.740510
vt 0.697921 0.743519
vt 0.646410 0.737502
vt 0.646410 0.743519
vt 0.689412 0.751909
vt 0.689412 0.754706
vt 0.672395 0.754706
vt 0.672395 0.749112
vt 0.689412 0.749112
vt 0.689412 0.746315
vt 0.697921 0.747714
vt 0.697921 0.749112
vt 0.697921 0.746315
vt 0.702175 0.747714
vt 0.702175 0.749112
vt 0.697921 0.751909
vt 0.697921 0.754706
vt 0.697921 0.750511
vt 0.702175 0.750511
vt 0.702175 0.751909
vt 0.646410 0.749112
vt 0.646410 0.754706
vt 0.689412 0.763415
vt 0.689412 0.766319
vt 0.672395 0.766319
vt 0.672395 0.760512
vt 0.689412 0.760512
vt 0.689412 0.757609
vt 0.697921 0.757609
vt 0.697921 0.760512
vt 0.697921 0.763415
vt 0.697921 0.766319
vt 0.689412 0.775025
vt 0.689412 0.777927
vt 0.672395 0.777927
vt 0.672395 0.772123
vt 0.689412 0.772123
vt 0.689412 0.769221
vt 0.697921 0.769221
vt 0.697921 0.772123
vt 0.697921 0.775025
vt 0.697921 0.777927
vt 0.689412 0.786636
vt 0.689412 0.789539
vt 0.672395 0.789539
vt 0.672395 0.783733
vt 0.689412 0.783733
vt 0.689412 0.780830
vt 0.697921 0.780830
vt 0.697921 0.783733
vt 0.697921 0.786636
vt 0.697921 0.789539
vt 0.689412 0.798248
vt 0.689412 0.801150
vt 0.672395 0.801150
vt 0.672395 0.795345
vt 0.689412 0.795345
vt 0.689412 0.792442
vt 0.697921 0.792442
vt 0.697921 0.795345
vt 0.697921 0.798248
vt 0.697921 0.801150
vt 0.689412 0.809859
vt 0.689412 0.812762
vt 0.672395 0.812762
vt 0.672395 0.806956
vt 0.689412 0.806956
vt 0.689412 0.804053
vt 0.697921 0.804053
vt 0.697921 0.806956
vt 0.697921 0.812762
vt 0.697921 0.809859
vt 0.689412 0.821470
vt 0.689412 0.824373
vt 0.672395 0.824373
vt 0.672395 0.818567
vt 0.689412 0.818567
vt 0.689412 0.815665
vt 0.697921 0.815665
vt 0.697921 0.818567
vt 0.697921 0.821470
vt 0.697921 0.824373
vt 0.689412 0.833081
vt 0.689412 0.835983
vt 0.672395 0.835983
vt 0.672395 0.830178
vt 0.689412 0.830178
vt 0.689412 0.827276
vt 0.697921 0.827276
vt 0.697921 0.830178
vt 0.697921 0.833081
vt 0.697921 0.835983
vt 0.689412 0.844509
vt 0.689412 0.847351
vt 0.672395 0.847351
vt 0.672395 0.841667
vt 0.689412 0.841667
vt 0.689412 0.838825
vt 0.697921 0.838825
vt 0.697921 0.841667
vt 0.697921 0.844509
vt 0.697921 0.847351
vt 0.646410 0.835983
vt 0.646410 0.841667
vt 0.646410 0.847351
vt 0.689412 0.856127
vt 0.689412 0.859052
vt 0.672395 0.859052
vt 0.672395 0.853202
vt 0.689412 0.853202
vt 0.689412 0.850276
vt 0.697921 0.850276
vt 0.697921 0.853202
vt 0.697921 0.859052
vt 0.697921 0.856127
vt 0.689412 0.867875
vt 0.689412 0.870816
vt 0.672395 0.870816
vt 0.672395 0.864934
vt 0.689412 0.864934
vt 0.689412 0.861993
vt 0.697921 0.864934
vt 0.697921 0.861993
vt 0.697921 0.870816
vt 0.697921 0.867875
vt 0.689412 0.879195
vt 0.689412 0.881987
vt 0.672395 0.881987
vt 0.672395 0.876402
vt 0.689412 0.876402
vt 0.689412 0.873609
vt 0.697921 0.875005
vt 0.697921 0.876402
vt 0.697921 0.873609
vt 0.697921 0.872212
vt 0.702175 0.873609
vt 0.702175 0.872212
vt 0.702175 0.875005
vt 0.702175 0.876402
vt 0.702175 0.874307
vt 0.704302 0.875005
vt 0.704302 0.874307
vt 0.697921 0.879195
vt 0.697921 0.881987
vt 0.646410 0.870816
vt 0.646410 0.876402
vt 0.646410 0.881987
vt 0.689412 0.891115
vt 0.689412 0.894157
vt 0.672395 0.894157
vt 0.672395 0.888072
vt 0.689412 0.888072
vt 0.689412 0.885030
vt 0.697921 0.885030
vt 0.697921 0.888072
vt 0.697921 0.894157
vt 0.697921 0.891115
vt 0.689412 0.902933
vt 0.689412 0.905859
vt 0.672395 0.905859
vt 0.672395 0.900008
vt 0.689412 0.900008
vt 0.689412 0.897082
vt 0.697921 0.900008
vt 0.697921 0.897082
vt 0.697921 0.905859
vt 0.697921 0.902933
vt 0.689412 0.914409
vt 0.689412 0.917258
vt 0.672395 0.917258
vt 0.672395 0.911559
vt 0.689412 0.911559
vt 0.689412 0.908709
vt 0.697921 0.911559
vt 0.697921 0.908709
vt 0.697921 0.917258
vt 0.697921 0.914409
vt 0.646410 0.905859
vt 0.646410 0.911559
vt 0.646410 0.917258
vt 0.689412 0.925967
vt 0.689412 0.928870
vt 0.672395 0.928870
vt 0.672395 0.923064
vt 0.689412 0.923064
vt 0.689412 0.920161
vt 0.697921 0.923064
vt 0.697921 0.920161
vt 0.697921 0.928870
vt 0.697921 0.925967
vt 0.689412 0.937940
vt 0.689412 0.940963
vt 0.672395 0.940963
vt 0.672395 0.934917
vt 0.689412 0.934917
vt 0.689412 0.931893
vt 0.697921 0.934917
vt 0.697921 0.931893
vt 0.697921 0.937940
vt 0.697921 0.940963
vt 0.689412 0.949037
vt 0.689412 0.951729
vt 0.672395 0.951729
vt 0.672395 0.946346
vt 0.689412 0.946346
vt 0.689412 0.943655
vt 0.697921 0.946346
vt 0.697921 0.943655
vt 0.697921 0.951729
vt 0.697921 0.949037
vt 0.646410 0.940963
vt 0.646410 0.946346
vt 0.646410 0.951729
vt 0.689412 0.960710
vt 0.689412 0.963703
vt 0.672395 0.963703
vt 0.672395 0.957716
vt 0.689412 0.957716
vt 0.689412 0.954722
vt 0.697921 0.957716
vt 0.697921 0.954722
vt 0.697921 0.963703
vt 0.697921 0.960710
vt 0.689412 0.972411
vt 0.689412 0.975314
vt 0.672395 0.975314
vt 0.672395 0.969509
vt 0.689412 0.969509
vt 0.689412 0.966606
vt 0.697921 0.969509
vt 0.697921 0.966606
vt 0.697921 0.975314
vt 0.697921 0.972411
vt 0.689412 0.984022
vt 0.689412 0.986925
vt 0.672395 0.986925
vt 0.672395 0.981119
vt 0.689412 0.981119
vt 0.689412 0.978217
vt 0.697921 0.981119
vt 0.697921 0.978217
vt 0.697921 0.986925
vt 0.697921 0.984022
vt 0.689412 0.995632
vt 0.689412 0.998535
vt 0.672395 0.998535
vt 0.672395 0.992730
vt 0.689412 0.992730
vt 0.689412 0.989827
vt 0.697921 0.992730
vt 0.697921 0.989827
vt 0.697921 0.997084
vt 0.697921 0.998535
vt 0.697921 0.995632
vt 0.697921 0.994181
vt 0.702175 0.995632
vt 0.702175 0.994181
vt 0.702175 0.997810
vt 0.702175 0.998535
vt 0.702175 0.997084
vt 0.702175 0.996358
vt 0.704302 0.997084
vt 0.704302 0.996358
vt 0.704302 0.998535
vt 0.704302 0.997810
vt 0.706429 0.000000
vt 0.706429 0.004754
vt 0.706429 0.000975
vt 0.706429 0.008532
vt 0.706429 0.019868
vt 0.706429 0.016090
vt 0.706429 0.012311
vt 0.706429 0.023647
vt 0.706429 0.035105
vt 0.706429 0.031204
vt 0.706429 0.027425
vt 0.706429 0.042906
vt 0.706429 0.039005
vt 0.706429 0.046806
vt 0.706429 0.054607
vt 0.706429 0.050707
vt 0.706429 0.058508
vt 0.706429 0.066309
vt 0.706429 0.062408
vt 0.706429 0.078010
vt 0.706429 0.074110
vt 0.706429 0.070209
vt 0.706429 0.081911
vt 0.706429 0.089712
vt 0.706429 0.085811
vt 0.706429 0.093613
vt 0.706429 0.101414
vt 0.706429 0.113115
vt 0.706429 0.109215
vt 0.706429 0.105314
vt 0.706429 0.117016
vt 0.706429 0.124817
vt 0.706429 0.120916
vt 0.706429 0.129346
vt 0.706429 0.136728
vt 0.706429 0.133037
vt 0.706429 0.144320
vt 0.706429 0.140419
vt 0.706429 0.148220
vt 0.706429 0.125655
vt 0.706429 0.159276
vt 0.706429 0.156021
vt 0.706429 0.162530
vt 0.706429 0.171623
vt 0.706429 0.169039
vt 0.706429 0.165784
vt 0.706429 0.179424
vt 0.706429 0.175524
vt 0.706429 0.152121
vt 0.706429 0.097513
vt 0.706429 0.183325
vt 0.706429 0.191126
vt 0.706429 0.187225
vt 0.706429 0.202828
vt 0.706429 0.198927
vt 0.706429 0.206728
vt 0.706429 0.195026
vt 0.706429 0.214529
vt 0.706429 0.210629
vt 0.706429 0.218430
vt 0.706429 0.230131
vt 0.706429 0.237932
vt 0.706429 0.234032
vt 0.706429 0.226231
vt 0.706429 0.222330
vt 0.706429 0.249634
vt 0.702175 0.247048
vt 0.706429 0.245733
vt 0.706429 0.251584
vt 0.706429 0.251307
vt 0.705365 0.250544
vt 0.706429 0.252559
vt 0.706429 0.257435
vt 0.706429 0.253534
vt 0.706429 0.261335
vt 0.706429 0.273037
vt 0.706429 0.269136
vt 0.706429 0.265236
vt 0.706429 0.280838
vt 0.706429 0.276937
vt 0.706429 0.284738
vt 0.706429 0.241833
vt 0.706429 0.296440
vt 0.706429 0.292540
vt 0.706429 0.304241
vt 0.706429 0.300341
vt 0.706429 0.315943
vt 0.706429 0.312042
vt 0.706429 0.319843
vt 0.706429 0.327644
vt 0.706429 0.339346
vt 0.706429 0.335445
vt 0.706429 0.331545
vt 0.706429 0.343246
vt 0.706429 0.351047
vt 0.706429 0.347147
vt 0.706429 0.323744
vt 0.706429 0.362749
vt 0.706429 0.358849
vt 0.706429 0.366650
vt 0.706429 0.374451
vt 0.704302 0.374341
vt 0.706429 0.382252
vt 0.706429 0.375287
vt 0.706429 0.370550
vt 0.702175 0.371548
vt 0.706429 0.386152
vt 0.706429 0.397854
vt 0.706429 0.393953
vt 0.706429 0.390053
vt 0.706429 0.405655
vt 0.706429 0.401754
vt 0.706429 0.409555
vt 0.706429 0.354948
vt 0.706429 0.288639
vt 0.706429 0.308142
vt 0.706429 0.421257
vt 0.706429 0.417356
vt 0.706429 0.429058
vt 0.706429 0.425158
vt 0.706429 0.440760
vt 0.706429 0.436859
vt 0.706429 0.444660
vt 0.706429 0.432959
vt 0.706429 0.452461
vt 0.706429 0.464163
vt 0.706429 0.460262
vt 0.706429 0.456362
vt 0.706429 0.468063
vt 0.706429 0.475864
vt 0.706429 0.471964
vt 0.706429 0.448561
vt 0.706429 0.487566
vt 0.706429 0.483665
vt 0.706429 0.491467
vt 0.706429 0.479765
vt 0.705897 0.498905
vt 0.705365 0.498542
vt 0.706429 0.495367
vt 0.706163 0.499086
vt 0.704302 0.497816
vt 0.702175 0.496365
vt 0.706296 0.499177
vt 0.706429 0.413456
vt 0.620424 0.017417
vt 0.620424 0.034833
vt 0.620424 0.023222
vt 0.620424 0.011611
vt 0.620424 0.046806
vt 0.620424 0.052431
vt 0.620424 0.040820
vt 0.620424 0.058055
vt 0.620424 0.069666
vt 0.620424 0.063860
vt 0.620424 0.087082
vt 0.620424 0.098693
vt 0.620424 0.092888
vt 0.620424 0.081276
vt 0.620424 0.104498
vt 0.620424 0.116109
vt 0.620424 0.110304
vt 0.620424 0.127720
vt 0.620424 0.139330
vt 0.620424 0.133525
vt 0.620424 0.121915
vt 0.620424 0.267051
vt 0.620424 0.278662
vt 0.620424 0.290272
vt 0.620424 0.156747
vt 0.620424 0.150941
vt 0.620424 0.162552
vt 0.620424 0.168358
vt 0.620424 0.145136
vt 0.620424 0.185775
vt 0.620424 0.179969
vt 0.620424 0.191337
vt 0.620424 0.196899
vt 0.620424 0.202947
vt 0.620424 0.208996
vt 0.620424 0.220607
vt 0.620424 0.214801
vt 0.620424 0.238234
vt 0.620424 0.244251
vt 0.620424 0.226412
vt 0.620424 0.255439
vt 0.620424 0.301882
vt 0.620424 0.325105
vt 0.620424 0.359938
vt 0.620424 0.394889
vt 0.620424 0.348083
vt 0.620424 0.336715
vt 0.620424 0.312978
vt 0.620424 0.371548
vt 0.620424 0.382720
vt 0.620424 0.429603
vt 0.620424 0.464436
vt 0.620424 0.476046
vt 0.620424 0.406591
vt 0.620424 0.417992
vt 0.620424 0.441696
vt 0.620424 0.487657
vt 0.620424 0.452461
vt 0.620424 0.499268
vt 0.706429 0.499268
vt 0.706412 0.499268
vt 0.706396 0.499245
vt 0.706429 0.503168
vt 0.706429 0.507069
vt 0.706429 0.510969
vt 0.706429 0.518770
vt 0.706429 0.514870
vt 0.706429 0.522671
vt 0.706429 0.530472
vt 0.706429 0.526571
vt 0.706429 0.534372
vt 0.706429 0.546074
vt 0.706429 0.542174
vt 0.706429 0.553875
vt 0.706429 0.549975
vt 0.706429 0.538273
vt 0.706429 0.557776
vt 0.706429 0.565577
vt 0.706429 0.561676
vt 0.706429 0.577278
vt 0.706429 0.573378
vt 0.706429 0.587208
vt 0.706429 0.581535
vt 0.706429 0.569477
vt 0.706429 0.592880
vt 0.697921 0.592155
vt 0.706429 0.600681
vt 0.706429 0.596781
vt 0.706429 0.612383
vt 0.706429 0.608482
vt 0.706429 0.620184
vt 0.706429 0.616283
vt 0.706429 0.604582
vt 0.706429 0.624920
vt 0.706429 0.624084
vt 0.706429 0.635786
vt 0.706429 0.631886
vt 0.706429 0.643587
vt 0.706429 0.639687
vt 0.706429 0.647488
vt 0.706429 0.655289
vt 0.706429 0.651388
vt 0.704302 0.623721
vt 0.706429 0.659189
vt 0.706429 0.670891
vt 0.706429 0.666990
vt 0.706429 0.663090
vt 0.706429 0.678692
vt 0.706429 0.674791
vt 0.706429 0.682592
vt 0.706429 0.690393
vt 0.706429 0.702095
vt 0.706429 0.698195
vt 0.706429 0.694294
vt 0.706429 0.705996
vt 0.706429 0.713797
vt 0.706429 0.709896
vt 0.706429 0.686493
vt 0.706429 0.717697
vt 0.706429 0.729399
vt 0.706429 0.725498
vt 0.706429 0.721598
vt 0.706429 0.737200
vt 0.706429 0.748901
vt 0.702175 0.746315
vt 0.706429 0.745001
vt 0.706429 0.741100
vt 0.706429 0.733299
vt 0.706429 0.750573
vt 0.706429 0.756702
vt 0.706429 0.760603
vt 0.706429 0.768404
vt 0.706429 0.764504
vt 0.706429 0.772305
vt 0.706429 0.784006
vt 0.706429 0.780106
vt 0.706429 0.791807
vt 0.706429 0.787907
vt 0.706429 0.795708
vt 0.706429 0.807409
vt 0.706429 0.803509
vt 0.706429 0.799608
vt 0.706429 0.815210
vt 0.706429 0.826912
vt 0.706429 0.823011
vt 0.706429 0.819111
vt 0.706429 0.830813
vt 0.706429 0.838614
vt 0.706429 0.834713
vt 0.706429 0.811310
vt 0.706429 0.850315
vt 0.706429 0.846415
vt 0.706429 0.858116
vt 0.706429 0.854216
vt 0.706429 0.862017
vt 0.706429 0.869818
vt 0.702175 0.870816
vt 0.706429 0.865917
vt 0.706429 0.874555
vt 0.706429 0.877619
vt 0.706429 0.881519
vt 0.706429 0.885420
vt 0.706429 0.897121
vt 0.706429 0.893221
vt 0.706429 0.889320
vt 0.706429 0.873718
vt 0.704302 0.873609
vt 0.706429 0.842514
vt 0.706429 0.776205
vt 0.706429 0.904922
vt 0.706429 0.901022
vt 0.706429 0.908823
vt 0.706429 0.916624
vt 0.706429 0.912724
vt 0.706429 0.920525
vt 0.706429 0.932226
vt 0.706429 0.928326
vt 0.706429 0.940027
vt 0.706429 0.936127
vt 0.706429 0.924425
vt 0.706429 0.943928
vt 0.706429 0.951729
vt 0.706429 0.947828
vt 0.706429 0.963430
vt 0.706429 0.959530
vt 0.706429 0.967331
vt 0.706429 0.955629
vt 0.706429 0.975132
vt 0.706429 0.986834
vt 0.706429 0.982933
vt 0.706429 0.979033
vt 0.706429 0.994635
vt 0.702175 0.992730
vt 0.706429 0.990734
vt 0.704302 0.995632
vt 0.706429 0.971231
vt 0.706429 0.996585
vt 0.706429 0.998535
vt 0.706429 0.997560
vt 0.620424 0.522489
vt 0.620424 0.534099
vt 0.620424 0.528294
vt 0.620424 0.516684
vt 0.620424 0.540087
vt 0.620424 0.551698
vt 0.620424 0.557322
vt 0.620424 0.568933
vt 0.620424 0.580543
vt 0.620424 0.592155
vt 0.620424 0.586349
vt 0.620424 0.603766
vt 0.620424 0.615377
vt 0.620424 0.609571
vt 0.620424 0.632551
vt 0.620424 0.644404
vt 0.620424 0.638598
vt 0.620424 0.620940
vt 0.620424 0.766319
vt 0.620424 0.777927
vt 0.620424 0.789539
vt 0.620424 0.510879
vt 0.620424 0.656015
vt 0.620424 0.650209
vt 0.620424 0.661820
vt 0.620424 0.667626
vt 0.620424 0.679236
vt 0.620424 0.673431
vt 0.620424 0.690847
vt 0.620424 0.685042
vt 0.620424 0.696652
vt 0.620424 0.702457
vt 0.620424 0.708263
vt 0.620424 0.719875
vt 0.620424 0.714069
vt 0.620424 0.731486
vt 0.620424 0.743519
vt 0.620424 0.737502
vt 0.620424 0.725680
vt 0.620424 0.754706
vt 0.620424 0.801150
vt 0.620424 0.812762
vt 0.620424 0.824373
vt 0.620424 0.859052
vt 0.620424 0.894157
vt 0.620424 0.835983
vt 0.620424 0.847351
vt 0.620424 0.870816
vt 0.620424 0.881987
vt 0.620424 0.928870
vt 0.620424 0.975314
vt 0.620424 0.986925
vt 0.620424 0.963703
vt 0.620424 0.905859
vt 0.620424 0.917258
vt 0.620424 0.940963
vt 0.620424 0.951729
vt 0.620424 0.998535
vt 0.613699 0.029044
vt 0.038203 0.139595
vt 0.606975 0.067753
vt 0.620424 0.029028
vt 0.620424 0.075471
vt 0.620424 0.174164
vt 0.620424 0.232218
vt 0.620424 0.546074
vt 0.620424 0.563128
vt 0.620424 0.574738
vt 0.620424 0.597960
vt 0.620424 0.626503
s 1
usemtl metal_black
f 242/1/1 241/2/1 2/3/1
f 241/2/1 1/4/1 7/5/1
f 8/6/1 2/3/1 241/2/1
f 7/5/1 8/6/1 241/2/1
f 3/7/1 8/6/1 9/8/1
f 4/9/1 9/8/1 10/10/1
f 5/11/2 10/10/1 11/12/1
f 198/13/1 197/14/1 14/15/1
f 6/16/1 200/17/1 198/13/1
f 200/17/1 13/18/1 197/14/1
f 198/13/1 14/15/1 15/19/1
f 7/5/1 6/16/1 198/13/1
f 15/19/1 7/5/1 198/13/1
f 8/6/1 15/19/1 16/20/1
f 9/8/1 16/20/1 17/21/1
f 10/10/1 17/21/1 18/22/1
f 11/12/1 18/22/1 19/23/1
f 239/24/1 12/25/1 11/12/1
f 19/23/1 20/26/1 239/24/1
f 11/12/1 19/23/1 239/24/1
f 236/27/1 237/28/1 21/29/1
f 238/30/1 239/24/1 240/31/1
f 240/31/1 20/26/1 237/28/1
f 202/32/1 201/33/1 22/34/1
f 197/14/1 13/18/1 202/32/1
f 202/32/1 22/34/1 23/35/1
f 23/35/1 14/15/1 197/14/1
f 197/14/1 202/32/1 23/35/1
f 15/19/1 23/35/1 24/36/1
f 16/20/1 24/36/1 25/37/1
f 17/21/1 25/37/1 26/38/1
f 18/22/1 26/38/1 27/39/1
f 19/23/1 27/39/1 28/40/1
f 20/26/1 28/40/1 29/41/1
f 234/42/1 21/29/1 237/28/1
f 237/28/1 20/26/1 29/41/1
f 29/41/1 30/43/1 234/42/1
f 234/42/1 237/28/1 29/41/1
f 235/44/1 30/43/1 231/45/1
f 205/46/1 204/47/1 31/48/1
f 22/34/1 206/49/1 205/46/1
f 205/46/1 31/48/1 32/50/1
f 23/35/1 22/34/1 205/46/1
f 32/50/1 23/35/1 205/46/1
f 24/36/1 32/50/1 33/51/1
f 25/37/1 33/51/1 34/52/1
f 26/38/1 34/52/1 35/53/1
f 27/39/1 35/53/1 36/54/1
f 28/40/1 36/54/1 37/55/1
f 29/41/1 37/55/1 38/56/1
f 232/57/1 30/43/1 29/41/1
f 38/56/1 39/58/1 232/57/1
f 29/41/1 38/56/1 232/57/1
f 231/45/1 232/57/1 233/59/1
f 233/59/1 39/58/1 228/60/1
f 208/61/1 207/62/1 40/63/1
f 31/48/1 209/64/1 208/61/1
f 208/61/1 40/63/1 41/65/1
f 32/50/1 31/48/1 208/61/1
f 41/65/1 32/50/1 208/61/1
f 33/51/1 41/65/1 42/66/1
f 34/52/1 42/66/1 43/67/1
f 35/53/1 43/67/1 44/68/1
f 36/54/1 44/68/1 45/69/1
f 37/55/1 45/69/1 46/70/1
f 38/56/1 46/70/1 47/71/1
f 229/72/1 39/58/1 38/56/1
f 47/71/1 48/73/1 229/72/1
f 38/56/1 47/71/1 229/72/1
f 228/60/1 229/72/1 230/74/1
f 230/74/1 48/73/1 225/75/1
f 40/63/1 211/76/1 210/77/1
f 210/77/1 49/78/1 215/79/1
f 215/79/1 50/80/1 41/65/1
f 41/65/1 40/63/1 210/77/1
f 210/77/1 215/79/1 41/65/1
f 42/66/1 50/80/1 51/81/1
f 43/67/1 51/81/1 52/82/1
f 44/68/1 52/82/1 53/83/1
f 45/69/1 53/83/1 54/84/1
f 46/70/1 54/84/1 55/85/1
f 47/71/1 55/85/1 56/86/1
f 222/87/1 57/88/1 226/89/1
f 226/89/1 48/73/1 47/71/1
f 47/71/1 56/86/1 222/87/1
f 222/87/1 226/89/1 47/71/1
f 225/75/1 226/89/1 227/90/1
f 214/91/1 213/92/1 58/93/1
f 50/80/1 216/94/1 214/91/1
f 215/79/1 212/95/1 216/94/1
f 214/91/1 58/93/1 59/96/1
f 51/81/1 50/80/1 214/91/1
f 59/96/1 51/81/1 214/91/1
f 52/82/1 59/96/1 60/97/1
f 53/83/1 60/97/1 61/98/1
f 54/84/1 61/98/1 62/99/1
f 55/85/1 62/99/1 63/100/1
f 223/101/1 56/86/1 55/85/1
f 63/100/1 64/102/1 223/101/1
f 55/85/1 63/100/1 223/101/1
f 57/88/1 224/103/1 221/104/1
f 222/87/1 223/101/1 224/103/1
f 224/103/1 64/102/1 220/105/1
f 60/97/1 65/106/1 66/107/1
f 61/98/1 66/107/1 67/108/1
f 62/99/1 67/108/1 68/109/1
f 217/110/1 69/111/2 63/100/1
f 62/99/1 68/109/1 217/110/1
f 63/100/1 62/99/1 217/110/1
f 217/110/1 218/112/1 219/113/1
f 195/114/1 70/115/1 6/16/1
f 195/114/1 6/16/1 194/116/1
f 194/116/1 1/4/1 193/117/1
f 196/118/1 70/115/1 71/119/1
f 73/120/1 200/17/1 196/118/1
f 73/120/1 74/121/1 200/17/1
f 70/115/1 196/118/1 6/16/1
f 73/120/1 196/118/1 72/122/1
f 72/122/1 196/118/1 71/119/1
f 6/16/1 7/5/1 194/116/1
f 243/123/1 189/124/1 190/125/1
f 191/126/1 243/123/1 190/125/1
f 242/1/1 189/124/1 243/123/1
f 242/1/1 187/127/1 188/128/1
f 189/124/1 242/1/1 188/128/1
f 242/1/1 3/7/1 187/127/1
f 192/129/1 193/117/1 1/4/1
f 7/5/1 1/4/1 194/116/1
f 191/126/1 192/129/1 1/4/1
f 1/4/1 241/2/1 191/126/1
f 191/126/1 241/2/1 243/123/1
f 2/3/1 3/7/1 242/1/1
f 74/121/1 75/130/1 199/131/1
f 83/132/1 203/133/1 82/134/1
f 81/135/1 203/133/1 80/136/1
f 81/135/1 82/134/1 203/133/1
f 84/137/1 201/33/1 83/132/1
f 89/138/1 206/49/1 88/139/1
f 206/49/1 87/140/1 88/139/1
f 87/140/1 206/49/1 86/141/1
f 201/33/1 85/142/1 86/141/1
f 84/137/1 85/142/1 201/33/1
f 90/143/1 204/47/1 89/138/1
f 77/144/1 13/18/1 199/131/1
f 13/18/1 77/144/1 78/145/1
f 199/131/1 76/146/1 77/144/1
f 75/130/1 76/146/1 199/131/1
f 74/121/1 199/131/1 200/17/1
f 13/18/1 78/145/1 79/147/1
f 83/132/1 201/33/1 203/133/1
f 86/141/1 206/49/1 201/33/1
f 80/136/1 13/18/1 79/147/1
f 204/47/1 206/49/1 89/138/1
f 13/18/1 80/136/1 202/32/1
f 202/32/1 80/136/1 203/133/1
f 204/47/1 90/143/1 91/148/1
f 3/7/1 184/149/1 185/150/1
f 183/151/1 184/149/1 4/9/1
f 4/9/1 182/152/1 183/151/1
f 185/150/1 186/153/1 3/7/1
f 181/154/1 182/152/1 4/9/1
f 3/7/1 4/9/1 184/149/1
f 5/11/2 181/154/1 4/9/1
f 180/155/2 181/154/1 5/11/2
f 177/156/2 5/11/2 11/12/1
f 179/157/3 180/155/2 5/11/2
f 3/7/1 186/153/1 187/127/1
f 177/156/2 12/25/1 176/158/1
f 178/159/4 5/11/2 177/156/2
f 175/160/1 176/158/1 12/25/1
f 238/30/1 174/161/1 175/160/1
f 178/159/4 179/157/3 5/11/2
f 173/162/1 174/161/1 238/30/1
f 12/25/1 238/30/1 175/160/1
f 238/30/1 240/31/1 171/163/1
f 172/164/1 173/162/1 238/30/1
f 172/164/1 238/30/1 171/163/1
f 236/27/1 170/165/1 171/163/1
f 11/12/1 12/25/1 177/156/2
f 170/165/1 236/27/1 169/166/1
f 21/29/1 167/167/1 236/27/1
f 169/166/1 236/27/1 168/168/1
f 167/167/1 168/168/1 236/27/1
f 240/31/1 236/27/1 171/163/1
f 21/29/1 165/169/1 166/170/1
f 167/167/1 21/29/1 166/170/1
f 21/29/1 164/171/1 165/169/1
f 234/42/1 164/171/1 21/29/1
f 161/172/1 235/44/1 231/45/1
f 235/44/1 164/171/1 234/42/1
f 163/173/1 235/44/1 162/174/1
f 161/172/1 162/174/1 235/44/1
f 161/172/1 231/45/1 160/175/1
f 159/176/1 160/175/1 231/45/1
f 163/173/1 164/171/1 235/44/1
f 157/177/1 158/178/1 233/59/1
f 231/45/1 158/178/1 159/176/1
f 156/179/1 157/177/1 233/59/1
f 156/179/1 233/59/1 155/180/1
f 228/60/1 154/181/1 155/180/1
f 233/59/1 158/178/1 231/45/1
f 228/60/1 155/180/1 233/59/1
f 92/182/1 209/64/1 204/47/1
f 93/183/1 94/184/1 209/64/1
f 92/182/1 93/183/1 209/64/1
f 209/64/1 94/184/1 95/185/1
f 207/62/1 96/186/1 97/187/1
f 97/187/1 98/188/1 207/62/1
f 100/189/1 211/76/1 99/190/1
f 211/76/1 98/188/1 99/190/1
f 95/185/1 96/186/1 207/62/1
f 211/76/1 100/189/1 101/191/1
f 95/185/1 207/62/1 209/64/1
f 98/188/1 211/76/1 207/62/1
f 210/77/1 101/191/1 49/78/1
f 101/191/1 210/77/1 211/76/1
f 103/192/1 49/78/1 102/193/1
f 101/191/1 102/193/1 49/78/1
f 212/95/1 49/78/1 104/194/1
f 105/195/1 212/95/1 104/194/1
f 108/196/1 216/94/1 212/95/1
f 105/195/1 106/197/1 212/95/1
f 106/197/1 107/198/1 212/95/1
f 104/194/1 49/78/1 103/192/1
f 216/94/1 108/196/1 213/92/1
f 112/199/1 58/93/1 213/92/1
f 108/196/1 109/200/1 213/92/1
f 109/200/1 110/201/1 213/92/1
f 213/92/1 111/202/1 112/199/1
f 113/203/1 58/93/1 112/199/1
f 58/93/1 114/204/1 59/96/1
f 114/204/1 58/93/1 113/203/1
f 111/202/1 213/92/1 110/201/1
f 115/205/1 65/106/1 114/204/1
f 59/96/1 114/204/1 65/106/1
f 116/206/1 65/106/1 115/205/1
f 117/207/1 65/106/1 116/206/1
f 121/208/1 67/108/1 66/107/1
f 66/107/1 65/106/1 118/209/1
f 65/106/1 117/207/1 118/209/1
f 66/107/1 119/210/1 120/211/1
f 120/211/1 121/208/1 66/107/1
f 122/212/1 123/213/1 67/108/1
f 122/212/1 67/108/1 121/208/1
f 118/209/1 119/210/1 66/107/1
f 124/214/1 67/108/1 123/213/1
f 212/95/1 107/198/1 108/196/1
f 152/215/1 228/60/1 230/74/1
f 149/216/1 230/74/1 225/75/1
f 57/88/1 143/217/1 226/89/1
f 140/218/1 57/88/1 221/104/1
f 139/219/1 140/218/1 221/104/1
f 137/220/1 221/104/1 224/103/1
f 138/221/1 139/219/1 221/104/1
f 57/88/1 141/222/1 142/223/1
f 141/222/1 57/88/1 140/218/1
f 57/88/1 142/223/1 143/217/1
f 149/216/1 225/75/1 148/224/1
f 150/225/1 230/74/1 149/216/1
f 151/226/1 152/215/1 230/74/1
f 151/226/1 230/74/1 150/225/1
f 228/60/1 152/215/1 153/227/1
f 144/228/1 227/90/1 143/217/1
f 226/89/1 143/217/1 227/90/1
f 145/229/1 227/90/1 144/228/1
f 225/75/1 146/230/1 147/231/1
f 145/229/1 146/230/1 227/90/1
f 225/75/1 147/231/1 148/224/1
f 146/230/1 225/75/1 227/90/1
f 154/181/1 228/60/1 153/227/1
f 219/113/1 128/232/2 217/110/1
f 128/232/2 69/111/2 217/110/1
f 129/233/5 69/111/2 128/232/2
f 131/234/2 63/100/1 69/111/2
f 125/235/1 218/112/1 124/214/1
f 67/108/1 218/112/1 68/109/1
f 126/236/1 218/112/1 125/235/1
f 127/237/1 219/113/1 126/236/1
f 218/112/1 126/236/1 219/113/1
f 128/232/2 219/113/1 127/237/1
f 218/112/1 67/108/1 124/214/1
f 135/238/1 220/105/1 134/239/1
f 64/102/1 133/240/1 220/105/1
f 136/241/1 220/105/1 135/238/1
f 136/241/1 224/103/1 220/105/1
f 221/104/1 137/220/1 138/221/1
f 137/220/1 224/103/1 136/241/1
f 64/102/1 63/100/1 131/234/2
f 131/234/2 132/242/1 64/102/1
f 220/105/1 133/240/1 134/239/1
f 133/240/1 64/102/1 132/242/1
f 131/234/2 69/111/2 130/243/6
f 130/243/6 69/111/2 129/233/5
f 92/182/1 204/47/1 91/148/1
f 318/244/7 316/245/7 245/246/7
f 244/247/7 319/248/7 318/244/7
f 314/249/7 315/250/7 246/251/7
f 245/246/7 317/252/7 314/249/7
f 415/253/7 247/254/8 414/255/7
f 246/251/7 415/253/7 414/255/7
f 428/256/7 429/257/7 249/258/7
f 431/259/7 244/247/7 429/257/7
f 248/260/7 431/259/7 428/256/7
f 318/244/7 429/257/7 244/247/7
f 429/257/7 250/261/7 249/258/7
f 250/261/7 318/244/7 245/246/7
f 318/244/7 250/261/7 429/257/7
f 314/249/7 250/261/7 245/246/7
f 251/262/7 314/249/7 246/251/7
f 250/261/7 314/249/7 251/262/7
f 345/263/8 414/255/7 247/254/8
f 414/255/7 251/262/7 246/251/7
f 251/262/7 345/263/8 252/264/8
f 345/263/8 251/262/7 414/255/7
f 343/265/8 342/266/7 253/267/7
f 345/263/8 344/268/8 346/269/8
f 252/264/8 346/269/8 343/265/8
f 365/270/7 433/271/7 254/272/7
f 434/273/7 248/260/7 433/271/7
f 428/256/7 433/271/7 248/260/7
f 433/271/7 255/274/7 254/272/7
f 255/274/7 428/256/7 249/258/7
f 428/256/7 255/274/7 433/271/7
f 255/274/7 250/261/7 256/275/7
f 256/275/7 251/262/7 257/276/7
f 257/276/7 252/264/8 258/277/7
f 340/278/7 343/265/8 253/267/7
f 343/265/8 258/277/7 252/264/8
f 258/277/7 340/278/7 259/279/7
f 340/278/7 258/277/7 343/265/8
f 340/278/7 339/280/7 341/281/7
f 259/279/7 341/281/7 336/282/7
f 363/283/7 364/284/7 260/285/7
f 366/286/7 254/272/7 364/284/7
f 364/284/7 261/287/7 260/285/7
f 255/274/7 364/284/7 254/272/7
f 261/287/7 364/284/7 255/274/7
f 261/287/7 256/275/7 262/288/7
f 262/288/7 257/276/7 263/289/7
f 263/289/7 258/277/7 264/290/7
f 337/291/7 258/277/7 259/279/7
f 264/290/7 337/291/7 265/292/7
f 258/277/7 337/291/7 264/290/7
f 337/291/7 336/282/7 338/293/7
f 265/292/7 338/293/7 335/294/7
f 367/295/7 368/296/7 266/297/7
f 369/298/7 260/285/7 368/296/7
f 368/296/7 382/299/7 266/297/7
f 382/299/7 261/287/7 267/300/7
f 261/287/7 368/296/7 260/285/7
f 368/296/7 261/287/7 382/299/7
f 267/300/7 262/288/7 268/301/7
f 268/301/7 263/289/7 269/302/7
f 269/302/7 264/290/7 270/303/8
f 298/304/8 356/305/7 271/306/7
f 356/305/7 264/290/7 265/292/7
f 264/290/7 298/304/8 270/303/8
f 298/304/8 264/290/7 356/305/7
f 356/305/7 335/294/7 357/307/7
f 271/306/7 357/307/7 355/308/7
f 380/309/7 381/310/7 272/311/7
f 383/312/7 267/300/7 381/310/7
f 379/313/7 382/299/7 383/312/7
f 381/310/7 396/314/7 272/311/7
f 396/314/7 268/301/7 273/315/7
f 268/301/7 381/310/7 267/300/7
f 381/310/7 268/301/7 396/314/7
f 291/316/7 269/302/7 274/317/7
f 268/301/7 291/316/7 273/315/7
f 269/302/7 291/316/7 268/301/7
f 294/318/7 299/319/8 275/320/8
f 299/319/8 269/302/7 270/303/8
f 269/302/7 294/318/7 274/317/7
f 294/318/7 269/302/7 299/319/8
f 300/321/8 271/306/7 297/322/7
f 299/319/8 298/304/8 300/321/8
f 275/320/8 300/321/8 296/323/8
f 397/324/7 273/315/7 292/325/7
f 397/324/7 272/311/7 396/314/7
f 293/326/7 274/317/7 290/327/7
f 292/325/7 291/316/7 293/326/7
f 275/320/8 295/328/7 294/318/7
f 290/327/7 294/318/7 295/328/7
f 310/329/7 309/330/7 244/247/7
f 309/330/7 308/331/7 244/247/7
f 244/247/7 311/332/7 310/329/7
f 431/259/7 313/333/7 320/334/7
f 311/332/7 244/247/7 320/334/7
f 313/333/7 312/335/7 320/334/7
f 312/335/7 311/332/7 320/334/7
f 416/336/7 313/333/7 430/337/7
f 319/248/7 244/247/7 308/331/7
f 304/338/7 303/339/7 316/245/7
f 303/339/7 302/340/7 316/245/7
f 316/245/7 305/341/7 304/338/7
f 319/248/7 307/342/7 306/343/7
f 319/248/7 305/341/7 316/245/7
f 316/245/7 302/340/7 317/252/7
f 319/248/7 308/331/7 307/342/7
f 319/248/7 306/343/7 305/341/7
f 301/344/7 317/252/7 302/340/7
f 432/345/7 422/346/7 421/347/7
f 419/348/7 432/345/7 420/349/7
f 421/347/7 420/349/7 432/345/7
f 434/273/7 422/346/7 432/345/7
f 365/270/7 426/350/7 425/351/7
f 424/352/7 423/353/7 434/273/7
f 365/270/7 425/351/7 424/352/7
f 423/353/7 422/346/7 434/273/7
f 427/354/7 426/350/7 365/270/7
f 430/337/7 418/355/7 417/356/7
f 430/337/7 313/333/7 431/259/7
f 419/348/7 418/355/7 430/337/7
f 417/356/7 416/336/7 430/337/7
f 424/352/7 434/273/7 365/270/7
f 432/345/7 419/348/7 248/260/7
f 430/337/7 248/260/7 419/348/7
f 366/286/7 427/354/7 365/270/7
f 366/286/7 358/357/7 427/354/7
f 315/250/7 413/358/7 412/359/7
f 412/359/7 411/360/7 315/250/7
f 317/252/7 301/344/7 413/358/7
f 415/253/7 315/250/7 410/361/7
f 411/360/7 410/361/7 315/250/7
f 408/362/7 415/253/7 409/363/7
f 410/361/7 409/363/7 415/253/7
f 407/364/7 415/253/7 408/362/7
f 317/252/7 413/358/7 315/250/7
f 247/254/8 406/365/7 405/366/9
f 405/366/9 404/367/9 247/254/8
f 407/364/7 406/365/7 247/254/8
f 404/367/9 403/368/7 344/268/8
f 346/269/8 344/268/8 334/369/7
f 403/368/7 402/370/7 344/268/8
f 334/369/7 344/268/8 402/370/7
f 247/254/8 404/367/9 344/268/8
f 247/254/8 415/253/7 407/364/7
f 334/369/7 333/371/7 342/266/7
f 342/266/7 333/371/7 332/372/7
f 332/372/7 331/373/7 342/266/7
f 346/269/8 334/369/7 342/266/7
f 331/373/7 330/374/7 342/266/7
f 253/267/7 342/266/7 330/374/7
f 330/374/7 339/280/7 253/267/7
f 327/375/7 341/281/7 339/280/7
f 329/376/7 339/280/7 330/374/7
f 339/280/7 328/377/7 327/375/7
f 327/375/7 326/378/7 341/281/7
f 325/379/7 341/281/7 326/378/7
f 339/280/7 329/376/7 328/377/7
f 322/380/7 338/293/7 336/282/7
f 324/381/7 323/382/7 336/282/7
f 322/380/7 336/282/7 323/382/7
f 322/380/7 321/383/7 338/293/7
f 325/379/7 324/381/7 336/282/7
f 325/379/7 336/282/7 341/281/7
f 359/384/7 366/286/7 363/283/7
f 359/384/7 363/283/7 360/385/7
f 360/385/7 363/283/7 361/386/7
f 370/387/7 362/388/7 369/298/7
f 372/389/7 371/390/7 367/295/7
f 369/298/7 371/390/7 370/387/7
f 363/283/7 362/388/7 361/386/7
f 372/389/7 367/295/7 373/391/7
f 362/388/7 363/283/7 369/298/7
f 374/392/7 367/295/7 266/297/7
f 367/295/7 371/390/7 369/298/7
f 379/313/7 375/393/7 374/392/7
f 378/394/7 379/313/7 383/312/7
f 375/393/7 379/313/7 376/395/7
f 376/395/7 379/313/7 377/396/7
f 374/392/7 266/297/7 379/313/7
f 374/392/7 373/391/7 367/295/7
f 383/312/7 380/309/7 378/394/7
f 386/397/7 380/309/7 272/311/7
f 380/309/7 384/398/7 378/394/7
f 378/394/7 377/396/7 379/313/7
f 380/309/7 386/397/7 385/399/7
f 387/400/7 272/311/7 388/401/7
f 387/400/7 386/397/7 272/311/7
f 380/309/7 385/399/7 384/398/7
f 389/402/7 388/401/7 272/311/7
f 397/324/7 390/403/7 389/402/7
f 397/324/7 292/325/7 392/404/7
f 292/325/7 293/326/7 395/405/7
f 390/403/7 397/324/7 391/406/7
f 272/311/7 397/324/7 389/402/7
f 392/404/7 292/325/7 393/407/7
f 292/325/7 395/405/7 394/408/7
f 394/408/7 393/407/7 292/325/7
f 391/406/7 397/324/7 392/404/7
f 276/409/7 395/405/7 293/326/7
f 353/410/7 355/308/7 357/307/7
f 355/308/7 350/411/7 271/306/7
f 398/412/7 357/307/7 335/294/7
f 271/306/7 350/411/7 297/322/7
f 347/413/7 297/322/7 348/414/7
f 350/411/7 349/415/7 297/322/7
f 348/414/7 297/322/7 349/415/7
f 289/416/7 300/321/8 297/322/7
f 351/417/7 350/411/7 355/308/7
f 335/294/7 400/418/7 399/419/7
f 400/418/7 335/294/7 401/420/7
f 338/293/7 321/383/7 401/420/7
f 352/421/7 355/308/7 353/410/7
f 335/294/7 399/419/7 398/412/7
f 354/422/7 353/410/7 357/307/7
f 398/412/7 354/422/7 357/307/7
f 355/308/7 352/421/7 351/417/7
f 401/420/7 335/294/7 338/293/7
f 280/423/7 295/328/7 281/424/7
f 295/328/7 282/425/7 281/424/7
f 280/423/7 290/327/7 295/328/7
f 283/426/7 282/425/7 295/328/7
f 290/327/7 278/427/7 277/428/7
f 290/327/7 280/423/7 279/429/7
f 279/429/7 278/427/7 290/327/7
f 293/326/7 290/327/7 277/428/7
f 296/323/8 300/321/8 289/416/7
f 287/430/7 296/323/8 288/431/7
f 297/322/7 347/413/7 289/416/7
f 288/431/7 296/323/8 289/416/7
f 286/432/10 275/320/8 296/323/8
f 275/320/8 285/433/10 284/434/7
f 287/430/7 286/432/10 296/323/8
f 286/432/10 285/433/10 275/320/8
f 284/434/7 283/426/7 275/320/8
f 283/426/7 295/328/7 275/320/8
f 293/326/7 277/428/7 276/409/7
f 359/384/7 358/357/7 366/286/7
f 437/435/11 499/436/12 496/437/13
f 495/438/14 493/439/15 438/440/16
f 495/438/14 496/437/13 497/441/17
f 492/442/18 490/443/19 439/444/20
f 492/442/18 493/439/15 494/445/21
f 439/444/20 491/446/22 489/447/23
f 495/438/14 441/448/24 437/435/11
f 442/449/25 495/438/14 438/440/16
f 441/448/24 495/438/14 442/449/25
f 492/442/18 442/449/25 438/440/16
f 443/450/26 492/442/18 439/444/20
f 442/449/25 492/442/18 443/450/26
f 445/451/27 442/449/25 446/452/28
f 446/452/28 443/450/26 447/453/29
f 450/454/30 445/451/27 446/452/28
f 450/454/30 447/453/29 451/455/31
f 454/456/32 449/457/33 450/454/30
f 454/456/32 451/455/31 455/458/34
f 457/459/35 454/456/32 458/460/36
f 459/461/37 454/456/32 455/458/34
f 461/462/38 458/460/36 462/463/39
f 463/464/40 458/460/36 459/461/37
f 466/465/41 461/462/38 462/463/39
f 467/466/42 462/463/39 463/464/40
f 469/467/43 466/465/41 470/468/44
f 471/469/45 466/465/41 467/466/42
f 474/470/46 469/467/43 470/468/44
f 475/471/47 470/468/44 471/469/45
f 478/472/48 473/473/49 474/470/46
f 479/474/50 474/470/46 475/471/47
f 507/475/51 478/472/48 482/476/52
f 477/477/53 507/475/51 481/478/54
f 478/472/48 507/475/51 477/477/53
f 510/479/55 479/474/50 483/480/56
f 478/472/48 510/479/55 482/476/52
f 479/474/50 510/479/55 478/472/48
f 503/481/57 504/482/58 481/478/54
f 547/483/59 548/484/60 505/485/61
f 506/486/62 507/475/51 482/476/52
f 503/481/57 507/475/51 508/487/63
f 511/488/64 483/480/56 509/489/65
f 511/488/64 482/476/52 510/479/55
f 513/490/66 483/480/56 512/491/67
f 499/436/12 514/492/68 435/493/69
f 499/436/12 515/494/70 514/492/68
f 498/495/71 517/496/72 516/497/73
f 441/448/24 518/498/74 517/496/72
f 498/495/71 516/497/73 515/494/70
f 496/437/13 499/436/12 488/499/75
f 435/493/69 488/499/75 499/436/12
f 497/441/17 496/437/13 488/499/75
f 437/435/11 441/448/24 498/495/71
f 517/496/72 498/495/71 441/448/24
f 498/495/71 515/494/70 499/436/12
f 441/448/24 519/500/76 518/498/74
f 445/451/27 519/500/76 441/448/24
f 522/501/77 521/502/78 445/451/27
f 523/503/79 522/501/77 449/457/33
f 521/502/78 520/504/80 445/451/27
f 525/505/81 524/506/82 453/507/83
f 526/508/84 525/505/81 453/507/83
f 528/509/85 527/510/86 457/459/35
f 529/511/87 528/509/85 457/459/35
f 527/510/86 526/508/84 453/507/83
f 524/506/82 523/503/79 449/457/33
f 461/462/38 529/511/87 457/459/35
f 494/445/21 487/512/88 486/513/89
f 488/499/75 487/512/88 497/441/17
f 497/441/17 487/512/88 493/439/15
f 486/513/89 490/443/19 494/445/21
f 491/446/22 490/443/19 486/513/89
f 436/514/90 491/446/22 486/513/89
f 440/515/7 491/446/22 436/514/90
f 444/516/91 489/447/23 440/515/7
f 439/444/20 489/447/23 443/450/26
f 443/450/26 489/447/23 444/516/91
f 491/446/22 440/515/7 489/447/23
f 522/501/77 445/451/27 449/457/33
f 448/517/92 443/450/26 444/516/91
f 527/510/86 453/507/83 457/459/35
f 453/507/83 524/506/82 449/457/33
f 447/453/29 452/518/93 451/455/31
f 455/458/34 460/519/7 459/461/37
f 460/519/7 463/464/40 459/461/37
f 451/455/31 456/520/94 455/458/34
f 461/462/38 532/521/95 531/522/96
f 465/523/97 533/524/98 532/521/95
f 534/525/99 465/523/97 469/467/43
f 535/526/100 534/525/99 469/467/43
f 461/462/38 465/523/97 532/521/95
f 535/526/100 469/467/43 536/527/101
f 536/527/101 473/473/49 537/528/102
f 537/528/102 473/473/49 538/529/103
f 538/529/103 473/473/49 539/530/104
f 539/530/104 477/477/53 540/531/105
f 530/532/106 461/462/38 531/522/96
f 504/482/58 542/533/107 541/534/108
f 504/482/58 543/535/109 542/533/107
f 544/536/110 549/537/111 545/538/112
f 549/537/111 546/539/113 545/538/112
f 548/484/60 544/536/110 543/535/109
f 505/485/61 548/484/60 504/482/58
f 543/535/109 504/482/58 548/484/60
f 547/483/59 484/540/114 549/537/111
f 503/481/57 547/483/59 505/485/61
f 484/540/114 547/483/59 500/541/115
f 549/537/111 484/540/114 546/539/113
f 504/482/58 541/534/108 477/477/53
f 477/477/53 541/534/108 540/531/105
f 503/481/57 500/541/115 547/483/59
f 467/466/42 464/542/116 468/543/117
f 539/530/104 473/473/49 477/477/53
f 473/473/49 536/527/101 469/467/43
f 471/469/45 468/543/117 472/544/7
f 476/545/118 479/474/50 475/471/47
f 471/469/45 476/545/118 475/471/47
f 508/487/63 500/541/115 503/481/57
f 511/488/64 501/546/119 506/486/62
f 508/487/63 506/486/62 501/546/119
f 502/547/120 501/546/119 511/488/64
f 508/487/63 501/546/119 500/541/115
f 480/548/90 512/491/67 479/474/50
f 512/491/67 483/480/56 479/474/50
f 485/549/7 512/491/67 480/548/90
f 513/490/66 502/547/120 509/489/65
f 512/491/67 485/549/7 513/490/66
f 502/547/120 513/490/66 485/549/7
f 509/489/65 502/547/120 511/488/64
f 481/478/54 504/482/58 477/477/53
f 552/550/121 629/551/122 626/552/123
f 553/553/124 627/554/125 623/555/126
f 552/550/121 627/554/125 625/556/127
f 554/557/128 624/558/129 620/559/130
f 553/553/124 624/558/129 622/560/131
f 554/557/128 621/561/132 619/562/133
f 625/556/127 556/563/134 552/550/121
f 557/564/135 625/556/127 553/553/124
f 556/563/134 625/556/127 557/564/135
f 622/560/131 557/564/135 553/553/124
f 558/565/136 622/560/131 554/557/128
f 557/564/135 622/560/131 558/565/136
f 560/566/137 557/564/135 561/567/138
f 561/567/138 558/565/136 562/568/139
f 564/569/140 561/567/138 565/570/141
f 565/570/141 562/568/139 566/571/142
f 568/572/143 565/570/141 569/573/144
f 569/573/144 566/571/142 570/574/145
f 572/575/146 569/573/144 573/576/147
f 573/576/147 570/574/145 574/577/148
f 576/578/149 573/576/147 577/579/150
f 577/579/150 574/577/148 578/580/151
f 580/581/152 577/579/150 581/582/153
f 581/582/153 578/580/151 582/583/154
f 584/584/155 581/582/153 585/585/156
f 585/585/156 582/583/154 586/586/157
f 588/587/158 585/585/156 589/588/159
f 589/588/159 586/586/157 590/589/160
f 592/590/161 589/588/159 593/591/162
f 594/592/163 589/588/159 590/589/160
f 609/593/164 593/591/162 597/594/165
f 592/590/161 609/593/164 596/595/166
f 593/591/162 609/593/164 592/590/161
f 612/596/167 594/592/163 598/597/168
f 593/591/162 612/596/167 597/594/165
f 594/592/163 612/596/167 593/591/162
f 607/598/169 596/595/166 605/599/170
f 610/600/171 597/594/165 608/601/172
f 610/600/171 596/595/166 609/593/164
f 613/602/173 598/597/168 611/603/174
f 608/601/172 612/596/167 613/602/173
f 611/603/174 614/604/175 615/605/176
f 629/551/122 630/606/177 550/607/178
f 628/608/179 632/609/180 631/610/181
f 556/563/134 633/611/182 632/609/180
f 628/608/179 631/610/181 630/606/177
f 626/552/123 629/551/122 618/612/183
f 550/607/178 618/612/183 629/551/122
f 627/554/125 626/552/123 618/612/183
f 552/550/121 556/563/134 628/608/179
f 632/609/180 628/608/179 556/563/134
f 628/608/179 630/606/177 629/551/122
f 556/563/134 634/613/184 633/611/182
f 560/566/137 635/614/185 634/613/184
f 560/566/137 636/615/186 635/614/185
f 637/616/187 560/566/137 564/569/140
f 638/617/188 637/616/187 564/569/140
f 639/618/189 568/572/143 640/619/190
f 564/569/140 639/618/189 638/617/188
f 640/619/190 568/572/143 641/620/191
f 642/621/192 641/620/191 568/572/143
f 643/622/193 642/621/192 572/575/146
f 644/623/194 643/622/193 572/575/146
f 556/563/134 560/566/137 634/613/184
f 624/558/129 617/624/195 616/625/196
f 618/612/183 617/624/195 627/554/125
f 627/554/125 617/624/195 623/555/126
f 616/625/196 620/559/130 624/558/129
f 621/561/132 620/559/130 616/625/196
f 621/561/132 551/626/7 555/627/7
f 616/625/196 551/626/7 621/561/132
f 559/628/197 619/562/133 555/627/7
f 554/557/128 619/562/133 558/565/136
f 558/565/136 619/562/133 559/628/197
f 621/561/132 555/627/7 619/562/133
f 559/628/197 562/568/139 558/565/136
f 562/568/139 567/629/7 566/571/142
f 642/621/192 568/572/143 572/575/146
f 568/572/143 639/618/189 564/569/140
f 566/571/142 571/630/198 570/574/145
f 570/574/145 575/631/199 574/577/148
f 575/631/199 578/580/151 574/577/148
f 576/578/149 644/623/194 572/575/146
f 576/578/149 646/632/200 645/633/201
f 576/578/149 647/634/202 646/632/200
f 580/581/152 649/635/203 648/636/204
f 584/584/155 650/637/205 649/635/203
f 580/581/152 648/636/204 647/634/202
f 580/581/152 647/634/202 576/578/149
f 584/584/155 649/635/203 580/581/152
f 652/638/206 584/584/155 588/587/158
f 653/639/207 652/638/206 588/587/158
f 650/637/205 584/584/155 651/640/208
f 592/590/161 654/641/209 588/587/158
f 606/642/210 657/643/211 656/644/212
f 606/642/210 658/645/213 657/643/211
f 656/644/212 655/646/214 592/590/161
f 659/647/215 606/642/210 607/598/169
f 660/648/216 659/647/215 607/598/169
f 607/598/169 602/649/217 600/650/218
f 660/648/216 607/598/169 600/650/218
f 592/590/161 606/642/210 656/644/212
f 654/641/209 653/639/207 588/587/158
f 607/598/169 605/599/170 602/649/217
f 582/583/154 579/651/10 583/652/219
f 582/583/154 587/653/220 586/586/157
f 606/642/210 592/590/161 596/595/166
f 586/586/157 591/654/198 590/589/160
f 594/592/163 591/654/198 595/655/220
f 594/592/163 595/655/220 614/604/175
f 610/600/171 602/649/217 605/599/170
f 603/656/221 610/600/171 608/601/172
f 603/656/221 613/602/173 604/657/222
f 611/603/174 604/657/222 613/602/173
f 610/600/171 603/656/221 602/649/217
f 594/592/163 614/604/175 598/597/168
f 615/605/176 614/604/175 599/658/7
f 595/655/220 599/658/7 614/604/175
f 611/603/174 615/605/176 604/657/222
f 601/659/7 604/657/222 615/605/176
f 599/658/7 601/659/7 615/605/176
f 663/660/223 740/661/224 737/662/225
f 664/663/226 738/664/227 734/665/228
f 663/660/223 738/664/227 736/666/229
f 733/667/230 731/668/231 665/669/232
f 733/667/230 734/665/228 735/670/233
f 665/669/232 732/671/234 730/672/235
f 736/666/229 667/673/236 663/660/223
f 668/674/237 736/666/229 664/663/226
f 667/673/236 736/666/229 668/674/237
f 733/667/230 668/674/237 664/663/226
f 669/675/238 733/667/230 665/669/232
f 668/674/237 733/667/230 669/675/238
f 671/676/239 668/674/237 672/677/240
f 672/677/240 669/675/238 673/678/241
f 676/679/242 671/676/239 672/677/240
f 677/680/243 672/677/240 673/678/241
f 680/681/244 675/682/245 676/679/242
f 680/681/244 677/680/243 681/683/246
f 684/684/247 679/685/248 680/681/244
f 685/686/249 680/681/244 681/683/246
f 687/687/250 684/684/247 688/688/251
f 689/689/252 684/684/247 685/686/249
f 692/690/253 687/687/250 688/688/251
f 693/691/254 688/688/251 689/689/252
f 696/692/255 691/693/256 692/690/253
f 697/694/257 692/690/253 693/691/254
f 700/695/258 695/696/259 696/692/255
f 701/697/260 696/692/255 697/694/257
f 704/698/261 699/699/262 700/695/258
f 705/700/263 700/695/258 701/697/260
f 720/701/264 704/698/261 708/702/265
f 703/703/266 720/701/264 707/704/267
f 704/698/261 720/701/264 703/703/266
f 723/705/268 705/700/263 709/706/269
f 704/698/261 723/705/268 708/702/265
f 705/700/263 723/705/268 704/698/261
f 716/707/270 717/708/271 707/704/267
f 772/709/272 773/710/273 718/711/274
f 775/712/275 776/713/276 774/714/277
f 780/715/278 777/716/279 778/717/280
f 783/718/281 780/715/278 781/719/282
f 784/720/283 785/721/284 783/718/281
f 789/722/285 786/723/286 787/724/287
f 792/725/288 789/722/285 790/726/289
f 795/727/290 792/725/288 793/728/291
f 796/729/292 797/730/293 795/727/290
s 0
f 799/731/294 800/732/1 798/733/295
s 1
f 719/734/296 720/701/264 708/702/265
f 721/735/297 707/704/267 720/701/264
f 722/736/298 723/705/268 709/706/269
f 719/734/296 723/705/268 724/737/299
f 726/738/300 709/706/269 725/739/301
f 740/661/224 741/740/302 661/741/303
f 739/742/304 742/743/305 741/740/302
f 667/673/236 744/744/306 743/745/307
f 671/676/239 746/746/308 745/747/309
f 667/673/236 745/747/309 744/744/306
f 739/742/304 743/745/307 742/743/305
f 739/742/304 741/740/302 740/661/224
f 738/664/227 737/662/225 729/748/310
f 740/661/224 729/748/310 737/662/225
f 661/741/303 729/748/310 740/661/224
f 663/660/223 667/673/236 739/742/304
f 667/673/236 743/745/307 739/742/304
f 671/676/239 745/747/309 667/673/236
f 671/676/239 748/749/311 747/750/312
f 747/750/312 746/746/308 671/676/239
f 675/682/245 749/751/313 748/749/311
f 679/685/248 751/752/314 750/753/315
f 675/682/245 750/753/315 749/751/313
f 679/685/248 753/754/316 752/755/317
f 754/756/318 753/754/316 683/757/319
f 683/757/319 753/754/316 679/685/248
f 679/685/248 752/755/317 751/752/314
f 756/758/320 755/759/321 687/687/250
f 679/685/248 750/753/315 675/682/245
f 757/760/322 756/758/320 687/687/250
f 754/756/318 683/757/319 755/759/321
f 758/761/323 757/760/322 687/687/250
f 760/762/324 759/763/325 691/693/256
f 759/763/325 758/761/323 691/693/256
f 761/764/326 760/762/324 695/696/259
f 671/676/239 675/682/245 748/749/311
f 735/670/233 728/765/327 727/766/328
f 729/748/310 728/765/327 738/664/227
f 738/664/227 728/765/327 734/665/228
f 727/766/328 731/668/231 735/670/233
f 732/671/234 731/668/231 727/766/328
f 666/767/7 730/672/235 732/671/234
f 732/671/234 662/768/329 666/767/7
f 666/767/7 670/769/94 730/672/235
f 727/766/328 662/768/329 732/671/234
f 673/678/241 670/769/94 674/770/330
f 674/770/330 677/680/243 673/678/241
f 730/672/235 670/769/94 669/675/238
f 730/672/235 669/675/238 665/669/232
f 685/686/249 682/771/9 686/772/7
f 677/680/243 682/771/9 681/683/246
f 758/761/323 687/687/250 691/693/256
f 695/696/259 760/762/324 691/693/256
f 687/687/250 755/759/321 683/757/319
f 689/689/252 686/772/7 690/773/94
f 697/694/257 694/774/7 698/775/331
f 698/775/331 701/697/260 697/694/257
f 693/691/254 690/773/94 694/774/7
f 695/696/259 762/776/332 761/764/326
f 763/777/333 762/776/332 699/699/262
f 764/778/334 763/777/333 699/699/262
f 766/779/335 765/780/336 703/703/266
f 768/781/337 767/782/338 717/708/271
f 767/782/338 766/779/335 703/703/266
f 765/780/336 764/778/334 699/699/262
f 770/783/339 769/784/340 773/710/273
f 783/718/281 785/721/284 782/785/341
f 770/783/339 782/785/341 785/721/284
f 785/721/284 788/786/342 770/783/339
f 717/708/271 769/784/340 768/781/337
f 781/719/282 784/720/283 783/718/281
f 784/720/283 787/724/287 786/723/286
f 788/786/342 785/721/284 786/723/286
f 788/786/342 791/787/343 770/783/339
f 770/783/339 779/788/344 782/785/341
s 0
f 798/733/1 800/732/345 797/730/346
s 1
f 797/730/293 800/732/345 771/789/347
f 794/790/348 795/727/290 797/730/293
f 794/790/348 797/730/293 771/789/347
s 0
f 801/791/345 711/792/1 771/789/347
f 711/792/349 801/791/350 799/731/351
s 1
f 799/731/352 713/793/353 711/792/347
f 800/732/345 801/791/345 771/789/347
f 794/790/348 770/783/339 791/787/343
s 0
f 799/731/352 798/733/354 796/729/355
s 1
f 792/725/288 794/790/348 791/787/343
f 789/722/285 787/724/287 790/726/289
f 788/786/342 789/722/285 791/787/343
f 793/728/291 796/729/292 795/727/290
f 713/793/353 790/726/289 787/724/287
f 793/728/291 792/725/288 790/726/289
f 793/728/291 713/793/353 796/729/292
f 793/728/291 790/726/289 713/793/353
f 796/729/292 713/793/353 799/731/352
f 771/789/347 770/783/339 794/790/348
f 713/793/353 787/724/287 784/720/283
f 699/699/262 703/703/266 765/780/336
f 703/703/266 717/708/271 767/782/338
f 717/708/271 703/703/266 707/704/267
f 717/708/271 718/711/274 773/710/273
f 713/793/353 716/707/270 721/735/297
f 716/707/270 772/709/272 718/711/274
f 769/784/340 717/708/271 773/710/273
f 705/700/263 702/794/356 706/795/357
f 706/795/357 725/739/301 705/700/263
f 725/739/301 710/796/358 726/738/300
f 705/700/263 725/739/301 709/706/269
f 719/734/296 714/797/359 721/735/297
f 777/716/279 779/788/344 776/713/276
f 776/713/276 770/783/339 773/710/273
f 778/717/280 781/719/282 780/715/278
f 713/793/353 778/717/280 775/712/275
f 778/717/280 777/716/279 775/712/275
f 778/717/280 713/793/353 781/719/282
f 780/715/278 782/785/341 779/788/344
f 772/709/272 775/712/275 774/714/277
f 715/798/360 724/737/299 722/736/298
f 713/793/353 772/709/272 716/707/270
f 722/736/298 726/738/300 715/798/360
f 714/797/359 713/793/353 721/735/297
f 719/734/296 724/737/299 714/797/359
f 726/738/300 712/799/7 715/798/360
f 724/737/299 715/798/360 714/797/359
f 713/793/353 775/712/275 772/709/272
f 710/796/358 712/799/7 726/738/300
f 713/793/353 784/720/283 781/719/282
f 776/713/276 773/710/273 774/714/277
f 776/713/276 779/788/344 770/783/339
f 699/699/262 762/776/332 695/696/259
f 804/800/361 850/801/362 847/802/363
f 805/803/364 848/804/365 844/805/366
f 846/806/367 847/802/363 848/804/365
f 843/807/368 841/808/369 806/809/370
f 843/807/368 844/805/366 845/810/371
f 840/811/372 841/808/369 842/812/373
f 846/806/367 808/813/374 804/800/361
f 809/814/375 846/806/367 805/803/364
f 808/813/374 846/806/367 809/814/375
f 843/807/368 809/814/375 805/803/364
f 810/815/376 843/807/368 806/809/370
f 809/814/375 843/807/368 810/815/376
f 812/816/377 809/814/375 813/817/378
f 814/818/379 809/814/375 810/815/376
f 817/819/380 812/816/377 813/817/378
f 818/820/381 813/817/378 814/818/379
f 821/821/382 816/822/383 817/819/380
f 822/823/384 817/819/380 818/820/381
f 825/824/385 820/825/386 821/821/382
f 826/826/387 821/821/382 822/823/384
f 829/827/388 824/828/389 825/824/385
f 829/827/388 826/826/387 830/829/390
f 858/830/391 829/827/388 833/831/392
f 828/832/393 858/830/391 832/833/394
f 829/827/388 858/830/391 828/832/393
f 861/834/395 830/829/390 834/835/396
f 829/827/388 861/834/395 833/831/392
f 830/829/390 861/834/395 829/827/388
f 854/836/397 855/837/398 832/833/394
f 857/838/399 858/830/391 833/831/392
f 859/839/400 832/833/394 858/830/391
f 862/840/401 834/835/396 860/841/402
f 862/840/401 833/831/392 861/834/395
f 864/842/403 834/835/396 863/843/404
f 850/801/362 865/844/405 802/845/406
f 866/846/407 850/801/362 849/847/408
f 839/848/409 850/801/362 802/845/406
f 848/804/365 847/802/363 839/848/409
f 847/802/363 850/801/362 839/848/409
f 808/813/374 849/847/408 804/800/361
f 849/847/408 867/849/410 866/846/407
f 849/847/408 808/813/374 868/850/411
f 808/813/374 870/851/412 869/852/413
f 808/813/374 869/852/413 868/850/411
f 808/813/374 812/816/377 870/851/412
f 871/853/414 870/851/412 812/816/377
f 816/822/383 872/854/415 812/816/377
f 871/853/414 812/816/377 872/854/415
f 867/849/410 849/847/408 868/850/411
f 844/805/366 848/804/365 838/855/416
f 839/848/409 838/855/416 848/804/365
f 838/855/416 845/810/371 844/805/366
f 837/856/417 845/810/371 838/855/416
f 842/812/373 837/856/417 803/857/418
f 845/810/371 837/856/417 841/808/369
f 807/858/7 842/812/373 803/857/418
f 810/815/376 815/859/419 814/818/379
f 810/815/376 806/809/370 840/811/372
f 818/820/381 815/859/419 819/860/118
f 842/812/373 807/858/7 840/811/372
f 811/861/420 840/811/372 807/858/7
f 810/815/376 840/811/372 811/861/420
f 823/862/421 818/820/381 819/860/118
f 816/822/383 874/863/422 873/864/423
f 875/865/424 816/822/383 820/825/386
f 820/825/386 877/866/425 876/867/426
f 820/825/386 876/867/426 875/865/424
f 820/825/386 824/828/389 877/866/425
f 878/868/427 877/866/425 824/828/389
f 828/832/393 879/869/428 824/828/389
f 878/868/427 824/828/389 879/869/428
f 855/837/398 882/870/429 881/871/430
f 883/872/431 856/873/432 884/874/433
f 855/837/398 883/872/431 882/870/429
f 855/837/398 828/832/393 832/833/394
f 881/871/430 828/832/393 855/837/398
f 851/875/434 835/876/435 856/873/432
f 856/873/432 835/876/435 884/874/433
f 856/873/432 854/836/397 851/875/434
f 880/877/436 828/832/393 881/871/430
f 822/823/384 827/878/437 826/826/387
f 826/826/387 831/879/438 830/829/390
f 831/879/438 863/843/404 830/829/390
f 836/880/439 863/843/404 831/879/438
f 834/835/396 830/829/390 863/843/404
f 859/839/400 851/875/434 854/836/397
f 862/840/401 852/881/440 857/838/399
f 859/839/400 857/838/399 852/881/440
f 859/839/400 852/881/440 851/875/434
f 853/882/441 862/840/401 860/841/402
f 853/882/441 864/842/403 836/880/439
f 863/843/404 836/880/439 864/842/403
f 853/882/441 852/881/440 862/840/401
f 887/883/442 931/884/443 928/885/444
f 927/886/445 925/887/446 888/888/447
f 887/883/442 929/889/448 927/886/445
f 924/890/449 922/891/450 889/892/451
f 924/890/449 925/887/446 926/893/452
f 889/892/451 923/894/453 921/895/454
f 927/886/445 891/896/455 887/883/442
f 892/897/456 927/886/445 888/888/447
f 891/896/455 927/886/445 892/897/456
f 924/890/449 892/897/456 888/888/447
f 893/898/457 924/890/449 889/892/451
f 892/897/456 924/890/449 893/898/457
f 895/899/458 892/897/456 896/900/459
f 897/901/460 892/897/456 893/898/457
f 911/902/461 896/900/459 900/903/462
f 895/899/458 911/902/461 899/904/463
f 896/900/459 911/902/461 895/899/458
f 914/905/464 897/901/460 901/906/465
f 896/900/459 914/905/464 900/903/462
f 897/901/460 914/905/464 896/900/459
f 909/907/466 899/904/463 907/908/467
f 912/909/468 900/903/462 910/910/469
f 907/908/467 911/902/461 912/909/468
f 913/911/470 914/905/464 901/906/465
f 915/912/471 900/903/462 914/905/464
f 913/911/470 916/913/472 917/914/473
f 931/884/443 932/915/474 885/916/475
f 931/884/443 933/917/476 932/915/474
f 928/885/444 931/884/443 920/918/477
f 885/916/475 920/918/477 931/884/443
f 929/889/448 928/885/444 920/918/477
f 930/919/478 935/920/479 934/921/480
f 891/896/455 936/922/481 935/920/479
f 887/883/442 891/896/455 930/919/478
f 935/920/479 930/919/478 891/896/455
f 933/917/476 930/919/478 934/921/480
f 925/887/446 929/889/448 919/923/482
f 920/918/477 919/923/482 929/889/448
f 926/893/452 925/887/446 919/923/482
f 923/894/453 918/924/483 886/925/484
f 919/923/482 918/924/483 926/893/452
f 926/893/452 918/924/483 922/891/450
f 921/895/454 893/898/457 889/892/451
f 890/926/7 921/895/454 923/894/453
f 921/895/454 890/926/7 894/927/7
f 894/927/7 893/898/457 921/895/454
f 886/925/484 890/926/7 923/894/453
f 898/928/485 893/898/457 894/927/7
f 936/922/481 891/896/455 937/929/486
f 895/899/458 938/930/487 937/929/486
f 895/899/458 939/931/488 938/930/487
f 895/899/458 908/932/489 939/931/488
f 940/933/490 939/931/488 908/932/489
f 941/934/491 940/933/490 908/932/489
f 899/904/463 908/932/489 895/899/458
f 909/907/466 942/935/492 941/934/491
f 909/907/466 902/936/493 942/935/492
f 902/936/493 909/907/466 904/937/494
f 904/937/494 909/907/466 907/908/467
f 941/934/491 908/932/489 909/907/466
f 912/909/468 904/937/494 907/908/467
f 916/913/472 897/901/460 898/928/485
f 903/938/495 916/913/472 898/928/485
f 915/912/471 905/939/496 910/910/469
f 912/909/468 910/910/469 905/939/496
f 906/940/497 905/939/496 915/912/471
f 906/940/497 913/911/470 917/914/473
f 917/914/473 903/938/495 906/940/497
f 906/940/497 915/912/471 913/911/470
f 912/909/468 905/939/496 904/937/494
f 895/899/458 937/929/486 891/896/455
f 991/941/498 989/942/499 945/943/500
f 988/944/501 986/945/502 946/946/503
f 988/944/501 989/942/499 990/947/504
f 985/948/505 983/949/506 947/950/507
f 946/946/503 987/951/508 985/948/505
f 982/952/509 983/949/506 984/953/510
f 988/944/501 949/954/511 945/943/500
f 950/955/512 988/944/501 946/946/503
f 949/954/511 988/944/501 950/955/512
f 985/948/505 950/955/512 946/946/503
f 951/956/513 985/948/505 947/950/507
f 950/955/512 985/948/505 951/956/513
f 953/957/514 950/955/512 954/958/515
f 954/958/515 951/956/513 955/959/516
f 957/960/517 954/958/515 958/961/518
f 958/961/518 955/959/516 959/962/519
f 961/963/520 958/961/518 962/964/521
f 963/965/522 958/961/518 959/962/519
f 965/966/523 962/964/521 966/967/524
f 967/968/525 962/964/521 963/965/522
f 969/969/526 966/967/524 970/970/527
f 971/971/528 966/967/524 967/968/525
f 1000/972/529 970/970/527 974/973/530
f 969/969/526 1000/972/529 973/974/531
f 970/970/527 1000/972/529 969/969/526
f 1003/975/532 971/971/528 975/976/533
f 970/970/527 1003/975/532 974/973/530
f 971/971/528 1003/975/532 970/970/527
f 998/977/534 973/974/531 996/978/535
f 1001/979/536 974/973/530 999/980/537
f 996/978/535 1000/972/529 1001/979/536
f 1004/981/538 975/976/533 1002/982/539
f 999/980/537 1003/975/532 1004/981/538
f 1002/982/539 1005/983/540 1006/984/541
f 992/985/542 1007/986/543 943/987/544
f 1008/988/545 991/941/498 1009/989/546
f 992/985/542 1008/988/545 1007/986/543
f 989/942/499 992/985/542 981/990/547
f 943/987/544 981/990/547 992/985/542
f 991/941/498 945/943/500 949/954/511
f 990/947/504 989/942/499 981/990/547
f 1010/991/548 1009/989/546 991/941/498
f 949/954/511 1011/992/549 1010/991/548
f 953/957/514 1013/993/550 1012/994/551
f 949/954/511 1012/994/551 1011/992/549
f 953/957/514 1012/994/551 949/954/511
f 953/957/514 1015/995/552 1014/996/553
f 957/960/517 1015/995/552 953/957/514
f 953/957/514 1014/996/553 1013/993/550
f 1016/997/554 1015/995/552 957/960/517
f 991/941/498 949/954/511 1010/991/548
f 986/945/502 990/947/504 980/998/555
f 981/990/547 980/998/555 990/947/504
f 980/998/555 987/951/508 986/945/502
f 979/999/556 987/951/508 980/998/555
f 984/953/510 979/999/556 944/1000/557
f 987/951/508 979/999/556 983/949/506
f 948/1001/7 984/953/510 944/1000/557
f 955/959/516 952/1002/558 956/1003/559
f 951/956/513 947/950/507 982/952/509
f 955/959/516 960/1004/8 959/962/519
f 984/953/510 948/1001/7 982/952/509
f 952/1002/558 982/952/509 948/1001/7
f 951/956/513 982/952/509 952/1002/558
f 964/1005/560 959/962/519 960/1004/8
f 1016/997/554 957/960/517 1017/1006/561
f 961/963/520 1018/1007/562 1017/1006/561
f 965/966/523 1020/1008/563 1019/1009/564
f 961/963/520 1019/1009/564 1018/1007/562
f 965/966/523 1019/1009/564 961/963/520
f 1022/1010/565 965/966/523 969/969/526
f 1023/1011/566 1022/1010/565 969/969/526
f 965/966/523 1021/1012/567 1020/1008/563
f 969/969/526 997/1013/568 1024/1014/569
f 997/1013/568 1026/1015/570 1025/1016/571
f 997/1013/568 1025/1016/571 1024/1014/569
f 998/977/534 993/1017/572 977/1018/573
f 1027/1019/574 998/977/534 977/1018/573
f 998/977/534 1027/1019/574 1026/1015/570
f 973/974/531 997/1013/568 969/969/526
f 1023/1011/566 969/969/526 1024/1014/569
f 998/977/534 996/978/535 993/1017/572
f 963/965/522 968/1020/575 967/968/525
f 971/971/528 968/1020/575 972/1021/7
f 972/1021/7 1005/983/540 971/971/528
f 976/1022/7 1005/983/540 972/1021/7
f 975/976/533 971/971/528 1005/983/540
f 1001/979/536 993/1017/572 996/978/535
f 1004/981/538 994/1023/576 999/980/537
f 1001/979/536 999/980/537 994/1023/576
f 995/1024/577 994/1023/576 1004/981/538
f 1001/979/536 994/1023/576 993/1017/572
f 976/1022/7 1006/984/541 1005/983/540
f 995/1024/577 1006/984/541 978/1025/578
f 976/1022/7 978/1025/578 1006/984/541
f 995/1024/577 1004/981/538 1002/982/539
f 961/963/520 1017/1006/561 957/960/517
f 1092/1026/579 1090/1027/580 1030/1028/581
f 1142/1029/582 1143/1030/583 1093/1031/584
f 1144/1032/585 1147/1033/586 1146/1034/587
f 1148/1035/588 1149/1036/589 1147/1033/586
f 1031/1037/590 1091/1038/591 1087/1039/592
f 1030/1028/581 1091/1038/591 1089/1040/593
f 1032/1041/594 1088/1042/595 1084/1043/596
f 1031/1037/590 1088/1042/595 1086/1044/597
f 1032/1041/594 1085/1045/598 1083/1046/599
f 1089/1040/593 1034/1047/600 1030/1028/581
f 1035/1048/601 1089/1040/593 1031/1037/590
f 1034/1047/600 1089/1040/593 1035/1048/601
f 1086/1044/597 1035/1048/601 1031/1037/590
f 1036/1049/602 1086/1044/597 1032/1041/594
f 1035/1048/601 1086/1044/597 1036/1049/602
f 1038/1050/603 1035/1048/601 1039/1051/604
f 1039/1051/604 1036/1049/602 1040/1052/605
f 1042/1053/606 1039/1051/604 1043/1054/607
f 1043/1054/607 1040/1052/605 1044/1055/608
f 1047/1056/609 1042/1053/606 1043/1054/607
f 1047/1056/609 1044/1055/608 1048/1057/610
f 1050/1058/611 1047/1056/609 1051/1059/612
f 1052/1060/613 1047/1056/609 1048/1057/610
f 1054/1061/614 1051/1059/612 1055/1062/615
f 1055/1062/615 1052/1060/613 1056/1063/616
f 1058/1064/617 1055/1062/615 1059/1065/618
f 1059/1065/618 1056/1063/616 1060/1066/619
f 1062/1067/620 1059/1065/618 1063/1068/621
f 1063/1068/621 1060/1066/619 1064/1069/622
f 1067/1070/623 1062/1067/620 1063/1068/621
f 1067/1070/623 1064/1069/622 1068/1071/624
f 1070/1072/625 1067/1070/623 1071/1073/626
f 1072/1074/627 1067/1070/623 1068/1071/624
f 1101/1075/628 1071/1073/626 1075/1076/629
f 1070/1072/625 1101/1075/628 1074/1077/630
f 1071/1073/626 1101/1075/628 1070/1072/625
f 1104/1078/631 1072/1074/627 1076/1079/632
f 1071/1073/626 1104/1078/631 1075/1076/629
f 1072/1074/627 1104/1078/631 1071/1073/626
f 1097/1080/633 1098/1081/634 1074/1077/630
f 1153/1082/635 1099/1083/636 1151/1084/637
f 1100/1085/638 1101/1075/628 1075/1076/629
f 1097/1080/633 1101/1075/628 1102/1086/639
f 1105/1087/640 1076/1079/632 1103/1088/641
f 1105/1087/640 1075/1076/629 1104/1078/631
f 1103/1088/641 1106/1089/642 1107/1090/643
f 1150/1091/644 1108/1092/645 1028/1093/646
f 1150/1091/644 1109/1094/647 1108/1092/645
f 1149/1036/589 1150/1091/644 1028/1093/646
f 1110/1095/648 1109/1094/647 1148/1035/588
f 1145/1096/649 1110/1095/648 1148/1035/588
f 1146/1034/587 1147/1033/586 1149/1036/589
f 1082/1097/650 1149/1036/589 1028/1093/646
f 1142/1029/582 1145/1096/649 1144/1032/585
f 1111/1098/651 1145/1096/649 1142/1029/582
f 1146/1034/587 1143/1030/583 1144/1032/585
f 1145/1096/649 1148/1035/588 1147/1033/586
f 1082/1097/650 1143/1030/583 1146/1034/587
f 1111/1098/651 1110/1095/648 1145/1096/649
f 1146/1034/587 1149/1036/589 1082/1097/650
f 1092/1026/579 1111/1098/651 1142/1029/582
f 1112/1099/652 1111/1098/651 1092/1026/579
f 1114/1100/653 1113/1101/654 1034/1047/600
f 1116/1102/655 1115/1103/656 1034/1047/600
f 1115/1103/656 1114/1100/653 1034/1047/600
f 1112/1099/652 1092/1026/579 1113/1101/654
f 1118/1104/657 1117/1105/658 1038/1050/603
f 1119/1106/659 1118/1104/657 1042/1053/606
f 1121/1107/660 1120/1108/661 1046/1109/662
f 1123/1110/663 1122/1111/664 1046/1109/662
f 1122/1111/664 1121/1107/660 1046/1109/662
f 1120/1108/661 1119/1106/659 1042/1053/606
f 1117/1105/658 1116/1102/655 1038/1050/603
f 1123/1110/663 1046/1109/662 1050/1058/611
f 1091/1038/591 1082/1097/650 1081/1112/665
f 1093/1031/584 1143/1030/583 1090/1027/580
f 1090/1027/580 1143/1030/583 1082/1097/650
f 1030/1028/581 1034/1047/600 1092/1026/579
f 1092/1026/579 1142/1029/582 1093/1031/584
f 1087/1039/592 1091/1038/591 1081/1112/665
f 1085/1045/598 1080/1113/666 1029/1114/667
f 1087/1039/592 1081/1112/665 1088/1042/595
f 1088/1042/595 1081/1112/665 1080/1113/666
f 1080/1113/666 1084/1043/596 1088/1042/595
f 1033/1115/7 1085/1045/598 1029/1114/667
f 1113/1101/654 1092/1026/579 1034/1047/600
f 1032/1041/594 1083/1046/599 1036/1049/602
f 1042/1053/606 1118/1104/657 1038/1050/603
f 1040/1052/605 1045/1116/7 1044/1055/608
f 1034/1047/600 1038/1050/603 1116/1102/655
f 1036/1049/602 1041/1117/94 1040/1052/605
f 1033/1115/7 1037/1118/668 1083/1046/599
f 1037/1118/668 1036/1049/602 1083/1046/599
f 1085/1045/598 1033/1115/7 1083/1046/599
f 1044/1055/608 1049/1119/669 1048/1057/610
f 1053/1120/670 1048/1057/610 1049/1119/669
f 1042/1053/606 1046/1109/662 1120/1108/661
f 1123/1110/663 1050/1058/611 1124/1121/671
f 1054/1061/614 1126/1122/672 1125/1123/673
f 1054/1061/614 1127/1124/674 1126/1122/672
f 1058/1064/617 1129/1125/675 1128/1126/676
f 1058/1064/617 1130/1127/677 1129/1125/675
f 1054/1061/614 1128/1126/676 1127/1124/674
f 1054/1061/614 1125/1123/673 1050/1058/611
f 1058/1064/617 1128/1126/676 1054/1061/614
f 1131/1128/678 1130/1127/677 1062/1067/620
f 1133/1129/679 1132/1130/680 1062/1067/620
f 1132/1130/680 1131/1128/678 1062/1067/620
f 1058/1064/617 1062/1067/620 1130/1127/677
f 1133/1129/679 1066/1131/681 1134/1132/682
f 1124/1121/671 1050/1058/611 1125/1123/673
f 1136/1133/683 1135/1134/684 1070/1072/625
f 1137/1135/685 1136/1133/683 1070/1072/625
f 1098/1081/634 1139/1136/686 1138/1137/687
f 1140/1138/688 1153/1082/635 1141/1139/689
f 1152/1140/690 1140/1138/688 1139/1136/686
f 1098/1081/634 1138/1137/687 1137/1135/685
f 1099/1083/636 1152/1140/690 1098/1081/634
f 1139/1136/686 1098/1081/634 1152/1140/690
f 1151/1084/637 1078/1141/691 1153/1082/635
f 1097/1080/633 1151/1084/637 1099/1083/636
f 1078/1141/691 1151/1084/637 1094/1142/692
f 1153/1082/635 1078/1141/691 1141/1139/689
f 1137/1135/685 1070/1072/625 1098/1081/634
f 1066/1131/681 1135/1134/684 1134/1132/682
f 1097/1080/633 1094/1142/692 1151/1084/637
f 1052/1060/613 1057/1143/7 1056/1063/616
f 1056/1063/616 1061/1144/7 1060/1066/619
f 1133/1129/679 1062/1067/620 1066/1131/681
f 1070/1072/625 1135/1134/684 1066/1131/681
f 1060/1066/619 1065/1145/7 1064/1069/622
f 1073/1146/693 1068/1071/624 1069/1147/694
f 1064/1069/622 1069/1147/694 1068/1071/624
f 1102/1086/639 1094/1142/692 1097/1080/633
f 1105/1087/640 1095/1148/695 1100/1085/638
f 1102/1086/639 1100/1085/638 1095/1148/695
f 1103/1088/641 1096/1149/696 1105/1087/640
f 1095/1148/695 1105/1087/640 1096/1149/696
f 1102/1086/639 1095/1148/695 1094/1142/692
f 1106/1089/642 1072/1074/627 1073/1146/693
f 1077/1150/7 1106/1089/642 1073/1146/693
f 1106/1089/642 1077/1150/7 1107/1090/643
f 1107/1090/643 1096/1149/696 1103/1088/641
f 1107/1090/643 1077/1150/7 1079/1151/94
f 1107/1090/643 1079/1151/94 1096/1149/696
f 1074/1077/630 1098/1081/634 1070/1072/625
f 1200/1152/697 1198/1153/698 1156/1154/699
f 1157/1155/700 1199/1156/701 1195/1157/702
f 1197/1158/703 1198/1153/698 1199/1156/701
f 1158/1159/704 1196/1160/705 1192/1161/706
f 1157/1155/700 1196/1160/705 1194/1162/707
f 1191/1163/708 1192/1161/706 1193/1164/709
f 1197/1158/703 1160/1165/710 1156/1154/699
f 1161/1166/711 1197/1158/703 1157/1155/700
f 1160/1165/710 1197/1158/703 1161/1166/711
f 1194/1162/707 1161/1166/711 1157/1155/700
f 1162/1167/712 1194/1162/707 1158/1159/704
f 1161/1166/711 1194/1162/707 1162/1167/712
f 1165/1168/713 1160/1165/710 1161/1166/711
f 1165/1168/713 1162/1167/712 1166/1169/714
f 1181/1170/715 1165/1168/713 1169/1171/716
f 1164/1172/717 1181/1170/715 1168/1173/718
f 1165/1168/713 1181/1170/715 1164/1172/717
f 1184/1174/719 1166/1169/714 1170/1175/720
f 1165/1168/713 1184/1174/719 1169/1171/716
f 1166/1169/714 1184/1174/719 1165/1168/713
f 1177/1176/721 1178/1177/722 1168/1173/718
f 1214/1178/723 1179/1179/724 1212/1180/725
f 1180/1181/726 1181/1170/715 1169/1171/716
f 1182/1182/727 1168/1173/718 1181/1170/715
f 1183/1183/728 1184/1174/719 1170/1175/720
f 1180/1181/726 1184/1174/719 1185/1184/729
f 1187/1185/730 1170/1175/720 1186/1186/731
f 1201/1187/732 1202/1188/733 1154/1189/734
f 1200/1152/697 1202/1188/733 1201/1187/732
f 1190/1190/735 1201/1187/732 1154/1189/734
f 1190/1190/735 1198/1153/698 1201/1187/732
f 1199/1156/701 1198/1153/698 1190/1190/735
f 1200/1152/697 1203/1191/736 1202/1188/733
f 1200/1152/697 1160/1165/710 1204/1192/737
f 1160/1165/710 1205/1193/738 1204/1192/737
f 1156/1154/699 1160/1165/710 1200/1152/697
f 1206/1194/739 1160/1165/710 1164/1172/717
f 1207/1195/740 1206/1194/739 1164/1172/717
f 1204/1192/737 1203/1191/736 1200/1152/697
f 1195/1157/702 1199/1156/701 1189/1196/741
f 1190/1190/735 1189/1196/741 1199/1156/701
f 1196/1160/705 1195/1157/702 1189/1196/741
f 1193/1164/709 1188/1197/742 1155/1198/743
f 1189/1196/741 1188/1197/742 1196/1160/705
f 1196/1160/705 1188/1197/742 1192/1161/706
f 1191/1163/708 1162/1167/712 1158/1159/704
f 1159/1199/7 1191/1163/708 1193/1164/709
f 1191/1163/708 1159/1199/7 1163/1200/118
f 1163/1200/118 1162/1167/712 1191/1163/708
f 1155/1198/743 1159/1199/7 1193/1164/709
f 1167/1201/744 1162/1167/712 1163/1200/118
f 1164/1172/717 1178/1177/722 1208/1202/745
f 1178/1177/722 1209/1203/746 1208/1202/745
f 1178/1177/722 1213/1204/747 1209/1203/746
f 1209/1203/746 1213/1204/747 1210/1205/748
f 1178/1177/722 1164/1172/717 1168/1173/718
f 1214/1178/723 1210/1205/748 1213/1204/747
f 1211/1206/749 1210/1205/748 1214/1178/723
f 1172/1207/750 1211/1206/749 1214/1178/723
f 1177/1176/721 1212/1180/725 1179/1179/724
f 1172/1207/750 1214/1178/723 1212/1180/725
f 1212/1180/725 1174/1208/751 1172/1207/750
f 1178/1177/722 1179/1179/724 1213/1204/747
f 1212/1180/725 1177/1176/721 1174/1208/751
f 1182/1182/727 1174/1208/751 1177/1176/721
f 1167/1201/744 1186/1186/731 1166/1169/714
f 1170/1175/720 1166/1169/714 1186/1186/731
f 1186/1186/731 1171/1209/752 1187/1185/730
f 1185/1184/729 1175/1210/753 1180/1181/726
f 1182/1182/727 1180/1181/726 1175/1210/753
f 1176/1211/754 1175/1210/753 1185/1184/729
f 1176/1211/754 1183/1183/728 1187/1185/730
f 1187/1185/730 1173/1212/118 1176/1211/754
f 1176/1211/754 1185/1184/729 1183/1183/728
f 1171/1209/752 1173/1212/118 1187/1185/730
f 1182/1182/727 1175/1210/753 1174/1208/751
f 1164/1172/717 1208/1202/745 1207/1195/740
f 1279/1213/755 1277/1214/756 1217/1215/757
f 1276/1216/758 1274/1217/759 1218/1218/760
f 1217/1215/757 1278/1219/761 1276/1216/758
f 1219/1220/762 1275/1221/763 1271/1222/764
f 1218/1218/760 1275/1221/763 1273/1223/765
f 1219/1220/762 1272/1224/766 1270/1225/767
f 1276/1216/758 1221/1226/768 1217/1215/757
f 1222/1227/769 1276/1216/758 1218/1218/760
f 1221/1226/768 1276/1216/758 1222/1227/769
f 1273/1223/765 1222/1227/769 1218/1218/760
f 1223/1228/770 1273/1223/765 1219/1220/762
f 1222/1227/769 1273/1223/765 1223/1228/770
f 1225/1229/771 1222/1227/769 1226/1230/772
f 1226/1230/772 1223/1228/770 1227/1231/773
f 1229/1232/774 1226/1230/772 1230/1233/775
f 1230/1233/775 1227/1231/773 1231/1234/776
f 1233/1235/777 1230/1233/775 1234/1236/778
f 1234/1236/778 1231/1234/776 1235/1237/779
f 1237/1238/780 1234/1236/778 1238/1239/781
f 1238/1239/781 1235/1237/779 1239/1240/782
f 1241/1241/783 1238/1239/781 1242/1242/784
f 1242/1242/784 1239/1240/782 1243/1243/785
f 1245/1244/786 1242/1242/784 1246/1245/787
f 1246/1245/787 1243/1243/785 1247/1246/788
f 1249/1247/789 1246/1245/787 1250/1248/790
f 1250/1248/790 1247/1246/788 1251/1249/791
f 1254/1250/792 1249/1247/789 1250/1248/790
f 1254/1250/792 1251/1249/791 1255/1251/793
f 1257/1252/794 1254/1250/792 1258/1253/795
f 1259/1254/796 1254/1250/792 1255/1251/793
f 1288/1255/797 1258/1253/795 1262/1256/798
f 1257/1252/794 1288/1255/797 1261/1257/799
f 1258/1253/795 1288/1255/797 1257/1252/794
f 1291/1258/800 1259/1254/796 1263/1259/801
f 1258/1253/795 1291/1258/800 1262/1256/798
f 1259/1254/796 1291/1258/800 1258/1253/795
f 1286/1260/802 1261/1257/799 1284/1261/803
f 1328/1262/804 1286/1260/802 1326/1263/805
f 1289/1264/806 1262/1256/798 1287/1265/807
f 1289/1264/806 1261/1257/799 1288/1255/797
f 1290/1266/808 1291/1258/800 1263/1259/801
f 1287/1265/807 1291/1258/800 1292/1267/809
f 1294/1268/810 1263/1259/801 1293/1269/811
f 1280/1270/812 1295/1271/813 1215/1272/814
f 1295/1271/813 1279/1213/755 1296/1273/815
f 1221/1226/768 1298/1274/816 1297/1275/817
f 1221/1226/768 1299/1276/818 1298/1274/816
f 1279/1213/755 1297/1275/817 1296/1273/815
f 1277/1214/756 1280/1270/812 1269/1277/819
f 1215/1272/814 1269/1277/819 1280/1270/812
f 1278/1219/761 1277/1214/756 1269/1277/819
f 1217/1215/757 1221/1226/768 1279/1213/755
f 1297/1275/817 1279/1213/755 1221/1226/768
f 1221/1226/768 1300/1278/820 1299/1276/818
f 1225/1229/771 1301/1279/821 1300/1278/820
f 1225/1229/771 1302/1280/822 1301/1279/821
f 1303/1281/823 1302/1280/822 1229/1232/774
f 1304/1282/824 1303/1281/823 1229/1232/774
f 1229/1232/774 1302/1280/822 1225/1229/771
f 1305/1283/825 1233/1235/777 1306/1284/826
f 1233/1235/777 1305/1283/825 1304/1282/824
f 1306/1284/826 1233/1235/777 1307/1285/827
f 1308/1286/828 1307/1285/827 1237/1238/780
f 1309/1287/829 1308/1286/828 1237/1238/780
f 1310/1288/830 1309/1287/829 1241/1241/783
f 1221/1226/768 1225/1229/771 1300/1278/820
f 1275/1221/763 1268/1289/831 1267/1290/832
f 1269/1277/819 1268/1289/831 1278/1219/761
f 1278/1219/761 1268/1289/831 1274/1217/759
f 1267/1290/832 1271/1222/764 1275/1221/763
f 1272/1224/766 1271/1222/764 1267/1290/832
f 1272/1224/766 1216/1291/7 1220/1292/7
f 1267/1290/832 1216/1291/7 1272/1224/766
f 1224/1293/7 1270/1225/767 1220/1292/7
f 1219/1220/762 1270/1225/767 1223/1228/770
f 1223/1228/770 1270/1225/767 1224/1293/7
f 1272/1224/766 1220/1292/7 1270/1225/767
f 1228/1294/833 1223/1228/770 1224/1293/7
f 1227/1231/773 1232/1295/834 1231/1234/776
f 1307/1285/827 1233/1235/777 1237/1238/780
f 1309/1287/829 1237/1238/780 1241/1241/783
f 1233/1235/777 1304/1282/824 1229/1232/774
f 1235/1237/779 1240/1296/90 1239/1240/782
f 1244/1297/94 1239/1240/782 1240/1296/90
f 1231/1234/776 1236/1298/94 1235/1237/779
f 1241/1241/783 1311/1299/835 1310/1288/830
f 1312/1300/836 1241/1241/783 1245/1244/786
f 1245/1244/786 1313/1301/837 1312/1300/836
f 1249/1247/789 1315/1302/838 1314/1303/839
f 1249/1247/789 1316/1304/840 1315/1302/838
f 1245/1244/786 1314/1303/839 1313/1301/837
f 1245/1244/786 1249/1247/789 1314/1303/839
f 1317/1305/841 1316/1304/840 1249/1247/789
f 1317/1305/841 1249/1247/789 1253/1306/842
f 1318/1307/843 1317/1305/841 1253/1306/842
f 1319/1308/844 1318/1307/843 1253/1306/842
f 1319/1308/844 1257/1252/794 1320/1309/845
f 1285/1310/846 1322/1311/847 1321/1312/848
f 1285/1310/846 1323/1313/849 1322/1311/847
f 1324/1314/850 1328/1262/804 1325/1315/851
f 1328/1262/804 1265/1316/852 1325/1315/851
f 1327/1317/853 1324/1314/850 1323/1313/849
f 1286/1260/802 1327/1317/853 1285/1310/846
f 1323/1313/849 1285/1310/846 1327/1317/853
f 1328/1262/804 1326/1263/805 1265/1316/852
f 1281/1318/854 1265/1316/852 1326/1263/805
f 1284/1261/803 1326/1263/805 1286/1260/802
f 1321/1312/848 1257/1252/794 1285/1310/846
f 1257/1252/794 1321/1312/848 1320/1309/845
f 1284/1261/803 1281/1318/854 1326/1263/805
f 1243/1243/785 1248/1319/7 1247/1246/788
f 1247/1246/788 1252/1320/330 1251/1249/791
f 1319/1308/844 1253/1306/842 1257/1252/794
f 1251/1249/791 1256/1321/855 1255/1251/793
f 1255/1251/793 1260/1322/90 1259/1254/796
f 1293/1269/811 1259/1254/796 1260/1322/90
f 1289/1264/806 1281/1318/854 1284/1261/803
f 1292/1267/809 1282/1323/856 1287/1265/807
f 1289/1264/806 1287/1265/807 1282/1323/856
f 1283/1324/857 1282/1323/856 1292/1267/809
f 1289/1264/806 1282/1323/856 1281/1318/854
f 1259/1254/796 1293/1269/811 1263/1259/801
f 1294/1268/810 1293/1269/811 1264/1325/7
f 1260/1322/90 1264/1325/7 1293/1269/811
f 1294/1268/810 1283/1324/857 1290/1266/808
f 1264/1325/7 1266/1326/90 1294/1268/810
f 1283/1324/857 1294/1268/810 1266/1326/90
f 1290/1266/808 1283/1324/857 1292/1267/809
f 1261/1257/799 1285/1310/846 1257/1252/794
f 1331/1327/858 1408/1328/859 1405/1329/860
f 1408/1328/859 1444/1330/861 1443/1331/862
f 1332/1332/863 1406/1333/864 1402/1334/865
f 1404/1335/866 1405/1329/860 1406/1333/864
f 1333/1336/867 1403/1337/868 1399/1338/869
f 1401/1339/870 1402/1334/865 1403/1337/868
f 1398/1340/871 1399/1338/869 1400/1341/872
f 1404/1335/866 1335/1342/873 1331/1327/858
f 1336/1343/874 1404/1335/866 1332/1332/863
f 1335/1342/873 1404/1335/866 1336/1343/874
f 1401/1339/870 1336/1343/874 1332/1332/863
f 1337/1344/875 1401/1339/870 1333/1336/867
f 1336/1343/874 1401/1339/870 1337/1344/875
f 1340/1345/876 1335/1342/873 1336/1343/874
f 1340/1345/876 1337/1344/875 1341/1346/877
f 1344/1347/878 1339/1348/879 1340/1345/876
f 1344/1347/878 1341/1346/877 1345/1349/880
f 1348/1350/881 1343/1351/882 1344/1347/878
f 1348/1350/881 1345/1349/880 1349/1352/883
f 1352/1353/884 1347/1354/885 1348/1350/881
f 1353/1355/886 1348/1350/881 1349/1352/883
f 1356/1356/887 1351/1357/888 1352/1353/884
f 1357/1358/889 1352/1353/884 1353/1355/886
f 1360/1359/890 1355/1360/891 1356/1356/887
f 1361/1361/892 1356/1356/887 1357/1358/889
f 1364/1362/893 1359/1363/894 1360/1359/890
f 1364/1362/893 1361/1361/892 1365/1364/895
f 1368/1365/896 1363/1366/897 1364/1362/893
f 1369/1367/898 1364/1362/893 1365/1364/895
f 1372/1368/899 1367/1369/900 1368/1365/896
f 1373/1370/901 1368/1365/896 1369/1367/898
f 1388/1371/902 1372/1368/899 1376/1372/903
f 1371/1373/904 1388/1371/902 1375/1374/905
f 1372/1368/899 1388/1371/902 1371/1373/904
f 1391/1375/906 1373/1370/901 1377/1376/907
f 1372/1368/899 1391/1375/906 1376/1372/903
f 1373/1370/901 1391/1375/906 1372/1368/899
f 1384/1377/908 1385/1378/909 1375/1374/905
f 1447/1379/910 1386/1380/911 1445/1381/912
f 1387/1382/913 1388/1371/902 1376/1372/903
f 1384/1377/908 1388/1371/902 1389/1383/914
f 1392/1384/915 1377/1376/907 1390/1385/916
f 1392/1384/915 1376/1372/903 1391/1375/906
f 1394/1386/917 1377/1376/907 1393/1387/918
f 1444/1330/861 1409/1388/919 1329/626/920
f 1444/1330/861 1410/1389/921 1409/1388/919
f 1443/1331/862 1444/1330/861 1329/626/920
f 1442/1390/922 1411/1391/923 1410/1389/921
f 1407/1392/924 1411/1391/923 1442/1390/922
f 1443/1331/862 1397/1393/925 1405/1329/860
f 1329/626/920 1397/1393/925 1443/1331/862
f 1408/1328/859 1443/1331/862 1405/1329/860
f 1407/1392/924 1331/1327/858 1335/1342/873
f 1407/1392/924 1442/1390/922 1408/1328/859
f 1406/1333/864 1405/1329/860 1397/1393/925
f 1407/1392/924 1412/1394/926 1411/1391/923
f 1407/1392/924 1413/1395/927 1412/1394/926
f 1413/1395/927 1407/1392/924 1335/1342/873
f 1415/1396/928 1414/1397/929 1335/1342/873
f 1416/1398/930 1415/1396/928 1339/1348/879
f 1414/1397/929 1413/1395/927 1335/1342/873
f 1418/1399/931 1417/1400/932 1339/1348/879
f 1419/1401/933 1418/1399/931 1343/1351/882
f 1421/1402/934 1420/1403/935 1347/1354/885
f 1423/1404/936 1422/1405/937 1347/1354/885
f 1422/1405/937 1421/1402/934 1347/1354/885
f 1420/1403/935 1419/1401/933 1343/1351/882
f 1417/1400/932 1416/1398/930 1339/1348/879
f 1424/1406/938 1423/1404/936 1351/1357/888
f 1403/1337/868 1396/1407/939 1395/1408/940
f 1397/1393/925 1396/1407/939 1406/1333/864
f 1406/1333/864 1396/1407/939 1402/1334/865
f 1399/1338/869 1403/1337/868 1395/1408/940
f 1400/1341/872 1395/1408/940 1330/1409/941
f 1334/1410/7 1400/1341/872 1330/1409/941
f 1398/1340/871 1337/1344/875 1333/1336/867
f 1400/1341/872 1334/1410/7 1398/1340/871
f 1398/1340/871 1334/1410/7 1338/1411/9
f 1338/1411/9 1337/1344/875 1398/1340/871
f 1418/1399/931 1339/1348/879 1343/1351/882
f 1342/1412/942 1337/1344/875 1338/1411/9
f 1423/1404/936 1347/1354/885 1351/1357/888
f 1347/1354/885 1420/1403/935 1343/1351/882
f 1341/1346/877 1346/1413/420 1345/1349/880
f 1349/1352/883 1354/1414/420 1353/1355/886
f 1354/1414/420 1357/1358/889 1353/1355/886
f 1345/1349/880 1350/1415/943 1349/1352/883
f 1339/1348/879 1415/1396/928 1335/1342/873
f 1424/1406/938 1351/1357/888 1425/1416/944
f 1355/1360/891 1426/1417/945 1425/1416/944
f 1355/1360/891 1427/1418/946 1426/1417/945
f 1359/1363/894 1429/1419/947 1428/1420/948
f 1359/1363/894 1430/1421/949 1429/1419/947
f 1355/1360/891 1428/1420/948 1427/1418/946
f 1355/1360/891 1359/1363/894 1428/1420/948
f 1363/1366/897 1430/1421/949 1359/1363/894
f 1432/1422/950 1431/1423/951 1363/1366/897
f 1434/1424/952 1433/1425/953 1367/1369/900
f 1433/1425/953 1432/1422/950 1363/1366/897
f 1434/1424/952 1367/1369/900 1435/1426/954
f 1437/1427/955 1436/1428/956 1371/1373/904
f 1385/1378/909 1438/1429/957 1437/1427/955
f 1446/1430/958 1440/1431/959 1439/1432/960
f 1440/1431/959 1447/1379/910 1441/1433/961
f 1385/1378/909 1439/1432/960 1438/1429/957
f 1386/1380/911 1446/1430/958 1385/1378/909
f 1439/1432/960 1385/1378/909 1446/1430/958
f 1445/1381/912 1379/659/962 1447/1379/910
f 1384/1377/908 1445/1381/912 1386/1380/911
f 1379/659/962 1445/1381/912 1381/1434/963
f 1447/1379/910 1379/659/962 1441/1433/961
f 1437/1427/955 1371/1373/904 1385/1378/909
f 1435/1426/954 1371/1373/904 1436/1428/956
f 1384/1377/908 1381/1434/963 1445/1381/912
f 1357/1358/889 1362/1435/419 1361/1361/892
f 1435/1426/954 1367/1369/900 1371/1373/904
f 1367/1369/900 1433/1425/953 1363/1366/897
f 1365/1364/895 1362/1435/419 1366/1436/964
f 1369/1367/898 1374/1437/965 1373/1370/901
f 1374/1437/965 1393/1387/918 1373/1370/901
f 1369/1367/898 1366/1436/964 1370/1438/118
f 1389/1383/914 1381/1434/963 1384/1377/908
f 1392/1384/915 1382/1439/966 1387/1382/913
f 1389/1383/914 1387/1382/913 1382/1439/966
f 1383/1440/967 1382/1439/966 1392/1384/915
f 1389/1383/914 1382/1439/966 1381/1434/963
f 1373/1370/901 1393/1387/918 1377/1376/907
f 1394/1386/917 1393/1387/918 1378/1441/7
f 1374/1437/965 1378/1441/7 1393/1387/918
f 1394/1386/917 1383/1440/967 1390/1385/916
f 1378/1441/7 1380/1442/8 1394/1386/917
f 1383/1440/967 1394/1386/917 1380/1442/8
f 1390/1385/916 1383/1440/967 1392/1384/915
f 1375/1374/905 1385/1378/909 1371/1373/904
f 1355/1360/891 1425/1416/944 1351/1357/888
f 1850/1443/968 1821/1444/969 1451/1445/970
f 1822/1446/971 1824/1447/972 1850/1443/968
f 1451/1445/970 1822/1446/971 1850/1443/968
f 1826/1448/973 1824/1447/972 1822/1446/971
f 1449/1449/974 1823/1450/975 1826/1448/973
f 1822/1446/971 1449/1449/974 1826/1448/973
f 1826/1448/973 1825/1451/976 1824/1447/972
f 1834/1452/977 1828/1453/978 1826/1448/973
f 1823/1450/975 1827/1454/979 1834/1452/977
f 1826/1448/973 1823/1450/975 1834/1452/977
f 1828/1453/978 1836/1455/980 1833/1456/981
f 1842/1457/982 1836/1455/980 1834/1452/977
f 1827/1454/979 1835/1458/983 1842/1457/982
f 1834/1452/977 1827/1454/979 1842/1457/982
f 1842/1457/982 1841/1459/984 1836/1455/980
f 1842/1457/982 1843/1460/985 1844/1461/986
f 1850/1443/968 1849/1462/987 1821/1444/969
f 1824/1447/972 1851/1463/988 1850/1443/968
f 1858/1464/989 1852/1465/990 1453/1466/991
f 1628/1467/992 1853/1468/993 1858/1464/989
f 1453/1466/991 1628/1467/992 1858/1464/989
f 1855/1469/994 1853/1468/993 1628/1467/992
f 1451/1445/970 1821/1444/969 1855/1469/994
f 1628/1467/992 1451/1445/970 1855/1469/994
f 1855/1469/994 1854/1470/995 1853/1468/993
f 1855/1469/994 1849/1462/987 1856/1471/996
f 1858/1464/989 1857/1472/997 1852/1465/990
f 1853/1468/993 1859/1473/998 1858/1464/989
f 1627/1474/999 1628/1467/992 1629/1475/1000
f 1629/1475/1000 1453/1466/991 1625/1476/1001
f 1866/1477/1002 1860/1478/1003 1455/1479/1004
f 1632/1480/1005 1861/1481/1006 1866/1477/1002
f 1455/1479/1004 1632/1480/1005 1866/1477/1002
f 1863/1482/1007 1861/1481/1006 1632/1480/1005
f 1453/1466/991 1852/1465/990 1863/1482/1007
f 1632/1480/1005 1453/1466/991 1863/1482/1007
f 1863/1482/1007 1862/1483/1008 1861/1481/1006
f 1852/1465/990 1864/1484/1009 1863/1482/1007
f 1866/1477/1002 1865/1485/1010 1860/1478/1003
f 1861/1481/1006 1867/1486/1011 1866/1477/1002
f 1625/1476/1001 1632/1480/1005 1633/1487/1012
f 1633/1487/1012 1455/1479/1004 1630/1488/1013
f 1874/1489/1014 1868/1490/1015 1457/1491/1016
f 1636/1492/1017 1869/1493/1018 1874/1489/1014
f 1457/1491/1016 1636/1492/1017 1874/1489/1014
f 1871/1494/1019 1869/1493/1018 1636/1492/1017
f 1455/1479/1004 1860/1478/1003 1871/1494/1019
f 1636/1492/1017 1455/1479/1004 1871/1494/1019
f 1871/1494/1019 1870/1495/1020 1869/1493/1018
f 1860/1478/1003 1872/1496/1021 1871/1494/1019
f 1874/1489/1014 1873/1497/1022 1868/1490/1015
f 1869/1493/1018 1875/1498/1023 1874/1489/1014
f 1630/1488/1013 1636/1492/1017 1637/1499/1024
f 1637/1499/1024 1457/1491/1016 1634/1500/1025
f 1882/1501/1026 1876/1502/1027 1459/1503/1028
f 1640/1504/1029 1877/1505/1030 1882/1501/1026
f 1459/1503/1028 1640/1504/1029 1882/1501/1026
f 1879/1506/1031 1877/1505/1030 1640/1504/1029
f 1457/1491/1016 1868/1490/1015 1879/1506/1031
f 1640/1504/1029 1457/1491/1016 1879/1506/1031
f 1879/1506/1031 1878/1507/1032 1877/1505/1030
f 1868/1490/1015 1880/1508/1033 1879/1506/1031
f 1882/1501/1026 1881/1509/1034 1876/1502/1027
f 1877/1505/1030 1883/1510/1035 1882/1501/1026
f 1641/1511/1036 1457/1491/1016 1640/1504/1029
f 1641/1511/1036 1459/1503/1028 1638/1512/1037
f 1890/1513/1038 1884/1514/1039 1461/1515/1040
f 1644/1516/1041 1885/1517/1042 1890/1513/1038
f 1461/1515/1040 1644/1516/1041 1890/1513/1038
f 1887/1518/1043 1885/1517/1042 1644/1516/1041
f 1459/1503/1028 1876/1502/1027 1887/1518/1043
f 1644/1516/1041 1459/1503/1028 1887/1518/1043
f 1887/1518/1043 1886/1519/1044 1885/1517/1042
f 1876/1502/1027 1888/1520/1045 1887/1518/1043
f 1890/1513/1038 1889/1521/1046 1884/1514/1039
f 1885/1517/1042 1891/1522/1047 1890/1513/1038
f 1638/1512/1037 1644/1516/1041 1645/1523/1048
f 1645/1523/1048 1461/1515/1040 1642/1524/1049
f 1898/1525/1050 1892/1526/1051 1463/1527/1052
f 1648/1528/1053 1893/1529/1054 1898/1525/1050
f 1463/1527/1052 1648/1528/1053 1898/1525/1050
f 1895/1530/1055 1893/1529/1054 1648/1528/1053
f 1461/1515/1040 1884/1514/1039 1895/1530/1055
f 1648/1528/1053 1461/1515/1040 1895/1530/1055
f 1895/1530/1055 1894/1531/1056 1893/1529/1054
f 1884/1514/1039 1896/1532/1057 1895/1530/1055
f 1898/1525/1050 1897/1533/1058 1892/1526/1051
f 1893/1529/1054 1899/1534/1059 1898/1525/1050
f 1642/1524/1049 1648/1528/1053 1649/1535/1060
f 1649/1535/1060 1463/1527/1052 1646/1536/1061
f 1906/1537/1062 1900/1538/1063 1465/1539/1064
f 1652/1540/1065 1901/1541/1066 1906/1537/1062
f 1465/1539/1064 1652/1540/1065 1906/1537/1062
f 1903/1542/1067 1901/1541/1066 1652/1540/1065
f 1463/1527/1052 1892/1526/1051 1903/1542/1067
f 1652/1540/1065 1463/1527/1052 1903/1542/1067
f 1903/1542/1067 1902/1543/1068 1901/1541/1066
f 1892/1526/1051 1904/1544/1069 1903/1542/1067
f 1906/1537/1062 1905/1545/1070 1900/1538/1063
f 1901/1541/1066 1907/1546/1071 1906/1537/1062
f 1646/1536/1061 1652/1540/1065 1653/1547/1072
f 1650/1548/1073 1652/1540/1065 1465/1539/1064
f 1914/1549/1074 1908/1550/1075 1467/1551/1076
f 1656/1552/1077 1909/1553/1078 1914/1549/1074
f 1467/1551/1076 1656/1552/1077 1914/1549/1074
f 1911/1554/1079 1909/1553/1078 1656/1552/1077
f 1465/1539/1064 1900/1538/1063 1911/1554/1079
f 1656/1552/1077 1465/1539/1064 1911/1554/1079
f 1911/1554/1079 1910/1555/1080 1909/1553/1078
f 1900/1538/1063 1912/1556/1081 1911/1554/1079
f 1914/1549/1074 1913/1557/1082 1908/1550/1075
f 1909/1553/1078 1915/1558/1083 1914/1549/1074
f 1650/1548/1073 1656/1552/1077 1657/1559/1084
f 1657/1559/1084 1467/1551/1076 1654/1560/1085
f 1922/1561/1086 1916/1562/1087 1469/1563/1088
f 1660/1564/1089 1917/1565/1090 1922/1561/1086
f 1469/1563/1088 1660/1564/1089 1922/1561/1086
f 1919/1566/1091 1917/1565/1090 1660/1564/1089
f 1467/1551/1076 1908/1550/1075 1919/1566/1091
f 1660/1564/1089 1467/1551/1076 1919/1566/1091
f 1919/1566/1091 1918/1567/1092 1917/1565/1090
f 1908/1550/1075 1920/1568/1093 1919/1566/1091
f 1916/1562/1087 1923/1569/1094 1921/1570/1095
f 1922/1561/1086 1918/1567/1092 1923/1569/1094
f 1654/1560/1085 1660/1564/1089 1661/1571/1096
f 1661/1571/1096 1469/1563/1088 1658/1572/1097
f 1930/1573/1098 1924/1574/1099 1471/1575/1100
f 1664/1576/1101 1925/1577/1102 1930/1573/1098
f 1471/1575/1100 1664/1576/1101 1930/1573/1098
f 1927/1578/1103 1925/1577/1102 1664/1576/1101
f 1469/1563/1088 1916/1562/1087 1927/1578/1103
f 1664/1576/1101 1469/1563/1088 1927/1578/1103
f 1925/1577/1102 1928/1579/1104 1926/1580/1105
f 1927/1578/1103 1921/1570/1095 1928/1579/1104
f 1943/1581/1106 1929/1582/1107 1924/1574/1099
f 1930/1573/1098 1931/1583/1108 1943/1581/1106
f 1924/1574/1099 1930/1573/1098 1943/1581/1106
f 1935/1584/1109 1931/1583/1108 1930/1573/1098
f 1925/1577/1102 1926/1580/1105 1935/1584/1109
f 1930/1573/1098 1925/1577/1102 1935/1584/1109
f 1939/1585/1110 1934/1586/1111 1931/1583/1108
f 1935/1584/1109 1937/1587/1112 1939/1585/1110
f 1931/1583/1108 1935/1584/1109 1939/1585/1110
f 1935/1584/1109 1936/1588/1113 1937/1587/1112
f 1934/1586/1111 1941/1589/1114 1938/1590/1115
f 1939/1585/1110 1940/1591/1116 1941/1589/1114
f 1929/1582/1107 1944/1592/1117 1942/1593/1118
f 1949/1594/1119 1944/1592/1117 1943/1581/1106
f 1931/1583/1108 1934/1586/1111 1949/1594/1119
f 1943/1581/1106 1931/1583/1108 1949/1594/1119
f 1944/1592/1117 1950/1595/1120 1948/1596/1121
f 1949/1594/1119 1938/1590/1115 1950/1595/1120
f 1658/1572/1097 1664/1576/1101 1665/1597/1122
f 1665/1597/1122 1471/1575/1100 1662/1598/1123
f 1964/1599/1124 1932/1600/1125 1473/1601/1126
f 1668/1602/1127 1933/1603/1128 1964/1599/1124
f 1473/1601/1126 1668/1602/1127 1964/1599/1124
f 1946/1604/1129 1933/1603/1128 1668/1602/1127
f 1471/1575/1100 1924/1574/1099 1946/1604/1129
f 1668/1602/1127 1471/1575/1100 1946/1604/1129
f 1933/1603/1128 1947/1605/1130 1945/1606/1131
f 1946/1604/1129 1929/1582/1107 1947/1605/1130
f 1932/1600/1125 1965/1607/1132 1963/1608/1133
f 1964/1599/1124 1945/1606/1131 1965/1607/1132
f 1662/1598/1123 1668/1602/1127 1669/1609/1134
f 1669/1609/1134 1473/1601/1126 1666/1610/1135
f 1972/1611/1136 1966/1612/1137 1475/1613/1138
f 1672/1614/1139 1967/1615/1140 1972/1611/1136
f 1475/1613/1138 1672/1614/1139 1972/1611/1136
f 1969/1616/1141 1967/1615/1140 1672/1614/1139
f 1473/1601/1126 1932/1600/1125 1969/1616/1141
f 1672/1614/1139 1473/1601/1126 1969/1616/1141
f 1967/1615/1140 1970/1617/1142 1968/1618/1143
f 1969/1616/1141 1963/1608/1133 1970/1617/1142
f 1966/1612/1137 1973/1619/1144 1971/1620/1145
f 1972/1611/1136 1968/1618/1143 1973/1619/1144
f 1666/1610/1135 1672/1614/1139 1673/1621/1146
f 1673/1621/1146 1475/1613/1138 1670/1622/1147
f 1980/1623/1148 1974/1624/1149 1477/1625/1150
f 1676/1626/1151 1975/1627/1152 1980/1623/1148
f 1477/1625/1150 1676/1626/1151 1980/1623/1148
f 1977/1628/1153 1975/1627/1152 1676/1626/1151
f 1475/1613/1138 1966/1612/1137 1977/1628/1153
f 1676/1626/1151 1475/1613/1138 1977/1628/1153
f 1975/1627/1152 1978/1629/1154 1976/1630/1155
f 1977/1628/1153 1971/1620/1145 1978/1629/1154
f 1974/1624/1149 1981/1631/1156 1979/1632/1157
f 1980/1623/1148 1976/1630/1155 1981/1631/1156
f 1670/1622/1147 1676/1626/1151 1677/1633/1158
f 1677/1633/1158 1477/1625/1150 1674/1634/1159
f 1988/1635/1160 1982/1636/1161 1479/1637/1162
f 1680/1638/1163 1983/1639/1164 1988/1635/1160
f 1479/1637/1162 1680/1638/1163 1988/1635/1160
f 1985/1640/1165 1983/1639/1164 1680/1638/1163
f 1477/1625/1150 1974/1624/1149 1985/1640/1165
f 1680/1638/1163 1477/1625/1150 1985/1640/1165
f 1983/1639/1164 1986/1641/1166 1984/1642/1167
f 1985/1640/1165 1979/1632/1157 1986/1641/1166
f 2019/1643/1168 1987/1644/1169 1982/1636/1161
f 1988/1635/1160 1989/1645/1170 2019/1643/1168
f 1982/1636/1161 1988/1635/1160 2019/1643/1168
f 2015/1646/1171 1989/1645/1170 1988/1635/1160
f 1983/1639/1164 1984/1642/1167 2015/1646/1171
f 1988/1635/1160 1983/1639/1164 2015/1646/1171
f 1989/1645/1170 2017/1647/1172 2014/1648/1173
f 2015/1646/1171 2016/1649/1174 2017/1647/1172
f 1987/1644/1169 2020/1650/1175 2018/1651/1176
f 2019/1643/1168 2014/1648/1173 2020/1650/1175
f 1674/1634/1159 1680/1638/1163 1681/1652/1177
f 1681/1652/1177 1479/1637/1162 1678/1653/1178
f 2025/1654/1179 1990/1655/1180 1481/1656/1181
f 1684/1657/1182 1991/1658/1183 2025/1654/1179
f 1481/1656/1181 1684/1657/1182 2025/1654/1179
f 2022/1659/1184 1991/1658/1183 1684/1657/1182
f 1479/1637/1162 1982/1636/1161 2022/1659/1184
f 1684/1657/1182 1479/1637/1162 2022/1659/1184
f 2022/1659/1184 2021/1660/1185 1991/1658/1183
f 2022/1659/1184 1987/1644/1169 2023/1661/1186
f 2025/1654/1179 2024/1662/1187 1990/1655/1180
f 2025/1654/1179 2021/1660/1185 2026/1663/1188
f 1685/1664/1189 1479/1637/1162 1684/1657/1182
f 1685/1664/1189 1481/1656/1181 1682/1665/1190
f 2033/1666/1191 2027/1667/1192 1483/1668/1193
f 1688/1669/1194 2028/1670/1195 2033/1666/1191
f 1483/1668/1193 1688/1669/1194 2033/1666/1191
f 2030/1671/1196 2028/1670/1195 1688/1669/1194
f 1481/1656/1181 1990/1655/1180 2030/1671/1196
f 1688/1669/1194 1481/1656/1181 2030/1671/1196
f 2028/1670/1195 2031/1672/1197 2029/1673/1198
f 2030/1671/1196 2024/1662/1187 2031/1672/1197
f 2027/1667/1192 2034/1674/1199 2032/1675/1200
f 2033/1666/1191 2029/1673/1198 2034/1674/1199
f 1682/1665/1190 1688/1669/1194 1689/1676/1201
f 1689/1676/1201 1483/1668/1193 1686/1677/1202
f 2041/1678/1203 2035/1679/1204 1485/1680/1205
f 1692/1681/1206 2036/1682/1207 2041/1678/1203
f 1485/1680/1205 1692/1681/1206 2041/1678/1203
f 2038/1683/1208 2036/1682/1207 1692/1681/1206
f 1483/1668/1193 2027/1667/1192 2038/1683/1208
f 1692/1681/1206 1483/1668/1193 2038/1683/1208
f 2036/1682/1207 2039/1684/1209 2037/1685/1210
f 2038/1683/1208 2032/1675/1200 2039/1684/1209
f 2035/1679/1204 2042/1686/1211 2040/1687/1212
f 2041/1678/1203 2037/1685/1210 2042/1686/1211
f 1686/1677/1202 1692/1681/1206 1693/1688/1213
f 1693/1688/1213 1485/1680/1205 1690/1689/1214
f 2049/1690/1215 2043/1691/1216 1487/1692/1217
f 1696/1693/1218 2044/1694/1219 2049/1690/1215
f 1487/1692/1217 1696/1693/1218 2049/1690/1215
f 2046/1695/1220 2044/1694/1219 1696/1693/1218
f 1485/1680/1205 2035/1679/1204 2046/1695/1220
f 1696/1693/1218 1485/1680/1205 2046/1695/1220
f 2044/1694/1219 2047/1696/1221 2045/1697/1222
f 2046/1695/1220 2040/1687/1212 2047/1696/1221
f 2043/1691/1216 2050/1698/1223 2048/1699/1224
f 2049/1690/1215 2045/1697/1222 2050/1698/1223
f 1690/1689/1214 1696/1693/1218 1697/1700/1225
f 1697/1700/1225 1487/1692/1217 1694/1701/1226
f 2057/1702/1227 2051/1703/1228 1489/1704/1229
f 1700/1705/1230 2052/1706/1231 2057/1702/1227
f 1489/1704/1229 1700/1705/1230 2057/1702/1227
f 2054/1707/1232 2052/1706/1231 1700/1705/1230
f 1487/1692/1217 2043/1691/1216 2054/1707/1232
f 1700/1705/1230 1487/1692/1217 2054/1707/1232
f 2052/1706/1231 2055/1708/1233 2053/1709/1234
f 2054/1707/1232 2048/1699/1224 2055/1708/1233
f 2051/1703/1228 2058/1710/1235 2056/1711/1236
f 2057/1702/1227 2053/1709/1234 2058/1710/1235
f 1694/1701/1226 1700/1705/1230 1701/1712/1237
f 1701/1712/1237 1489/1704/1229 1698/1713/1238
f 2065/1714/1239 2059/1715/1240 1491/1716/1241
f 1704/1717/1242 2060/1718/1243 2065/1714/1239
f 1491/1716/1241 1704/1717/1242 2065/1714/1239
f 2062/1719/1244 2060/1718/1243 1704/1717/1242
f 1489/1704/1229 2051/1703/1228 2062/1719/1244
f 1704/1717/1242 1489/1704/1229 2062/1719/1244
f 2060/1718/1243 2063/1720/1245 2061/1721/1246
f 2051/1703/1228 2063/1720/1245 2062/1719/1244
f 2065/1714/1239 2064/1722/1247 2059/1715/1240
f 2065/1714/1239 2061/1721/1246 2066/1723/1248
f 1705/1724/1249 1489/1704/1229 1704/1717/1242
f 1705/1724/1249 1491/1716/1241 1702/1725/1250
f 2078/1726/1251 2067/1727/1252 1493/1728/1253
f 2068/1729/1254 2069/1730/1255 2078/1726/1251
f 1493/1728/1253 2068/1729/1254 2078/1726/1251
f 2071/1731/1256 2069/1730/1255 2068/1729/1254
f 1491/1716/1241 2059/1715/1240 2071/1731/1256
f 2068/1729/1254 1491/1716/1241 2071/1731/1256
f 2074/1732/1257 2070/1733/1258 2069/1730/1255
f 2071/1731/1256 2072/1734/1259 2074/1732/1257
f 2069/1730/1255 2071/1731/1256 2074/1732/1257
f 2071/1731/1256 2064/1722/1247 2072/1734/1259
f 2070/1733/1258 2076/1735/1260 2073/1736/1261
f 2072/1734/1259 2076/1735/1260 2074/1732/1257
f 2126/1737/1262 2077/1738/1263 2067/1727/1252
f 2078/1726/1251 2079/1739/1264 2126/1737/1262
f 2067/1727/1252 2078/1726/1251 2126/1737/1262
f 2084/1740/1265 2079/1739/1264 2078/1726/1251
f 2069/1730/1255 2070/1733/1258 2084/1740/1265
f 2078/1726/1251 2069/1730/1255 2084/1740/1265
f 2122/1741/1266 2083/1742/1267 2079/1739/1264
f 2084/1740/1265 2085/1743/1268 2122/1741/1266
f 2079/1739/1264 2084/1740/1265 2122/1741/1266
f 2135/1744/1269 2085/1743/1268 2084/1740/1265
f 2070/1733/1258 2073/1736/1261 2135/1744/1269
f 2084/1740/1265 2070/1733/1258 2135/1744/1269
f 2142/1745/1270 2123/1746/1271 2085/1743/1268
f 2135/1744/1269 2137/1747/1272 2142/1745/1270
f 2085/1743/1268 2135/1744/1269 2142/1745/1270
f 2135/1744/1269 2136/1748/1273 2137/1747/1272
f 2142/1745/1270 2133/1749/1274 2123/1746/1271
f 2137/1747/1272 2144/1750/1275 2142/1745/1270
f 2083/1742/1267 2124/1751/1276 2121/1752/1277
f 2132/1753/1278 2124/1751/1276 2122/1741/1266
f 2085/1743/1268 2123/1746/1271 2132/1753/1278
f 2122/1741/1266 2085/1743/1268 2132/1753/1278
f 2124/1751/1276 2134/1754/1279 2131/1755/1280
f 2139/1756/1281 2134/1754/1279 2132/1753/1278
f 2123/1746/1271 2133/1749/1274 2139/1756/1281
f 2132/1753/1278 2123/1746/1271 2139/1756/1281
f 2134/1754/1279 2141/1757/1282 2138/1758/1283
f 2139/1756/1281 2140/1759/1284 2141/1757/1282
f 2077/1738/1263 2127/1760/1285 2125/1761/1286
f 2146/1762/1287 2127/1760/1285 2126/1737/1262
f 2079/1739/1264 2083/1742/1267 2146/1762/1287
f 2126/1737/1262 2079/1739/1264 2146/1762/1287
f 2127/1760/1285 2147/1763/1288 2145/1764/1289
f 2146/1762/1287 2121/1752/1277 2147/1763/1288
f 1702/1725/1250 2068/1729/1254 2988/1765/1290
f 2988/1765/1290 1493/1728/1253 2987/1766/1291
f 2149/1767/1292 2080/1768/1293 1495/1769/1294
f 2081/1770/1295 2082/1771/1296 2149/1767/1292
f 1495/1769/1294 2081/1770/1295 2149/1767/1292
f 2129/1772/1297 2082/1771/1296 2081/1770/1295
f 1493/1728/1253 2067/1727/1252 2129/1772/1297
f 2081/1770/1295 1493/1728/1253 2129/1772/1297
f 2082/1771/1296 2130/1773/1298 2128/1774/1299
f 2129/1772/1297 2077/1738/1263 2130/1773/1298
f 2080/1768/1293 2150/1775/1300 2148/1776/1301
f 2149/1767/1292 2128/1774/1299 2150/1775/1300
f 2158/1777/1302 2151/1778/1303 1497/1779/1304
f 2152/1780/1305 2153/1781/1306 2158/1777/1302
f 1497/1779/1304 2152/1780/1305 2158/1777/1302
f 2155/1782/1307 2153/1781/1306 2152/1780/1305
f 1495/1769/1294 2080/1768/1293 2155/1782/1307
f 2152/1780/1305 1495/1769/1294 2155/1782/1307
f 2153/1781/1306 2156/1783/1308 2154/1784/1309
f 2155/1782/1307 2148/1776/1301 2156/1783/1308
f 2151/1778/1303 2159/1785/1310 2157/1786/1311
f 2158/1777/1302 2154/1784/1309 2159/1785/1310
f 2167/1787/1312 2160/1788/1313 1499/1789/1314
f 2161/1790/1315 2162/1791/1316 2167/1787/1312
f 1499/1789/1314 2161/1790/1315 2167/1787/1312
f 2164/1792/1317 2162/1791/1316 2161/1790/1315
f 1497/1779/1304 2151/1778/1303 2164/1792/1317
f 2161/1790/1315 1497/1779/1304 2164/1792/1317
f 2162/1791/1316 2165/1793/1318 2163/1794/1319
f 2164/1792/1317 2157/1786/1311 2165/1793/1318
f 2160/1788/1313 2168/1795/1320 2166/1796/1321
f 2162/1791/1316 2168/1795/1320 2167/1787/1312
f 2176/1797/1322 2169/1798/1323 1501/1799/1324
f 2170/1800/1325 2171/1801/1326 2176/1797/1322
f 1501/1799/1324 2170/1800/1325 2176/1797/1322
f 2173/1802/1327 2171/1801/1326 2170/1800/1325
f 1499/1789/1314 2160/1788/1313 2173/1802/1327
f 2170/1800/1325 1499/1789/1314 2173/1802/1327
f 2171/1801/1326 2174/1803/1328 2172/1804/1329
f 2173/1802/1327 2166/1796/1321 2174/1803/1328
f 2169/1798/1323 2177/1805/1330 2175/1806/1331
f 2176/1797/1322 2172/1804/1329 2177/1805/1330
f 2185/1807/1332 2178/1808/1333 1503/1809/1334
f 2179/1810/1335 2180/1811/1336 2185/1807/1332
f 1503/1809/1334 2179/1810/1335 2185/1807/1332
f 2182/1812/1337 2180/1811/1336 2179/1810/1335
f 1501/1799/1324 2169/1798/1323 2182/1812/1337
f 2179/1810/1335 1501/1799/1324 2182/1812/1337
f 2180/1811/1336 2183/1813/1338 2181/1814/1339
f 2182/1812/1337 2175/1806/1331 2183/1813/1338
f 2185/1807/1332 2184/1815/1340 2178/1808/1333
f 2185/1807/1332 2181/1814/1339 2186/1816/1341
f 2985/1817/1342 2179/1810/1335 2986/1818/1343
f 2986/1818/1343 1503/1809/1334 2984/1819/1344
f 2194/1820/1345 2187/1821/1346 1505/1822/1347
f 2188/1823/1348 2189/1824/1349 2194/1820/1345
f 1505/1822/1347 2188/1823/1348 2194/1820/1345
f 2191/1825/1350 2189/1824/1349 2188/1823/1348
f 1503/1809/1334 2178/1808/1333 2191/1825/1350
f 2188/1823/1348 1503/1809/1334 2191/1825/1350
f 2189/1824/1349 2192/1826/1351 2190/1827/1352
f 2191/1825/1350 2184/1815/1340 2192/1826/1351
f 2187/1821/1346 2195/1828/1353 2193/1829/1354
f 2194/1820/1345 2190/1827/1352 2195/1828/1353
f 2203/1830/1355 2196/1831/1356 1507/1832/1357
f 2197/1833/1358 2198/1834/1359 2203/1830/1355
f 1507/1832/1357 2197/1833/1358 2203/1830/1355
f 2200/1835/1360 2198/1834/1359 2197/1833/1358
f 1505/1822/1347 2187/1821/1346 2200/1835/1360
f 2197/1833/1358 1505/1822/1347 2200/1835/1360
f 2198/1834/1359 2201/1836/1361 2199/1837/1362
f 2200/1835/1360 2193/1829/1354 2201/1836/1361
f 2196/1831/1356 2204/1838/1363 2202/1839/1364
f 2203/1830/1355 2199/1837/1362 2204/1838/1363
f 2212/1840/1365 2205/1841/1366 1509/1842/1367
f 2206/1843/1368 2207/1844/1369 2212/1840/1365
f 1509/1842/1367 2206/1843/1368 2212/1840/1365
f 2209/1845/1370 2207/1844/1369 2206/1843/1368
f 1507/1832/1357 2196/1831/1356 2209/1845/1370
f 2206/1843/1368 1507/1832/1357 2209/1845/1370
f 2207/1844/1369 2210/1846/1371 2208/1847/1372
f 2209/1845/1370 2202/1839/1364 2210/1846/1371
f 2205/1841/1366 2213/1848/1373 2211/1849/1374
f 2212/1840/1365 2208/1847/1372 2213/1848/1373
f 2982/1850/1375 2206/1843/1368 2983/1851/1376
f 2981/1852/1377 2206/1843/1368 1509/1842/1367
f 2221/1853/1378 2214/1854/1379 1511/1855/1380
f 2215/1856/1381 2216/1857/1382 2221/1853/1378
f 1511/1855/1380 2215/1856/1381 2221/1853/1378
f 2218/1858/1383 2216/1857/1382 2215/1856/1381
f 1509/1842/1367 2205/1841/1366 2218/1858/1383
f 2215/1856/1381 1509/1842/1367 2218/1858/1383
f 2216/1857/1382 2219/1859/1384 2217/1860/1385
f 2218/1858/1383 2211/1849/1374 2219/1859/1384
f 2221/1853/1378 2220/1861/1386 2214/1854/1379
f 2221/1853/1378 2217/1860/1385 2222/1862/1387
f 2230/1863/1388 2223/1864/1389 1513/1865/1390
f 2224/1866/1391 2225/1867/1392 2230/1863/1388
f 1513/1865/1390 2224/1866/1391 2230/1863/1388
f 2227/1868/1393 2225/1867/1392 2224/1866/1391
f 1511/1855/1380 2214/1854/1379 2227/1868/1393
f 2224/1866/1391 1511/1855/1380 2227/1868/1393
f 2227/1868/1393 2226/1869/1394 2225/1867/1392
f 2214/1854/1379 2228/1870/1395 2227/1868/1393
f 2230/1863/1388 2229/1871/1396 2223/1864/1389
f 2225/1867/1392 2231/1872/1397 2230/1863/1388
f 2243/1873/1398 2232/1874/1399 1515/1875/1400
f 2233/1876/1401 2234/1877/1402 2243/1873/1398
f 1515/1875/1400 2233/1876/1401 2243/1873/1398
f 2236/1878/1403 2234/1877/1402 2233/1876/1401
f 1513/1865/1390 2223/1864/1389 2236/1878/1403
f 2233/1876/1401 1513/1865/1390 2236/1878/1403
f 2239/1879/1404 2235/1880/1405 2234/1877/1402
f 2236/1878/1403 2237/1881/1406 2239/1879/1404
f 2234/1877/1402 2236/1878/1403 2239/1879/1404
f 2252/1882/1407 2237/1881/1406 2236/1878/1403
f 2223/1864/1389 2229/1871/1396 2252/1882/1407
f 2236/1878/1403 2223/1864/1389 2252/1882/1407
f 2252/1882/1407 2240/1883/1408 2237/1881/1406
f 2229/1871/1396 2254/1884/1409 2252/1882/1407
f 2239/1879/1404 2238/1885/1410 2235/1880/1405
f 2249/1886/1411 2241/1887/1412 2239/1879/1404
f 2237/1881/1406 2240/1883/1408 2249/1886/1411
f 2239/1879/1404 2237/1881/1406 2249/1886/1411
f 2249/1886/1411 2248/1888/1413 2241/1887/1412
f 2240/1883/1408 2251/1889/1414 2249/1886/1411
f 2232/1874/1399 2244/1890/1415 2242/1891/1416
f 2243/1873/1398 2235/1880/1405 2244/1890/1415
f 2979/1892/1417 2233/1876/1401 2980/1893/1418
f 2980/1893/1418 1515/1875/1400 2978/1894/1419
f 2290/1895/1420 2245/1896/1421 1517/1897/1422
f 2246/1898/1423 2247/1899/1424 2290/1895/1420
f 1517/1897/1422 2246/1898/1423 2290/1895/1420
f 2287/1900/1425 2247/1899/1424 2246/1898/1423
f 1515/1875/1400 2232/1874/1399 2287/1900/1425
f 2246/1898/1423 1515/1875/1400 2287/1900/1425
f 2247/1899/1424 2288/1901/1426 2286/1902/1427
f 2232/1874/1399 2288/1901/1426 2287/1900/1425
f 2290/1895/1420 2289/1903/1428 2245/1896/1421
f 2247/1899/1424 2291/1904/1429 2290/1895/1420
f 2299/1905/1430 2292/1906/1431 1519/1907/1432
f 2293/1908/1433 2294/1909/1434 2299/1905/1430
f 1519/1907/1432 2293/1908/1433 2299/1905/1430
f 2296/1910/1435 2294/1909/1434 2293/1908/1433
f 1517/1897/1422 2245/1896/1421 2296/1910/1435
f 2293/1908/1433 1517/1897/1422 2296/1910/1435
f 2296/1910/1435 2295/1911/1436 2294/1909/1434
f 2245/1896/1421 2297/1912/1437 2296/1910/1435
f 2299/1905/1430 2298/1913/1438 2292/1906/1431
f 2294/1909/1434 2300/1914/1439 2299/1905/1430
f 2308/1915/1440 2301/1916/1441 1521/1917/1442
f 2302/1918/1443 2303/1919/1444 2308/1915/1440
f 1521/1917/1442 2302/1918/1443 2308/1915/1440
f 2305/1920/1445 2303/1919/1444 2302/1918/1443
f 1519/1907/1432 2292/1906/1431 2305/1920/1445
f 2302/1918/1443 1519/1907/1432 2305/1920/1445
f 2305/1920/1445 2304/1921/1446 2303/1919/1444
f 2292/1906/1431 2306/1922/1447 2305/1920/1445
f 2301/1916/1441 2309/1923/1448 2307/1924/1449
f 2303/1919/1444 2309/1923/1448 2308/1915/1440
f 2976/1925/1450 2302/1918/1443 2977/1926/1451
f 2977/1926/1451 1521/1917/1442 2975/1927/1452
f 2317/1928/1453 2310/1929/1454 1523/1930/1455
f 2311/1931/1456 2312/1932/1457 2317/1928/1453
f 1523/1930/1455 2311/1931/1456 2317/1928/1453
f 2314/1933/1458 2312/1932/1457 2311/1931/1456
f 1521/1917/1442 2301/1916/1441 2314/1933/1458
f 2311/1931/1456 1521/1917/1442 2314/1933/1458
f 2314/1933/1458 2313/1934/1459 2312/1932/1457
f 2301/1916/1441 2315/1935/1460 2314/1933/1458
f 2317/1928/1453 2316/1936/1461 2310/1929/1454
f 2312/1932/1457 2318/1937/1462 2317/1928/1453
f 2326/1938/1463 2319/1939/1464 1525/1940/1465
f 2320/1941/1466 2321/1942/1467 2326/1938/1463
f 1525/1940/1465 2320/1941/1466 2326/1938/1463
f 2323/1943/1468 2321/1942/1467 2320/1941/1466
f 1523/1930/1455 2310/1929/1454 2323/1943/1468
f 2320/1941/1466 1523/1930/1455 2323/1943/1468
f 2323/1943/1468 2322/1944/1469 2321/1942/1467
f 2310/1929/1454 2324/1945/1470 2323/1943/1468
f 2326/1938/1463 2325/1946/1471 2319/1939/1464
f 2326/1938/1463 2322/1944/1469 2327/1947/1472
f 2335/1948/1473 2328/1949/1474 1527/1950/1475
f 2329/1951/1476 2330/1952/1477 2335/1948/1473
f 1527/1950/1475 2329/1951/1476 2335/1948/1473
f 2332/1953/1478 2330/1952/1477 2329/1951/1476
f 1525/1940/1465 2319/1939/1464 2332/1953/1478
f 2329/1951/1476 1525/1940/1465 2332/1953/1478
f 2332/1953/1478 2331/1954/1479 2330/1952/1477
f 2319/1939/1464 2333/1955/1480 2332/1953/1478
f 2335/1948/1473 2334/1956/1481 2328/1949/1474
f 2330/1952/1477 2336/1957/1482 2335/1948/1473
f 2973/1958/1483 2329/1951/1476 2974/1959/1484
f 2974/1959/1484 1527/1950/1475 2972/1960/1485
f 2344/1961/1486 2337/1962/1487 1529/1963/1488
f 2338/1964/1489 2339/1965/1490 2344/1961/1486
f 1529/1963/1488 2338/1964/1489 2344/1961/1486
f 2341/1966/1491 2339/1965/1490 2338/1964/1489
f 1527/1950/1475 2328/1949/1474 2341/1966/1491
f 2338/1964/1489 1527/1950/1475 2341/1966/1491
f 2341/1966/1491 2340/1967/1492 2339/1965/1490
f 2328/1949/1474 2342/1968/1493 2341/1966/1491
f 2344/1961/1486 2343/1969/1494 2337/1962/1487
f 2339/1965/1490 2345/1970/1495 2344/1961/1486
f 2353/1971/1496 2346/1972/1497 1531/1973/1498
f 2347/1974/1499 2348/1975/1500 2353/1971/1496
f 1531/1973/1498 2347/1974/1499 2353/1971/1496
f 2350/1976/1501 2348/1975/1500 2347/1974/1499
f 1529/1963/1488 2337/1962/1487 2350/1976/1501
f 2347/1974/1499 1529/1963/1488 2350/1976/1501
f 2350/1976/1501 2349/1977/1502 2348/1975/1500
f 2337/1962/1487 2351/1978/1503 2350/1976/1501
f 2353/1971/1496 2352/1979/1504 2346/1972/1497
f 2348/1975/1500 2354/1980/1505 2353/1971/1496
f 2362/1981/1506 2355/1982/1507 1533/1983/1508
f 2356/1984/1509 2357/1985/1510 2362/1981/1506
f 1533/1983/1508 2356/1984/1509 2362/1981/1506
f 2359/1986/1511 2357/1985/1510 2356/1984/1509
f 1531/1973/1498 2346/1972/1497 2359/1986/1511
f 2356/1984/1509 1531/1973/1498 2359/1986/1511
f 2359/1986/1511 2358/1987/1512 2357/1985/1510
f 2346/1972/1497 2360/1988/1513 2359/1986/1511
f 2362/1981/1506 2361/1989/1514 2355/1982/1507
f 2357/1985/1510 2363/1990/1515 2362/1981/1506
f 2371/1991/1516 2364/1992/1517 1536/1993/1518
f 2365/1994/1519 2366/1995/1520 2371/1991/1516
f 1536/1993/1518 2365/1994/1519 2371/1991/1516
f 2368/1996/1521 2366/1995/1520 2365/1994/1519
f 1533/1983/1508 2355/1982/1507 2368/1996/1521
f 2365/1994/1519 1533/1983/1508 2368/1996/1521
f 2368/1996/1521 2367/1997/1522 2366/1995/1520
f 2355/1982/1507 2369/1998/1523 2368/1996/1521
f 2387/1999/1524 2370/2000/1525 2364/1992/1517
f 2371/1991/1516 2372/2001/1526 2387/1999/1524
f 2364/1992/1517 2371/1991/1516 2387/1999/1524
f 2366/1995/1520 2372/2001/1526 2371/1991/1516
f 2394/2002/1527 2381/2003/1528 2370/2000/1525
f 2387/1999/1524 2389/2004/1529 2394/2002/1527
f 2370/2000/1525 2387/1999/1524 2394/2002/1527
f 2372/2001/1526 2389/2004/1529 2387/1999/1524
f 2401/2005/1530 2385/2006/1531 2381/2003/1528
f 2394/2002/1527 2396/2007/1532 2401/2005/1530
f 2381/2003/1528 2394/2002/1527 2401/2005/1530
f 2389/2004/1529 2396/2007/1532 2394/2002/1527
f 2408/2008/1533 2392/2009/354 2385/2006/1531
f 2401/2005/1530 2403/2010/1534 2408/2008/1533
f 2385/2006/1531 2401/2005/1530 2408/2008/1533
f 2396/2007/1532 2403/2010/1534 2401/2005/1530
f 2415/2011/1535 2399/2012/1536 2392/2009/354
f 2408/2008/1533 2410/2013/1537 2415/2011/1535
f 2392/2009/354 2408/2008/1533 2415/2011/1535
f 2403/2010/1534 2410/2013/1537 2408/2008/1533
f 2422/2014/1538 2406/2015/1539 2399/2012/1536
f 2415/2011/1535 2417/2016/1540 2422/2014/1538
f 2399/2012/1536 2415/2011/1535 2422/2014/1538
f 2410/2013/1537 2417/2016/1540 2415/2011/1535
f 2429/2017/1539 2413/2018/1541 2406/2015/1539
f 2422/2014/1538 2424/2019/1542 2429/2017/1539
f 2406/2015/1539 2422/2014/1538 2429/2017/1539
f 2417/2016/1540 2424/2019/1542 2422/2014/1538
f 2436/2020/1543 2420/2021/1544 2413/2018/1541
f 2429/2017/1539 2431/2022/1545 2436/2020/1543
f 2413/2018/1541 2429/2017/1539 2436/2020/1543
f 2429/2017/1539 2430/2023/1546 2431/2022/1545
f 2436/2020/1543 2427/2024/1547 2420/2021/1544
f 2431/2022/1545 2438/2025/1548 2436/2020/1543
f 2461/2026/1549 2373/2027/1550 1538/2028/1551
f 2374/2029/1552 2375/2030/1553 2461/2026/1549
f 1538/2028/1551 2374/2029/1552 2461/2026/1549
f 2377/2031/1554 2375/2030/1553 2374/2029/1552
f 1536/1993/1518 2364/1992/1517 2377/2031/1554
f 2374/2029/1552 1536/1993/1518 2377/2031/1554
f 2377/2031/1554 2376/2032/1555 2375/2030/1553
f 2380/2033/1556 2378/2034/1557 2377/2031/1554
f 2364/1992/1517 2370/2000/1525 2380/2033/1556
f 2377/2031/1554 2364/1992/1517 2380/2033/1556
f 2380/2033/1556 2379/2035/1558 2378/2034/1557
f 2384/2036/1559 2382/2037/1560 2380/2033/1556
f 2370/2000/1525 2381/2003/1528 2384/2036/1559
f 2380/2033/1556 2370/2000/1525 2384/2036/1559
f 2384/2036/1559 2383/2038/1561 2382/2037/1560
f 2391/2039/1562 2386/2040/1563 2384/2036/1559
f 2381/2003/1528 2385/2006/1531 2391/2039/1562
f 2384/2036/1559 2381/2003/1528 2391/2039/1562
f 2391/2039/1562 2390/2041/1564 2386/2040/1563
f 2398/2042/1565 2393/2043/1566 2391/2039/1562
f 2385/2006/1531 2392/2009/354 2398/2042/1565
f 2391/2039/1562 2385/2006/1531 2398/2042/1565
f 2398/2042/1565 2397/2044/1567 2393/2043/1566
f 2405/2045/1568 2400/2046/1569 2398/2042/1565
f 2392/2009/354 2399/2012/1536 2405/2045/1568
f 2398/2042/1565 2392/2009/354 2405/2045/1568
f 2400/2046/1569 2407/2047/1570 2404/2048/1571
f 2412/2049/1572 2407/2047/1570 2405/2045/1568
f 2399/2012/1536 2406/2015/1539 2412/2049/1572
f 2405/2045/1568 2399/2012/1536 2412/2049/1572
f 2412/2049/1572 2411/2050/1573 2407/2047/1570
f 2419/2051/1574 2414/2052/1575 2412/2049/1572
f 2406/2015/1539 2413/2018/1541 2419/2051/1574
f 2412/2049/1572 2406/2015/1539 2419/2051/1574
f 2419/2051/1574 2418/2053/1576 2414/2052/1575
f 2426/2054/1577 2421/2055/1578 2419/2051/1574
f 2413/2018/1541 2420/2021/1544 2426/2054/1577
f 2419/2051/1574 2413/2018/1541 2426/2054/1577
f 2426/2054/1577 2425/2056/1579 2421/2055/1578
f 2433/2057/1580 2428/2058/1581 2426/2054/1577
f 2420/2021/1544 2427/2024/1547 2433/2057/1580
f 2426/2054/1577 2420/2021/1544 2433/2057/1580
f 2428/2058/1581 2435/2059/1582 2432/2060/1583
f 2427/2024/1547 2435/2059/1582 2433/2057/1580
f 2461/2026/1549 2460/2061/1584 2373/2027/1550
f 2375/2030/1553 2462/2062/1585 2461/2026/1549
f 2469/2063/1586 2463/2064/1587 1540/2065/1588
f 1709/2066/1589 2464/2067/1590 2469/2063/1586
f 1540/2065/1588 1709/2066/1589 2469/2063/1586
f 2466/2068/1591 2464/2067/1590 1709/2066/1589
f 1538/2028/1551 2373/2027/1550 2466/2068/1591
f 1709/2066/1589 1538/2028/1551 2466/2068/1591
f 2466/2068/1591 2465/2069/1592 2464/2067/1590
f 2373/2027/1550 2467/2070/1593 2466/2068/1591
f 2469/2063/1586 2468/2071/1594 2463/2064/1587
f 2464/2067/1590 2470/2072/1595 2469/2063/1586
f 1708/2073/1596 1709/2066/1589 1710/2074/1597
f 1710/2074/1597 1540/2065/1588 1706/2075/1598
f 2477/2076/1599 2471/2077/1600 1542/2078/1601
f 1713/2079/1602 2472/2080/1603 2477/2076/1599
f 1542/2078/1601 1713/2079/1602 2477/2076/1599
f 2474/2081/1604 2472/2080/1603 1713/2079/1602
f 1540/2065/1588 2463/2064/1587 2474/2081/1604
f 1713/2079/1602 1540/2065/1588 2474/2081/1604
f 2474/2081/1604 2473/2082/1605 2472/2080/1603
f 2463/2064/1587 2475/2083/1606 2474/2081/1604
f 2477/2076/1599 2476/2084/1607 2471/2077/1600
f 2472/2080/1603 2478/2085/1608 2477/2076/1599
f 1706/2075/1598 1713/2079/1602 1714/2086/1609
f 1714/2086/1609 1542/2078/1601 1711/2087/1610
f 2485/2088/1611 2479/2089/1612 1544/2090/1613
f 1717/2091/1614 2480/2092/1615 2485/2088/1611
f 1544/2090/1613 1717/2091/1614 2485/2088/1611
f 2482/2093/1616 2480/2092/1615 1717/2091/1614
f 1542/2078/1601 2471/2077/1600 2482/2093/1616
f 1717/2091/1614 1542/2078/1601 2482/2093/1616
f 2482/2093/1616 2481/2094/1617 2480/2092/1615
f 2471/2077/1600 2483/2095/1618 2482/2093/1616
f 2485/2088/1611 2484/2096/1619 2479/2089/1612
f 2480/2092/1615 2486/2097/1620 2485/2088/1611
f 1711/2087/1610 1717/2091/1614 1718/2098/1621
f 1718/2098/1621 1544/2090/1613 1715/2099/1622
f 2493/2100/1623 2487/2101/1624 1546/2102/1625
f 1721/2103/1626 2488/2104/1627 2493/2100/1623
f 1546/2102/1625 1721/2103/1626 2493/2100/1623
f 2490/2105/1628 2488/2104/1627 1721/2103/1626
f 1544/2090/1613 2479/2089/1612 2490/2105/1628
f 1721/2103/1626 1544/2090/1613 2490/2105/1628
f 2490/2105/1628 2489/2106/1629 2488/2104/1627
f 2479/2089/1612 2491/2107/1630 2490/2105/1628
f 2493/2100/1623 2492/2108/1631 2487/2101/1624
f 2488/2104/1627 2494/2109/1632 2493/2100/1623
f 1715/2099/1622 1721/2103/1626 1722/2110/1633
f 1722/2110/1633 1546/2102/1625 1719/2111/1634
f 2501/2112/1635 2495/2113/1636 1548/2114/1637
f 1725/2115/1638 2496/2116/1639 2501/2112/1635
f 1548/2114/1637 1725/2115/1638 2501/2112/1635
f 2498/2117/1640 2496/2116/1639 1725/2115/1638
f 1546/2102/1625 2487/2101/1624 2498/2117/1640
f 1725/2115/1638 1546/2102/1625 2498/2117/1640
f 2498/2117/1640 2497/2118/1641 2496/2116/1639
f 2487/2101/1624 2499/2119/1642 2498/2117/1640
f 2501/2112/1635 2500/2120/1643 2495/2113/1636
f 2496/2116/1639 2502/2121/1644 2501/2112/1635
f 1719/2111/1634 1725/2115/1638 1726/2122/1645
f 1726/2122/1645 1548/2114/1637 1723/2123/1646
f 2509/2124/1647 2503/2125/1648 1550/2126/1649
f 1729/2127/1650 2504/2128/1651 2509/2124/1647
f 1550/2126/1649 1729/2127/1650 2509/2124/1647
f 2506/2129/1652 2504/2128/1651 1729/2127/1650
f 1548/2114/1637 2495/2113/1636 2506/2129/1652
f 1729/2127/1650 1548/2114/1637 2506/2129/1652
f 2506/2129/1652 2505/2130/1653 2504/2128/1651
f 2495/2113/1636 2507/2131/1654 2506/2129/1652
f 2509/2124/1647 2508/2132/1655 2503/2125/1648
f 2504/2128/1651 2510/2133/1656 2509/2124/1647
f 1723/2123/1646 1729/2127/1650 1730/2134/1657
f 1727/2135/1658 1729/2127/1650 1550/2126/1649
f 1733/2136/1659 2511/2137/1660 1552/2138/1661
f 2514/2139/1662 2512/2140/1663 1733/2136/1659
f 1550/2126/1649 2503/2125/1648 2514/2139/1662
f 1733/2136/1659 1550/2126/1649 2514/2139/1662
f 2514/2139/1662 2513/2141/1664 2512/2140/1663
f 2503/2125/1648 2515/2142/1665 2514/2139/1662
f 1727/2135/1658 1733/2136/1659 1734/2143/1666
f 1734/2143/1666 1552/2138/1661 1731/2144/1667
f 2534/2145/1668 2527/2146/1669 1554/2147/1670
f 1737/2148/1671 2528/2149/1672 2534/2145/1668
f 1554/2147/1670 1737/2148/1671 2534/2145/1668
f 2530/2150/1673 2528/2149/1672 1737/2148/1671
f 1552/2138/1661 2511/2137/1660 2530/2150/1673
f 1737/2148/1671 1552/2138/1661 2530/2150/1673
f 2530/2150/1673 2529/2151/1674 2528/2149/1672
f 2511/2137/1660 2532/2152/1675 2530/2150/1673
f 2534/2145/1668 2533/2153/1676 2527/2146/1669
f 2528/2149/1672 2535/2154/1677 2534/2145/1668
f 1731/2144/1667 1737/2148/1671 1738/2155/1678
f 1738/2155/1678 1554/2147/1670 1735/2156/1679
f 2542/2157/1680 2536/2158/1681 1556/2159/1682
f 1741/2160/1683 2537/2161/1684 2542/2157/1680
f 1556/2159/1682 1741/2160/1683 2542/2157/1680
f 2539/2162/1685 2537/2161/1684 1741/2160/1683
f 1554/2147/1670 2527/2146/1669 2539/2162/1685
f 1741/2160/1683 1554/2147/1670 2539/2162/1685
f 2539/2162/1685 2538/2163/1686 2537/2161/1684
f 2527/2146/1669 2540/2164/1687 2539/2162/1685
f 2542/2157/1680 2541/2165/1688 2536/2158/1681
f 2537/2161/1684 2543/2166/1689 2542/2157/1680
f 1735/2156/1679 1741/2160/1683 1742/2167/1690
f 1742/2167/1690 1556/2159/1682 1739/2168/1691
f 2550/2169/1692 2544/2170/1693 1558/2171/1694
f 1745/2172/1695 2545/2173/1696 2550/2169/1692
f 1558/2171/1694 1745/2172/1695 2550/2169/1692
f 2547/2174/1697 2545/2173/1696 1745/2172/1695
f 1556/2159/1682 2536/2158/1681 2547/2174/1697
f 1745/2172/1695 1556/2159/1682 2547/2174/1697
f 2547/2174/1697 2546/2175/1698 2545/2173/1696
f 2547/2174/1697 2541/2165/1688 2548/2176/1699
f 2555/2177/1700 2549/2178/1701 2544/2170/1693
f 2550/2169/1692 2551/2179/1702 2555/2177/1700
f 2544/2170/1693 2550/2169/1692 2555/2177/1700
f 2565/2180/1703 2551/2179/1702 2550/2169/1692
f 2545/2173/1696 2546/2175/1698 2565/2180/1703
f 2550/2169/1692 2545/2173/1696 2565/2180/1703
f 2565/2180/1703 2556/2181/1704 2551/2179/1702
f 2565/2180/1703 2566/2182/1705 2567/2183/1706
f 2555/2177/1700 2554/2184/1707 2549/2178/1701
f 2562/2185/1708 2557/2186/1709 2555/2177/1700
f 2551/2179/1702 2556/2181/1704 2562/2185/1708
f 2555/2177/1700 2551/2179/1702 2562/2185/1708
f 2562/2185/1708 2561/2187/1710 2557/2186/1709
f 2556/2181/1704 2564/2188/1711 2562/2185/1708
f 1739/2168/1691 1745/2172/1695 1746/2189/1712
f 1746/2189/1712 1558/2171/1694 1743/2190/1713
f 2601/2191/1714 2552/2192/1715 1560/2193/1716
f 1749/2194/1717 2553/2195/1718 2601/2191/1714
f 1560/2193/1716 1749/2194/1717 2601/2191/1714
f 2559/2196/1719 2553/2195/1718 1749/2194/1717
f 1558/2171/1694 2544/2170/1693 2559/2196/1719
f 1749/2194/1717 1558/2171/1694 2559/2196/1719
f 2559/2196/1719 2558/2197/1720 2553/2195/1718
f 2544/2170/1693 2560/2198/1721 2559/2196/1719
f 2601/2191/1714 2600/2199/1722 2552/2192/1715
f 2553/2195/1718 2602/2200/1723 2601/2191/1714
f 1743/2190/1713 1749/2194/1717 1750/2201/1724
f 1750/2201/1724 1560/2193/1716 1747/2202/1725
f 2609/2203/1726 2603/2204/1727 1562/2205/1728
f 1753/2206/1729 2604/2207/1730 2609/2203/1726
f 1562/2205/1728 1753/2206/1729 2609/2203/1726
f 2606/2208/1731 2604/2207/1730 1753/2206/1729
f 1560/2193/1716 2552/2192/1715 2606/2208/1731
f 1753/2206/1729 1560/2193/1716 2606/2208/1731
f 2606/2208/1731 2605/2209/1732 2604/2207/1730
f 2552/2192/1715 2607/2210/1733 2606/2208/1731
f 2603/2204/1727 2610/2211/1734 2608/2212/1735
f 2609/2203/1726 2605/2209/1732 2610/2211/1734
f 1747/2202/1725 1753/2206/1729 1754/2213/1736
f 1754/2213/1736 1562/2205/1728 1751/2214/1737
f 2617/2215/1738 2611/2216/1739 1564/2217/1740
f 1757/2218/1741 2612/2219/1742 2617/2215/1738
f 1564/2217/1740 1757/2218/1741 2617/2215/1738
f 2614/2220/1743 2612/2219/1742 1757/2218/1741
f 1562/2205/1728 2603/2204/1727 2614/2220/1743
f 1757/2218/1741 1562/2205/1728 2614/2220/1743
f 2612/2219/1742 2615/2221/1744 2613/2222/1745
f 2614/2220/1743 2608/2212/1735 2615/2221/1744
f 2611/2216/1739 2618/2223/1746 2616/2224/1747
f 2617/2215/1738 2613/2222/1745 2618/2223/1746
f 1751/2214/1737 1757/2218/1741 1758/2225/1748
f 1758/2225/1748 1564/2217/1740 1755/2226/1749
f 2625/2227/1750 2619/2228/1751 1566/2229/1752
f 1761/2230/1753 2620/2231/1754 2625/2227/1750
f 1566/2229/1752 1761/2230/1753 2625/2227/1750
f 2622/2232/1755 2620/2231/1754 1761/2230/1753
f 1564/2217/1740 2611/2216/1739 2622/2232/1755
f 1761/2230/1753 1564/2217/1740 2622/2232/1755
f 2620/2231/1754 2623/2233/1756 2621/2234/1757
f 2622/2232/1755 2616/2224/1747 2623/2233/1756
f 2619/2228/1751 2626/2235/1758 2624/2236/1759
f 2625/2227/1750 2621/2234/1757 2626/2235/1758
f 1755/2226/1749 1761/2230/1753 1762/2237/1760
f 1762/2237/1760 1566/2229/1752 1759/2238/1761
f 2633/2239/1762 2627/2240/1763 1568/2241/1764
f 1765/2242/1765 2628/2243/1766 2633/2239/1762
f 1568/2241/1764 1765/2242/1765 2633/2239/1762
f 2630/2244/1767 2628/2243/1766 1765/2242/1765
f 1566/2229/1752 2619/2228/1751 2630/2244/1767
f 1765/2242/1765 1566/2229/1752 2630/2244/1767
f 2628/2243/1766 2631/2245/1768 2629/2246/1769
f 2630/2244/1767 2624/2236/1759 2631/2245/1768
f 2627/2240/1763 2634/2247/1770 2632/2248/1771
f 2633/2239/1762 2629/2246/1769 2634/2247/1770
f 1759/2238/1761 1765/2242/1765 1766/2249/1772
f 1766/2249/1772 1568/2241/1764 1763/2250/1773
f 2641/2251/1774 2635/2252/1775 1570/2253/1776
f 1769/2254/1777 2636/2255/1778 2641/2251/1774
f 1570/2253/1776 1769/2254/1777 2641/2251/1774
f 2638/2256/1779 2636/2255/1778 1769/2254/1777
f 1568/2241/1764 2627/2240/1763 2638/2256/1779
f 1769/2254/1777 1568/2241/1764 2638/2256/1779
f 2636/2255/1778 2639/2257/1780 2637/2258/1781
f 2638/2256/1779 2632/2248/1771 2639/2257/1780
f 2635/2252/1775 2642/2259/1782 2640/2260/1783
f 2641/2251/1774 2637/2258/1781 2642/2259/1782
f 1763/2250/1773 1769/2254/1777 1770/2261/1784
f 1770/2261/1784 1570/2253/1776 1767/2262/1785
f 2649/2263/1786 2643/2264/1787 1572/2265/1788
f 1773/2266/1789 2644/2267/1790 2649/2263/1786
f 1572/2265/1788 1773/2266/1789 2649/2263/1786
f 2646/2268/1791 2644/2267/1790 1773/2266/1789
f 1570/2253/1776 2635/2252/1775 2646/2268/1791
f 1773/2266/1789 1570/2253/1776 2646/2268/1791
f 2644/2267/1790 2647/2269/1792 2645/2270/1793
f 2646/2268/1791 2640/2260/1783 2647/2269/1792
f 2643/2264/1787 2650/2271/1794 2648/2272/1795
f 2649/2263/1786 2645/2270/1793 2650/2271/1794
f 1767/2262/1785 1773/2266/1789 1774/2273/1796
f 1774/2273/1796 1572/2265/1788 1771/2274/1797
f 2657/2275/1798 2651/2276/1799 1574/2277/1800
f 1777/2278/1801 2652/2279/1802 2657/2275/1798
f 1574/2277/1800 1777/2278/1801 2657/2275/1798
f 2654/2280/1803 2652/2279/1802 1777/2278/1801
f 1572/2265/1788 2643/2264/1787 2654/2280/1803
f 1777/2278/1801 1572/2265/1788 2654/2280/1803
f 2652/2279/1802 2655/2281/1804 2653/2282/1805
f 2654/2280/1803 2648/2272/1795 2655/2281/1804
f 2651/2276/1799 2658/2283/1806 2656/2284/1807
f 2657/2275/1798 2653/2282/1805 2658/2283/1806
f 1771/2274/1797 1777/2278/1801 1778/2285/1808
f 1778/2285/1808 1574/2277/1800 1775/2286/1809
f 2665/2287/1810 2659/2288/1811 1576/2289/1812
f 1781/2290/1813 2660/2291/1814 2665/2287/1810
f 1576/2289/1812 1781/2290/1813 2665/2287/1810
f 2662/2292/1815 2660/2291/1814 1781/2290/1813
f 1574/2277/1800 2651/2276/1799 2662/2292/1815
f 1781/2290/1813 1574/2277/1800 2662/2292/1815
f 2660/2291/1814 2663/2293/1816 2661/2294/1817
f 2662/2292/1815 2656/2284/1807 2663/2293/1816
f 2659/2288/1811 2666/2295/1818 2664/2296/1819
f 2665/2287/1810 2661/2294/1817 2666/2295/1818
f 1775/2286/1809 1781/2290/1813 1782/2297/1820
f 1782/2297/1820 1576/2289/1812 1779/2298/1821
f 2673/2299/1822 2667/2300/1823 1578/2301/1824
f 1785/2302/1825 2668/2303/1826 2673/2299/1822
f 1578/2301/1824 1785/2302/1825 2673/2299/1822
f 2670/2304/1827 2668/2303/1826 1785/2302/1825
f 1576/2289/1812 2659/2288/1811 2670/2304/1827
f 1785/2302/1825 1576/2289/1812 2670/2304/1827
f 2668/2303/1826 2671/2305/1828 2669/2306/1829
f 2670/2304/1827 2664/2296/1819 2671/2305/1828
f 2667/2300/1823 2674/2307/1830 2672/2308/1831
f 2673/2299/1822 2669/2306/1829 2674/2307/1830
f 1779/2298/1821 1785/2302/1825 1786/2309/1832
f 1786/2309/1832 1578/2301/1824 1783/2310/1833
f 2686/2311/1834 2675/2312/1835 1580/2313/1836
f 2676/2314/1837 2677/2315/1838 2686/2311/1834
f 1580/2313/1836 2676/2314/1837 2686/2311/1834
f 2679/2316/1839 2677/2315/1838 2676/2314/1837
f 1578/2301/1824 2667/2300/1823 2679/2316/1839
f 2676/2314/1837 1578/2301/1824 2679/2316/1839
f 2682/2317/1840 2678/2318/1841 2677/2315/1838
f 2679/2316/1839 2680/2319/1842 2682/2317/1840
f 2677/2315/1838 2679/2316/1839 2682/2317/1840
f 2667/2300/1823 2680/2319/1842 2679/2316/1839
f 2678/2318/1841 2684/2320/1843 2681/2321/1844
f 2680/2319/1842 2684/2320/1843 2682/2317/1840
f 2675/2312/1835 2687/2322/1845 2685/2323/1846
f 2692/2324/1847 2687/2322/1845 2686/2311/1834
f 2677/2315/1838 2678/2318/1841 2692/2324/1847
f 2686/2311/1834 2677/2315/1838 2692/2324/1847
f 2687/2322/1845 2693/2325/1848 2691/2326/1849
f 2692/2324/1847 2681/2321/1844 2693/2325/1848
f 1783/2310/1833 2676/2314/1837 2971/2327/1850
f 2971/2327/1850 1580/2313/1836 2970/2328/1851
f 2730/2329/1852 2688/2330/1853 1582/2331/1854
f 2689/2332/1855 2690/2333/1856 2730/2329/1852
f 1582/2331/1854 2689/2332/1855 2730/2329/1852
f 2727/2334/1857 2690/2333/1856 2689/2332/1855
f 1580/2313/1836 2675/2312/1835 2727/2334/1857
f 2689/2332/1855 1580/2313/1836 2727/2334/1857
f 2690/2333/1856 2728/2335/1858 2726/2336/1859
f 2727/2334/1857 2685/2323/1846 2728/2335/1858
f 2688/2330/1853 2731/2337/1860 2729/2338/1861
f 2730/2329/1852 2726/2336/1859 2731/2337/1860
f 2739/2339/1862 2732/2340/1863 1584/2341/1864
f 2733/2342/1865 2734/2343/1866 2739/2339/1862
f 1584/2341/1864 2733/2342/1865 2739/2339/1862
f 2736/2344/1867 2734/2343/1866 2733/2342/1865
f 1582/2331/1854 2688/2330/1853 2736/2344/1867
f 2733/2342/1865 1582/2331/1854 2736/2344/1867
f 2734/2343/1866 2737/2345/1868 2735/2346/1869
f 2736/2344/1867 2729/2338/1861 2737/2345/1868
f 2732/2340/1863 2740/2347/1870 2738/2348/1871
f 2739/2339/1862 2735/2346/1869 2740/2347/1870
f 2748/2349/1872 2741/2350/1873 1586/2351/1874
f 2742/2352/1875 2743/2353/1876 2748/2349/1872
f 1586/2351/1874 2742/2352/1875 2748/2349/1872
f 2745/2354/1877 2743/2353/1876 2742/2352/1875
f 1584/2341/1864 2732/2340/1863 2745/2354/1877
f 2742/2352/1875 1584/2341/1864 2745/2354/1877
f 2743/2353/1876 2746/2355/1878 2744/2356/1879
f 2745/2354/1877 2738/2348/1871 2746/2355/1878
f 2741/2350/1873 2749/2357/1880 2747/2358/1881
f 2748/2349/1872 2744/2356/1879 2749/2357/1880
f 2757/2359/1882 2750/2360/1883 1588/2361/1884
f 2751/2362/1885 2752/2363/1886 2757/2359/1882
f 1588/2361/1884 2751/2362/1885 2757/2359/1882
f 2754/2364/1887 2752/2363/1886 2751/2362/1885
f 1586/2351/1874 2741/2350/1873 2754/2364/1887
f 2751/2362/1885 1586/2351/1874 2754/2364/1887
f 2752/2363/1886 2755/2365/1888 2753/2366/1889
f 2754/2364/1887 2747/2358/1881 2755/2365/1888
f 2750/2360/1883 2758/2367/1890 2756/2368/1891
f 2757/2359/1882 2753/2366/1889 2758/2367/1890
f 2766/2369/1892 2759/2370/1893 1590/2371/1894
f 2760/2372/1895 2761/2373/1896 2766/2369/1892
f 1590/2371/1894 2760/2372/1895 2766/2369/1892
f 2763/2374/1897 2761/2373/1896 2760/2372/1895
f 1588/2361/1884 2750/2360/1883 2763/2374/1897
f 2760/2372/1895 1588/2361/1884 2763/2374/1897
f 2761/2373/1896 2764/2375/1898 2762/2376/1899
f 2763/2374/1897 2756/2368/1891 2764/2375/1898
f 2766/2369/1892 2765/2377/1900 2759/2370/1893
f 2766/2369/1892 2762/2376/1899 2767/2378/1901
f 2775/2379/1902 2768/2380/1903 1592/2381/1904
f 2769/2382/1905 2770/2383/1906 2775/2379/1902
f 1592/2381/1904 2769/2382/1905 2775/2379/1902
f 2772/2384/1907 2770/2383/1906 2769/2382/1905
f 1590/2371/1894 2759/2370/1893 2772/2384/1907
f 2769/2382/1905 1590/2371/1894 2772/2384/1907
f 2770/2383/1906 2773/2385/1908 2771/2386/1909
f 2772/2384/1907 2765/2377/1900 2773/2385/1908
f 2768/2380/1903 2776/2387/1910 2774/2388/1911
f 2775/2379/1902 2771/2386/1909 2776/2387/1910
f 2784/2389/1912 2777/2390/1913 1594/2391/1914
f 2778/2392/1915 2779/2393/1916 2784/2389/1912
f 1594/2391/1914 2778/2392/1915 2784/2389/1912
f 2781/2394/1917 2779/2393/1916 2778/2392/1915
f 1592/2381/1904 2768/2380/1903 2781/2394/1917
f 2778/2392/1915 1592/2381/1904 2781/2394/1917
f 2779/2393/1916 2782/2395/1918 2780/2396/1919
f 2781/2394/1917 2774/2388/1911 2782/2395/1918
f 2777/2390/1913 2785/2397/1920 2783/2398/1921
f 2784/2389/1912 2780/2396/1919 2785/2397/1920
f 2793/2399/1922 2786/2400/1923 1596/2401/1924
f 2787/2402/1925 2788/2403/1926 2793/2399/1922
f 1596/2401/1924 2787/2402/1925 2793/2399/1922
f 2790/2404/1927 2788/2403/1926 2787/2402/1925
f 1594/2391/1914 2777/2390/1913 2790/2404/1927
f 2787/2402/1925 1594/2391/1914 2790/2404/1927
f 2788/2403/1926 2791/2405/1928 2789/2406/1929
f 2790/2404/1927 2783/2398/1921 2791/2405/1928
f 2786/2400/1923 2794/2407/1930 2792/2408/1931
f 2793/2399/1922 2789/2406/1929 2794/2407/1930
f 2968/2409/1932 2787/2402/1925 2969/2410/1933
f 2967/2411/1934 2787/2402/1925 1596/2401/1924
f 2802/2412/1935 2795/2413/1936 1598/2414/1937
f 2796/2415/1938 2797/2416/1939 2802/2412/1935
f 1598/2414/1937 2796/2415/1938 2802/2412/1935
f 2799/2417/1940 2797/2416/1939 2796/2415/1938
f 1596/2401/1924 2786/2400/1923 2799/2417/1940
f 2796/2415/1938 1596/2401/1924 2799/2417/1940
f 2797/2416/1939 2800/2418/1941 2798/2419/1942
f 2799/2417/1940 2792/2408/1931 2800/2418/1941
f 2802/2412/1935 2801/2420/1943 2795/2413/1936
f 2802/2412/1935 2798/2419/1942 2803/2421/1944
f 2811/2422/1945 2804/2423/1946 1600/2424/1947
f 2805/2425/1948 2806/2426/1949 2811/2422/1945
f 1600/2424/1947 2805/2425/1948 2811/2422/1945
f 2808/2427/1950 2806/2426/1949 2805/2425/1948
f 1598/2414/1937 2795/2413/1936 2808/2427/1950
f 2805/2425/1948 1598/2414/1937 2808/2427/1950
f 2808/2427/1950 2807/2428/1951 2806/2426/1949
f 2795/2413/1936 2809/2429/1952 2808/2427/1950
f 2811/2422/1945 2810/2430/1953 2804/2423/1946
f 2806/2426/1949 2812/2431/1954 2811/2422/1945
f 2824/2432/1955 2813/2433/1956 1602/2434/1957
f 2814/2435/1958 2815/2436/1959 2824/2432/1955
f 1602/2434/1957 2814/2435/1958 2824/2432/1955
f 2817/2437/1960 2815/2436/1959 2814/2435/1958
f 1600/2424/1947 2804/2423/1946 2817/2437/1960
f 2814/2435/1958 1600/2424/1947 2817/2437/1960
f 2820/2438/1961 2816/2439/1962 2815/2436/1959
f 2817/2437/1960 2818/2440/1963 2820/2438/1961
f 2815/2436/1959 2817/2437/1960 2820/2438/1961
f 2833/2441/1964 2818/2440/1963 2817/2437/1960
f 2804/2423/1946 2810/2430/1953 2833/2441/1964
f 2817/2437/1960 2804/2423/1946 2833/2441/1964
f 2833/2441/1964 2821/2442/1965 2818/2440/1963
f 2810/2430/1953 2835/2443/1966 2833/2441/1964
f 2816/2439/1962 2822/2444/1967 2819/2445/1968
f 2830/2446/1969 2822/2444/1967 2820/2438/1961
f 2818/2440/1963 2821/2442/1965 2830/2446/1969
f 2820/2438/1961 2818/2440/1963 2830/2446/1969
f 2830/2446/1969 2829/2447/1970 2822/2444/1967
f 2821/2442/1965 2832/2448/1971 2830/2446/1969
f 2813/2433/1956 2825/2449/1972 2823/2450/1973
f 2824/2432/1955 2816/2439/1962 2825/2449/1972
f 2965/2451/1974 2814/2435/1958 2966/2452/1975
f 2966/2452/1975 1602/2434/1957 2964/2453/1976
f 2873/2454/1977 2826/2455/1978 1604/2456/1979
f 2827/2457/1980 2828/2458/1981 2873/2454/1977
f 1604/2456/1979 2827/2457/1980 2873/2454/1977
f 2870/2459/1982 2828/2458/1981 2827/2457/1980
f 1602/2434/1957 2813/2433/1956 2870/2459/1982
f 2827/2457/1980 1602/2434/1957 2870/2459/1982
f 2828/2458/1981 2871/2460/1983 2869/2461/1984
f 2870/2459/1982 2823/2450/1973 2871/2460/1983
f 2873/2454/1977 2872/2462/1985 2826/2455/1978
f 2828/2458/1981 2874/2463/1986 2873/2454/1977
f 2882/2464/1987 2875/2465/1988 1606/2466/1989
f 2876/2467/1990 2877/2468/1991 2882/2464/1987
f 1606/2466/1989 2876/2467/1990 2882/2464/1987
f 2879/2469/1992 2877/2468/1991 2876/2467/1990
f 1604/2456/1979 2826/2455/1978 2879/2469/1992
f 2876/2467/1990 1604/2456/1979 2879/2469/1992
f 2879/2469/1992 2878/2470/1993 2877/2468/1991
f 2826/2455/1978 2880/2471/1994 2879/2469/1992
f 2882/2464/1987 2881/2472/1995 2875/2465/1988
f 2877/2468/1991 2883/2473/1996 2882/2464/1987
f 2891/2474/1997 2884/2475/1998 1608/2476/1999
f 2885/2477/2000 2886/2478/2001 2891/2474/1997
f 1608/2476/1999 2885/2477/2000 2891/2474/1997
f 2888/2479/2002 2886/2478/2001 2885/2477/2000
f 1606/2466/1989 2875/2465/1988 2888/2479/2002
f 2885/2477/2000 1606/2466/1989 2888/2479/2002
f 2888/2479/2002 2887/2480/2003 2886/2478/2001
f 2875/2465/1988 2889/2481/2004 2888/2479/2002
f 2891/2474/1997 2890/2482/2005 2884/2475/1998
f 2886/2478/2001 2892/2483/2006 2891/2474/1997
f 2962/2484/2007 2885/2477/2000 2963/2485/2008
f 2963/2485/2008 1608/2476/1999 2961/2486/2009
f 2900/2487/2010 2893/2488/2011 1610/2489/2012
f 2894/2490/2013 2895/2491/2014 2900/2487/2010
f 1610/2489/2012 2894/2490/2013 2900/2487/2010
f 2897/2492/2015 2895/2491/2014 2894/2490/2013
f 1608/2476/1999 2884/2475/1998 2897/2492/2015
f 2894/2490/2013 1608/2476/1999 2897/2492/2015
f 2897/2492/2015 2896/2493/2016 2895/2491/2014
f 2884/2475/1998 2898/2494/2017 2897/2492/2015
f 2900/2487/2010 2899/2495/2018 2893/2488/2011
f 2895/2491/2014 2901/2496/2019 2900/2487/2010
f 2909/2497/2020 2902/2498/2021 1612/2499/2022
f 2903/2500/2023 2904/2501/2024 2909/2497/2020
f 1612/2499/2022 2903/2500/2023 2909/2497/2020
f 2906/2502/2025 2904/2501/2024 2903/2500/2023
f 1610/2489/2012 2893/2488/2011 2906/2502/2025
f 2903/2500/2023 1610/2489/2012 2906/2502/2025
f 2906/2502/2025 2905/2503/2026 2904/2501/2024
f 2893/2488/2011 2907/2504/2027 2906/2502/2025
f 2902/2498/2021 2910/2505/2028 2908/2506/2029
f 2904/2501/2024 2910/2505/2028 2909/2497/2020
f 2918/2507/2030 2911/2508/2031 1614/2509/2032
f 2912/2510/2033 2913/2511/2034 2918/2507/2030
f 1614/2509/2032 2912/2510/2033 2918/2507/2030
f 2915/2512/2035 2913/2511/2034 2912/2510/2033
f 1612/2499/2022 2902/2498/2021 2915/2512/2035
f 2912/2510/2033 1612/2499/2022 2915/2512/2035
f 2915/2512/2035 2914/2513/2036 2913/2511/2034
f 2902/2498/2021 2916/2514/2037 2915/2512/2035
f 2918/2507/2030 2917/2515/2038 2911/2508/2031
f 2913/2511/2034 2919/2516/2039 2918/2507/2030
f 2959/2517/2040 2912/2510/2033 2960/2518/2041
f 2960/2518/2041 1614/2509/2032 2958/2519/2042
f 2927/2520/2043 2920/2521/2044 1616/2522/2045
f 2921/2523/2046 2922/2524/2047 2927/2520/2043
f 1616/2522/2045 2921/2523/2046 2927/2520/2043
f 2924/2525/2048 2922/2524/2047 2921/2523/2046
f 1614/2509/2032 2911/2508/2031 2924/2525/2048
f 2921/2523/2046 1614/2509/2032 2924/2525/2048
f 2924/2525/2048 2923/2526/2049 2922/2524/2047
f 2911/2508/2031 2925/2527/2050 2924/2525/2048
f 2927/2520/2043 2926/2528/2051 2920/2521/2044
f 2922/2524/2047 2928/2529/2052 2927/2520/2043
f 2936/2530/2053 2929/2531/2054 1618/2532/2055
f 2930/2533/2056 2931/2534/2057 2936/2530/2053
f 1618/2532/2055 2930/2533/2056 2936/2530/2053
f 2933/2535/2058 2931/2534/2057 2930/2533/2056
f 1616/2522/2045 2920/2521/2044 2933/2535/2058
f 2930/2533/2056 1616/2522/2045 2933/2535/2058
f 2933/2535/2058 2932/2536/2059 2931/2534/2057
f 2920/2521/2044 2934/2537/2060 2933/2535/2058
f 2936/2530/2053 2935/2538/2061 2929/2531/2054
f 2931/2534/2057 2937/2539/2062 2936/2530/2053
f 2944/2540/2063 1831/2541/2064 1620/2542/2065
f 2938/2543/2066 2939/2544/2067 2944/2540/2063
f 1620/2542/2065 2938/2543/2066 2944/2540/2063
f 2941/2545/2068 2939/2544/2067 2938/2543/2066
f 1618/2532/2055 2929/2531/2054 2941/2545/2068
f 2938/2543/2066 1618/2532/2055 2941/2545/2068
f 2941/2545/2068 2940/2546/2069 2939/2544/2067
f 2929/2531/2054 2942/2547/2070 2941/2545/2068
f 2944/2540/2063 2943/2548/2071 1831/2541/2064
f 2939/2544/2067 2945/2549/2072 2944/2540/2063
f 1838/2550/2073 1829/2551/975 1623/2552/2074
f 1830/2553/2075 1832/2554/2076 1838/2550/2073
f 1623/2552/2074 1830/2553/2075 1838/2550/2073
f 2946/2555/2077 1832/2554/2076 1830/2553/2075
f 1620/2542/2065 1831/2541/2064 2946/2555/2077
f 1830/2553/2075 1620/2542/2065 2946/2555/2077
f 2946/2555/2077 1839/2556/2078 1832/2554/2076
f 1831/2541/2064 2947/2557/2079 2946/2555/2077
f 1846/2558/2080 1837/2559/2081 1829/2551/975
f 1838/2550/2073 1840/2560/2082 1846/2558/2080
f 1829/2551/975 1838/2550/2073 1846/2558/2080
f 2948/2561/2083 1840/2560/2082 1838/2550/2073
f 1832/2554/2076 1839/2556/2078 2948/2561/2083
f 1838/2550/2073 1832/2554/2076 2948/2561/2083
f 2948/2561/2083 1847/2562/2084 1840/2560/2082
f 1839/2556/2078 2950/2563/2085 2948/2561/2083
f 2956/2564/2086 1845/2565/983 1837/2559/2081
f 1846/2558/2080 1848/2566/2087 2956/2564/2086
f 1837/2559/2081 1846/2558/2080 2956/2564/2086
f 2952/2567/2088 1848/2566/2087 1846/2558/2080
f 1840/2560/2082 1847/2562/2084 2952/2567/2088
f 1846/2558/2080 1840/2560/2082 2952/2567/2088
f 2952/2567/2088 2951/2568/2089 1848/2566/2087
f 1847/2562/2084 2954/2569/2090 2952/2567/2088
f 2956/2564/2086 2955/2570/2091 1845/2565/983
f 1848/2566/2087 2957/2571/2092 2956/2564/2086
f 1448/2572/2093 1844/1461/986 1843/1460/985
f 1825/1451/976 1833/1456/981 1788/2573/2094
f 1841/1459/984 1787/2574/2095 1788/2573/2094
f 1789/2575/2096 1849/1462/987 1851/1463/988
f 1792/2576/2097 1854/1470/995 1791/2577/2098
f 1790/2578/926 1856/1471/996 1849/1462/987
f 1789/2575/2096 1825/1451/976 1788/2573/2094
f 1793/2579/2099 1864/1484/1009 1857/1472/997
f 1796/2580/2100 1867/1486/1011 1795/2581/2101
f 1795/2581/2101 1862/1483/1008 1794/2582/2102
f 1798/2583/2103 1870/1495/1020 1797/2584/2104
f 1799/2585/2105 1880/1508/1033 1873/1497/1022
f 1799/2585/2105 1875/1498/1023 1798/2583/2103
f 1796/2580/2100 1872/1496/1021 1865/1485/1010
f 1793/2579/2099 1859/1473/998 1792/2576/2097
f 1801/2586/2106 1878/1507/1032 1800/2587/2107
f 1802/2588/2108 1883/1510/1035 1801/2586/2106
f 1802/2588/2108 1888/1520/1045 1881/1509/1034
f 1841/1459/984 1844/1461/986 1787/2574/2095
f 1841/1459/984 1833/1456/981 1836/1455/980
f 1841/1459/984 1788/2573/2094 1833/1456/981
f 1804/2589/2109 1886/1519/1044 1803/2590/2110
f 1804/2589/2109 1889/1521/1046 1891/1522/1047
f 1807/2591/2111 1894/1531/1056 1806/2592/2112
f 1805/2593/2113 1896/1532/1057 1889/1521/1046
f 1808/2594/2114 1904/1544/1069 1897/1533/1058
f 1810/2595/2115 1905/1545/1070 1907/1546/1071
f 1810/2595/2115 1902/1543/1068 1809/2596/2116
f 1807/2591/2111 1897/1533/1058 1899/1534/1059
f 1811/2597/2117 1912/1556/1081 1905/1545/1070
f 1813/2598/2118 1913/1557/1082 1915/1558/1083
f 1816/2599/2119 1918/1567/1092 1815/2600/2120
f 1814/2601/2121 1920/1568/1093 1913/1557/1082
f 1817/2602/2122 1928/1579/1104 1921/1570/1095
f 1819/2603/2123 1950/1595/1120 1938/1590/1115
f 1940/1591/1116 1818/2604/2124 1819/2603/2123
f 1816/2599/2119 1921/1570/1095 1923/1569/1094
f 1947/1605/1130 1942/1593/1118 1951/2605/2125
f 1953/2606/2126 1945/1606/1131 1952/2607/2127
f 1952/2607/2127 1947/1605/1130 1951/2605/2125
f 1955/2608/2128 1970/1617/1142 1954/2609/2129
f 1956/2610/2130 1971/1620/1145 1973/1619/1144
f 1956/2610/2130 1968/1618/1143 1955/2608/2128
f 1953/2606/2126 1963/1608/1133 1965/1607/1132
f 1948/1596/1121 1820/2611/2131 1951/2605/2125
f 1941/1589/1114 1940/1591/1116 1819/2603/2123
f 1941/1589/1114 1819/2603/2123 1938/1590/1115
f 1937/1587/1112 1936/1588/1113 1940/1591/1116
f 1942/1593/1118 1944/1592/1117 1948/1596/1121
f 1950/1595/1120 1820/2611/2131 1948/1596/1121
f 1818/2604/2124 1940/1591/1116 1936/1588/1113
f 1959/2612/2132 1976/1630/1155 1958/2613/2133
f 1960/2614/2134 1986/1641/1166 1979/1632/1157
f 1960/2614/2134 1981/1631/1156 1959/2612/2132
f 1992/2615/2135 2017/1647/1172 1962/2616/2136
f 2016/1649/1174 1961/2617/2137 1962/2616/2136
f 1992/2615/2135 2018/1651/1176 2020/1650/1175
f 1994/2618/2138 2023/1661/1186 1993/2619/2139
f 1951/2605/2125 1942/1593/1118 1948/1596/1121
f 1958/2613/2133 1978/1629/1154 1957/2620/2140
f 1813/2598/2118 1910/1555/1080 1812/2621/2141
f 1936/1588/1113 1928/1579/1104 1818/2604/2124
f 1825/1451/976 1828/1453/978 1833/1456/981
f 1854/1470/995 1856/1471/996 1791/2577/2098
f 1862/1483/1008 1864/1484/1009 1794/2582/2102
f 1870/1495/1020 1872/1496/1021 1797/2584/2104
f 1878/1507/1032 1880/1508/1033 1800/2587/2107
f 1886/1519/1044 1888/1520/1045 1803/2590/2110
f 1894/1531/1056 1896/1532/1057 1806/2592/2112
f 1902/1543/1068 1904/1544/1069 1809/2596/2116
f 1910/1555/1080 1912/1556/1081 1812/2621/2141
f 1918/1567/1092 1920/1568/1093 1815/2600/2120
f 1929/1582/1107 1942/1593/1118 1947/1605/1130
f 1962/2616/2136 2017/1647/1172 2016/1649/1174
f 1992/2615/2135 2020/1650/1175 2014/1648/1173
f 1928/1579/1104 1936/1588/1113 1926/1580/1105
f 1963/1608/1133 1954/2609/2129 1970/1617/1142
f 2016/1649/1174 1984/1642/1167 1986/1641/1166
f 2018/1651/1176 2023/1661/1186 1987/1644/1169
f 1993/2619/2139 2023/1661/1186 2018/1651/1176
f 1971/1620/1145 1957/2620/2140 1978/1629/1154
f 1986/1641/1166 1961/2617/2137 2016/1649/1174
f 1995/2622/2142 2021/1660/1185 1994/2618/2138
f 1995/2622/2142 2024/1662/1187 2026/1663/1188
f 1997/2623/2143 2034/1674/1199 2029/1673/1198
f 1997/2623/2143 2031/1672/1197 1996/2624/2144
f 2000/2625/2145 2039/1684/1209 1999/2626/2146
f 2040/1687/1212 2042/1686/1211 2001/2627/2147
f 2000/2625/2145 2042/1686/1211 2037/1685/1210
f 1999/2626/2146 2032/1675/1200 1998/2628/2148
f 2003/2629/2149 2047/1696/1221 2002/2630/2150
f 2004/2631/2151 2048/1699/1224 2050/1698/1223
f 2003/2629/2149 2050/1698/1223 2045/1697/1222
f 2007/2632/2152 2056/1711/1236 2058/1710/1235
f 2009/2633/2153 2066/1723/1248 2061/1721/1246
f 2009/2633/2153 2063/1720/1245 2008/2634/2154
f 2006/2635/2155 2055/1708/1233 2005/2636/2156
f 2002/2630/2150 2040/1687/1212 2001/2627/2147
f 2012/2637/2157 2075/2638/2158 2011/2639/2159
f 2086/2640/2160 2141/1757/1282 2013/2641/2161
f 2143/2642/2162 2012/2637/2157 2013/2641/2161
f 2087/2643/2163 2147/1763/1288 2121/1752/1277
f 2130/1773/1298 2125/1761/1286 2089/2644/2164
f 2145/1764/1289 2088/2645/2165 2089/2644/2164
f 2131/1755/1280 2086/2640/2160 2087/2643/2163
f 2090/2646/2166 2150/1775/1300 2128/1774/1299
f 2093/2647/2167 2156/1783/1308 2092/2648/2168
f 2092/2648/2168 2148/1776/1301 2091/2649/2169
f 2095/2650/2170 2157/1786/1311 2094/2651/2171
f 2096/2652/2172 2168/1795/1320 2163/1794/1319
f 2096/2652/2172 2165/1793/1318 2095/2650/2170
f 2093/2647/2167 2159/1785/1310 2154/1784/1309
f 2090/2646/2166 2130/1773/1298 2089/2644/2164
f 2010/2653/2173 2064/1722/1247 2066/1723/1248
f 2099/2654/2174 2174/1803/1328 2098/2655/2175
f 2101/2656/2176 2175/1806/1331 2100/2657/2177
f 2099/2654/2174 2177/1805/1330 2172/1804/1329
f 2104/2658/2178 2184/1815/1340 2103/2659/2179
f 2105/2660/2180 2195/1828/1353 2190/1827/1352
f 2104/2658/2178 2190/1827/1352 2192/1826/1351
f 2101/2656/2176 2181/1814/1339 2183/1813/1338
f 2107/2661/2181 2199/1837/1362 2201/1836/1361
f 2110/2662/2182 2202/1839/1364 2109/2663/2183
f 2108/2664/2184 2204/1838/1363 2199/1837/1362
f 2111/2665/2185 2213/1848/1373 2208/1847/1372
f 2113/2666/2186 2217/1860/1385 2219/1859/1384
f 2113/2666/2186 2211/1849/1374 2112/2667/2187
f 2110/2662/2182 2208/1847/1372 2210/1846/1371
f 2107/2661/2181 2193/1829/1354 2106/2668/2188
f 2116/2669/2189 2220/1861/1386 2115/2670/2190
f 2117/2671/2191 2231/1872/1397 2226/1869/1394
f 2116/2669/2189 2226/1869/1394 2228/1870/1395
f 2119/2672/2192 2251/1889/1414 2250/2673/2193
f 2244/1890/1415 2238/1885/1410 2255/2674/2194
f 2238/1885/1410 2120/2675/2195 2255/2674/2194
f 2118/2676/2196 2254/1884/1409 2253/2677/2197
f 2256/2678/2198 2286/1902/1427 2288/1901/1426
f 2259/2679/2199 2289/1903/1428 2258/2680/2200
f 2258/2680/2200 2291/1904/1429 2257/2681/2201
f 2261/2682/2202 2300/1914/1439 2260/2683/2203
f 2262/2684/2204 2304/1921/1446 2306/1922/1447
f 2262/2684/2204 2298/1913/1438 2261/2682/2202
f 2259/2679/2199 2295/1911/1436 2297/1912/1437
f 2256/2678/2198 2242/1891/1416 2255/2674/2194
f 2114/2685/2205 2222/1862/1387 2217/1860/1385
f 2098/2655/2175 2166/1796/1321 2097/2686/2206
f 2144/1750/1275 2143/2642/2162 2013/2641/2161
f 2133/1749/1274 2144/1750/1275 2140/1759/1284
f 2141/1757/1282 2140/1759/1284 2013/2641/2161
f 2012/2637/2157 2143/2642/2162 2136/1748/1273
f 2076/1735/1260 2012/2637/2157 2136/1748/1273
f 2143/2642/2162 2137/1747/1272 2136/1748/1273
f 2006/2635/2155 2058/1710/1235 2053/1709/1234
f 2131/1755/1280 2134/1754/1279 2138/1758/1283
f 2121/1752/1277 2124/1751/1276 2131/1755/1280
f 2138/1758/1283 2086/2640/2160 2131/1755/1280
f 2087/2643/2163 2121/1752/1277 2131/1755/1280
f 2145/1764/1289 2147/1763/1288 2088/2645/2165
f 2254/1884/1409 2119/2672/2192 2250/2673/2193
f 2102/2687/2207 2186/1816/1341 2181/1814/1339
f 1996/2624/2144 2031/1672/1197 2024/1662/1187
f 2034/1674/1199 1998/2628/2148 2032/1675/1200
f 2136/1748/1273 2073/1736/1261 2076/1735/1260
f 2145/1764/1289 2125/1761/1286 2127/1760/1285
f 2231/1872/1397 2118/2676/2196 2253/2677/2197
f 2250/2673/2193 2240/1883/1408 2254/1884/1409
f 2125/1761/1286 2145/1764/1289 2089/2644/2164
f 2075/2638/2158 2064/1722/1247 2011/2639/2159
f 2140/1759/1284 2144/1750/1275 2013/2641/2161
f 2265/2688/2208 2307/1924/1449 2264/2689/2209
f 2267/2690/2210 2318/1937/1462 2266/2691/2211
f 2265/2688/2208 2313/1934/1459 2315/1935/1460
f 2270/2692/2212 2327/1947/1472 2269/2693/2213
f 2271/2694/2214 2331/1954/1479 2333/1955/1480
f 2271/2694/2214 2325/1946/1471 2270/2692/2212
f 2268/2695/2215 2316/1936/1461 2267/2690/2210
f 2273/2696/2216 2342/1968/1493 2334/1956/1481
f 2276/2697/2217 2345/1970/1495 2275/2698/2218
f 2274/2699/2219 2340/1967/1492 2342/1968/1493
f 2277/2700/2220 2349/1977/1502 2351/1978/1503
f 2279/2701/2221 2360/1988/1513 2352/1979/1504
f 2279/2701/2221 2354/1980/1505 2278/2702/2222
f 2276/2697/2217 2351/1978/1503 2343/1969/1494
f 2273/2696/2216 2336/1957/1482 2272/2703/2223
f 2268/2695/2215 2322/1944/1469 2324/1945/1470
f 2282/2704/2224 2369/1998/1523 2361/1989/1514
f 2282/2704/2224 2363/1990/1515 2281/2705/2225
f 2251/1889/1414 2120/2675/2195 2248/1888/1413
f 2248/1888/1413 2238/1885/1410 2241/1887/1412
f 2120/2675/2195 2238/1885/1410 2248/1888/1413
f 2283/2706/2226 2367/1997/1522 2369/1998/1523
f 2280/2707/2227 2358/1987/1512 2360/1988/1513
f 2409/2708/2228 2403/2010/1534 2402/2709/2229
f 2409/2708/2228 2402/2709/2229 2284/2710/2230
f 2409/2708/2228 2416/2711/2231 2410/2013/1537
f 2402/2709/2229 2395/2712/2232 2284/2710/2230
f 2389/2004/1529 2388/2713/2233 2395/2712/2232
f 2284/2710/2230 2395/2712/2232 2388/2713/2233
f 2396/2007/1532 2395/2712/2232 2402/2709/2229
f 2284/2710/2230 2388/2713/2233 2367/1997/1522
f 2409/2708/2228 2284/2710/2230 2416/2711/2231
f 2416/2711/2231 2284/2710/2230 2423/2714/2234
f 2264/2689/2209 2309/1923/1448 2263/2715/2235
f 1822/1446/971 1450/607/2236 1449/1449/974
f 1822/1446/971 1451/1445/970 1627/1474/999
f 1627/1474/999 1450/607/2236 1822/1446/971
f 1625/1476/1001 1626/2716/2237 1629/1475/1000
f 1456/2717/2238 1633/1487/1012 1630/1488/1013
f 1633/1487/1012 1454/2718/2239 1625/1476/1001
f 1629/1475/1000 1452/2719/2240 1627/1474/999
f 2002/2630/2150 2047/1696/1221 2040/1687/1212
f 1458/2720/2241 1637/1499/1024 1634/1500/1025
f 1639/2721/2242 1634/1500/1025 1641/1511/1036
f 1635/2722/2243 1630/1488/1013 1637/1499/1024
f 1645/1523/1048 1460/2723/2244 1638/1512/1037
f 1649/1535/1060 1462/2724/2245 1642/1524/1049
f 1642/1524/1049 1643/2725/2246 1645/1523/1048
f 1651/2726/2247 1646/1536/1061 1653/1547/1072
f 1655/2727/2248 1650/1548/1073 1657/1559/1084
f 1466/2728/2249 1653/1547/1072 1650/1548/1073
f 1464/2729/2250 1649/1535/1060 1646/1536/1061
f 1661/1571/1096 1468/2730/2251 1654/1560/1085
f 1665/1597/1122 1470/2731/2252 1658/1572/1097
f 1658/1572/1097 1659/2732/2253 1661/1571/1096
f 1669/1609/1134 1472/2733/2254 1662/1598/1123
f 1673/1621/1146 1474/2734/2255 1666/1610/1135
f 1666/1610/1135 1667/2735/2256 1669/1609/1134
f 1662/1598/1123 1663/2736/2257 1665/1597/1122
f 1654/1560/1085 1655/2727/2248 1657/1559/1084
f 1638/1512/1037 1639/2721/2242 1641/1511/1036
f 2063/1720/1245 2056/1711/1236 2008/2634/2154
f 2130/1773/1298 2077/1738/1263 2125/1761/1286
f 2091/2649/2169 2148/1776/1301 2150/1775/1300
f 2072/1734/1259 2064/1722/1247 2075/2638/2158
f 2157/1786/1311 2159/1785/1310 2094/2651/2171
f 2081/1770/1295 2987/1766/1291 1493/1728/1253
f 2152/1780/1305 1496/2737/2258 1495/1769/1294
f 1495/1769/1294 1496/2737/2258 2081/1770/1295
f 2166/1796/1321 2168/1795/1320 2097/2686/2206
f 2161/1790/1315 1498/2738/2259 1497/1779/1304
f 1499/1789/1314 1500/2739/2260 2161/1790/1315
f 1497/1779/1304 1498/2738/2259 2152/1780/1305
f 2055/1708/1233 2048/1699/1224 2005/2636/2156
f 2170/1800/1325 1500/2739/2260 1499/1789/1314
f 1452/2719/2240 1450/607/2236 1627/1474/999
f 1674/1634/1159 1675/2740/2261 1677/1633/1158
f 1677/1633/1158 1476/2741/2262 1670/1622/1147
f 1478/2742/2263 1681/1652/1177 1679/2743/2264
f 1671/2744/2265 1670/1622/1147 1476/2741/2262
f 1678/1653/1178 1679/2743/2264 1681/1652/1177
f 1482/2745/2266 1685/1664/1189 1682/1665/1190
f 1683/2746/2267 1678/1653/1178 1685/1664/1189
f 1686/1677/1202 1687/2747/2268 1689/1676/1201
f 1689/1676/1201 1482/2745/2266 1682/1665/1190
f 1693/1688/1213 1484/2748/2269 1686/1677/1202
f 1690/1689/1214 1691/2749/2270 1693/1688/1213
f 1697/1700/1225 1486/2750/2271 1690/1689/1214
f 1701/1712/1237 1488/2751/2272 1694/1701/1226
f 1694/1701/1226 1695/2752/2273 1697/1700/1225
f 1703/2753/2274 1698/1713/1238 1705/1724/1249
f 2988/1765/1290 1492/2754/2275 1702/1725/1250
f 1492/2754/2275 1705/1724/1249 1702/1725/1250
f 1698/1713/1238 1699/2755/2276 1701/1712/1237
f 2987/1766/1291 1494/2756/2277 2988/1765/1290
f 2988/1765/1290 1494/2756/2277 1492/2754/2275
f 2081/1770/1295 1496/2737/2258 2987/1766/1291
f 1498/2738/2259 1496/2737/2258 2152/1780/1305
f 1496/2737/2258 1494/2756/2277 2987/1766/1291
f 1498/2738/2259 2161/1790/1315 1500/2739/2260
f 1500/2739/2260 2170/1800/1325 2985/1817/1342
f 2100/2657/2177 2175/1806/1331 2177/1805/1330
f 2103/2659/2179 2184/1815/1340 2186/1816/1341
f 2106/2668/2188 2193/1829/1354 2195/1828/1353
f 2109/2663/2183 2202/1839/1364 2204/1838/1363
f 2112/2667/2187 2211/1849/1374 2213/1848/1373
f 2115/2670/2190 2220/1861/1386 2222/1862/1387
f 2253/2677/2197 2229/1871/1396 2231/1872/1397
f 2238/1885/1410 2244/1890/1415 2235/1880/1405
f 2257/2681/2201 2291/1904/1429 2286/1902/1427
f 2242/1891/1416 2244/1890/1415 2255/2674/2194
f 2260/2683/2203 2300/1914/1439 2295/1911/1436
f 2263/2715/2235 2309/1923/1448 2304/1921/1446
f 2266/2691/2211 2318/1937/1462 2313/1934/1459
f 2269/2693/2213 2327/1947/1472 2322/1944/1469
f 2272/2703/2223 2336/1957/1482 2331/1954/1479
f 2275/2698/2218 2345/1970/1495 2340/1967/1492
f 2278/2702/2222 2354/1980/1505 2349/1977/1502
f 2281/2705/2225 2363/1990/1515 2358/1987/1512
f 2188/1823/1348 2984/1819/1344 1503/1809/1334
f 1502/2757/2278 2985/1817/1342 2986/1818/1343
f 2197/1833/1358 1506/2758/2279 1505/1822/1347
f 1505/1822/1347 1506/2758/2279 2188/1823/1348
f 2197/1833/1358 1507/1832/1357 2982/1850/1375
f 1501/1799/1324 2985/1817/1342 2170/1800/1325
f 1511/1855/1380 1512/2759/2280 2215/1856/1381
f 2215/1856/1381 2981/1852/1377 1509/1842/1367
f 1513/1865/1390 2979/1892/1417 2224/1866/1391
f 2246/1898/1423 2978/1894/1419 1515/1875/1400
f 2224/1866/1391 1512/2759/2280 1511/1855/1380
f 1517/1897/1422 1518/2760/2281 2246/1898/1423
f 2984/1819/1344 2188/1823/1348 1506/2758/2279
f 2982/1850/1375 1506/2758/2279 2197/1833/1358
f 1510/2761/2282 1508/2762/2283 2983/1851/1376
f 1508/2762/2283 2982/1850/1375 2983/1851/1376
f 1504/2763/2284 2986/1818/1343 2984/1819/1344
f 2982/1850/1375 1508/2762/2283 1506/2758/2279
f 1506/2758/2279 1504/2763/2284 2984/1819/1344
f 1510/2761/2282 2983/1851/1376 2981/1852/1377
f 1512/2759/2280 1510/2761/2282 2981/1852/1377
f 1512/2759/2280 2981/1852/1377 2215/1856/1381
f 2980/1893/1418 1514/2764/2285 2979/1892/1417
f 2978/1894/1419 1516/2765/2286 2980/1893/1418
f 2979/1892/1417 1514/2764/2285 1512/2759/2280
f 2978/1894/1419 1518/2760/2281 1516/2765/2286
f 1516/2765/2286 1514/2764/2285 2980/1893/1418
f 1518/2760/2281 2978/1894/1419 2246/1898/1423
f 1512/2759/2280 2224/1866/1391 2979/1892/1417
f 1518/2760/2281 1517/1897/1422 2293/1908/1433
f 2985/1817/1342 1502/2757/2278 1500/2739/2260
f 2976/1925/1450 2293/1908/1433 1519/1907/1432
f 2975/1927/1452 1521/1917/1442 2311/1931/1456
f 1524/2766/2287 1523/1930/1455 2320/1941/1466
f 2973/1958/1483 2320/1941/1466 1525/1940/1465
f 1524/2766/2287 2311/1931/1456 1523/1930/1455
f 2388/2713/2233 2372/2001/1526 2367/1997/1522
f 1530/2767/2288 2338/1964/1489 1529/1963/1488
f 1532/2768/2289 2347/1974/1499 1531/1973/1498
f 1530/2767/2288 1529/1963/1488 2347/1974/1499
f 2972/1960/1485 1527/1950/1475 2338/1964/1489
f 1520/2769/2290 2976/1925/1450 2977/1926/1451
f 2975/1927/1452 2311/1931/1456 1524/2766/2287
f 1524/2766/2287 2320/1941/1466 2973/1958/1483
f 1522/2770/2291 2977/1926/1451 2975/1927/1452
f 2977/1926/1451 1522/2770/2291 1520/2769/2290
f 2973/1958/1483 1526/2771/2292 1524/2766/2287
f 1524/2766/2287 1522/2770/2291 2975/1927/1452
f 1526/2771/2292 2973/1958/1483 2974/1959/1484
f 2976/1925/1450 1520/2769/2290 1518/2760/2281
f 1533/1983/1508 1534/2772/2293 2356/1984/1509
f 2365/1994/1519 1534/2772/2293 1533/1983/1508
f 2974/1959/1484 2972/1960/1485 1528/2773/2294
f 1530/2767/2288 1528/2773/2294 2972/1960/1485
f 1530/2767/2288 2972/1960/1485 2338/1964/1489
f 1530/2767/2288 2347/1974/1499 1532/2768/2289
f 1532/2768/2289 2356/1984/1509 1534/2772/2293
f 1526/2771/2292 2974/1959/1484 1528/2773/2294
f 1532/2768/2289 1531/1973/1498 2356/1984/1509
f 1534/2772/2293 2365/1994/1519 1537/2774/2295
f 2293/1908/1433 2976/1925/1450 1518/2760/2281
f 2438/2025/1548 1535/2775/2296 2434/2776/2297
s 0
f 2285/2775/2296 2434/2776/2298 1535/2775/1
s 1
f 2434/2776/2297 2285/2775/2296 2435/2059/1582
f 2432/2060/1583 2435/2059/1582 2285/2775/2296
f 2438/2025/1548 2437/2777/2299 1535/2775/2296
f 2434/2776/2297 2427/2024/1547 2438/2025/1548
f 2425/2056/1579 2432/2060/1583 2285/2775/2296
f 2284/2710/2230 1535/2775/2296 2437/2777/2299
f 2285/2775/2296 2439/2778/2300 2418/2053/1576
f 2440/2779/2301 2376/2032/1555 2439/2778/2300
f 2439/2778/2300 2383/2038/1561 2390/2041/1564
f 2441/2780/2302 2467/2070/1593 2460/2061/1584
f 2441/2780/2302 2462/2062/1585 2440/2779/2301
f 2443/2781/2303 2465/2069/1592 2442/2782/2304
f 2444/2783/2305 2470/2072/1595 2443/2781/2303
f 2428/2058/1581 2432/2060/1583 2425/2056/1579
f 2431/2022/1545 2430/2023/1546 2437/2777/2299
f 2418/2053/1576 2421/2055/1578 2425/2056/1579
f 2416/2711/2231 2423/2714/2234 2417/2016/1540
f 2430/2023/1546 2424/2019/1542 2423/2714/2234
f 2425/2056/1579 2285/2775/2296 2418/2053/1576
f 2284/2710/2230 2430/2023/1546 2423/2714/2234
f 2418/2053/1576 2411/2050/1573 2414/2052/1575
f 2411/2050/1573 2404/2048/1571 2407/2047/1570
f 2418/2053/1576 2439/2778/2300 2411/2050/1573
f 2404/2048/1571 2397/2044/1567 2400/2046/1569
f 2397/2044/1567 2390/2041/1564 2393/2043/1566
f 2404/2048/1571 2439/2778/2300 2397/2044/1567
f 2411/2050/1573 2439/2778/2300 2404/2048/1571
f 2397/2044/1567 2439/2778/2300 2390/2041/1564
f 2444/2783/2305 2475/2083/1606 2468/2071/1594
f 2284/2710/2230 2437/2777/2299 2430/2023/1546
f 2446/2784/2306 2473/2082/1605 2445/2785/2307
f 2447/2786/2308 2483/2095/1618 2476/2084/1607
f 2447/2786/2308 2478/2085/1608 2446/2784/2306
f 2450/2787/2309 2486/2097/1620 2449/2788/2310
f 2452/2789/2311 2489/2106/1629 2451/2790/2312
f 2450/2787/2309 2491/2107/1630 2484/2096/1619
f 2449/2788/2310 2481/2094/1617 2448/2791/2313
f 2453/2792/2314 2499/2119/1642 2492/2108/1631
f 2455/2793/2315 2500/2120/1643 2502/2121/1644
f 2455/2793/2315 2497/2118/1641 2454/2794/2316
f 2458/2795/2317 2505/2130/1653 2457/2796/2318
f 2516/2797/2319 2515/2142/1665 2459/2798/2320
f 2458/2795/2317 2508/2132/1655 2510/2133/1656
f 2456/2799/2321 2507/2131/1654 2500/2120/1643
f 2453/2792/2314 2494/2109/1632 2452/2789/2311
f 2517/2800/2322 2532/2152/1675 2531/2801/2323
f 2519/2802/2324 2533/2153/1676 2535/2154/1677
f 2519/2802/2324 2529/2151/1674 2518/2803/2325
f 2522/2804/2326 2538/2163/1686 2521/2805/2327
f 2524/2806/2328 2548/2176/1699 2523/2807/2329
f 2522/2804/2326 2541/2165/1688 2543/2166/1689
f 2520/2808/2330 2540/2164/1687 2533/2153/1676
f 2526/2809/2331 2564/2188/1711 2525/2810/2332
f 2569/2811/2333 2558/2197/1720 2568/2812/2334
f 2568/2812/2334 2554/2184/1707 2526/2809/2331
f 2571/2813/2335 2607/2210/1733 2570/2814/2336
f 2572/2815/2337 2608/2212/1735 2610/2211/1734
f 2572/2815/2337 2605/2209/1732 2571/2813/2335
f 2569/2811/2333 2600/2199/1722 2602/2200/1723
f 2524/2806/2328 2567/2183/1706 2566/2182/1705
f 2516/2797/2319 2531/2801/2323 2513/2141/1664
f 2574/2816/2338 2615/2221/1744 2573/2817/2339
f 2390/2041/1564 2383/2038/1561 2386/2040/1563
f 2383/2038/1561 2379/2035/1558 2382/2037/1560
f 2383/2038/1561 2439/2778/2300 2379/2035/1558
f 2379/2035/1558 2376/2032/1555 2378/2034/1557
f 2376/2032/1555 2379/2035/1558 2439/2778/2300
f 2467/2070/1593 2442/2782/2304 2465/2069/1592
f 2475/2083/1606 2445/2785/2307 2473/2082/1605
f 2483/2095/1618 2448/2791/2313 2481/2094/1617
f 2491/2107/1630 2451/2790/2312 2489/2106/1629
f 2457/2796/2318 2505/2130/1653 2507/2131/1654
f 2454/2794/2316 2497/2118/1641 2499/2119/1642
f 2531/2801/2323 2512/2140/1663 2513/2141/1664
f 2532/2152/1675 2518/2803/2325 2529/2151/1674
f 2540/2164/1687 2521/2805/2327 2538/2163/1686
f 2564/2188/1711 2563/2818/2340 2525/2810/2332
f 2563/2818/2340 2556/2181/1704 2567/2183/1706
f 2561/2187/1710 2554/2184/1707 2557/2186/1709
f 2561/2187/1710 2526/2809/2331 2554/2184/1707
f 2548/2176/1699 2524/2806/2328 2566/2182/1705
f 2515/2142/1665 2508/2132/1655 2459/2798/2320
f 2548/2176/1699 2541/2165/1688 2523/2807/2329
f 2568/2812/2334 2560/2198/1721 2554/2184/1707
f 2560/2198/1721 2549/2178/1701 2554/2184/1707
f 2546/2175/1698 2548/2176/1699 2566/2182/1705
f 2607/2210/1733 2600/2199/1722 2570/2814/2336
f 2615/2221/1744 2608/2212/1735 2573/2817/2339
f 2568/2812/2334 2558/2197/1720 2560/2198/1721
f 2613/2222/1745 2575/2819/2341 2618/2223/1746
f 2563/2818/2340 2567/2183/1706 2525/2810/2332
f 2575/2819/2341 2616/2224/1747 2618/2223/1746
f 2578/2820/2342 2621/2234/1757 2577/2821/2343
f 2577/2821/2343 2623/2233/1756 2576/2822/2344
f 2580/2823/2345 2631/2245/1768 2579/2824/2346
f 2581/2825/2347 2632/2248/1771 2634/2247/1770
f 2581/2825/2347 2629/2246/1769 2580/2823/2345
f 2578/2820/2342 2624/2236/1759 2626/2235/1758
f 2583/2826/2348 2642/2259/1782 2637/2258/1781
f 2586/2827/2349 2647/2269/1792 2585/2828/2350
f 2584/2829/2351 2640/2260/1783 2642/2259/1782
f 2587/2830/2352 2648/2272/1795 2650/2271/1794
f 2589/2831/2353 2655/2281/1804 2588/2832/2354
f 2655/2281/1804 2648/2272/1795 2588/2832/2354
f 2586/2827/2349 2650/2271/1794 2645/2270/1793
f 2583/2826/2348 2639/2257/1780 2582/2833/2355
f 2590/2834/2356 2656/2284/1807 2658/2283/1806
f 2593/2835/2357 2664/2296/1819 2666/2295/1818
f 2592/2836/2358 2663/2293/1816 2591/2837/2359
f 2595/2838/2360 2674/2307/1830 2669/2306/1829
f 2598/2839/2361 2683/2840/2362 2597/2841/2363
f 2596/2842/2364 2672/2308/1831 2674/2307/1830
f 2595/2838/2360 2671/2305/1828 2594/2843/2365
f 2691/2326/1849 2599/2844/2366 2694/2845/2367
f 2695/2846/2368 2728/2335/1858 2694/2845/2367
f 2685/2323/1846 2691/2326/1849 2694/2845/2367
f 2697/2847/2369 2729/2338/1861 2696/2848/2370
f 2698/2849/2371 2740/2347/1870 2735/2346/1869
f 2698/2849/2371 2737/2345/1868 2697/2847/2369
f 2695/2846/2368 2731/2337/1860 2726/2336/1859
f 2599/2844/2366 2681/2321/1844 2598/2839/2361
f 2589/2831/2353 2658/2283/1806 2653/2282/1805
f 2701/2850/2372 2746/2355/1878 2700/2851/2373
f 2703/2852/2374 2747/2358/1881 2702/2853/2375
f 2701/2850/2372 2749/2357/1880 2744/2356/1879
f 2704/2854/2376 2758/2367/1890 2753/2366/1889
f 2707/2855/2377 2764/2375/1898 2706/2856/2378
f 2706/2856/2378 2756/2368/1891 2705/2857/2379
f 2704/2854/2376 2755/2365/1888 2703/2852/2374
f 2709/2858/2380 2771/2386/1909 2773/2385/1908
f 2712/2859/2381 2774/2388/1911 2711/2860/2382
f 2710/2861/2383 2776/2387/1910 2771/2386/1909
f 2713/2862/2384 2785/2397/1920 2780/2396/1919
f 2715/2863/2385 2789/2406/1929 2791/2405/1928
f 2715/2863/2385 2783/2398/1921 2714/2864/2386
f 2712/2859/2381 2780/2396/1919 2782/2395/1918
f 2709/2858/2380 2765/2377/1900 2708/2865/2387
f 2718/2866/2388 2792/2408/1931 2717/2867/2389
f 2720/2868/2390 2803/2421/1944 2719/2869/2391
f 2718/2866/2388 2798/2419/1942 2800/2418/1941
f 2721/2870/2392 2807/2428/1951 2809/2429/1952
f 2723/2871/2393 2835/2443/1966 2834/2872/2394
f 2722/2873/2395 2812/2431/1954 2807/2428/1951
f 2721/2870/2392 2801/2420/1943 2720/2868/2390
f 2829/2447/1970 2725/2874/2396 2836/2875/2397
f 2837/2876/2398 2825/2449/1972 2836/2875/2397
f 2825/2449/1972 2819/2445/1968 2836/2875/2397
f 2838/2877/2399 2869/2461/1984 2871/2460/1983
f 2841/2878/2400 2872/2462/1985 2840/2879/2401
f 2840/2879/2401 2874/2463/1986 2839/2880/2402
f 2838/2877/2399 2823/2450/1973 2837/2876/2398
f 2724/2881/2403 2832/2448/1971 2831/2882/2404
f 2716/2883/2405 2794/2407/1930 2789/2406/1929
f 2700/2851/2373 2738/2348/1871 2699/2884/2406
f 2616/2224/1747 2576/2822/2344 2623/2233/1756
f 2684/2320/1843 2598/2839/2361 2681/2321/1844
f 2672/2308/1831 2597/2841/2363 2683/2840/2362
f 2707/2855/2377 2767/2378/1901 2762/2376/1899
f 2834/2872/2394 2812/2431/1954 2723/2871/2393
f 2693/2325/1848 2599/2844/2366 2691/2326/1849
f 2592/2836/2358 2666/2295/1818 2661/2294/1817
f 2832/2448/1971 2725/2874/2396 2829/2447/1970
f 2724/2881/2403 2831/2882/2404 2835/2443/1966
f 2843/2885/2407 2883/2473/1996 2842/2886/2408
f 2829/2447/1970 2819/2445/1968 2822/2444/1967
f 2829/2447/1970 2836/2875/2397 2819/2445/1968
f 2844/2887/2409 2881/2472/1995 2843/2885/2407
f 2835/2443/1966 2831/2882/2404 2821/2442/1965
f 2841/2878/2400 2878/2470/1993 2880/2471/1994
f 2624/2236/1759 2579/2824/2346 2631/2245/1768
f 2640/2260/1783 2585/2828/2350 2647/2269/1792
f 2632/2248/1771 2582/2833/2355 2639/2257/1780
f 2846/2888/2410 2892/2483/2006 2845/2889/2411
f 2847/2890/2412 2896/2493/2016 2898/2494/2017
f 2847/2890/2412 2890/2482/2005 2846/2888/2410
f 2850/2891/2413 2899/2495/2018 2849/2892/2414
f 2852/2893/2415 2910/2505/2028 2851/2894/2416
f 2850/2891/2413 2905/2503/2026 2907/2504/2027
f 2849/2892/2414 2901/2496/2019 2848/2895/2417
f 2853/2896/96 2914/2513/2036 2916/2514/2037
f 2855/2897/2418 2925/2527/2050 2917/2515/2038
f 2855/2897/2418 2919/2516/2039 2854/2898/2419
f 2858/2899/2420 2928/2529/2052 2857/2900/2421
f 2859/2901/2422 2932/2536/2059 2934/2537/2060
f 2858/2899/2420 2934/2537/2060 2926/2528/2051
f 2856/2902/2423 2923/2526/2049 2925/2527/2050
f 2853/2896/96 2908/2506/2029 2852/2893/2415
f 2861/2903/2424 2942/2547/2070 2935/2538/2061
f 2864/2904/2425 2945/2549/2072 2863/2905/2426
f 2862/2906/2427 2940/2546/2069 2942/2547/2070
f 2864/2904/2425 2947/2557/2079 2943/2548/2071
f 2866/2907/2428 2949/2908/2429 2865/2909/2430
f 2953/2910/2431 2950/2563/2085 2866/2907/2428
f 2949/2908/2429 2866/2907/2428 2950/2563/2085
f 2949/2908/2429 2947/2557/2079 2865/2909/2430
f 2861/2903/2424 2937/2539/2062 2860/2911/2432
f 2867/2912/2433 2954/2569/2090 2953/2910/2431
f 2866/2907/2428 2867/2912/2433 2953/2910/2431
f 2867/2912/2433 2951/2568/2089 2954/2569/2090
f 1622/2913/2434 2957/2571/2092 2868/2914/2435
f 2868/2914/2435 2957/2571/2092 2951/2568/2089
f 2950/2563/2085 2953/2910/2431 1847/2562/2084
f 2844/2887/2409 2887/2480/2003 2889/2481/2004
f 2374/2029/1552 1537/2774/2295 1536/1993/1518
f 2374/2029/1552 1538/2028/1551 1708/2073/1596
f 1708/2073/1596 1537/2774/2295 2374/2029/1552
f 1541/2915/2436 1710/2074/1597 1706/2075/1598
f 1543/2916/2437 1714/2086/1609 1711/2087/1610
f 1712/2917/2438 1706/2075/1598 1714/2086/1609
f 1707/2918/2439 1708/2073/1596 1710/2074/1597
f 1715/2099/1622 1716/2919/2440 1718/2098/1621
f 1720/2920/2441 1715/2099/1622 1722/2110/1633
f 1718/2098/1621 1543/2916/2437 1711/2087/1610
f 1726/2122/1645 1547/2921/2442 1719/2111/1634
f 1730/2134/1657 1549/2922/2443 1723/2123/1646
f 1549/2922/2443 1726/2122/1645 1723/2123/1646
f 1734/2143/1666 1551/2923/2444 1727/2135/1658
f 1738/2155/1678 1553/2924/2445 1731/2144/1667
f 1731/2144/1667 1732/2925/2446 1734/2143/1666
f 1551/2923/2444 1730/2134/1657 1727/2135/1658
f 1742/2167/1690 1555/2926/2447 1735/2156/1679
f 1746/2189/1712 1557/2927/2448 1739/2168/1691
f 1739/2168/1691 1740/2928/2449 1742/2167/1690
f 1748/2929/2450 1743/2190/1713 1750/2201/1724
f 1752/2930/2451 1747/2202/1725 1754/2213/1736
f 1561/2931/2452 1750/2201/1724 1747/2202/1725
f 1743/2190/1713 1744/2932/2453 1746/2189/1712
f 1555/2926/2447 1738/2155/1678 1735/2156/1679
f 1547/2921/2442 1722/2110/1633 1719/2111/1634
f 2591/2837/2359 2663/2293/1816 2656/2284/1807
f 2594/2843/2365 2671/2305/1828 2664/2296/1819
f 2683/2840/2362 2680/2319/1842 2672/2308/1831
f 2691/2326/1849 2685/2323/1846 2687/2322/1845
f 2696/2848/2370 2729/2338/1861 2731/2337/1860
f 2728/2335/1858 2685/2323/1846 2694/2845/2367
f 2699/2884/2406 2738/2348/1871 2740/2347/1870
f 1582/2331/1854 1583/2933/2454 2689/2332/1855
f 2689/2332/1855 2970/2328/1851 1580/2313/1836
f 2702/2853/2375 2747/2358/1881 2749/2357/1880
f 1584/2341/1864 1585/2934/2455 2733/2342/1865
f 2751/2362/1885 1587/2935/2456 1586/2351/1874
f 2742/2352/1875 1585/2934/2455 1584/2341/1864
f 2733/2342/1865 1583/2933/2454 1582/2331/1854
f 1586/2351/1874 1587/2935/2456 2742/2352/1875
f 1539/2936/2457 1537/2774/2295 1708/2073/1596
f 1755/2226/1749 1756/2937/2458 1758/2225/1748
f 1758/2225/1748 1563/2938/2459 1751/2214/1737
f 1565/2939/2460 1762/2237/1760 1760/2940/2461
f 1752/2930/2451 1751/2214/1737 1563/2938/2459
f 1759/2238/1761 1760/2940/2461 1762/2237/1760
f 1763/2250/1773 1764/2941/2462 1766/2249/1772
f 1766/2249/1772 1567/2942/2463 1759/2238/1761
f 1767/2262/1785 1768/2943/2464 1770/2261/1784
f 1770/2261/1784 1569/2944/2465 1763/2250/1773
f 1774/2273/1796 1571/2945/2466 1767/2262/1785
f 1771/2274/1797 1772/2946/2467 1774/2273/1796
f 1778/2285/1808 1573/2947/2468 1771/2274/1797
f 1782/2297/1820 1575/2948/2469 1775/2286/1809
f 1775/2286/1809 1776/2949/2470 1778/2285/1808
f 1786/2309/1832 1577/2950/2471 1779/2298/1821
f 2971/2327/1850 1579/2951/2472 1783/2310/1833
f 1783/2310/1833 1784/2952/2473 1786/2309/1832
f 1779/2298/1821 1780/2953/2474 1782/2297/1820
f 2970/2328/1851 1581/2954/2475 2971/2327/1850
f 2971/2327/1850 1581/2954/2475 1579/2951/2472
f 2689/2332/1855 1583/2933/2454 2970/2328/1851
f 1585/2934/2455 1583/2933/2454 2733/2342/1865
f 1583/2933/2454 1581/2954/2475 2970/2328/1851
f 1585/2934/2455 2742/2352/1875 1587/2935/2456
f 1536/1993/1518 1537/2774/2295 2365/1994/1519
f 2756/2368/1891 2758/2367/1890 2705/2857/2379
f 2765/2377/1900 2767/2378/1901 2708/2865/2387
f 2774/2388/1911 2776/2387/1910 2711/2860/2382
f 2783/2398/1921 2785/2397/1920 2714/2864/2386
f 2792/2408/1931 2794/2407/1930 2717/2867/2389
f 2719/2869/2391 2803/2421/1944 2798/2419/1942
f 2810/2430/1953 2812/2431/1954 2834/2872/2394
f 2825/2449/1972 2816/2439/1962 2819/2445/1968
f 2883/2473/1996 2878/2470/1993 2842/2886/2408
f 2901/2496/2019 2896/2493/2016 2848/2895/2417
f 2892/2483/2006 2887/2480/2003 2845/2889/2411
f 2919/2516/2039 2914/2513/2036 2854/2898/2419
f 2863/2905/2426 2945/2549/2072 2940/2546/2069
f 2937/2539/2062 2932/2536/2059 2860/2911/2432
f 2928/2529/2052 2923/2526/2049 2857/2900/2421
f 2910/2505/2028 2905/2503/2026 2851/2894/2416
f 2874/2463/1986 2869/2461/1984 2839/2880/2402
f 1589/2955/2476 2751/2362/1885 1588/2361/1884
f 1591/2956/2477 2760/2372/1895 1590/2371/1894
f 1589/2955/2476 1588/2361/1884 2760/2372/1895
f 1593/2957/2478 2769/2382/1905 1592/2381/1904
f 2968/2409/1932 2778/2392/1915 1594/2391/1914
f 1593/2957/2478 1592/2381/1904 2778/2392/1915
f 1591/2956/2477 1590/2371/1894 2769/2382/1905
f 2967/2411/1934 1596/2401/1924 2796/2415/1938
f 1599/2958/2479 1598/2414/1937 2805/2425/1948
f 1599/2958/2479 2796/2415/1938 1598/2414/1937
f 1605/2959/2480 2827/2457/1980 1604/2456/1979
f 2964/2453/1976 1602/2434/1957 2827/2457/1980
f 2965/2451/1974 2805/2425/1948 1600/2424/1947
f 1591/2956/2477 1589/2955/2476 2760/2372/1895
f 1593/2957/2478 2778/2392/1915 2968/2409/1932
f 2969/2410/1933 1595/2960/2481 2968/2409/1932
f 2967/2411/1934 1597/2961/2482 2969/2410/1933
f 1593/2957/2478 1591/2956/2477 2769/2382/1905
f 2969/2410/1933 1597/2961/2482 1595/2960/2481
f 1595/2960/2481 1593/2957/2478 2968/2409/1932
f 1597/2961/2482 2967/2411/1934 1599/2958/2479
f 1601/2962/2483 2965/2451/1974 2966/2452/1975
f 2964/2453/1976 2827/2457/1980 1605/2959/2480
f 1599/2958/2479 2805/2425/1948 2965/2451/1974
f 1603/2963/2484 2966/2452/1975 2964/2453/1976
f 2965/2451/1974 1601/2962/2483 1599/2958/2479
f 2964/2453/1976 1605/2959/2480 1603/2963/2484
f 1603/2963/2484 1601/2962/2483 2966/2452/1975
f 1605/2959/2480 2876/2467/1990 2962/2484/2007
f 2796/2415/1938 1599/2958/2479 2967/2411/1934
f 2876/2467/1990 1605/2959/2480 1604/2456/1979
f 1587/2935/2456 2751/2362/1885 1589/2955/2476
f 1611/2964/2485 2894/2490/2013 1610/2489/2012
f 2961/2486/2009 1608/2476/1999 2894/2490/2013
f 2959/2517/2040 2903/2500/2023 1612/2499/2022
f 2958/2519/2042 1614/2509/2032 2921/2523/2046
f 1611/2964/2485 1610/2489/2012 2903/2500/2023
f 2949/2908/2429 1839/2556/2078 2947/2557/2079
f 1619/2965/2486 2930/2533/2056 1618/2532/2055
f 1621/2966/2487 2938/2543/2066 1620/2542/2065
f 1619/2965/2486 1618/2532/2055 2938/2543/2066
f 1617/2967/2488 1616/2522/2045 2930/2533/2056
f 1617/2967/2488 2921/2523/2046 1616/2522/2045
f 1607/2968/2489 2962/2484/2007 2963/2485/2008
f 2961/2486/2009 2894/2490/2013 1611/2964/2485
f 1611/2964/2485 2903/2500/2023 2959/2517/2040
f 1609/2969/2490 2963/2485/2008 2961/2486/2009
f 2963/2485/2008 1609/2969/2490 1607/2968/2489
f 2959/2517/2040 1613/2970/2491 1611/2964/2485
f 1611/2964/2485 1609/2969/2490 2961/2486/2009
f 1613/2970/2491 2959/2517/2040 2960/2518/2041
f 1605/2959/2480 2962/2484/2007 1607/2968/2489
f 1615/2971/2492 2960/2518/2041 2958/2519/2042
f 2930/2533/2056 1619/2965/2486 1617/2967/2488
f 1623/2552/2074 1624/2972/2493 1830/2553/2075
f 2958/2519/2042 1617/2967/2488 1615/2971/2492
f 1621/2966/2487 1619/2965/2486 2938/2543/2066
f 1621/2966/2487 1830/2553/2075 1624/2972/2493
f 1617/2967/2488 2958/2519/2042 2921/2523/2046
f 1613/2970/2491 2960/2518/2041 1615/2971/2492
f 2876/2467/1990 1606/2466/1989 2962/2484/2007
f 242/1/1 243/123/1 241/2/1
f 3/7/1 2/3/1 8/6/1
f 4/9/1 3/7/1 9/8/1
f 5/11/2 4/9/1 10/10/1
f 198/13/1 200/17/1 197/14/1
f 6/16/1 196/118/1 200/17/1
f 200/17/1 199/131/1 13/18/1
f 8/6/1 7/5/1 15/19/1
f 9/8/1 8/6/1 16/20/1
f 10/10/1 9/8/1 17/21/1
f 11/12/1 10/10/1 18/22/1
f 236/27/1 240/31/1 237/28/1
f 238/30/1 12/25/1 239/24/1
f 240/31/1 239/24/1 20/26/1
f 202/32/1 203/133/1 201/33/1
f 15/19/1 14/15/1 23/35/1
f 16/20/1 15/19/1 24/36/1
f 17/21/1 16/20/1 25/37/1
f 18/22/1 17/21/1 26/38/1
f 19/23/1 18/22/1 27/39/1
f 20/26/1 19/23/1 28/40/1
f 235/44/1 234/42/1 30/43/1
f 205/46/1 206/49/1 204/47/1
f 22/34/1 201/33/1 206/49/1
f 24/36/1 23/35/1 32/50/1
f 25/37/1 24/36/1 33/51/1
f 26/38/1 25/37/1 34/52/1
f 27/39/1 26/38/1 35/53/1
f 28/40/1 27/39/1 36/54/1
f 29/41/1 28/40/1 37/55/1
f 231/45/1 30/43/1 232/57/1
f 233/59/1 232/57/1 39/58/1
f 208/61/1 209/64/1 207/62/1
f 31/48/1 204/47/1 209/64/1
f 33/51/1 32/50/1 41/65/1
f 34/52/1 33/51/1 42/66/1
f 35/53/1 34/52/1 43/67/1
f 36/54/1 35/53/1 44/68/1
f 37/55/1 36/54/1 45/69/1
f 38/56/1 37/55/1 46/70/1
f 228/60/1 39/58/1 229/72/1
f 230/74/1 229/72/1 48/73/1
f 40/63/1 207/62/1 211/76/1
f 42/66/1 41/65/1 50/80/1
f 43/67/1 42/66/1 51/81/1
f 44/68/1 43/67/1 52/82/1
f 45/69/1 44/68/1 53/83/1
f 46/70/1 45/69/1 54/84/1
f 47/71/1 46/70/1 55/85/1
f 225/75/1 48/73/1 226/89/1
f 214/91/1 216/94/1 213/92/1
f 50/80/1 215/79/1 216/94/1
f 215/79/1 49/78/1 212/95/1
f 52/82/1 51/81/1 59/96/1
f 53/83/1 52/82/1 60/97/1
f 54/84/1 53/83/1 61/98/1
f 55/85/1 54/84/1 62/99/1
f 57/88/1 222/87/1 224/103/1
f 222/87/1 56/86/1 223/101/1
f 224/103/1 223/101/1 64/102/1
f 60/97/1 59/96/1 65/106/1
f 61/98/1 60/97/1 66/107/1
f 62/99/1 61/98/1 67/108/1
f 217/110/1 68/109/1 218/112/1
f 318/244/7 319/248/7 316/245/7
f 314/249/7 317/252/7 315/250/7
f 245/246/7 316/245/7 317/252/7
f 246/251/7 315/250/7 415/253/7
f 428/256/7 431/259/7 429/257/7
f 431/259/7 320/334/7 244/247/7
f 248/260/7 430/337/7 431/259/7
f 343/265/8 346/269/8 342/266/7
f 345/263/8 247/254/8 344/268/8
f 252/264/8 345/263/8 346/269/8
f 365/270/7 434/273/7 433/271/7
f 434/273/7 432/345/7 248/260/7
f 255/274/7 249/258/7 250/261/7
f 256/275/7 250/261/7 251/262/7
f 257/276/7 251/262/7 252/264/8
f 340/278/7 253/267/7 339/280/7
f 259/279/7 340/278/7 341/281/7
f 363/283/7 366/286/7 364/284/7
f 366/286/7 365/270/7 254/272/7
f 261/287/7 255/274/7 256/275/7
f 262/288/7 256/275/7 257/276/7
f 263/289/7 257/276/7 258/277/7
f 337/291/7 259/279/7 336/282/7
f 265/292/7 337/291/7 338/293/7
f 367/295/7 369/298/7 368/296/7
f 369/298/7 363/283/7 260/285/7
f 267/300/7 261/287/7 262/288/7
f 268/301/7 262/288/7 263/289/7
f 269/302/7 263/289/7 264/290/7
f 356/305/7 265/292/7 335/294/7
f 271/306/7 356/305/7 357/307/7
f 380/309/7 383/312/7 381/310/7
f 383/312/7 382/299/7 267/300/7
f 379/313/7 266/297/7 382/299/7
f 300/321/8 298/304/8 271/306/7
f 299/319/8 270/303/8 298/304/8
f 275/320/8 299/319/8 300/321/8
f 397/324/7 396/314/7 273/315/7
f 293/326/7 291/316/7 274/317/7
f 292/325/7 273/315/7 291/316/7
f 290/327/7 274/317/7 294/318/7
f 437/435/11 498/495/71 499/436/12
f 495/438/14 497/441/17 493/439/15
f 495/438/14 437/435/11 496/437/13
f 492/442/18 494/445/21 490/443/19
f 492/442/18 438/440/16 493/439/15
f 439/444/20 490/443/19 491/446/22
f 445/451/27 441/448/24 442/449/25
f 446/452/28 442/449/25 443/450/26
f 450/454/30 449/457/33 445/451/27
f 450/454/30 446/452/28 447/453/29
f 454/456/32 453/507/83 449/457/33
f 454/456/32 450/454/30 451/455/31
f 457/459/35 453/507/83 454/456/32
f 459/461/37 458/460/36 454/456/32
f 461/462/38 457/459/35 458/460/36
f 463/464/40 462/463/39 458/460/36
f 466/465/41 465/523/97 461/462/38
f 467/466/42 466/465/41 462/463/39
f 469/467/43 465/523/97 466/465/41
f 471/469/45 470/468/44 466/465/41
f 474/470/46 473/473/49 469/467/43
f 475/471/47 474/470/46 470/468/44
f 478/472/48 477/477/53 473/473/49
f 479/474/50 478/472/48 474/470/46
f 503/481/57 505/485/61 504/482/58
f 547/483/59 549/537/111 548/484/60
f 506/486/62 508/487/63 507/475/51
f 503/481/57 481/478/54 507/475/51
f 511/488/64 510/479/55 483/480/56
f 511/488/64 506/486/62 482/476/52
f 513/490/66 509/489/65 483/480/56
f 445/451/27 520/504/80 519/500/76
f 461/462/38 530/532/106 529/511/87
f 494/445/21 493/439/15 487/512/88
f 448/517/92 447/453/29 443/450/26
f 447/453/29 448/517/92 452/518/93
f 455/458/34 456/520/94 460/519/7
f 460/519/7 464/542/116 463/464/40
f 451/455/31 452/518/93 456/520/94
f 534/525/99 533/524/98 465/523/97
f 544/536/110 548/484/60 549/537/111
f 467/466/42 463/464/40 464/542/116
f 471/469/45 467/466/42 468/543/117
f 476/545/118 480/548/90 479/474/50
f 471/469/45 472/544/7 476/545/118
f 552/550/121 628/608/179 629/551/122
f 553/553/124 625/556/127 627/554/125
f 552/550/121 626/552/123 627/554/125
f 554/557/128 622/560/131 624/558/129
f 553/553/124 623/555/126 624/558/129
f 554/557/128 620/559/130 621/561/132
f 560/566/137 556/563/134 557/564/135
f 561/567/138 557/564/135 558/565/136
f 564/569/140 560/566/137 561/567/138
f 565/570/141 561/567/138 562/568/139
f 568/572/143 564/569/140 565/570/141
f 569/573/144 565/570/141 566/571/142
f 572/575/146 568/572/143 569/573/144
f 573/576/147 569/573/144 570/574/145
f 576/578/149 572/575/146 573/576/147
f 577/579/150 573/576/147 574/577/148
f 580/581/152 576/578/149 577/579/150
f 581/582/153 577/579/150 578/580/151
f 584/584/155 580/581/152 581/582/153
f 585/585/156 581/582/153 582/583/154
f 588/587/158 584/584/155 585/585/156
f 589/588/159 585/585/156 586/586/157
f 592/590/161 588/587/158 589/588/159
f 594/592/163 593/591/162 589/588/159
f 607/598/169 606/642/210 596/595/166
f 610/600/171 609/593/164 597/594/165
f 610/600/171 605/599/170 596/595/166
f 613/602/173 612/596/167 598/597/168
f 608/601/172 597/594/165 612/596/167
f 611/603/174 598/597/168 614/604/175
f 637/616/187 636/615/186 560/566/137
f 624/558/129 623/555/126 617/624/195
f 559/628/197 563/2973/2494 562/568/139
f 562/568/139 563/2973/2494 567/629/7
f 566/571/142 567/629/7 571/630/198
f 570/574/145 571/630/198 575/631/199
f 575/631/199 579/651/10 578/580/151
f 576/578/149 645/633/201 644/623/194
f 652/638/206 651/640/208 584/584/155
f 592/590/161 655/646/214 654/641/209
f 659/647/215 658/645/213 606/642/210
f 582/583/154 578/580/151 579/651/10
f 582/583/154 583/652/219 587/653/220
f 586/586/157 587/653/220 591/654/198
f 594/592/163 590/589/160 591/654/198
f 603/656/221 608/601/172 613/602/173
f 663/660/223 739/742/304 740/661/224
f 664/663/226 736/666/229 738/664/227
f 663/660/223 737/662/225 738/664/227
f 733/667/230 735/670/233 731/668/231
f 733/667/230 664/663/226 734/665/228
f 665/669/232 731/668/231 732/671/234
f 671/676/239 667/673/236 668/674/237
f 672/677/240 668/674/237 669/675/238
f 676/679/242 675/682/245 671/676/239
f 677/680/243 676/679/242 672/677/240
f 680/681/244 679/685/248 675/682/245
f 680/681/244 676/679/242 677/680/243
f 684/684/247 683/757/319 679/685/248
f 685/686/249 684/684/247 680/681/244
f 687/687/250 683/757/319 684/684/247
f 689/689/252 688/688/251 684/684/247
f 692/690/253 691/693/256 687/687/250
f 693/691/254 692/690/253 688/688/251
f 696/692/255 695/696/259 691/693/256
f 697/694/257 696/692/255 692/690/253
f 700/695/258 699/699/262 695/696/259
f 701/697/260 700/695/258 696/692/255
f 704/698/261 703/703/266 699/699/262
f 705/700/263 704/698/261 700/695/258
f 716/707/270 718/711/274 717/708/271
f 772/709/272 774/714/277 773/710/273
f 775/712/275 777/716/279 776/713/276
f 780/715/278 779/788/344 777/716/279
f 783/718/281 782/785/341 780/715/278
f 784/720/283 786/723/286 785/721/284
f 789/722/285 788/786/342 786/723/286
f 792/725/288 791/787/343 789/722/285
f 795/727/290 794/790/348 792/725/288
f 796/729/292 798/733/2495 797/730/293
s 0
f 799/731/352 801/791/345 800/732/2496
s 1
f 719/734/296 721/735/297 720/701/264
f 721/735/297 716/707/270 707/704/267
f 722/736/298 724/737/299 723/705/268
f 719/734/296 708/702/265 723/705/268
f 726/738/300 722/736/298 709/706/269
f 735/670/233 734/665/228 728/765/327
f 673/678/241 669/675/238 670/769/94
f 674/770/330 678/2974/2497 677/680/243
f 685/686/249 681/683/246 682/771/9
f 677/680/243 678/2974/2497 682/771/9
f 689/689/252 685/686/249 686/772/7
f 697/694/257 693/691/254 694/774/7
f 698/775/331 702/794/356 701/697/260
f 693/691/254 689/689/252 690/773/94
f 705/700/263 701/697/260 702/794/356
f 706/795/357 710/796/358 725/739/301
f 804/800/361 849/847/408 850/801/362
f 805/803/364 846/806/367 848/804/365
f 846/806/367 804/800/361 847/802/363
f 843/807/368 845/810/371 841/808/369
f 843/807/368 805/803/364 844/805/366
f 840/811/372 806/809/370 841/808/369
f 812/816/377 808/813/374 809/814/375
f 814/818/379 813/817/378 809/814/375
f 817/819/380 816/822/383 812/816/377
f 818/820/381 817/819/380 813/817/378
f 821/821/382 820/825/386 816/822/383
f 822/823/384 821/821/382 817/819/380
f 825/824/385 824/828/389 820/825/386
f 826/826/387 825/824/385 821/821/382
f 829/827/388 828/832/393 824/828/389
f 829/827/388 825/824/385 826/826/387
f 854/836/397 856/873/432 855/837/398
f 857/838/399 859/839/400 858/830/391
f 859/839/400 854/836/397 832/833/394
f 862/840/401 861/834/395 834/835/396
f 862/840/401 857/838/399 833/831/392
f 864/842/403 860/841/402 834/835/396
f 866/846/407 865/844/405 850/801/362
f 816/822/383 873/864/423 872/854/415
f 842/812/373 841/808/369 837/856/417
f 810/815/376 811/861/420 815/859/419
f 818/820/381 814/818/379 815/859/419
f 823/862/421 822/823/384 818/820/381
f 875/865/424 874/863/422 816/822/383
f 828/832/393 880/877/436 879/869/428
f 883/872/431 855/837/398 856/873/432
f 822/823/384 823/862/421 827/878/437
f 826/826/387 827/878/437 831/879/438
f 853/882/441 860/841/402 864/842/403
f 887/883/442 930/919/478 931/884/443
f 927/886/445 929/889/448 925/887/446
f 887/883/442 928/885/444 929/889/448
f 924/890/449 926/893/452 922/891/450
f 924/890/449 888/888/447 925/887/446
f 889/892/451 922/891/450 923/894/453
f 895/899/458 891/896/455 892/897/456
f 897/901/460 896/900/459 892/897/456
f 909/907/466 908/932/489 899/904/463
f 912/909/468 911/902/461 900/903/462
f 907/908/467 899/904/463 911/902/461
f 913/911/470 915/912/471 914/905/464
f 915/912/471 910/910/469 900/903/462
f 913/911/470 901/906/465 916/913/472
f 931/884/443 930/919/478 933/917/476
f 923/894/453 922/891/450 918/924/483
f 898/928/485 897/901/460 893/898/457
f 916/913/472 901/906/465 897/901/460
f 903/938/495 917/914/473 916/913/472
f 991/941/498 992/985/542 989/942/499
f 988/944/501 990/947/504 986/945/502
f 988/944/501 945/943/500 989/942/499
f 985/948/505 987/951/508 983/949/506
f 946/946/503 986/945/502 987/951/508
f 982/952/509 947/950/507 983/949/506
f 953/957/514 949/954/511 950/955/512
f 954/958/515 950/955/512 951/956/513
f 957/960/517 953/957/514 954/958/515
f 958/961/518 954/958/515 955/959/516
f 961/963/520 957/960/517 958/961/518
f 963/965/522 962/964/521 958/961/518
f 965/966/523 961/963/520 962/964/521
f 967/968/525 966/967/524 962/964/521
f 969/969/526 965/966/523 966/967/524
f 971/971/528 970/970/527 966/967/524
f 998/977/534 997/1013/568 973/974/531
f 1001/979/536 1000/972/529 974/973/530
f 996/978/535 973/974/531 1000/972/529
f 1004/981/538 1003/975/532 975/976/533
f 999/980/537 974/973/530 1003/975/532
f 1002/982/539 975/976/533 1005/983/540
f 1008/988/545 992/985/542 991/941/498
f 984/953/510 983/949/506 979/999/556
f 955/959/516 951/956/513 952/1002/558
f 955/959/516 956/1003/559 960/1004/8
f 964/1005/560 963/965/522 959/962/519
f 1022/1010/565 1021/1012/567 965/966/523
f 997/1013/568 998/977/534 1026/1015/570
f 963/965/522 964/1005/560 968/1020/575
f 971/971/528 967/968/525 968/1020/575
f 995/1024/577 1002/982/539 1006/984/541
f 1092/1026/579 1093/1031/584 1090/1027/580
f 1142/1029/582 1144/1032/585 1143/1030/583
f 1144/1032/585 1145/1096/649 1147/1033/586
f 1148/1035/588 1150/1091/644 1149/1036/589
f 1031/1037/590 1089/1040/593 1091/1038/591
f 1030/1028/581 1090/1027/580 1091/1038/591
f 1032/1041/594 1086/1044/597 1088/1042/595
f 1031/1037/590 1087/1039/592 1088/1042/595
f 1032/1041/594 1084/1043/596 1085/1045/598
f 1038/1050/603 1034/1047/600 1035/1048/601
f 1039/1051/604 1035/1048/601 1036/1049/602
f 1042/1053/606 1038/1050/603 1039/1051/604
f 1043/1054/607 1039/1051/604 1040/1052/605
f 1047/1056/609 1046/1109/662 1042/1053/606
f 1047/1056/609 1043/1054/607 1044/1055/608
f 1050/1058/611 1046/1109/662 1047/1056/609
f 1052/1060/613 1051/1059/612 1047/1056/609
f 1054/1061/614 1050/1058/611 1051/1059/612
f 1055/1062/615 1051/1059/612 1052/1060/613
f 1058/1064/617 1054/1061/614 1055/1062/615
f 1059/1065/618 1055/1062/615 1056/1063/616
f 1062/1067/620 1058/1064/617 1059/1065/618
f 1063/1068/621 1059/1065/618 1060/1066/619
f 1067/1070/623 1066/1131/681 1062/1067/620
f 1067/1070/623 1063/1068/621 1064/1069/622
f 1070/1072/625 1066/1131/681 1067/1070/623
f 1072/1074/627 1071/1073/626 1067/1070/623
f 1097/1080/633 1099/1083/636 1098/1081/634
f 1153/1082/635 1152/1140/690 1099/1083/636
f 1100/1085/638 1102/1086/639 1101/1075/628
f 1097/1080/633 1074/1077/630 1101/1075/628
f 1105/1087/640 1104/1078/631 1076/1079/632
f 1105/1087/640 1100/1085/638 1075/1076/629
f 1103/1088/641 1076/1079/632 1106/1089/642
f 1150/1091/644 1148/1035/588 1109/1094/647
f 1091/1038/591 1090/1027/580 1082/1097/650
f 1085/1045/598 1084/1043/596 1080/1113/666
f 1040/1052/605 1041/1117/94 1045/1116/7
f 1036/1049/602 1037/1118/668 1041/1117/94
f 1044/1055/608 1045/1116/7 1049/1119/669
f 1053/1120/670 1052/1060/613 1048/1057/610
f 1140/1138/688 1152/1140/690 1153/1082/635
f 1052/1060/613 1053/1120/670 1057/1143/7
f 1056/1063/616 1057/1143/7 1061/1144/7
f 1060/1066/619 1061/1144/7 1065/1145/7
f 1073/1146/693 1072/1074/627 1068/1071/624
f 1064/1069/622 1065/1145/7 1069/1147/694
f 1106/1089/642 1076/1079/632 1072/1074/627
f 1200/1152/697 1201/1187/732 1198/1153/698
f 1157/1155/700 1197/1158/703 1199/1156/701
f 1197/1158/703 1156/1154/699 1198/1153/698
f 1158/1159/704 1194/1162/707 1196/1160/705
f 1157/1155/700 1195/1157/702 1196/1160/705
f 1191/1163/708 1158/1159/704 1192/1161/706
f 1165/1168/713 1164/1172/717 1160/1165/710
f 1165/1168/713 1161/1166/711 1162/1167/712
f 1177/1176/721 1179/1179/724 1178/1177/722
f 1214/1178/723 1213/1204/747 1179/1179/724
f 1180/1181/726 1182/1182/727 1181/1170/715
f 1182/1182/727 1177/1176/721 1168/1173/718
f 1183/1183/728 1185/1184/729 1184/1174/719
f 1180/1181/726 1169/1171/716 1184/1174/719
f 1187/1185/730 1183/1183/728 1170/1175/720
f 1206/1194/739 1205/1193/738 1160/1165/710
f 1193/1164/709 1192/1161/706 1188/1197/742
f 1167/1201/744 1166/1169/714 1162/1167/712
f 1167/1201/744 1171/1209/752 1186/1186/731
f 1279/1213/755 1280/1270/812 1277/1214/756
f 1276/1216/758 1278/1219/761 1274/1217/759
f 1217/1215/757 1277/1214/756 1278/1219/761
f 1219/1220/762 1273/1223/765 1275/1221/763
f 1218/1218/760 1274/1217/759 1275/1221/763
f 1219/1220/762 1271/1222/764 1272/1224/766
f 1225/1229/771 1221/1226/768 1222/1227/769
f 1226/1230/772 1222/1227/769 1223/1228/770
f 1229/1232/774 1225/1229/771 1226/1230/772
f 1230/1233/775 1226/1230/772 1227/1231/773
f 1233/1235/777 1229/1232/774 1230/1233/775
f 1234/1236/778 1230/1233/775 1231/1234/776
f 1237/1238/780 1233/1235/777 1234/1236/778
f 1238/1239/781 1234/1236/778 1235/1237/779
f 1241/1241/783 1237/1238/780 1238/1239/781
f 1242/1242/784 1238/1239/781 1239/1240/782
f 1245/1244/786 1241/1241/783 1242/1242/784
f 1246/1245/787 1242/1242/784 1243/1243/785
f 1249/1247/789 1245/1244/786 1246/1245/787
f 1250/1248/790 1246/1245/787 1247/1246/788
f 1254/1250/792 1253/1306/842 1249/1247/789
f 1254/1250/792 1250/1248/790 1251/1249/791
f 1257/1252/794 1253/1306/842 1254/1250/792
f 1259/1254/796 1258/1253/795 1254/1250/792
f 1286/1260/802 1285/1310/846 1261/1257/799
f 1328/1262/804 1327/1317/853 1286/1260/802
f 1289/1264/806 1288/1255/797 1262/1256/798
f 1289/1264/806 1284/1261/803 1261/1257/799
f 1290/1266/808 1292/1267/809 1291/1258/800
f 1287/1265/807 1262/1256/798 1291/1258/800
f 1294/1268/810 1290/1266/808 1263/1259/801
f 1295/1271/813 1280/1270/812 1279/1213/755
f 1275/1221/763 1274/1217/759 1268/1289/831
f 1228/1294/833 1227/1231/773 1223/1228/770
f 1227/1231/773 1228/1294/833 1232/1295/834
f 1235/1237/779 1236/1298/94 1240/1296/90
f 1244/1297/94 1243/1243/785 1239/1240/782
f 1231/1234/776 1232/1295/834 1236/1298/94
f 1312/1300/836 1311/1299/835 1241/1241/783
f 1324/1314/850 1327/1317/853 1328/1262/804
f 1243/1243/785 1244/1297/94 1248/1319/7
f 1247/1246/788 1248/1319/7 1252/1320/330
f 1251/1249/791 1252/1320/330 1256/1321/855
f 1255/1251/793 1256/1321/855 1260/1322/90
f 1331/1327/858 1407/1392/924 1408/1328/859
f 1408/1328/859 1442/1390/922 1444/1330/861
f 1332/1332/863 1404/1335/866 1406/1333/864
f 1404/1335/866 1331/1327/858 1405/1329/860
f 1333/1336/867 1401/1339/870 1403/1337/868
f 1401/1339/870 1332/1332/863 1402/1334/865
f 1398/1340/871 1333/1336/867 1399/1338/869
f 1340/1345/876 1339/1348/879 1335/1342/873
f 1340/1345/876 1336/1343/874 1337/1344/875
f 1344/1347/878 1343/1351/882 1339/1348/879
f 1344/1347/878 1340/1345/876 1341/1346/877
f 1348/1350/881 1347/1354/885 1343/1351/882
f 1348/1350/881 1344/1347/878 1345/1349/880
f 1352/1353/884 1351/1357/888 1347/1354/885
f 1353/1355/886 1352/1353/884 1348/1350/881
f 1356/1356/887 1355/1360/891 1351/1357/888
f 1357/1358/889 1356/1356/887 1352/1353/884
f 1360/1359/890 1359/1363/894 1355/1360/891
f 1361/1361/892 1360/1359/890 1356/1356/887
f 1364/1362/893 1363/1366/897 1359/1363/894
f 1364/1362/893 1360/1359/890 1361/1361/892
f 1368/1365/896 1367/1369/900 1363/1366/897
f 1369/1367/898 1368/1365/896 1364/1362/893
f 1372/1368/899 1371/1373/904 1367/1369/900
f 1373/1370/901 1372/1368/899 1368/1365/896
f 1384/1377/908 1386/1380/911 1385/1378/909
f 1447/1379/910 1446/1430/958 1386/1380/911
f 1387/1382/913 1389/1383/914 1388/1371/902
f 1384/1377/908 1375/1374/905 1388/1371/902
f 1392/1384/915 1391/1375/906 1377/1376/907
f 1392/1384/915 1387/1382/913 1376/1372/903
f 1394/1386/917 1390/1385/916 1377/1376/907
f 1444/1330/861 1442/1390/922 1410/1389/921
f 1403/1337/868 1402/1334/865 1396/1407/939
f 1400/1341/872 1399/1338/869 1395/1408/940
f 1342/1412/942 1341/1346/877 1337/1344/875
f 1341/1346/877 1342/1412/942 1346/1413/420
f 1349/1352/883 1350/1415/943 1354/1414/420
f 1354/1414/420 1358/2975/965 1357/1358/889
f 1345/1349/880 1346/1413/420 1350/1415/943
f 1363/1366/897 1431/1423/951 1430/1421/949
f 1440/1431/959 1446/1430/958 1447/1379/910
f 1357/1358/889 1358/2975/965 1362/1435/419
f 1365/1364/895 1361/1361/892 1362/1435/419
f 1369/1367/898 1370/1438/118 1374/1437/965
f 1369/1367/898 1365/1364/895 1366/1436/964
f 1826/1448/973 1828/1453/978 1825/1451/976
f 1828/1453/978 1834/1452/977 1836/1455/980
f 1842/1457/982 1844/1461/986 1841/1459/984
f 1842/1457/982 1835/1458/983 1843/1460/985
f 1850/1443/968 1851/1463/988 1849/1462/987
f 1824/1447/972 1825/1451/976 1851/1463/988
f 1855/1469/994 1856/1471/996 1854/1470/995
f 1855/1469/994 1821/1444/969 1849/1462/987
f 1858/1464/989 1859/1473/998 1857/1472/997
f 1853/1468/993 1854/1470/995 1859/1473/998
f 1627/1474/999 1451/1445/970 1628/1467/992
f 1629/1475/1000 1628/1467/992 1453/1466/991
f 1863/1482/1007 1864/1484/1009 1862/1483/1008
f 1852/1465/990 1857/1472/997 1864/1484/1009
f 1866/1477/1002 1867/1486/1011 1865/1485/1010
f 1861/1481/1006 1862/1483/1008 1867/1486/1011
f 1625/1476/1001 1453/1466/991 1632/1480/1005
f 1633/1487/1012 1632/1480/1005 1455/1479/1004
f 1871/1494/1019 1872/1496/1021 1870/1495/1020
f 1860/1478/1003 1865/1485/1010 1872/1496/1021
f 1874/1489/1014 1875/1498/1023 1873/1497/1022
f 1869/1493/1018 1870/1495/1020 1875/1498/1023
f 1630/1488/1013 1455/1479/1004 1636/1492/1017
f 1637/1499/1024 1636/1492/1017 1457/1491/1016
f 1879/1506/1031 1880/1508/1033 1878/1507/1032
f 1868/1490/1015 1873/1497/1022 1880/1508/1033
f 1882/1501/1026 1883/1510/1035 1881/1509/1034
f 1877/1505/1030 1878/1507/1032 1883/1510/1035
f 1641/1511/1036 1634/1500/1025 1457/1491/1016
f 1641/1511/1036 1640/1504/1029 1459/1503/1028
f 1887/1518/1043 1888/1520/1045 1886/1519/1044
f 1876/1502/1027 1881/1509/1034 1888/1520/1045
f 1890/1513/1038 1891/1522/1047 1889/1521/1046
f 1885/1517/1042 1886/1519/1044 1891/1522/1047
f 1638/1512/1037 1459/1503/1028 1644/1516/1041
f 1645/1523/1048 1644/1516/1041 1461/1515/1040
f 1895/1530/1055 1896/1532/1057 1894/1531/1056
f 1884/1514/1039 1889/1521/1046 1896/1532/1057
f 1898/1525/1050 1899/1534/1059 1897/1533/1058
f 1893/1529/1054 1894/1531/1056 1899/1534/1059
f 1642/1524/1049 1461/1515/1040 1648/1528/1053
f 1649/1535/1060 1648/1528/1053 1463/1527/1052
f 1903/1542/1067 1904/1544/1069 1902/1543/1068
f 1892/1526/1051 1897/1533/1058 1904/1544/1069
f 1906/1537/1062 1907/1546/1071 1905/1545/1070
f 1901/1541/1066 1902/1543/1068 1907/1546/1071
f 1646/1536/1061 1463/1527/1052 1652/1540/1065
f 1650/1548/1073 1653/1547/1072 1652/1540/1065
f 1911/1554/1079 1912/1556/1081 1910/1555/1080
f 1900/1538/1063 1905/1545/1070 1912/1556/1081
f 1914/1549/1074 1915/1558/1083 1913/1557/1082
f 1909/1553/1078 1910/1555/1080 1915/1558/1083
f 1650/1548/1073 1465/1539/1064 1656/1552/1077
f 1657/1559/1084 1656/1552/1077 1467/1551/1076
f 1919/1566/1091 1920/1568/1093 1918/1567/1092
f 1908/1550/1075 1913/1557/1082 1920/1568/1093
f 1916/1562/1087 1922/1561/1086 1923/1569/1094
f 1922/1561/1086 1917/1565/1090 1918/1567/1092
f 1654/1560/1085 1467/1551/1076 1660/1564/1089
f 1661/1571/1096 1660/1564/1089 1469/1563/1088
f 1925/1577/1102 1927/1578/1103 1928/1579/1104
f 1927/1578/1103 1916/1562/1087 1921/1570/1095
f 1935/1584/1109 1926/1580/1105 1936/1588/1113
f 1934/1586/1111 1939/1585/1110 1941/1589/1114
f 1939/1585/1110 1937/1587/1112 1940/1591/1116
f 1929/1582/1107 1943/1581/1106 1944/1592/1117
f 1944/1592/1117 1949/1594/1119 1950/1595/1120
f 1949/1594/1119 1934/1586/1111 1938/1590/1115
f 1658/1572/1097 1469/1563/1088 1664/1576/1101
f 1665/1597/1122 1664/1576/1101 1471/1575/1100
f 1933/1603/1128 1946/1604/1129 1947/1605/1130
f 1946/1604/1129 1924/1574/1099 1929/1582/1107
f 1932/1600/1125 1964/1599/1124 1965/1607/1132
f 1964/1599/1124 1933/1603/1128 1945/1606/1131
f 1662/1598/1123 1471/1575/1100 1668/1602/1127
f 1669/1609/1134 1668/1602/1127 1473/1601/1126
f 1967/1615/1140 1969/1616/1141 1970/1617/1142
f 1969/1616/1141 1932/1600/1125 1963/1608/1133
f 1966/1612/1137 1972/1611/1136 1973/1619/1144
f 1972/1611/1136 1967/1615/1140 1968/1618/1143
f 1666/1610/1135 1473/1601/1126 1672/1614/1139
f 1673/1621/1146 1672/1614/1139 1475/1613/1138
f 1975/1627/1152 1977/1628/1153 1978/1629/1154
f 1977/1628/1153 1966/1612/1137 1971/1620/1145
f 1974/1624/1149 1980/1623/1148 1981/1631/1156
f 1980/1623/1148 1975/1627/1152 1976/1630/1155
f 1670/1622/1147 1475/1613/1138 1676/1626/1151
f 1677/1633/1158 1676/1626/1151 1477/1625/1150
f 1983/1639/1164 1985/1640/1165 1986/1641/1166
f 1985/1640/1165 1974/1624/1149 1979/1632/1157
f 1989/1645/1170 2015/1646/1171 2017/1647/1172
f 2015/1646/1171 1984/1642/1167 2016/1649/1174
f 1987/1644/1169 2019/1643/1168 2020/1650/1175
f 2019/1643/1168 1989/1645/1170 2014/1648/1173
f 1674/1634/1159 1477/1625/1150 1680/1638/1163
f 1681/1652/1177 1680/1638/1163 1479/1637/1162
f 2022/1659/1184 2023/1661/1186 2021/1660/1185
f 2022/1659/1184 1982/1636/1161 1987/1644/1169
f 2025/1654/1179 2026/1663/1188 2024/1662/1187
f 2025/1654/1179 1991/1658/1183 2021/1660/1185
f 1685/1664/1189 1678/1653/1178 1479/1637/1162
f 1685/1664/1189 1684/1657/1182 1481/1656/1181
f 2028/1670/1195 2030/1671/1196 2031/1672/1197
f 2030/1671/1196 1990/1655/1180 2024/1662/1187
f 2027/1667/1192 2033/1666/1191 2034/1674/1199
f 2033/1666/1191 2028/1670/1195 2029/1673/1198
f 1682/1665/1190 1481/1656/1181 1688/1669/1194
f 1689/1676/1201 1688/1669/1194 1483/1668/1193
f 2036/1682/1207 2038/1683/1208 2039/1684/1209
f 2038/1683/1208 2027/1667/1192 2032/1675/1200
f 2035/1679/1204 2041/1678/1203 2042/1686/1211
f 2041/1678/1203 2036/1682/1207 2037/1685/1210
f 1686/1677/1202 1483/1668/1193 1692/1681/1206
f 1693/1688/1213 1692/1681/1206 1485/1680/1205
f 2044/1694/1219 2046/1695/1220 2047/1696/1221
f 2046/1695/1220 2035/1679/1204 2040/1687/1212
f 2043/1691/1216 2049/1690/1215 2050/1698/1223
f 2049/1690/1215 2044/1694/1219 2045/1697/1222
f 1690/1689/1214 1485/1680/1205 1696/1693/1218
f 1697/1700/1225 1696/1693/1218 1487/1692/1217
f 2052/1706/1231 2054/1707/1232 2055/1708/1233
f 2054/1707/1232 2043/1691/1216 2048/1699/1224
f 2051/1703/1228 2057/1702/1227 2058/1710/1235
f 2057/1702/1227 2052/1706/1231 2053/1709/1234
f 1694/1701/1226 1487/1692/1217 1700/1705/1230
f 1701/1712/1237 1700/1705/1230 1489/1704/1229
f 2060/1718/1243 2062/1719/1244 2063/1720/1245
f 2051/1703/1228 2056/1711/1236 2063/1720/1245
f 2065/1714/1239 2066/1723/1248 2064/1722/1247
f 2065/1714/1239 2060/1718/1243 2061/1721/1246
f 1705/1724/1249 1698/1713/1238 1489/1704/1229
f 1705/1724/1249 1704/1717/1242 1491/1716/1241
f 2071/1731/1256 2059/1715/1240 2064/1722/1247
f 2070/1733/1258 2074/1732/1257 2076/1735/1260
f 2072/1734/1259 2075/2638/2158 2076/1735/1260
f 2135/1744/1269 2073/1736/1261 2136/1748/1273
f 2142/1745/1270 2144/1750/1275 2133/1749/1274
f 2137/1747/1272 2143/2642/2162 2144/1750/1275
f 2083/1742/1267 2122/1741/1266 2124/1751/1276
f 2124/1751/1276 2132/1753/1278 2134/1754/1279
f 2134/1754/1279 2139/1756/1281 2141/1757/1282
f 2139/1756/1281 2133/1749/1274 2140/1759/1284
f 2077/1738/1263 2126/1737/1262 2127/1760/1285
f 2127/1760/1285 2146/1762/1287 2147/1763/1288
f 2146/1762/1287 2083/1742/1267 2121/1752/1277
f 1702/1725/1250 1491/1716/1241 2068/1729/1254
f 2988/1765/1290 2068/1729/1254 1493/1728/1253
f 2082/1771/1296 2129/1772/1297 2130/1773/1298
f 2129/1772/1297 2067/1727/1252 2077/1738/1263
f 2080/1768/1293 2149/1767/1292 2150/1775/1300
f 2149/1767/1292 2082/1771/1296 2128/1774/1299
f 2153/1781/1306 2155/1782/1307 2156/1783/1308
f 2155/1782/1307 2080/1768/1293 2148/1776/1301
f 2151/1778/1303 2158/1777/1302 2159/1785/1310
f 2158/1777/1302 2153/1781/1306 2154/1784/1309
f 2162/1791/1316 2164/1792/1317 2165/1793/1318
f 2164/1792/1317 2151/1778/1303 2157/1786/1311
f 2160/1788/1313 2167/1787/1312 2168/1795/1320
f 2162/1791/1316 2163/1794/1319 2168/1795/1320
f 2171/1801/1326 2173/1802/1327 2174/1803/1328
f 2173/1802/1327 2160/1788/1313 2166/1796/1321
f 2169/1798/1323 2176/1797/1322 2177/1805/1330
f 2176/1797/1322 2171/1801/1326 2172/1804/1329
f 2180/1811/1336 2182/1812/1337 2183/1813/1338
f 2182/1812/1337 2169/1798/1323 2175/1806/1331
f 2185/1807/1332 2186/1816/1341 2184/1815/1340
f 2185/1807/1332 2180/1811/1336 2181/1814/1339
f 2985/1817/1342 1501/1799/1324 2179/1810/1335
f 2986/1818/1343 2179/1810/1335 1503/1809/1334
f 2189/1824/1349 2191/1825/1350 2192/1826/1351
f 2191/1825/1350 2178/1808/1333 2184/1815/1340
f 2187/1821/1346 2194/1820/1345 2195/1828/1353
f 2194/1820/1345 2189/1824/1349 2190/1827/1352
f 2198/1834/1359 2200/1835/1360 2201/1836/1361
f 2200/1835/1360 2187/1821/1346 2193/1829/1354
f 2196/1831/1356 2203/1830/1355 2204/1838/1363
f 2203/1830/1355 2198/1834/1359 2199/1837/1362
f 2207/1844/1369 2209/1845/1370 2210/1846/1371
f 2209/1845/1370 2196/1831/1356 2202/1839/1364
f 2205/1841/1366 2212/1840/1365 2213/1848/1373
f 2212/1840/1365 2207/1844/1369 2208/1847/1372
f 2982/1850/1375 1507/1832/1357 2206/1843/1368
f 2981/1852/1377 2983/1851/1376 2206/1843/1368
f 2216/1857/1382 2218/1858/1383 2219/1859/1384
f 2218/1858/1383 2205/1841/1366 2211/1849/1374
f 2221/1853/1378 2222/1862/1387 2220/1861/1386
f 2221/1853/1378 2216/1857/1382 2217/1860/1385
f 2227/1868/1393 2228/1870/1395 2226/1869/1394
f 2214/1854/1379 2220/1861/1386 2228/1870/1395
f 2230/1863/1388 2231/1872/1397 2229/1871/1396
f 2225/1867/1392 2226/1869/1394 2231/1872/1397
f 2252/1882/1407 2254/1884/1409 2240/1883/1408
f 2229/1871/1396 2253/2677/2197 2254/1884/1409
f 2239/1879/1404 2241/1887/1412 2238/1885/1410
f 2249/1886/1411 2251/1889/1414 2248/1888/1413
f 2240/1883/1408 2250/2673/2193 2251/1889/1414
f 2232/1874/1399 2243/1873/1398 2244/1890/1415
f 2243/1873/1398 2234/1877/1402 2235/1880/1405
f 2979/1892/1417 1513/1865/1390 2233/1876/1401
f 2980/1893/1418 2233/1876/1401 1515/1875/1400
f 2247/1899/1424 2287/1900/1425 2288/1901/1426
f 2232/1874/1399 2242/1891/1416 2288/1901/1426
f 2290/1895/1420 2291/1904/1429 2289/1903/1428
f 2247/1899/1424 2286/1902/1427 2291/1904/1429
f 2296/1910/1435 2297/1912/1437 2295/1911/1436
f 2245/1896/1421 2289/1903/1428 2297/1912/1437
f 2299/1905/1430 2300/1914/1439 2298/1913/1438
f 2294/1909/1434 2295/1911/1436 2300/1914/1439
f 2305/1920/1445 2306/1922/1447 2304/1921/1446
f 2292/1906/1431 2298/1913/1438 2306/1922/1447
f 2301/1916/1441 2308/1915/1440 2309/1923/1448
f 2303/1919/1444 2304/1921/1446 2309/1923/1448
f 2976/1925/1450 1519/1907/1432 2302/1918/1443
f 2977/1926/1451 2302/1918/1443 1521/1917/1442
f 2314/1933/1458 2315/1935/1460 2313/1934/1459
f 2301/1916/1441 2307/1924/1449 2315/1935/1460
f 2317/1928/1453 2318/1937/1462 2316/1936/1461
f 2312/1932/1457 2313/1934/1459 2318/1937/1462
f 2323/1943/1468 2324/1945/1470 2322/1944/1469
f 2310/1929/1454 2316/1936/1461 2324/1945/1470
f 2326/1938/1463 2327/1947/1472 2325/1946/1471
f 2326/1938/1463 2321/1942/1467 2322/1944/1469
f 2332/1953/1478 2333/1955/1480 2331/1954/1479
f 2319/1939/1464 2325/1946/1471 2333/1955/1480
f 2335/1948/1473 2336/1957/1482 2334/1956/1481
f 2330/1952/1477 2331/1954/1479 2336/1957/1482
f 2973/1958/1483 1525/1940/1465 2329/1951/1476
f 2974/1959/1484 2329/1951/1476 1527/1950/1475
f 2341/1966/1491 2342/1968/1493 2340/1967/1492
f 2328/1949/1474 2334/1956/1481 2342/1968/1493
f 2344/1961/1486 2345/1970/1495 2343/1969/1494
f 2339/1965/1490 2340/1967/1492 2345/1970/1495
f 2350/1976/1501 2351/1978/1503 2349/1977/1502
f 2337/1962/1487 2343/1969/1494 2351/1978/1503
f 2353/1971/1496 2354/1980/1505 2352/1979/1504
f 2348/1975/1500 2349/1977/1502 2354/1980/1505
f 2359/1986/1511 2360/1988/1513 2358/1987/1512
f 2346/1972/1497 2352/1979/1504 2360/1988/1513
f 2362/1981/1506 2363/1990/1515 2361/1989/1514
f 2357/1985/1510 2358/1987/1512 2363/1990/1515
f 2368/1996/1521 2369/1998/1523 2367/1997/1522
f 2355/1982/1507 2361/1989/1514 2369/1998/1523
f 2366/1995/1520 2367/1997/1522 2372/2001/1526
f 2372/2001/1526 2388/2713/2233 2389/2004/1529
f 2389/2004/1529 2395/2712/2232 2396/2007/1532
f 2396/2007/1532 2402/2709/2229 2403/2010/1534
f 2403/2010/1534 2409/2708/2228 2410/2013/1537
f 2410/2013/1537 2416/2711/2231 2417/2016/1540
f 2417/2016/1540 2423/2714/2234 2424/2019/1542
f 2429/2017/1539 2424/2019/1542 2430/2023/1546
f 2436/2020/1543 2438/2025/1548 2427/2024/1547
f 2431/2022/1545 2437/2777/2299 2438/2025/1548
f 2377/2031/1554 2378/2034/1557 2376/2032/1555
f 2380/2033/1556 2382/2037/1560 2379/2035/1558
f 2384/2036/1559 2386/2040/1563 2383/2038/1561
f 2391/2039/1562 2393/2043/1566 2390/2041/1564
f 2398/2042/1565 2400/2046/1569 2397/2044/1567
f 2400/2046/1569 2405/2045/1568 2407/2047/1570
f 2412/2049/1572 2414/2052/1575 2411/2050/1573
f 2419/2051/1574 2421/2055/1578 2418/2053/1576
f 2426/2054/1577 2428/2058/1581 2425/2056/1579
f 2428/2058/1581 2433/2057/1580 2435/2059/1582
f 2427/2024/1547 2434/2776/2297 2435/2059/1582
f 2461/2026/1549 2462/2062/1585 2460/2061/1584
f 2375/2030/1553 2376/2032/1555 2462/2062/1585
f 2466/2068/1591 2467/2070/1593 2465/2069/1592
f 2373/2027/1550 2460/2061/1584 2467/2070/1593
f 2469/2063/1586 2470/2072/1595 2468/2071/1594
f 2464/2067/1590 2465/2069/1592 2470/2072/1595
f 1708/2073/1596 1538/2028/1551 1709/2066/1589
f 1710/2074/1597 1709/2066/1589 1540/2065/1588
f 2474/2081/1604 2475/2083/1606 2473/2082/1605
f 2463/2064/1587 2468/2071/1594 2475/2083/1606
f 2477/2076/1599 2478/2085/1608 2476/2084/1607
f 2472/2080/1603 2473/2082/1605 2478/2085/1608
f 1706/2075/1598 1540/2065/1588 1713/2079/1602
f 1714/2086/1609 1713/2079/1602 1542/2078/1601
f 2482/2093/1616 2483/2095/1618 2481/2094/1617
f 2471/2077/1600 2476/2084/1607 2483/2095/1618
f 2485/2088/1611 2486/2097/1620 2484/2096/1619
f 2480/2092/1615 2481/2094/1617 2486/2097/1620
f 1711/2087/1610 1542/2078/1601 1717/2091/1614
f 1718/2098/1621 1717/2091/1614 1544/2090/1613
f 2490/2105/1628 2491/2107/1630 2489/2106/1629
f 2479/2089/1612 2484/2096/1619 2491/2107/1630
f 2493/2100/1623 2494/2109/1632 2492/2108/1631
f 2488/2104/1627 2489/2106/1629 2494/2109/1632
f 1715/2099/1622 1544/2090/1613 1721/2103/1626
f 1722/2110/1633 1721/2103/1626 1546/2102/1625
f 2498/2117/1640 2499/2119/1642 2497/2118/1641
f 2487/2101/1624 2492/2108/1631 2499/2119/1642
f 2501/2112/1635 2502/2121/1644 2500/2120/1643
f 2496/2116/1639 2497/2118/1641 2502/2121/1644
f 1719/2111/1634 1546/2102/1625 1725/2115/1638
f 1726/2122/1645 1725/2115/1638 1548/2114/1637
f 2506/2129/1652 2507/2131/1654 2505/2130/1653
f 2495/2113/1636 2500/2120/1643 2507/2131/1654
f 2509/2124/1647 2510/2133/1656 2508/2132/1655
f 2504/2128/1651 2505/2130/1653 2510/2133/1656
f 1723/2123/1646 1548/2114/1637 1729/2127/1650
f 1727/2135/1658 1730/2134/1657 1729/2127/1650
f 1733/2136/1659 2512/2140/1663 2511/2137/1660
f 2514/2139/1662 2515/2142/1665 2513/2141/1664
f 2503/2125/1648 2508/2132/1655 2515/2142/1665
f 1727/2135/1658 1550/2126/1649 1733/2136/1659
f 1734/2143/1666 1733/2136/1659 1552/2138/1661
f 2530/2150/1673 2532/2152/1675 2529/2151/1674
f 2511/2137/1660 2531/2801/2323 2532/2152/1675
f 2534/2145/1668 2535/2154/1677 2533/2153/1676
f 2528/2149/1672 2529/2151/1674 2535/2154/1677
f 1731/2144/1667 1552/2138/1661 1737/2148/1671
f 1738/2155/1678 1737/2148/1671 1554/2147/1670
f 2539/2162/1685 2540/2164/1687 2538/2163/1686
f 2527/2146/1669 2533/2153/1676 2540/2164/1687
f 2542/2157/1680 2543/2166/1689 2541/2165/1688
f 2537/2161/1684 2538/2163/1686 2543/2166/1689
f 1735/2156/1679 1554/2147/1670 1741/2160/1683
f 1742/2167/1690 1741/2160/1683 1556/2159/1682
f 2547/2174/1697 2548/2176/1699 2546/2175/1698
f 2547/2174/1697 2536/2158/1681 2541/2165/1688
f 2565/2180/1703 2567/2183/1706 2556/2181/1704
f 2565/2180/1703 2546/2175/1698 2566/2182/1705
f 2555/2177/1700 2557/2186/1709 2554/2184/1707
f 2562/2185/1708 2564/2188/1711 2561/2187/1710
f 2556/2181/1704 2563/2818/2340 2564/2188/1711
f 1739/2168/1691 1556/2159/1682 1745/2172/1695
f 1746/2189/1712 1745/2172/1695 1558/2171/1694
f 2559/2196/1719 2560/2198/1721 2558/2197/1720
f 2544/2170/1693 2549/2178/1701 2560/2198/1721
f 2601/2191/1714 2602/2200/1723 2600/2199/1722
f 2553/2195/1718 2558/2197/1720 2602/2200/1723
f 1743/2190/1713 1558/2171/1694 1749/2194/1717
f 1750/2201/1724 1749/2194/1717 1560/2193/1716
f 2606/2208/1731 2607/2210/1733 2605/2209/1732
f 2552/2192/1715 2600/2199/1722 2607/2210/1733
f 2603/2204/1727 2609/2203/1726 2610/2211/1734
f 2609/2203/1726 2604/2207/1730 2605/2209/1732
f 1747/2202/1725 1560/2193/1716 1753/2206/1729
f 1754/2213/1736 1753/2206/1729 1562/2205/1728
f 2612/2219/1742 2614/2220/1743 2615/2221/1744
f 2614/2220/1743 2603/2204/1727 2608/2212/1735
f 2611/2216/1739 2617/2215/1738 2618/2223/1746
f 2617/2215/1738 2612/2219/1742 2613/2222/1745
f 1751/2214/1737 1562/2205/1728 1757/2218/1741
f 1758/2225/1748 1757/2218/1741 1564/2217/1740
f 2620/2231/1754 2622/2232/1755 2623/2233/1756
f 2622/2232/1755 2611/2216/1739 2616/2224/1747
f 2619/2228/1751 2625/2227/1750 2626/2235/1758
f 2625/2227/1750 2620/2231/1754 2621/2234/1757
f 1755/2226/1749 1564/2217/1740 1761/2230/1753
f 1762/2237/1760 1761/2230/1753 1566/2229/1752
f 2628/2243/1766 2630/2244/1767 2631/2245/1768
f 2630/2244/1767 2619/2228/1751 2624/2236/1759
f 2627/2240/1763 2633/2239/1762 2634/2247/1770
f 2633/2239/1762 2628/2243/1766 2629/2246/1769
f 1759/2238/1761 1566/2229/1752 1765/2242/1765
f 1766/2249/1772 1765/2242/1765 1568/2241/1764
f 2636/2255/1778 2638/2256/1779 2639/2257/1780
f 2638/2256/1779 2627/2240/1763 2632/2248/1771
f 2635/2252/1775 2641/2251/1774 2642/2259/1782
f 2641/2251/1774 2636/2255/1778 2637/2258/1781
f 1763/2250/1773 1568/2241/1764 1769/2254/1777
f 1770/2261/1784 1769/2254/1777 1570/2253/1776
f 2644/2267/1790 2646/2268/1791 2647/2269/1792
f 2646/2268/1791 2635/2252/1775 2640/2260/1783
f 2643/2264/1787 2649/2263/1786 2650/2271/1794
f 2649/2263/1786 2644/2267/1790 2645/2270/1793
f 1767/2262/1785 1570/2253/1776 1773/2266/1789
f 1774/2273/1796 1773/2266/1789 1572/2265/1788
f 2652/2279/1802 2654/2280/1803 2655/2281/1804
f 2654/2280/1803 2643/2264/1787 2648/2272/1795
f 2651/2276/1799 2657/2275/1798 2658/2283/1806
f 2657/2275/1798 2652/2279/1802 2653/2282/1805
f 1771/2274/1797 1572/2265/1788 1777/2278/1801
f 1778/2285/1808 1777/2278/1801 1574/2277/1800
f 2660/2291/1814 2662/2292/1815 2663/2293/1816
f 2662/2292/1815 2651/2276/1799 2656/2284/1807
f 2659/2288/1811 2665/2287/1810 2666/2295/1818
f 2665/2287/1810 2660/2291/1814 2661/2294/1817
f 1775/2286/1809 1574/2277/1800 1781/2290/1813
f 1782/2297/1820 1781/2290/1813 1576/2289/1812
f 2668/2303/1826 2670/2304/1827 2671/2305/1828
f 2670/2304/1827 2659/2288/1811 2664/2296/1819
f 2667/2300/1823 2673/2299/1822 2674/2307/1830
f 2673/2299/1822 2668/2303/1826 2669/2306/1829
f 1779/2298/1821 1576/2289/1812 1785/2302/1825
f 1786/2309/1832 1785/2302/1825 1578/2301/1824
f 2667/2300/1823 2672/2308/1831 2680/2319/1842
f 2678/2318/1841 2682/2317/1840 2684/2320/1843
f 2680/2319/1842 2683/2840/2362 2684/2320/1843
f 2675/2312/1835 2686/2311/1834 2687/2322/1845
f 2687/2322/1845 2692/2324/1847 2693/2325/1848
f 2692/2324/1847 2678/2318/1841 2681/2321/1844
f 1783/2310/1833 1578/2301/1824 2676/2314/1837
f 2971/2327/1850 2676/2314/1837 1580/2313/1836
f 2690/2333/1856 2727/2334/1857 2728/2335/1858
f 2727/2334/1857 2675/2312/1835 2685/2323/1846
f 2688/2330/1853 2730/2329/1852 2731/2337/1860
f 2730/2329/1852 2690/2333/1856 2726/2336/1859
f 2734/2343/1866 2736/2344/1867 2737/2345/1868
f 2736/2344/1867 2688/2330/1853 2729/2338/1861
f 2732/2340/1863 2739/2339/1862 2740/2347/1870
f 2739/2339/1862 2734/2343/1866 2735/2346/1869
f 2743/2353/1876 2745/2354/1877 2746/2355/1878
f 2745/2354/1877 2732/2340/1863 2738/2348/1871
f 2741/2350/1873 2748/2349/1872 2749/2357/1880
f 2748/2349/1872 2743/2353/1876 2744/2356/1879
f 2752/2363/1886 2754/2364/1887 2755/2365/1888
f 2754/2364/1887 2741/2350/1873 2747/2358/1881
f 2750/2360/1883 2757/2359/1882 2758/2367/1890
f 2757/2359/1882 2752/2363/1886 2753/2366/1889
f 2761/2373/1896 2763/2374/1897 2764/2375/1898
f 2763/2374/1897 2750/2360/1883 2756/2368/1891
f 2766/2369/1892 2767/2378/1901 2765/2377/1900
f 2766/2369/1892 2761/2373/1896 2762/2376/1899
f 2770/2383/1906 2772/2384/1907 2773/2385/1908
f 2772/2384/1907 2759/2370/1893 2765/2377/1900
f 2768/2380/1903 2775/2379/1902 2776/2387/1910
f 2775/2379/1902 2770/2383/1906 2771/2386/1909
f 2779/2393/1916 2781/2394/1917 2782/2395/1918
f 2781/2394/1917 2768/2380/1903 2774/2388/1911
f 2777/2390/1913 2784/2389/1912 2785/2397/1920
f 2784/2389/1912 2779/2393/1916 2780/2396/1919
f 2788/2403/1926 2790/2404/1927 2791/2405/1928
f 2790/2404/1927 2777/2390/1913 2783/2398/1921
f 2786/2400/1923 2793/2399/1922 2794/2407/1930
f 2793/2399/1922 2788/2403/1926 2789/2406/1929
f 2968/2409/1932 1594/2391/1914 2787/2402/1925
f 2967/2411/1934 2969/2410/1933 2787/2402/1925
f 2797/2416/1939 2799/2417/1940 2800/2418/1941
f 2799/2417/1940 2786/2400/1923 2792/2408/1931
f 2802/2412/1935 2803/2421/1944 2801/2420/1943
f 2802/2412/1935 2797/2416/1939 2798/2419/1942
f 2808/2427/1950 2809/2429/1952 2807/2428/1951
f 2795/2413/1936 2801/2420/1943 2809/2429/1952
f 2811/2422/1945 2812/2431/1954 2810/2430/1953
f 2806/2426/1949 2807/2428/1951 2812/2431/1954
f 2833/2441/1964 2835/2443/1966 2821/2442/1965
f 2810/2430/1953 2834/2872/2394 2835/2443/1966
f 2816/2439/1962 2820/2438/1961 2822/2444/1967
f 2830/2446/1969 2832/2448/1971 2829/2447/1970
f 2821/2442/1965 2831/2882/2404 2832/2448/1971
f 2813/2433/1956 2824/2432/1955 2825/2449/1972
f 2824/2432/1955 2815/2436/1959 2816/2439/1962
f 2965/2451/1974 1600/2424/1947 2814/2435/1958
f 2966/2452/1975 2814/2435/1958 1602/2434/1957
f 2828/2458/1981 2870/2459/1982 2871/2460/1983
f 2870/2459/1982 2813/2433/1956 2823/2450/1973
f 2873/2454/1977 2874/2463/1986 2872/2462/1985
f 2828/2458/1981 2869/2461/1984 2874/2463/1986
f 2879/2469/1992 2880/2471/1994 2878/2470/1993
f 2826/2455/1978 2872/2462/1985 2880/2471/1994
f 2882/2464/1987 2883/2473/1996 2881/2472/1995
f 2877/2468/1991 2878/2470/1993 2883/2473/1996
f 2888/2479/2002 2889/2481/2004 2887/2480/2003
f 2875/2465/1988 2881/2472/1995 2889/2481/2004
f 2891/2474/1997 2892/2483/2006 2890/2482/2005
f 2886/2478/2001 2887/2480/2003 2892/2483/2006
f 2962/2484/2007 1606/2466/1989 2885/2477/2000
f 2963/2485/2008 2885/2477/2000 1608/2476/1999
f 2897/2492/2015 2898/2494/2017 2896/2493/2016
f 2884/2475/1998 2890/2482/2005 2898/2494/2017
f 2900/2487/2010 2901/2496/2019 2899/2495/2018
f 2895/2491/2014 2896/2493/2016 2901/2496/2019
f 2906/2502/2025 2907/2504/2027 2905/2503/2026
f 2893/2488/2011 2899/2495/2018 2907/2504/2027
f 2902/2498/2021 2909/2497/2020 2910/2505/2028
f 2904/2501/2024 2905/2503/2026 2910/2505/2028
f 2915/2512/2035 2916/2514/2037 2914/2513/2036
f 2902/2498/2021 2908/2506/2029 2916/2514/2037
f 2918/2507/2030 2919/2516/2039 2917/2515/2038
f 2913/2511/2034 2914/2513/2036 2919/2516/2039
f 2959/2517/2040 1612/2499/2022 2912/2510/2033
f 2960/2518/2041 2912/2510/2033 1614/2509/2032
f 2924/2525/2048 2925/2527/2050 2923/2526/2049
f 2911/2508/2031 2917/2515/2038 2925/2527/2050
f 2927/2520/2043 2928/2529/2052 2926/2528/2051
f 2922/2524/2047 2923/2526/2049 2928/2529/2052
f 2933/2535/2058 2934/2537/2060 2932/2536/2059
f 2920/2521/2044 2926/2528/2051 2934/2537/2060
f 2936/2530/2053 2937/2539/2062 2935/2538/2061
f 2931/2534/2057 2932/2536/2059 2937/2539/2062
f 2941/2545/2068 2942/2547/2070 2940/2546/2069
f 2929/2531/2054 2935/2538/2061 2942/2547/2070
f 2944/2540/2063 2945/2549/2072 2943/2548/2071
f 2939/2544/2067 2940/2546/2069 2945/2549/2072
f 2946/2555/2077 2947/2557/2079 1839/2556/2078
f 1831/2541/2064 2943/2548/2071 2947/2557/2079
f 2948/2561/2083 2950/2563/2085 1847/2562/2084
f 1839/2556/2078 2949/2908/2429 2950/2563/2085
f 2952/2567/2088 2954/2569/2090 2951/2568/2089
f 1847/2562/2084 2953/2910/2431 2954/2569/2090
f 2956/2564/2086 2957/2571/2092 2955/2570/2091
f 1848/2566/2087 2951/2568/2089 2957/2571/2092
f 1448/2572/2093 1787/2574/2095 1844/1461/986
f 1789/2575/2096 1790/2578/926 1849/1462/987
f 1792/2576/2097 1859/1473/998 1854/1470/995
f 1790/2578/926 1791/2577/2098 1856/1471/996
f 1789/2575/2096 1851/1463/988 1825/1451/976
f 1793/2579/2099 1794/2582/2102 1864/1484/1009
f 1796/2580/2100 1865/1485/1010 1867/1486/1011
f 1795/2581/2101 1867/1486/1011 1862/1483/1008
f 1798/2583/2103 1875/1498/1023 1870/1495/1020
f 1799/2585/2105 1800/2587/2107 1880/1508/1033
f 1799/2585/2105 1873/1497/1022 1875/1498/1023
f 1796/2580/2100 1797/2584/2104 1872/1496/1021
f 1793/2579/2099 1857/1472/997 1859/1473/998
f 1801/2586/2106 1883/1510/1035 1878/1507/1032
f 1802/2588/2108 1881/1509/1034 1883/1510/1035
f 1802/2588/2108 1803/2590/2110 1888/1520/1045
f 1804/2589/2109 1891/1522/1047 1886/1519/1044
f 1804/2589/2109 1805/2593/2113 1889/1521/1046
f 1807/2591/2111 1899/1534/1059 1894/1531/1056
f 1805/2593/2113 1806/2592/2112 1896/1532/1057
f 1808/2594/2114 1809/2596/2116 1904/1544/1069
f 1810/2595/2115 1811/2597/2117 1905/1545/1070
f 1810/2595/2115 1907/1546/1071 1902/1543/1068
f 1807/2591/2111 1808/2594/2114 1897/1533/1058
f 1811/2597/2117 1812/2621/2141 1912/1556/1081
f 1813/2598/2118 1814/2601/2121 1913/1557/1082
f 1816/2599/2119 1923/1569/1094 1918/1567/1092
f 1814/2601/2121 1815/2600/2120 1920/1568/1093
f 1817/2602/2122 1818/2604/2124 1928/1579/1104
f 1819/2603/2123 1820/2611/2131 1950/1595/1120
f 1816/2599/2119 1817/2602/2122 1921/1570/1095
f 1953/2606/2126 1965/1607/1132 1945/1606/1131
f 1952/2607/2127 1945/1606/1131 1947/1605/1130
f 1955/2608/2128 1968/1618/1143 1970/1617/1142
f 1956/2610/2130 1957/2620/2140 1971/1620/1145
f 1956/2610/2130 1973/1619/1144 1968/1618/1143
f 1953/2606/2126 1954/2609/2129 1963/1608/1133
f 1959/2612/2132 1981/1631/1156 1976/1630/1155
f 1960/2614/2134 1961/2617/2137 1986/1641/1166
f 1960/2614/2134 1979/1632/1157 1981/1631/1156
f 1992/2615/2135 2014/1648/1173 2017/1647/1172
f 1992/2615/2135 1993/2619/2139 2018/1651/1176
f 1994/2618/2138 2021/1660/1185 2023/1661/1186
f 1958/2613/2133 1976/1630/1155 1978/1629/1154
f 1813/2598/2118 1915/1558/1083 1910/1555/1080
f 1995/2622/2142 2026/1663/1188 2021/1660/1185
f 1995/2622/2142 1996/2624/2144 2024/1662/1187
f 1997/2623/2143 1998/2628/2148 2034/1674/1199
f 1997/2623/2143 2029/1673/1198 2031/1672/1197
f 2000/2625/2145 2037/1685/1210 2039/1684/1209
f 2000/2625/2145 2001/2627/2147 2042/1686/1211
f 1999/2626/2146 2039/1684/1209 2032/1675/1200
f 2003/2629/2149 2045/1697/1222 2047/1696/1221
f 2004/2631/2151 2005/2636/2156 2048/1699/1224
f 2003/2629/2149 2004/2631/2151 2050/1698/1223
f 2007/2632/2152 2008/2634/2154 2056/1711/1236
f 2009/2633/2153 2010/2653/2173 2066/1723/1248
f 2009/2633/2153 2061/1721/1246 2063/1720/1245
f 2006/2635/2155 2053/1709/1234 2055/1708/1233
f 2012/2637/2157 2076/1735/1260 2075/2638/2158
f 2086/2640/2160 2138/1758/1283 2141/1757/1282
f 2087/2643/2163 2088/2645/2165 2147/1763/1288
f 2090/2646/2166 2091/2649/2169 2150/1775/1300
f 2093/2647/2167 2154/1784/1309 2156/1783/1308
f 2092/2648/2168 2156/1783/1308 2148/1776/1301
f 2095/2650/2170 2165/1793/1318 2157/1786/1311
f 2096/2652/2172 2097/2686/2206 2168/1795/1320
f 2096/2652/2172 2163/1794/1319 2165/1793/1318
f 2093/2647/2167 2094/2651/2171 2159/1785/1310
f 2090/2646/2166 2128/1774/1299 2130/1773/1298
f 2010/2653/2173 2011/2639/2159 2064/1722/1247
f 2099/2654/2174 2172/1804/1329 2174/1803/1328
f 2101/2656/2176 2183/1813/1338 2175/1806/1331
f 2099/2654/2174 2100/2657/2177 2177/1805/1330
f 2104/2658/2178 2192/1826/1351 2184/1815/1340
f 2105/2660/2180 2106/2668/2188 2195/1828/1353
f 2104/2658/2178 2105/2660/2180 2190/1827/1352
f 2101/2656/2176 2102/2687/2207 2181/1814/1339
f 2107/2661/2181 2108/2664/2184 2199/1837/1362
f 2110/2662/2182 2210/1846/1371 2202/1839/1364
f 2108/2664/2184 2109/2663/2183 2204/1838/1363
f 2111/2665/2185 2112/2667/2187 2213/1848/1373
f 2113/2666/2186 2114/2685/2205 2217/1860/1385
f 2113/2666/2186 2219/1859/1384 2211/1849/1374
f 2110/2662/2182 2111/2665/2185 2208/1847/1372
f 2107/2661/2181 2201/1836/1361 2193/1829/1354
f 2116/2669/2189 2228/1870/1395 2220/1861/1386
f 2117/2671/2191 2118/2676/2196 2231/1872/1397
f 2116/2669/2189 2117/2671/2191 2226/1869/1394
f 2119/2672/2192 2120/2675/2195 2251/1889/1414
f 2118/2676/2196 2119/2672/2192 2254/1884/1409
f 2256/2678/2198 2257/2681/2201 2286/1902/1427
f 2259/2679/2199 2297/1912/1437 2289/1903/1428
f 2258/2680/2200 2289/1903/1428 2291/1904/1429
f 2261/2682/2202 2298/1913/1438 2300/1914/1439
f 2262/2684/2204 2263/2715/2235 2304/1921/1446
f 2262/2684/2204 2306/1922/1447 2298/1913/1438
f 2259/2679/2199 2260/2683/2203 2295/1911/1436
f 2256/2678/2198 2288/1901/1426 2242/1891/1416
f 2114/2685/2205 2115/2670/2190 2222/1862/1387
f 2098/2655/2175 2174/1803/1328 2166/1796/1321
f 2006/2635/2155 2007/2632/2152 2058/1710/1235
f 2102/2687/2207 2103/2659/2179 2186/1816/1341
f 2265/2688/2208 2315/1935/1460 2307/1924/1449
f 2267/2690/2210 2316/1936/1461 2318/1937/1462
f 2265/2688/2208 2266/2691/2211 2313/1934/1459
f 2270/2692/2212 2325/1946/1471 2327/1947/1472
f 2271/2694/2214 2272/2703/2223 2331/1954/1479
f 2271/2694/2214 2333/1955/1480 2325/1946/1471
f 2268/2695/2215 2324/1945/1470 2316/1936/1461
f 2273/2696/2216 2274/2699/2219 2342/1968/1493
f 2276/2697/2217 2343/1969/1494 2345/1970/1495
f 2274/2699/2219 2275/2698/2218 2340/1967/1492
f 2277/2700/2220 2278/2702/2222 2349/1977/1502
f 2279/2701/2221 2280/2707/2227 2360/1988/1513
f 2279/2701/2221 2352/1979/1504 2354/1980/1505
f 2276/2697/2217 2277/2700/2220 2351/1978/1503
f 2273/2696/2216 2334/1956/1481 2336/1957/1482
f 2268/2695/2215 2269/2693/2213 2322/1944/1469
f 2282/2704/2224 2283/2706/2226 2369/1998/1523
f 2282/2704/2224 2361/1989/1514 2363/1990/1515
f 2283/2706/2226 2284/2710/2230 2367/1997/1522
f 2280/2707/2227 2281/2705/2225 2358/1987/1512
f 2264/2689/2209 2307/1924/1449 2309/1923/1448
f 1625/1476/1001 1454/2718/2239 1626/2716/2237
f 1456/2717/2238 1631/2976/2498 1633/1487/1012
f 1633/1487/1012 1631/2976/2498 1454/2718/2239
f 1629/1475/1000 1626/2716/2237 1452/2719/2240
f 1458/2720/2241 1635/2722/2243 1637/1499/1024
f 1639/2721/2242 1458/2720/2241 1634/1500/1025
f 1635/2722/2243 1456/2717/2238 1630/1488/1013
f 1645/1523/1048 1643/2725/2246 1460/2723/2244
f 1649/1535/1060 1647/2977/2499 1462/2724/2245
f 1642/1524/1049 1462/2724/2245 1643/2725/2246
f 1651/2726/2247 1464/2729/2250 1646/1536/1061
f 1655/2727/2248 1466/2728/2249 1650/1548/1073
f 1466/2728/2249 1651/2726/2247 1653/1547/1072
f 1464/2729/2250 1647/2977/2499 1649/1535/1060
f 1661/1571/1096 1659/2732/2253 1468/2730/2251
f 1665/1597/1122 1663/2736/2257 1470/2731/2252
f 1658/1572/1097 1470/2731/2252 1659/2732/2253
f 1669/1609/1134 1667/2735/2256 1472/2733/2254
f 1673/1621/1146 1671/2744/2265 1474/2734/2255
f 1666/1610/1135 1474/2734/2255 1667/2735/2256
f 1662/1598/1123 1472/2733/2254 1663/2736/2257
f 1654/1560/1085 1468/2730/2251 1655/2727/2248
f 1638/1512/1037 1460/2723/2244 1639/2721/2242
f 1674/1634/1159 1478/2742/2263 1675/2740/2261
f 1677/1633/1158 1675/2740/2261 1476/2741/2262
f 1478/2742/2263 1674/1634/1159 1681/1652/1177
f 1671/2744/2265 1673/1621/1146 1670/1622/1147
f 1678/1653/1178 1480/2978/2500 1679/2743/2264
f 1482/2745/2266 1683/2746/2267 1685/1664/1189
f 1683/2746/2267 1480/2978/2500 1678/1653/1178
f 1686/1677/1202 1484/2748/2269 1687/2747/2268
f 1689/1676/1201 1687/2747/2268 1482/2745/2266
f 1693/1688/1213 1691/2749/2270 1484/2748/2269
f 1690/1689/1214 1486/2750/2271 1691/2749/2270
f 1697/1700/1225 1695/2752/2273 1486/2750/2271
f 1701/1712/1237 1699/2755/2276 1488/2751/2272
f 1694/1701/1226 1488/2751/2272 1695/2752/2273
f 1703/2753/2274 1490/2979/2501 1698/1713/1238
f 1492/2754/2275 1703/2753/2274 1705/1724/1249
f 1698/1713/1238 1490/2979/2501 1699/2755/2276
f 1504/2763/2284 1502/2757/2278 2986/1818/1343
f 2440/2779/2301 2462/2062/1585 2376/2032/1555
f 2441/2780/2302 2442/2782/2304 2467/2070/1593
f 2441/2780/2302 2460/2061/1584 2462/2062/1585
f 2443/2781/2303 2470/2072/1595 2465/2069/1592
f 2444/2783/2305 2468/2071/1594 2470/2072/1595
f 2444/2783/2305 2445/2785/2307 2475/2083/1606
f 2446/2784/2306 2478/2085/1608 2473/2082/1605
f 2447/2786/2308 2448/2791/2313 2483/2095/1618
f 2447/2786/2308 2476/2084/1607 2478/2085/1608
f 2450/2787/2309 2484/2096/1619 2486/2097/1620
f 2452/2789/2311 2494/2109/1632 2489/2106/1629
f 2450/2787/2309 2451/2790/2312 2491/2107/1630
f 2449/2788/2310 2486/2097/1620 2481/2094/1617
f 2453/2792/2314 2454/2794/2316 2499/2119/1642
f 2455/2793/2315 2456/2799/2321 2500/2120/1643
f 2455/2793/2315 2502/2121/1644 2497/2118/1641
f 2458/2795/2317 2510/2133/1656 2505/2130/1653
f 2516/2797/2319 2513/2141/1664 2515/2142/1665
f 2458/2795/2317 2459/2798/2320 2508/2132/1655
f 2456/2799/2321 2457/2796/2318 2507/2131/1654
f 2453/2792/2314 2492/2108/1631 2494/2109/1632
f 2517/2800/2322 2518/2803/2325 2532/2152/1675
f 2519/2802/2324 2520/2808/2330 2533/2153/1676
f 2519/2802/2324 2535/2154/1677 2529/2151/1674
f 2522/2804/2326 2543/2166/1689 2538/2163/1686
f 2522/2804/2326 2523/2807/2329 2541/2165/1688
f 2520/2808/2330 2521/2805/2327 2540/2164/1687
f 2526/2809/2331 2561/2187/1710 2564/2188/1711
f 2569/2811/2333 2602/2200/1723 2558/2197/1720
f 2571/2813/2335 2605/2209/1732 2607/2210/1733
f 2572/2815/2337 2573/2817/2339 2608/2212/1735
f 2572/2815/2337 2610/2211/1734 2605/2209/1732
f 2569/2811/2333 2570/2814/2336 2600/2199/1722
f 2524/2806/2328 2525/2810/2332 2567/2183/1706
f 2516/2797/2319 2517/2800/2322 2531/2801/2323
f 2574/2816/2338 2613/2222/1745 2615/2221/1744
f 2531/2801/2323 2511/2137/1660 2512/2140/1663
f 2613/2222/1745 2574/2816/2338 2575/2819/2341
f 2575/2819/2341 2576/2822/2344 2616/2224/1747
f 2578/2820/2342 2626/2235/1758 2621/2234/1757
f 2577/2821/2343 2621/2234/1757 2623/2233/1756
f 2580/2823/2345 2629/2246/1769 2631/2245/1768
f 2581/2825/2347 2582/2833/2355 2632/2248/1771
f 2581/2825/2347 2634/2247/1770 2629/2246/1769
f 2578/2820/2342 2579/2824/2346 2624/2236/1759
f 2583/2826/2348 2584/2829/2351 2642/2259/1782
f 2586/2827/2349 2645/2270/1793 2647/2269/1792
f 2584/2829/2351 2585/2828/2350 2640/2260/1783
f 2587/2830/2352 2588/2832/2354 2648/2272/1795
f 2589/2831/2353 2653/2282/1805 2655/2281/1804
f 2586/2827/2349 2587/2830/2352 2650/2271/1794
f 2583/2826/2348 2637/2258/1781 2639/2257/1780
f 2590/2834/2356 2591/2837/2359 2656/2284/1807
f 2593/2835/2357 2594/2843/2365 2664/2296/1819
f 2592/2836/2358 2661/2294/1817 2663/2293/1816
f 2595/2838/2360 2596/2842/2364 2674/2307/1830
f 2598/2839/2361 2684/2320/1843 2683/2840/2362
f 2596/2842/2364 2597/2841/2363 2672/2308/1831
f 2595/2838/2360 2669/2306/1829 2671/2305/1828
f 2695/2846/2368 2726/2336/1859 2728/2335/1858
f 2697/2847/2369 2737/2345/1868 2729/2338/1861
f 2698/2849/2371 2699/2884/2406 2740/2347/1870
f 2698/2849/2371 2735/2346/1869 2737/2345/1868
f 2695/2846/2368 2696/2848/2370 2731/2337/1860
f 2599/2844/2366 2693/2325/1848 2681/2321/1844
f 2589/2831/2353 2590/2834/2356 2658/2283/1806
f 2701/2850/2372 2744/2356/1879 2746/2355/1878
f 2703/2852/2374 2755/2365/1888 2747/2358/1881
f 2701/2850/2372 2702/2853/2375 2749/2357/1880
f 2704/2854/2376 2705/2857/2379 2758/2367/1890
f 2707/2855/2377 2762/2376/1899 2764/2375/1898
f 2706/2856/2378 2764/2375/1898 2756/2368/1891
f 2704/2854/2376 2753/2366/1889 2755/2365/1888
f 2709/2858/2380 2710/2861/2383 2771/2386/1909
f 2712/2859/2381 2782/2395/1918 2774/2388/1911
f 2710/2861/2383 2711/2860/2382 2776/2387/1910
f 2713/2862/2384 2714/2864/2386 2785/2397/1920
f 2715/2863/2385 2716/2883/2405 2789/2406/1929
f 2715/2863/2385 2791/2405/1928 2783/2398/1921
f 2712/2859/2381 2713/2862/2384 2780/2396/1919
f 2709/2858/2380 2773/2385/1908 2765/2377/1900
f 2718/2866/2388 2800/2418/1941 2792/2408/1931
f 2720/2868/2390 2801/2420/1943 2803/2421/1944
f 2718/2866/2388 2719/2869/2391 2798/2419/1942
f 2721/2870/2392 2722/2873/2395 2807/2428/1951
f 2723/2871/2393 2724/2881/2403 2835/2443/1966
f 2722/2873/2395 2723/2871/2393 2812/2431/1954
f 2721/2870/2392 2809/2429/1952 2801/2420/1943
f 2837/2876/2398 2823/2450/1973 2825/2449/1972
f 2838/2877/2399 2839/2880/2402 2869/2461/1984
f 2841/2878/2400 2880/2471/1994 2872/2462/1985
f 2840/2879/2401 2872/2462/1985 2874/2463/1986
f 2838/2877/2399 2871/2460/1983 2823/2450/1973
f 2724/2881/2403 2725/2874/2396 2832/2448/1971
f 2716/2883/2405 2717/2867/2389 2794/2407/1930
f 2700/2851/2373 2746/2355/1878 2738/2348/1871
f 2707/2855/2377 2708/2865/2387 2767/2378/1901
f 2592/2836/2358 2593/2835/2357 2666/2295/1818
f 2843/2885/2407 2881/2472/1995 2883/2473/1996
f 2844/2887/2409 2889/2481/2004 2881/2472/1995
f 2841/2878/2400 2842/2886/2408 2878/2470/1993
f 2846/2888/2410 2890/2482/2005 2892/2483/2006
f 2847/2890/2412 2848/2895/2417 2896/2493/2016
f 2847/2890/2412 2898/2494/2017 2890/2482/2005
f 2850/2891/2413 2907/2504/2027 2899/2495/2018
f 2852/2893/2415 2908/2506/2029 2910/2505/2028
f 2850/2891/2413 2851/2894/2416 2905/2503/2026
f 2849/2892/2414 2899/2495/2018 2901/2496/2019
f 2853/2896/96 2854/2898/2419 2914/2513/2036
f 2855/2897/2418 2856/2902/2423 2925/2527/2050
f 2855/2897/2418 2917/2515/2038 2919/2516/2039
f 2858/2899/2420 2926/2528/2051 2928/2529/2052
f 2859/2901/2422 2860/2911/2432 2932/2536/2059
f 2858/2899/2420 2859/2901/2422 2934/2537/2060
f 2856/2902/2423 2857/2900/2421 2923/2526/2049
f 2853/2896/96 2916/2514/2037 2908/2506/2029
f 2861/2903/2424 2862/2906/2427 2942/2547/2070
f 2864/2904/2425 2943/2548/2071 2945/2549/2072
f 2862/2906/2427 2863/2905/2426 2940/2546/2069
f 2864/2904/2425 2865/2909/2430 2947/2557/2079
f 2861/2903/2424 2935/2538/2061 2937/2539/2062
f 2867/2912/2433 2868/2914/2435 2951/2568/2089
f 1622/2913/2434 2955/2570/2091 2957/2571/2092
f 2844/2887/2409 2845/2889/2411 2887/2480/2003
f 1541/2915/2436 1707/2918/2439 1710/2074/1597
f 1543/2916/2437 1712/2917/2438 1714/2086/1609
f 1712/2917/2438 1541/2915/2436 1706/2075/1598
f 1707/2918/2439 1539/2936/2457 1708/2073/1596
f 1715/2099/1622 1545/2980/2502 1716/2919/2440
f 1720/2920/2441 1545/2980/2502 1715/2099/1622
f 1718/2098/1621 1716/2919/2440 1543/2916/2437
f 1726/2122/1645 1724/2981/2503 1547/2921/2442
f 1730/2134/1657 1728/2982/2504 1549/2922/2443
f 1549/2922/2443 1724/2981/2503 1726/2122/1645
f 1734/2143/1666 1732/2925/2446 1551/2923/2444
f 1738/2155/1678 1736/2983/2505 1553/2924/2445
f 1731/2144/1667 1553/2924/2445 1732/2925/2446
f 1551/2923/2444 1728/2982/2504 1730/2134/1657
f 1742/2167/1690 1740/2928/2449 1555/2926/2447
f 1746/2189/1712 1744/2932/2453 1557/2927/2448
f 1739/2168/1691 1557/2927/2448 1740/2928/2449
f 1748/2929/2450 1559/2984/2506 1743/2190/1713
f 1752/2930/2451 1561/2931/2452 1747/2202/1725
f 1561/2931/2452 1748/2929/2450 1750/2201/1724
f 1743/2190/1713 1559/2984/2506 1744/2932/2453
f 1555/2926/2447 1736/2983/2505 1738/2155/1678
f 1547/2921/2442 1720/2920/2441 1722/2110/1633
f 1755/2226/1749 1565/2939/2460 1756/2937/2458
f 1758/2225/1748 1756/2937/2458 1563/2938/2459
f 1565/2939/2460 1755/2226/1749 1762/2237/1760
f 1752/2930/2451 1754/2213/1736 1751/2214/1737
f 1759/2238/1761 1567/2942/2463 1760/2940/2461
f 1763/2250/1773 1569/2944/2465 1764/2941/2462
f 1766/2249/1772 1764/2941/2462 1567/2942/2463
f 1767/2262/1785 1571/2945/2466 1768/2943/2464
f 1770/2261/1784 1768/2943/2464 1569/2944/2465
f 1774/2273/1796 1772/2946/2467 1571/2945/2466
f 1771/2274/1797 1573/2947/2468 1772/2946/2467
f 1778/2285/1808 1776/2949/2470 1573/2947/2468
f 1782/2297/1820 1780/2953/2474 1575/2948/2469
f 1775/2286/1809 1575/2948/2469 1776/2949/2470
f 1786/2309/1832 1784/2952/2473 1577/2950/2471
f 1783/2310/1833 1579/2951/2472 1784/2952/2473
f 1779/2298/1821 1577/2950/2471 1780/2953/2474
f 1621/2966/2487 1620/2542/2065 1830/2553/2075
