# Blender 4.5.2 LTS
# www.blender.org
mtllib materials.mtl
o leg_5
v 0.023705 -0.100203 0.047552
v 0.011852 -0.100203 0.047552
v 0.000000 -0.100203 0.047552
v -0.011853 -0.100203 0.047552
v -0.023705 -0.100203 0.047552
v 0.035557 -0.100203 0.035664
v 0.023705 -0.100203 0.035664
v 0.011852 -0.100203 0.035664
v 0.000000 -0.100203 0.035664
v -0.011853 -0.100203 0.035664
v -0.023705 -0.100203 0.035664
v -0.035557 -0.100202 0.035664
v 0.047409 -0.100203 0.023776
v 0.035557 -0.100203 0.023776
v 0.023705 -0.100203 0.023776
v 0.011852 -0.100203 0.023776
v 0.000000 -0.100203 0.023776
v -0.011853 -0.100203 0.023776
v -0.023705 -0.100203 0.023776
v -0.035557 -0.100202 0.023776
v -0.047410 -0.100202 0.023776
v 0.047409 -0.100203 0.011888
v 0.035557 -0.100203 0.011888
v 0.023705 -0.100203 0.011888
v 0.011852 -0.100203 0.011888
v 0.000000 -0.100203 0.011888
v -0.011853 -0.100203 0.011888
v -0.023705 -0.100203 0.011888
v -0.035557 -0.100202 0.011888
v -0.047410 -0.100202 0.011888
v 0.047409 -0.100203 0.000000
v 0.035557 -0.100203 0.000000
v 0.023705 -0.100203 0.000000
v 0.011852 -0.100203 0.000000
v 0.000000 -0.100203 0.000000
v -0.011853 -0.100203 0.000000
v -0.023705 -0.100203 0.000000
v -0.035557 -0.100202 0.000000
v -0.047410 -0.100202 0.000000
v 0.047409 -0.100203 -0.011888
v 0.035557 -0.100203 -0.011888
v 0.023705 -0.100203 -0.011888
v 0.011852 -0.100203 -0.011888
v 0.000000 -0.100203 -0.011888
v -0.011853 -0.100203 -0.011888
v -0.023705 -0.100203 -0.011888
v -0.035557 -0.100202 -0.011888
v -0.047410 -0.100202 -0.011888
v 0.047409 -0.100203 -0.023776
v 0.035557 -0.100203 -0.023776
v 0.023705 -0.100203 -0.023776
v 0.011852 -0.100203 -0.023776
v 0.000000 -0.100203 -0.023776
v -0.011853 -0.100203 -0.023776
v -0.023705 -0.100203 -0.023776
v -0.035557 -0.100202 -0.023776
v -0.047410 -0.100202 -0.023776
v 0.035557 -0.100203 -0.035664
v 0.023705 -0.100203 -0.035664
v 0.011852 -0.100203 -0.035664
v 0.000000 -0.100203 -0.035664
v -0.011853 -0.100203 -0.035664
v -0.023705 -0.100203 -0.035664
v -0.035557 -0.100202 -0.035664
v 0.023705 -0.100203 -0.047552
v 0.011852 -0.100203 -0.047552
v 0.000000 -0.100203 -0.047552
v -0.011853 -0.100203 -0.047552
v -0.023705 -0.100203 -0.047552
v 0.040921 -0.100203 0.041402
v 0.043826 -0.100203 0.038298
v 0.045190 -0.100203 0.036668
v 0.046494 -0.100203 0.034988
v 0.047735 -0.100203 0.033262
v 0.048912 -0.100203 0.031492
v 0.050058 -0.100203 0.029623
v 0.051133 -0.100203 0.027713
v 0.052077 -0.100203 0.025882
v 0.052956 -0.100203 0.024019
v 0.053793 -0.100203 0.022066
v 0.054558 -0.100203 0.020082
v 0.055249 -0.100203 0.018072
v 0.055866 -0.100203 0.016038
v 0.056409 -0.100203 0.013982
v 0.056878 -0.100203 0.011908
v 0.057271 -0.100203 0.009819
v 0.057589 -0.100203 0.007717
v 0.057831 -0.100203 0.005604
v 0.057996 -0.100203 0.003486
v 0.058083 -0.100203 0.001361
v 0.058093 -0.100203 -0.000765
v 0.058027 -0.100203 -0.002889
v 0.057884 -0.100203 -0.005010
v 0.057665 -0.100203 -0.007125
v 0.057369 -0.100203 -0.009230
v 0.056997 -0.100203 -0.011323
v 0.056549 -0.100203 -0.013401
v 0.056027 -0.100203 -0.015462
v 0.055431 -0.100203 -0.017503
v 0.054761 -0.100203 -0.019521
v 0.054016 -0.100203 -0.021512
v 0.053234 -0.100203 -0.023392
v 0.052387 -0.100203 -0.025244
v 0.051392 -0.100203 -0.027224
v 0.050324 -0.100203 -0.029164
v 0.049231 -0.100203 -0.030987
v 0.048072 -0.100203 -0.032770
v 0.046849 -0.100203 -0.034509
v 0.045564 -0.100203 -0.036201
v 0.044167 -0.100203 -0.037905
v 0.042704 -0.100203 -0.039554
v 0.039823 -0.100203 -0.042465
v 0.036624 -0.100203 -0.045265
v 0.033228 -0.100203 -0.047823
v 0.029656 -0.100203 -0.050126
v 0.025924 -0.100203 -0.052163
v 0.022228 -0.100203 -0.053850
v 0.018065 -0.100203 -0.055389
v 0.013979 -0.100203 -0.056562
v 0.009906 -0.100203 -0.057420
v 0.005604 -0.100203 -0.058003
v 0.001361 -0.100203 -0.058258
v -0.002729 -0.100203 -0.058210
v -0.007167 -0.100203 -0.057828
v -0.011396 -0.100203 -0.057142
v -0.015458 -0.100203 -0.056176
v -0.019512 -0.100203 -0.054896
v -0.023622 -0.100203 -0.053250
v -0.027165 -0.100202 -0.051524
v -0.030959 -0.100202 -0.049328
v -0.034471 -0.100202 -0.046932
v -0.037798 -0.100202 -0.044286
v -0.040921 -0.100202 -0.041402
v -0.043825 -0.100202 -0.038297
v -0.045190 -0.100202 -0.036667
v -0.046494 -0.100202 -0.034988
v -0.047736 -0.100202 -0.033263
v -0.048914 -0.100202 -0.031494
v -0.050060 -0.100202 -0.029625
v -0.051135 -0.100202 -0.027713
v -0.052078 -0.100202 -0.025883
v -0.052955 -0.100202 -0.024020
v -0.053792 -0.100202 -0.022065
v -0.054556 -0.100202 -0.020082
v -0.055248 -0.100202 -0.018072
v -0.055866 -0.100202 -0.016038
v -0.056410 -0.100202 -0.013982
v -0.056879 -0.100202 -0.011908
v -0.057272 -0.100202 -0.009819
v -0.057589 -0.100202 -0.007718
v -0.057831 -0.100202 -0.005605
v -0.057995 -0.100202 -0.003486
v -0.058081 -0.100202 -0.001450
v -0.058096 -0.100202 0.000587
v -0.058032 -0.100202 0.002801
v -0.057885 -0.100202 0.005010
v -0.057665 -0.100202 0.007125
v -0.057368 -0.100202 0.009230
v -0.056996 -0.100202 0.011323
v -0.056548 -0.100202 0.013401
v -0.056026 -0.100202 0.015462
v -0.055430 -0.100202 0.017502
v -0.054759 -0.100202 0.019520
v -0.054016 -0.100202 0.021511
v -0.053199 -0.100202 0.023474
v -0.052310 -0.100202 0.025405
v -0.051352 -0.100202 0.027302
v -0.050325 -0.100202 0.029164
v -0.049232 -0.100202 0.030987
v -0.048072 -0.100202 0.032770
v -0.046849 -0.100202 0.034508
v -0.045563 -0.100202 0.036201
v -0.044166 -0.100202 0.037904
v -0.042704 -0.100202 0.039553
v -0.039823 -0.100202 0.042465
v -0.036624 -0.100202 0.045266
v -0.033229 -0.100202 0.047822
v -0.029655 -0.100202 0.050125
v -0.025924 -0.100202 0.052162
v -0.022054 -0.100203 0.053921
v -0.018064 -0.100203 0.055390
v -0.013979 -0.100203 0.056563
v -0.009906 -0.100203 0.057420
v -0.005661 -0.100203 0.057997
v -0.001361 -0.100203 0.058258
v 0.002728 -0.100203 0.058210
v 0.007168 -0.100203 0.057828
v 0.011396 -0.100203 0.057142
v 0.015457 -0.100203 0.056176
v 0.019511 -0.100203 0.054896
v 0.023622 -0.100203 0.053250
v 0.027165 -0.100203 0.051523
v 0.030960 -0.100203 0.049327
v 0.034471 -0.100203 0.046932
v 0.037798 -0.100203 0.044286
v 0.041483 -0.100203 0.035664
v 0.041483 -0.100203 0.023776
v 0.035557 -0.100203 0.029720
v 0.047409 -0.100203 0.029720
v 0.041483 -0.100203 0.029720
v 0.053336 -0.100203 0.011888
v 0.047409 -0.100203 0.017832
v 0.053336 -0.100203 0.017832
v 0.053336 -0.100203 0.000000
v 0.047409 -0.100203 0.005944
v 0.053336 -0.100203 0.005944
v 0.053336 -0.100203 -0.011888
v 0.047409 -0.100203 -0.005944
v 0.053336 -0.100203 -0.005944
v 0.047409 -0.100203 -0.017832
v 0.053336 -0.100203 -0.017832
v 0.047409 -0.100203 -0.029720
v 0.041483 -0.100203 -0.035664
v 0.035557 -0.100203 -0.029720
v 0.041483 -0.100203 -0.023776
v 0.041483 -0.100203 -0.029720
v -0.017779 -0.100203 -0.047552
v -0.011853 -0.100203 -0.053495
v -0.017779 -0.100203 -0.053495
v -0.041484 -0.100202 -0.035664
v -0.047410 -0.100202 -0.029720
v -0.041484 -0.100202 -0.023776
v -0.035557 -0.100202 -0.029720
v -0.041484 -0.100202 -0.029720
v -0.053336 -0.100202 -0.011888
v -0.047410 -0.100202 -0.017832
v -0.053336 -0.100202 -0.017832
v -0.053336 -0.100202 0.000000
v -0.047410 -0.100202 -0.005944
v -0.053336 -0.100202 -0.005944
v -0.053336 -0.100202 0.011888
v -0.047410 -0.100202 0.005944
v -0.053336 -0.100202 0.005944
v -0.047410 -0.100202 0.017832
v -0.053336 -0.100202 0.017832
v -0.047410 -0.100202 0.029720
v -0.041484 -0.100202 0.023776
v -0.041484 -0.100202 0.035664
v -0.035557 -0.100202 0.029720
v -0.041484 -0.100202 0.029720
v 0.017778 -0.100203 0.047552
v 0.011852 -0.100203 0.053495
v 0.017778 -0.100203 0.053495
v 0.026624 -0.136508 0.044450
v 0.008874 -0.136508 0.044450
v -0.008875 -0.136508 0.044450
v -0.026625 -0.136508 0.044450
v 0.044373 -0.136508 0.026670
v 0.026624 -0.136508 0.026670
v 0.008874 -0.136508 0.026670
v -0.008875 -0.136508 0.026670
v -0.026625 -0.136508 0.026670
v -0.044374 -0.136509 0.026670
v 0.044373 -0.136508 0.008890
v 0.026624 -0.136508 0.008890
v 0.008874 -0.136508 0.008890
v -0.008875 -0.136508 0.008890
v -0.026625 -0.136508 0.008890
v -0.044374 -0.136509 0.008890
v 0.044373 -0.136508 -0.008890
v 0.026624 -0.136508 -0.008890
v 0.008874 -0.136508 -0.008890
v -0.008875 -0.136508 -0.008890
v -0.026625 -0.136508 -0.008890
v -0.044374 -0.136509 -0.008890
v 0.044373 -0.136508 -0.026670
v 0.026624 -0.136508 -0.026670
v 0.008874 -0.136508 -0.026670
v -0.008875 -0.136508 -0.026670
v -0.026625 -0.136508 -0.026670
v -0.044374 -0.136509 -0.026670
v 0.026624 -0.136508 -0.044450
v 0.008874 -0.136508 -0.044450
v -0.008875 -0.136508 -0.044450
v -0.026625 -0.136508 -0.044450
v 0.000000 -0.136508 -0.062229
v -0.003729 -0.136508 -0.062118
v -0.007445 -0.136508 -0.061781
v -0.011133 -0.136508 -0.061222
v -0.014782 -0.136508 -0.060443
v -0.018377 -0.136508 -0.059447
v -0.021906 -0.136508 -0.058237
v -0.025356 -0.136508 -0.056817
v -0.028714 -0.136508 -0.055191
v -0.031968 -0.136508 -0.053367
v -0.035108 -0.136509 -0.051352
v -0.038121 -0.136509 -0.049152
v -0.040997 -0.136509 -0.046775
v -0.043723 -0.136509 -0.044228
v -0.008875 -0.136508 -0.053340
v 0.000000 -0.136508 -0.044450
v 0.008874 -0.136508 -0.053340
v 0.000000 -0.136508 -0.053340
v -0.017750 -0.136508 -0.044450
v -0.017750 -0.136508 -0.053340
v -0.035499 -0.136509 -0.044450
v -0.044374 -0.136509 -0.035560
v -0.035499 -0.136509 -0.026670
v -0.026625 -0.136508 -0.035560
v -0.035499 -0.136509 -0.035560
v 0.000000 -0.136508 0.062229
v 0.003728 -0.136508 0.062118
v 0.007444 -0.136508 0.061781
v 0.011132 -0.136508 0.061222
v 0.014781 -0.136508 0.060443
v 0.018376 -0.136508 0.059447
v 0.021905 -0.136508 0.058237
v 0.025355 -0.136508 0.056817
v 0.028713 -0.136508 0.055191
v 0.031967 -0.136508 0.053367
v 0.035107 -0.136508 0.051352
v 0.038121 -0.136508 0.049152
v 0.043722 -0.136508 0.044228
v 0.000000 -0.136508 0.044450
v -0.008875 -0.136508 0.053340
v 0.008874 -0.136508 0.053340
v 0.000000 -0.136508 0.053340
v 0.017749 -0.136508 0.044450
v 0.017749 -0.136508 0.053340
v 0.035499 -0.136508 0.044450
v -0.062124 -0.136509 -0.000001
v -0.062010 -0.136509 0.003780
v -0.061667 -0.136509 0.007547
v -0.061096 -0.136509 0.011286
v -0.060301 -0.136509 0.014984
v -0.059284 -0.136509 0.018627
v -0.058048 -0.136509 0.022201
v -0.056595 -0.136509 0.025693
v -0.054933 -0.136509 0.029090
v -0.053068 -0.136509 0.032379
v -0.051007 -0.136509 0.035550
v -0.048758 -0.136509 0.038590
v -0.046328 -0.136509 0.041487
v -0.043723 -0.136509 0.044228
v -0.053249 -0.136509 -0.008890
v -0.053249 -0.136509 0.008890
v -0.044374 -0.136509 0.000000
v -0.053249 -0.136509 0.000000
v -0.053249 -0.136509 0.026670
v -0.044374 -0.136509 0.017780
v -0.053249 -0.136509 0.017780
v -0.044374 -0.136509 0.035560
v -0.035499 -0.136509 0.026670
v -0.035499 -0.136509 0.044450
v -0.026625 -0.136508 0.035560
v -0.035499 -0.136509 0.035560
v -0.046189 -0.136509 -0.041639
v -0.048502 -0.136509 -0.038911
v -0.050654 -0.136509 -0.036055
v -0.052638 -0.136509 -0.033079
v -0.054447 -0.136509 -0.029995
v -0.056076 -0.136509 -0.026811
v -0.057520 -0.136509 -0.023538
v -0.059831 -0.136509 -0.016772
v -0.053249 -0.136509 -0.026670
v -0.044374 -0.136509 -0.017780
v -0.053249 -0.136509 -0.017780
v 0.062123 -0.136508 -0.000001
v 0.062031 -0.136508 -0.003395
v 0.061754 -0.136508 -0.006779
v 0.061295 -0.136508 -0.010143
v 0.059831 -0.136508 -0.016772
v 0.053248 -0.136508 -0.008890
v 0.044373 -0.136508 0.000000
v 0.053248 -0.136508 0.008890
v 0.053248 -0.136508 0.000000
v 0.053248 -0.136508 -0.026670
v 0.044373 -0.136508 -0.017780
v 0.053248 -0.136508 -0.017780
v 0.058774 -0.136508 -0.020189
v 0.057520 -0.136508 -0.023539
v 0.056075 -0.136508 -0.026810
v 0.054445 -0.136508 -0.029993
v 0.052636 -0.136508 -0.033078
v 0.050653 -0.136508 -0.036054
v 0.048502 -0.136508 -0.038911
v 0.046190 -0.136508 -0.041639
v 0.043722 -0.136508 -0.044228
v 0.044373 -0.136508 -0.035560
v 0.035499 -0.136508 -0.044450
v 0.026624 -0.136508 -0.035560
v 0.035499 -0.136508 -0.026670
v 0.035499 -0.136508 -0.035560
v 0.040996 -0.136508 -0.046775
v 0.038168 -0.136508 -0.049114
v 0.035107 -0.136508 -0.051352
v 0.031967 -0.136508 -0.053367
v 0.028713 -0.136508 -0.055191
v 0.025355 -0.136508 -0.056817
v 0.021905 -0.136508 -0.058237
v 0.018376 -0.136508 -0.059447
v 0.014781 -0.136508 -0.060443
v 0.011132 -0.136508 -0.061222
v 0.007444 -0.136508 -0.061782
v 0.003729 -0.136508 -0.062119
v 0.017749 -0.136508 -0.044450
v 0.017749 -0.136508 -0.053340
v -0.060654 -0.136509 -0.013478
v -0.061295 -0.136509 -0.010144
v -0.061755 -0.136509 -0.006779
v -0.062032 -0.136509 -0.003395
v -0.040997 -0.136509 0.046775
v -0.038121 -0.136509 0.049152
v -0.035108 -0.136509 0.051352
v -0.031968 -0.136508 0.053367
v -0.028713 -0.136508 0.055191
v -0.025356 -0.136508 0.056817
v -0.021906 -0.136508 0.058237
v -0.018377 -0.136508 0.059447
v -0.014782 -0.136508 0.060443
v -0.011133 -0.136508 0.061222
v -0.007445 -0.136508 0.061781
v -0.003729 -0.136508 0.062118
v -0.017750 -0.136508 0.044450
v -0.017750 -0.136508 0.053340
v 0.046327 -0.136508 0.041487
v 0.048757 -0.136508 0.038590
v 0.051006 -0.136508 0.035550
v 0.053067 -0.136508 0.032379
v 0.054932 -0.136508 0.029089
v 0.056595 -0.136508 0.025693
v 0.058047 -0.136508 0.022201
v 0.059283 -0.136508 0.018627
v 0.060300 -0.136508 0.014984
v 0.061095 -0.136508 0.011286
v 0.061666 -0.136508 0.007547
v 0.062009 -0.136508 0.003780
v 0.035499 -0.136508 0.026670
v 0.026624 -0.136508 0.035560
v 0.044373 -0.136508 0.035560
v 0.035499 -0.136508 0.035560
v 0.053248 -0.136508 0.026670
v 0.044373 -0.136508 0.017780
v 0.053248 -0.136508 0.017780
v 0.000000 -0.134762 0.063709
v 0.000000 -0.136508 0.062229
v 0.003816 -0.135402 0.063563
v 0.003797 -0.135995 0.063246
v 0.003764 -0.136387 0.062709
v 0.003728 -0.136508 0.062118
v 0.007617 -0.135401 0.063219
v 0.007579 -0.135994 0.062904
v 0.007515 -0.136387 0.062369
v 0.007444 -0.136508 0.061781
v 0.011392 -0.135400 0.062646
v 0.011335 -0.135994 0.062334
v 0.011239 -0.136386 0.061805
v 0.011132 -0.136508 0.061222
v 0.015126 -0.135399 0.061850
v 0.015050 -0.135993 0.061542
v 0.014922 -0.136386 0.061018
v 0.014781 -0.136508 0.060443
v 0.018805 -0.135397 0.060831
v 0.018711 -0.135992 0.060528
v 0.018552 -0.136386 0.060014
v 0.018376 -0.136508 0.059447
v 0.022416 -0.135396 0.059593
v 0.022305 -0.135992 0.059297
v 0.022115 -0.136386 0.058793
v 0.021905 -0.136508 0.058237
v 0.025947 -0.135394 0.058140
v 0.025818 -0.135991 0.057851
v 0.025597 -0.136386 0.057359
v 0.025355 -0.136508 0.056817
v 0.029383 -0.135392 0.056477
v 0.029237 -0.135990 0.056197
v 0.028987 -0.136385 0.055718
v 0.028713 -0.136508 0.055191
v 0.032714 -0.135390 0.054611
v 0.032552 -0.135989 0.054340
v 0.032273 -0.136385 0.053877
v 0.031967 -0.136508 0.053367
v 0.035927 -0.135387 0.052549
v 0.035749 -0.135987 0.052289
v 0.035444 -0.136385 0.051843
v 0.035107 -0.136508 0.051352
v 0.039012 -0.135384 0.050298
v 0.038819 -0.135986 0.050050
v 0.038486 -0.136385 0.049623
v 0.038121 -0.136508 0.049152
v 0.041955 -0.135381 0.047867
v 0.041748 -0.135985 0.047631
v 0.041390 -0.136384 0.047224
v 0.044760 -0.134731 0.045275
v 0.043722 -0.136508 0.044228
v 0.000000 -0.136382 0.062831
v 0.000000 -0.135978 0.063374
v 0.000000 -0.135376 0.063684
v 0.003746 -0.136480 0.062409
v 0.001883 -0.136387 0.062794
v 0.001874 -0.136480 0.062494
v 0.003781 -0.136223 0.062996
v 0.001899 -0.135995 0.063332
v 0.001891 -0.136224 0.063081
v 0.003808 -0.135712 0.063440
v 0.001908 -0.135402 0.063649
v 0.001905 -0.135713 0.063526
v 0.003819 -0.135071 0.063614
v 0.001910 -0.135072 0.063700
v 0.044750 -0.135352 0.045265
v 0.044535 -0.135966 0.045048
v 0.044150 -0.136380 0.044660
v 0.043370 -0.135380 0.046585
v 0.041986 -0.135047 0.047902
v 0.043402 -0.135045 0.046619
v 0.043156 -0.135984 0.046356
v 0.041876 -0.135697 0.047776
v 0.043288 -0.135696 0.046497
v 0.042786 -0.136384 0.045959
v 0.041581 -0.136218 0.047442
v 0.042984 -0.136218 0.046171
v 0.041190 -0.136479 0.046996
v 0.042579 -0.136479 0.045738
v 0.001227 -0.134762 0.063698
v 0.002788 -0.134762 0.063649
v 0.004349 -0.134761 0.063561
v 0.005905 -0.134761 0.063434
v 0.007459 -0.134761 0.063270
v 0.009008 -0.134760 0.063067
v 0.010552 -0.134760 0.062826
v 0.012089 -0.134759 0.062547
v 0.013620 -0.134759 0.062231
v 0.015141 -0.134758 0.061877
v 0.016654 -0.134757 0.061487
v 0.018157 -0.134757 0.061059
v 0.019649 -0.134756 0.060595
v 0.021128 -0.134755 0.060094
v 0.022595 -0.134754 0.059557
v 0.024048 -0.134753 0.058984
v 0.025487 -0.134752 0.058375
v 0.026910 -0.134751 0.057730
v 0.028318 -0.134750 0.057051
v 0.029707 -0.134749 0.056337
v 0.031079 -0.134747 0.055590
v 0.032432 -0.134746 0.054809
v 0.033766 -0.134745 0.053996
v 0.035079 -0.134744 0.053150
v 0.036372 -0.134742 0.052272
v 0.037643 -0.134741 0.051363
v 0.038891 -0.134739 0.050422
v 0.040115 -0.134738 0.049452
v 0.041314 -0.134736 0.048451
v 0.042490 -0.134734 0.047421
v 0.043638 -0.134733 0.046363
v 0.044202 -0.134732 0.045822
v 0.044482 -0.134731 0.045550
v 0.044095 -0.135044 0.045961
v 0.043399 -0.134885 0.046615
v 0.044092 -0.134884 0.045958
v -0.063587 -0.134678 -0.000001
v -0.062124 -0.136509 -0.000001
v -0.063471 -0.135339 0.003868
v -0.063164 -0.135964 0.003849
v -0.062616 -0.136380 0.003816
v -0.062010 -0.136509 0.003780
v -0.063119 -0.135340 0.007723
v -0.062814 -0.135965 0.007686
v -0.062269 -0.136380 0.007620
v -0.061667 -0.136509 0.007547
v -0.062534 -0.135342 0.011550
v -0.062232 -0.135966 0.011495
v -0.061693 -0.136381 0.011396
v -0.061096 -0.136509 0.011286
v -0.061720 -0.135345 0.015335
v -0.061421 -0.135967 0.015261
v -0.060889 -0.136381 0.015130
v -0.060301 -0.136509 0.014984
v -0.060678 -0.135349 0.019063
v -0.060384 -0.135969 0.018971
v -0.059861 -0.136381 0.018808
v -0.059284 -0.136509 0.018627
v -0.059412 -0.135352 0.022720
v -0.059123 -0.135971 0.022610
v -0.058612 -0.136382 0.022416
v -0.058048 -0.136509 0.022201
v -0.057925 -0.135356 0.026293
v -0.057643 -0.135973 0.026166
v -0.057145 -0.136382 0.025941
v -0.056595 -0.136509 0.025693
v -0.056223 -0.135360 0.029770
v -0.055948 -0.135975 0.029625
v -0.055465 -0.136382 0.029371
v -0.054933 -0.136509 0.029090
v -0.054313 -0.135365 0.033136
v -0.054047 -0.135977 0.032975
v -0.053581 -0.136383 0.032692
v -0.053068 -0.136509 0.032379
v -0.052203 -0.135369 0.036381
v -0.051947 -0.135979 0.036203
v -0.051500 -0.136383 0.035892
v -0.051007 -0.136509 0.035550
v -0.049901 -0.135373 0.039491
v -0.049655 -0.135981 0.039297
v -0.049229 -0.136384 0.038961
v -0.048758 -0.136509 0.038590
v -0.047413 -0.135376 0.042455
v -0.047179 -0.135982 0.042246
v -0.046774 -0.136384 0.041885
v -0.046328 -0.136509 0.041487
v -0.044761 -0.134731 0.045275
v -0.043723 -0.136509 0.044228
v -0.044751 -0.135352 0.045265
v -0.044536 -0.135966 0.045048
v -0.044151 -0.136380 0.044660
v -0.046102 -0.135378 0.043878
v -0.047447 -0.135040 0.042485
v -0.046135 -0.135043 0.043910
v -0.045874 -0.135983 0.043662
v -0.047324 -0.135694 0.042375
v -0.046015 -0.135695 0.043795
v -0.045481 -0.136384 0.043289
v -0.046991 -0.136217 0.042078
v -0.045691 -0.136218 0.043488
v -0.046548 -0.136479 0.041683
v -0.045260 -0.136479 0.043080
v -0.062742 -0.136375 -0.000001
v -0.063295 -0.135945 -0.000001
v -0.063593 -0.135310 -0.000001
v -0.062308 -0.136479 0.003798
v -0.062703 -0.136380 0.001908
v -0.062395 -0.136479 0.001899
v -0.062910 -0.136207 0.003834
v -0.063252 -0.135964 0.001925
v -0.062998 -0.136207 0.001917
v -0.063356 -0.135665 0.003861
v -0.063558 -0.135339 0.001934
v -0.063444 -0.135665 0.001931
v -0.063507 -0.134996 0.003870
v -0.063595 -0.134995 0.001936
v -0.063527 -0.134678 0.002789
v -0.063440 -0.134679 0.004349
v -0.063314 -0.134679 0.005906
v -0.063151 -0.134680 0.007460
v -0.062950 -0.134681 0.009009
v -0.062711 -0.134682 0.010553
v -0.062434 -0.134684 0.012091
v -0.062121 -0.134685 0.013621
v -0.061770 -0.134687 0.015144
v -0.061382 -0.134688 0.016657
v -0.060957 -0.134690 0.018160
v -0.060496 -0.134692 0.019653
v -0.059998 -0.134694 0.021134
v -0.059464 -0.134696 0.022602
v -0.058894 -0.134698 0.024057
v -0.058288 -0.134700 0.025497
v -0.057647 -0.134702 0.026922
v -0.056971 -0.134704 0.028330
v -0.056260 -0.134706 0.029722
v -0.055516 -0.134708 0.031096
v -0.054739 -0.134711 0.032451
v -0.053928 -0.134713 0.033786
v -0.053086 -0.134715 0.035101
v -0.052211 -0.134717 0.036396
v -0.051305 -0.134719 0.037669
v -0.050367 -0.134721 0.038919
v -0.049400 -0.134723 0.040145
v -0.048402 -0.134725 0.041348
v -0.047375 -0.134727 0.042525
v -0.046319 -0.134729 0.043677
v -0.045234 -0.134731 0.044801
v 0.000000 -0.134762 -0.063709
v 0.000000 -0.136508 -0.062229
v -0.003816 -0.135402 -0.063563
v -0.003797 -0.135995 -0.063246
v -0.003765 -0.136387 -0.062709
v -0.003729 -0.136508 -0.062118
v -0.007618 -0.135401 -0.063219
v -0.007580 -0.135994 -0.062904
v -0.007516 -0.136387 -0.062369
v -0.007445 -0.136508 -0.061781
v -0.011393 -0.135400 -0.062646
v -0.011336 -0.135994 -0.062334
v -0.011239 -0.136387 -0.061805
v -0.011133 -0.136508 -0.061222
v -0.015127 -0.135399 -0.061850
v -0.015051 -0.135993 -0.061542
v -0.014923 -0.136386 -0.061018
v -0.014782 -0.136508 -0.060443
v -0.018806 -0.135398 -0.060831
v -0.018712 -0.135993 -0.060528
v -0.018553 -0.136386 -0.060014
v -0.018377 -0.136508 -0.059447
v -0.022417 -0.135396 -0.059593
v -0.022306 -0.135992 -0.059297
v -0.022115 -0.136386 -0.058793
v -0.021906 -0.136508 -0.058237
v -0.025948 -0.135394 -0.058140
v -0.025819 -0.135991 -0.057851
v -0.025598 -0.136386 -0.057359
v -0.025356 -0.136508 -0.056817
v -0.029384 -0.135392 -0.056477
v -0.029238 -0.135990 -0.056197
v -0.028988 -0.136386 -0.055718
v -0.028714 -0.136508 -0.055191
v -0.032715 -0.135390 -0.054611
v -0.032552 -0.135989 -0.054340
v -0.032274 -0.136386 -0.053877
v -0.031968 -0.136508 -0.053367
v -0.035928 -0.135387 -0.052549
v -0.035750 -0.135988 -0.052289
v -0.035444 -0.136385 -0.051843
v -0.035108 -0.136509 -0.051352
v -0.039013 -0.135385 -0.050298
v -0.038820 -0.135986 -0.050050
v -0.038487 -0.136385 -0.049623
v -0.038121 -0.136509 -0.049152
v -0.041956 -0.135382 -0.047867
v -0.041749 -0.135985 -0.047631
v -0.041391 -0.136385 -0.047224
v -0.040997 -0.136509 -0.046775
v -0.044761 -0.134731 -0.045275
v -0.043723 -0.136509 -0.044228
v -0.044751 -0.135352 -0.045265
v -0.044536 -0.135966 -0.045048
v -0.044151 -0.136380 -0.044660
v -0.043371 -0.135380 -0.046585
v -0.041987 -0.135048 -0.047902
v -0.043403 -0.135046 -0.046619
v -0.043157 -0.135984 -0.046356
v -0.041876 -0.135698 -0.047776
v -0.043289 -0.135696 -0.046497
v -0.042787 -0.136385 -0.045959
v -0.041582 -0.136218 -0.047441
v -0.042985 -0.136218 -0.046171
v -0.041191 -0.136479 -0.046996
v -0.042580 -0.136479 -0.045738
v 0.000000 -0.136382 -0.062831
v 0.000000 -0.135978 -0.063374
v 0.000000 -0.135376 -0.063684
v -0.003747 -0.136480 -0.062409
v -0.001884 -0.136387 -0.062794
v -0.001875 -0.136480 -0.062494
v -0.003782 -0.136224 -0.062996
v -0.001900 -0.135995 -0.063332
v -0.001892 -0.136224 -0.063081
v -0.003809 -0.135712 -0.063440
v -0.001909 -0.135402 -0.063649
v -0.001906 -0.135713 -0.063526
v -0.003819 -0.135071 -0.063614
v -0.001911 -0.135072 -0.063700
v -0.002789 -0.134762 -0.063648
v -0.004349 -0.134761 -0.063560
v -0.005907 -0.134761 -0.063434
v -0.007460 -0.134761 -0.063269
v -0.009009 -0.134760 -0.063066
v -0.010553 -0.134760 -0.062825
v -0.012090 -0.134759 -0.062547
v -0.013620 -0.134759 -0.062231
v -0.015142 -0.134758 -0.061877
v -0.016655 -0.134757 -0.061487
v -0.018157 -0.134757 -0.061059
v -0.019649 -0.134756 -0.060595
v -0.021129 -0.134755 -0.060094
v -0.022596 -0.134754 -0.059557
v -0.024049 -0.134753 -0.058983
v -0.025488 -0.134752 -0.058374
v -0.026911 -0.134751 -0.057730
v -0.028318 -0.134750 -0.057050
v -0.029708 -0.134749 -0.056337
v -0.031080 -0.134748 -0.055590
v -0.032433 -0.134746 -0.054809
v -0.033767 -0.134745 -0.053996
v -0.035080 -0.134744 -0.053150
v -0.036373 -0.134743 -0.052272
v -0.037643 -0.134741 -0.051362
v -0.038891 -0.134740 -0.050422
v -0.040115 -0.134738 -0.049452
v -0.041315 -0.134737 -0.048451
v -0.042490 -0.134735 -0.047421
v -0.043639 -0.134733 -0.046362
v -0.044761 -0.134731 -0.045275
v -0.044096 -0.135045 -0.045961
v -0.043400 -0.134886 -0.046615
v -0.044093 -0.134885 -0.045958
v -0.044435 -0.134884 -0.045625
v -0.044087 -0.134808 -0.045952
v -0.044430 -0.134807 -0.045619
v -0.044600 -0.134807 -0.045452
v -0.044426 -0.134769 -0.045615
v -0.044596 -0.134769 -0.045448
v -0.044681 -0.134769 -0.045364
v -0.044594 -0.134750 -0.045446
v -0.044679 -0.134750 -0.045362
v -0.044721 -0.134750 -0.045320
v -0.044678 -0.134741 -0.045360
v -0.044720 -0.134741 -0.045318
v -0.044741 -0.134741 -0.045297
v -0.044719 -0.134736 -0.045318
v -0.044741 -0.134736 -0.045297
v -0.044751 -0.134736 -0.045286
v -0.044740 -0.134734 -0.045296
v -0.044751 -0.134734 -0.045286
v -0.044756 -0.134734 -0.045281
v -0.044751 -0.134733 -0.045286
v -0.044756 -0.134733 -0.045281
v -0.044759 -0.134733 -0.045278
v -0.044756 -0.134732 -0.045280
v -0.044759 -0.134732 -0.045278
v -0.044760 -0.134732 -0.045277
v -0.044759 -0.134732 -0.045278
v -0.044760 -0.134732 -0.045276
v -0.044761 -0.134731 -0.045275
v -0.043723 -0.136509 -0.044228
v -0.047271 -0.135376 -0.042611
v -0.047038 -0.135982 -0.042401
v -0.046634 -0.136384 -0.042038
v -0.046189 -0.136509 -0.041639
v -0.049638 -0.135373 -0.039820
v -0.049394 -0.135981 -0.039624
v -0.048970 -0.136384 -0.039285
v -0.048502 -0.136509 -0.038911
v -0.051841 -0.135369 -0.036897
v -0.051587 -0.135979 -0.036716
v -0.051143 -0.136383 -0.036402
v -0.050654 -0.136509 -0.036055
v -0.053873 -0.135365 -0.033852
v -0.053609 -0.135977 -0.033687
v -0.053147 -0.136383 -0.033398
v -0.052638 -0.136509 -0.033079
v -0.055726 -0.135361 -0.030696
v -0.055453 -0.135975 -0.030546
v -0.054975 -0.136383 -0.030284
v -0.054447 -0.136509 -0.029995
v -0.057393 -0.135357 -0.027438
v -0.057113 -0.135973 -0.027305
v -0.056621 -0.136382 -0.027070
v -0.056076 -0.136509 -0.026811
v -0.058872 -0.135354 -0.024089
v -0.058585 -0.135971 -0.023972
v -0.058079 -0.136382 -0.023766
v -0.057520 -0.136509 -0.023538
v -0.060155 -0.135350 -0.020661
v -0.059863 -0.135969 -0.020561
v -0.059345 -0.136381 -0.020384
v -0.061243 -0.134689 -0.017166
v -0.059831 -0.136509 -0.016772
v -0.044151 -0.136380 -0.044660
v -0.044536 -0.135966 -0.045048
v -0.044751 -0.135352 -0.045265
v -0.046408 -0.136479 -0.041836
v -0.045408 -0.136384 -0.043363
v -0.045188 -0.136479 -0.043154
v -0.046850 -0.136217 -0.042233
v -0.045801 -0.135983 -0.043738
v -0.045618 -0.136217 -0.043564
v -0.047182 -0.135694 -0.042531
v -0.046028 -0.135378 -0.043954
v -0.045941 -0.135695 -0.043871
v -0.047305 -0.135040 -0.042641
v -0.046061 -0.135042 -0.043985
v -0.061245 -0.135319 -0.017166
v -0.060957 -0.135949 -0.017086
v -0.060425 -0.136376 -0.016937
v -0.060722 -0.135348 -0.018920
v -0.060192 -0.135009 -0.020673
v -0.060760 -0.135007 -0.018932
v -0.060428 -0.135968 -0.018829
v -0.060045 -0.135674 -0.020623
v -0.060612 -0.135672 -0.018886
v -0.059905 -0.136381 -0.018667
v -0.059623 -0.136210 -0.020479
v -0.060185 -0.136209 -0.018754
v -0.059055 -0.136479 -0.020285
v -0.059611 -0.136479 -0.018576
v -0.045857 -0.134730 -0.044161
v -0.046924 -0.134728 -0.043021
v -0.047964 -0.134726 -0.041855
v -0.048974 -0.134724 -0.040663
v -0.049955 -0.134722 -0.039447
v -0.050906 -0.134720 -0.038207
v -0.051826 -0.134718 -0.036944
v -0.052715 -0.134716 -0.035659
v -0.053572 -0.134714 -0.034353
v -0.054397 -0.134712 -0.033026
v -0.055188 -0.134709 -0.031680
v -0.055946 -0.134707 -0.030314
v -0.056671 -0.134705 -0.028929
v -0.057361 -0.134703 -0.027528
v -0.058017 -0.134701 -0.026110
v -0.058637 -0.134699 -0.024676
v -0.059223 -0.134697 -0.023227
v -0.059773 -0.134695 -0.021765
v -0.060286 -0.134693 -0.020290
v -0.060764 -0.134691 -0.018802
v 0.063586 -0.134677 -0.000001
v 0.062123 -0.136508 -0.000001
v 0.063492 -0.135338 -0.003474
v 0.063186 -0.135963 -0.003458
v 0.062637 -0.136380 -0.003428
v 0.062031 -0.136508 -0.003395
v 0.063209 -0.135339 -0.006938
v 0.062903 -0.135964 -0.006905
v 0.062358 -0.136380 -0.006845
v 0.061754 -0.136508 -0.006779
v 0.062738 -0.135341 -0.010381
v 0.062435 -0.135965 -0.010331
v 0.061893 -0.136380 -0.010242
v 0.061295 -0.136508 -0.010143
v 0.062080 -0.135343 -0.013793
v 0.061780 -0.135966 -0.013727
v 0.061245 -0.136380 -0.013608
v 0.061242 -0.134688 -0.017166
v 0.059831 -0.136508 -0.016772
v 0.061244 -0.135318 -0.017166
v 0.060956 -0.135949 -0.017086
v 0.060424 -0.136376 -0.016937
v 0.061682 -0.135345 -0.015484
v 0.062118 -0.135001 -0.013801
v 0.061720 -0.135003 -0.015494
v 0.061384 -0.135966 -0.015410
v 0.061968 -0.135669 -0.013768
v 0.061570 -0.135670 -0.015456
v 0.060852 -0.136380 -0.015277
v 0.061532 -0.136208 -0.013672
v 0.061137 -0.136208 -0.015348
v 0.060944 -0.136478 -0.013542
v 0.060554 -0.136478 -0.015203
v 0.062741 -0.136375 -0.000001
v 0.063295 -0.135945 -0.000001
v 0.063592 -0.135309 -0.000001
v 0.062329 -0.136478 -0.003411
v 0.062707 -0.136379 -0.001715
v 0.062399 -0.136478 -0.001707
v 0.062932 -0.136206 -0.003444
v 0.063256 -0.135963 -0.001730
v 0.063002 -0.136206 -0.001723
v 0.063377 -0.135665 -0.003468
v 0.063563 -0.135338 -0.001738
v 0.063448 -0.135665 -0.001735
v 0.063528 -0.134995 -0.003476
v 0.063599 -0.134995 -0.001739
v 0.063569 -0.134678 -0.001479
v 0.063518 -0.134678 -0.002956
v 0.063432 -0.134678 -0.004432
v 0.063313 -0.134679 -0.005906
v 0.063150 -0.134680 -0.007460
v 0.062949 -0.134681 -0.009009
v 0.062710 -0.134682 -0.010553
v 0.062434 -0.134683 -0.012091
v 0.062175 -0.134684 -0.013369
v 0.061890 -0.134685 -0.014641
v 0.061579 -0.134687 -0.015906
v 0.061242 -0.134688 -0.017166
v 0.059831 -0.136508 -0.016772
v 0.060156 -0.135349 -0.020661
v 0.059864 -0.135969 -0.020561
v 0.059346 -0.136381 -0.020384
v 0.058774 -0.136508 -0.020189
v 0.058872 -0.135353 -0.024089
v 0.058586 -0.135971 -0.023972
v 0.058080 -0.136381 -0.023766
v 0.057520 -0.136508 -0.023539
v 0.057392 -0.135357 -0.027437
v 0.057112 -0.135973 -0.027304
v 0.056620 -0.136382 -0.027070
v 0.056075 -0.136508 -0.026810
v 0.055723 -0.135361 -0.030695
v 0.055451 -0.135974 -0.030546
v 0.054973 -0.136382 -0.030283
v 0.054445 -0.136508 -0.029993
v 0.053870 -0.135365 -0.033851
v 0.053606 -0.135976 -0.033686
v 0.053145 -0.136382 -0.033397
v 0.052636 -0.136508 -0.033078
v 0.051840 -0.135369 -0.036896
v 0.051586 -0.135978 -0.036716
v 0.051142 -0.136383 -0.036401
v 0.050653 -0.136508 -0.036054
v 0.049639 -0.135372 -0.039820
v 0.049395 -0.135980 -0.039624
v 0.048971 -0.136383 -0.039285
v 0.048502 -0.136508 -0.038911
v 0.047272 -0.135376 -0.042611
v 0.047039 -0.135982 -0.042401
v 0.046636 -0.136384 -0.042039
v 0.046190 -0.136508 -0.041639
v 0.044760 -0.134731 -0.045275
v 0.043722 -0.136508 -0.044228
v 0.060424 -0.136376 -0.016937
v 0.060956 -0.135949 -0.017086
v 0.061244 -0.135318 -0.017166
v 0.059056 -0.136478 -0.020285
v 0.059905 -0.136381 -0.018667
v 0.059612 -0.136478 -0.018576
v 0.059624 -0.136209 -0.020479
v 0.060428 -0.135968 -0.018829
v 0.060186 -0.136209 -0.018754
v 0.060047 -0.135673 -0.020623
v 0.060723 -0.135348 -0.018921
v 0.060612 -0.135672 -0.018886
v 0.060193 -0.135008 -0.020674
v 0.060760 -0.135006 -0.018932
v 0.044750 -0.135352 -0.045265
v 0.044535 -0.135966 -0.045048
v 0.044150 -0.136380 -0.044660
v 0.046029 -0.135378 -0.043954
v 0.047306 -0.135040 -0.042642
v 0.046062 -0.135042 -0.043986
v 0.045802 -0.135983 -0.043738
v 0.047183 -0.135693 -0.042531
v 0.045942 -0.135694 -0.043871
v 0.045409 -0.136384 -0.043364
v 0.046852 -0.136217 -0.042233
v 0.045619 -0.136217 -0.043564
v 0.046410 -0.136479 -0.041836
v 0.045189 -0.136479 -0.043155
v 0.060957 -0.134689 -0.018161
v 0.060496 -0.134691 -0.019654
v 0.059998 -0.134693 -0.021134
v 0.059464 -0.134695 -0.022602
v 0.058893 -0.134697 -0.024057
v 0.058287 -0.134699 -0.025497
v 0.057646 -0.134701 -0.026921
v 0.056969 -0.134704 -0.028330
v 0.056259 -0.134706 -0.029721
v 0.055515 -0.134708 -0.031095
v 0.054737 -0.134710 -0.032450
v 0.053927 -0.134712 -0.033786
v 0.053084 -0.134714 -0.035102
v 0.052210 -0.134717 -0.036396
v 0.051304 -0.134719 -0.037669
v 0.050367 -0.134721 -0.038919
v 0.049399 -0.134723 -0.040146
v 0.048402 -0.134725 -0.041348
v 0.047375 -0.134727 -0.042526
v 0.046319 -0.134729 -0.043677
v 0.045234 -0.134730 -0.044801
v 0.044760 -0.134731 -0.045275
v 0.043722 -0.136508 -0.044228
v 0.041955 -0.135381 -0.047866
v 0.041747 -0.135985 -0.047630
v 0.041390 -0.136384 -0.047223
v 0.040996 -0.136508 -0.046775
v 0.039061 -0.135384 -0.050260
v 0.038867 -0.135986 -0.050012
v 0.038535 -0.136385 -0.049585
v 0.038168 -0.136508 -0.049114
v 0.035927 -0.135387 -0.052549
v 0.035749 -0.135987 -0.052289
v 0.035443 -0.136385 -0.051843
v 0.035107 -0.136508 -0.051352
v 0.032714 -0.135390 -0.054611
v 0.032552 -0.135989 -0.054340
v 0.032273 -0.136385 -0.053877
v 0.031967 -0.136508 -0.053367
v 0.029383 -0.135392 -0.056477
v 0.029237 -0.135990 -0.056197
v 0.028988 -0.136385 -0.055718
v 0.028713 -0.136508 -0.055191
v 0.025947 -0.135394 -0.058140
v 0.025818 -0.135991 -0.057852
v 0.025597 -0.136386 -0.057359
v 0.025355 -0.136508 -0.056817
v 0.022416 -0.135396 -0.059593
v 0.022305 -0.135992 -0.059297
v 0.022114 -0.136386 -0.058792
v 0.021905 -0.136508 -0.058237
v 0.018805 -0.135397 -0.060830
v 0.018711 -0.135992 -0.060528
v 0.018551 -0.136386 -0.060013
v 0.018376 -0.136508 -0.059447
v 0.015125 -0.135399 -0.061849
v 0.015050 -0.135993 -0.061541
v 0.014922 -0.136386 -0.061018
v 0.014781 -0.136508 -0.060443
v 0.011392 -0.135400 -0.062647
v 0.011335 -0.135994 -0.062335
v 0.011238 -0.136386 -0.061805
v 0.011132 -0.136508 -0.061222
v 0.007618 -0.135401 -0.063219
v 0.007579 -0.135994 -0.062904
v 0.007515 -0.136387 -0.062369
v 0.007444 -0.136508 -0.061782
v 0.003816 -0.135402 -0.063564
v 0.003797 -0.135995 -0.063247
v 0.003764 -0.136387 -0.062709
v 0.003729 -0.136508 -0.062119
v 0.000000 -0.134762 -0.063709
v 0.000000 -0.136508 -0.062229
v 0.044150 -0.136380 -0.044660
v 0.044535 -0.135966 -0.045048
v 0.044750 -0.135352 -0.045265
v 0.041190 -0.136479 -0.046996
v 0.042786 -0.136384 -0.045959
v 0.042579 -0.136479 -0.045737
v 0.041581 -0.136218 -0.047441
v 0.043156 -0.135984 -0.046355
v 0.042984 -0.136218 -0.046171
v 0.041875 -0.135697 -0.047776
v 0.043370 -0.135380 -0.046585
v 0.043288 -0.135696 -0.046497
v 0.041986 -0.135047 -0.047901
v 0.043402 -0.135045 -0.046619
v 0.000000 -0.135376 -0.063684
v 0.000000 -0.135978 -0.063374
v 0.000000 -0.136382 -0.062831
v 0.001909 -0.135402 -0.063649
v 0.003819 -0.135071 -0.063615
v 0.001910 -0.135072 -0.063700
v 0.001899 -0.135995 -0.063332
v 0.003808 -0.135712 -0.063441
v 0.001905 -0.135713 -0.063526
v 0.001883 -0.136387 -0.062794
v 0.003782 -0.136223 -0.062996
v 0.001892 -0.136224 -0.063081
v 0.003746 -0.136480 -0.062410
v 0.001874 -0.136480 -0.062494
v 0.044681 -0.134731 -0.045353
v 0.044403 -0.134732 -0.045627
v 0.044123 -0.134732 -0.045899
v 0.042985 -0.134734 -0.046971
v 0.041821 -0.134735 -0.048013
v 0.040632 -0.134737 -0.049026
v 0.039418 -0.134739 -0.050009
v 0.038181 -0.134740 -0.050963
v 0.036920 -0.134742 -0.051885
v 0.035637 -0.134743 -0.052777
v 0.034332 -0.134744 -0.053637
v 0.033007 -0.134746 -0.054464
v 0.031662 -0.134747 -0.055259
v 0.030298 -0.134748 -0.056021
v 0.028915 -0.134749 -0.056749
v 0.027516 -0.134750 -0.057443
v 0.026100 -0.134751 -0.058102
v 0.024667 -0.134752 -0.058727
v 0.023220 -0.134753 -0.059315
v 0.021759 -0.134754 -0.059868
v 0.020284 -0.134755 -0.060384
v 0.018797 -0.134756 -0.060864
v 0.017299 -0.134757 -0.061307
v 0.015791 -0.134758 -0.061714
v 0.014273 -0.134758 -0.062083
v 0.012746 -0.134759 -0.062416
v 0.011212 -0.134760 -0.062711
v 0.009671 -0.134760 -0.062968
v 0.008124 -0.134761 -0.063187
v 0.006573 -0.134761 -0.063368
v 0.005017 -0.134761 -0.063511
v 0.003457 -0.134762 -0.063616
v 0.001897 -0.134762 -0.063681
v 0.000335 -0.134762 -0.063708
v 0.043399 -0.134885 -0.046615
v 0.044095 -0.135044 -0.045961
v 0.044092 -0.134884 -0.045958
v 0.044086 -0.134807 -0.045952
v 0.044435 -0.134884 -0.045625
v 0.044429 -0.134807 -0.045619
v 0.044425 -0.134769 -0.045615
v 0.044599 -0.134806 -0.045452
v 0.044595 -0.134769 -0.045448
v 0.000955 -0.135072 -0.063722
v 0.001910 -0.134913 -0.063699
v 0.000955 -0.134913 -0.063720
v -0.061243 -0.134689 -0.017166
v -0.059831 -0.136509 -0.016772
v -0.062081 -0.135344 -0.013793
v -0.061781 -0.135966 -0.013727
v -0.061246 -0.136381 -0.013609
v -0.060654 -0.136509 -0.013478
v -0.062739 -0.135342 -0.010381
v -0.062435 -0.135965 -0.010331
v -0.061894 -0.136380 -0.010242
v -0.061295 -0.136509 -0.010144
v -0.063209 -0.135340 -0.006938
v -0.062904 -0.135964 -0.006905
v -0.062359 -0.136380 -0.006845
v -0.061755 -0.136509 -0.006779
v -0.063493 -0.135339 -0.003474
v -0.063186 -0.135964 -0.003458
v -0.062638 -0.136380 -0.003428
v -0.062032 -0.136509 -0.003395
v -0.063587 -0.134678 -0.000001
v -0.062124 -0.136509 -0.000001
v -0.063593 -0.135310 -0.000001
v -0.063295 -0.135945 -0.000001
v -0.062742 -0.136375 -0.000001
v -0.063564 -0.135339 -0.001738
v -0.063529 -0.134996 -0.003476
v -0.063600 -0.134995 -0.001739
v -0.063257 -0.135964 -0.001730
v -0.063378 -0.135665 -0.003468
v -0.063449 -0.135665 -0.001735
v -0.062708 -0.136380 -0.001715
v -0.062932 -0.136207 -0.003444
v -0.063003 -0.136207 -0.001723
v -0.062330 -0.136479 -0.003411
v -0.062400 -0.136479 -0.001707
v -0.060425 -0.136376 -0.016937
v -0.060957 -0.135949 -0.017086
v -0.061245 -0.135319 -0.017166
v -0.060945 -0.136479 -0.013542
v -0.060853 -0.136381 -0.015277
v -0.060554 -0.136479 -0.015203
v -0.061533 -0.136208 -0.013672
v -0.061385 -0.135967 -0.015410
v -0.061138 -0.136209 -0.015348
v -0.061969 -0.135669 -0.013768
v -0.061683 -0.135345 -0.015484
v -0.061571 -0.135670 -0.015456
v -0.062118 -0.135002 -0.013801
v -0.061720 -0.135003 -0.015494
v -0.061813 -0.134686 -0.014967
v -0.062305 -0.134684 -0.012748
v -0.062598 -0.134683 -0.011213
v -0.062852 -0.134682 -0.009672
v -0.063069 -0.134681 -0.008125
v -0.063249 -0.134680 -0.006573
v -0.063390 -0.134679 -0.005017
v -0.063493 -0.134679 -0.003458
v -0.063559 -0.134678 -0.001897
v -0.063586 -0.134678 -0.000335
v -0.063618 -0.134995 -0.000870
v -0.063590 -0.134832 -0.001739
v -0.063608 -0.134832 -0.000870
v -0.044761 -0.134731 0.045275
v -0.043723 -0.136509 0.044228
v -0.041956 -0.135382 0.047867
v -0.041749 -0.135985 0.047631
v -0.041391 -0.136385 0.047224
v -0.040997 -0.136509 0.046775
v -0.039013 -0.135385 0.050299
v -0.038819 -0.135986 0.050050
v -0.038487 -0.136385 0.049623
v -0.038121 -0.136509 0.049152
v -0.035928 -0.135387 0.052549
v -0.035750 -0.135988 0.052289
v -0.035444 -0.136385 0.051843
v -0.035108 -0.136509 0.051352
v -0.032715 -0.135390 0.054611
v -0.032552 -0.135989 0.054340
v -0.032274 -0.136386 0.053877
v -0.031968 -0.136508 0.053367
v -0.029384 -0.135392 0.056477
v -0.029238 -0.135990 0.056197
v -0.028988 -0.136386 0.055718
v -0.028713 -0.136508 0.055191
v -0.025948 -0.135394 0.058140
v -0.025818 -0.135991 0.057851
v -0.025598 -0.136386 0.057359
v -0.025356 -0.136508 0.056817
v -0.022417 -0.135396 0.059593
v -0.022306 -0.135992 0.059297
v -0.022115 -0.136386 0.058793
v -0.021906 -0.136508 0.058237
v -0.018806 -0.135398 0.060831
v -0.018712 -0.135993 0.060529
v -0.018552 -0.136386 0.060014
v -0.018377 -0.136508 0.059447
v -0.015126 -0.135399 0.061850
v -0.015051 -0.135993 0.061542
v -0.014923 -0.136386 0.061019
v -0.014782 -0.136508 0.060443
v -0.011393 -0.135400 0.062647
v -0.011336 -0.135994 0.062335
v -0.011239 -0.136387 0.061805
v -0.011133 -0.136508 0.061222
v -0.007618 -0.135401 0.063219
v -0.007580 -0.135994 0.062904
v -0.007516 -0.136387 0.062369
v -0.007445 -0.136508 0.061781
v -0.003816 -0.135402 0.063563
v -0.003797 -0.135995 0.063246
v -0.003765 -0.136387 0.062709
v -0.003729 -0.136508 0.062118
v 0.000000 -0.134762 0.063709
v 0.000000 -0.136508 0.062229
v -0.044151 -0.136380 0.044660
v -0.044536 -0.135966 0.045048
v -0.044751 -0.135352 0.045265
v -0.041191 -0.136479 0.046996
v -0.042787 -0.136385 0.045959
v -0.042580 -0.136479 0.045738
v -0.041582 -0.136218 0.047442
v -0.043157 -0.135984 0.046356
v -0.042985 -0.136218 0.046171
v -0.041876 -0.135698 0.047776
v -0.043371 -0.135380 0.046585
v -0.043289 -0.135696 0.046497
v -0.041987 -0.135048 0.047902
v -0.043403 -0.135046 0.046619
v 0.000000 -0.135376 0.063684
v 0.000000 -0.135978 0.063374
v 0.000000 -0.136382 0.062831
v -0.001909 -0.135402 0.063649
v -0.003819 -0.135071 0.063614
v -0.001911 -0.135072 0.063700
v -0.001900 -0.135995 0.063332
v -0.003809 -0.135712 0.063440
v -0.001906 -0.135713 0.063526
v -0.001884 -0.136387 0.062794
v -0.003782 -0.136224 0.062996
v -0.001892 -0.136224 0.063081
v -0.003747 -0.136480 0.062409
v -0.001875 -0.136480 0.062494
v -0.042986 -0.134734 0.046971
v -0.041822 -0.134736 0.048013
v -0.040633 -0.134737 0.049026
v -0.039419 -0.134739 0.050010
v -0.038181 -0.134741 0.050963
v -0.036920 -0.134742 0.051886
v -0.035637 -0.134743 0.052777
v -0.034332 -0.134745 0.053637
v -0.033008 -0.134746 0.054464
v -0.031663 -0.134747 0.055259
v -0.030299 -0.134748 0.056021
v -0.028916 -0.134750 0.056749
v -0.027516 -0.134751 0.057443
v -0.026100 -0.134752 0.058102
v -0.024668 -0.134753 0.058727
v -0.023221 -0.134754 0.059315
v -0.021760 -0.134755 0.059868
v -0.020285 -0.134756 0.060385
v -0.018799 -0.134756 0.060865
v -0.017301 -0.134757 0.061308
v -0.015792 -0.134758 0.061714
v -0.014273 -0.134759 0.062084
v -0.012747 -0.134759 0.062416
v -0.011213 -0.134760 0.062711
v -0.009672 -0.134760 0.062968
v -0.008125 -0.134761 0.063187
v -0.006573 -0.134761 0.063368
v -0.005017 -0.134761 0.063511
v -0.003458 -0.134762 0.063616
v -0.001898 -0.134762 0.063681
v -0.000336 -0.134762 0.063708
v -0.000956 -0.135072 0.063721
v -0.001911 -0.134913 0.063699
v -0.000956 -0.134913 0.063720
v 0.044760 -0.134731 0.045275
v 0.043722 -0.136508 0.044228
v 0.047412 -0.135376 0.042455
v 0.047178 -0.135982 0.042246
v 0.046773 -0.136384 0.041885
v 0.046327 -0.136508 0.041487
v 0.049900 -0.135372 0.039491
v 0.049654 -0.135980 0.039297
v 0.049228 -0.136383 0.038961
v 0.048757 -0.136508 0.038590
v 0.052202 -0.135368 0.036381
v 0.051946 -0.135978 0.036203
v 0.051499 -0.136383 0.035892
v 0.051006 -0.136508 0.035550
v 0.054312 -0.135364 0.033136
v 0.054046 -0.135976 0.032974
v 0.053581 -0.136382 0.032691
v 0.053067 -0.136508 0.032379
v 0.056222 -0.135360 0.029769
v 0.055947 -0.135974 0.029625
v 0.055465 -0.136382 0.029370
v 0.054932 -0.136508 0.029089
v 0.057924 -0.135356 0.026293
v 0.057642 -0.135972 0.026166
v 0.057144 -0.136381 0.025941
v 0.056595 -0.136508 0.025693
v 0.059411 -0.135352 0.022720
v 0.059122 -0.135970 0.022610
v 0.058611 -0.136381 0.022416
v 0.058047 -0.136508 0.022201
v 0.060677 -0.135348 0.019063
v 0.060383 -0.135968 0.018971
v 0.059861 -0.136381 0.018807
v 0.059283 -0.136508 0.018627
v 0.061719 -0.135345 0.015335
v 0.061420 -0.135966 0.015261
v 0.060888 -0.136380 0.015130
v 0.060300 -0.136508 0.014984
v 0.062534 -0.135342 0.011550
v 0.062231 -0.135965 0.011495
v 0.061692 -0.136380 0.011396
v 0.061095 -0.136508 0.011286
v 0.063118 -0.135340 0.007723
v 0.062813 -0.135964 0.007686
v 0.062268 -0.136380 0.007620
v 0.061666 -0.136508 0.007547
v 0.063470 -0.135338 0.003868
v 0.063163 -0.135963 0.003849
v 0.062616 -0.136380 0.003816
v 0.062009 -0.136508 0.003780
v 0.063586 -0.134677 -0.000001
v 0.062123 -0.136508 -0.000001
v 0.063592 -0.135309 -0.000001
v 0.063295 -0.135945 -0.000001
v 0.062741 -0.136375 -0.000001
v 0.063557 -0.135338 0.001934
v 0.063506 -0.134995 0.003870
v 0.063594 -0.134995 0.001935
v 0.063251 -0.135963 0.001925
v 0.063355 -0.135665 0.003860
v 0.063443 -0.135664 0.001931
v 0.062702 -0.136379 0.001908
v 0.062910 -0.136206 0.003834
v 0.062997 -0.136206 0.001917
v 0.062308 -0.136478 0.003798
v 0.062394 -0.136478 0.001899
v 0.044150 -0.136380 0.044660
v 0.044535 -0.135966 0.045048
v 0.044750 -0.135352 0.045265
v 0.046547 -0.136479 0.041683
v 0.045480 -0.136384 0.043289
v 0.045259 -0.136479 0.043080
v 0.046990 -0.136217 0.042078
v 0.045873 -0.135983 0.043662
v 0.045690 -0.136217 0.043489
v 0.047323 -0.135693 0.042375
v 0.046101 -0.135378 0.043878
v 0.046014 -0.135695 0.043795
v 0.047446 -0.135040 0.042485
v 0.046134 -0.135042 0.043910
v 0.045037 -0.134731 0.044999
v 0.046093 -0.134729 0.043915
v 0.047122 -0.134727 0.042806
v 0.048124 -0.134725 0.041672
v 0.049099 -0.134723 0.040514
v 0.050046 -0.134721 0.039333
v 0.050964 -0.134719 0.038130
v 0.051853 -0.134717 0.036905
v 0.052713 -0.134715 0.035660
v 0.053570 -0.134713 0.034353
v 0.054394 -0.134711 0.033026
v 0.055186 -0.134709 0.031679
v 0.055945 -0.134707 0.030313
v 0.056670 -0.134704 0.028929
v 0.057360 -0.134702 0.027528
v 0.058016 -0.134700 0.026110
v 0.058638 -0.134698 0.024677
v 0.059223 -0.134696 0.023228
v 0.059773 -0.134694 0.021766
v 0.060286 -0.134692 0.020290
v 0.060763 -0.134690 0.018802
v 0.061203 -0.134688 0.017303
v 0.061607 -0.134687 0.015794
v 0.061974 -0.134685 0.014276
v 0.062303 -0.134684 0.012748
v 0.062596 -0.134682 0.011214
v 0.062851 -0.134681 0.009672
v 0.063068 -0.134680 0.008125
v 0.063248 -0.134679 0.006573
v 0.063390 -0.134678 0.005017
v 0.063493 -0.134678 0.003458
v 0.063558 -0.134678 0.001897
v 0.063585 -0.134677 0.000335
v 0.046130 -0.134881 0.043906
v 0.045461 -0.135043 0.044607
v 0.045458 -0.134882 0.044603
v 0.063616 -0.134995 0.000967
v 0.063584 -0.134832 0.001935
v 0.063606 -0.134832 0.000967
v 0.044760 -0.134731 0.045275
v 0.042595 -0.117506 0.043091
v 0.040921 -0.100203 0.041402
v 0.045579 -0.117512 0.039841
v 0.043826 -0.100203 0.038298
v 0.048326 -0.117518 0.036366
v 0.046494 -0.100203 0.034988
v 0.050807 -0.117524 0.032703
v 0.048912 -0.100203 0.031492
v 0.053072 -0.117530 0.028758
v 0.051133 -0.100203 0.027713
v 0.054917 -0.117538 0.024914
v 0.052956 -0.100203 0.024019
v 0.056531 -0.117546 0.020815
v 0.054558 -0.100203 0.020082
v 0.057846 -0.117553 0.016603
v 0.055866 -0.100203 0.016038
v 0.058861 -0.117559 0.012319
v 0.056878 -0.100203 0.011908
v 0.059574 -0.117562 0.007991
v 0.057589 -0.100203 0.007717
v 0.059981 -0.117564 0.003624
v 0.057996 -0.100203 0.003486
v 0.060076 -0.117566 -0.000783
v 0.058093 -0.100203 -0.000765
v 0.059868 -0.117564 -0.005174
v 0.057884 -0.100203 -0.005010
v 0.059355 -0.117561 -0.009540
v 0.057369 -0.100203 -0.009230
v 0.058537 -0.117556 -0.013863
v 0.056549 -0.100203 -0.013401
v 0.057412 -0.117550 -0.018126
v 0.055431 -0.100203 -0.017503
v 0.055988 -0.117543 -0.022292
v 0.054016 -0.100203 -0.021512
v 0.054346 -0.117536 -0.026170
v 0.052387 -0.100203 -0.025244
v 0.052255 -0.117528 -0.030254
v 0.050324 -0.100203 -0.029164
v 0.049955 -0.117522 -0.034028
v 0.048072 -0.100203 -0.032770
v 0.047378 -0.117515 -0.037633
v 0.045564 -0.100203 -0.036201
v 0.044435 -0.117509 -0.041152
v 0.042704 -0.100203 -0.039554
v 0.041472 -0.117504 -0.044198
v 0.039823 -0.100203 -0.042465
v 0.038166 -0.117500 -0.047142
v 0.036624 -0.100203 -0.045265
v 0.034647 -0.117496 -0.049836
v 0.033228 -0.100203 -0.047823
v 0.030936 -0.117492 -0.052263
v 0.029656 -0.100203 -0.050126
v 0.027055 -0.117489 -0.054411
v 0.025924 -0.100203 -0.052163
v 0.023208 -0.117487 -0.056191
v 0.022228 -0.100203 -0.053850
v 0.018872 -0.117484 -0.057821
v 0.018065 -0.100203 -0.055389
v 0.014611 -0.117482 -0.059064
v 0.013979 -0.100203 -0.056562
v 0.010357 -0.117481 -0.059974
v 0.009906 -0.100203 -0.057420
v 0.005861 -0.117480 -0.060590
v 0.005604 -0.100203 -0.058003
v 0.001427 -0.117479 -0.060863
v 0.001361 -0.100203 -0.058258
v -0.002842 -0.117480 -0.060812
v -0.002729 -0.100203 -0.058210
v -0.007482 -0.117480 -0.060408
v -0.007167 -0.100203 -0.057828
v -0.011903 -0.117481 -0.059681
v -0.011396 -0.100203 -0.057142
v -0.016141 -0.117483 -0.058657
v -0.015458 -0.100203 -0.056176
v -0.020366 -0.117485 -0.057302
v -0.019512 -0.100203 -0.054896
v -0.024647 -0.117488 -0.055564
v -0.023622 -0.100203 -0.053250
v -0.028336 -0.117490 -0.053744
v -0.027165 -0.100202 -0.051524
v -0.032281 -0.117493 -0.051429
v -0.030959 -0.100202 -0.049328
v -0.035926 -0.117497 -0.048905
v -0.034471 -0.100202 -0.046932
v -0.039371 -0.117501 -0.046120
v -0.037798 -0.100202 -0.044286
v -0.044761 -0.134731 -0.045275
v -0.042596 -0.117506 -0.043091
v -0.040921 -0.100202 -0.041402
v -0.045588 -0.117511 -0.039833
v -0.043825 -0.100202 -0.038297
v -0.048330 -0.117517 -0.036365
v -0.046494 -0.100202 -0.034988
v -0.050805 -0.117524 -0.032710
v -0.048914 -0.100202 -0.031494
v -0.053068 -0.117531 -0.028760
v -0.051135 -0.100202 -0.027713
v -0.054916 -0.117538 -0.024907
v -0.052955 -0.100202 -0.024020
v -0.056533 -0.117545 -0.020811
v -0.054556 -0.100202 -0.020082
v -0.057850 -0.117552 -0.016610
v -0.055866 -0.100202 -0.016038
v -0.058865 -0.117558 -0.012329
v -0.056879 -0.100202 -0.011908
v -0.059573 -0.117562 -0.007987
v -0.057589 -0.100202 -0.007718
v -0.059978 -0.117565 -0.003611
v -0.057995 -0.100202 -0.003486
v -0.060080 -0.117565 0.000605
v -0.058096 -0.100202 0.000587
v -0.059873 -0.117563 0.005186
v -0.057885 -0.100202 0.005010
v -0.059356 -0.117561 0.009539
v -0.057368 -0.100202 0.009230
v -0.058535 -0.117557 0.013852
v -0.056548 -0.100202 0.013401
v -0.057412 -0.117550 0.018114
v -0.055430 -0.100202 0.017502
v -0.055990 -0.117543 0.022291
v -0.054016 -0.100202 0.021511
v -0.054271 -0.117535 0.026343
v -0.052310 -0.100202 0.025405
v -0.052257 -0.117528 0.030260
v -0.050325 -0.100202 0.029164
v -0.049955 -0.117522 0.034029
v -0.048072 -0.100202 0.032770
v -0.047377 -0.117516 0.037628
v -0.045563 -0.100202 0.036201
v -0.044434 -0.117510 0.041147
v -0.042704 -0.100202 0.039553
v -0.041473 -0.117504 0.044198
v -0.039823 -0.100202 0.042465
v -0.038167 -0.117500 0.047142
v -0.036624 -0.100202 0.045266
v -0.034648 -0.117495 0.049836
v -0.033229 -0.100202 0.047822
v -0.030938 -0.117492 0.052263
v -0.029655 -0.100202 0.050125
v -0.027056 -0.117489 0.054411
v -0.025924 -0.100202 0.052162
v -0.023027 -0.117487 0.056267
v -0.022054 -0.100203 0.053921
v -0.018872 -0.117484 0.057821
v -0.018064 -0.100203 0.055390
v -0.014611 -0.117482 0.059064
v -0.013979 -0.100203 0.056563
v -0.010358 -0.117481 0.059974
v -0.009906 -0.100203 0.057420
v -0.005920 -0.117480 0.060585
v -0.005661 -0.100203 0.057997
v -0.001428 -0.117479 0.060863
v -0.001361 -0.100203 0.058258
v 0.002841 -0.117479 0.060812
v 0.002728 -0.100203 0.058210
v 0.007481 -0.117480 0.060408
v 0.007168 -0.100203 0.057828
v 0.011902 -0.117481 0.059681
v 0.011396 -0.100203 0.057142
v 0.016140 -0.117483 0.058657
v 0.015457 -0.100203 0.056176
v 0.020365 -0.117485 0.057302
v 0.019511 -0.100203 0.054896
v 0.024646 -0.117488 0.055564
v 0.023622 -0.100203 0.053250
v 0.028335 -0.117490 0.053744
v 0.027165 -0.100203 0.051523
v 0.032280 -0.117493 0.051429
v 0.030960 -0.100203 0.049327
v 0.035925 -0.117497 0.048905
v 0.034471 -0.100203 0.046932
v 0.039370 -0.117502 0.046120
v 0.037798 -0.100203 0.044286
v 0.044760 -0.134731 0.045275
v 0.042595 -0.117506 0.043091
v 0.040921 -0.100203 0.041402
v 0.047101 -0.107508 0.035447
v 0.045190 -0.100203 0.036668
v 0.044423 -0.107501 0.038832
v 0.046984 -0.117515 0.038129
v 0.045793 -0.107505 0.037164
v 0.049522 -0.107515 0.031879
v 0.047735 -0.100203 0.033262
v 0.049601 -0.117521 0.034556
v 0.048345 -0.107511 0.033684
v 0.051732 -0.107522 0.028034
v 0.050058 -0.100203 0.029623
v 0.051978 -0.117527 0.030750
v 0.050664 -0.107518 0.029976
v 0.053535 -0.107530 0.024288
v 0.052077 -0.100203 0.025882
v 0.054029 -0.117534 0.026852
v 0.052667 -0.107526 0.026177
v 0.055112 -0.107538 0.020292
v 0.053793 -0.100203 0.022066
v 0.055761 -0.117542 0.022881
v 0.054360 -0.107534 0.022306
v 0.056397 -0.107546 0.016187
v 0.055249 -0.100203 0.018072
v 0.057226 -0.117550 0.018720
v 0.055791 -0.107542 0.018251
v 0.057389 -0.107552 0.012011
v 0.056409 -0.100203 0.013982
v 0.058391 -0.117556 0.014468
v 0.056929 -0.107549 0.014106
v 0.058085 -0.107556 0.007790
v 0.057271 -0.100203 0.009819
v 0.059256 -0.117560 0.010160
v 0.057774 -0.107554 0.009905
v 0.058483 -0.107558 0.003531
v 0.057831 -0.100203 0.005604
v 0.059817 -0.117563 0.005812
v 0.058322 -0.107557 0.005665
v 0.058576 -0.107560 -0.000767
v 0.058083 -0.100203 0.001361
v 0.060067 -0.117565 0.001424
v 0.058567 -0.107559 0.001385
v 0.058372 -0.107558 -0.005048
v 0.058027 -0.100203 -0.002889
v 0.060010 -0.117565 -0.002982
v 0.058511 -0.107559 -0.002910
v 0.057870 -0.107555 -0.009305
v 0.057665 -0.100203 -0.007125
v 0.059649 -0.117563 -0.007361
v 0.058158 -0.107557 -0.007181
v 0.057071 -0.107549 -0.013520
v 0.056997 -0.100203 -0.011323
v 0.058984 -0.117559 -0.011709
v 0.057508 -0.107552 -0.011420
v 0.055971 -0.107543 -0.017676
v 0.056027 -0.100203 -0.015462
v 0.058014 -0.117553 -0.016001
v 0.056559 -0.107546 -0.015605
v 0.054579 -0.107536 -0.021737
v 0.054761 -0.100203 -0.019521
v 0.056737 -0.117547 -0.020224
v 0.055311 -0.107540 -0.019721
v 0.052975 -0.107528 -0.025517
v 0.053234 -0.100203 -0.023392
v 0.055201 -0.117540 -0.024244
v 0.053810 -0.107532 -0.023640
v 0.050933 -0.107520 -0.029498
v 0.051392 -0.100203 -0.027224
v 0.053340 -0.117532 -0.028230
v 0.051992 -0.107524 -0.027525
v 0.048687 -0.107512 -0.033174
v 0.049231 -0.100203 -0.030987
v 0.051141 -0.117525 -0.032161
v 0.049845 -0.107516 -0.031355
v 0.046174 -0.107505 -0.036685
v 0.046849 -0.100203 -0.034509
v 0.048700 -0.117518 -0.035854
v 0.047463 -0.107509 -0.034952
v 0.043303 -0.107498 -0.040112
v 0.044167 -0.100203 -0.037905
v 0.045940 -0.117512 -0.039423
v 0.044771 -0.107502 -0.038428
v -0.047105 -0.107507 -0.035446
v -0.045190 -0.100202 -0.036667
v -0.044430 -0.107500 -0.038824
v -0.046991 -0.117514 -0.038124
v -0.045799 -0.107504 -0.037160
v -0.049520 -0.107514 -0.031885
v -0.047736 -0.100202 -0.033263
v -0.049602 -0.117520 -0.034560
v -0.048346 -0.107510 -0.033687
v -0.051729 -0.107522 -0.028037
v -0.050060 -0.100202 -0.029625
v -0.051974 -0.117527 -0.030757
v -0.050661 -0.107518 -0.029982
v -0.053534 -0.107530 -0.024282
v -0.052078 -0.100202 -0.025883
v -0.054026 -0.117535 -0.026849
v -0.052665 -0.107526 -0.026174
v -0.055113 -0.107537 -0.020290
v -0.053792 -0.100202 -0.022065
v -0.055762 -0.117542 -0.022873
v -0.054360 -0.107533 -0.022299
v -0.056400 -0.107545 -0.016193
v -0.055248 -0.100202 -0.018072
v -0.057229 -0.117548 -0.018723
v -0.055793 -0.107541 -0.018254
v -0.057392 -0.107551 -0.012020
v -0.056410 -0.100202 -0.013982
v -0.058396 -0.117555 -0.014478
v -0.056933 -0.107548 -0.014115
v -0.058084 -0.107556 -0.007786
v -0.057272 -0.100202 -0.009819
v -0.059257 -0.117560 -0.010163
v -0.057775 -0.107553 -0.009908
v -0.058480 -0.107558 -0.003519
v -0.057831 -0.100202 -0.005605
v -0.059814 -0.117564 -0.005802
v -0.058319 -0.107557 -0.005656
v -0.058579 -0.107559 0.000592
v -0.058081 -0.100202 -0.001450
v -0.060064 -0.117565 -0.001507
v -0.058564 -0.107559 -0.001467
v -0.058376 -0.107557 0.005058
v -0.058032 -0.100202 0.002801
v -0.060019 -0.117564 0.002903
v -0.058520 -0.107558 0.002832
v -0.057871 -0.107554 0.009304
v -0.057665 -0.100202 0.007125
v -0.059653 -0.117562 0.007367
v -0.058161 -0.107556 0.007186
v -0.057068 -0.107550 0.013511
v -0.056996 -0.100202 0.011323
v -0.058983 -0.117559 0.011700
v -0.057506 -0.107552 0.011412
v -0.055971 -0.107543 0.017666
v -0.056026 -0.100202 0.015462
v -0.058011 -0.117554 0.015992
v -0.056556 -0.107546 0.015597
v -0.054582 -0.107535 0.021735
v -0.054759 -0.100202 0.019520
v -0.056739 -0.117547 0.020216
v -0.055313 -0.107539 0.019713
v -0.052901 -0.107526 0.025685
v -0.053199 -0.100202 0.023474
v -0.055168 -0.117538 0.024334
v -0.053777 -0.107530 0.023727
v -0.050934 -0.107518 0.029502
v -0.051352 -0.100202 0.027302
v -0.053300 -0.117531 0.028319
v -0.051953 -0.107522 0.027611
v -0.048687 -0.107512 0.033174
v -0.049232 -0.100202 0.030987
v -0.051141 -0.117525 0.032163
v -0.049845 -0.107515 0.031357
v -0.046172 -0.107505 0.036680
v -0.046849 -0.100202 0.034508
v -0.048699 -0.117519 0.035851
v -0.047462 -0.107508 0.034950
v -0.043302 -0.107498 0.040107
v -0.044166 -0.100202 0.037904
v -0.045938 -0.117513 0.039417
v -0.044769 -0.107502 0.038422
v 0.045037 -0.134731 0.044999
v 0.046093 -0.134729 0.043915
v 0.047122 -0.134727 0.042806
v 0.048124 -0.134725 0.041672
v 0.049099 -0.134723 0.040514
v 0.050046 -0.134721 0.039333
v 0.050964 -0.134719 0.038130
v 0.051853 -0.134717 0.036905
v 0.052713 -0.134715 0.035660
v 0.053570 -0.134713 0.034353
v 0.054394 -0.134711 0.033026
v 0.055186 -0.134709 0.031679
v 0.055945 -0.134707 0.030313
v 0.056670 -0.134704 0.028929
v 0.057360 -0.134702 0.027528
v 0.058016 -0.134700 0.026110
v 0.058638 -0.134698 0.024677
v 0.059223 -0.134696 0.023228
v 0.059773 -0.134694 0.021766
v 0.060286 -0.134692 0.020290
v 0.060763 -0.134690 0.018802
v 0.061203 -0.134688 0.017303
v 0.061607 -0.134687 0.015794
v 0.061974 -0.134685 0.014276
v 0.062303 -0.134684 0.012748
v 0.062596 -0.134682 0.011214
v 0.062851 -0.134681 0.009672
v 0.063068 -0.134680 0.008125
v 0.063248 -0.134679 0.006573
v 0.063390 -0.134678 0.005017
v 0.063493 -0.134678 0.003458
v 0.063558 -0.134678 0.001897
v 0.063585 -0.134677 0.000335
v 0.063586 -0.134677 -0.000001
v 0.046640 -0.125537 0.040760
v 0.044115 -0.117509 0.041497
v 0.043572 -0.125536 0.044077
v 0.045135 -0.125536 0.042449
v 0.045730 -0.129987 0.043003
v 0.044361 -0.125536 0.043270
v 0.044140 -0.129988 0.044649
v 0.044943 -0.129987 0.043834
v 0.043572 -0.125536 0.044077
v 0.041011 -0.117504 0.044635
v 0.040263 -0.125534 0.047164
v 0.041946 -0.125535 0.045651
v 0.045254 -0.132322 0.044135
v 0.044543 -0.129987 0.044243
v 0.044443 -0.132323 0.044956
v 0.044850 -0.132322 0.044547
v 0.044140 -0.129988 0.044649
v 0.042766 -0.125535 0.044871
v 0.042489 -0.129988 0.046240
v 0.043321 -0.129988 0.045452
v 0.045009 -0.133517 0.044704
v 0.044647 -0.132323 0.044752
v 0.044600 -0.133518 0.045114
v 0.044805 -0.133518 0.044909
v 0.044443 -0.132323 0.044956
v 0.043732 -0.129988 0.045053
v 0.043618 -0.132324 0.045763
v 0.044033 -0.132323 0.045361
v 0.047260 -0.129986 0.041296
v 0.045895 -0.125537 0.041612
v 0.046503 -0.129986 0.042157
v 0.049462 -0.125539 0.037217
v 0.048083 -0.125538 0.039015
v 0.048727 -0.129985 0.039533
v 0.047369 -0.125538 0.039894
v 0.048002 -0.129986 0.040422
v 0.050129 -0.129984 0.037717
v 0.048781 -0.125538 0.038123
v 0.049436 -0.129985 0.038632
v 0.052015 -0.125540 0.033480
v 0.050773 -0.125539 0.035371
v 0.051463 -0.129983 0.035851
v 0.050126 -0.125539 0.036300
v 0.050804 -0.129984 0.036790
v 0.052727 -0.129982 0.033939
v 0.051403 -0.125540 0.034431
v 0.052104 -0.129983 0.034901
v 0.054350 -0.125542 0.029449
v 0.053221 -0.125541 0.031485
v 0.053956 -0.129981 0.031921
v 0.052627 -0.125541 0.032488
v 0.053351 -0.129982 0.032936
v 0.055108 -0.129980 0.029859
v 0.053795 -0.125541 0.030472
v 0.054542 -0.129981 0.030895
v 0.056257 -0.125544 0.025518
v 0.055339 -0.125543 0.027500
v 0.056117 -0.129979 0.027886
v 0.054853 -0.125542 0.028479
v 0.055621 -0.129980 0.028877
v 0.057057 -0.129978 0.025878
v 0.055807 -0.125543 0.026513
v 0.056596 -0.129979 0.026886
v 0.057929 -0.125547 0.021326
v 0.057131 -0.125545 0.023439
v 0.057951 -0.129978 0.023771
v 0.056704 -0.125545 0.024483
v 0.057513 -0.129978 0.024829
v 0.058767 -0.129977 0.021631
v 0.057540 -0.125546 0.022386
v 0.058369 -0.129978 0.022705
v 0.059293 -0.125550 0.017018
v 0.058650 -0.125548 0.019184
v 0.059505 -0.129977 0.019463
v 0.058299 -0.125548 0.020258
v 0.059146 -0.129977 0.020550
v 0.060165 -0.129976 0.017269
v 0.058981 -0.125549 0.018104
v 0.059845 -0.129977 0.018369
v 0.060347 -0.125551 0.012632
v 0.059859 -0.125551 0.014833
v 0.060744 -0.129976 0.015054
v 0.059586 -0.125550 0.015928
v 0.060464 -0.129976 0.016164
v 0.061245 -0.129975 0.012821
v 0.060113 -0.125551 0.013735
v 0.061004 -0.129975 0.013940
v 0.061087 -0.125552 0.008193
v 0.060757 -0.125552 0.010418
v 0.061664 -0.129974 0.010574
v 0.060562 -0.125552 0.011527
v 0.061465 -0.129975 0.011699
v 0.062004 -0.129974 0.008314
v 0.060932 -0.125552 0.009307
v 0.061844 -0.129974 0.009445
v 0.061510 -0.125553 0.003712
v 0.061339 -0.125552 0.005957
v 0.062262 -0.129973 0.006043
v 0.061223 -0.125552 0.007076
v 0.062143 -0.129974 0.007180
v 0.062437 -0.129973 0.003764
v 0.061435 -0.125552 0.004836
v 0.062360 -0.129973 0.004904
v 0.061610 -0.125553 -0.000802
v 0.061600 -0.125553 0.001457
v 0.062530 -0.129973 0.001477
v 0.061566 -0.125553 0.002586
v 0.062494 -0.129973 0.002621
v 0.062541 -0.129973 -0.000814
v 0.061615 -0.125553 0.000327
v 0.062546 -0.129973 0.000331
v 0.061394 -0.125553 -0.005304
v 0.061542 -0.125553 -0.003056
v 0.063052 -0.132290 0.000333
v 0.062541 -0.129973 0.000904
v 0.063036 -0.132290 0.001487
v 0.063047 -0.132290 0.000910
v 0.063315 -0.133475 0.000334
v 0.063050 -0.132290 0.000621
v 0.063310 -0.133475 0.000913
v 0.063313 -0.133475 0.000623
v 0.063047 -0.132290 -0.000821
v 0.062546 -0.129973 -0.000242
v 0.063052 -0.132290 -0.000244
v 0.062471 -0.129974 -0.003101
v 0.061586 -0.125553 -0.001930
v 0.062516 -0.129974 -0.001958
v 0.063316 -0.133475 -0.000245
v 0.063053 -0.132290 0.000044
v 0.063316 -0.133475 0.000044
v 0.063569 -0.134678 -0.001479
v 0.063518 -0.134678 -0.002956
v 0.063432 -0.134678 -0.004432
v 0.063313 -0.134679 -0.005906
v 0.063150 -0.134680 -0.007460
v 0.062949 -0.134681 -0.009009
v 0.062710 -0.134682 -0.010553
v 0.062434 -0.134683 -0.012091
v 0.062175 -0.134684 -0.013369
v 0.061890 -0.134685 -0.014641
v 0.061579 -0.134687 -0.015906
v 0.061242 -0.134688 -0.017166
v 0.062319 -0.129974 -0.005383
v 0.061478 -0.125553 -0.004180
v 0.062405 -0.129974 -0.004243
v 0.060860 -0.125552 -0.009779
v 0.061166 -0.125553 -0.007546
v 0.062085 -0.129974 -0.007659
v 0.061290 -0.125553 -0.006426
v 0.062212 -0.129974 -0.006522
v 0.061771 -0.129974 -0.009925
v 0.061023 -0.125552 -0.008664
v 0.061938 -0.129974 -0.008793
v 0.060010 -0.125550 -0.014208
v 0.060474 -0.125551 -0.012002
v 0.061375 -0.129975 -0.012179
v 0.060677 -0.125552 -0.010892
v 0.061583 -0.129975 -0.011053
v 0.060898 -0.129975 -0.014417
v 0.060252 -0.125551 -0.013107
v 0.061147 -0.129975 -0.013300
v 0.058844 -0.125548 -0.018571
v 0.059467 -0.125549 -0.016397
v 0.060341 -0.129976 -0.016636
v 0.059748 -0.125550 -0.015305
v 0.060630 -0.129975 -0.015529
v 0.059704 -0.129977 -0.018838
v 0.059165 -0.125549 -0.017487
v 0.060033 -0.129976 -0.017740
v 0.057368 -0.125546 -0.022834
v 0.058144 -0.125547 -0.020718
v 0.060957 -0.134689 -0.018161
v 0.060496 -0.134691 -0.019654
v 0.059998 -0.134693 -0.021134
v 0.059464 -0.134695 -0.022602
v 0.058893 -0.134697 -0.024057
v 0.058287 -0.134699 -0.025497
v 0.057646 -0.134701 -0.026921
v 0.056969 -0.134704 -0.028330
v 0.056259 -0.134706 -0.029721
v 0.055515 -0.134708 -0.031095
v 0.054737 -0.134710 -0.032450
v 0.053927 -0.134712 -0.033786
v 0.053084 -0.134714 -0.035102
v 0.052210 -0.134717 -0.036396
v 0.051304 -0.134719 -0.037669
v 0.050367 -0.134721 -0.038919
v 0.049399 -0.134723 -0.040146
v 0.048402 -0.134725 -0.041348
v 0.047375 -0.134727 -0.042526
v 0.046319 -0.134729 -0.043677
v 0.045234 -0.134730 -0.044801
v 0.044760 -0.134731 -0.045275
v 0.060503 -0.132297 -0.017877
v 0.060190 -0.129976 -0.017189
v 0.060816 -0.132296 -0.016766
v 0.060662 -0.132296 -0.017322
v 0.060171 -0.132298 -0.018982
v 0.059871 -0.129976 -0.018290
v 0.060340 -0.132297 -0.018431
v 0.058988 -0.129977 -0.021013
v 0.058503 -0.125548 -0.019648
v 0.059356 -0.129977 -0.019929
v 0.058194 -0.129978 -0.023158
v 0.057765 -0.125547 -0.021780
v 0.058601 -0.129978 -0.022089
v 0.055668 -0.125544 -0.026803
v 0.056553 -0.125545 -0.024833
v 0.057359 -0.129979 -0.025185
v 0.056969 -0.125546 -0.023837
v 0.057785 -0.129978 -0.024175
v 0.056455 -0.129979 -0.027181
v 0.056119 -0.125544 -0.025822
v 0.056916 -0.129979 -0.026187
v 0.053508 -0.125542 -0.030979
v 0.054628 -0.125543 -0.028911
v 0.055392 -0.129980 -0.029316
v 0.055158 -0.125543 -0.027862
v 0.055934 -0.129980 -0.028253
v 0.054249 -0.129981 -0.031410
v 0.054078 -0.125542 -0.029950
v 0.054831 -0.129981 -0.030368
v 0.051138 -0.125540 -0.034831
v 0.052359 -0.125541 -0.032926
v 0.053078 -0.129982 -0.033379
v 0.052942 -0.125541 -0.031957
v 0.053672 -0.129982 -0.032399
v 0.051834 -0.129983 -0.035305
v 0.051757 -0.125540 -0.033884
v 0.052465 -0.129982 -0.034347
v 0.048488 -0.125538 -0.038506
v 0.049847 -0.125539 -0.036693
v 0.050521 -0.129984 -0.037186
v 0.050501 -0.125539 -0.035768
v 0.051186 -0.129983 -0.036251
v 0.049139 -0.129985 -0.039017
v 0.049176 -0.125538 -0.037606
v 0.049838 -0.129984 -0.038108
v 0.045465 -0.125536 -0.042094
v 0.047011 -0.125537 -0.040330
v 0.047637 -0.129986 -0.040860
v 0.047758 -0.125537 -0.039425
v 0.048396 -0.129985 -0.039946
v 0.046066 -0.129986 -0.042642
v 0.046246 -0.125537 -0.041220
v 0.046860 -0.129986 -0.041759
v 0.042420 -0.125535 -0.045204
v 0.042982 -0.117507 -0.042699
v 0.043971 -0.125536 -0.043674
v 0.044546 -0.129987 -0.044241
v 0.044725 -0.125536 -0.042891
v 0.045313 -0.129987 -0.043449
v 0.044854 -0.132322 -0.044545
v 0.044931 -0.129987 -0.043847
v 0.045628 -0.132322 -0.043747
v 0.045242 -0.132322 -0.044148
v 0.042970 -0.129988 -0.045788
v 0.043203 -0.125535 -0.044444
v 0.043765 -0.129988 -0.045021
v 0.039030 -0.125534 -0.048204
v 0.039847 -0.117502 -0.045700
v 0.040753 -0.125535 -0.046735
v 0.044066 -0.132323 -0.045329
v 0.044157 -0.129988 -0.044632
v 0.044461 -0.132323 -0.044938
v 0.044681 -0.134731 -0.045353
v 0.044403 -0.134732 -0.045627
v 0.044123 -0.134732 -0.045899
v 0.042985 -0.134734 -0.046971
v 0.041821 -0.134735 -0.048013
v 0.040632 -0.134737 -0.049026
v 0.039418 -0.134739 -0.050009
v 0.038181 -0.134740 -0.050963
v 0.036920 -0.134742 -0.051885
v 0.035637 -0.134743 -0.052777
v 0.034332 -0.134744 -0.053637
v 0.033007 -0.134746 -0.054464
v 0.031662 -0.134747 -0.055259
v 0.030298 -0.134748 -0.056021
v 0.028915 -0.134749 -0.056749
v 0.027516 -0.134750 -0.057443
v 0.026100 -0.134751 -0.058102
v 0.024667 -0.134752 -0.058727
v 0.023220 -0.134753 -0.059315
v 0.021759 -0.134754 -0.059868
v 0.020284 -0.134755 -0.060384
v 0.018797 -0.134756 -0.060864
v 0.017299 -0.134757 -0.061307
v 0.015791 -0.134758 -0.061714
v 0.014273 -0.134758 -0.062083
v 0.012746 -0.134759 -0.062416
v 0.011212 -0.134760 -0.062711
v 0.009671 -0.134760 -0.062968
v 0.008124 -0.134761 -0.063187
v 0.006573 -0.134761 -0.063368
v 0.005017 -0.134761 -0.063511
v 0.003457 -0.134762 -0.063616
v 0.001897 -0.134762 -0.063681
v 0.000335 -0.134762 -0.063708
v 0.000000 -0.134762 -0.063709
v 0.044221 -0.133518 -0.045488
v 0.044264 -0.132323 -0.045134
v 0.044618 -0.133518 -0.045096
v 0.044420 -0.133518 -0.045292
v 0.043264 -0.132324 -0.046100
v 0.043369 -0.129988 -0.045406
v 0.043667 -0.132324 -0.045716
v 0.041278 -0.129989 -0.047334
v 0.041594 -0.125535 -0.045977
v 0.042131 -0.129989 -0.046569
v 0.044499 -0.134122 -0.045373
v 0.044519 -0.133518 -0.045194
v 0.044698 -0.134122 -0.045176
v 0.044599 -0.134122 -0.045275
v 0.044658 -0.132323 -0.044742
v 0.045012 -0.133517 -0.044701
v 0.044816 -0.133518 -0.044899
v 0.044639 -0.134426 -0.045315
v 0.044648 -0.134122 -0.045225
v 0.044738 -0.134426 -0.045217
v 0.044688 -0.134426 -0.045266
v 0.044717 -0.133518 -0.044998
v 0.044896 -0.134122 -0.044979
v 0.044797 -0.134122 -0.045078
v 0.043820 -0.133519 -0.045877
v 0.043866 -0.132323 -0.045523
v 0.044021 -0.133519 -0.045683
v 0.039528 -0.129990 -0.048818
v 0.039899 -0.125534 -0.047477
v 0.040410 -0.129989 -0.048084
v 0.035424 -0.125533 -0.050948
v 0.036432 -0.117498 -0.048521
v 0.037253 -0.125533 -0.049609
v 0.037725 -0.129990 -0.050236
v 0.038148 -0.125534 -0.048915
v 0.038633 -0.129990 -0.049535
v 0.035871 -0.129991 -0.051588
v 0.036345 -0.125533 -0.050287
v 0.036804 -0.129991 -0.050920
v 0.031625 -0.125532 -0.053420
v 0.032814 -0.117494 -0.051084
v 0.033547 -0.125533 -0.052219
v 0.033968 -0.129992 -0.052870
v 0.034492 -0.125533 -0.051592
v 0.034925 -0.129991 -0.052238
v 0.032019 -0.129993 -0.054082
v 0.032592 -0.125532 -0.052828
v 0.032999 -0.129992 -0.053485
v 0.027653 -0.125532 -0.055606
v 0.029015 -0.117491 -0.053373
v 0.029659 -0.125532 -0.054549
v 0.030027 -0.129993 -0.055222
v 0.030647 -0.125532 -0.053993
v 0.031028 -0.129993 -0.054661
v 0.027995 -0.129994 -0.056289
v 0.028661 -0.125532 -0.055087
v 0.029016 -0.129994 -0.055765
v 0.023718 -0.125531 -0.057417
v 0.025147 -0.117488 -0.055334
v 0.025702 -0.125532 -0.056546
v 0.026018 -0.129994 -0.057237
v 0.026682 -0.125532 -0.056085
v 0.027010 -0.129994 -0.056772
v 0.024008 -0.129995 -0.058116
v 0.024714 -0.125532 -0.056990
v 0.025017 -0.129995 -0.057685
v 0.019283 -0.125531 -0.059075
v 0.021056 -0.117486 -0.057047
v 0.021517 -0.125531 -0.058289
v 0.021778 -0.129995 -0.058995
v 0.022621 -0.125531 -0.057864
v 0.022897 -0.129995 -0.058566
v 0.019516 -0.129996 -0.059787
v 0.020404 -0.125531 -0.058693
v 0.020651 -0.129996 -0.059402
v 0.014927 -0.125530 -0.060339
v 0.016753 -0.117483 -0.058482
v 0.017117 -0.125530 -0.059747
v 0.017322 -0.129996 -0.060464
v 0.018203 -0.125531 -0.059421
v 0.018422 -0.129996 -0.060136
v 0.015106 -0.129997 -0.061061
v 0.016025 -0.125530 -0.060053
v 0.016217 -0.129996 -0.060773
v 0.010581 -0.125530 -0.061263
v 0.012493 -0.117481 -0.059557
v 0.012763 -0.125530 -0.060840
v 0.012915 -0.129997 -0.061566
v 0.013848 -0.125530 -0.060599
v 0.014013 -0.129997 -0.061323
v 0.010707 -0.129997 -0.061992
v 0.011674 -0.125530 -0.061061
v 0.011813 -0.129997 -0.061789
v 0.005989 -0.125530 -0.061890
v 0.008115 -0.117480 -0.060325
v 0.008291 -0.125530 -0.061620
v 0.008390 -0.129998 -0.062351
v 0.009437 -0.125530 -0.061452
v 0.009550 -0.129998 -0.062182
v 0.006061 -0.129998 -0.062623
v 0.007141 -0.125530 -0.061766
v 0.007227 -0.129998 -0.062498
v 0.001460 -0.125530 -0.062166
v 0.003645 -0.117480 -0.060768
v 0.003726 -0.125530 -0.062070
v 0.003771 -0.129998 -0.062805
v 0.004858 -0.125530 -0.061991
v 0.004917 -0.129998 -0.062725
v 0.001478 -0.129998 -0.062902
v 0.002593 -0.125530 -0.062129
v 0.002625 -0.129998 -0.062864
v -0.002903 -0.125530 -0.062115
v -0.000707 -0.117479 -0.060876
v -0.000722 -0.125530 -0.062179
v -0.000731 -0.129998 -0.062915
v 0.000369 -0.125530 -0.062183
v 0.000374 -0.129998 -0.062918
v -0.000735 -0.132343 -0.063303
v -0.000179 -0.129998 -0.062919
v 0.000376 -0.132343 -0.063306
v -0.000180 -0.132343 -0.063307
v -0.002938 -0.129998 -0.062850
v -0.001812 -0.125530 -0.062157
v -0.001834 -0.129998 -0.062892
v -0.007643 -0.125530 -0.061705
v -0.005166 -0.117480 -0.060655
v -0.005277 -0.125530 -0.061956
v -0.000180 -0.133543 -0.063506
v 0.000098 -0.132343 -0.063307
v 0.000377 -0.133543 -0.063506
v 0.000099 -0.133543 -0.063506
v 0.000926 -0.129998 -0.062912
v 0.001487 -0.132343 -0.063290
v 0.000932 -0.132343 -0.063301
v -0.002789 -0.134762 -0.063648
v -0.004349 -0.134761 -0.063560
v -0.005907 -0.134761 -0.063434
v -0.007460 -0.134761 -0.063269
v -0.009009 -0.134760 -0.063066
v -0.010553 -0.134760 -0.062825
v -0.012090 -0.134759 -0.062547
v -0.013620 -0.134759 -0.062231
v -0.015142 -0.134758 -0.061877
v -0.016655 -0.134757 -0.061487
v -0.018157 -0.134757 -0.061059
v -0.019649 -0.134756 -0.060595
v -0.021129 -0.134755 -0.060094
v -0.022596 -0.134754 -0.059557
v -0.024049 -0.134753 -0.058983
v -0.025488 -0.134752 -0.058374
v -0.026911 -0.134751 -0.057730
v -0.028318 -0.134750 -0.057050
v -0.029708 -0.134749 -0.056337
v -0.031080 -0.134748 -0.055590
v -0.032433 -0.134746 -0.054809
v -0.033767 -0.134745 -0.053996
v -0.035080 -0.134744 -0.053150
v -0.036373 -0.134743 -0.052272
v -0.037643 -0.134741 -0.051362
v -0.038891 -0.134740 -0.050422
v -0.040115 -0.134738 -0.049452
v -0.041315 -0.134737 -0.048451
v -0.042490 -0.134735 -0.047421
v -0.043639 -0.134733 -0.046362
v -0.044761 -0.134731 -0.045275
v -0.005340 -0.129998 -0.062690
v -0.004091 -0.125530 -0.062047
v -0.004140 -0.129998 -0.062781
v -0.007734 -0.129998 -0.062437
v -0.006461 -0.125530 -0.061842
v -0.006538 -0.129998 -0.062575
v -0.012158 -0.125530 -0.060966
v -0.009699 -0.117480 -0.060086
v -0.009908 -0.125530 -0.061377
v -0.010025 -0.129998 -0.062107
v -0.008777 -0.125530 -0.061552
v -0.008881 -0.129998 -0.062282
v -0.012303 -0.129997 -0.061692
v -0.011035 -0.125530 -0.061182
v -0.011166 -0.129997 -0.061910
v -0.016490 -0.125531 -0.059926
v -0.014032 -0.117482 -0.059207
v -0.014334 -0.125530 -0.060485
v -0.014505 -0.129997 -0.061208
v -0.013248 -0.125530 -0.060735
v -0.013406 -0.129997 -0.061460
v -0.016687 -0.129997 -0.060645
v -0.015414 -0.125530 -0.060215
v -0.015599 -0.129997 -0.060936
v -0.020810 -0.125531 -0.058548
v -0.018266 -0.117484 -0.058018
v -0.018662 -0.125531 -0.059277
v -0.018887 -0.129996 -0.059991
v -0.017579 -0.125531 -0.059611
v -0.017790 -0.129996 -0.060328
v -0.021062 -0.129996 -0.059257
v -0.019740 -0.125531 -0.058923
v -0.019978 -0.129996 -0.059634
v -0.025188 -0.125532 -0.056780
v -0.022523 -0.117486 -0.056474
v -0.023016 -0.125531 -0.057706
v -0.023297 -0.129995 -0.058407
v -0.021917 -0.125531 -0.058138
v -0.022183 -0.129996 -0.058843
v -0.025497 -0.129995 -0.057473
v -0.024106 -0.125532 -0.057254
v -0.024401 -0.129995 -0.057951
v -0.028962 -0.125532 -0.054928
v -0.026507 -0.117489 -0.054685
v -0.027091 -0.125532 -0.055886
v -0.027425 -0.129994 -0.056571
v -0.026143 -0.125532 -0.056341
v -0.026464 -0.129994 -0.057030
v -0.029320 -0.129994 -0.055604
v -0.028031 -0.125532 -0.055415
v -0.028377 -0.129994 -0.056096
v -0.033000 -0.125533 -0.052572
v -0.030331 -0.117491 -0.052624
v -0.031003 -0.125532 -0.053788
v -0.031389 -0.129993 -0.054454
v -0.029988 -0.125532 -0.054367
v -0.030360 -0.129993 -0.055039
v -0.033412 -0.129992 -0.053227
v -0.032007 -0.125532 -0.053189
v -0.032406 -0.129993 -0.053850
v -0.036733 -0.125533 -0.050001
v -0.034127 -0.117495 -0.050201
v -0.034890 -0.125533 -0.051321
v -0.035328 -0.129992 -0.051964
v -0.033950 -0.125533 -0.051955
v -0.034376 -0.129992 -0.052604
v -0.037197 -0.129991 -0.050632
v -0.035817 -0.125533 -0.050669
v -0.036269 -0.129991 -0.051307
v -0.040264 -0.125535 -0.047164
v -0.037675 -0.117499 -0.047544
v -0.038525 -0.125534 -0.048615
v -0.039015 -0.129990 -0.049233
v -0.037635 -0.125534 -0.049316
v -0.038113 -0.129991 -0.049941
v -0.040780 -0.129989 -0.047769
v -0.039401 -0.125534 -0.047898
v -0.039904 -0.129990 -0.048509
v -0.043573 -0.125536 -0.044077
v -0.041012 -0.117504 -0.044635
v -0.041947 -0.125535 -0.045651
v -0.042490 -0.129989 -0.046240
v -0.041113 -0.125535 -0.046415
v -0.041642 -0.129989 -0.047012
v -0.044141 -0.129988 -0.044649
v -0.042767 -0.125535 -0.044871
v -0.043322 -0.129988 -0.045452
v -0.046646 -0.125537 -0.040754
v -0.044122 -0.117509 -0.041490
v -0.045139 -0.125536 -0.042444
v -0.045733 -0.129987 -0.043000
v -0.044364 -0.125536 -0.043267
v -0.044944 -0.129987 -0.043832
v -0.045255 -0.132322 -0.044134
v -0.044544 -0.129988 -0.044242
v -0.044444 -0.132323 -0.044956
v -0.044852 -0.132323 -0.044546
v -0.045010 -0.133518 -0.044704
v -0.044648 -0.132323 -0.044752
v -0.044601 -0.133518 -0.045114
v -0.044806 -0.133518 -0.044909
v -0.043733 -0.129988 -0.045053
v -0.043619 -0.132324 -0.045763
v -0.044033 -0.132324 -0.045361
v -0.044886 -0.134122 -0.044989
v -0.044704 -0.133518 -0.045012
v -0.044681 -0.134123 -0.045194
v -0.044784 -0.134122 -0.045092
v -0.044239 -0.132323 -0.045159
v -0.044188 -0.133519 -0.045521
v -0.044395 -0.133519 -0.045318
v -0.044824 -0.134426 -0.045132
v -0.044732 -0.134123 -0.045143
v -0.044721 -0.134426 -0.045235
v -0.044772 -0.134426 -0.045184
v -0.044498 -0.133518 -0.045216
v -0.044474 -0.134123 -0.045398
v -0.044578 -0.134123 -0.045297
v -0.044793 -0.134579 -0.045204
v -0.044747 -0.134426 -0.045209
v -0.044741 -0.134579 -0.045255
v -0.044767 -0.134579 -0.045230
v -0.044629 -0.134123 -0.045245
v -0.044618 -0.134427 -0.045337
v -0.044669 -0.134427 -0.045286
v -0.044777 -0.134655 -0.045240
v -0.044754 -0.134579 -0.045242
v -0.044751 -0.134655 -0.045265
v -0.044764 -0.134655 -0.045253
v -0.044695 -0.134427 -0.045260
v -0.044689 -0.134579 -0.045306
v -0.044715 -0.134579 -0.045281
v -0.044769 -0.134693 -0.045258
v -0.044758 -0.134655 -0.045259
v -0.044756 -0.134693 -0.045270
v -0.044763 -0.134693 -0.045264
v -0.044728 -0.134579 -0.045268
v -0.044725 -0.134655 -0.045291
v -0.044738 -0.134655 -0.045278
v -0.044765 -0.134712 -0.045267
v -0.044759 -0.134693 -0.045267
v -0.044759 -0.134712 -0.045273
v -0.044762 -0.134712 -0.045270
v -0.044745 -0.134655 -0.045272
v -0.044743 -0.134693 -0.045283
v -0.044750 -0.134693 -0.045277
v -0.044763 -0.134722 -0.045271
v -0.044760 -0.134712 -0.045271
v -0.044760 -0.134722 -0.045274
v -0.044762 -0.134722 -0.045273
v -0.044753 -0.134693 -0.045274
v -0.044752 -0.134712 -0.045279
v -0.044755 -0.134712 -0.045276
v -0.045857 -0.134730 -0.044161
v -0.046924 -0.134728 -0.043021
v -0.047964 -0.134726 -0.041855
v -0.048974 -0.134724 -0.040663
v -0.049955 -0.134722 -0.039447
v -0.050906 -0.134720 -0.038207
v -0.051826 -0.134718 -0.036944
v -0.052715 -0.134716 -0.035659
v -0.053572 -0.134714 -0.034353
v -0.054397 -0.134712 -0.033026
v -0.055188 -0.134709 -0.031680
v -0.055946 -0.134707 -0.030314
v -0.056671 -0.134705 -0.028929
v -0.057361 -0.134703 -0.027528
v -0.058017 -0.134701 -0.026110
v -0.058637 -0.134699 -0.024676
v -0.059223 -0.134697 -0.023227
v -0.059773 -0.134695 -0.021765
v -0.060286 -0.134693 -0.020290
v -0.060764 -0.134691 -0.018802
v -0.061243 -0.134689 -0.017166
v -0.047263 -0.129986 -0.041293
v -0.045900 -0.125537 -0.041606
v -0.046506 -0.129987 -0.042153
v -0.049465 -0.125539 -0.037217
v -0.048088 -0.125538 -0.039011
v -0.048730 -0.129985 -0.039531
v -0.047375 -0.125537 -0.039889
v -0.048005 -0.129986 -0.040418
v -0.050131 -0.129984 -0.037716
v -0.048784 -0.125538 -0.038120
v -0.049439 -0.129985 -0.038630
v -0.052014 -0.125540 -0.033485
v -0.050774 -0.125539 -0.035374
v -0.051464 -0.129983 -0.035853
v -0.050128 -0.125539 -0.036301
v -0.050806 -0.129984 -0.036791
v -0.052727 -0.129983 -0.033942
v -0.051403 -0.125540 -0.034435
v -0.052104 -0.129983 -0.034903
v -0.054348 -0.125543 -0.029451
v -0.053219 -0.125541 -0.031490
v -0.053956 -0.129982 -0.031924
v -0.052626 -0.125541 -0.032493
v -0.053351 -0.129982 -0.032939
v -0.055107 -0.129981 -0.029861
v -0.053793 -0.125542 -0.030476
v -0.054541 -0.129981 -0.030898
v -0.056257 -0.125545 -0.025513
v -0.055337 -0.125544 -0.027498
v -0.056117 -0.129980 -0.027885
v -0.054851 -0.125543 -0.028479
v -0.055621 -0.129980 -0.028877
v -0.057057 -0.129979 -0.025875
v -0.055806 -0.125544 -0.026510
v -0.056596 -0.129980 -0.026884
v -0.057930 -0.125547 -0.021323
v -0.057132 -0.125546 -0.023433
v -0.057951 -0.129978 -0.023767
v -0.056704 -0.125545 -0.024477
v -0.057513 -0.129979 -0.024825
v -0.058768 -0.129978 -0.021630
v -0.057541 -0.125546 -0.022381
v -0.058369 -0.129978 -0.022702
v -0.059296 -0.125549 -0.017023
v -0.058652 -0.125548 -0.019186
v -0.059507 -0.129977 -0.019464
v -0.058301 -0.125547 -0.020258
v -0.059147 -0.129977 -0.020550
v -0.060167 -0.129976 -0.017271
v -0.058984 -0.125549 -0.018107
v -0.059847 -0.129977 -0.018370
v -0.060350 -0.125551 -0.012638
v -0.059863 -0.125550 -0.014840
v -0.060747 -0.129976 -0.015058
v -0.059589 -0.125550 -0.015934
v -0.060467 -0.129976 -0.016167
v -0.061813 -0.134686 -0.014967
v -0.062305 -0.134684 -0.012748
v -0.062598 -0.134683 -0.011213
v -0.062852 -0.134682 -0.009672
v -0.063069 -0.134681 -0.008125
v -0.063249 -0.134680 -0.006573
v -0.063390 -0.134679 -0.005017
v -0.063493 -0.134679 -0.003458
v -0.063559 -0.134678 -0.001897
v -0.063586 -0.134678 -0.000335
v -0.063587 -0.134678 -0.000001
v -0.061087 -0.125553 -0.008190
v -0.060758 -0.125552 -0.010420
v -0.061666 -0.129975 -0.010575
v -0.060564 -0.125551 -0.011531
v -0.061247 -0.129975 -0.012825
v -0.061466 -0.129975 -0.011702
v -0.062004 -0.129974 -0.008313
v -0.060932 -0.125552 -0.009306
v -0.061845 -0.129975 -0.009445
v -0.061508 -0.125553 -0.003703
v -0.061337 -0.125553 -0.005950
v -0.062261 -0.129974 -0.006039
v -0.061222 -0.125553 -0.007071
v -0.062142 -0.129974 -0.007177
v -0.062436 -0.129974 -0.003759
v -0.061433 -0.125553 -0.004827
v -0.062359 -0.129974 -0.004900
v -0.061614 -0.125554 0.000617
v -0.061597 -0.125554 -0.001546
v -0.062528 -0.129974 -0.001569
v -0.061562 -0.125554 -0.002625
v -0.062491 -0.129974 -0.002664
v -0.062544 -0.129974 0.000625
v -0.061614 -0.125554 -0.000465
v -0.062545 -0.129974 -0.000473
v -0.061397 -0.125553 0.005312
v -0.061550 -0.125553 0.002970
v -0.063051 -0.132290 0.000629
v -0.062547 -0.129974 0.000076
v -0.063052 -0.132290 -0.000477
v -0.063053 -0.132290 0.000076
v -0.062478 -0.129974 0.003011
v -0.061593 -0.125553 0.001796
v -0.062523 -0.129974 0.001819
v -0.063317 -0.133475 0.000076
v -0.063053 -0.132290 -0.000200
v -0.063315 -0.133475 -0.000479
v -0.063317 -0.133475 -0.000201
v -0.062539 -0.129974 -0.001021
v -0.063034 -0.132290 -0.001581
v -0.063045 -0.132290 -0.001029
v -0.063527 -0.134678 0.002789
v -0.063440 -0.134679 0.004349
v -0.063314 -0.134679 0.005906
v -0.063151 -0.134680 0.007460
v -0.062950 -0.134681 0.009009
v -0.062711 -0.134682 0.010553
v -0.062434 -0.134684 0.012091
v -0.062121 -0.134685 0.013621
v -0.061770 -0.134687 0.015144
v -0.061382 -0.134688 0.016657
v -0.060957 -0.134690 0.018160
v -0.060496 -0.134692 0.019653
v -0.059998 -0.134694 0.021134
v -0.059464 -0.134696 0.022602
v -0.058894 -0.134698 0.024057
v -0.058288 -0.134700 0.025497
v -0.057647 -0.134702 0.026922
v -0.056971 -0.134704 0.028330
v -0.056260 -0.134706 0.029722
v -0.055516 -0.134708 0.031096
v -0.054739 -0.134711 0.032451
v -0.053928 -0.134713 0.033786
v -0.053086 -0.134715 0.035101
v -0.052211 -0.134717 0.036396
v -0.051305 -0.134719 0.037669
v -0.050367 -0.134721 0.038919
v -0.049400 -0.134723 0.040145
v -0.048402 -0.134725 0.041348
v -0.047375 -0.134727 0.042525
v -0.046319 -0.134729 0.043677
v -0.045234 -0.134731 0.044801
v -0.044761 -0.134731 0.045275
v -0.062321 -0.129974 0.005388
v -0.061485 -0.125553 0.004142
v -0.062411 -0.129974 0.004200
v -0.060861 -0.125552 0.009779
v -0.061169 -0.125552 0.007550
v -0.062087 -0.129974 0.007661
v -0.061293 -0.125552 0.006432
v -0.062215 -0.129974 0.006526
v -0.061771 -0.129975 0.009924
v -0.061025 -0.125552 0.008666
v -0.061939 -0.129974 0.008794
v -0.060008 -0.125551 0.014201
v -0.060474 -0.125552 0.011996
v -0.061375 -0.129975 0.012175
v -0.060677 -0.125552 0.010889
v -0.061583 -0.129975 0.011051
v -0.060898 -0.129976 0.014413
v -0.060251 -0.125551 0.013100
v -0.061146 -0.129976 0.013296
v -0.058844 -0.125549 0.018563
v -0.059465 -0.125550 0.016391
v -0.060341 -0.129977 0.016633
v -0.059746 -0.125551 0.015298
v -0.060629 -0.129976 0.015525
v -0.059704 -0.129977 0.018833
v -0.059164 -0.125550 0.017480
v -0.060032 -0.129977 0.017736
v -0.057370 -0.125546 0.022833
v -0.058145 -0.125548 0.020712
v -0.058989 -0.129978 0.021009
v -0.058504 -0.125548 0.019640
v -0.059356 -0.129977 0.019924
v -0.058195 -0.129978 0.023158
v -0.057767 -0.125547 0.021776
v -0.058602 -0.129978 0.022087
v -0.055590 -0.125543 0.026978
v -0.056517 -0.125545 0.024923
v -0.057323 -0.129979 0.025274
v -0.056953 -0.125545 0.023882
v -0.057769 -0.129978 0.024220
v -0.056374 -0.129979 0.027357
v -0.056063 -0.125544 0.025955
v -0.056858 -0.129979 0.026320
v -0.053510 -0.125541 0.030983
v -0.054587 -0.125542 0.028999
v -0.055350 -0.129980 0.029403
v -0.055098 -0.125543 0.027993
v -0.055871 -0.129980 0.028384
v -0.054251 -0.129981 0.031412
v -0.054057 -0.125542 0.029996
v -0.054809 -0.129981 0.030413
v -0.051138 -0.125540 0.034831
v -0.052360 -0.125540 0.032927
v -0.053079 -0.129982 0.033380
v -0.052944 -0.125541 0.031960
v -0.053674 -0.129982 0.032401
v -0.051835 -0.129983 0.035305
v -0.051758 -0.125540 0.033885
v -0.052466 -0.129983 0.034348
v -0.048488 -0.125538 0.038503
v -0.049847 -0.125539 0.036691
v -0.050521 -0.129984 0.037185
v -0.050501 -0.125539 0.035767
v -0.051186 -0.129984 0.036251
v -0.049139 -0.129985 0.039015
v -0.049176 -0.125539 0.037603
v -0.049838 -0.129985 0.038106
v -0.045465 -0.125537 0.042091
v -0.047010 -0.125538 0.040326
v -0.047637 -0.129986 0.040858
v -0.047757 -0.125538 0.039422
v -0.048396 -0.129986 0.039944
v -0.046066 -0.129987 0.042640
v -0.046246 -0.125537 0.041216
v -0.046860 -0.129987 0.041757
v -0.042421 -0.125535 0.045204
v -0.042982 -0.117507 0.042697
v -0.043971 -0.125536 0.043673
v -0.044546 -0.129988 0.044241
v -0.044725 -0.125536 0.042889
v -0.045313 -0.129987 0.043448
v -0.044854 -0.132323 0.044544
v -0.044931 -0.129987 0.043846
v -0.045628 -0.132322 0.043747
v -0.045243 -0.132322 0.044147
v -0.042971 -0.129988 0.045788
v -0.043204 -0.125536 0.044444
v -0.043766 -0.129988 0.045021
v -0.039031 -0.125534 0.048204
v -0.039848 -0.117502 0.045700
v -0.040754 -0.125535 0.046735
v -0.044066 -0.132324 0.045329
v -0.044158 -0.129988 0.044632
v -0.044462 -0.132323 0.044938
v -0.042986 -0.134734 0.046971
v -0.041822 -0.134736 0.048013
v -0.040633 -0.134737 0.049026
v -0.039419 -0.134739 0.050010
v -0.038181 -0.134741 0.050963
v -0.036920 -0.134742 0.051886
v -0.035637 -0.134743 0.052777
v -0.034332 -0.134745 0.053637
v -0.033008 -0.134746 0.054464
v -0.031663 -0.134747 0.055259
v -0.030299 -0.134748 0.056021
v -0.028916 -0.134750 0.056749
v -0.027516 -0.134751 0.057443
v -0.026100 -0.134752 0.058102
v -0.024668 -0.134753 0.058727
v -0.023221 -0.134754 0.059315
v -0.021760 -0.134755 0.059868
v -0.020285 -0.134756 0.060385
v -0.018799 -0.134756 0.060865
v -0.017301 -0.134757 0.061308
v -0.015792 -0.134758 0.061714
v -0.014273 -0.134759 0.062084
v -0.012747 -0.134759 0.062416
v -0.011213 -0.134760 0.062711
v -0.009672 -0.134760 0.062968
v -0.008125 -0.134761 0.063187
v -0.006573 -0.134761 0.063368
v -0.005017 -0.134761 0.063511
v -0.003458 -0.134762 0.063616
v -0.001898 -0.134762 0.063681
v -0.000336 -0.134762 0.063708
v 0.000000 -0.134762 0.063709
v -0.041278 -0.129989 0.047335
v -0.041595 -0.125535 0.045977
v -0.042132 -0.129989 0.046570
v -0.039529 -0.129990 0.048818
v -0.039900 -0.125534 0.047477
v -0.040411 -0.129990 0.048084
v -0.035425 -0.125533 0.050948
v -0.036433 -0.117497 0.048521
v -0.037253 -0.125534 0.049609
v -0.037726 -0.129991 0.050237
v -0.038149 -0.125534 0.048915
v -0.038634 -0.129990 0.049536
v -0.035871 -0.129991 0.051588
v -0.036345 -0.125533 0.050287
v -0.036805 -0.129991 0.050921
v -0.031626 -0.125532 0.053419
v -0.032815 -0.117494 0.051084
v -0.033548 -0.125533 0.052219
v -0.033968 -0.129992 0.052870
v -0.034493 -0.125533 0.051592
v -0.034926 -0.129992 0.052238
v -0.032020 -0.129993 0.054082
v -0.032593 -0.125532 0.052828
v -0.033000 -0.129992 0.053485
v -0.027654 -0.125532 0.055606
v -0.029017 -0.117490 0.053373
v -0.029661 -0.125532 0.054549
v -0.030028 -0.129993 0.055222
v -0.030649 -0.125532 0.053993
v -0.031029 -0.129993 0.054661
v -0.027996 -0.129994 0.056288
v -0.028662 -0.125532 0.055087
v -0.029017 -0.129994 0.055765
v -0.023533 -0.125531 0.057495
v -0.025058 -0.117488 0.055376
v -0.025611 -0.125532 0.056588
v -0.025925 -0.129995 0.057280
v -0.026637 -0.125532 0.056107
v -0.026965 -0.129994 0.056794
v -0.023820 -0.129995 0.058194
v -0.024576 -0.125532 0.057051
v -0.024877 -0.129995 0.057747
v -0.019283 -0.125531 0.059075
v -0.020964 -0.117485 0.057082
v -0.021423 -0.125531 0.058324
v -0.021683 -0.129996 0.059030
v -0.022481 -0.125531 0.057919
v -0.022756 -0.129995 0.058622
v -0.019516 -0.129996 0.059788
v -0.020357 -0.125531 0.058710
v -0.020603 -0.129996 0.059419
v -0.014928 -0.125530 0.060339
v -0.016754 -0.117483 0.058482
v -0.017118 -0.125531 0.059747
v -0.017324 -0.129996 0.060465
v -0.018204 -0.125531 0.059421
v -0.018423 -0.129996 0.060136
v -0.015106 -0.129997 0.061061
v -0.016026 -0.125530 0.060053
v -0.016218 -0.129997 0.060773
v -0.010582 -0.125530 0.061263
v -0.012493 -0.117481 0.059558
v -0.012763 -0.125530 0.060840
v -0.012915 -0.129997 0.061566
v -0.013848 -0.125530 0.060600
v -0.014013 -0.129997 0.061323
v -0.010708 -0.129997 0.061992
v -0.011675 -0.125530 0.061062
v -0.011814 -0.129997 0.061789
v -0.006049 -0.125530 0.061884
v -0.008145 -0.117480 0.060321
v -0.008322 -0.125530 0.061616
v -0.008421 -0.129998 0.062347
v -0.009454 -0.125530 0.061450
v -0.009566 -0.129998 0.062180
v -0.006122 -0.129998 0.062617
v -0.007187 -0.125530 0.061760
v -0.007273 -0.129998 0.062493
v -0.001460 -0.125530 0.062166
v -0.003676 -0.117480 0.060766
v -0.003757 -0.125530 0.062068
v -0.003802 -0.129998 0.062803
v -0.004904 -0.125530 0.061987
v -0.004963 -0.129998 0.062721
v -0.001479 -0.129998 0.062901
v -0.002609 -0.125530 0.062128
v -0.002641 -0.129998 0.062863
v 0.002903 -0.125530 0.062115
v 0.000706 -0.117479 0.060876
v 0.000721 -0.125530 0.062180
v 0.000730 -0.129998 0.062915
v -0.000370 -0.125530 0.062183
v -0.000374 -0.129998 0.062918
v 0.000734 -0.132343 0.063303
v 0.000177 -0.129998 0.062918
v -0.000377 -0.132343 0.063306
v 0.000179 -0.132343 0.063307
v 0.002938 -0.129998 0.062850
v 0.001812 -0.125530 0.062157
v 0.001834 -0.129998 0.062892
v 0.007642 -0.125530 0.061705
v 0.005165 -0.117480 0.060655
v 0.005276 -0.125530 0.061956
v 0.000179 -0.133543 0.063506
v -0.000099 -0.132343 0.063307
v -0.000378 -0.133543 0.063505
v -0.000100 -0.133543 0.063506
v -0.000927 -0.129998 0.062912
v -0.001488 -0.132343 0.063290
v -0.000933 -0.132343 0.063300
v 0.001227 -0.134762 0.063698
v 0.002788 -0.134762 0.063649
v 0.004349 -0.134761 0.063561
v 0.005905 -0.134761 0.063434
v 0.007459 -0.134761 0.063270
v 0.009008 -0.134760 0.063067
v 0.010552 -0.134760 0.062826
v 0.012089 -0.134759 0.062547
v 0.013620 -0.134759 0.062231
v 0.015141 -0.134758 0.061877
v 0.016654 -0.134757 0.061487
v 0.018157 -0.134757 0.061059
v 0.019649 -0.134756 0.060595
v 0.021128 -0.134755 0.060094
v 0.022595 -0.134754 0.059557
v 0.024048 -0.134753 0.058984
v 0.025487 -0.134752 0.058375
v 0.026910 -0.134751 0.057730
v 0.028318 -0.134750 0.057051
v 0.029707 -0.134749 0.056337
v 0.031079 -0.134747 0.055590
v 0.032432 -0.134746 0.054809
v 0.033766 -0.134745 0.053996
v 0.035079 -0.134744 0.053150
v 0.036372 -0.134742 0.052272
v 0.037643 -0.134741 0.051363
v 0.038891 -0.134739 0.050422
v 0.040115 -0.134738 0.049452
v 0.041314 -0.134736 0.048451
v 0.042490 -0.134734 0.047421
v 0.043638 -0.134733 0.046363
v 0.044202 -0.134732 0.045822
v 0.044482 -0.134731 0.045550
v 0.005339 -0.129998 0.062690
v 0.004090 -0.125530 0.062047
v 0.004140 -0.129998 0.062781
v 0.007733 -0.129998 0.062437
v 0.006460 -0.125530 0.061842
v 0.006537 -0.129998 0.062575
v 0.012157 -0.125530 0.060966
v 0.009699 -0.117480 0.060086
v 0.009907 -0.125530 0.061377
v 0.010024 -0.129998 0.062107
v 0.008776 -0.125530 0.061552
v 0.008880 -0.129998 0.062282
v 0.012302 -0.129997 0.061692
v 0.011034 -0.125530 0.061182
v 0.011165 -0.129997 0.061910
v 0.016489 -0.125530 0.059926
v 0.014031 -0.117482 0.059207
v 0.014333 -0.125530 0.060485
v 0.014504 -0.129997 0.061208
v 0.013247 -0.125530 0.060735
v 0.013405 -0.129997 0.061460
v 0.016686 -0.129996 0.060645
v 0.015413 -0.125530 0.060215
v 0.015597 -0.129997 0.060936
v 0.020809 -0.125531 0.058548
v 0.018266 -0.117484 0.058018
v 0.018662 -0.125531 0.059277
v 0.018887 -0.129996 0.059991
v 0.017578 -0.125531 0.059611
v 0.017789 -0.129996 0.060328
v 0.021061 -0.129996 0.059257
v 0.019739 -0.125531 0.058922
v 0.019977 -0.129996 0.059634
v 0.025187 -0.125532 0.056780
v 0.022522 -0.117487 0.056474
v 0.023015 -0.125531 0.057706
v 0.023295 -0.129995 0.058408
v 0.021916 -0.125531 0.058138
v 0.022182 -0.129995 0.058843
v 0.025496 -0.129995 0.057473
v 0.024105 -0.125531 0.057254
v 0.024400 -0.129995 0.057951
v 0.028961 -0.125532 0.054928
v 0.026506 -0.117489 0.054685
v 0.027090 -0.125532 0.055886
v 0.027424 -0.129994 0.056571
v 0.026142 -0.125532 0.056341
v 0.026464 -0.129994 0.057030
v 0.029319 -0.129993 0.055604
v 0.028030 -0.125532 0.055415
v 0.028376 -0.129994 0.056096
v 0.032999 -0.125532 0.052571
v 0.030330 -0.117492 0.052624
v 0.031002 -0.125532 0.053788
v 0.031388 -0.129993 0.054454
v 0.029987 -0.125532 0.054367
v 0.030359 -0.129993 0.055039
v 0.033411 -0.129992 0.053227
v 0.032006 -0.125532 0.053189
v 0.032405 -0.129992 0.053850
v 0.036732 -0.125533 0.050001
v 0.034126 -0.117495 0.050201
v 0.034889 -0.125533 0.051321
v 0.035327 -0.129991 0.051964
v 0.033950 -0.125533 0.051955
v 0.034375 -0.129992 0.052604
v 0.037196 -0.129991 0.050633
v 0.035816 -0.125533 0.050669
v 0.036268 -0.129991 0.051307
v 0.037674 -0.117499 0.047544
v 0.038524 -0.125534 0.048615
v 0.039014 -0.129990 0.049233
v 0.037634 -0.125534 0.049316
v 0.038112 -0.129990 0.049941
v 0.040779 -0.129989 0.047769
v 0.039400 -0.125534 0.047898
v 0.039904 -0.129990 0.048509
v 0.041112 -0.125535 0.046415
v 0.041641 -0.129989 0.047012
v 0.042907 -0.129988 0.045848
v 0.042778 -0.132325 0.046555
v 0.043200 -0.132324 0.046161
v 0.044188 -0.133518 0.045521
v 0.043826 -0.132323 0.045563
v 0.043771 -0.133519 0.045923
v 0.043980 -0.133519 0.045722
v 0.044600 -0.133518 0.045114
v 0.044238 -0.132323 0.045159
v 0.044394 -0.133518 0.045318
v 0.027610 -0.107477 0.052371
v 0.024015 -0.107474 0.054143
v 0.025828 -0.107475 0.053287
v 0.015727 -0.107468 0.057154
v 0.011597 -0.107466 0.058150
v 0.013671 -0.107467 0.057690
v 0.002771 -0.107464 0.059252
v -0.001389 -0.107464 0.059301
v 0.000691 -0.107464 0.059314
v -0.010088 -0.107466 0.058436
v -0.014232 -0.107467 0.057551
v -0.012168 -0.107466 0.058031
v -0.040413 -0.107493 0.043079
v -0.041886 -0.107495 0.041617
v -0.027611 -0.107476 -0.052371
v -0.024016 -0.107474 -0.054143
v -0.025828 -0.107475 -0.053287
v -0.015728 -0.107468 -0.057154
v -0.011598 -0.107466 -0.058150
v -0.013672 -0.107467 -0.057689
v -0.002771 -0.107464 -0.059251
v 0.001388 -0.107464 -0.059301
v -0.000691 -0.107464 -0.059314
v 0.010087 -0.107466 -0.058436
v 0.014232 -0.107467 -0.057551
v 0.012168 -0.107466 -0.058031
v 0.022609 -0.107473 -0.054755
v 0.026358 -0.107476 -0.053022
v 0.024499 -0.107474 -0.053922
v 0.040412 -0.107493 -0.043079
v 0.041885 -0.107496 -0.041619
vn -0.0000 1.0000 -0.0000
vn 0.0001 1.0000 -0.0000
vn 0.0002 1.0000 -0.0001
vn 0.0001 1.0000 -0.0002
vn 0.0002 1.0000 0.0001
vn 0.0001 1.0000 0.0002
vn -0.0000 -1.0000 -0.0000
vn 0.0001 -1.0000 -0.0000
vn 0.0001 -1.0000 0.0001
vn 0.0001 -1.0000 -0.0001
vn 0.0640 -0.2691 0.9610
vn 0.0298 -0.0422 0.9987
vn 0.0288 -0.2622 0.9646
vn 0.0532 -0.4705 0.8808
vn 0.0258 -0.6450 0.7637
vn 0.0453 -0.6575 0.7521
vn 0.0251 -0.4687 0.8830
vn 0.0358 -0.8105 0.5846
vn 0.0118 -0.9189 0.3943
vn 0.0238 -0.9188 0.3940
vn 0.0062 -0.8063 0.5915
vn 0.0056 -0.9809 0.1944
vn 0.0117 -0.9809 0.1940
vn 0.1159 -0.2621 0.9580
vn 0.0906 -0.6573 0.7482
vn 0.0475 -0.9188 0.3918
vn 0.1717 -0.2608 0.9500
vn 0.1353 -0.6569 0.7417
vn 0.0710 -0.9186 0.3887
vn 0.1834 -0.6545 0.7334
vn 0.0941 -0.9187 0.3837
vn 0.2276 -0.6535 0.7219
vn 0.2202 -0.2695 0.9375
vn 0.1170 -0.9184 0.3780
vn 0.3389 -0.2588 0.9045
vn 0.2663 -0.6555 0.7067
vn 0.1565 -0.9135 0.3755
vn 0.3937 -0.2558 0.8829
vn 0.3087 -0.6551 0.6896
vn 0.1789 -0.9134 0.3657
vn 0.3538 -0.6521 0.6705
vn 0.2006 -0.9132 0.3546
vn 0.4966 -0.2552 0.8296
vn 0.3894 -0.6537 0.6488
vn 0.2216 -0.9131 0.3423
vn 0.4328 -0.6501 0.6246
vn 0.2425 -0.9126 0.3291
vn 0.4686 -0.6455 0.6031
vn 0.5376 -0.2614 0.8017
vn 0.2608 -0.9109 0.3196
vn 0.5863 -0.4595 0.6672
vn 0.5010 -0.6511 0.5702
vn 0.5868 -0.2666 0.7646
vn 0.6393 -0.2489 0.7275
vn 0.3901 -0.8067 0.4440
vn 0.2627 -0.9174 0.2989
vn 0.6594 -0.2483 0.7096
vn 0.6599 -0.0262 0.7509
vn 0.6718 -0.0597 0.7383
vn 0.6803 0.0818 0.7284
vn 0.6750 -0.0830 0.7331
vn 0.5199 -0.6498 0.5546
vn 0.6081 -0.4573 0.6489
vn 0.4040 -0.8064 0.4319
vn 0.2718 -0.9173 0.2910
vn 0.1302 -0.9811 0.1430
vn 0.1294 -0.9806 0.1472
vn 0.0187 0.1644 0.9862
vn -0.0006 0.1642 0.9864
vn 0.0433 0.1645 0.9854
vn 0.0682 -0.0494 0.9964
vn 0.0919 0.1648 0.9820
vn 0.0677 0.1647 0.9840
vn 0.1160 0.1650 0.9795
vn -0.0006 -0.2449 0.9695
vn 0.1394 0.1623 0.9768
vn 0.2113 0.1662 0.9632
vn 0.1877 0.1658 0.9681
vn 0.2348 0.1666 0.9577
vn 0.1659 0.1744 0.9706
vn 0.2813 0.1678 0.9448
vn 0.2581 0.1672 0.9515
vn 0.2914 -0.2619 0.9201
vn 0.3044 0.1682 0.9376
vn 0.3502 0.1697 0.9212
vn 0.3274 0.1689 0.9297
vn 0.3717 0.1648 0.9136
vn -0.0028 -0.6546 0.7560
vn -0.0034 -0.9220 0.3871
vn -0.0000 -1.0000 0.0001
vn -0.0001 -1.0000 -0.0003
vn 0.0001 -1.0000 0.0003
vn 0.0001 -1.0000 0.0002
vn -0.0001 -1.0000 -0.0001
vn -0.0000 -1.0000 -0.0001
vn 0.4390 0.1723 0.8818
vn 0.4173 0.1716 0.8924
vn 0.4545 -0.2696 0.8490
vn 0.4541 0.1899 0.8705
vn 0.4836 0.1678 0.8591
vn 0.5023 0.1745 0.8469
vn 0.5228 0.1753 0.8342
vn 0.5429 0.1762 0.8211
vn 0.5628 0.1772 0.8074
vn 0.5823 0.1782 0.7932
vn 0.6015 0.1792 0.7785
vn 0.3985 0.1875 0.8978
vn 0.6389 0.1812 0.7476
vn 0.6204 0.1803 0.7633
vn 0.6572 0.1825 0.7313
vn 0.6746 0.1765 0.7168
vn 0.6995 0.0780 0.7104
vn 0.6840 0.1869 0.7051
vn 0.6882 0.1844 0.7017
vn 0.6926 0.1847 0.6973
vn 0.6860 -0.2291 0.6906
vn 0.0001 -1.0000 0.0004
vn -0.0001 -1.0000 -0.0000
vn 0.5424 -0.6385 0.5460
vn 0.2854 -0.9143 0.2873
vn -0.9717 -0.2270 0.0656
vn -0.9995 0.0084 0.0300
vn -0.9750 -0.2204 0.0291
vn -0.7663 -0.6403 0.0529
vn -0.8989 -0.4374 0.0270
vn -0.7815 -0.6234 0.0267
vn -0.8992 -0.4330 0.0630
vn -0.4049 -0.9138 0.0323
vn -0.6116 -0.7909 0.0208
vn -0.4049 -0.9143 0.0122
vn -0.6063 -0.7943 0.0392
vn -0.1993 -0.9799 0.0060
vn -0.1990 -0.9799 0.0121
vn -0.9681 -0.2212 0.1179
vn -0.7649 -0.6373 0.0931
vn -0.4021 -0.9143 0.0490
vn -0.9597 -0.2208 0.1737
vn -0.7577 -0.6376 0.1391
vn -0.3980 -0.9145 0.0730
vn -0.9463 -0.2250 0.2320
vn -0.7469 -0.6389 0.1843
vn -0.3924 -0.9147 0.0969
vn -0.9303 -0.2265 0.2886
vn -0.7333 -0.6401 0.2290
vn -0.3851 -0.9150 0.1203
vn -0.9103 -0.2298 0.3444
vn -0.7172 -0.6412 0.2729
vn -0.3766 -0.9153 0.1432
vn -0.8871 -0.2313 0.3994
vn -0.6983 -0.6424 0.3158
vn -0.3664 -0.9156 0.1657
vn -0.8604 -0.2350 0.4522
vn -0.6765 -0.6441 0.3570
vn -0.3554 -0.9157 0.1876
vn -0.8314 -0.2367 0.5028
vn -0.6529 -0.6452 0.3967
vn -0.3426 -0.9161 0.2081
vn -0.7983 -0.2410 0.5520
vn -0.6266 -0.6468 0.4348
vn -0.3286 -0.9165 0.2281
vn -0.7628 -0.2417 0.5998
vn -0.5980 -0.6483 0.4713
vn -0.3191 -0.9098 0.2655
vn -0.6637 -0.4565 0.5926
vn -0.5674 -0.6492 0.5065
vn -0.7233 -0.2446 0.6458
vn -0.4420 -0.8056 0.3945
vn -0.2976 -0.9170 0.2656
vn -0.7249 -0.0238 0.6884
vn -0.7026 -0.2467 0.6675
vn -0.6446 -0.4580 0.6121
vn -0.5610 -0.6369 0.5288
vn -0.4389 -0.7987 0.4115
vn -0.2887 -0.9173 0.2743
vn -0.1465 -0.9805 0.1308
vn -0.1421 -0.9806 0.1351
vn -0.9746 0.2198 0.0425
vn -0.9754 0.2203 -0.0006
vn -0.9976 -0.0000 0.0688
vn -0.9715 0.2191 0.0903
vn -0.9734 0.2194 0.0664
vn -0.9691 0.2187 0.1140
vn -0.9796 -0.2010 -0.0005
vn -0.9662 0.2182 0.1376
vn -0.9627 0.2175 0.1611
vn -0.9558 0.2334 0.1790
vn -0.9548 0.2107 0.2096
vn -0.9489 0.2151 0.2311
vn -0.9432 0.2140 0.2543
vn -0.9369 0.2127 0.2773
vn -0.9301 0.2115 0.3002
vn -0.9228 0.2101 0.3231
vn -0.9148 0.2086 0.3459
vn -0.9070 0.2043 0.3681
vn -0.7744 -0.6327 -0.0028
vn -0.3978 -0.9175 -0.0034
vn -0.0005 -1.0000 -0.0000
vn -0.0003 -1.0000 0.0002
vn 0.0003 -1.0000 -0.0002
vn -0.8876 0.2040 0.4130
vn -0.8947 0.2138 0.3922
vn -0.8775 0.2025 0.4348
vn -0.8556 0.1997 0.4775
vn -0.8668 0.2011 0.4563
vn -0.8440 0.1983 0.4984
vn -0.8192 0.1913 0.5407
vn -0.8058 0.1944 0.5593
vn -0.8313 0.2107 0.5143
vn -0.7933 0.1890 0.5787
vn -0.7449 -0.0334 0.6663
vn -0.7478 0.1890 0.6365
vn -0.7631 0.1904 0.6176
vn -0.7318 0.1915 0.6540
vn -0.7737 0.2044 0.5997
vn -0.7156 0.1833 0.6740
vn -0.6986 0.1852 0.6911
vn -0.6846 -0.2291 0.6920
vn -0.6912 0.1847 0.6987
vn -0.0006 -1.0000 0.0003
vn -0.0003 -1.0000 0.0001
vn -0.5347 -0.6468 0.5438
vn -0.2727 -0.9204 0.2801
vn -0.0641 -0.2690 -0.9610
vn -0.0298 -0.0421 -0.9987
vn -0.0288 -0.2622 -0.9646
vn -0.0523 -0.6601 -0.7493
vn -0.0262 -0.4695 -0.8826
vn -0.0258 -0.6451 -0.7636
vn -0.0610 -0.4639 -0.8838
vn -0.0359 -0.8105 -0.5846
vn -0.0118 -0.9188 -0.3944
vn -0.0237 -0.9189 -0.3937
vn -0.0060 -0.8062 -0.5915
vn -0.0057 -0.9809 -0.1943
vn -0.0117 -0.9809 -0.1940
vn -0.1160 -0.2618 -0.9581
vn -0.0906 -0.6574 -0.7481
vn -0.0475 -0.9188 -0.3918
vn -0.1717 -0.2613 -0.9499
vn -0.1353 -0.6567 -0.7419
vn -0.0710 -0.9187 -0.3885
vn -0.1834 -0.6545 -0.7335
vn -0.1098 -0.9138 -0.3911
vn -0.2271 -0.6540 -0.7216
vn -0.2202 -0.2694 -0.9375
vn -0.1169 -0.9185 -0.3776
vn -0.2708 -0.6530 -0.7073
vn -0.2766 -0.2683 -0.9228
vn -0.1562 -0.9135 -0.3755
vn -0.3934 -0.2575 -0.8826
vn -0.3086 -0.6551 -0.6897
vn -0.1787 -0.9133 -0.3659
vn -0.3543 -0.6517 -0.6706
vn -0.2003 -0.9133 -0.3546
vn -0.3938 -0.6512 -0.6487
vn -0.4379 -0.2638 -0.8595
vn -0.2217 -0.9131 -0.3422
vn -0.4323 -0.6505 -0.6245
vn -0.4890 -0.2638 -0.8315
vn -0.2425 -0.9127 -0.3290
vn -0.4683 -0.6457 -0.6032
vn -0.5378 -0.2612 -0.8016
vn -0.2561 -0.9105 -0.3247
vn -0.5861 -0.4597 -0.6672
vn -0.5009 -0.6512 -0.5701
vn -0.5868 -0.2662 -0.7647
vn -0.6393 -0.2490 -0.7275
vn -0.3902 -0.8066 -0.4440
vn -0.2628 -0.9173 -0.2990
vn -0.6591 -0.2485 -0.7098
vn -0.6599 -0.0261 -0.7509
vn -0.6664 -0.0576 -0.7434
vn -0.6804 0.0823 -0.7282
vn -0.6750 -0.0834 -0.7331
vn -0.6668 0.0179 -0.7450
vn -0.6875 0.1350 -0.7135
vn -0.6907 0.0530 -0.7212
vn -0.6916 0.1596 -0.7044
vn -0.6935 0.1145 -0.7113
vn -0.6957 0.1345 -0.7057
vn -0.6946 0.1722 -0.6985
vn -0.6942 0.1598 -0.7018
vn -0.6760 0.0690 -0.7337
vn -0.6920 0.1785 -0.6995
vn -0.6905 0.2253 -0.6874
vn -0.6943 0.1682 -0.6998
vn -0.6974 0.1613 -0.6983
vn -0.6990 0.1144 -0.7059
vn -0.7096 0.0982 -0.6977
vn -0.7023 0.2281 -0.6743
vn -0.6907 0.1830 -0.6996
vn -0.6833 0.1162 -0.7209
vn -0.7124 0.2394 -0.6597
vn 0.8733 -0.0000 -0.4872
vn -0.0000 -0.0000 1.0000
vn 0.0045 0.8615 0.5077
vn -0.5196 -0.6497 -0.5550
vn -0.6070 -0.4581 -0.6494
vn -0.2755 -0.9164 -0.2905
vn -0.4052 -0.8037 -0.4358
vn -0.1351 -0.9806 -0.1418
vn -0.1207 -0.9835 -0.1348
vn -0.0432 0.1645 -0.9854
vn 0.0006 0.1643 -0.9864
vn -0.0683 -0.0447 -0.9967
vn -0.0677 0.1646 -0.9840
vn -0.1160 0.1650 -0.9795
vn -0.0919 0.1648 -0.9820
vn -0.1639 0.1655 -0.9725
vn -0.1401 0.1652 -0.9763
vn 0.0006 -0.2449 -0.9695
vn -0.2113 0.1662 -0.9632
vn -0.1877 0.1658 -0.9681
vn -0.2348 0.1666 -0.9577
vn -0.2813 0.1677 -0.9449
vn -0.2581 0.1672 -0.9515
vn -0.3273 0.1690 -0.9297
vn -0.3044 0.1683 -0.9375
vn -0.3502 0.1697 -0.9212
vn -0.3484 -0.2705 -0.8975
vn -0.3952 0.1710 -0.9025
vn -0.3728 0.1702 -0.9121
vn -0.4173 0.1715 -0.8924
vn -0.4390 0.1722 -0.8818
vn -0.4815 0.1737 -0.8591
vn -0.4604 0.1729 -0.8707
vn -0.5023 0.1744 -0.8469
vn 0.0028 -0.6546 -0.7560
vn 0.0034 -0.9220 -0.3871
vn -0.0000 -1.0000 -0.0002
vn -0.0000 -1.0000 0.0003
vn 0.0003 -1.0000 0.0006
vn -0.5228 0.1754 -0.8342
vn -0.5429 0.1763 -0.8211
vn -0.5628 0.1771 -0.8074
vn -0.6015 0.1792 -0.7785
vn -0.5823 0.1782 -0.7932
vn -0.6389 0.1814 -0.7476
vn -0.6204 0.1802 -0.7633
vn -0.6750 0.1836 -0.7146
vn -0.6572 0.1825 -0.7313
vn -0.7296 0.2525 -0.6355
vn -0.5435 0.3440 -0.7657
vn -0.7965 0.0773 -0.5997
vn -0.7090 0.2035 -0.6752
vn -0.0000 -0.0000 -1.0000
vn -0.6926 0.1845 -0.6973
vn -0.6926 0.1843 -0.6974
vn -0.6926 0.1847 -0.6973
vn -0.6990 0.2265 -0.6783
vn -0.6925 0.1846 -0.6973
vn -0.6927 0.1844 -0.6973
vn -0.6927 0.1843 -0.6973
vn -0.6860 -0.2291 -0.6906
vn -0.6926 0.1846 -0.6973
vn -0.6926 0.1843 -0.6973
vn -0.6927 0.1839 -0.6974
vn -0.0004 -1.0000 -0.0008
vn -0.0085 -0.9999 -0.0121
vn 0.0205 -0.9994 0.0291
vn -0.5424 -0.6385 -0.5460
vn -0.2854 -0.9143 -0.2873
vn -0.7243 -0.2508 -0.6422
vn -0.7235 -0.0190 -0.6901
vn -0.7017 -0.2465 -0.6684
vn -0.5671 -0.6526 -0.5025
vn -0.6438 -0.4576 -0.6132
vn -0.5505 -0.6498 -0.5242
vn -0.6624 -0.4557 -0.5947
vn -0.4407 -0.8059 -0.3953
vn -0.3006 -0.9109 -0.2827
vn -0.2966 -0.9171 -0.2665
vn -0.4313 -0.8038 -0.4096
vn -0.1537 -0.9798 -0.1281
vn -0.1522 -0.9781 -0.1421
vn -0.7577 -0.2431 -0.6057
vn -0.5948 -0.6482 -0.4754
vn -0.3118 -0.9168 -0.2493
vn -0.7906 -0.2411 -0.5629
vn -0.6220 -0.6468 -0.4413
vn -0.3443 -0.9112 -0.2261
vn -0.6511 -0.6431 -0.4031
vn -0.3570 -0.9110 -0.2063
vn -0.6742 -0.6418 -0.3653
vn -0.8164 -0.2461 -0.5224
vn -0.3691 -0.9107 -0.1856
vn -0.6954 -0.6403 -0.3264
vn -0.8459 -0.2437 -0.4743
vn -0.3802 -0.9102 -0.1642
vn -0.7148 -0.6354 -0.2922
vn -0.8720 -0.2423 -0.4253
vn -0.3729 -0.9154 -0.1519
vn -0.8479 -0.4438 -0.2899
vn -0.7267 -0.6405 -0.2483
vn -0.8951 -0.2454 -0.3722
vn -0.9214 -0.2276 -0.3149
vn -0.5665 -0.8011 -0.1935
vn -0.3814 -0.9152 -0.1303
vn -0.9300 -0.2269 -0.2892
vn -0.9462 -0.0011 -0.3236
vn -0.7340 -0.6399 -0.2274
vn -0.8569 -0.4419 -0.2655
vn -0.5724 -0.8006 -0.1769
vn -0.3985 -0.9084 -0.1264
vn -0.1839 -0.9804 -0.0708
vn -0.1880 -0.9801 -0.0642
vn -0.7076 0.1893 -0.6807
vn -0.6918 0.1846 -0.6981
vn -0.7272 0.1801 -0.6624
vn -0.7448 -0.0198 -0.6670
vn -0.6851 -0.2291 -0.6915
vn -0.7410 0.1884 -0.6445
vn -0.7564 0.1896 -0.6260
vn -0.7858 0.1922 -0.5878
vn -0.7714 0.1909 -0.6070
vn -0.7998 0.1936 -0.5682
vn -0.8133 0.1906 -0.5497
vn -0.5417 -0.6385 -0.5467
vn -0.2767 -0.9185 -0.2824
vn 0.0253 -0.9995 0.0179
vn -0.0003 -1.0000 -0.0002
vn 0.0003 -1.0000 0.0001
vn 0.0004 -1.0000 0.0001
vn -0.8385 0.1987 -0.5074
vn -0.8260 0.2096 -0.5232
vn -0.8508 0.1991 -0.4863
vn -0.8731 0.2023 -0.4436
vn -0.8622 0.2009 -0.4651
vn -0.8834 0.2038 -0.4220
vn -0.8936 0.2006 -0.4016
vn -0.9194 0.2092 -0.3331
vn -0.9112 0.2078 -0.3557
vn -0.9278 0.2047 -0.3120
vn -0.9570 -0.0067 -0.2899
vn -0.9335 0.2161 -0.2862
vn -0.9426 -0.2066 -0.2625
vn -0.9412 0.2131 -0.2621
vn -0.9012 0.2202 -0.3732
vn -0.0002 -1.0000 -0.0001
vn 0.0276 -0.9995 0.0134
vn -0.7503 -0.6272 -0.2089
vn -0.3869 -0.9161 -0.1053
vn 0.9724 -0.2259 -0.0590
vn 0.9996 0.0125 -0.0261
vn 0.9752 -0.2199 -0.0267
vn 0.8972 -0.4389 -0.0488
vn 0.7710 -0.6365 -0.0211
vn 0.7700 -0.6367 -0.0419
vn 0.8990 -0.4374 -0.0219
vn 0.6000 -0.7993 -0.0333
vn 0.4198 -0.9075 -0.0144
vn 0.4044 -0.9143 -0.0220
vn 0.6045 -0.7964 -0.0175
vn 0.2118 -0.9773 -0.0080
vn 0.1986 -0.9800 -0.0109
vn 0.9696 -0.2208 -0.1058
vn 0.7663 -0.6370 -0.0837
vn 0.4027 -0.9143 -0.0440
vn 0.9625 -0.2215 -0.1568
vn 0.7599 -0.6380 -0.1249
vn 0.4097 -0.9083 -0.0840
vn 0.8768 -0.4402 -0.1935
vn 0.7516 -0.6384 -0.1659
vn 0.9519 -0.2231 -0.2101
vn 0.5862 -0.7998 -0.1295
vn 0.4086 -0.9081 -0.0914
vn 0.9704 0.0032 -0.2416
vn 0.9454 -0.2248 -0.2360
vn 0.8704 -0.4416 -0.2175
vn 0.7463 -0.6390 -0.1863
vn 0.3941 -0.9134 -0.1023
vn 0.5825 -0.7998 -0.1449
vn 0.2072 -0.9772 -0.0467
vn 0.1966 -0.9792 -0.0493
vn 0.9744 0.2239 -0.0215
vn 0.9754 0.2204 0.0002
vn 0.9760 0.2128 -0.0470
vn 0.9796 -0.2010 0.0001
vn 0.9979 0.0024 -0.0650
vn 0.9715 0.2195 -0.0901
vn 0.9732 0.2198 -0.0676
vn 0.9691 0.2190 -0.1138
vn 0.7812 -0.6243 0.0001
vn 0.4023 -0.9155 0.0024
vn -0.0318 -0.9995 0.0060
vn -0.0160 -0.9999 0.0046
vn 0.9662 0.2183 -0.1374
vn 0.9627 0.2176 -0.1610
vn 0.9587 0.2166 -0.1845
vn 0.9762 -0.0063 -0.2169
vn 0.9549 0.2159 -0.2040
vn 0.9507 0.2150 -0.2236
vn 0.9461 0.2141 -0.2430
vn 0.9411 0.2131 -0.2625
vn 0.9425 -0.2066 -0.2628
vn 0.0005 -1.0000 -0.0002
vn 0.7503 -0.6272 -0.2092
vn 0.3955 -0.9118 -0.1103
vn 0.9463 0.0050 -0.3234
vn 0.9306 -0.2265 -0.2876
vn 0.9215 -0.2274 -0.3148
vn 0.8477 -0.4444 -0.2897
vn 0.7344 -0.6396 -0.2270
vn 0.7264 -0.6408 -0.2482
vn 0.8577 -0.4423 -0.2622
vn 0.5656 -0.8015 -0.1940
vn 0.3981 -0.9087 -0.1259
vn 0.3816 -0.9151 -0.1303
vn 0.5756 -0.7977 -0.1797
vn 0.1881 -0.9796 -0.0710
vn 0.2005 -0.9776 -0.0642
vn 0.9013 -0.2297 -0.3674
vn 0.7104 -0.6415 -0.2895
vn 0.3729 -0.9153 -0.1521
vn 0.8787 -0.2328 -0.4168
vn 0.6915 -0.6429 -0.3294
vn 0.3631 -0.9155 -0.1730
vn 0.8529 -0.2352 -0.4661
vn 0.6705 -0.6443 -0.3680
vn 0.3518 -0.9159 -0.1932
vn 0.8243 -0.2381 -0.5137
vn 0.6473 -0.6457 -0.4051
vn 0.3419 -0.9109 -0.2311
vn 0.7931 -0.2402 -0.5598
vn 0.6224 -0.6467 -0.4409
vn 0.3273 -0.9114 -0.2496
vn 0.7586 -0.2429 -0.6046
vn 0.5948 -0.6484 -0.4752
vn 0.3177 -0.9099 -0.2669
vn 0.6616 -0.4567 -0.5947
vn 0.5660 -0.6490 -0.5085
vn 0.7211 -0.2450 -0.6481
vn 0.4409 -0.8054 -0.3961
vn 0.2966 -0.9171 -0.2666
vn 0.7235 -0.0240 -0.6899
vn 0.7014 -0.2467 -0.6687
vn 0.6435 -0.4580 -0.6134
vn 0.5502 -0.6498 -0.5245
vn 0.4276 -0.8063 -0.4086
vn 0.3008 -0.9107 -0.2830
vn 0.1461 -0.9805 -0.1313
vn 0.1524 -0.9780 -0.1423
vn 0.9559 0.0012 -0.2936
vn 0.9371 0.2125 -0.2768
vn 0.9415 0.2132 -0.2611
vn 0.9332 0.2010 -0.2980
vn 0.9217 0.2132 -0.3240
vn 0.9429 -0.2066 -0.2614
vn 0.9147 0.2087 -0.3462
vn 0.9061 0.2073 -0.3688
vn 0.8875 0.2044 -0.4131
vn 0.8970 0.2059 -0.3911
vn 0.8668 0.2015 -0.4562
vn 0.8774 0.2029 -0.4348
vn 0.8556 0.2000 -0.4774
vn 0.7506 -0.6272 -0.2081
vn 0.3871 -0.9160 -0.1050
vn -0.0281 -0.9995 0.0135
vn 0.0005 -1.0000 -0.0001
vn -0.0004 -1.0000 0.0001
vn 0.0003 -1.0000 -0.0003
vn 0.8440 0.1985 -0.4983
vn 0.8318 0.1971 -0.5189
vn 0.8059 0.1943 -0.5593
vn 0.8191 0.1957 -0.5392
vn 0.7779 0.1900 -0.5989
vn 0.7631 0.1900 -0.6177
vn 0.7921 0.1973 -0.5776
vn 0.7396 -0.0337 -0.6722
vn 0.7478 0.1887 -0.6365
vn 0.7155 0.1802 -0.6750
vn 0.7319 0.1915 -0.6539
vn 0.6845 -0.2291 -0.6921
vn 0.6911 0.1846 -0.6988
vn 0.6985 0.1852 -0.6912
vn -0.0002 -1.0000 0.0002
vn 0.5412 -0.6385 -0.5472
vn 0.2764 -0.9186 -0.2826
vn -0.0257 -0.9995 0.0182
vn 0.6606 -0.0269 -0.7503
vn 0.6618 -0.2317 -0.7130
vn 0.6392 -0.2489 -0.7276
vn 0.6792 0.0823 -0.7293
vn 0.6934 -0.0247 -0.7201
vn 0.6748 -0.0830 -0.7333
vn 0.6804 0.0676 -0.7297
vn 0.6928 0.1339 -0.7086
vn 0.6967 0.0829 -0.7125
vn 0.6894 0.1576 -0.7070
vn 0.6955 0.1349 -0.7057
vn 0.4945 -0.6541 -0.5723
vn 0.6088 -0.4473 -0.6552
vn 0.5186 -0.6502 -0.5552
vn 0.5827 -0.4539 -0.6742
vn 0.2583 -0.9171 -0.3038
vn 0.4039 -0.8062 -0.4323
vn 0.2797 -0.9110 -0.3032
vn 0.3924 -0.8024 -0.4497
vn 0.1408 -0.9780 -0.1536
vn 0.1295 -0.9806 -0.1473
vn 0.5948 -0.2506 -0.7638
vn 0.4661 -0.6516 -0.5985
vn 0.2443 -0.9176 -0.3137
vn 0.5482 -0.2527 -0.7973
vn 0.4281 -0.6527 -0.6251
vn 0.2246 -0.9177 -0.3278
vn 0.4992 -0.2546 -0.8282
vn 0.3896 -0.6538 -0.6487
vn 0.2042 -0.9180 -0.3400
vn 0.3476 -0.6520 -0.6739
vn 0.1834 -0.9181 -0.3514
vn 0.3962 -0.2571 -0.8815
vn 0.3087 -0.6549 -0.6898
vn 0.1539 -0.9135 -0.3766
vn 0.3419 -0.2585 -0.9035
vn 0.2661 -0.6558 -0.7065
vn 0.1394 -0.9185 -0.3701
vn 0.2871 -0.2595 -0.9221
vn 0.2232 -0.6560 -0.7210
vn 0.1170 -0.9184 -0.3778
vn 0.2312 -0.2608 -0.9373
vn 0.1795 -0.6566 -0.7325
vn 0.0941 -0.9185 -0.3840
vn 0.1322 -0.6547 -0.7442
vn 0.0709 -0.9188 -0.3883
vn 0.1173 -0.2615 -0.9580
vn 0.0906 -0.6573 -0.7482
vn 0.0326 -0.9130 -0.4067
vn 0.0531 -0.4694 -0.8814
vn 0.0453 -0.6576 -0.7520
vn 0.0581 -0.2623 -0.9632
vn 0.0354 -0.8102 -0.5851
vn 0.0238 -0.9123 -0.4088
vn 0.0309 -0.2618 -0.9646
vn 0.0601 -0.0420 -0.9973
vn 0.0127 0.0682 -0.9976
vn 0.0373 -0.1036 -0.9939
vn 0.0146 -0.0414 -0.9990
vn 0.0218 -0.6571 -0.7535
vn 0.0248 -0.4685 -0.8831
vn 0.0168 -0.8102 -0.5859
vn 0.0116 -0.9190 -0.3941
vn 0.0118 -0.9779 -0.2087
vn 0.0057 -0.9809 -0.1942
vn 0.6981 0.1706 -0.6954
vn 0.6912 0.1849 -0.6986
vn 0.6925 0.1847 -0.6974
vn 0.6869 0.1832 -0.7033
vn 0.6825 0.1840 -0.7073
vn 0.6891 0.1400 -0.7111
vn 0.6857 -0.2394 -0.6873
vn 0.6648 0.1829 -0.7243
vn 0.6468 0.1818 -0.7407
vn 0.6097 0.1796 -0.7720
vn 0.6284 0.1806 -0.7566
vn 0.5713 0.1776 -0.8013
vn 0.5906 0.1786 -0.7869
vn 0.5316 0.1757 -0.8286
vn 0.5516 0.1767 -0.8152
vn 0.5112 0.1749 -0.8415
vn 0.4696 0.1733 -0.8657
vn 0.4905 0.1741 -0.8539
vn 0.4429 -0.2572 -0.8589
vn 0.4266 0.1718 -0.8880
vn 0.4482 0.1726 -0.8771
vn 0.5378 -0.6496 -0.5374
vn 0.2800 -0.9187 -0.2787
vn -0.0180 -0.9995 0.0258
vn -0.0001 -1.0000 0.0001
vn 0.0001 -1.0000 -0.0003
vn -0.0001 -1.0000 0.0003
vn 0.4046 0.1713 -0.8983
vn 0.3598 0.1698 -0.9174
vn 0.3823 0.1706 -0.9082
vn 0.3371 0.1691 -0.9262
vn 0.2912 0.1678 -0.9418
vn 0.3142 0.1686 -0.9343
vn 0.2681 0.1674 -0.9487
vn 0.2449 0.1668 -0.9551
vn 0.1979 0.1660 -0.9661
vn 0.2214 0.1664 -0.9609
vn 0.1645 -0.2730 -0.9479
vn 0.1742 0.1656 -0.9707
vn 0.1264 0.1651 -0.9781
vn 0.1504 0.1653 -0.9747
vn 0.1023 0.1649 -0.9810
vn 0.0537 0.1646 -0.9849
vn 0.0781 0.1647 -0.9832
vn 0.0305 0.1566 -0.9872
vn 0.0044 0.1651 -0.9863
vn 0.0351 0.0681 -0.9971
vn -0.0008 0.1643 -0.9864
vn -0.0008 -0.2450 -0.9695
vn -0.0002 -0.9999 0.0170
vn -0.0000 -1.0000 -0.0003
vn -0.0007 -0.6464 -0.7630
vn -0.0004 -0.9161 -0.4010
vn -0.9767 0.0040 -0.2146
vn -0.9454 -0.2248 -0.2360
vn -0.9518 -0.2232 -0.2102
vn -0.7501 -0.6417 -0.1599
vn -0.8707 -0.4411 -0.2175
vn -0.7464 -0.6389 -0.1862
vn -0.8772 -0.4393 -0.1935
vn -0.3974 -0.9141 -0.0803
vn -0.5819 -0.8002 -0.1453
vn -0.4062 -0.9084 -0.0985
vn -0.5931 -0.7946 -0.1298
vn -0.1981 -0.9795 -0.0371
vn -0.2050 -0.9775 -0.0488
vn -0.9621 -0.2218 -0.1584
vn -0.7597 -0.6381 -0.1250
vn -0.3992 -0.9145 -0.0655
vn -0.7716 -0.6304 -0.0853
vn -0.4099 -0.9110 -0.0453
vn -0.8977 -0.4379 -0.0488
vn -0.7698 -0.6369 -0.0419
vn -0.9652 -0.2358 -0.1131
vn -0.9740 -0.2203 -0.0531
vn -0.6006 -0.7989 -0.0327
vn -0.4045 -0.9143 -0.0220
vn -0.9750 -0.2202 -0.0284
vn -0.9985 0.0085 -0.0543
vn -0.9931 0.1170 -0.0119
vn -0.9981 -0.0517 -0.0344
vn -0.9999 0.0089 -0.0135
vn -0.7713 -0.6361 -0.0200
vn -0.8990 -0.4373 -0.0241
vn -0.4081 -0.9129 -0.0069
vn -0.6047 -0.7963 -0.0171
vn -0.2002 -0.9797 -0.0017
vn -0.1835 -0.9830 -0.0081
vn -0.9696 0.0116 -0.2442
vn -0.9495 0.2148 -0.2286
vn -0.9411 0.2132 -0.2625
vn -0.9425 -0.2066 -0.2628
vn -0.9568 0.2163 -0.1945
vn -0.9610 0.2172 -0.1711
vn -0.9630 0.2247 -0.1492
vn -0.9685 0.2163 -0.1234
vn -0.9705 0.2193 -0.1003
vn -0.7502 -0.6272 -0.2092
vn -0.3858 -0.9160 -0.1101
vn 0.0312 -0.9995 0.0027
vn -0.0154 -0.9999 -0.0026
vn -0.9726 0.2197 -0.0766
vn -0.9741 0.2200 -0.0528
vn -0.9929 0.1154 -0.0279
vn -0.9750 0.2202 -0.0289
vn -0.9754 0.2203 -0.0050
vn -0.9754 0.2203 0.0001
vn -0.9796 -0.2010 0.0001
vn 0.0372 -0.9993 0.0062
vn -0.7811 -0.6244 0.0001
vn -0.4119 -0.9112 0.0001
vn -0.6604 -0.0228 0.7505
vn -0.6615 -0.2474 0.7080
vn -0.6392 -0.2490 0.7276
vn -0.5857 -0.4608 0.6667
vn -0.5237 -0.6377 0.5649
vn -0.5009 -0.6511 0.5701
vn -0.6083 -0.4573 0.6487
vn -0.2580 -0.9173 0.3033
vn -0.4092 -0.7987 0.4412
vn -0.2718 -0.9173 0.2910
vn -0.3932 -0.8018 0.4500
vn -0.1339 -0.9806 0.1433
vn -0.1293 -0.9806 0.1471
vn -0.5939 -0.2509 0.7644
vn -0.4653 -0.6517 0.5989
vn -0.2440 -0.9175 0.3141
vn -0.5481 -0.2524 0.7974
vn -0.4281 -0.6527 0.6251
vn -0.2243 -0.9177 0.3278
vn -0.4991 -0.2548 0.8283
vn -0.3895 -0.6536 0.6489
vn -0.2043 -0.9180 0.3400
vn -0.4486 -0.2556 0.8564
vn -0.3499 -0.6542 0.6705
vn -0.1832 -0.9182 0.3513
vn -0.3962 -0.2575 0.8813
vn -0.3086 -0.6551 0.6897
vn -0.1618 -0.9182 0.3616
vn -0.3426 -0.2574 0.9035
vn -0.2664 -0.6554 0.7067
vn -0.1395 -0.9184 0.3702
vn -0.2869 -0.2599 0.9220
vn -0.2230 -0.6563 0.7208
vn -0.1168 -0.9186 0.3775
vn -0.2310 -0.2608 0.9373
vn -0.1795 -0.6566 0.7326
vn -0.0941 -0.9185 0.3841
vn -0.1319 -0.6543 0.7446
vn -0.0709 -0.9188 0.3883
vn -0.1172 -0.2615 0.9580
vn -0.0906 -0.6574 0.7481
vn -0.0396 -0.9124 0.4074
vn -0.0533 -0.4695 0.8813
vn -0.0454 -0.6573 0.7523
vn -0.0582 -0.2622 0.9633
vn -0.0354 -0.8101 0.5853
vn -0.0237 -0.9189 0.3937
vn -0.0353 -0.0421 0.9985
vn -0.0287 -0.2620 0.9646
vn -0.0131 0.0674 0.9976
vn -0.0146 -0.0422 0.9990
vn -0.0262 -0.4696 0.8825
vn -0.0224 -0.6578 0.7529
vn -0.0082 -0.9177 0.3971
vn -0.0188 -0.8077 0.5893
vn -0.0050 -0.9812 0.1931
vn -0.0117 -0.9809 0.1940
vn -0.6834 -0.0140 0.7299
vn -0.6672 0.1749 0.7241
vn -0.6926 0.1847 0.6973
vn -0.6454 0.1865 0.7407
vn -0.6096 0.1797 0.7721
vn -0.6284 0.1807 0.7566
vn -0.5906 0.1785 0.7870
vn -0.6860 -0.2291 0.6906
vn -0.5712 0.1776 0.8014
vn -0.5515 0.1766 0.8153
vn -0.5315 0.1756 0.8286
vn -0.5111 0.1749 0.8415
vn -0.4905 0.1740 0.8539
vn -0.4695 0.1733 0.8657
vn -0.4482 0.1726 0.8771
vn -0.4266 0.1719 0.8879
vn -0.4047 0.1711 0.8983
vn -0.3825 0.1706 0.9081
vn -0.3599 0.1698 0.9174
vn -0.5392 -0.6466 0.5395
vn -0.2779 -0.9203 0.2754
vn -0.0004 -1.0000 0.0008
vn 0.0003 -1.0000 -0.0007
vn -0.3398 0.1824 0.9227
vn -0.3135 0.1643 0.9353
vn -0.2912 0.1679 0.9418
vn -0.2448 0.1668 0.9551
vn -0.2681 0.1674 0.9487
vn -0.2213 0.1664 0.9609
vn -0.1978 0.1659 0.9661
vn -0.1694 -0.2621 0.9501
vn -0.1741 0.1656 0.9707
vn -0.1503 0.1653 0.9747
vn -0.1264 0.1651 0.9781
vn -0.0629 -0.0545 0.9965
vn -0.0781 0.1647 0.9833
vn -0.1023 0.1648 0.9810
vn -0.0537 0.1646 0.9849
vn -0.0306 0.1565 0.9872
vn -0.0046 0.1652 0.9862
vn 0.0006 0.1642 0.9864
vn -0.0352 0.0672 0.9971
vn 0.0006 -0.2449 0.9695
vn -0.0000 -1.0000 0.0004
vn -0.0000 -1.0000 0.0002
vn 0.0005 -0.6464 0.7630
vn 0.0003 -0.9161 0.4009
vn 0.7262 -0.2517 0.6398
vn 0.7249 -0.0224 0.6884
vn 0.7026 -0.2468 0.6674
vn 0.7109 0.0881 0.6978
vn 0.7140 -0.0238 0.6997
vn 0.5695 -0.6525 0.4999
vn 0.6446 -0.4578 0.6123
vn 0.5608 -0.6373 0.5286
vn 0.6644 -0.4554 0.5926
vn 0.3022 -0.9169 0.2609
vn 0.4382 -0.7983 0.4131
vn 0.3009 -0.9109 0.2824
vn 0.4422 -0.8051 0.3954
vn 0.1522 -0.9800 0.1278
vn 0.1525 -0.9780 0.1421
vn 0.7618 -0.2430 0.6005
vn 0.5979 -0.6484 0.4713
vn 0.3137 -0.9168 0.2472
vn 0.6308 -0.6441 0.4328
vn 0.3287 -0.9165 0.2281
vn 0.6566 -0.6429 0.3944
vn 0.7905 -0.2491 0.5595
vn 0.3428 -0.9160 0.2083
vn 0.6805 -0.6413 0.3546
vn 0.8229 -0.2469 0.5117
vn 0.3551 -0.9158 0.1875
vn 0.7017 -0.6401 0.3129
vn 0.8533 -0.2443 0.4605
vn 0.3832 -0.9102 0.1570
vn 0.7206 -0.6387 0.2698
vn 0.8802 -0.2411 0.4088
vn 0.3929 -0.9098 0.1337
vn 0.7371 -0.6370 0.2256
vn 0.9041 -0.2392 0.3541
vn 0.4009 -0.9096 0.1092
vn 0.7498 -0.6364 0.1810
vn 0.9246 -0.2361 0.2990
vn 0.3923 -0.9147 0.0969
vn 0.7601 -0.6354 0.1359
vn 0.9411 -0.2337 0.2444
vn 0.4124 -0.9090 0.0604
vn 0.7700 -0.6310 0.0944
vn 0.9548 -0.2318 0.1860
vn 0.4179 -0.9079 0.0333
vn 0.8972 -0.4383 0.0544
vn 0.7695 -0.6369 0.0468
vn 0.9635 -0.2374 0.1234
vn 0.9736 -0.2204 0.0589
vn 0.6008 -0.7985 0.0364
vn 0.4189 -0.9077 0.0246
vn 0.9749 -0.2203 0.0315
vn 0.9981 0.0085 0.0605
vn 0.9925 0.1216 0.0130
vn 0.9978 -0.0544 0.0379
vn 0.9999 0.0088 0.0148
vn 0.7714 -0.6359 0.0224
vn 0.8994 -0.4363 0.0256
vn 0.6008 -0.7992 0.0175
vn 0.4049 -0.9143 0.0121
vn 0.1998 -0.9798 0.0036
vn 0.2132 -0.9769 0.0122
vn 0.6952 0.1860 0.6943
vn 0.6912 0.1847 0.6987
vn 0.7143 0.1772 0.6771
vn 0.7265 0.0884 0.6815
vn 0.7280 0.1875 0.6594
vn 0.7484 -0.0184 0.6630
vn 0.6846 -0.2291 0.6920
vn 0.7435 0.1887 0.6416
vn 0.7585 0.1900 0.6234
vn 0.7869 0.1926 0.5862
vn 0.7729 0.1913 0.6050
vn 0.8004 0.1938 0.5672
vn 0.8264 0.1964 0.5277
vn 0.8135 0.1951 0.5479
vn 0.8388 0.1978 0.5073
vn 0.8621 0.2005 0.4654
vn 0.8507 0.1991 0.4865
vn 0.8833 0.2033 0.4224
vn 0.8730 0.2019 0.4440
vn 0.8931 0.2049 0.4004
vn 0.5347 -0.6468 0.5438
vn 0.2643 -0.9245 0.2747
vn -0.0255 -0.9995 -0.0183
vn -0.0002 -1.0000 -0.0002
vn -0.0005 -1.0000 -0.0002
vn 0.9024 0.2063 0.3782
vn 0.9112 0.2078 0.3556
vn 0.9194 0.2095 0.3329
vn 0.9341 0.2122 0.2871
vn 0.9270 0.2109 0.3101
vn 0.9413 0.2079 0.2661
vn 0.9518 0.2157 0.2179
vn 0.9440 0.2316 0.2350
vn 0.9610 0.2172 0.1712
vn 0.9567 0.2165 0.1946
vn 0.9647 0.2179 0.1477
vn 0.9706 0.2188 0.1004
vn 0.9679 0.2185 0.1241
vn 0.9726 0.2193 0.0767
vn 0.9919 0.1219 0.0359
vn 0.9771 0.2107 0.0303
vn 0.9741 0.2197 0.0528
vn 0.9752 0.2212 0.0044
vn 0.9754 0.2203 -0.0006
vn 0.9796 -0.2010 -0.0005
vn 0.0005 -1.0000 0.0002
vn -0.0168 -0.9999 -0.0002
vn 0.7812 -0.6243 -0.0003
vn 0.4119 -0.9112 -0.0002
vn 0.7352 0.1780 0.6541
vn 0.7472 0.1784 0.6402
vn 0.7510 0.1650 0.6394
vn 0.7267 0.1645 0.6669
vn 0.7229 0.1773 0.6678
vn 0.7101 0.1764 0.6816
vn 0.7014 0.1639 0.6936
vn 0.6976 0.1758 0.6946
vn 0.7197 0.1818 0.6701
vn 0.7009 0.1808 0.6900
vn 0.7085 0.1786 0.6827
vn 0.6951 0.1805 0.6959
vn 0.6993 0.1832 0.6909
vn 0.7059 0.1837 0.6841
vn 0.6967 0.1826 0.6938
vn 0.6936 0.1827 0.6968
vn 0.6983 0.1841 0.6918
vn 0.6956 0.1838 0.6945
vn 0.7432 0.1840 0.6433
vn 0.7320 0.1833 0.6562
vn 0.7809 0.1807 0.5980
vn 0.7917 0.1814 0.5834
vn 0.7958 0.1662 0.5823
vn 0.7739 0.1657 0.6112
vn 0.7698 0.1799 0.6124
vn 0.7586 0.1791 0.6265
vn 0.7668 0.1856 0.6145
vn 0.7554 0.1839 0.6289
vn 0.7882 0.1873 0.5861
vn 0.7774 0.1874 0.6005
vn 0.7552 0.1320 0.6420
vn 0.7784 0.1330 0.6135
vn 0.8005 0.1317 0.5847
vn 0.8221 0.1833 0.5389
vn 0.8318 0.1840 0.5237
vn 0.8361 0.1675 0.5224
vn 0.8165 0.1667 0.5527
vn 0.8123 0.1827 0.5539
vn 0.8020 0.1820 0.5689
vn 0.8094 0.1889 0.5561
vn 0.7989 0.1878 0.5714
vn 0.8286 0.1904 0.5264
vn 0.8186 0.1910 0.5417
vn 0.8213 0.1299 0.5555
vn 0.8416 0.1282 0.5247
vn 0.8597 0.1862 0.4757
vn 0.8683 0.1870 0.4594
vn 0.8730 0.1687 0.4576
vn 0.8551 0.1681 0.4904
vn 0.8506 0.1856 0.4919
vn 0.8414 0.1847 0.5079
vn 0.8478 0.1923 0.4942
vn 0.8383 0.1907 0.5108
vn 0.8654 0.1941 0.4619
vn 0.8561 0.1948 0.4787
vn 0.8610 0.1267 0.4926
vn 0.8791 0.1255 0.4598
vn 0.8913 0.1892 0.4121
vn 0.8983 0.1900 0.3962
vn 0.9032 0.1699 0.3941
vn 0.8887 0.1693 0.4261
vn 0.8839 0.1885 0.4280
vn 0.8763 0.1877 0.4438
vn 0.8809 0.1959 0.4308
vn 0.8732 0.1942 0.4470
vn 0.8952 0.1977 0.3995
vn 0.8876 0.1980 0.4159
vn 0.8925 0.1232 0.4339
vn 0.9098 0.1239 0.3961
vn 0.9184 0.1922 0.3458
vn 0.9244 0.1931 0.3289
vn 0.9295 0.1713 0.3265
vn 0.9170 0.1706 0.3605
vn 0.9121 0.1915 0.3626
vn 0.9053 0.1907 0.3796
vn 0.9090 0.1998 0.3659
vn 0.9022 0.1979 0.3831
vn 0.9211 0.2014 0.3331
vn 0.9152 0.2011 0.3492
vn 0.9240 0.1225 0.3622
vn 0.9369 0.1210 0.3281
vn 0.9404 0.1954 0.2784
vn 0.9450 0.1959 0.2619
vn 0.9501 0.1725 0.2600
vn 0.9405 0.1719 0.2932
vn 0.9354 0.1946 0.2953
vn 0.9301 0.1939 0.3121
vn 0.9324 0.2033 0.2989
vn 0.9272 0.2015 0.3158
vn 0.9421 0.2050 0.2654
vn 0.9373 0.2048 0.2821
vn 0.9480 0.1191 0.2950
vn 0.9581 0.1173 0.2612
vn 0.9572 0.1976 0.2116
vn 0.9607 0.1981 0.1947
vn 0.9657 0.1734 0.1935
vn 0.9585 0.1730 0.2268
vn 0.9534 0.1971 0.2284
vn 0.9493 0.1965 0.2453
vn 0.9508 0.2065 0.2310
vn 0.9470 0.2046 0.2478
vn 0.9580 0.2077 0.1976
vn 0.9544 0.2077 0.2145
vn 0.9667 0.1164 0.2280
vn 0.9730 0.1122 0.2015
vn 0.9694 0.1991 0.1437
vn 0.9717 0.1995 0.1265
vn 0.9767 0.1740 0.1259
vn 0.9717 0.1738 0.1600
vn 0.9667 0.1988 0.1609
vn 0.9638 0.1985 0.1780
vn 0.9644 0.2089 0.1622
vn 0.9617 0.2071 0.1797
vn 0.9692 0.2096 0.1291
vn 0.9669 0.2093 0.1459
vn 0.9803 0.1152 0.1606
vn 0.9853 0.1149 0.1267
vn 0.9770 0.1999 0.0744
vn 0.9781 0.2001 0.0569
vn 0.9831 0.1744 0.0562
vn 0.9805 0.1742 0.0913
vn 0.9755 0.1998 0.0919
vn 0.9737 0.1996 0.1094
vn 0.9733 0.2102 0.0924
vn 0.9717 0.2089 0.1107
vn 0.9748 0.2102 0.0748
vn 0.9758 0.2107 0.0589
vn 0.9892 0.1144 0.0919
vn 0.9919 0.1140 0.0566
vn 0.9797 0.2006 0.0042
vn 0.9796 0.2007 -0.0126
vn 0.9846 0.1745 -0.0127
vn 0.9844 0.1745 0.0207
vn 0.9795 0.2004 0.0212
vn 0.9790 0.2003 0.0388
vn 0.9767 0.2109 0.0404
vn 0.9772 0.2110 0.0221
vn 0.9775 0.2110 -0.0041
vn 0.9774 0.2111 -0.0128
vn 0.9775 0.2111 0.0045
vn 0.9774 0.2110 0.0132
vn 0.9764 0.2159 0.0091
vn 0.9765 0.2154 0.0048
vn 0.9763 0.2158 0.0134
vn 0.9762 0.2157 0.0221
vn 0.9759 0.2182 0.0091
vn 0.9760 0.2179 0.0047
vn 0.9758 0.2180 0.0136
vn 0.9764 0.2158 -0.0043
vn 0.9763 0.2159 -0.0126
vn 0.9764 0.2158 -0.0000
vn 0.9759 0.2181 0.0008
vn 0.9759 0.2182 -0.0035
vn 0.9933 0.1136 0.0208
vn 0.9935 0.1134 -0.0129
vn 0.9776 0.2004 -0.0641
vn 0.9763 0.2003 -0.0815
vn 0.9813 0.1744 -0.0809
vn 0.9835 0.1746 -0.0464
vn 0.9786 0.2005 -0.0469
vn 0.9792 0.2006 -0.0297
vn 0.9770 0.2111 -0.0305
vn 0.9763 0.2110 -0.0480
vn 0.9754 0.2107 -0.0645
vn 0.9741 0.2104 -0.0824
vn 0.9924 0.1135 -0.0468
vn 0.9902 0.1137 -0.0814
vn 0.9709 0.1994 -0.1329
vn 0.9685 0.1990 -0.1499
vn 0.9735 0.1739 -0.1486
vn 0.9780 0.1741 -0.1147
vn 0.9730 0.1997 -0.1157
vn 0.9748 0.2000 -0.0987
vn 0.9724 0.2103 -0.1008
vn 0.9705 0.2100 -0.1183
vn 0.9685 0.2098 -0.1338
vn 0.9661 0.2091 -0.1514
vn 0.9867 0.1141 -0.1155
vn 0.9821 0.1146 -0.1494
vn 0.9594 0.1977 -0.2012
vn 0.9557 0.1971 -0.2186
vn 0.9607 0.1730 -0.2169
vn 0.9678 0.1734 -0.1825
vn 0.9627 0.1982 -0.1840
vn 0.9658 0.1986 -0.1670
vn 0.9631 0.2084 -0.1700
vn 0.9600 0.2079 -0.1875
vn 0.9569 0.2069 -0.2040
vn 0.9532 0.2064 -0.2210
vn 0.9762 0.1155 -0.1835
vn 0.9689 0.1163 -0.2182
vn 0.9429 0.1953 -0.2700
vn 0.9380 0.1948 -0.2868
vn 0.9431 0.1720 -0.2847
vn 0.9525 0.1724 -0.2510
vn 0.9475 0.1959 -0.2529
vn 0.9518 0.1966 -0.2355
vn 0.9491 0.2057 -0.2384
vn 0.9449 0.2052 -0.2552
vn 0.9379 0.2042 -0.2804
vn 0.9353 0.2038 -0.2892
vn 0.9403 0.2047 -0.2719
vn 0.9427 0.2050 -0.2632
vn 0.9413 0.2087 -0.2655
vn 0.9391 0.2084 -0.2733
vn 0.9435 0.2094 -0.2567
vn 0.9366 0.2083 -0.2818
vn 0.9340 0.2079 -0.2904
vn 0.9605 0.1173 -0.2525
vn 0.9506 0.1188 -0.2867
vn 0.9215 0.1926 -0.3373
vn 0.9154 0.1919 -0.3537
vn 0.9203 0.1708 -0.3520
vn 0.9324 0.1714 -0.3183
vn 0.9274 0.1932 -0.3202
vn 0.9329 0.1939 -0.3035
vn 0.9243 0.2021 -0.3238
vn 0.9301 0.2037 -0.3056
vn 0.9124 0.2004 -0.3570
vn 0.9190 0.2002 -0.3397
vn 0.9415 0.1142 -0.3169
vn 0.9275 0.1214 -0.3534
vn 0.8960 0.1899 -0.4015
vn 0.8890 0.1892 -0.4170
vn 0.8939 0.1695 -0.4150
vn 0.9076 0.1701 -0.3837
vn 0.9027 0.1907 -0.3857
vn 0.9092 0.1914 -0.3698
vn 0.9058 0.1993 -0.3739
vn 0.8996 0.1988 -0.3887
vn 0.8930 0.1977 -0.4044
vn 0.8854 0.1968 -0.4212
vn 0.9145 0.1221 -0.3858
vn 0.9004 0.1234 -0.4172
vn 0.8643 0.1868 -0.4670
vn 0.8554 0.1861 -0.4833
vn 0.8601 0.1682 -0.4816
vn 0.8776 0.1689 -0.4487
vn 0.8728 0.1876 -0.4506
vn 0.8811 0.1885 -0.4338
vn 0.8774 0.1958 -0.4381
vn 0.8697 0.1949 -0.4534
vn 0.8611 0.1939 -0.4701
vn 0.8521 0.1929 -0.4866
vn 0.8838 0.1249 -0.4509
vn 0.8659 0.1263 -0.4840
vn 0.8281 0.1839 -0.5296
vn 0.8184 0.1829 -0.5447
vn 0.8229 0.1669 -0.5431
vn 0.8421 0.1675 -0.5127
vn 0.8375 0.1846 -0.5144
vn 0.8466 0.1853 -0.4989
vn 0.8430 0.1919 -0.5025
vn 0.8345 0.1909 -0.5170
vn 0.8255 0.1904 -0.5313
vn 0.8154 0.1893 -0.5471
vn 0.8475 0.1278 -0.5152
vn 0.8280 0.1291 -0.5456
vn 0.7875 0.1808 -0.5892
vn 0.7765 0.1799 -0.6039
vn 0.7807 0.1657 -0.6025
vn 0.8024 0.1663 -0.5732
vn 0.7981 0.1816 -0.5745
vn 0.8084 0.1823 -0.5597
vn 0.8047 0.1882 -0.5631
vn 0.7949 0.1876 -0.5770
vn 0.7851 0.1869 -0.5905
vn 0.7736 0.1859 -0.6058
vn 0.8074 0.1304 -0.5755
vn 0.7850 0.1322 -0.6052
vn 0.7405 0.1778 -0.6481
vn 0.7279 0.1770 -0.6625
vn 0.7315 0.1644 -0.6617
vn 0.7569 0.1651 -0.6323
vn 0.7529 0.1787 -0.6334
vn 0.7650 0.1792 -0.6186
vn 0.7612 0.1848 -0.6216
vn 0.7500 0.1837 -0.6354
vn 0.7251 0.1824 -0.6641
vn 0.7377 0.1821 -0.6501
vn 0.7624 0.1294 -0.6340
vn 0.7347 0.1353 -0.6648
vn 0.6919 0.1754 -0.7004
vn 0.6796 0.1750 -0.7124
vn 0.6832 0.1635 -0.7117
vn 0.7064 0.1639 -0.6886
vn 0.7026 0.1759 -0.6895
vn 0.7154 0.1767 -0.6760
vn 0.7066 0.1806 -0.6842
vn 0.7002 0.1807 -0.6907
vn 0.7126 0.1814 -0.6777
vn 0.7053 0.1833 -0.6848
vn 0.6987 0.1830 -0.6916
vn 0.6831 0.1794 -0.7079
vn 0.6769 0.1795 -0.7139
vn 0.6893 0.1798 -0.7019
vn 0.6948 0.1799 -0.6963
vn 0.6910 0.1823 -0.6995
vn 0.6878 0.1820 -0.7027
vn 0.6934 0.1824 -0.6971
vn 0.6956 0.1826 -0.6948
vn 0.6938 0.1837 -0.6963
vn 0.6927 0.1836 -0.6975
vn 0.6954 0.1840 -0.6947
vn 0.6985 0.1842 -0.6915
vn 0.6925 0.1842 -0.6975
vn 0.6948 0.1844 -0.6951
vn 0.6936 0.1838 -0.6965
vn 0.6905 0.1836 -0.6996
vn 0.6874 0.1835 -0.7028
vn 0.6918 0.1837 -0.6983
vn 0.6915 0.1842 -0.6985
vn 0.6896 0.1839 -0.7004
vn 0.6926 0.1844 -0.6973
vn 0.6917 0.1835 -0.6984
vn 0.6909 0.1837 -0.6992
vn 0.6921 0.1844 -0.6978
vn 0.6817 0.1820 -0.7086
vn 0.6752 0.1815 -0.7149
vn 0.6848 0.1819 -0.7057
vn 0.6843 0.1832 -0.7058
vn 0.6809 0.1830 -0.7092
vn 0.7088 0.1359 -0.6922
vn 0.6854 0.1370 -0.7152
vn 0.6394 0.1733 -0.7491
vn 0.6255 0.1727 -0.7609
vn 0.6286 0.1626 -0.7606
vn 0.6563 0.1631 -0.7366
vn 0.6530 0.1738 -0.7371
vn 0.6665 0.1745 -0.7248
vn 0.6633 0.1786 -0.7267
vn 0.6503 0.1779 -0.7385
vn 0.6365 0.1773 -0.7506
vn 0.6218 0.1766 -0.7630
vn 0.5824 0.1711 -0.7947
vn 0.5677 0.1706 -0.8053
vn 0.5705 0.1617 -0.8052
vn 0.5999 0.1621 -0.7835
vn 0.5970 0.1717 -0.7837
vn 0.6113 0.1722 -0.7724
vn 0.6077 0.1759 -0.7744
vn 0.5946 0.1753 -0.7846
vn 0.5800 0.1747 -0.7956
vn 0.5645 0.1741 -0.8068
vn 0.5227 0.1691 -0.8356
vn 0.5071 0.1688 -0.8452
vn 0.5095 0.1609 -0.8453
vn 0.5403 0.1613 -0.8259
vn 0.5377 0.1696 -0.8259
vn 0.5529 0.1700 -0.8157
vn 0.5494 0.1735 -0.8174
vn 0.5360 0.1732 -0.8262
vn 0.5204 0.1725 -0.8363
vn 0.5040 0.1719 -0.8464
vn 0.4598 0.1676 -0.8721
vn 0.4438 0.1672 -0.8804
vn 0.4458 0.1601 -0.8807
vn 0.4779 0.1605 -0.8636
vn 0.4757 0.1681 -0.8634
vn 0.4914 0.1682 -0.8545
vn 0.4887 0.1714 -0.8555
vn 0.4746 0.1710 -0.8635
vn 0.4580 0.1704 -0.8725
vn 0.4409 0.1700 -0.8813
vn 0.3967 0.1661 -0.9028
vn 0.3810 0.1658 -0.9096
vn 0.3829 0.1596 -0.9099
vn 0.4146 0.1598 -0.8959
vn 0.4126 0.1666 -0.8956
vn 0.4283 0.1671 -0.8881
vn 0.4257 0.1697 -0.8888
vn 0.4117 0.1693 -0.8954
vn 0.3786 0.1682 -0.9101
vn 0.3949 0.1685 -0.9032
vn 0.4465 0.1429 -0.8833
vn 0.4140 0.1442 -0.8988
vn 0.3813 0.1446 -0.9131
vn 0.3278 0.1647 -0.9303
vn 0.3098 0.1641 -0.9365
vn 0.3116 0.1591 -0.9368
vn 0.3475 0.1594 -0.9240
vn 0.3457 0.1651 -0.9237
vn 0.3634 0.1655 -0.9168
vn 0.3616 0.1677 -0.9171
vn 0.3451 0.1677 -0.9235
vn 0.3266 0.1670 -0.9303
vn 0.3074 0.1665 -0.9369
vn 0.2577 0.1635 -0.9523
vn 0.2400 0.1632 -0.9570
vn 0.2414 0.1587 -0.9574
vn 0.2767 0.1588 -0.9477
vn 0.2751 0.1638 -0.9473
vn 0.2926 0.1640 -0.9421
vn 0.2907 0.1660 -0.9423
vn 0.2748 0.1659 -0.9471
vn 0.2568 0.1655 -0.9522
vn 0.2385 0.1651 -0.9570
vn 0.1880 0.1627 -0.9686
vn 0.1703 0.1623 -0.9719
vn 0.1712 0.1581 -0.9725
vn 0.2065 0.1579 -0.9656
vn 0.2052 0.1626 -0.9651
vn 0.2226 0.1626 -0.9613
vn 0.2215 0.1647 -0.9611
vn 0.2057 0.1648 -0.9647
vn 0.1876 0.1644 -0.9684
vn 0.1689 0.1641 -0.9719
vn 0.2413 0.1474 -0.9592
vn 0.2064 0.1477 -0.9673
vn 0.1693 0.1480 -0.9744
vn 0.1151 0.1619 -0.9801
vn 0.0965 0.1620 -0.9821
vn 0.0971 0.1580 -0.9827
vn 0.1342 0.1580 -0.9783
vn 0.1336 0.1622 -0.9777
vn 0.1520 0.1622 -0.9750
vn 0.1510 0.1639 -0.9749
vn 0.1344 0.1641 -0.9773
vn 0.0957 0.1636 -0.9819
vn 0.1145 0.1626 -0.9800
vn 0.0418 0.1613 -0.9860
vn 0.0236 0.1615 -0.9866
vn 0.0238 0.1581 -0.9871
vn 0.0605 0.1579 -0.9856
vn 0.0601 0.1617 -0.9850
vn 0.0783 0.1619 -0.9837
vn 0.0613 0.1636 -0.9846
vn 0.0781 0.1633 -0.9835
vn 0.0232 0.1631 -0.9863
vn 0.0417 0.1624 -0.9858
vn -0.0290 0.1612 -0.9865
vn -0.0469 0.1616 -0.9857
vn -0.0472 0.1579 -0.9863
vn -0.0118 0.1575 -0.9874
vn -0.0115 0.1616 -0.9868
vn 0.0059 0.1614 -0.9869
vn -0.0028 0.1629 -0.9866
vn -0.0115 0.1631 -0.9865
vn 0.0060 0.1629 -0.9866
vn 0.0143 0.1630 -0.9865
vn 0.0061 0.1637 -0.9865
vn 0.0150 0.1632 -0.9865
vn -0.0114 0.1637 -0.9864
vn 0.0018 0.1634 -0.9866
vn -0.0033 0.1629 -0.9866
vn -0.0028 0.1640 -0.9865
vn 0.0006 0.1633 -0.9866
vn -0.0289 0.1633 -0.9862
vn -0.0468 0.1632 -0.9855
vn 0.0237 0.1493 -0.9885
vn -0.0118 0.1486 -0.9888
vn -0.0474 0.1491 -0.9877
vn -0.1042 0.1621 -0.9813
vn -0.1230 0.1618 -0.9791
vn -0.1238 0.1581 -0.9796
vn -0.0856 0.1579 -0.9837
vn -0.0852 0.1620 -0.9831
vn -0.0661 0.1619 -0.9846
vn -0.0649 0.1636 -0.9844
vn -0.0844 0.1635 -0.9829
vn -0.1240 0.1640 -0.9786
vn -0.1036 0.1644 -0.9809
vn -0.1773 0.1620 -0.9707
vn -0.1957 0.1627 -0.9671
vn -0.1967 0.1582 -0.9676
vn -0.1604 0.1582 -0.9743
vn -0.1596 0.1618 -0.9738
vn -0.1414 0.1617 -0.9767
vn -0.1580 0.1640 -0.9737
vn -0.1406 0.1637 -0.9764
vn -0.1960 0.1647 -0.9667
vn -0.1766 0.1652 -0.9703
vn -0.2479 0.1634 -0.9549
vn -0.2651 0.1635 -0.9503
vn -0.2668 0.1582 -0.9507
vn -0.2319 0.1584 -0.9598
vn -0.2303 0.1626 -0.9594
vn -0.2131 0.1628 -0.9634
vn -0.2291 0.1649 -0.9593
vn -0.2118 0.1646 -0.9634
vn -0.2472 0.1655 -0.9547
vn -0.2646 0.1659 -0.9500
vn -0.1970 0.1484 -0.9691
vn -0.2319 0.1477 -0.9615
vn -0.2667 0.1473 -0.9525
vn -0.3172 0.1646 -0.9340
vn -0.3344 0.1648 -0.9279
vn -0.3362 0.1593 -0.9282
vn -0.3017 0.1590 -0.9401
vn -0.2999 0.1643 -0.9397
vn -0.2825 0.1635 -0.9452
vn -0.2980 0.1663 -0.9400
vn -0.2808 0.1654 -0.9454
vn -0.3334 0.1673 -0.9278
vn -0.3152 0.1672 -0.9342
vn -0.3871 0.1659 -0.9070
vn -0.4044 0.1663 -0.8993
vn -0.4063 0.1598 -0.8997
vn -0.3715 0.1595 -0.9146
vn -0.3697 0.1656 -0.9143
vn -0.3517 0.1646 -0.9215
vn -0.3672 0.1681 -0.9148
vn -0.3503 0.1672 -0.9216
vn -0.4039 0.1692 -0.8990
vn -0.3850 0.1694 -0.9072
vn -0.4496 0.1673 -0.8774
vn -0.4646 0.1677 -0.8695
vn -0.4669 0.1604 -0.8697
vn -0.4369 0.1600 -0.8852
vn -0.4347 0.1670 -0.8850
vn -0.4196 0.1664 -0.8923
vn -0.4324 0.1696 -0.8856
vn -0.4176 0.1692 -0.8928
vn -0.4631 0.1703 -0.8698
vn -0.4477 0.1704 -0.8778
vn -0.4073 0.1449 -0.9017
vn -0.4375 0.1442 -0.8876
vn -0.4675 0.1437 -0.8722
vn -0.5132 0.1690 -0.8415
vn -0.5290 0.1694 -0.8315
vn -0.5316 0.1612 -0.8315
vn -0.4995 0.1608 -0.8513
vn -0.4972 0.1684 -0.8511
vn -0.4810 0.1683 -0.8604
vn -0.4942 0.1715 -0.8523
vn -0.4785 0.1699 -0.8615
vn -0.5272 0.1726 -0.8320
vn -0.5108 0.1721 -0.8423
vn -0.5741 0.1708 -0.8008
vn -0.5887 0.1713 -0.7900
vn -0.5916 0.1620 -0.7898
vn -0.5620 0.1615 -0.8112
vn -0.5593 0.1704 -0.8113
vn -0.5442 0.1699 -0.8216
vn -0.5558 0.1736 -0.8129
vn -0.5418 0.1718 -0.8227
vn -0.5862 0.1747 -0.7911
vn -0.5715 0.1744 -0.8019
vn -0.6314 0.1728 -0.7559
vn -0.6453 0.1735 -0.7440
vn -0.6485 0.1629 -0.7436
vn -0.6205 0.1624 -0.7672
vn -0.6172 0.1724 -0.7677
vn -0.6031 0.1719 -0.7789
vn -0.6138 0.1763 -0.7695
vn -0.6002 0.1745 -0.7806
vn -0.6426 0.1777 -0.7453
vn -0.6283 0.1769 -0.7576
vn -0.6851 0.1751 -0.7071
vn -0.6977 0.1756 -0.6945
vn -0.7016 0.1639 -0.6935
vn -0.6755 0.1634 -0.7190
vn -0.6723 0.1748 -0.7194
vn -0.6588 0.1742 -0.7319
vn -0.6685 0.1791 -0.7218
vn -0.6557 0.1771 -0.7340
vn -0.6888 0.1802 -0.7022
vn -0.6952 0.1804 -0.6958
vn -0.6822 0.1797 -0.7087
vn -0.6905 0.1826 -0.6999
vn -0.6938 0.1825 -0.6967
vn -0.6874 0.1823 -0.7030
vn -0.6920 0.1837 -0.6981
vn -0.6929 0.1836 -0.6972
vn -0.6903 0.1837 -0.6998
vn -0.6926 0.1844 -0.6974
vn -0.6926 0.1842 -0.6974
vn -0.6912 0.1842 -0.6988
vn -0.6936 0.1850 -0.6962
vn -0.6924 0.1845 -0.6975
vn -0.6921 0.1846 -0.6978
vn -0.6921 0.1846 -0.6977
vn -0.6923 0.1846 -0.6976
vn -0.6906 0.1842 -0.6994
vn -0.6924 0.1846 -0.6975
vn -0.6921 0.1847 -0.6977
vn -0.7082 0.1907 -0.6797
vn -0.7144 0.1932 -0.6725
vn -0.6918 0.1848 -0.6980
vn -0.6919 0.1847 -0.6979
vn -0.7185 0.1910 -0.6688
vn -0.6922 0.1846 -0.6977
vn -0.6356 0.1789 -0.7510
vn -0.7351 0.1777 -0.6543
vn -0.7469 0.1785 -0.6405
vn -0.7508 0.1650 -0.6396
vn -0.7267 0.1645 -0.6670
vn -0.7230 0.1771 -0.6678
vn -0.7104 0.1766 -0.6813
vn -0.7203 0.1821 -0.6694
vn -0.7014 0.1809 -0.6894
vn -0.7086 0.1789 -0.6825
vn -0.7062 0.1838 -0.6837
vn -0.6969 0.1828 -0.6934
vn -0.7006 0.1824 -0.6899
vn -0.6990 0.1841 -0.6910
vn -0.6946 0.1837 -0.6956
vn -0.6978 0.1813 -0.6929
vn -0.6957 0.1844 -0.6943
vn -0.6926 0.1840 -0.6975
vn -0.6921 0.1847 -0.6978
vn -0.6946 0.1849 -0.6952
vn -0.6928 0.1845 -0.6971
vn -0.6957 0.1850 -0.6941
vn -0.6892 0.1835 -0.7010
vn -0.6930 0.1847 -0.6968
vn -0.6899 0.1838 -0.7001
vn -0.6949 0.1854 -0.6947
vn -0.6925 0.1845 -0.6974
vn -0.6954 0.1888 -0.6933
vn -0.6812 0.1813 -0.7093
vn -0.6924 0.1848 -0.6975
vn -0.6848 0.1825 -0.7055
vn -0.6960 0.1923 -0.6918
vn -0.6880 0.2158 -0.6929
vn -0.5803 0.2914 -0.7605
vn -0.6961 0.1592 -0.7000
vn -0.8671 0.2911 -0.4042
vn -0.7440 0.1838 -0.6424
vn -0.7316 0.1846 -0.6563
vn -0.7808 0.1805 -0.5982
vn -0.7916 0.1813 -0.5836
vn -0.7957 0.1662 -0.5824
vn -0.7738 0.1657 -0.6114
vn -0.7698 0.1798 -0.6124
vn -0.7585 0.1792 -0.6266
vn -0.7669 0.1853 -0.6144
vn -0.7552 0.1842 -0.6290
vn -0.7884 0.1867 -0.5861
vn -0.7773 0.1876 -0.6005
vn -0.7548 0.1316 -0.6426
vn -0.7783 0.1320 -0.6139
vn -0.8006 0.1308 -0.5848
vn -0.8222 0.1834 -0.5388
vn -0.8319 0.1840 -0.5235
vn -0.8364 0.1674 -0.5219
vn -0.8167 0.1668 -0.5525
vn -0.8123 0.1825 -0.5540
vn -0.8021 0.1818 -0.5688
vn -0.8094 0.1888 -0.5561
vn -0.7987 0.1871 -0.5719
vn -0.8286 0.1907 -0.5264
vn -0.8187 0.1907 -0.5417
vn -0.8218 0.1294 -0.5549
vn -0.8421 0.1287 -0.5238
vn -0.8599 0.1865 -0.4752
vn -0.8686 0.1873 -0.4587
vn -0.8734 0.1688 -0.4568
vn -0.8556 0.1681 -0.4896
vn -0.8509 0.1857 -0.4914
vn -0.8416 0.1849 -0.5075
vn -0.8479 0.1925 -0.4940
vn -0.8383 0.1907 -0.5109
vn -0.8656 0.1945 -0.4615
vn -0.8563 0.1950 -0.4783
vn -0.8612 0.1278 -0.4920
vn -0.8793 0.1257 -0.4595
vn -0.8913 0.1894 -0.4119
vn -0.8982 0.1902 -0.3962
vn -0.9031 0.1700 -0.3943
vn -0.8888 0.1694 -0.4257
vn -0.8840 0.1888 -0.4276
vn -0.8765 0.1879 -0.4432
vn -0.8810 0.1963 -0.4304
vn -0.8733 0.1945 -0.4467
vn -0.8954 0.1978 -0.3990
vn -0.8876 0.1986 -0.4156
vn -0.8953 0.1239 -0.4279
vn -0.9100 0.1232 -0.3958
vn -0.9180 0.1924 -0.3467
vn -0.9240 0.1929 -0.3300
vn -0.9290 0.1712 -0.3281
vn -0.9166 0.1706 -0.3615
vn -0.9117 0.1917 -0.3633
vn -0.9051 0.1908 -0.3799
vn -0.9087 0.1997 -0.3665
vn -0.9023 0.1979 -0.3830
vn -0.9210 0.2013 -0.3336
vn -0.9149 0.2013 -0.3499
vn -0.9235 0.1219 -0.3636
vn -0.9365 0.1205 -0.3294
vn -0.9402 0.1951 -0.2791
vn -0.9449 0.1956 -0.2625
vn -0.9499 0.1724 -0.2607
vn -0.9402 0.1718 -0.2942
vn -0.9352 0.1943 -0.2961
vn -0.9297 0.1936 -0.3132
vn -0.9324 0.2034 -0.2987
vn -0.9269 0.2015 -0.3166
vn -0.9421 0.2046 -0.2657
vn -0.9373 0.2045 -0.2823
vn -0.9477 0.1194 -0.2961
vn -0.9563 0.1154 -0.2685
vn -0.9582 0.1729 -0.2280
vn -0.9608 0.1978 -0.1942
vn -0.9660 0.1735 -0.1918
vn -0.9493 0.1962 -0.2457
vn -0.9549 0.1899 -0.2283
vn -0.9509 0.2064 -0.2308
vn -0.9467 0.2052 -0.2484
vn -0.9665 0.1175 -0.2282
vn -0.9742 0.1165 -0.1933
vn -0.9696 0.1991 -0.1426
vn -0.9718 0.1996 -0.1256
vn -0.9768 0.1741 -0.1245
vn -0.9720 0.1738 -0.1583
vn -0.9670 0.1988 -0.1596
vn -0.9641 0.1983 -0.1768
vn -0.9645 0.2087 -0.1616
vn -0.9617 0.2073 -0.1794
vn -0.9693 0.2098 -0.1282
vn -0.9671 0.2093 -0.1448
vn -0.9805 0.1153 -0.1594
vn -0.9855 0.1146 -0.1249
vn -0.9769 0.2002 -0.0742
vn -0.9780 0.2005 -0.0569
vn -0.9830 0.1745 -0.0564
vn -0.9805 0.1743 -0.0906
vn -0.9755 0.2002 -0.0913
vn -0.9738 0.1998 -0.1085
vn -0.9732 0.2103 -0.0926
vn -0.9717 0.2091 -0.1101
vn -0.9758 0.2109 -0.0577
vn -0.9747 0.2105 -0.0751
vn -0.9893 0.1142 -0.0912
vn -0.9919 0.1137 -0.0568
vn -0.9797 0.2006 -0.0072
vn -0.9796 0.2006 0.0083
vn -0.9846 0.1746 0.0078
vn -0.9844 0.1746 -0.0236
vn -0.9794 0.2006 -0.0236
vn -0.9788 0.2006 -0.0403
vn -0.9772 0.2111 -0.0243
vn -0.9768 0.2103 -0.0410
vn -0.9775 0.2111 0.0010
vn -0.9774 0.2111 0.0091
vn -0.9775 0.2110 -0.0072
vn -0.9773 0.2111 -0.0154
vn -0.9763 0.2157 -0.0161
vn -0.9764 0.2161 -0.0071
vn -0.9761 0.2160 -0.0246
vn -0.9764 0.2158 0.0089
vn -0.9764 0.2159 -0.0027
vn -0.9768 0.2143 0.0013
vn -0.9759 0.2182 0.0014
vn -0.9759 0.2183 -0.0035
vn -0.9933 0.1135 -0.0237
vn -0.9935 0.1135 0.0079
vn -0.9777 0.2001 0.0635
vn -0.9764 0.1998 0.0820
vn -0.9813 0.1743 0.0813
vn -0.9836 0.1745 0.0447
vn -0.9787 0.2002 0.0452
vn -0.9794 0.2004 0.0262
vn -0.9765 0.2106 0.0460
vn -0.9772 0.2105 0.0262
vn -0.9742 0.2102 0.0823
vn -0.9756 0.2099 0.0641
vn -0.9925 0.1139 0.0450
vn -0.9900 0.1143 0.0820
vn -0.9708 0.1993 0.1339
vn -0.9683 0.1989 0.1511
vn -0.9732 0.1738 0.1502
vn -0.9779 0.1741 0.1161
vn -0.9730 0.1995 0.1165
vn -0.9748 0.1996 0.0993
vn -0.9704 0.2099 0.1192
vn -0.9723 0.2113 0.1000
vn -0.9685 0.2095 0.1348
vn -0.9660 0.2089 0.1524
vn -0.9866 0.1145 0.1165
vn -0.9818 0.1148 0.1512
vn -0.9592 0.1978 0.2020
vn -0.9556 0.1974 0.2187
vn -0.9606 0.1732 0.2172
vn -0.9675 0.1735 0.1839
vn -0.9625 0.1983 0.1850
vn -0.9655 0.1986 0.1682
vn -0.9630 0.2086 0.1705
vn -0.9599 0.2081 0.1879
vn -0.9568 0.2077 0.2032
vn -0.9531 0.2069 0.2210
vn -0.9759 0.1154 0.1851
vn -0.9689 0.1161 0.2184
vn -0.9431 0.1956 0.2689
vn -0.9382 0.1951 0.2857
vn -0.9434 0.1720 0.2836
vn -0.9526 0.1726 0.2504
vn -0.9476 0.1963 0.2521
vn -0.9518 0.1968 0.2354
vn -0.9489 0.2062 0.2389
vn -0.9446 0.2055 0.2559
vn -0.9405 0.2049 0.2709
vn -0.9355 0.2040 0.2886
vn -0.9607 0.1171 0.2517
vn -0.9512 0.1182 0.2851
vn -0.9219 0.1928 0.3360
vn -0.9158 0.1920 0.3529
vn -0.9208 0.1708 0.3506
vn -0.9328 0.1714 0.3171
vn -0.9277 0.1935 0.3193
vn -0.9331 0.1942 0.3026
vn -0.9300 0.2030 0.3065
vn -0.9245 0.2019 0.3232
vn -0.9192 0.2012 0.3384
vn -0.9126 0.2001 0.3565
vn -0.9403 0.1195 0.3187
vn -0.9280 0.1209 0.3526
vn -0.8953 0.1897 0.4031
vn -0.8878 0.1889 0.4196
vn -0.8926 0.1694 0.4178
vn -0.9074 0.1700 0.3844
vn -0.9024 0.1904 0.3865
vn -0.9092 0.1912 0.3698
vn -0.9058 0.1992 0.3740
vn -0.8992 0.1981 0.3901
vn -0.8925 0.1975 0.4055
vn -0.8847 0.1964 0.4227
vn -0.9141 0.1224 0.3865
vn -0.8991 0.1238 0.4199
vn -0.8638 0.1865 0.4680
vn -0.8552 0.1858 0.4839
vn -0.8597 0.1682 0.4823
vn -0.8768 0.1687 0.4503
vn -0.8721 0.1874 0.4521
vn -0.8801 0.1881 0.4360
vn -0.8767 0.1953 0.4396
vn -0.8689 0.1947 0.4551
vn -0.8612 0.1939 0.4698
vn -0.8523 0.1929 0.4862
vn -0.8829 0.1252 0.4526
vn -0.8655 0.1267 0.4846
vn -0.8277 0.1837 0.5302
vn -0.8180 0.1831 0.5453
vn -0.8223 0.1670 0.5441
vn -0.8415 0.1675 0.5136
vn -0.8371 0.1844 0.5150
vn -0.8463 0.1852 0.4995
vn -0.8429 0.1918 0.5028
vn -0.8341 0.1908 0.5175
vn -0.8252 0.1904 0.5317
vn -0.8152 0.1894 0.5474
vn -0.8470 0.1279 0.5159
vn -0.8274 0.1292 0.5465
vn -0.7872 0.1810 0.5896
vn -0.7762 0.1803 0.6041
vn -0.7804 0.1658 0.6029
vn -0.8019 0.1663 0.5739
vn -0.7977 0.1817 0.5750
vn -0.8080 0.1823 0.5603
vn -0.8046 0.1883 0.5632
vn -0.7947 0.1879 0.5772
vn -0.7849 0.1870 0.5908
vn -0.7736 0.1861 0.6058
vn -0.8068 0.1304 0.5763
vn -0.7849 0.1316 0.6055
vn -0.7408 0.1783 0.6476
vn -0.7282 0.1774 0.6620
vn -0.7321 0.1645 0.6610
vn -0.7569 0.1651 0.6323
vn -0.7529 0.1790 0.6333
vn -0.7647 0.1796 0.6189
vn -0.7613 0.1850 0.6214
vn -0.7499 0.1840 0.6354
vn -0.7381 0.1836 0.6492
vn -0.7251 0.1825 0.6641
vn -0.7611 0.1329 0.6348
vn -0.7352 0.1345 0.6644
vn -0.6922 0.1755 0.7001
vn -0.6798 0.1750 0.7122
vn -0.6832 0.1636 0.7117
vn -0.7079 0.1640 0.6870
vn -0.7036 0.1761 0.6884
vn -0.7161 0.1767 0.6753
vn -0.7072 0.1811 0.6834
vn -0.7011 0.1809 0.6897
vn -0.7130 0.1817 0.6772
vn -0.7055 0.1828 0.6848
vn -0.6994 0.1829 0.6909
vn -0.6894 0.1802 0.7017
vn -0.6771 0.1790 0.7138
vn -0.6956 0.1801 0.6955
vn -0.6939 0.1825 0.6966
vn -0.6877 0.1822 0.7028
vn -0.7102 0.1359 0.6907
vn -0.6853 0.1370 0.7153
vn -0.6394 0.1733 0.7491
vn -0.6254 0.1728 0.7609
vn -0.6286 0.1626 0.7606
vn -0.6563 0.1631 0.7367
vn -0.6532 0.1740 0.7369
vn -0.6665 0.1745 0.7248
vn -0.6632 0.1787 0.7268
vn -0.6504 0.1782 0.7384
vn -0.6364 0.1773 0.7507
vn -0.6218 0.1766 0.7630
vn -0.5826 0.1711 0.7946
vn -0.5678 0.1706 0.8053
vn -0.5706 0.1617 0.8052
vn -0.6000 0.1621 0.7834
vn -0.5970 0.1716 0.7837
vn -0.6112 0.1721 0.7726
vn -0.6079 0.1760 0.7743
vn -0.5948 0.1753 0.7846
vn -0.5797 0.1747 0.7959
vn -0.5644 0.1741 0.8070
vn -0.5225 0.1690 0.8357
vn -0.5071 0.1687 0.8452
vn -0.5095 0.1609 0.8453
vn -0.5404 0.1613 0.8258
vn -0.5378 0.1697 0.8258
vn -0.5529 0.1700 0.8157
vn -0.5495 0.1735 0.8173
vn -0.5358 0.1729 0.8265
vn -0.5203 0.1724 0.8364
vn -0.5040 0.1718 0.8464
vn -0.4598 0.1675 0.8721
vn -0.4437 0.1673 0.8804
vn -0.4458 0.1603 0.8807
vn -0.4779 0.1606 0.8636
vn -0.4757 0.1679 0.8634
vn -0.4915 0.1683 0.8544
vn -0.4885 0.1713 0.8556
vn -0.4744 0.1709 0.8636
vn -0.4581 0.1704 0.8724
vn -0.4412 0.1699 0.8812
vn -0.3946 0.1659 0.9038
vn -0.3780 0.1656 0.9109
vn -0.3798 0.1596 0.9112
vn -0.4130 0.1599 0.8966
vn -0.4111 0.1665 0.8963
vn -0.4275 0.1668 0.8885
vn -0.4250 0.1695 0.8892
vn -0.4102 0.1691 0.8962
vn -0.3756 0.1683 0.9114
vn -0.3926 0.1684 0.9042
vn -0.3269 0.1647 0.9306
vn -0.3100 0.1646 0.9364
vn -0.3116 0.1591 0.9368
vn -0.3460 0.1593 0.9246
vn -0.3442 0.1651 0.9243
vn -0.3610 0.1652 0.9178
vn -0.3587 0.1679 0.9182
vn -0.3430 0.1675 0.9243
vn -0.3255 0.1670 0.9307
vn -0.3076 0.1666 0.9368
vn -0.2577 0.1636 0.9523
vn -0.2402 0.1633 0.9569
vn -0.2416 0.1581 0.9574
vn -0.2767 0.1588 0.9477
vn -0.2752 0.1637 0.9474
vn -0.2924 0.1636 0.9422
vn -0.2906 0.1663 0.9423
vn -0.2746 0.1660 0.9471
vn -0.2567 0.1655 0.9522
vn -0.2382 0.1651 0.9571
vn -0.1879 0.1625 0.9687
vn -0.1703 0.1625 0.9719
vn -0.1711 0.1581 0.9725
vn -0.2066 0.1579 0.9656
vn -0.2053 0.1627 0.9651
vn -0.2227 0.1631 0.9611
vn -0.2211 0.1651 0.9612
vn -0.2057 0.1649 0.9646
vn -0.1877 0.1644 0.9684
vn -0.1690 0.1641 0.9719
vn -0.2413 0.1473 0.9592
vn -0.2065 0.1479 0.9672
vn -0.1695 0.1482 0.9743
vn -0.1158 0.1620 0.9800
vn -0.0977 0.1619 0.9820
vn -0.0980 0.1580 0.9826
vn -0.1348 0.1580 0.9782
vn -0.1340 0.1622 0.9776
vn -0.1523 0.1618 0.9750
vn -0.1513 0.1638 0.9748
vn -0.1338 0.1638 0.9774
vn -0.0955 0.1638 0.9819
vn -0.1150 0.1646 0.9796
vn -0.0421 0.1612 0.9860
vn -0.0241 0.1612 0.9866
vn -0.0240 0.1578 0.9872
vn -0.0610 0.1579 0.9856
vn -0.0607 0.1617 0.9850
vn -0.0790 0.1614 0.9837
vn -0.0618 0.1636 0.9846
vn -0.0789 0.1633 0.9834
vn -0.0235 0.1631 0.9863
vn -0.0416 0.1621 0.9859
vn 0.0294 0.1612 0.9865
vn 0.0469 0.1617 0.9857
vn 0.0476 0.1578 0.9863
vn 0.0118 0.1575 0.9874
vn 0.0118 0.1612 0.9869
vn -0.0063 0.1613 0.9869
vn 0.0024 0.1629 0.9866
vn 0.0111 0.1631 0.9865
vn -0.0058 0.1629 0.9866
vn -0.0149 0.1628 0.9865
vn -0.0055 0.1637 0.9865
vn -0.0150 0.1634 0.9864
vn 0.0027 0.1637 0.9865
vn 0.0114 0.1637 0.9864
vn -0.0017 0.1635 0.9865
vn 0.0025 0.1640 0.9865
vn -0.0018 0.1639 0.9865
vn 0.0294 0.1632 0.9862
vn 0.0475 0.1634 0.9854
vn -0.0238 0.1495 0.9885
vn 0.0120 0.1490 0.9888
vn 0.0474 0.1491 0.9877
vn 0.1042 0.1619 0.9813
vn 0.1230 0.1620 0.9791
vn 0.1238 0.1581 0.9796
vn 0.0856 0.1579 0.9837
vn 0.0852 0.1619 0.9831
vn 0.0661 0.1616 0.9846
vn 0.0649 0.1635 0.9844
vn 0.0844 0.1635 0.9829
vn 0.1241 0.1640 0.9786
vn 0.1036 0.1645 0.9809
vn 0.1776 0.1625 0.9706
vn 0.1957 0.1628 0.9671
vn 0.1966 0.1579 0.9677
vn 0.1604 0.1581 0.9743
vn 0.1596 0.1618 0.9738
vn 0.1414 0.1620 0.9766
vn 0.1584 0.1640 0.9737
vn 0.1403 0.1637 0.9765
vn 0.1959 0.1646 0.9667
vn 0.1767 0.1653 0.9703
vn 0.2479 0.1634 0.9549
vn 0.2652 0.1637 0.9502
vn 0.2666 0.1587 0.9506
vn 0.2320 0.1585 0.9597
vn 0.2305 0.1630 0.9593
vn 0.2131 0.1628 0.9634
vn 0.2286 0.1650 0.9594
vn 0.2118 0.1646 0.9634
vn 0.2644 0.1658 0.9501
vn 0.2462 0.1662 0.9549
vn 0.1969 0.1484 0.9691
vn 0.2319 0.1477 0.9615
vn 0.2667 0.1473 0.9524
vn 0.3172 0.1644 0.9340
vn 0.3342 0.1647 0.9280
vn 0.3362 0.1593 0.9282
vn 0.3017 0.1589 0.9401
vn 0.3000 0.1643 0.9397
vn 0.2827 0.1640 0.9451
vn 0.2976 0.1663 0.9401
vn 0.2806 0.1655 0.9454
vn 0.3335 0.1673 0.9278
vn 0.3154 0.1671 0.9341
vn 0.3870 0.1656 0.9071
vn 0.4044 0.1663 0.8994
vn 0.4063 0.1597 0.8997
vn 0.3715 0.1595 0.9146
vn 0.3697 0.1656 0.9143
vn 0.3520 0.1652 0.9213
vn 0.3674 0.1680 0.9148
vn 0.3501 0.1675 0.9216
vn 0.3860 0.1686 0.9070
vn 0.4037 0.1692 0.8991
vn 0.4497 0.1674 0.8774
vn 0.4646 0.1678 0.8695
vn 0.4668 0.1604 0.8697
vn 0.4368 0.1600 0.8852
vn 0.4347 0.1670 0.8850
vn 0.4196 0.1667 0.8923
vn 0.4325 0.1696 0.8855
vn 0.4176 0.1692 0.8927
vn 0.4631 0.1703 0.8698
vn 0.4479 0.1701 0.8778
vn 0.4071 0.1450 0.9018
vn 0.4375 0.1442 0.8876
vn 0.4676 0.1437 0.8722
vn 0.5132 0.1689 0.8415
vn 0.5290 0.1695 0.8315
vn 0.5316 0.1612 0.8315
vn 0.4995 0.1608 0.8513
vn 0.4971 0.1684 0.8512
vn 0.4810 0.1680 0.8604
vn 0.4941 0.1715 0.8523
vn 0.4785 0.1698 0.8615
vn 0.5273 0.1727 0.8320
vn 0.5108 0.1721 0.8423
vn 0.5742 0.1708 0.8007
vn 0.5887 0.1713 0.7900
vn 0.5916 0.1620 0.7898
vn 0.5620 0.1615 0.8112
vn 0.5593 0.1703 0.8113
vn 0.5442 0.1699 0.8216
vn 0.5559 0.1736 0.8129
vn 0.5418 0.1720 0.8227
vn 0.5861 0.1749 0.7911
vn 0.5712 0.1744 0.8020
vn 0.6314 0.1731 0.7559
vn 0.6452 0.1736 0.7440
vn 0.6472 0.1627 0.7447
vn 0.6205 0.1624 0.7672
vn 0.6173 0.1724 0.7677
vn 0.6030 0.1718 0.7790
vn 0.6137 0.1763 0.7696
vn 0.6005 0.1743 0.7804
vn 0.6425 0.1774 0.7454
vn 0.6283 0.1770 0.7575
vn 0.6850 0.1750 0.7072
vn 0.6745 0.1632 0.7200
vn 0.6721 0.1747 0.7196
vn 0.6588 0.1742 0.7319
vn 0.6692 0.1791 0.7212
vn 0.6558 0.1779 0.7336
vn 0.6888 0.1798 0.7023
vn 0.6950 0.1805 0.6960
vn 0.6826 0.1797 0.7083
vn 0.6763 0.1795 0.7144
vn 0.6809 0.1818 0.7094
vn 0.6746 0.1810 0.7157
vn 0.6910 0.1824 0.6995
vn 0.6880 0.1825 0.7024
vn 0.6846 0.1824 0.7057
vn 0.6864 0.1831 0.7038
vn 0.6816 0.1840 0.7082
vn 0.6929 0.1837 0.6972
vn 0.6909 0.1833 0.6993
vn 0.6917 0.1848 0.6981
vn 0.6932 0.1836 0.6970
vn 0.7110 0.1860 0.6782
vn 0.6953 0.1851 0.6945
vn 0.7271 0.1874 0.6605
vn 0.7717 0.1909 0.6066
vn 0.7578 0.1896 0.6243
vn 0.7435 0.1888 0.6416
vn 0.7868 0.1924 0.5865
vn 0.8261 0.1963 0.5283
vn 0.8120 0.1946 0.5503
vn 0.7994 0.1935 0.5688
vn 0.8491 0.1985 0.4894
vn 0.8376 0.1973 0.5093
vn 0.8615 0.2004 0.4664
vn 0.8823 0.2030 0.4246
vn 0.8720 0.2017 0.4461
vn 0.8929 0.2048 0.4009
vn 0.9105 0.2079 0.3575
vn 0.9018 0.2060 0.3800
vn 0.9337 0.2121 0.2886
vn 0.9267 0.2104 0.3114
vn 0.9191 0.2097 0.3335
vn 0.9405 0.2136 0.2643
vn 0.9516 0.2155 0.2190
vn 0.9463 0.2142 0.2421
vn 0.9568 0.2165 0.1940
vn 0.9647 0.2178 0.1484
vn 0.9726 0.2192 0.0772
vn 0.9707 0.2184 0.1004
vn 0.9681 0.2183 0.1230
vn 0.9743 0.2194 0.0514
vn 0.9754 0.2203 0.0048
vn 0.9752 0.2198 0.0272
vn 0.9752 0.2201 -0.0216
vn 0.9732 0.2197 -0.0684
vn 0.9745 0.2200 -0.0445
vn 0.9692 0.2188 -0.1129
vn 0.9716 0.2191 -0.0900
vn 0.9660 0.2182 -0.1384
vn 0.9754 0.2203 -0.0003
vn 0.9548 0.2159 -0.2043
vn 0.9589 0.2165 -0.1836
vn 0.9505 0.2149 -0.2245
vn 0.9371 0.2124 -0.2769
vn 0.9412 0.2133 -0.2619
vn 0.9459 0.2139 -0.2440
vn 0.9225 0.2102 -0.3237
vn 0.9303 0.2112 -0.3000
vn 0.9627 0.2171 -0.1614
vn 0.9610 0.2169 0.1715
vn 0.9140 0.2085 -0.3480
vn 0.8967 0.2057 -0.3919
vn 0.9055 0.2069 -0.3706
vn 0.8663 0.2013 -0.4571
vn 0.8776 0.2029 -0.4344
vn 0.8550 0.1997 -0.4786
vn 0.8873 0.2039 -0.4136
vn 0.8314 0.1970 -0.5196
vn 0.8439 0.1986 -0.4984
vn 0.8177 0.1952 -0.5416
vn 0.7762 0.1909 -0.6009
vn 0.7475 0.1886 -0.6369
vn 0.7617 0.1897 -0.6195
vn 0.7917 0.1928 -0.5797
vn 0.8046 0.1939 -0.5612
vn 0.7113 0.1838 -0.6785
vn 0.7141 0.1860 -0.6749
vn 0.6904 0.1848 -0.6994
vn 0.6910 0.1849 -0.6988
vn 0.6869 0.1840 -0.7031
vn 0.6646 0.1830 -0.7244
vn 0.6823 0.1840 -0.7075
vn 0.6460 0.1816 -0.7414
vn 0.5898 0.1784 -0.7876
vn 0.6102 0.1796 -0.7717
vn 0.6281 0.1802 -0.7570
vn 0.5521 0.1766 -0.8149
vn 0.5710 0.1771 -0.8016
vn 0.5306 0.1756 -0.8292
vn 0.7304 0.1869 -0.6569
vn 0.4683 0.1732 -0.8664
vn 0.4909 0.1742 -0.8536
vn 0.4268 0.1718 -0.8879
vn 0.4476 0.1722 -0.8775
vn 0.3594 0.1697 -0.9176
vn 0.3809 0.1703 -0.9088
vn 0.3349 0.1688 -0.9270
vn 0.2914 0.1678 -0.9418
vn 0.2214 0.1663 -0.9609
vn 0.2437 0.1664 -0.9555
vn 0.2664 0.1671 -0.9493
vn 0.1959 0.1656 -0.9665
vn 0.1502 0.1652 -0.9748
vn 0.1730 0.1652 -0.9710
vn 0.3130 0.1681 -0.9348
vn 0.0781 0.1646 -0.9833
vn 0.1012 0.1644 -0.9812
vn 0.0518 0.1643 -0.9850
vn 0.0050 0.1644 -0.9864
vn 0.0052 0.1626 -0.9867
vn -0.0431 0.1644 -0.9854
vn 0.0004 0.1645 -0.9864
vn 0.0271 0.1642 -0.9861
vn 0.0246 0.1627 -0.9864
vn -0.0682 0.1645 -0.9840
vn -0.1399 0.1650 -0.9763
vn -0.1139 0.1646 -0.9798
vn -0.0912 0.1642 -0.9822
vn -0.1854 0.1655 -0.9686
vn -0.1625 0.1650 -0.9728
vn -0.2112 0.1660 -0.9632
vn 0.1242 0.1647 -0.9785
vn 0.5108 0.1744 -0.8418
vn 0.4029 0.1709 -0.8991
vn -0.2815 0.1676 -0.9448
vn -0.2565 0.1669 -0.9520
vn -0.3256 0.1687 -0.9303
vn -0.3035 0.1679 -0.9379
vn -0.3930 0.1705 -0.9036
vn -0.3715 0.1699 -0.9128
vn -0.4173 0.1713 -0.8925
vn -0.3502 0.1694 -0.9212
vn -0.4597 0.1728 -0.8711
vn -0.5218 0.1752 -0.8349
vn -0.5022 0.1740 -0.8471
vn -0.4825 0.1735 -0.8585
vn -0.5432 0.1762 -0.8209
vn -0.5815 0.1780 -0.7939
vn -0.5624 0.1767 -0.8078
vn -0.4386 0.1718 -0.8821
vn -0.6382 0.1812 -0.7483
vn -0.6202 0.1798 -0.7636
vn -0.6576 0.1824 -0.7310
vn -0.6019 0.1792 -0.7782
vn -0.6864 0.1825 -0.7040
vn -0.6882 0.1774 -0.7035
vn -0.6759 0.1834 -0.7138
vn -0.6810 0.1908 -0.7070
vn -0.6856 0.1800 -0.7054
vn -0.6813 0.1824 -0.7089
vn -0.6845 0.1837 -0.7055
vn -0.2337 0.1663 -0.9580
vn 0.7024 0.0821 0.7071
vn 0.7744 0.0668 0.6291
vn 0.8393 0.0548 0.5409
vn 0.7973 0.0621 0.6003
vn 0.7519 0.0723 0.6553
vn 0.8778 0.0446 0.4770
vn 0.8946 0.0384 0.4453
vn 0.8591 0.0499 0.5093
vn 0.9095 0.0319 0.4145
vn 0.9379 0.0209 0.3462
vn 0.9243 0.0264 0.3808
vn 0.9705 0.0091 0.2408
vn 0.9857 0.0025 0.1688
vn 0.9787 0.0057 0.2051
vn 0.9610 0.0133 0.2763
vn 0.9911 -0.0002 0.1331
vn 0.9982 -0.0029 0.0603
vn 0.9953 -0.0016 0.0967
vn 0.9999 -0.0043 -0.0132
vn 0.9963 -0.0023 -0.0864
vn 0.9988 -0.0036 -0.0498
vn 0.9997 -0.0040 0.0235
vn 0.6278 0.0933 -0.7728
vn 0.5691 0.1007 -0.8161
vn 0.5079 0.1071 -0.8547
vn 0.9807 0.0055 -0.1955
vn 0.9872 0.0022 -0.1594
vn 0.9729 0.0091 -0.2312
vn 0.9639 0.0131 -0.2658
vn 0.9924 -0.0004 -0.1229
vn 0.9285 0.0257 -0.3705
vn 0.9415 0.0195 -0.3365
vn 0.9143 0.0318 -0.4038
vn 0.8995 0.0369 -0.4354
vn 0.8821 0.0425 -0.4691
vn 0.8636 0.0481 -0.5019
vn 0.8247 0.0583 -0.5626
vn 0.8447 0.0531 -0.5325
vn 0.7565 0.0712 -0.6501
vn 0.7320 0.0768 -0.6770
vn 0.8033 0.0635 -0.5922
vn 0.6836 0.0852 -0.7249
vn 0.4456 0.1130 -0.8881
vn 0.3083 0.1225 -0.9434
vn 0.0961 0.1310 -0.9867
vn -0.1228 0.1306 -0.9838
vn 0.1696 0.1293 -0.9770
vn 0.2389 0.1265 -0.9628
vn 0.3812 0.1175 -0.9170
vn 0.0229 0.1320 -0.9910
vn -0.0468 0.1318 -0.9902
vn -0.3332 0.1206 -0.9351
vn -0.5300 0.1050 -0.8415
vn -0.5904 0.0981 -0.8011
vn -0.1948 0.1284 -0.9724
vn -0.2639 0.1251 -0.9564
vn -0.4046 0.1156 -0.9072
vn -0.6482 0.0904 -0.7561
vn -0.4652 0.1111 -0.8782
vn -0.7025 0.0821 -0.7069
vn -0.6922 0.1847 -0.6977
vn -0.6341 0.1670 -0.7550
vn -0.6922 0.1847 -0.6976
vn -0.6923 0.1847 -0.6976
vn -0.7071 0.1855 -0.6824
vn -0.7231 0.1866 -0.6651
vn -0.7405 0.1882 -0.6452
vn -0.7696 0.1904 -0.6094
vn -0.7550 0.1893 -0.6278
vn -0.7854 0.1922 -0.5884
vn -0.8117 0.1945 -0.5507
vn -0.7985 0.1932 -0.5701
vn -0.8259 0.1963 -0.5286
vn -0.8617 0.2007 -0.4661
vn -0.8492 0.1987 -0.4893
vn -0.8824 0.2033 -0.4243
vn -0.8721 0.2021 -0.4457
vn -0.8375 0.1975 -0.5095
vn -0.8931 0.2051 -0.4005
vn -0.9105 0.2078 -0.3575
vn -0.9019 0.2061 -0.3796
vn -0.9337 0.2118 -0.2888
vn -0.9267 0.2102 -0.3116
vn -0.9495 0.2145 -0.2289
vn -0.9408 0.2131 -0.2635
vn -0.9192 0.2094 -0.3334
vn -0.9570 0.2160 -0.1935
vn -0.9583 0.2040 -0.2001
vn -0.9646 0.2179 -0.1483
vn -0.9610 0.2168 -0.1715
vn -0.9726 0.2195 -0.0769
vn -0.9706 0.2189 -0.1002
vn -0.9750 0.2203 -0.0288
vn -0.9741 0.2199 -0.0525
vn -0.9680 0.2186 -0.1231
vn -0.9755 0.2202 -0.0006
vn -0.9755 0.2201 -0.0054
vn -0.9733 0.2193 0.0671
vn -0.9746 0.2198 0.0424
vn -0.9693 0.2185 0.1128
vn -0.9717 0.2186 0.0899
vn -0.9661 0.2180 0.1383
vn -0.9587 0.2168 0.1840
vn -0.9627 0.2172 0.1614
vn -0.9758 0.2185 -0.0079
vn -0.9538 0.2159 0.2090
vn -0.9365 0.2127 0.2789
vn -0.9431 0.2142 0.2544
vn -0.9487 0.2148 0.2321
vn -0.9225 0.2104 0.3237
vn -0.9298 0.2111 0.3016
vn -0.9141 0.2085 0.3478
vn -0.8971 0.2054 0.3912
vn -0.8666 0.2010 0.4568
vn -0.8766 0.2022 0.4367
vn -0.8866 0.2035 0.4153
vn -0.8545 0.1992 0.4798
vn -0.8314 0.1969 0.5196
vn -0.8429 0.1980 0.5003
vn -0.9057 0.2066 0.3700
vn -0.8177 0.1951 0.5416
vn -0.7761 0.1912 0.6009
vn -0.7917 0.1929 0.5797
vn -0.8046 0.1940 0.5612
vn -0.7473 0.1890 0.6370
vn -0.6982 0.1853 0.6915
vn -0.7116 0.1839 0.6781
vn -0.7141 0.1862 0.6748
vn -0.7304 0.1873 0.6568
vn -0.7617 0.1901 0.6194
vn -0.6917 0.1847 0.6981
vn -0.6646 0.1830 0.7244
vn -0.6461 0.1816 0.7413
vn -0.6099 0.1797 0.7718
vn -0.6281 0.1803 0.7569
vn -0.5897 0.1784 0.7877
vn -0.5306 0.1756 0.8293
vn -0.5519 0.1766 0.8150
vn -0.4908 0.1741 0.8537
vn -0.5107 0.1744 0.8419
vn -0.4683 0.1731 0.8664
vn -0.4035 0.1711 0.8988
vn -0.4268 0.1719 0.8878
vn -0.4475 0.1721 0.8775
vn -0.3602 0.1699 0.9173
vn -0.2913 0.1677 0.9418
vn -0.3136 0.1680 0.9346
vn -0.3357 0.1690 0.9267
vn -0.2663 0.1671 0.9493
vn -0.2213 0.1663 0.9609
vn -0.2439 0.1664 0.9554
vn -0.3818 0.1701 0.9085
vn -0.1500 0.1652 0.9748
vn -0.1728 0.1653 0.9710
vn -0.1039 0.1646 0.9809
vn -0.1272 0.1646 0.9781
vn -0.0780 0.1646 0.9833
vn -0.0274 0.1641 0.9861
vn -0.0239 0.1629 0.9863
vn -0.0516 0.1642 0.9851
vn -0.0000 0.1643 0.9864
vn 0.0176 0.1641 0.9863
vn 0.0422 0.1642 0.9855
vn 0.0683 0.1644 0.9840
vn 0.1398 0.1651 0.9763
vn 0.1138 0.1646 0.9798
vn 0.0912 0.1643 0.9822
vn -0.0046 0.1642 0.9864
vn -0.0066 0.1625 0.9867
vn -0.1958 0.1656 0.9666
vn -0.5708 0.1771 0.8017
vn 0.1856 0.1655 0.9686
vn 0.1628 0.1650 0.9728
vn 0.2112 0.1660 0.9632
vn 0.2565 0.1669 0.9520
vn 0.2338 0.1663 0.9580
vn 0.2815 0.1676 0.9448
vn 0.3502 0.1695 0.9212
vn 0.3258 0.1686 0.9303
vn 0.3931 0.1706 0.9035
vn 0.3715 0.1698 0.9128
vn 0.3036 0.1680 0.9379
vn 0.4173 0.1715 0.8924
vn 0.4598 0.1728 0.8710
vn 0.4386 0.1718 0.8821
vn 0.5218 0.1752 0.8349
vn 0.5022 0.1740 0.8471
vn 0.5432 0.1762 0.8209
vn 0.4825 0.1736 0.8585
vn 0.5814 0.1780 0.7939
vn 0.6381 0.1812 0.7483
vn 0.6201 0.1798 0.7636
vn 0.6019 0.1792 0.7782
vn 0.6750 0.1836 0.7146
vn 0.6673 0.1805 0.7226
vn 0.6570 0.1826 0.7315
vn 0.6804 0.1828 0.7097
vn 0.5624 0.1767 0.8078
vn 0.6841 0.1841 0.7057
vn 0.6920 0.1846 0.6979
vn 0.6886 0.1843 0.7013
vn -0.7967 0.0648 -0.6009
vn -0.8395 0.0536 -0.5407
vn -0.8183 0.0599 -0.5716
vn -0.7741 0.0696 -0.6293
vn -0.8591 0.0469 -0.5096
vn -0.8945 0.0386 -0.4455
vn -0.9103 0.0325 -0.4127
vn -0.9382 0.0226 -0.3454
vn -0.9611 0.0135 -0.2758
vn -0.9787 0.0050 -0.2054
vn -0.9705 0.0085 -0.2411
vn -0.9911 -0.0001 -0.1328
vn -0.9982 -0.0036 -0.0600
vn -0.9953 -0.0026 -0.0968
vn -0.9988 -0.0033 0.0486
vn -0.9925 -0.0001 0.1226
vn -0.9962 -0.0019 0.0865
vn -0.9997 -0.0042 -0.0251
vn -0.6277 0.0932 0.7728
vn -0.5690 0.1007 0.8161
vn -0.5078 0.1072 0.8548
vn -0.7514 0.0738 -0.6557
vn -0.9808 0.0048 0.1951
vn -0.9873 0.0023 0.1590
vn -0.9729 0.0081 0.2309
vn -0.9638 0.0122 0.2663
vn -0.9415 0.0219 0.3364
vn -0.9533 0.0167 0.3015
vn -0.9137 0.0330 0.4051
vn -0.9283 0.0273 0.3709
vn -0.8980 0.0384 0.4382
vn -0.8815 0.0436 0.4702
vn -0.8638 0.0486 0.5015
vn -0.8246 0.0582 0.5627
vn -0.8448 0.0535 0.5324
vn -0.7809 0.0676 0.6209
vn -0.7315 0.0772 0.6775
vn -0.7564 0.0727 0.6501
vn -0.8033 0.0630 0.5922
vn -0.6837 0.0851 0.7248
vn -0.4440 0.1127 0.8889
vn -0.3775 0.1175 0.9185
vn -0.3083 0.1223 0.9434
vn -0.0970 0.1311 0.9866
vn 0.1228 0.1306 0.9838
vn -0.2388 0.1264 0.9628
vn -0.1695 0.1293 0.9770
vn -0.0231 0.1321 0.9910
vn 0.0467 0.1318 0.9902
vn 0.3332 0.1205 0.9351
vn 0.5904 0.0981 0.8011
vn 0.6491 0.0906 0.7553
vn 0.5301 0.1050 0.8414
vn 0.1948 0.1284 0.9724
vn 0.2639 0.1250 0.9564
vn 0.4046 0.1156 0.9071
vn 0.4652 0.1110 0.8782
vn 0.7046 0.0825 0.7048
vn 0.0005 -1.0000 -0.0000
vn -0.6055 -0.1531 -0.7810
vn -0.4389 0.1845 0.8794
vn -0.0001 -1.0000 -0.0007
vn 0.0002 -1.0000 -0.0000
vn 0.8184 0.0584 0.5717
vn 0.9499 0.0168 0.3122
vn 0.9534 0.0160 -0.3014
vn 0.7804 0.0674 -0.6217
vn -0.8775 0.0425 -0.4778
vn -0.9242 0.0273 -0.3810
vn -0.9498 0.0177 -0.3124
vn -0.9854 0.0023 -0.1700
vn -0.9999 -0.0044 0.0103
vt 0.176921 0.166669
vt 0.191665 0.181530
vt 0.176921 0.181530
vt 0.206408 0.181530
vt 0.206408 0.211252
vt 0.176921 0.211252
vt 0.147434 0.181530
vt 0.147434 0.211252
vt 0.117947 0.181530
vt 0.117947 0.211252
vt 0.088461 0.181530
vt 0.088461 0.211252
vt 0.235895 0.226113
vt 0.250638 0.240974
vt 0.235895 0.240974
vt 0.235895 0.211252
vt 0.250638 0.226113
vt 0.265382 0.240974
vt 0.206408 0.240974
vt 0.176921 0.240974
vt 0.147434 0.240974
vt 0.117947 0.240974
vt 0.088461 0.240974
vt 0.058974 0.226113
vt 0.058974 0.211252
vt 0.058974 0.240974
vt 0.029487 0.226113
vt 0.044230 0.240974
vt 0.029487 0.240974
vt 0.044230 0.211252
vt 0.044230 0.226113
vt 0.265382 0.255835
vt 0.280125 0.270696
vt 0.265382 0.270696
vt 0.235895 0.270696
vt 0.206408 0.270696
vt 0.176921 0.270696
vt 0.147434 0.270696
vt 0.117947 0.270696
vt 0.088461 0.270696
vt 0.058974 0.270696
vt 0.029487 0.255835
vt 0.029487 0.270696
vt 0.014743 0.255835
vt 0.014743 0.270696
vt 0.265382 0.285557
vt 0.280125 0.300418
vt 0.265382 0.300418
vt 0.280125 0.285557
vt 0.235895 0.300418
vt 0.206408 0.300418
vt 0.176921 0.300418
vt 0.147434 0.300418
vt 0.117947 0.300418
vt 0.088461 0.300418
vt 0.058974 0.300418
vt 0.029487 0.285557
vt 0.029487 0.300418
vt 0.014743 0.285557
vt 0.014743 0.300418
vt 0.265382 0.315279
vt 0.280125 0.330140
vt 0.265382 0.330140
vt 0.280125 0.315279
vt 0.235895 0.330140
vt 0.206408 0.330140
vt 0.176921 0.330140
vt 0.147434 0.330140
vt 0.117947 0.330140
vt 0.088461 0.330140
vt 0.058974 0.330140
vt 0.029487 0.315279
vt 0.029487 0.330140
vt 0.014743 0.315279
vt 0.014743 0.330140
vt 0.280125 0.345001
vt 0.265382 0.345001
vt 0.265382 0.359862
vt 0.250638 0.359862
vt 0.235895 0.359862
vt 0.206408 0.359862
vt 0.176921 0.359862
vt 0.147434 0.359862
vt 0.117947 0.359862
vt 0.088461 0.359862
vt 0.058974 0.359862
vt 0.044230 0.359862
vt 0.029487 0.359862
vt 0.029487 0.345001
vt 0.014743 0.345001
vt 0.235895 0.374723
vt 0.250638 0.389584
vt 0.235895 0.389584
vt 0.250638 0.374723
vt 0.265382 0.374723
vt 0.206408 0.389584
vt 0.176921 0.389584
vt 0.147434 0.389584
vt 0.117947 0.389584
vt 0.088461 0.389584
vt 0.058974 0.374723
vt 0.058974 0.389584
vt 0.044230 0.374723
vt 0.029487 0.374723
vt 0.044230 0.389584
vt 0.206408 0.419306
vt 0.176921 0.419306
vt 0.147434 0.419306
vt 0.117947 0.419306
vt 0.103204 0.419306
vt 0.088461 0.419306
vt 0.117947 0.434167
vt 0.103204 0.434167
vt 0.241471 0.189694
vt 0.249240 0.196906
vt 0.233193 0.183079
vt 0.224457 0.177090
vt 0.250638 0.211252
vt 0.256467 0.204665
vt 0.263104 0.212940
vt 0.266192 0.217256
vt 0.259861 0.208741
vt 0.191665 0.166669
vt 0.185890 0.159968
vt 0.195976 0.163167
vt 0.206202 0.167283
vt 0.165267 0.155835
vt 0.175787 0.157553
vt 0.215016 0.171599
vt 0.269121 0.221682
vt 0.265382 0.226113
vt 0.286420 0.260321
vt 0.280125 0.255835
vt 0.284885 0.255236
vt 0.283166 0.250209
vt 0.281264 0.245250
vt 0.287772 0.265461
vt 0.291718 0.291703
vt 0.291308 0.286406
vt 0.290707 0.281124
vt 0.289917 0.275869
vt 0.288938 0.270646
vt 0.291937 0.297015
vt 0.274645 0.231131
vt 0.276994 0.235708
vt 0.271971 0.226354
vt 0.279181 0.240365
vt 0.291962 0.302330
vt 0.133351 0.155415
vt 0.144048 0.154761
vt 0.122791 0.156856
vt 0.112658 0.158999
vt 0.154223 0.154882
vt 0.102493 0.161931
vt 0.092568 0.165604
vt 0.064766 0.180853
vt 0.082940 0.170002
vt 0.056320 0.187245
vt 0.073657 0.175095
vt 0.048361 0.194247
vt 0.041195 0.201528
vt 0.037558 0.205650
vt 0.030882 0.214141
vt 0.034081 0.209909
vt 0.027839 0.218487
vt 0.024955 0.222944
vt 0.019680 0.232157
vt 0.022234 0.227503
vt 0.015085 0.241729
vt 0.017296 0.236901
vt 0.013052 0.246636
vt 0.008050 0.261760
vt 0.011202 0.251615
vt 0.009534 0.256659
vt 0.006751 0.266913
vt 0.005638 0.272109
vt 0.003974 0.282605
vt 0.004711 0.277342
vt 0.003426 0.287893
vt 0.003059 0.293415
vt 0.002901 0.298951
vt 0.291797 0.307641
vt 0.291442 0.312944
vt 0.290896 0.318231
vt 0.290159 0.323494
vt 0.289234 0.328728
vt 0.288120 0.333924
vt 0.286820 0.339076
vt 0.283671 0.349223
vt 0.285339 0.344180
vt 0.281818 0.354201
vt 0.277764 0.363534
vt 0.279873 0.358903
vt 0.275291 0.368483
vt 0.272633 0.373334
vt 0.263988 0.386696
vt 0.269913 0.377893
vt 0.267030 0.382349
vt 0.246508 0.406588
vt 0.260791 0.390929
vt 0.257314 0.395188
vt 0.253676 0.399310
vt 0.238549 0.413590
vt 0.230101 0.419985
vt 0.221213 0.425742
vt 0.211931 0.430835
vt 0.202736 0.435053
vt 0.161377 0.445436
vt 0.192377 0.438903
vt 0.182212 0.441836
vt 0.172079 0.443980
vt 0.150822 0.446076
vt 0.140647 0.445955
vt 0.129603 0.445001
vt 0.003152 0.309133
vt 0.004951 0.324968
vt 0.013610 0.355586
vt 0.020220 0.369707
vt 0.022894 0.374485
vt 0.028675 0.383582
vt 0.025745 0.379159
vt 0.017874 0.365130
vt 0.015691 0.360472
vt 0.005929 0.330192
vt 0.004161 0.319713
vt 0.003562 0.314433
vt 0.002939 0.304044
vt 0.011707 0.350627
vt 0.009986 0.345601
vt 0.008448 0.340515
vt 0.007095 0.335377
vt 0.088667 0.433553
vt 0.079854 0.429237
vt 0.061676 0.417758
vt 0.119083 0.443284
vt 0.108978 0.440868
vt 0.098893 0.437669
vt 0.035010 0.392094
vt 0.038405 0.396168
vt 0.045629 0.403932
vt 0.031765 0.387896
vt 0.053399 0.411141
vt 0.070413 0.423747
vt 0.495090 0.044453
vt 0.473006 0.022227
vt 0.473006 0.044453
vt 0.517174 0.044453
vt 0.495090 0.022227
vt 0.450922 0.044453
vt 0.428838 0.022227
vt 0.428838 0.044453
vt 0.450922 0.022227
vt 0.406754 0.022227
vt 0.384670 0.044453
vt 0.406754 0.044453
vt 0.539258 0.088906
vt 0.517174 0.066680
vt 0.517174 0.088906
vt 0.539258 0.066680
vt 0.561342 0.088906
vt 0.473006 0.088906
vt 0.428838 0.088906
vt 0.384670 0.066680
vt 0.384670 0.088906
vt 0.362586 0.088906
vt 0.340501 0.066680
vt 0.340501 0.088906
vt 0.362586 0.044453
vt 0.362586 0.066680
vt 0.583426 0.133359
vt 0.561342 0.111133
vt 0.561342 0.133359
vt 0.583426 0.111133
vt 0.517174 0.133359
vt 0.473006 0.133359
vt 0.428838 0.133359
vt 0.384670 0.133359
vt 0.340501 0.111133
vt 0.340501 0.133359
vt 0.318417 0.088906
vt 0.318417 0.111133
vt 0.318417 0.133359
vt 0.583426 0.177813
vt 0.561342 0.155586
vt 0.561342 0.177813
vt 0.583426 0.155586
vt 0.517174 0.177813
vt 0.473006 0.177813
vt 0.428838 0.177813
vt 0.384670 0.177813
vt 0.340501 0.155586
vt 0.340501 0.177813
vt 0.318417 0.155586
vt 0.318417 0.177813
vt 0.583426 0.222266
vt 0.561342 0.200039
vt 0.561342 0.222266
vt 0.583426 0.200039
vt 0.539258 0.222266
vt 0.517174 0.222266
vt 0.473006 0.222266
vt 0.428838 0.222266
vt 0.384670 0.222266
vt 0.362586 0.222266
vt 0.340501 0.200039
vt 0.340501 0.222266
vt 0.318417 0.200039
vt 0.318417 0.222266
vt 0.539258 0.266719
vt 0.517174 0.244492
vt 0.517174 0.266719
vt 0.539258 0.244492
vt 0.561342 0.244492
vt 0.495090 0.266719
vt 0.473006 0.266719
vt 0.450922 0.266719
vt 0.428838 0.266719
vt 0.406754 0.266719
vt 0.384670 0.244492
vt 0.384670 0.266719
vt 0.362586 0.244492
vt 0.340501 0.244492
vt 0.362586 0.266719
vt 0.495090 0.288946
vt 0.473006 0.288946
vt 0.450922 0.288946
vt 0.428838 0.288946
vt 0.406754 0.288946
vt 0.530470 0.022158
vt 0.522372 0.017598
vt 0.514016 0.013533
vt 0.538283 0.027197
vt 0.559722 0.045007
vt 0.539258 0.044453
vt 0.545782 0.032696
vt 0.566202 0.051861
vt 0.561342 0.066680
vt 0.478625 0.002519
vt 0.469446 0.001120
vt 0.460201 0.000278
vt 0.487704 0.004466
vt 0.505432 0.009981
vt 0.496651 0.006956
vt 0.450922 0.000000
vt 0.583426 0.088906
vt 0.595367 0.100079
vt 0.591753 0.091349
vt 0.582976 0.074632
vt 0.587617 0.082857
vt 0.604373 0.136718
vt 0.602952 0.127369
vt 0.600974 0.118123
vt 0.598443 0.109015
vt 0.605227 0.146136
vt 0.577847 0.066704
vt 0.572250 0.059104
vt 0.605510 0.155588
vt 0.441643 0.000278
vt 0.432398 0.001120
vt 0.423219 0.002519
vt 0.414140 0.004466
vt 0.396412 0.009981
vt 0.405193 0.006956
vt 0.387828 0.013533
vt 0.379472 0.017598
vt 0.371373 0.022158
vt 0.363560 0.027197
vt 0.356061 0.032696
vt 0.342122 0.045007
vt 0.348905 0.038639
vt 0.335641 0.051862
vt 0.329593 0.059104
vt 0.323996 0.066704
vt 0.318868 0.074631
vt 0.306477 0.100079
vt 0.314227 0.082856
vt 0.310091 0.091349
vt 0.303401 0.109015
vt 0.300870 0.118123
vt 0.296616 0.146135
vt 0.298891 0.127369
vt 0.297471 0.136717
vt 0.296333 0.155588
vt 0.605281 0.164074
vt 0.604593 0.172536
vt 0.603449 0.180947
vt 0.597176 0.206063
vt 0.599806 0.197520
vt 0.590461 0.222618
vt 0.594056 0.214438
vt 0.586405 0.230576
vt 0.581902 0.238288
vt 0.576968 0.245729
vt 0.559722 0.266165
vt 0.571617 0.252872
vt 0.565863 0.259693
vt 0.538283 0.283975
vt 0.552937 0.272533
vt 0.545901 0.278382
vt 0.530470 0.289015
vt 0.522372 0.293576
vt 0.514016 0.297640
vt 0.505432 0.301191
vt 0.487703 0.306705
vt 0.460201 0.310895
vt 0.496650 0.304215
vt 0.478624 0.308654
vt 0.469446 0.310053
vt 0.450922 0.311172
vt 0.307791 0.214437
vt 0.319938 0.238291
vt 0.299992 0.189283
vt 0.335985 0.259691
vt 0.330230 0.252871
vt 0.324876 0.245730
vt 0.342122 0.266165
vt 0.315436 0.230579
vt 0.297251 0.172536
vt 0.298395 0.180947
vt 0.296563 0.164074
vt 0.311382 0.222618
vt 0.302038 0.197520
vt 0.414140 0.306706
vt 0.405193 0.304216
vt 0.396411 0.301191
vt 0.387828 0.297639
vt 0.432397 0.310052
vt 0.441643 0.310894
vt 0.423219 0.308653
vt 0.356061 0.278476
vt 0.348905 0.272534
vt 0.363560 0.283975
vt 0.371373 0.289014
vt 0.379472 0.293574
vt 0.009551 0.097120
vt 0.004775 0.096263
vt 0.004775 0.097120
vt 0.009551 0.097936
vt 0.004775 0.098753
vt 0.009551 0.098753
vt 0.004775 0.097936
vt 0.009551 0.099563
vt 0.004775 0.100373
vt 0.009551 0.100373
vt 0.004775 0.099563
vt 0.004775 0.101184
vt 0.009551 0.101184
vt 0.019101 0.097120
vt 0.019101 0.098753
vt 0.019101 0.100373
vt 0.028652 0.097120
vt 0.028652 0.098753
vt 0.028652 0.100373
vt 0.038203 0.098753
vt 0.038203 0.100373
vt 0.047754 0.098753
vt 0.038203 0.097120
vt 0.047754 0.100373
vt 0.057304 0.097120
vt 0.057304 0.098753
vt 0.057304 0.100373
vt 0.066856 0.097120
vt 0.066856 0.098753
vt 0.066856 0.100373
vt 0.076407 0.098753
vt 0.076407 0.100373
vt 0.085958 0.097120
vt 0.085958 0.098753
vt 0.085958 0.100373
vt 0.095509 0.098753
vt 0.095509 0.100373
vt 0.105060 0.098753
vt 0.095509 0.097120
vt 0.105060 0.100373
vt 0.114612 0.097936
vt 0.114612 0.098753
vt 0.105060 0.097120
vt 0.114612 0.097120
vt 0.114612 0.099563
vt 0.114612 0.100373
vt 0.119387 0.097120
vt 0.114612 0.096263
vt 0.121775 0.096263
vt 0.119387 0.095835
vt 0.119387 0.096263
vt 0.119387 0.098753
vt 0.119387 0.097936
vt 0.119387 0.099563
vt 0.119387 0.100373
vt 0.119387 0.101184
vt 0.114612 0.101184
vt 0.003069 0.095406
vt 0.000000 0.095406
vt 0.006975 0.095406
vt 0.009551 0.096263
vt 0.014787 0.095406
vt 0.010882 0.095406
vt 0.018693 0.095406
vt 0.000000 0.097053
vt 0.022599 0.095406
vt 0.034318 0.095406
vt 0.030412 0.095406
vt 0.038224 0.095406
vt 0.026505 0.095406
vt 0.046036 0.095406
vt 0.042130 0.095406
vt 0.047754 0.097120
vt 0.049943 0.095406
vt 0.057754 0.095406
vt 0.053849 0.095406
vt 0.061660 0.095406
vt 0.000000 0.098700
vt 0.000000 0.100347
vt 0.000000 0.101994
vt 0.009551 0.101994
vt 0.019101 0.101994
vt 0.028652 0.101994
vt 0.038203 0.101994
vt 0.057304 0.101994
vt 0.047754 0.101994
vt 0.073381 0.095406
vt 0.069474 0.095406
vt 0.076407 0.097120
vt 0.077288 0.095406
vt 0.081193 0.095406
vt 0.085099 0.095406
vt 0.089005 0.095406
vt 0.092911 0.095406
vt 0.096817 0.095406
vt 0.100724 0.095406
vt 0.104631 0.095406
vt 0.065567 0.095406
vt 0.112443 0.095406
vt 0.108537 0.095406
vt 0.116350 0.095406
vt 0.120256 0.095406
vt 0.121775 0.095835
vt 0.122209 0.095406
vt 0.123185 0.095406
vt 0.124163 0.095406
vt 0.124163 0.097053
vt 0.066856 0.101994
vt 0.076407 0.101994
vt 0.085958 0.101994
vt 0.095509 0.101994
vt 0.124163 0.098700
vt 0.124163 0.100347
vt 0.105060 0.101994
vt 0.124163 0.101994
vt 0.618671 0.009682
vt 0.619548 0.004841
vt 0.618671 0.004841
vt 0.617006 0.009682
vt 0.617839 0.004841
vt 0.617006 0.004841
vt 0.617839 0.009682
vt 0.615353 0.009682
vt 0.616179 0.004841
vt 0.615353 0.004841
vt 0.616179 0.009682
vt 0.614526 0.004841
vt 0.614526 0.009682
vt 0.618671 0.019364
vt 0.617006 0.019364
vt 0.615353 0.019364
vt 0.618671 0.029044
vt 0.617006 0.029044
vt 0.615353 0.029044
vt 0.618671 0.038725
vt 0.617006 0.038725
vt 0.615353 0.038725
vt 0.618671 0.048405
vt 0.617006 0.048405
vt 0.615353 0.048405
vt 0.618671 0.058086
vt 0.617006 0.058086
vt 0.615353 0.058086
vt 0.618671 0.067766
vt 0.617006 0.067766
vt 0.615353 0.067766
vt 0.618671 0.077446
vt 0.617006 0.077446
vt 0.615353 0.077446
vt 0.618671 0.087125
vt 0.617006 0.087125
vt 0.615353 0.087125
vt 0.618671 0.096803
vt 0.617006 0.096803
vt 0.615353 0.096803
vt 0.618671 0.106482
vt 0.617006 0.106482
vt 0.615353 0.106482
vt 0.617839 0.116160
vt 0.617006 0.116160
vt 0.618671 0.116160
vt 0.616179 0.116160
vt 0.615353 0.116160
vt 0.619548 0.121000
vt 0.618671 0.121000
vt 0.617839 0.121000
vt 0.617006 0.121000
vt 0.616179 0.121000
vt 0.615353 0.121000
vt 0.614526 0.116160
vt 0.614526 0.121000
vt 0.620424 0.006979
vt 0.620424 0.000000
vt 0.619548 0.009682
vt 0.620424 0.014792
vt 0.620424 0.010885
vt 0.620424 0.018699
vt 0.618743 0.000000
vt 0.620424 0.022606
vt 0.620424 0.026512
vt 0.620424 0.030419
vt 0.620424 0.034325
vt 0.620424 0.038231
vt 0.620424 0.042137
vt 0.620424 0.046044
vt 0.620424 0.049951
vt 0.620424 0.053857
vt 0.620424 0.057764
vt 0.620424 0.061671
vt 0.617062 0.000000
vt 0.615381 0.000000
vt 0.613699 0.000000
vt 0.613699 0.009682
vt 0.613699 0.019364
vt 0.613699 0.038725
vt 0.613699 0.048405
vt 0.613699 0.058086
vt 0.620424 0.069483
vt 0.620424 0.065578
vt 0.620424 0.073389
vt 0.620424 0.081203
vt 0.620424 0.077296
vt 0.620424 0.085108
vt 0.620424 0.092918
vt 0.620424 0.096824
vt 0.620424 0.089013
vt 0.620424 0.100730
vt 0.619548 0.116160
vt 0.620424 0.112447
vt 0.620424 0.108542
vt 0.620424 0.116353
vt 0.620424 0.104636
vt 0.620424 0.120259
vt 0.620424 0.124165
vt 0.618743 0.125839
vt 0.620424 0.125839
vt 0.613699 0.067766
vt 0.613699 0.077446
vt 0.613699 0.087125
vt 0.613699 0.096803
vt 0.613699 0.106482
vt 0.617062 0.125839
vt 0.615381 0.125839
vt 0.613699 0.116160
vt 0.613699 0.125839
vt 0.009551 0.134721
vt 0.004775 0.133864
vt 0.004775 0.134721
vt 0.009551 0.136354
vt 0.004775 0.135537
vt 0.004775 0.136354
vt 0.009551 0.135537
vt 0.009551 0.137164
vt 0.004775 0.137974
vt 0.009551 0.137974
vt 0.004775 0.137164
vt 0.004775 0.138785
vt 0.009551 0.138785
vt 0.019101 0.134721
vt 0.019101 0.136354
vt 0.019101 0.137974
vt 0.028652 0.134721
vt 0.028652 0.136354
vt 0.028652 0.137974
vt 0.038203 0.136354
vt 0.038203 0.137974
vt 0.047754 0.136354
vt 0.038203 0.134721
vt 0.047754 0.137974
vt 0.057304 0.136354
vt 0.047754 0.134721
vt 0.057304 0.137974
vt 0.066856 0.134721
vt 0.066856 0.136354
vt 0.066856 0.137974
vt 0.076407 0.136354
vt 0.076407 0.137974
vt 0.085958 0.136354
vt 0.076407 0.134721
vt 0.085958 0.137974
vt 0.095509 0.136354
vt 0.085958 0.134721
vt 0.095509 0.137974
vt 0.105060 0.136354
vt 0.095509 0.134721
vt 0.105060 0.137974
vt 0.114612 0.135537
vt 0.114612 0.136354
vt 0.105060 0.134721
vt 0.114612 0.134721
vt 0.114612 0.137164
vt 0.114612 0.137974
vt 0.119387 0.134721
vt 0.114612 0.133864
vt 0.121775 0.133864
vt 0.119387 0.133436
vt 0.119387 0.133864
vt 0.122969 0.133436
vt 0.121775 0.133222
vt 0.121775 0.133436
vt 0.123566 0.133114
vt 0.122969 0.133222
vt 0.123566 0.133222
vt 0.123864 0.133061
vt 0.123864 0.133114
vt 0.124013 0.133061
vt 0.123864 0.133034
vt 0.124088 0.133021
vt 0.124013 0.133034
vt 0.124088 0.133034
vt 0.124125 0.133014
vt 0.124125 0.133021
vt 0.124144 0.133011
vt 0.124144 0.133014
vt 0.124153 0.133011
vt 0.124144 0.133009
vt 0.124158 0.133009
vt 0.124153 0.133008
vt 0.124153 0.133009
vt 0.119387 0.136354
vt 0.119387 0.135537
vt 0.119387 0.137974
vt 0.119387 0.137164
vt 0.119387 0.138785
vt 0.114612 0.138785
vt 0.006973 0.133007
vt 0.000000 0.133007
vt 0.009551 0.133864
vt 0.010881 0.133007
vt 0.018693 0.133007
vt 0.014788 0.133007
vt 0.026505 0.133007
vt 0.022599 0.133007
vt 0.000000 0.134654
vt 0.034318 0.133007
vt 0.030412 0.133007
vt 0.038224 0.133007
vt 0.046035 0.133007
vt 0.042129 0.133007
vt 0.053848 0.133007
vt 0.049941 0.133007
vt 0.057754 0.133007
vt 0.057304 0.134721
vt 0.065567 0.133007
vt 0.061660 0.133007
vt 0.069474 0.133007
vt 0.073381 0.133007
vt 0.081193 0.133007
vt 0.077288 0.133007
vt 0.085099 0.133007
vt 0.000000 0.136301
vt 0.000000 0.137948
vt 0.009551 0.139595
vt 0.000000 0.139595
vt 0.019101 0.139595
vt 0.028652 0.139595
vt 0.047754 0.139595
vt 0.057304 0.139595
vt 0.066856 0.139595
vt 0.076407 0.139595
vt 0.085958 0.139595
vt 0.089004 0.133007
vt 0.092910 0.133007
vt 0.096817 0.133007
vt 0.104631 0.133007
vt 0.100724 0.133007
vt 0.112442 0.133007
vt 0.108537 0.133007
vt 0.120256 0.133007
vt 0.116350 0.133007
vt 0.123566 0.133061
vt 0.124013 0.133021
vt 0.124088 0.133014
vt 0.122969 0.133114
vt 0.124162 0.133007
vt 0.124125 0.133011
vt 0.124158 0.133008
vt 0.124163 0.133007
vt 0.124163 0.134654
vt 0.095509 0.139595
vt 0.105060 0.139595
vt 0.114612 0.139595
vt 0.124163 0.136301
vt 0.124163 0.137948
vt 0.124163 0.139595
vt 0.009153 0.040126
vt 0.004577 0.039253
vt 0.004577 0.040126
vt 0.009153 0.041784
vt 0.004577 0.040955
vt 0.004577 0.041784
vt 0.009153 0.040955
vt 0.009153 0.042608
vt 0.004577 0.043431
vt 0.009153 0.043431
vt 0.004577 0.042608
vt 0.009153 0.044255
vt 0.004577 0.044255
vt 0.018307 0.040126
vt 0.018307 0.041784
vt 0.018307 0.043431
vt 0.027461 0.040126
vt 0.027461 0.041784
vt 0.027461 0.043431
vt 0.036615 0.041784
vt 0.036615 0.043431
vt 0.045769 0.041784
vt 0.036615 0.040126
vt 0.045769 0.043431
vt 0.054923 0.041784
vt 0.045769 0.040126
vt 0.054923 0.043431
vt 0.064078 0.041784
vt 0.054923 0.040126
vt 0.064078 0.043431
vt 0.073233 0.040955
vt 0.073233 0.041784
vt 0.064078 0.040126
vt 0.073233 0.040126
vt 0.073233 0.042608
vt 0.073233 0.043431
vt 0.077811 0.040126
vt 0.073233 0.039253
vt 0.077811 0.041784
vt 0.077811 0.040955
vt 0.077811 0.042608
vt 0.077811 0.043431
vt 0.077811 0.044255
vt 0.073233 0.044255
vt 0.003906 0.038381
vt 0.000000 0.038381
vt 0.007810 0.038381
vt 0.009153 0.039253
vt 0.000000 0.040055
vt 0.011717 0.038381
vt 0.015623 0.038381
vt 0.023436 0.038381
vt 0.019529 0.038381
vt 0.027342 0.038381
vt 0.031249 0.038381
vt 0.000000 0.041729
vt 0.000000 0.043404
vt 0.000000 0.045078
vt 0.009153 0.045078
vt 0.027461 0.045078
vt 0.036615 0.045078
vt 0.018307 0.045078
vt 0.045769 0.045078
vt 0.039060 0.038381
vt 0.035154 0.038381
vt 0.042966 0.038381
vt 0.050778 0.038381
vt 0.046872 0.038381
vt 0.054685 0.038381
vt 0.058591 0.038381
vt 0.070310 0.038381
vt 0.066404 0.038381
vt 0.074217 0.038381
vt 0.077811 0.039253
vt 0.078124 0.038381
vt 0.082388 0.040055
vt 0.082388 0.038381
vt 0.062498 0.038381
vt 0.054923 0.045078
vt 0.064078 0.045078
vt 0.082388 0.045078
vt 0.082388 0.041729
vt 0.082388 0.043404
vt 0.008690 0.001753
vt 0.004345 0.000876
vt 0.004345 0.001753
vt 0.008690 0.002585
vt 0.004345 0.003418
vt 0.008690 0.003418
vt 0.004345 0.002585
vt 0.008690 0.004245
vt 0.004345 0.005071
vt 0.008690 0.005071
vt 0.004345 0.004245
vt 0.004345 0.005898
vt 0.008690 0.005898
vt 0.017379 0.001753
vt 0.017379 0.003418
vt 0.017379 0.005071
vt 0.026069 0.001753
vt 0.026069 0.003418
vt 0.026069 0.005071
vt 0.034758 0.002585
vt 0.034758 0.003418
vt 0.034758 0.001753
vt 0.034758 0.004245
vt 0.034758 0.005071
vt 0.039102 0.000876
vt 0.039102 0.001753
vt 0.039102 0.002585
vt 0.039102 0.003418
vt 0.039102 0.005071
vt 0.039102 0.004245
vt 0.034758 0.005898
vt 0.039102 0.005898
vt 0.003696 0.000000
vt 0.000000 0.000000
vt 0.007393 0.000000
vt 0.000000 0.001681
vt 0.008690 0.000876
vt 0.014787 0.000000
vt 0.011089 0.000000
vt 0.018693 0.000000
vt 0.000000 0.003362
vt 0.000000 0.005043
vt 0.000000 0.006725
vt 0.008690 0.006725
vt 0.017379 0.006725
vt 0.026069 0.006725
vt 0.022599 0.000000
vt 0.026505 0.000000
vt 0.030412 0.000000
vt 0.034758 0.000876
vt 0.033671 0.000000
vt 0.036930 0.000000
vt 0.040189 0.000000
vt 0.043447 0.000000
vt 0.043447 0.001681
vt 0.043447 0.006725
vt 0.043447 0.003362
vt 0.043447 0.005043
vt 0.009155 0.058366
vt 0.004577 0.059238
vt 0.009155 0.059238
vt 0.009155 0.060068
vt 0.004577 0.060897
vt 0.009155 0.060897
vt 0.004577 0.060068
vt 0.009155 0.061720
vt 0.004577 0.062544
vt 0.009155 0.062544
vt 0.004577 0.061720
vt 0.009155 0.063367
vt 0.004577 0.063367
vt 0.018310 0.059238
vt 0.018310 0.060897
vt 0.018310 0.062544
vt 0.027465 0.059238
vt 0.027465 0.060897
vt 0.027465 0.062544
vt 0.036619 0.059238
vt 0.036619 0.060897
vt 0.036619 0.062544
vt 0.045773 0.059238
vt 0.045773 0.060897
vt 0.045773 0.062544
vt 0.054927 0.059238
vt 0.054927 0.060897
vt 0.054927 0.062544
vt 0.064081 0.059238
vt 0.064081 0.060897
vt 0.064081 0.062544
vt 0.073235 0.060068
vt 0.073235 0.060897
vt 0.073235 0.059238
vt 0.073235 0.061720
vt 0.073235 0.062544
vt 0.077812 0.058366
vt 0.077812 0.059238
vt 0.077812 0.060068
vt 0.077812 0.060897
vt 0.077812 0.061720
vt 0.077812 0.062544
vt 0.073235 0.063367
vt 0.077812 0.063367
vt 0.004577 0.058366
vt 0.002588 0.057493
vt 0.000000 0.057493
vt 0.006495 0.057493
vt 0.010401 0.057493
vt 0.000000 0.059168
vt 0.014308 0.057493
vt 0.018214 0.057493
vt 0.026028 0.057493
vt 0.022121 0.057493
vt 0.033841 0.057493
vt 0.029934 0.057493
vt 0.037747 0.057493
vt 0.000000 0.060842
vt 0.000000 0.062516
vt 0.000000 0.064191
vt 0.009155 0.064191
vt 0.018310 0.064191
vt 0.027465 0.064191
vt 0.036619 0.064191
vt 0.045773 0.064191
vt 0.041654 0.057493
vt 0.045560 0.057493
vt 0.053372 0.057493
vt 0.049466 0.057493
vt 0.061185 0.057493
vt 0.065091 0.057493
vt 0.057279 0.057493
vt 0.073235 0.058366
vt 0.068997 0.057493
vt 0.076809 0.057493
vt 0.072903 0.057493
vt 0.082389 0.059168
vt 0.082389 0.057493
vt 0.080713 0.057493
vt 0.054927 0.064191
vt 0.064081 0.064191
vt 0.073235 0.064191
vt 0.082389 0.060842
vt 0.082389 0.062516
vt 0.082389 0.064191
vt 0.009551 0.077463
vt 0.004776 0.078320
vt 0.009551 0.078320
vt 0.004776 0.077034
vt 0.002388 0.077463
vt 0.004776 0.077463
vt 0.002388 0.077034
vt 0.001194 0.076820
vt 0.001194 0.077034
vt 0.001194 0.076713
vt 0.000597 0.076820
vt 0.009551 0.079952
vt 0.004776 0.079136
vt 0.004776 0.079952
vt 0.009551 0.079136
vt 0.009551 0.081573
vt 0.004776 0.080762
vt 0.004776 0.081573
vt 0.009551 0.080762
vt 0.004776 0.082383
vt 0.009551 0.082383
vt 0.018946 0.078320
vt 0.018946 0.079952
vt 0.018946 0.081573
vt 0.028654 0.078320
vt 0.028654 0.079952
vt 0.028654 0.081573
vt 0.038205 0.078320
vt 0.038205 0.079952
vt 0.038205 0.081573
vt 0.047756 0.079952
vt 0.047756 0.081573
vt 0.057307 0.078320
vt 0.057307 0.079952
vt 0.057307 0.081573
vt 0.066858 0.078320
vt 0.066858 0.079952
vt 0.066858 0.081573
vt 0.076410 0.078320
vt 0.076410 0.079952
vt 0.076410 0.081573
vt 0.085960 0.078320
vt 0.085960 0.079952
vt 0.085960 0.081573
vt 0.095511 0.079952
vt 0.095511 0.081573
vt 0.105062 0.078320
vt 0.105062 0.079952
vt 0.105062 0.081573
vt 0.114612 0.079136
vt 0.114612 0.079952
vt 0.114612 0.078320
vt 0.114612 0.080762
vt 0.114612 0.081573
vt 0.119387 0.078320
vt 0.114612 0.077463
vt 0.121775 0.077034
vt 0.119387 0.077463
vt 0.121775 0.077463
vt 0.119387 0.079952
vt 0.119387 0.079136
vt 0.119387 0.080762
vt 0.119387 0.081573
vt 0.114612 0.082383
vt 0.119387 0.082383
vt 0.000597 0.076713
vt 0.000277 0.076606
vt 0.000000 0.076606
vt 0.001255 0.076606
vt 0.002231 0.076606
vt 0.002388 0.076820
vt 0.000000 0.078253
vt 0.006138 0.076606
vt 0.010043 0.076606
vt 0.017856 0.076606
vt 0.013950 0.076606
vt 0.025669 0.076606
vt 0.021763 0.076606
vt 0.033482 0.076606
vt 0.029575 0.076606
vt 0.037388 0.076606
vt 0.045201 0.076606
vt 0.041295 0.076606
vt 0.047756 0.078320
vt 0.053013 0.076606
vt 0.049108 0.076606
vt 0.000000 0.079900
vt 0.000000 0.081547
vt 0.000000 0.083194
vt 0.009551 0.083194
vt 0.038205 0.083194
vt 0.028654 0.083194
vt 0.018946 0.083194
vt 0.047756 0.083194
vt 0.057307 0.083194
vt 0.056919 0.076606
vt 0.064733 0.076606
vt 0.060826 0.076606
vt 0.068639 0.076606
vt 0.076452 0.076606
vt 0.072545 0.076606
vt 0.080358 0.076606
vt 0.084264 0.076606
vt 0.092076 0.076606
vt 0.088169 0.076606
vt 0.095511 0.078320
vt 0.095983 0.076606
vt 0.103794 0.076606
vt 0.099889 0.076606
vt 0.107700 0.076606
vt 0.115514 0.076606
vt 0.111607 0.076606
vt 0.119419 0.076606
vt 0.123325 0.076606
vt 0.119387 0.077034
vt 0.124163 0.076606
vt 0.124163 0.078253
vt 0.066858 0.083194
vt 0.076410 0.083194
vt 0.085960 0.083194
vt 0.105062 0.083194
vt 0.095511 0.083194
vt 0.124163 0.079900
vt 0.124163 0.081547
vt 0.114612 0.083194
vt 0.124163 0.083194
vt 0.008689 0.020067
vt 0.004344 0.020943
vt 0.008689 0.020943
vt 0.008689 0.022608
vt 0.004344 0.021776
vt 0.004344 0.022608
vt 0.008689 0.021776
vt 0.008689 0.024262
vt 0.004344 0.023435
vt 0.004344 0.024262
vt 0.008689 0.023435
vt 0.008689 0.025088
vt 0.004344 0.025088
vt 0.017378 0.020943
vt 0.017378 0.022608
vt 0.017378 0.024262
vt 0.026068 0.022608
vt 0.026068 0.024262
vt 0.034758 0.021776
vt 0.034758 0.022608
vt 0.026068 0.020943
vt 0.034758 0.020943
vt 0.034758 0.023435
vt 0.034758 0.024262
vt 0.039102 0.020943
vt 0.034758 0.020067
vt 0.041275 0.019629
vt 0.039102 0.020067
vt 0.041275 0.020067
vt 0.039102 0.022608
vt 0.039102 0.021776
vt 0.039102 0.024262
vt 0.039102 0.023435
vt 0.039102 0.025088
vt 0.034758 0.025088
vt 0.004344 0.020067
vt 0.005679 0.019190
vt 0.000000 0.019190
vt 0.000000 0.020872
vt 0.011361 0.019190
vt 0.015268 0.019190
vt 0.019173 0.019190
vt 0.023079 0.019190
vt 0.026985 0.019190
vt 0.000000 0.022553
vt 0.000000 0.024234
vt 0.000000 0.025915
vt 0.008689 0.025915
vt 0.017378 0.025915
vt 0.026068 0.025915
vt 0.030892 0.019190
vt 0.034799 0.019190
vt 0.039102 0.019629
vt 0.038705 0.019190
vt 0.042611 0.019190
vt 0.043447 0.019190
vt 0.043447 0.020872
vt 0.034758 0.025915
vt 0.043447 0.022553
vt 0.043447 0.024234
vt 0.043447 0.025915
vt 0.009551 0.115064
vt 0.004776 0.115921
vt 0.009551 0.115921
vt 0.009551 0.116737
vt 0.004776 0.117553
vt 0.009551 0.117553
vt 0.004776 0.116737
vt 0.009551 0.119174
vt 0.004776 0.118364
vt 0.004776 0.119174
vt 0.009551 0.118364
vt 0.004776 0.119984
vt 0.009551 0.119984
vt 0.019103 0.115921
vt 0.019103 0.117553
vt 0.019103 0.119174
vt 0.028654 0.115921
vt 0.028654 0.117553
vt 0.028654 0.119174
vt 0.038205 0.115921
vt 0.038205 0.117553
vt 0.038205 0.119174
vt 0.047756 0.115921
vt 0.047756 0.117553
vt 0.047756 0.119174
vt 0.057307 0.115921
vt 0.057307 0.117553
vt 0.057307 0.119174
vt 0.066858 0.115921
vt 0.066858 0.117553
vt 0.066858 0.119174
vt 0.076410 0.115921
vt 0.076410 0.117553
vt 0.076410 0.119174
vt 0.085960 0.115921
vt 0.085960 0.117553
vt 0.085960 0.119174
vt 0.095511 0.117553
vt 0.095511 0.119174
vt 0.105062 0.115921
vt 0.105062 0.117553
vt 0.105062 0.119174
vt 0.114612 0.116737
vt 0.114612 0.117553
vt 0.114612 0.115921
vt 0.114612 0.118364
vt 0.114612 0.119174
vt 0.119387 0.115064
vt 0.119387 0.115921
vt 0.121775 0.114635
vt 0.121775 0.115064
vt 0.119387 0.116737
vt 0.119387 0.117553
vt 0.119387 0.119174
vt 0.119387 0.118364
vt 0.119387 0.119984
vt 0.114612 0.119984
vt 0.004776 0.115064
vt 0.006139 0.114207
vt 0.000000 0.114207
vt 0.010044 0.114207
vt 0.017857 0.114207
vt 0.013949 0.114207
vt 0.021764 0.114207
vt 0.000000 0.115854
vt 0.025671 0.114207
vt 0.029578 0.114207
vt 0.033484 0.114207
vt 0.037389 0.114207
vt 0.041294 0.114207
vt 0.045200 0.114207
vt 0.049107 0.114207
vt 0.053014 0.114207
vt 0.056920 0.114207
vt 0.060826 0.114207
vt 0.064733 0.114207
vt 0.000000 0.117501
vt 0.000000 0.119148
vt 0.000000 0.120795
vt 0.009551 0.120795
vt 0.019103 0.120795
vt 0.028654 0.120795
vt 0.038205 0.120795
vt 0.057307 0.120795
vt 0.066858 0.120795
vt 0.047756 0.120795
vt 0.068639 0.114207
vt 0.072545 0.114207
vt 0.076451 0.114207
vt 0.084265 0.114207
vt 0.080357 0.114207
vt 0.088172 0.114207
vt 0.092077 0.114207
vt 0.095511 0.115921
vt 0.095982 0.114207
vt 0.099888 0.114207
vt 0.103794 0.114207
vt 0.114612 0.115064
vt 0.111607 0.114207
vt 0.107701 0.114207
vt 0.115513 0.114207
vt 0.119419 0.114207
vt 0.123325 0.114207
vt 0.124163 0.114207
vt 0.119387 0.114635
vt 0.124163 0.115854
vt 0.076410 0.120795
vt 0.085960 0.120795
vt 0.095511 0.120795
vt 0.105062 0.120795
vt 0.124163 0.117501
vt 0.124163 0.119148
vt 0.114612 0.120795
vt 0.124163 0.120795
vt 0.611947 0.009678
vt 0.612823 0.004839
vt 0.611947 0.004839
vt 0.613261 0.002420
vt 0.612823 0.002420
vt 0.610281 0.009678
vt 0.611114 0.004839
vt 0.610281 0.004839
vt 0.611114 0.009678
vt 0.608628 0.009678
vt 0.609455 0.004839
vt 0.608628 0.004839
vt 0.609455 0.009678
vt 0.607801 0.009678
vt 0.607801 0.004839
vt 0.611947 0.019357
vt 0.610281 0.019357
vt 0.608628 0.019357
vt 0.610281 0.029036
vt 0.608628 0.029036
vt 0.610281 0.038715
vt 0.611947 0.029036
vt 0.608628 0.038715
vt 0.610281 0.048394
vt 0.611947 0.038715
vt 0.608628 0.048394
vt 0.610281 0.058074
vt 0.611947 0.048394
vt 0.608628 0.058074
vt 0.610281 0.067753
vt 0.611947 0.058074
vt 0.608628 0.067753
vt 0.610281 0.077434
vt 0.611947 0.067753
vt 0.608628 0.077434
vt 0.610281 0.087115
vt 0.611947 0.077434
vt 0.608628 0.087115
vt 0.610281 0.096796
vt 0.611947 0.087115
vt 0.608628 0.096796
vt 0.610281 0.106477
vt 0.611947 0.096796
vt 0.608628 0.106477
vt 0.611114 0.116158
vt 0.610281 0.116158
vt 0.611947 0.106477
vt 0.611947 0.116158
vt 0.609455 0.116158
vt 0.608628 0.116158
vt 0.611947 0.120998
vt 0.612823 0.116158
vt 0.613261 0.123419
vt 0.612823 0.120998
vt 0.612823 0.123419
vt 0.610281 0.120998
vt 0.611114 0.120998
vt 0.609455 0.120998
vt 0.608628 0.120998
vt 0.607801 0.120998
vt 0.607801 0.116158
vt 0.613699 0.000976
vt 0.613699 0.004759
vt 0.613261 0.004839
vt 0.613699 0.008543
vt 0.612823 0.009678
vt 0.612018 0.000000
vt 0.613699 0.012326
vt 0.613699 0.016110
vt 0.613699 0.023677
vt 0.613699 0.019893
vt 0.613699 0.027461
vt 0.613699 0.035151
vt 0.613699 0.031245
vt 0.613699 0.039057
vt 0.613699 0.046869
vt 0.613699 0.042963
vt 0.613699 0.054680
vt 0.613699 0.050775
vt 0.613699 0.058586
vt 0.610337 0.000000
vt 0.608656 0.000000
vt 0.606975 0.000000
vt 0.606975 0.009678
vt 0.606975 0.019357
vt 0.606975 0.029036
vt 0.606975 0.038715
vt 0.606975 0.058074
vt 0.606975 0.048394
vt 0.613699 0.062492
vt 0.613699 0.066399
vt 0.613699 0.070305
vt 0.613699 0.078119
vt 0.613699 0.074212
vt 0.613699 0.082026
vt 0.613699 0.089838
vt 0.613699 0.085932
vt 0.613699 0.097651
vt 0.613699 0.093744
vt 0.613699 0.101557
vt 0.613699 0.109372
vt 0.613699 0.105464
vt 0.613699 0.113278
vt 0.613261 0.120998
vt 0.613699 0.121092
vt 0.613699 0.117185
vt 0.613699 0.124999
vt 0.612018 0.125839
vt 0.606975 0.077434
vt 0.606975 0.087115
vt 0.606975 0.106477
vt 0.606975 0.096796
vt 0.610337 0.125839
vt 0.608656 0.125839
vt 0.606975 0.116158
vt 0.606975 0.125839
vt 0.689412 0.008709
vt 0.689412 0.011611
vt 0.672395 0.011611
vt 0.672395 0.005806
vt 0.689412 0.005806
vt 0.689412 0.002903
vt 0.672395 0.000000
vt 0.689412 0.000000
vt 0.697921 0.005806
vt 0.697921 0.001451
vt 0.697921 0.002903
vt 0.697921 0.000000
vt 0.702175 0.001451
vt 0.702175 0.002903
vt 0.702175 0.000726
vt 0.702175 0.000000
vt 0.704302 0.001451
vt 0.704302 0.000726
vt 0.697921 0.011611
vt 0.697921 0.008709
vt 0.689412 0.020320
vt 0.689412 0.023222
vt 0.672395 0.023222
vt 0.672395 0.017417
vt 0.689412 0.017417
vt 0.689412 0.014514
vt 0.697921 0.017417
vt 0.697921 0.014514
vt 0.697921 0.023222
vt 0.697921 0.020320
vt 0.646410 0.011611
vt 0.646410 0.017417
vt 0.646410 0.023222
vt 0.689412 0.031930
vt 0.689412 0.034833
vt 0.672395 0.034833
vt 0.672395 0.029028
vt 0.689412 0.029028
vt 0.689412 0.026125
vt 0.697921 0.029028
vt 0.697921 0.026125
vt 0.697921 0.034833
vt 0.697921 0.031930
vt 0.646410 0.029028
vt 0.646410 0.034833
vt 0.689412 0.043813
vt 0.689412 0.046806
vt 0.672395 0.046806
vt 0.672395 0.040820
vt 0.689412 0.040820
vt 0.689412 0.037826
vt 0.697921 0.040820
vt 0.697921 0.037826
vt 0.697921 0.046806
vt 0.697921 0.043813
vt 0.646410 0.040820
vt 0.646410 0.046806
vt 0.689412 0.055243
vt 0.689412 0.058055
vt 0.672395 0.058055
vt 0.672395 0.052431
vt 0.689412 0.052431
vt 0.689412 0.049618
vt 0.697921 0.052431
vt 0.697921 0.049618
vt 0.697921 0.058055
vt 0.697921 0.055243
vt 0.646410 0.052431
vt 0.646410 0.058055
vt 0.689412 0.066763
vt 0.689412 0.069666
vt 0.672395 0.069666
vt 0.672395 0.063860
vt 0.689412 0.063860
vt 0.689412 0.060958
vt 0.697921 0.063860
vt 0.697921 0.060958
vt 0.697921 0.069666
vt 0.697921 0.066763
vt 0.646410 0.063860
vt 0.646410 0.069666
vt 0.689412 0.078373
vt 0.689412 0.081276
vt 0.672395 0.081276
vt 0.672395 0.075471
vt 0.689412 0.075471
vt 0.689412 0.072568
vt 0.697921 0.075471
vt 0.697921 0.072568
vt 0.697921 0.081276
vt 0.697921 0.078373
vt 0.646410 0.075471
vt 0.646410 0.081276
vt 0.689412 0.089985
vt 0.689412 0.092888
vt 0.672395 0.092888
vt 0.672395 0.087082
vt 0.689412 0.087082
vt 0.689412 0.084179
vt 0.697921 0.087082
vt 0.697921 0.084179
vt 0.697921 0.092888
vt 0.697921 0.089985
vt 0.646410 0.087082
vt 0.646410 0.092888
vt 0.689412 0.101596
vt 0.689412 0.104498
vt 0.672395 0.104498
vt 0.672395 0.098693
vt 0.689412 0.098693
vt 0.689412 0.095791
vt 0.697921 0.098693
vt 0.697921 0.095791
vt 0.697921 0.104498
vt 0.697921 0.101596
vt 0.646410 0.098693
vt 0.646410 0.104498
vt 0.689412 0.113207
vt 0.689412 0.116109
vt 0.672395 0.116109
vt 0.672395 0.110304
vt 0.689412 0.110304
vt 0.689412 0.107401
vt 0.697921 0.110304
vt 0.697921 0.107401
vt 0.697921 0.113207
vt 0.697921 0.116109
vt 0.646410 0.110304
vt 0.646410 0.116109
vt 0.689412 0.124818
vt 0.689412 0.127720
vt 0.672395 0.127720
vt 0.672395 0.121915
vt 0.689412 0.121915
vt 0.689412 0.119012
vt 0.697921 0.119012
vt 0.697921 0.121915
vt 0.697921 0.126269
vt 0.697921 0.127720
vt 0.697921 0.124818
vt 0.697921 0.123366
vt 0.702175 0.124092
vt 0.702175 0.124818
vt 0.702175 0.123366
vt 0.702175 0.121915
vt 0.704302 0.124092
vt 0.704302 0.124818
vt 0.704302 0.123366
vt 0.702175 0.126269
vt 0.702175 0.127720
vt 0.702175 0.125543
vt 0.704302 0.125543
vt 0.704302 0.126269
vt 0.646410 0.121915
vt 0.646410 0.127720
vt 0.689412 0.136428
vt 0.689412 0.139330
vt 0.672395 0.139330
vt 0.672395 0.133525
vt 0.689412 0.133525
vt 0.689412 0.130623
vt 0.697921 0.130623
vt 0.697921 0.133525
vt 0.697921 0.136428
vt 0.697921 0.139330
vt 0.646410 0.133525
vt 0.646410 0.139330
vt 0.689412 0.148038
vt 0.689412 0.150941
vt 0.672395 0.150941
vt 0.672395 0.145136
vt 0.689412 0.145136
vt 0.689412 0.142233
vt 0.697921 0.142233
vt 0.697921 0.145136
vt 0.697921 0.148038
vt 0.697921 0.150941
vt 0.646410 0.145136
vt 0.646410 0.150941
vt 0.689412 0.159649
vt 0.689412 0.162552
vt 0.672395 0.162552
vt 0.672395 0.156747
vt 0.689412 0.156747
vt 0.689412 0.153844
vt 0.697921 0.153844
vt 0.697921 0.156747
vt 0.697921 0.159649
vt 0.697921 0.162552
vt 0.646410 0.156747
vt 0.646410 0.162552
vt 0.689412 0.171261
vt 0.689412 0.174164
vt 0.672395 0.174164
vt 0.672395 0.168358
vt 0.689412 0.168358
vt 0.689412 0.165455
vt 0.697921 0.165455
vt 0.697921 0.168358
vt 0.697921 0.172712
vt 0.697921 0.174164
vt 0.697921 0.171261
vt 0.697921 0.169809
vt 0.702175 0.169809
vt 0.702175 0.171261
vt 0.702175 0.168358
vt 0.702175 0.172712
vt 0.702175 0.174164
vt 0.646410 0.168358
vt 0.646410 0.174164
vt 0.689412 0.182872
vt 0.689412 0.185775
vt 0.672395 0.185775
vt 0.672395 0.179969
vt 0.689412 0.179969
vt 0.689412 0.177066
vt 0.697921 0.179969
vt 0.697921 0.177066
vt 0.697921 0.185775
vt 0.697921 0.182872
vt 0.646410 0.179969
vt 0.646410 0.185775
vt 0.689412 0.194118
vt 0.689412 0.196899
vt 0.672395 0.196899
vt 0.672395 0.191337
vt 0.689412 0.191337
vt 0.689412 0.188556
vt 0.697921 0.188556
vt 0.697921 0.191337
vt 0.697921 0.194118
vt 0.697921 0.196899
vt 0.646410 0.191337
vt 0.646410 0.196899
vt 0.689412 0.205972
vt 0.689412 0.208996
vt 0.672395 0.208996
vt 0.672395 0.202947
vt 0.689412 0.202947
vt 0.689412 0.199923
vt 0.697921 0.199923
vt 0.697921 0.202947
vt 0.697921 0.205972
vt 0.697921 0.208996
vt 0.646410 0.202947
vt 0.646410 0.208996
vt 0.689412 0.217704
vt 0.689412 0.220607
vt 0.672395 0.220607
vt 0.672395 0.214801
vt 0.689412 0.214801
vt 0.689412 0.211899
vt 0.697921 0.211899
vt 0.697921 0.214801
vt 0.697921 0.217704
vt 0.697921 0.220607
vt 0.646410 0.214801
vt 0.646410 0.220607
vt 0.689412 0.229315
vt 0.689412 0.232218
vt 0.672395 0.232218
vt 0.672395 0.226412
vt 0.689412 0.226412
vt 0.689412 0.223510
vt 0.697921 0.223510
vt 0.697921 0.226412
vt 0.697921 0.229315
vt 0.697921 0.232218
vt 0.646410 0.226412
vt 0.646410 0.232218
vt 0.689412 0.241243
vt 0.689412 0.244251
vt 0.672395 0.244251
vt 0.672395 0.238234
vt 0.689412 0.238234
vt 0.689412 0.235226
vt 0.697921 0.235226
vt 0.697921 0.238234
vt 0.697921 0.244251
vt 0.697921 0.241243
vt 0.646410 0.238234
vt 0.646410 0.244251
vt 0.689412 0.252642
vt 0.689412 0.255439
vt 0.672395 0.255439
vt 0.672395 0.249845
vt 0.689412 0.249845
vt 0.689412 0.247048
vt 0.697921 0.248447
vt 0.697921 0.249845
vt 0.697921 0.247048
vt 0.702175 0.248447
vt 0.702175 0.249845
vt 0.697921 0.254041
vt 0.697921 0.255439
vt 0.697921 0.252642
vt 0.697921 0.251244
vt 0.702175 0.251943
vt 0.702175 0.252642
vt 0.702175 0.251244
vt 0.702175 0.250544
vt 0.704302 0.250894
vt 0.704302 0.251244
vt 0.704302 0.250544
vt 0.704302 0.249845
vt 0.705365 0.251244
vt 0.705365 0.250544
vt 0.705365 0.250894
vt 0.704302 0.251943
vt 0.704302 0.252642
vt 0.704302 0.251593
vt 0.705365 0.251593
vt 0.705365 0.251943
vt 0.705365 0.251418
vt 0.705897 0.251418
vt 0.705897 0.251593
vt 0.705897 0.251244
vt 0.702175 0.254041
vt 0.702175 0.255439
vt 0.702175 0.253341
vt 0.704302 0.253341
vt 0.704302 0.254041
vt 0.646410 0.249845
vt 0.646410 0.255439
vt 0.689412 0.264148
vt 0.689412 0.267051
vt 0.672395 0.267051
vt 0.672395 0.261245
vt 0.689412 0.261245
vt 0.689412 0.258342
vt 0.697921 0.258342
vt 0.697921 0.261245
vt 0.697921 0.264148
vt 0.697921 0.267051
vt 0.689412 0.275759
vt 0.689412 0.278662
vt 0.672395 0.278662
vt 0.672395 0.272856
vt 0.689412 0.272856
vt 0.689412 0.269954
vt 0.697921 0.269954
vt 0.697921 0.272856
vt 0.697921 0.275759
vt 0.697921 0.278662
vt 0.689412 0.287369
vt 0.689412 0.290272
vt 0.672395 0.290272
vt 0.672395 0.284467
vt 0.689412 0.284467
vt 0.689412 0.281564
vt 0.697921 0.281564
vt 0.697921 0.284467
vt 0.697921 0.287369
vt 0.697921 0.290272
vt 0.689412 0.298979
vt 0.689412 0.301882
vt 0.672395 0.301882
vt 0.672395 0.296077
vt 0.689412 0.296077
vt 0.689412 0.293174
vt 0.697921 0.293174
vt 0.697921 0.296077
vt 0.697921 0.298979
vt 0.697921 0.301882
vt 0.689412 0.310204
vt 0.689412 0.312978
vt 0.672395 0.312978
vt 0.672395 0.307430
vt 0.689412 0.307430
vt 0.689412 0.304656
vt 0.697921 0.304656
vt 0.697921 0.307430
vt 0.697921 0.312978
vt 0.697921 0.310204
vt 0.646410 0.301882
vt 0.646410 0.307430
vt 0.646410 0.312978
vt 0.689412 0.322073
vt 0.689412 0.325105
vt 0.672395 0.325105
vt 0.672395 0.319041
vt 0.689412 0.319041
vt 0.689412 0.316010
vt 0.697921 0.316010
vt 0.697921 0.319041
vt 0.697921 0.322073
vt 0.697921 0.325105
vt 0.689412 0.333813
vt 0.689412 0.336715
vt 0.672395 0.336715
vt 0.672395 0.330910
vt 0.689412 0.330910
vt 0.689412 0.328007
vt 0.697921 0.328007
vt 0.697921 0.330910
vt 0.697921 0.333813
vt 0.697921 0.336715
vt 0.689412 0.345241
vt 0.689412 0.348083
vt 0.672395 0.348083
vt 0.672395 0.342399
vt 0.689412 0.342399
vt 0.689412 0.339557
vt 0.697921 0.339557
vt 0.697921 0.342399
vt 0.697921 0.345241
vt 0.697921 0.348083
vt 0.646410 0.336715
vt 0.646410 0.342399
vt 0.646410 0.348083
vt 0.689412 0.356974
vt 0.689412 0.359938
vt 0.672395 0.359938
vt 0.672395 0.354011
vt 0.689412 0.354011
vt 0.689412 0.351047
vt 0.697921 0.351047
vt 0.697921 0.354011
vt 0.697921 0.359938
vt 0.697921 0.356974
vt 0.689412 0.368645
vt 0.689412 0.371548
vt 0.672395 0.371548
vt 0.672395 0.365743
vt 0.689412 0.365743
vt 0.689412 0.362841
vt 0.697921 0.365743
vt 0.697921 0.362841
vt 0.697921 0.371548
vt 0.697921 0.368645
vt 0.689412 0.379927
vt 0.689412 0.382720
vt 0.672395 0.382720
vt 0.672395 0.377134
vt 0.689412 0.377134
vt 0.689412 0.374341
vt 0.697921 0.375737
vt 0.697921 0.377134
vt 0.697921 0.374341
vt 0.697921 0.372944
vt 0.702175 0.374341
vt 0.702175 0.372944
vt 0.702175 0.377134
vt 0.702175 0.375039
vt 0.702175 0.375737
vt 0.704302 0.375737
vt 0.704302 0.375039
vt 0.697921 0.379927
vt 0.697921 0.382720
vt 0.646410 0.371548
vt 0.646410 0.377134
vt 0.646410 0.382720
vt 0.689412 0.391847
vt 0.689412 0.394889
vt 0.672395 0.394889
vt 0.672395 0.388805
vt 0.689412 0.388805
vt 0.689412 0.385762
vt 0.697921 0.385762
vt 0.697921 0.388805
vt 0.697921 0.394889
vt 0.697921 0.391847
vt 0.689412 0.403666
vt 0.689412 0.406591
vt 0.672395 0.406591
vt 0.672395 0.400740
vt 0.689412 0.400740
vt 0.689412 0.397815
vt 0.697921 0.400740
vt 0.697921 0.397815
vt 0.697921 0.406591
vt 0.697921 0.403666
vt 0.689412 0.415141
vt 0.689412 0.417992
vt 0.672395 0.417992
vt 0.672395 0.412291
vt 0.689412 0.412291
vt 0.689412 0.409441
vt 0.697921 0.412291
vt 0.697921 0.409441
vt 0.697921 0.415141
vt 0.697921 0.417992
vt 0.646410 0.406591
vt 0.646410 0.412291
vt 0.646410 0.417992
vt 0.689412 0.426700
vt 0.689412 0.429603
vt 0.672395 0.429603
vt 0.672395 0.423797
vt 0.689412 0.423797
vt 0.689412 0.420894
vt 0.697921 0.423797
vt 0.697921 0.420894
vt 0.697921 0.429603
vt 0.697921 0.426700
vt 0.689412 0.438673
vt 0.689412 0.441696
vt 0.672395 0.441696
vt 0.672395 0.435649
vt 0.689412 0.435649
vt 0.689412 0.432626
vt 0.697921 0.435649
vt 0.697921 0.432626
vt 0.697921 0.441696
vt 0.697921 0.438673
vt 0.689412 0.449770
vt 0.689412 0.452461
vt 0.672395 0.452461
vt 0.672395 0.447079
vt 0.689412 0.447079
vt 0.689412 0.444387
vt 0.697921 0.447079
vt 0.697921 0.444387
vt 0.697921 0.452461
vt 0.697921 0.449770
vt 0.646410 0.441696
vt 0.646410 0.447079
vt 0.646410 0.452461
vt 0.689412 0.461442
vt 0.689412 0.464436
vt 0.672395 0.464436
vt 0.672395 0.458448
vt 0.689412 0.458448
vt 0.689412 0.455455
vt 0.697921 0.458448
vt 0.697921 0.455455
vt 0.697921 0.464436
vt 0.697921 0.461442
vt 0.689412 0.473144
vt 0.689412 0.476046
vt 0.672395 0.476046
vt 0.672395 0.470241
vt 0.689412 0.470241
vt 0.689412 0.467338
vt 0.697921 0.470241
vt 0.697921 0.467338
vt 0.697921 0.476046
vt 0.697921 0.473144
vt 0.689412 0.484755
vt 0.689412 0.487657
vt 0.672395 0.487657
vt 0.672395 0.481852
vt 0.689412 0.481852
vt 0.689412 0.478949
vt 0.697921 0.481852
vt 0.697921 0.478949
vt 0.697921 0.487657
vt 0.697921 0.484755
vt 0.689412 0.496365
vt 0.689412 0.499268
vt 0.672395 0.499268
vt 0.672395 0.493463
vt 0.689412 0.493463
vt 0.689412 0.490560
vt 0.697921 0.493463
vt 0.697921 0.490560
vt 0.697921 0.497816
vt 0.697921 0.499268
vt 0.697921 0.496365
vt 0.702175 0.498542
vt 0.702175 0.499268
vt 0.702175 0.497816
vt 0.704302 0.498905
vt 0.704302 0.499268
vt 0.704302 0.498542
vt 0.705365 0.499086
vt 0.705365 0.499268
vt 0.705365 0.498905
vt 0.705897 0.499177
vt 0.705897 0.499268
vt 0.705897 0.499086
vt 0.706163 0.499222
vt 0.706163 0.499268
vt 0.706163 0.499177
vt 0.706296 0.499245
vt 0.706296 0.499268
vt 0.706296 0.499222
vt 0.706362 0.499256
vt 0.706362 0.499268
vt 0.706362 0.499245
vt 0.706362 0.499222
vt 0.706396 0.499268
vt 0.706396 0.499245
vt 0.706396 0.499256
vt 0.689412 0.507976
vt 0.689412 0.510879
vt 0.672395 0.510879
vt 0.672395 0.505073
vt 0.689412 0.505073
vt 0.689412 0.502171
vt 0.697921 0.505073
vt 0.697921 0.500719
vt 0.697921 0.502171
vt 0.702175 0.502171
vt 0.702175 0.499993
vt 0.702175 0.500719
vt 0.704302 0.500719
vt 0.704302 0.499630
vt 0.704302 0.499993
vt 0.705365 0.499993
vt 0.705365 0.499449
vt 0.705365 0.499630
vt 0.705897 0.499630
vt 0.705897 0.499358
vt 0.705897 0.499449
vt 0.706163 0.499358
vt 0.706163 0.499449
vt 0.706163 0.499313
vt 0.706296 0.499358
vt 0.706296 0.499290
vt 0.706296 0.499313
vt 0.706362 0.499290
vt 0.706362 0.499313
vt 0.706362 0.499279
vt 0.706396 0.499290
vt 0.706396 0.499273
vt 0.706396 0.499279
vt 0.706412 0.499273
vt 0.706412 0.499279
vt 0.697921 0.510879
vt 0.697921 0.507976
vt 0.689412 0.519587
vt 0.689412 0.522489
vt 0.672395 0.522489
vt 0.672395 0.516684
vt 0.689412 0.516684
vt 0.689412 0.513782
vt 0.697921 0.516684
vt 0.697921 0.513782
vt 0.697921 0.522489
vt 0.697921 0.519587
vt 0.646410 0.510879
vt 0.646410 0.516684
vt 0.646410 0.522489
vt 0.689412 0.531197
vt 0.689412 0.534099
vt 0.672395 0.534099
vt 0.672395 0.528294
vt 0.689412 0.528294
vt 0.689412 0.525392
vt 0.697921 0.528294
vt 0.697921 0.525392
vt 0.697921 0.534099
vt 0.697921 0.531197
vt 0.646410 0.528294
vt 0.646410 0.534099
vt 0.689412 0.543080
vt 0.689412 0.546074
vt 0.672395 0.546074
vt 0.672395 0.540087
vt 0.689412 0.540087
vt 0.689412 0.537093
vt 0.697921 0.540087
vt 0.697921 0.537093
vt 0.697921 0.546074
vt 0.697921 0.543080
vt 0.646410 0.540087
vt 0.646410 0.546074
vt 0.689412 0.554510
vt 0.689412 0.557322
vt 0.672395 0.557322
vt 0.672395 0.551698
vt 0.689412 0.551698
vt 0.689412 0.548886
vt 0.697921 0.551698
vt 0.697921 0.548886
vt 0.697921 0.557322
vt 0.697921 0.554510
vt 0.646410 0.551698
vt 0.646410 0.557322
vt 0.689412 0.566030
vt 0.689412 0.568933
vt 0.672395 0.568933
vt 0.672395 0.563128
vt 0.689412 0.563128
vt 0.689412 0.560225
vt 0.697921 0.563128
vt 0.697921 0.560225
vt 0.697921 0.568933
vt 0.697921 0.566030
vt 0.646410 0.563128
vt 0.646410 0.568933
vt 0.689412 0.577641
vt 0.689412 0.580543
vt 0.672395 0.580543
vt 0.672395 0.574738
vt 0.689412 0.574738
vt 0.689412 0.571836
vt 0.697921 0.574738
vt 0.697921 0.571836
vt 0.697921 0.580543
vt 0.697921 0.577641
vt 0.646410 0.574738
vt 0.646410 0.580543
vt 0.672395 0.586349
vt 0.689412 0.592155
vt 0.672395 0.592155
vt 0.689412 0.583446
vt 0.689412 0.586349
vt 0.697921 0.586349
vt 0.697921 0.583446
vt 0.646410 0.586349
vt 0.646410 0.592155
vt 0.689412 0.600863
vt 0.689412 0.603766
vt 0.672395 0.603766
vt 0.672395 0.597960
vt 0.689412 0.597960
vt 0.689412 0.595058
vt 0.697921 0.597960
vt 0.697921 0.595058
vt 0.697921 0.603766
vt 0.697921 0.600863
vt 0.646410 0.597960
vt 0.646410 0.603766
vt 0.689412 0.612474
vt 0.689412 0.615377
vt 0.672395 0.615377
vt 0.672395 0.609571
vt 0.689412 0.609571
vt 0.689412 0.606669
vt 0.697921 0.609571
vt 0.697921 0.606669
vt 0.697921 0.615377
vt 0.697921 0.612474
vt 0.646410 0.609571
vt 0.646410 0.615377
vt 0.689412 0.623721
vt 0.689412 0.626503
vt 0.672395 0.626503
vt 0.672395 0.620940
vt 0.689412 0.620940
vt 0.689412 0.618158
vt 0.697921 0.620940
vt 0.697921 0.618158
vt 0.697921 0.625112
vt 0.697921 0.626503
vt 0.697921 0.623721
vt 0.697921 0.622330
vt 0.702175 0.622330
vt 0.702175 0.623721
vt 0.702175 0.620940
vt 0.702175 0.626503
vt 0.702175 0.624417
vt 0.702175 0.625112
vt 0.704302 0.625112
vt 0.704302 0.624417
vt 0.646410 0.620940
vt 0.646410 0.626503
vt 0.689412 0.635574
vt 0.689412 0.638598
vt 0.672395 0.638598
vt 0.672395 0.632551
vt 0.689412 0.632551
vt 0.689412 0.629527
vt 0.697921 0.632551
vt 0.697921 0.629527
vt 0.697921 0.638598
vt 0.697921 0.635574
vt 0.646410 0.632551
vt 0.646410 0.638598
vt 0.689412 0.647306
vt 0.689412 0.650209
vt 0.672395 0.650209
vt 0.672395 0.644404
vt 0.689412 0.644404
vt 0.689412 0.641501
vt 0.697921 0.644404
vt 0.697921 0.641501
vt 0.697921 0.647306
vt 0.697921 0.650209
vt 0.646410 0.644404
vt 0.646410 0.650209
vt 0.689412 0.658918
vt 0.689412 0.661820
vt 0.672395 0.661820
vt 0.672395 0.656015
vt 0.689412 0.656015
vt 0.689412 0.653112
vt 0.697921 0.653112
vt 0.697921 0.656015
vt 0.697921 0.658918
vt 0.697921 0.661820
vt 0.646410 0.656015
vt 0.646410 0.661820
vt 0.689412 0.670528
vt 0.689412 0.673431
vt 0.672395 0.673431
vt 0.672395 0.667626
vt 0.689412 0.667626
vt 0.689412 0.664723
vt 0.697921 0.664723
vt 0.697921 0.667626
vt 0.697921 0.670528
vt 0.697921 0.673431
vt 0.646410 0.667626
vt 0.646410 0.673431
vt 0.689412 0.682139
vt 0.689412 0.685042
vt 0.672395 0.685042
vt 0.672395 0.679236
vt 0.689412 0.679236
vt 0.689412 0.676334
vt 0.697921 0.676334
vt 0.697921 0.679236
vt 0.697921 0.682139
vt 0.697921 0.685042
vt 0.646410 0.679236
vt 0.646410 0.685042
vt 0.689412 0.693750
vt 0.689412 0.696652
vt 0.672395 0.696652
vt 0.672395 0.690847
vt 0.689412 0.690847
vt 0.689412 0.687944
vt 0.697921 0.687944
vt 0.697921 0.690847
vt 0.697921 0.693750
vt 0.697921 0.696652
vt 0.646410 0.690847
vt 0.646410 0.696652
vt 0.689412 0.705360
vt 0.689412 0.708263
vt 0.672395 0.708263
vt 0.672395 0.702457
vt 0.689412 0.702457
vt 0.689412 0.699555
vt 0.697921 0.699555
vt 0.697921 0.702457
vt 0.697921 0.705360
vt 0.697921 0.708263
vt 0.646410 0.702457
vt 0.646410 0.708263
vt 0.689412 0.716972
vt 0.689412 0.719875
vt 0.672395 0.719875
vt 0.672395 0.714069
vt 0.689412 0.714069
vt 0.689412 0.711166
vt 0.697921 0.711166
vt 0.697921 0.714069
vt 0.697921 0.716972
vt 0.697921 0.719875
vt 0.646410 0.714069
vt 0.646410 0.719875
vt 0.689412 0.728583
vt 0.689412 0.731486
vt 0.672395 0.731486
vt 0.672395 0.725680
vt 0.689412 0.725680
vt 0.689412 0.722778
vt 0.697921 0.722778
vt 0.697921 0.725680
vt 0.697921 0.728583
vt 0.697921 0.731486
vt 0.646410 0.725680
vt 0.646410 0.731486
vt 0.689412 0.740510
vt 0.689412 0.743519
vt 0.672395 0.743519
vt 0.672395 0.737502
vt 0.689412 0.737502
vt 0.689412 0.734494
vt 0.697921 0.734494
vt 0.697921 0.737502
vt 0.697921 0.740510
vt 0.697921 0.743519
vt 0.646410 0.737502
vt 0.646410 0.743519
vt 0.689412 0.751909
vt 0.689412 0.754706
vt 0.672395 0.754706
vt 0.672395 0.749112
vt 0.689412 0.749112
vt 0.689412 0.746315
vt 0.697921 0.747714
vt 0.697921 0.749112
vt 0.697921 0.746315
vt 0.702175 0.747714
vt 0.702175 0.749112
vt 0.697921 0.751909
vt 0.697921 0.754706
vt 0.697921 0.750511
vt 0.702175 0.750511
vt 0.702175 0.751909
vt 0.646410 0.749112
vt 0.646410 0.754706
vt 0.689412 0.763415
vt 0.689412 0.766319
vt 0.672395 0.766319
vt 0.672395 0.760512
vt 0.689412 0.760512
vt 0.689412 0.757609
vt 0.697921 0.757609
vt 0.697921 0.760512
vt 0.697921 0.763415
vt 0.697921 0.766319
vt 0.689412 0.775025
vt 0.689412 0.777927
vt 0.672395 0.777927
vt 0.672395 0.772123
vt 0.689412 0.772123
vt 0.689412 0.769221
vt 0.697921 0.769221
vt 0.697921 0.772123
vt 0.697921 0.775025
vt 0.697921 0.777927
vt 0.689412 0.786636
vt 0.689412 0.789539
vt 0.672395 0.789539
vt 0.672395 0.783733
vt 0.689412 0.783733
vt 0.689412 0.780830
vt 0.697921 0.780830
vt 0.697921 0.783733
vt 0.697921 0.786636
vt 0.697921 0.789539
vt 0.689412 0.798248
vt 0.689412 0.801150
vt 0.672395 0.801150
vt 0.672395 0.795345
vt 0.689412 0.795345
vt 0.689412 0.792442
vt 0.697921 0.792442
vt 0.697921 0.795345
vt 0.697921 0.798248
vt 0.697921 0.801150
vt 0.689412 0.809859
vt 0.689412 0.812762
vt 0.672395 0.812762
vt 0.672395 0.806956
vt 0.689412 0.806956
vt 0.689412 0.804053
vt 0.697921 0.804053
vt 0.697921 0.806956
vt 0.697921 0.812762
vt 0.697921 0.809859
vt 0.689412 0.821470
vt 0.689412 0.824373
vt 0.672395 0.824373
vt 0.672395 0.818567
vt 0.689412 0.818567
vt 0.689412 0.815665
vt 0.697921 0.815665
vt 0.697921 0.818567
vt 0.697921 0.821470
vt 0.697921 0.824373
vt 0.689412 0.833081
vt 0.689412 0.835983
vt 0.672395 0.835983
vt 0.672395 0.830178
vt 0.689412 0.830178
vt 0.689412 0.827276
vt 0.697921 0.827276
vt 0.697921 0.830178
vt 0.697921 0.833081
vt 0.697921 0.835983
vt 0.689412 0.844509
vt 0.689412 0.847351
vt 0.672395 0.847351
vt 0.672395 0.841667
vt 0.689412 0.841667
vt 0.689412 0.838825
vt 0.697921 0.838825
vt 0.697921 0.841667
vt 0.697921 0.844509
vt 0.697921 0.847351
vt 0.646410 0.835983
vt 0.646410 0.841667
vt 0.646410 0.847351
vt 0.689412 0.856127
vt 0.689412 0.859052
vt 0.672395 0.859052
vt 0.672395 0.853202
vt 0.689412 0.853202
vt 0.689412 0.850276
vt 0.697921 0.850276
vt 0.697921 0.853202
vt 0.697921 0.859052
vt 0.697921 0.856127
vt 0.689412 0.867875
vt 0.689412 0.870816
vt 0.672395 0.870816
vt 0.672395 0.864934
vt 0.689412 0.864934
vt 0.689412 0.861993
vt 0.697921 0.864934
vt 0.697921 0.861993
vt 0.697921 0.870816
vt 0.697921 0.867875
vt 0.689412 0.879195
vt 0.689412 0.881987
vt 0.672395 0.881987
vt 0.672395 0.876402
vt 0.689412 0.876402
vt 0.689412 0.873609
vt 0.697921 0.875005
vt 0.697921 0.876402
vt 0.697921 0.873609
vt 0.697921 0.872212
vt 0.702175 0.873609
vt 0.702175 0.872212
vt 0.702175 0.875005
vt 0.702175 0.876402
vt 0.702175 0.874307
vt 0.704302 0.875005
vt 0.704302 0.874307
vt 0.697921 0.879195
vt 0.697921 0.881987
vt 0.646410 0.870816
vt 0.646410 0.876402
vt 0.646410 0.881987
vt 0.689412 0.891115
vt 0.689412 0.894157
vt 0.672395 0.894157
vt 0.672395 0.888072
vt 0.689412 0.888072
vt 0.689412 0.885030
vt 0.697921 0.885030
vt 0.697921 0.888072
vt 0.697921 0.894157
vt 0.697921 0.891115
vt 0.689412 0.902933
vt 0.689412 0.905859
vt 0.672395 0.905859
vt 0.672395 0.900008
vt 0.689412 0.900008
vt 0.689412 0.897082
vt 0.697921 0.900008
vt 0.697921 0.897082
vt 0.697921 0.905859
vt 0.697921 0.902933
vt 0.689412 0.914409
vt 0.689412 0.917258
vt 0.672395 0.917258
vt 0.672395 0.911559
vt 0.689412 0.911559
vt 0.689412 0.908709
vt 0.697921 0.911559
vt 0.697921 0.908709
vt 0.697921 0.917258
vt 0.697921 0.914409
vt 0.646410 0.905859
vt 0.646410 0.911559
vt 0.646410 0.917258
vt 0.689412 0.925967
vt 0.689412 0.928870
vt 0.672395 0.928870
vt 0.672395 0.923064
vt 0.689412 0.923064
vt 0.689412 0.920161
vt 0.697921 0.923064
vt 0.697921 0.920161
vt 0.697921 0.928870
vt 0.697921 0.925967
vt 0.689412 0.937940
vt 0.689412 0.940963
vt 0.672395 0.940963
vt 0.672395 0.934917
vt 0.689412 0.934917
vt 0.689412 0.931893
vt 0.697921 0.934917
vt 0.697921 0.931893
vt 0.697921 0.937940
vt 0.697921 0.940963
vt 0.689412 0.949037
vt 0.689412 0.951729
vt 0.672395 0.951729
vt 0.672395 0.946346
vt 0.689412 0.946346
vt 0.689412 0.943655
vt 0.697921 0.946346
vt 0.697921 0.943655
vt 0.697921 0.951729
vt 0.697921 0.949037
vt 0.646410 0.940963
vt 0.646410 0.946346
vt 0.646410 0.951729
vt 0.689412 0.960710
vt 0.689412 0.963703
vt 0.672395 0.963703
vt 0.672395 0.957716
vt 0.689412 0.957716
vt 0.689412 0.954722
vt 0.697921 0.957716
vt 0.697921 0.954722
vt 0.697921 0.963703
vt 0.697921 0.960710
vt 0.689412 0.972411
vt 0.689412 0.975314
vt 0.672395 0.975314
vt 0.672395 0.969509
vt 0.689412 0.969509
vt 0.689412 0.966606
vt 0.697921 0.969509
vt 0.697921 0.966606
vt 0.697921 0.975314
vt 0.697921 0.972411
vt 0.689412 0.984022
vt 0.689412 0.986925
vt 0.672395 0.986925
vt 0.672395 0.981119
vt 0.689412 0.981119
vt 0.689412 0.978217
vt 0.697921 0.981119
vt 0.697921 0.978217
vt 0.697921 0.986925
vt 0.697921 0.984022
vt 0.689412 0.995632
vt 0.689412 0.998535
vt 0.672395 0.998535
vt 0.672395 0.992730
vt 0.689412 0.992730
vt 0.689412 0.989827
vt 0.697921 0.992730
vt 0.697921 0.989827
vt 0.697921 0.997084
vt 0.697921 0.998535
vt 0.697921 0.995632
vt 0.697921 0.994181
vt 0.702175 0.995632
vt 0.702175 0.994181
vt 0.702175 0.997810
vt 0.702175 0.998535
vt 0.702175 0.997084
vt 0.702175 0.996358
vt 0.704302 0.997084
vt 0.704302 0.996358
vt 0.704302 0.998535
vt 0.704302 0.997810
vt 0.706429 0.000000
vt 0.704302 0.000000
vt 0.706429 0.004754
vt 0.706429 0.000975
vt 0.706429 0.008532
vt 0.706429 0.019868
vt 0.706429 0.016090
vt 0.706429 0.012311
vt 0.706429 0.023647
vt 0.706429 0.035105
vt 0.706429 0.031204
vt 0.706429 0.027425
vt 0.706429 0.042906
vt 0.706429 0.039005
vt 0.706429 0.046806
vt 0.706429 0.054607
vt 0.706429 0.050707
vt 0.706429 0.058508
vt 0.706429 0.066309
vt 0.706429 0.062408
vt 0.706429 0.078010
vt 0.706429 0.074110
vt 0.706429 0.070209
vt 0.706429 0.081911
vt 0.706429 0.089712
vt 0.706429 0.085811
vt 0.706429 0.093613
vt 0.706429 0.101414
vt 0.706429 0.113115
vt 0.706429 0.109215
vt 0.706429 0.105314
vt 0.706429 0.117016
vt 0.706429 0.124817
vt 0.706429 0.120916
vt 0.706429 0.129346
vt 0.706429 0.136728
vt 0.706429 0.133037
vt 0.706429 0.144320
vt 0.706429 0.140419
vt 0.706429 0.148220
vt 0.706429 0.125655
vt 0.706429 0.159276
vt 0.706429 0.156021
vt 0.706429 0.162530
vt 0.706429 0.171623
vt 0.706429 0.169039
vt 0.706429 0.165784
vt 0.706429 0.179424
vt 0.706429 0.175524
vt 0.706429 0.152121
vt 0.706429 0.097513
vt 0.706429 0.183325
vt 0.706429 0.191126
vt 0.706429 0.187225
vt 0.706429 0.202828
vt 0.706429 0.198927
vt 0.706429 0.206728
vt 0.706429 0.195026
vt 0.706429 0.214529
vt 0.706429 0.210629
vt 0.706429 0.218430
vt 0.706429 0.230131
vt 0.706429 0.237932
vt 0.706429 0.234032
vt 0.706429 0.226231
vt 0.706429 0.222330
vt 0.706429 0.249634
vt 0.702175 0.247048
vt 0.706429 0.245733
vt 0.706429 0.251584
vt 0.706429 0.251307
vt 0.706429 0.252559
vt 0.706429 0.257435
vt 0.706429 0.253534
vt 0.706429 0.261335
vt 0.706429 0.273037
vt 0.706429 0.269136
vt 0.706429 0.265236
vt 0.706429 0.280838
vt 0.706429 0.276937
vt 0.706429 0.284738
vt 0.706429 0.241833
vt 0.706429 0.296440
vt 0.706429 0.292540
vt 0.706429 0.304241
vt 0.706429 0.300341
vt 0.706429 0.315943
vt 0.706429 0.312042
vt 0.706429 0.319843
vt 0.706429 0.327644
vt 0.706429 0.339346
vt 0.706429 0.335445
vt 0.706429 0.331545
vt 0.706429 0.343246
vt 0.706429 0.351047
vt 0.706429 0.347147
vt 0.706429 0.323744
vt 0.706429 0.362749
vt 0.706429 0.358849
vt 0.706429 0.366650
vt 0.706429 0.374451
vt 0.704302 0.374341
vt 0.706429 0.382252
vt 0.706429 0.375287
vt 0.706429 0.370550
vt 0.702175 0.371548
vt 0.706429 0.386152
vt 0.706429 0.397854
vt 0.706429 0.393953
vt 0.706429 0.390053
vt 0.706429 0.405655
vt 0.706429 0.401754
vt 0.706429 0.409555
vt 0.706429 0.354948
vt 0.706429 0.288639
vt 0.706429 0.308142
vt 0.706429 0.421257
vt 0.706429 0.417356
vt 0.706429 0.429058
vt 0.706429 0.425158
vt 0.706429 0.440760
vt 0.706429 0.436859
vt 0.706429 0.444660
vt 0.706429 0.432959
vt 0.706429 0.452461
vt 0.706429 0.464163
vt 0.706429 0.460262
vt 0.706429 0.456362
vt 0.706429 0.468063
vt 0.706429 0.475864
vt 0.706429 0.471964
vt 0.706429 0.448561
vt 0.706429 0.487566
vt 0.706429 0.483665
vt 0.706429 0.491467
vt 0.706429 0.479765
vt 0.705897 0.498905
vt 0.705365 0.498542
vt 0.706429 0.495367
vt 0.706163 0.499086
vt 0.704302 0.497816
vt 0.702175 0.496365
vt 0.706296 0.499177
vt 0.706429 0.413456
vt 0.620424 0.017417
vt 0.620424 0.034833
vt 0.620424 0.023222
vt 0.620424 0.011611
vt 0.620424 0.046806
vt 0.620424 0.052431
vt 0.620424 0.040820
vt 0.620424 0.058055
vt 0.620424 0.069666
vt 0.620424 0.063860
vt 0.620424 0.087082
vt 0.620424 0.098693
vt 0.620424 0.092888
vt 0.620424 0.081276
vt 0.620424 0.104498
vt 0.620424 0.116109
vt 0.620424 0.110304
vt 0.620424 0.127720
vt 0.620424 0.139330
vt 0.620424 0.133525
vt 0.620424 0.121915
vt 0.620424 0.267051
vt 0.620424 0.278662
vt 0.620424 0.290272
vt 0.620424 0.156747
vt 0.620424 0.150941
vt 0.620424 0.162552
vt 0.620424 0.168358
vt 0.620424 0.145136
vt 0.620424 0.185775
vt 0.620424 0.179969
vt 0.620424 0.191337
vt 0.620424 0.196899
vt 0.620424 0.202947
vt 0.620424 0.208996
vt 0.620424 0.220607
vt 0.620424 0.214801
vt 0.620424 0.238234
vt 0.620424 0.244251
vt 0.620424 0.226412
vt 0.620424 0.255439
vt 0.620424 0.301882
vt 0.620424 0.325105
vt 0.620424 0.359938
vt 0.620424 0.394889
vt 0.620424 0.348083
vt 0.620424 0.336715
vt 0.620424 0.312978
vt 0.620424 0.371548
vt 0.620424 0.382720
vt 0.620424 0.429603
vt 0.620424 0.464436
vt 0.620424 0.476046
vt 0.620424 0.406591
vt 0.620424 0.417992
vt 0.620424 0.441696
vt 0.620424 0.487657
vt 0.620424 0.452461
vt 0.620424 0.499268
vt 0.706429 0.499268
vt 0.706412 0.499268
vt 0.706429 0.503168
vt 0.706429 0.507069
vt 0.706429 0.510969
vt 0.706429 0.518770
vt 0.706429 0.514870
vt 0.706429 0.522671
vt 0.706429 0.530472
vt 0.706429 0.526571
vt 0.706429 0.534372
vt 0.706429 0.546074
vt 0.706429 0.542174
vt 0.706429 0.553875
vt 0.706429 0.549975
vt 0.706429 0.538273
vt 0.706429 0.557776
vt 0.706429 0.565577
vt 0.706429 0.561676
vt 0.706429 0.577278
vt 0.706429 0.573378
vt 0.706429 0.587208
vt 0.706429 0.581535
vt 0.706429 0.569477
vt 0.706429 0.592880
vt 0.697921 0.592155
vt 0.706429 0.600681
vt 0.706429 0.596781
vt 0.706429 0.612383
vt 0.706429 0.608482
vt 0.706429 0.620184
vt 0.706429 0.616283
vt 0.706429 0.604582
vt 0.706429 0.624920
vt 0.706429 0.624084
vt 0.706429 0.635786
vt 0.706429 0.631886
vt 0.706429 0.643587
vt 0.706429 0.639687
vt 0.706429 0.647488
vt 0.706429 0.655289
vt 0.706429 0.651388
vt 0.704302 0.623721
vt 0.706429 0.659189
vt 0.706429 0.670891
vt 0.706429 0.666990
vt 0.706429 0.663090
vt 0.706429 0.678692
vt 0.706429 0.674791
vt 0.706429 0.682592
vt 0.706429 0.690393
vt 0.706429 0.702095
vt 0.706429 0.698195
vt 0.706429 0.694294
vt 0.706429 0.705996
vt 0.706429 0.713797
vt 0.706429 0.709896
vt 0.706429 0.686493
vt 0.706429 0.717697
vt 0.706429 0.729399
vt 0.706429 0.725498
vt 0.706429 0.721598
vt 0.706429 0.737200
vt 0.706429 0.748901
vt 0.702175 0.746315
vt 0.706429 0.745001
vt 0.706429 0.741100
vt 0.706429 0.733299
vt 0.706429 0.750573
vt 0.706429 0.756702
vt 0.706429 0.760603
vt 0.706429 0.768404
vt 0.706429 0.764504
vt 0.706429 0.772305
vt 0.706429 0.784006
vt 0.706429 0.780106
vt 0.706429 0.791807
vt 0.706429 0.787907
vt 0.706429 0.795708
vt 0.706429 0.807409
vt 0.706429 0.803509
vt 0.706429 0.799608
vt 0.706429 0.815210
vt 0.706429 0.826912
vt 0.706429 0.823011
vt 0.706429 0.819111
vt 0.706429 0.830813
vt 0.706429 0.838614
vt 0.706429 0.834713
vt 0.706429 0.811310
vt 0.706429 0.850315
vt 0.706429 0.846415
vt 0.706429 0.858116
vt 0.706429 0.854216
vt 0.706429 0.862017
vt 0.706429 0.869818
vt 0.702175 0.870816
vt 0.706429 0.865917
vt 0.706429 0.874555
vt 0.706429 0.877619
vt 0.706429 0.881519
vt 0.706429 0.885420
vt 0.706429 0.897121
vt 0.706429 0.893221
vt 0.706429 0.889320
vt 0.706429 0.873718
vt 0.704302 0.873609
vt 0.706429 0.842514
vt 0.706429 0.776205
vt 0.706429 0.904922
vt 0.706429 0.901022
vt 0.706429 0.908823
vt 0.706429 0.916624
vt 0.706429 0.912724
vt 0.706429 0.920525
vt 0.706429 0.932226
vt 0.706429 0.928326
vt 0.706429 0.940027
vt 0.706429 0.936127
vt 0.706429 0.924425
vt 0.706429 0.943928
vt 0.706429 0.951729
vt 0.706429 0.947828
vt 0.706429 0.963430
vt 0.706429 0.959530
vt 0.706429 0.967331
vt 0.706429 0.955629
vt 0.706429 0.975132
vt 0.706429 0.986834
vt 0.706429 0.982933
vt 0.706429 0.979033
vt 0.706429 0.994635
vt 0.702175 0.992730
vt 0.706429 0.990734
vt 0.704302 0.995632
vt 0.706429 0.971231
vt 0.706429 0.996585
vt 0.706429 0.998535
vt 0.706429 0.997560
vt 0.620424 0.522489
vt 0.620424 0.534099
vt 0.620424 0.528294
vt 0.620424 0.516684
vt 0.620424 0.540087
vt 0.620424 0.551698
vt 0.620424 0.557322
vt 0.620424 0.568933
vt 0.620424 0.580543
vt 0.620424 0.592155
vt 0.620424 0.586349
vt 0.620424 0.603766
vt 0.620424 0.615377
vt 0.620424 0.609571
vt 0.620424 0.632551
vt 0.620424 0.644404
vt 0.620424 0.638598
vt 0.620424 0.620940
vt 0.620424 0.766319
vt 0.620424 0.777927
vt 0.620424 0.789539
vt 0.620424 0.510879
vt 0.620424 0.656015
vt 0.620424 0.650209
vt 0.620424 0.661820
vt 0.620424 0.667626
vt 0.620424 0.679236
vt 0.620424 0.673431
vt 0.620424 0.690847
vt 0.620424 0.685042
vt 0.620424 0.696652
vt 0.620424 0.702457
vt 0.620424 0.708263
vt 0.620424 0.719875
vt 0.620424 0.714069
vt 0.620424 0.731486
vt 0.620424 0.743519
vt 0.620424 0.737502
vt 0.620424 0.725680
vt 0.620424 0.754706
vt 0.620424 0.801150
vt 0.620424 0.812762
vt 0.620424 0.824373
vt 0.620424 0.859052
vt 0.620424 0.894157
vt 0.620424 0.835983
vt 0.620424 0.847351
vt 0.620424 0.870816
vt 0.620424 0.881987
vt 0.620424 0.928870
vt 0.620424 0.975314
vt 0.620424 0.986925
vt 0.620424 0.963703
vt 0.620424 0.905859
vt 0.620424 0.917258
vt 0.620424 0.940963
vt 0.620424 0.951729
vt 0.620424 0.998535
vt 0.613699 0.029044
vt 0.038203 0.139595
vt 0.606975 0.067753
vt 0.620424 0.029028
vt 0.620424 0.075471
vt 0.620424 0.174164
vt 0.620424 0.232218
vt 0.620424 0.546074
vt 0.620424 0.563128
vt 0.620424 0.574738
vt 0.620424 0.597960
vt 0.620424 0.626503
s 1
usemtl metal_black
f 242/1/1 241/2/1 2/3/1
f 241/2/1 1/4/1 7/5/1
f 8/6/1 2/3/1 241/2/1
f 7/5/1 8/6/1 241/2/1
f 3/7/1 8/6/1 9/8/1
f 4/9/1 9/8/1 10/10/1
f 5/11/2 10/10/1 11/12/1
f 198/13/1 197/14/1 14/15/1
f 6/16/1 200/17/1 198/13/1
f 200/17/1 13/18/1 197/14/1
f 198/13/1 14/15/1 15/19/1
f 7/5/1 6/16/1 198/13/1
f 15/19/1 7/5/1 198/13/1
f 8/6/1 15/19/1 16/20/1
f 9/8/1 16/20/1 17/21/1
f 10/10/1 17/21/1 18/22/1
f 11/12/1 18/22/1 19/23/1
f 239/24/1 12/25/1 11/12/1
f 19/23/1 20/26/1 239/24/1
f 11/12/1 19/23/1 239/24/1
f 236/27/1 237/28/1 21/29/1
f 238/30/1 239/24/1 240/31/1
f 240/31/1 20/26/1 237/28/1
f 202/32/1 201/33/1 22/34/1
f 197/14/1 13/18/1 202/32/1
f 202/32/1 22/34/1 23/35/1
f 23/35/1 14/15/1 197/14/1
f 197/14/1 202/32/1 23/35/1
f 15/19/1 23/35/1 24/36/1
f 16/20/1 24/36/1 25/37/1
f 17/21/1 25/37/1 26/38/1
f 18/22/1 26/38/1 27/39/1
f 19/23/1 27/39/1 28/40/1
f 20/26/1 28/40/1 29/41/1
f 234/42/1 21/29/1 237/28/1
f 237/28/1 20/26/1 29/41/1
f 29/41/1 30/43/1 234/42/1
f 234/42/1 237/28/1 29/41/1
f 235/44/1 30/43/1 231/45/1
f 205/46/1 204/47/1 31/48/1
f 22/34/1 206/49/1 205/46/1
f 205/46/1 31/48/1 32/50/1
f 23/35/1 22/34/1 205/46/1
f 32/50/1 23/35/1 205/46/1
f 24/36/1 32/50/1 33/51/1
f 25/37/1 33/51/1 34/52/1
f 26/38/1 34/52/1 35/53/1
f 27/39/1 35/53/1 36/54/1
f 28/40/1 36/54/1 37/55/1
f 29/41/1 37/55/1 38/56/1
f 232/57/1 30/43/1 29/41/1
f 38/56/1 39/58/1 232/57/1
f 29/41/1 38/56/1 232/57/1
f 231/45/1 232/57/1 233/59/1
f 233/59/1 39/58/1 228/60/1
f 208/61/1 207/62/1 40/63/1
f 31/48/1 209/64/1 208/61/1
f 208/61/1 40/63/1 41/65/1
f 32/50/1 31/48/1 208/61/1
f 41/65/1 32/50/1 208/61/1
f 33/51/1 41/65/1 42/66/1
f 34/52/1 42/66/1 43/67/1
f 35/53/1 43/67/1 44/68/1
f 36/54/1 44/68/1 45/69/1
f 37/55/1 45/69/1 46/70/1
f 38/56/1 46/70/1 47/71/1
f 229/72/1 39/58/1 38/56/1
f 47/71/1 48/73/1 229/72/1
f 38/56/1 47/71/1 229/72/1
f 228/60/1 229/72/1 230/74/1
f 230/74/1 48/73/1 225/75/1
f 40/63/1 211/76/1 210/77/1
f 210/77/1 49/78/1 215/79/1
f 215/79/1 50/80/1 41/65/1
f 41/65/1 40/63/1 210/77/1
f 210/77/1 215/79/1 41/65/1
f 42/66/1 50/80/1 51/81/1
f 43/67/1 51/81/1 52/82/1
f 44/68/1 52/82/1 53/83/1
f 45/69/1 53/83/1 54/84/1
f 46/70/1 54/84/1 55/85/1
f 47/71/1 55/85/1 56/86/1
f 222/87/1 57/88/1 226/89/1
f 226/89/1 48/73/1 47/71/1
f 47/71/1 56/86/1 222/87/1
f 222/87/1 226/89/1 47/71/1
f 225/75/1 226/89/1 227/90/1
f 214/91/1 213/92/1 58/93/1
f 50/80/1 216/94/1 214/91/1
f 215/79/1 212/95/1 216/94/1
f 214/91/1 58/93/1 59/96/1
f 51/81/1 50/80/1 214/91/1
f 59/96/1 51/81/1 214/91/1
f 52/82/1 59/96/1 60/97/1
f 53/83/1 60/97/1 61/98/1
f 54/84/1 61/98/1 62/99/1
f 55/85/1 62/99/1 63/100/1
f 223/101/1 56/86/1 55/85/1
f 63/100/1 64/102/1 223/101/1
f 55/85/1 63/100/1 223/101/1
f 57/88/1 224/103/1 221/104/1
f 222/87/1 223/101/1 224/103/1
f 224/103/1 64/102/1 220/105/1
f 60/97/1 65/106/1 66/107/1
f 61/98/1 66/107/1 67/108/1
f 62/99/1 67/108/1 68/109/1
f 217/110/1 69/111/2 63/100/1
f 62/99/1 68/109/1 217/110/1
f 63/100/1 62/99/1 217/110/1
f 217/110/1 218/112/1 219/113/1
f 195/114/1 70/115/1 6/16/1
f 195/114/1 6/16/1 194/116/1
f 194/116/1 1/4/1 193/117/1
f 196/118/1 70/115/1 71/119/1
f 73/120/1 200/17/1 196/118/1
f 73/120/1 74/121/1 200/17/1
f 70/115/1 196/118/1 6/16/1
f 73/120/1 196/118/1 72/122/1
f 72/122/1 196/118/1 71/119/1
f 6/16/1 7/5/1 194/116/1
f 243/123/1 189/124/1 190/125/1
f 191/126/1 243/123/1 190/125/1
f 242/1/1 189/124/1 243/123/1
f 242/1/1 187/127/1 188/128/1
f 189/124/1 242/1/1 188/128/1
f 242/1/1 3/7/1 187/127/1
f 192/129/1 193/117/1 1/4/1
f 7/5/1 1/4/1 194/116/1
f 191/126/1 192/129/1 1/4/1
f 1/4/1 241/2/1 191/126/1
f 191/126/1 241/2/1 243/123/1
f 2/3/1 3/7/1 242/1/1
f 74/121/1 75/130/1 199/131/1
f 83/132/1 203/133/1 82/134/1
f 81/135/1 203/133/1 80/136/1
f 81/135/1 82/134/1 203/133/1
f 84/137/1 201/33/1 83/132/1
f 89/138/1 206/49/1 88/139/1
f 206/49/1 87/140/1 88/139/1
f 87/140/1 206/49/1 86/141/1
f 201/33/1 85/142/1 86/141/1
f 84/137/1 85/142/1 201/33/1
f 90/143/1 204/47/1 89/138/1
f 77/144/1 13/18/1 199/131/1
f 13/18/1 77/144/1 78/145/1
f 199/131/1 76/146/1 77/144/1
f 75/130/1 76/146/1 199/131/1
f 74/121/1 199/131/1 200/17/1
f 13/18/1 78/145/1 79/147/1
f 83/132/1 201/33/1 203/133/1
f 86/141/1 206/49/1 201/33/1
f 80/136/1 13/18/1 79/147/1
f 204/47/1 206/49/1 89/138/1
f 13/18/1 80/136/1 202/32/1
f 202/32/1 80/136/1 203/133/1
f 204/47/1 90/143/1 91/148/1
f 3/7/1 184/149/1 185/150/1
f 183/151/1 184/149/1 4/9/1
f 4/9/1 182/152/1 183/151/1
f 185/150/1 186/153/1 3/7/1
f 181/154/1 182/152/1 4/9/1
f 3/7/1 4/9/1 184/149/1
f 5/11/2 181/154/1 4/9/1
f 180/155/2 181/154/1 5/11/2
f 177/156/2 5/11/2 11/12/1
f 179/157/3 180/155/2 5/11/2
f 3/7/1 186/153/1 187/127/1
f 177/156/2 12/25/1 176/158/1
f 178/159/4 5/11/2 177/156/2
f 175/160/1 176/158/1 12/25/1
f 238/30/1 174/161/1 175/160/1
f 178/159/4 179/157/3 5/11/2
f 173/162/1 174/161/1 238/30/1
f 12/25/1 238/30/1 175/160/1
f 238/30/1 240/31/1 171/163/1
f 172/164/1 173/162/1 238/30/1
f 172/164/1 238/30/1 171/163/1
f 236/27/1 170/165/1 171/163/1
f 11/12/1 12/25/1 177/156/2
f 170/165/1 236/27/1 169/166/1
f 21/29/1 167/167/1 236/27/1
f 169/166/1 236/27/1 168/168/1
f 167/167/1 168/168/1 236/27/1
f 240/31/1 236/27/1 171/163/1
f 21/29/1 165/169/1 166/170/1
f 167/167/1 21/29/1 166/170/1
f 21/29/1 164/171/1 165/169/1
f 234/42/1 164/171/1 21/29/1
f 161/172/1 235/44/1 231/45/1
f 235/44/1 164/171/1 234/42/1
f 163/173/1 235/44/1 162/174/1
f 161/172/1 162/174/1 235/44/1
f 161/172/1 231/45/1 160/175/1
f 159/176/1 160/175/1 231/45/1
f 163/173/1 164/171/1 235/44/1
f 157/177/1 158/178/1 233/59/1
f 231/45/1 158/178/1 159/176/1
f 156/179/1 157/177/1 233/59/1
f 156/179/1 233/59/1 155/180/1
f 228/60/1 154/181/1 155/180/1
f 233/59/1 158/178/1 231/45/1
f 228/60/1 155/180/1 233/59/1
f 92/182/1 209/64/1 204/47/1
f 93/183/1 94/184/1 209/64/1
f 92/182/1 93/183/1 209/64/1
f 209/64/1 94/184/1 95/185/1
f 207/62/1 96/186/1 97/187/1
f 97/187/1 98/188/1 207/62/1
f 100/189/1 211/76/1 99/190/1
f 211/76/1 98/188/1 99/190/1
f 95/185/1 96/186/1 207/62/1
f 211/76/1 100/189/1 101/191/1
f 95/185/1 207/62/1 209/64/1
f 98/188/1 211/76/1 207/62/1
f 210/77/1 101/191/1 49/78/1
f 101/191/1 210/77/1 211/76/1
f 103/192/1 49/78/1 102/193/1
f 101/191/1 102/193/1 49/78/1
f 212/95/1 49/78/1 104/194/1
f 105/195/1 212/95/1 104/194/1
f 108/196/1 216/94/1 212/95/1
f 105/195/1 106/197/1 212/95/1
f 106/197/1 107/198/1 212/95/1
f 104/194/1 49/78/1 103/192/1
f 216/94/1 108/196/1 213/92/1
f 112/199/1 58/93/1 213/92/1
f 108/196/1 109/200/1 213/92/1
f 109/200/1 110/201/1 213/92/1
f 213/92/1 111/202/1 112/199/1
f 113/203/1 58/93/1 112/199/1
f 58/93/1 114/204/1 59/96/1
f 114/204/1 58/93/1 113/203/1
f 111/202/1 213/92/1 110/201/1
f 115/205/1 65/106/1 114/204/1
f 59/96/1 114/204/1 65/106/1
f 116/206/1 65/106/1 115/205/1
f 117/207/1 65/106/1 116/206/1
f 121/208/1 67/108/1 66/107/1
f 66/107/1 65/106/1 118/209/1
f 65/106/1 117/207/1 118/209/1
f 66/107/1 119/210/1 120/211/1
f 120/211/1 121/208/1 66/107/1
f 122/212/1 123/213/1 67/108/1
f 122/212/1 67/108/1 121/208/1
f 118/209/1 119/210/1 66/107/1
f 124/214/1 67/108/1 123/213/1
f 212/95/1 107/198/1 108/196/1
f 152/215/1 228/60/1 230/74/1
f 149/216/1 230/74/1 225/75/1
f 57/88/1 143/217/1 226/89/1
f 140/218/1 57/88/1 221/104/1
f 139/219/1 140/218/1 221/104/1
f 137/220/1 221/104/1 224/103/1
f 138/221/1 139/219/1 221/104/1
f 57/88/1 141/222/1 142/223/1
f 141/222/1 57/88/1 140/218/1
f 57/88/1 142/223/1 143/217/1
f 149/216/1 225/75/1 148/224/1
f 150/225/1 230/74/1 149/216/1
f 151/226/1 152/215/1 230/74/1
f 151/226/1 230/74/1 150/225/1
f 228/60/1 152/215/1 153/227/1
f 144/228/1 227/90/1 143/217/1
f 226/89/1 143/217/1 227/90/1
f 145/229/1 227/90/1 144/228/1
f 225/75/1 146/230/1 147/231/1
f 145/229/1 146/230/1 227/90/1
f 225/75/1 147/231/1 148/224/1
f 146/230/1 225/75/1 227/90/1
f 154/181/1 228/60/1 153/227/1
f 219/113/1 128/232/2 217/110/1
f 128/232/2 69/111/2 217/110/1
f 129/233/5 69/111/2 128/232/2
f 131/234/2 63/100/1 69/111/2
f 125/235/1 218/112/1 124/214/1
f 67/108/1 218/112/1 68/109/1
f 126/236/1 218/112/1 125/235/1
f 127/237/1 219/113/1 126/236/1
f 218/112/1 126/236/1 219/113/1
f 128/232/2 219/113/1 127/237/1
f 218/112/1 67/108/1 124/214/1
f 135/238/1 220/105/1 134/239/1
f 64/102/1 133/240/1 220/105/1
f 136/241/1 220/105/1 135/238/1
f 136/241/1 224/103/1 220/105/1
f 221/104/1 137/220/1 138/221/1
f 137/220/1 224/103/1 136/241/1
f 64/102/1 63/100/1 131/234/2
f 131/234/2 132/242/1 64/102/1
f 220/105/1 133/240/1 134/239/1
f 133/240/1 64/102/1 132/242/1
f 131/234/2 69/111/2 130/243/6
f 130/243/6 69/111/2 129/233/5
f 92/182/1 204/47/1 91/148/1
f 318/244/7 316/245/7 245/246/7
f 244/247/7 319/248/7 318/244/7
f 314/249/7 315/250/7 246/251/7
f 245/246/7 317/252/7 314/249/7
f 415/253/7 247/254/8 414/255/7
f 246/251/7 415/253/7 414/255/7
f 428/256/7 429/257/7 249/258/7
f 431/259/7 244/247/7 429/257/7
f 248/260/7 431/259/7 428/256/7
f 318/244/7 429/257/7 244/247/7
f 429/257/7 250/261/7 249/258/7
f 250/261/7 318/244/7 245/246/7
f 318/244/7 250/261/7 429/257/7
f 314/249/7 250/261/7 245/246/7
f 251/262/7 314/249/7 246/251/7
f 250/261/7 314/249/7 251/262/7
f 345/263/8 414/255/7 247/254/8
f 414/255/7 251/262/7 246/251/7
f 251/262/7 345/263/8 252/264/8
f 345/263/8 251/262/7 414/255/7
f 343/265/8 342/266/7 253/267/7
f 345/263/8 344/268/8 346/269/8
f 252/264/8 346/269/8 343/265/8
f 365/270/7 433/271/7 254/272/7
f 434/273/7 248/260/7 433/271/7
f 428/256/7 433/271/7 248/260/7
f 433/271/7 255/274/7 254/272/7
f 255/274/7 428/256/7 249/258/7
f 428/256/7 255/274/7 433/271/7
f 255/274/7 250/261/7 256/275/7
f 256/275/7 251/262/7 257/276/7
f 257/276/7 252/264/8 258/277/7
f 340/278/7 343/265/8 253/267/7
f 343/265/8 258/277/7 252/264/8
f 258/277/7 340/278/7 259/279/7
f 340/278/7 258/277/7 343/265/8
f 340/278/7 339/280/7 341/281/7
f 259/279/7 341/281/7 336/282/7
f 363/283/7 364/284/7 260/285/7
f 366/286/7 254/272/7 364/284/7
f 364/284/7 261/287/7 260/285/7
f 255/274/7 364/284/7 254/272/7
f 261/287/7 364/284/7 255/274/7
f 261/287/7 256/275/7 262/288/7
f 262/288/7 257/276/7 263/289/7
f 263/289/7 258/277/7 264/290/7
f 337/291/7 258/277/7 259/279/7
f 264/290/7 337/291/7 265/292/7
f 258/277/7 337/291/7 264/290/7
f 337/291/7 336/282/7 338/293/7
f 265/292/7 338/293/7 335/294/7
f 367/295/7 368/296/7 266/297/7
f 369/298/7 260/285/7 368/296/7
f 368/296/7 382/299/7 266/297/7
f 382/299/7 261/287/7 267/300/7
f 261/287/7 368/296/7 260/285/7
f 368/296/7 261/287/7 382/299/7
f 267/300/7 262/288/7 268/301/7
f 268/301/7 263/289/7 269/302/7
f 269/302/7 264/290/7 270/303/8
f 298/304/8 356/305/7 271/306/7
f 356/305/7 264/290/7 265/292/7
f 264/290/7 298/304/8 270/303/8
f 298/304/8 264/290/7 356/305/7
f 356/305/7 335/294/7 357/307/7
f 271/306/7 357/307/7 355/308/7
f 380/309/7 381/310/7 272/311/7
f 383/312/7 267/300/7 381/310/7
f 379/313/7 382/299/7 383/312/7
f 381/310/7 396/314/7 272/311/7
f 396/314/7 268/301/7 273/315/7
f 268/301/7 381/310/7 267/300/7
f 381/310/7 268/301/7 396/314/7
f 291/316/7 269/302/7 274/317/7
f 268/301/7 291/316/7 273/315/7
f 269/302/7 291/316/7 268/301/7
f 294/318/7 299/319/8 275/320/8
f 299/319/8 269/302/7 270/303/8
f 269/302/7 294/318/7 274/317/7
f 294/318/7 269/302/7 299/319/8
f 300/321/8 271/306/7 297/322/7
f 299/319/8 298/304/8 300/321/8
f 275/320/8 300/321/8 296/323/8
f 397/324/7 273/315/7 292/325/7
f 397/324/7 272/311/7 396/314/7
f 293/326/7 274/317/7 290/327/7
f 292/325/7 291/316/7 293/326/7
f 275/320/8 295/328/7 294/318/7
f 290/327/7 294/318/7 295/328/7
f 310/329/7 309/330/7 244/247/7
f 309/330/7 308/331/7 244/247/7
f 244/247/7 311/332/7 310/329/7
f 431/259/7 313/333/7 320/334/7
f 311/332/7 244/247/7 320/334/7
f 313/333/7 312/335/7 320/334/7
f 312/335/7 311/332/7 320/334/7
f 416/336/7 313/333/7 430/337/7
f 319/248/7 244/247/7 308/331/7
f 304/338/7 303/339/7 316/245/7
f 303/339/7 302/340/7 316/245/7
f 316/245/7 305/341/7 304/338/7
f 319/248/7 307/342/7 306/343/7
f 319/248/7 305/341/7 316/245/7
f 316/245/7 302/340/7 317/252/7
f 319/248/7 308/331/7 307/342/7
f 319/248/7 306/343/7 305/341/7
f 301/344/7 317/252/7 302/340/7
f 432/345/7 422/346/7 421/347/7
f 419/348/7 432/345/7 420/349/7
f 421/347/7 420/349/7 432/345/7
f 434/273/7 422/346/7 432/345/7
f 365/270/7 426/350/7 425/351/7
f 424/352/7 423/353/7 434/273/7
f 365/270/7 425/351/7 424/352/7
f 423/353/7 422/346/7 434/273/7
f 427/354/7 426/350/7 365/270/7
f 430/337/7 418/355/7 417/356/7
f 430/337/7 313/333/7 431/259/7
f 419/348/7 418/355/7 430/337/7
f 417/356/7 416/336/7 430/337/7
f 424/352/7 434/273/7 365/270/7
f 432/345/7 419/348/7 248/260/7
f 430/337/7 248/260/7 419/348/7
f 366/286/7 427/354/7 365/270/7
f 366/286/7 358/357/7 427/354/7
f 315/250/7 413/358/7 412/359/7
f 412/359/7 411/360/7 315/250/7
f 317/252/7 301/344/7 413/358/7
f 415/253/7 315/250/7 410/361/7
f 411/360/7 410/361/7 315/250/7
f 408/362/7 415/253/7 409/363/7
f 410/361/7 409/363/7 415/253/7
f 407/364/7 415/253/7 408/362/7
f 317/252/7 413/358/7 315/250/7
f 247/254/8 406/365/7 405/366/9
f 405/366/9 404/367/9 247/254/8
f 407/364/7 406/365/7 247/254/8
f 404/367/9 403/368/7 344/268/8
f 346/269/8 344/268/8 334/369/7
f 403/368/7 402/370/7 344/268/8
f 334/369/7 344/268/8 402/370/7
f 247/254/8 404/367/9 344/268/8
f 247/254/8 415/253/7 407/364/7
f 334/369/7 333/371/7 342/266/7
f 342/266/7 333/371/7 332/372/7
f 332/372/7 331/373/7 342/266/7
f 346/269/8 334/369/7 342/266/7
f 331/373/7 330/374/7 342/266/7
f 253/267/7 342/266/7 330/374/7
f 330/374/7 339/280/7 253/267/7
f 327/375/7 341/281/7 339/280/7
f 329/376/7 339/280/7 330/374/7
f 339/280/7 328/377/7 327/375/7
f 327/375/7 326/378/7 341/281/7
f 325/379/7 341/281/7 326/378/7
f 339/280/7 329/376/7 328/377/7
f 322/380/7 338/293/7 336/282/7
f 324/381/7 323/382/7 336/282/7
f 322/380/7 336/282/7 323/382/7
f 322/380/7 321/383/7 338/293/7
f 325/379/7 324/381/7 336/282/7
f 325/379/7 336/282/7 341/281/7
f 359/384/7 366/286/7 363/283/7
f 359/384/7 363/283/7 360/385/7
f 360/385/7 363/283/7 361/386/7
f 370/387/7 362/388/7 369/298/7
f 372/389/7 371/390/7 367/295/7
f 369/298/7 371/390/7 370/387/7
f 363/283/7 362/388/7 361/386/7
f 372/389/7 367/295/7 373/391/7
f 362/388/7 363/283/7 369/298/7
f 374/392/7 367/295/7 266/297/7
f 367/295/7 371/390/7 369/298/7
f 379/313/7 375/393/7 374/392/7
f 378/394/7 379/313/7 383/312/7
f 375/393/7 379/313/7 376/395/7
f 376/395/7 379/313/7 377/396/7
f 374/392/7 266/297/7 379/313/7
f 374/392/7 373/391/7 367/295/7
f 383/312/7 380/309/7 378/394/7
f 386/397/7 380/309/7 272/311/7
f 380/309/7 384/398/7 378/394/7
f 378/394/7 377/396/7 379/313/7
f 380/309/7 386/397/7 385/399/7
f 387/400/7 272/311/7 388/401/7
f 387/400/7 386/397/7 272/311/7
f 380/309/7 385/399/7 384/398/7
f 389/402/7 388/401/7 272/311/7
f 397/324/7 390/403/7 389/402/7
f 397/324/7 292/325/7 392/404/7
f 292/325/7 293/326/7 395/405/7
f 390/403/7 397/324/7 391/406/7
f 272/311/7 397/324/7 389/402/7
f 392/404/7 292/325/7 393/407/7
f 292/325/7 395/405/7 394/408/7
f 394/408/7 393/407/7 292/325/7
f 391/406/7 397/324/7 392/404/7
f 276/409/7 395/405/7 293/326/7
f 353/410/7 355/308/7 357/307/7
f 355/308/7 350/411/7 271/306/7
f 398/412/7 357/307/7 335/294/7
f 271/306/7 350/411/7 297/322/7
f 347/413/7 297/322/7 348/414/7
f 350/411/7 349/415/7 297/322/7
f 348/414/7 297/322/7 349/415/7
f 289/416/7 300/321/8 297/322/7
f 351/417/7 350/411/7 355/308/7
f 335/294/7 400/418/7 399/419/7
f 400/418/7 335/294/7 401/420/7
f 338/293/7 321/383/7 401/420/7
f 352/421/7 355/308/7 353/410/7
f 335/294/7 399/419/7 398/412/7
f 354/422/7 353/410/7 357/307/7
f 398/412/7 354/422/7 357/307/7
f 355/308/7 352/421/7 351/417/7
f 401/420/7 335/294/7 338/293/7
f 280/423/7 295/328/7 281/424/7
f 295/328/7 282/425/7 281/424/7
f 280/423/7 290/327/7 295/328/7
f 283/426/7 282/425/7 295/328/7
f 290/327/7 278/427/7 277/428/7
f 290/327/7 280/423/7 279/429/7
f 279/429/7 278/427/7 290/327/7
f 293/326/7 290/327/7 277/428/7
f 296/323/8 300/321/8 289/416/7
f 287/430/7 296/323/8 288/431/7
f 297/322/7 347/413/7 289/416/7
f 288/431/7 296/323/8 289/416/7
f 286/432/10 275/320/8 296/323/8
f 275/320/8 285/433/10 284/434/7
f 287/430/7 286/432/10 296/323/8
f 286/432/10 285/433/10 275/320/8
f 284/434/7 283/426/7 275/320/8
f 283/426/7 295/328/7 275/320/8
f 293/326/7 277/428/7 276/409/7
f 359/384/7 358/357/7 366/286/7
f 437/435/11 499/436/12 496/437/13
f 495/438/14 493/439/15 438/440/16
f 495/438/14 496/437/13 497/441/17
f 492/442/18 490/443/19 439/444/20
f 492/442/18 493/439/15 494/445/21
f 439/444/20 491/446/22 489/447/23
f 495/438/14 441/448/24 437/435/11
f 442/449/25 495/438/14 438/440/16
f 441/448/24 495/438/14 442/449/25
f 492/442/18 442/449/25 438/440/16
f 443/450/26 492/442/18 439/444/20
f 442/449/25 492/442/18 443/450/26
f 445/451/27 442/449/25 446/452/28
f 446/452/28 443/450/26 447/453/29
f 450/454/30 445/451/27 446/452/28
f 450/454/30 447/453/29 451/455/31
f 454/456/32 449/457/33 450/454/30
f 454/456/32 451/455/31 455/458/34
f 457/459/35 454/456/32 458/460/36
f 459/461/37 454/456/32 455/458/34
f 461/462/38 458/460/36 462/463/39
f 463/464/40 458/460/36 459/461/37
f 466/465/41 461/462/38 462/463/39
f 467/466/42 462/463/39 463/464/40
f 469/467/43 466/465/41 470/468/44
f 471/469/45 466/465/41 467/466/42
f 474/470/46 469/467/43 470/468/44
f 475/471/47 470/468/44 471/469/45
f 478/472/48 473/473/49 474/470/46
f 479/474/50 474/470/46 475/471/47
f 507/475/51 478/472/48 482/476/52
f 477/477/53 507/475/51 481/478/54
f 478/472/48 507/475/51 477/477/53
f 510/479/55 479/474/50 483/480/56
f 478/472/48 510/479/55 482/476/52
f 479/474/50 510/479/55 478/472/48
f 503/481/57 504/482/58 481/478/54
f 547/483/59 548/484/60 505/485/61
f 506/486/62 507/475/51 482/476/52
f 503/481/57 507/475/51 508/487/63
f 511/488/64 483/480/56 509/489/65
f 511/488/64 482/476/52 510/479/55
f 513/490/66 483/480/56 512/491/67
f 499/436/12 514/492/68 435/493/69
f 499/436/12 515/494/70 514/492/68
f 498/495/71 517/496/72 516/497/73
f 441/448/24 518/498/74 517/496/72
f 498/495/71 516/497/73 515/494/70
f 496/437/13 499/436/12 488/499/75
f 435/493/69 488/499/75 499/436/12
f 497/441/17 496/437/13 488/499/75
f 437/435/11 441/448/24 498/495/71
f 517/496/72 498/495/71 441/448/24
f 498/495/71 515/494/70 499/436/12
f 441/448/24 519/500/76 518/498/74
f 445/451/27 519/500/76 441/448/24
f 522/501/77 521/502/78 445/451/27
f 523/503/79 522/501/77 449/457/33
f 521/502/78 520/504/80 445/451/27
f 525/505/81 524/506/82 453/507/83
f 526/508/84 525/505/81 453/507/83
f 528/509/85 527/510/86 457/459/35
f 529/511/87 528/509/85 457/459/35
f 527/510/86 526/508/84 453/507/83
f 524/506/82 523/503/79 449/457/33
f 461/462/38 529/511/87 457/459/35
f 494/445/21 487/512/88 486/513/89
f 488/499/75 487/512/88 497/441/17
f 497/441/17 487/512/88 493/439/15
f 486/513/89 490/443/19 494/445/21
f 491/446/22 490/443/19 486/513/89
f 436/514/90 491/446/22 486/513/89
f 440/515/7 491/446/22 436/514/90
f 444/516/91 489/447/23 440/515/7
f 439/444/20 489/447/23 443/450/26
f 443/450/26 489/447/23 444/516/91
f 491/446/22 440/515/7 489/447/23
f 522/501/77 445/451/27 449/457/33
f 448/517/92 443/450/26 444/516/91
f 527/510/86 453/507/83 457/459/35
f 453/507/83 524/506/82 449/457/33
f 447/453/29 452/518/93 451/455/31
f 455/458/34 460/519/94 459/461/37
f 460/519/94 463/464/40 459/461/37
f 451/455/31 456/520/95 455/458/34
f 461/462/38 532/521/96 531/522/97
f 465/523/98 533/524/99 532/521/96
f 534/525/100 465/523/98 469/467/43
f 535/526/101 534/525/100 469/467/43
f 461/462/38 465/523/98 532/521/96
f 535/526/101 469/467/43 536/527/102
f 536/527/102 473/473/49 537/528/103
f 537/528/103 473/473/49 538/529/104
f 538/529/104 473/473/49 539/530/105
f 539/530/105 477/477/53 540/531/106
f 530/532/107 461/462/38 531/522/97
f 504/482/58 542/533/108 541/534/109
f 504/482/58 543/535/110 542/533/108
f 544/536/111 549/537/112 545/538/113
f 549/537/112 546/539/114 545/538/113
f 548/484/60 544/536/111 543/535/110
f 505/485/61 548/484/60 504/482/58
f 543/535/110 504/482/58 548/484/60
f 547/483/59 484/540/115 549/537/112
f 503/481/57 547/483/59 505/485/61
f 484/540/115 547/483/59 500/541/116
f 549/537/112 484/540/115 546/539/114
f 504/482/58 541/534/109 477/477/53
f 477/477/53 541/534/109 540/531/106
f 503/481/57 500/541/116 547/483/59
f 467/466/42 464/542/91 468/543/117
f 539/530/105 473/473/49 477/477/53
f 473/473/49 536/527/102 469/467/43
f 471/469/45 468/543/117 472/544/90
f 476/545/118 479/474/50 475/471/47
f 471/469/45 476/545/118 475/471/47
f 508/487/63 500/541/116 503/481/57
f 511/488/64 501/546/119 506/486/62
f 508/487/63 506/486/62 501/546/119
f 502/547/120 501/546/119 511/488/64
f 508/487/63 501/546/119 500/541/116
f 480/548/7 512/491/67 479/474/50
f 512/491/67 483/480/56 479/474/50
f 485/549/7 512/491/67 480/548/7
f 513/490/66 502/547/120 509/489/65
f 512/491/67 485/549/7 513/490/66
f 502/547/120 513/490/66 485/549/7
f 509/489/65 502/547/120 511/488/64
f 481/478/54 504/482/58 477/477/53
f 552/550/121 629/551/122 626/552/123
f 553/553/124 627/554/125 623/555/126
f 552/550/121 627/554/125 625/556/127
f 554/557/128 624/558/129 620/559/130
f 553/553/124 624/558/129 622/560/131
f 554/557/128 621/561/132 619/562/133
f 625/556/127 556/563/134 552/550/121
f 557/564/135 625/556/127 553/553/124
f 556/563/134 625/556/127 557/564/135
f 622/560/131 557/564/135 553/553/124
f 558/565/136 622/560/131 554/557/128
f 557/564/135 622/560/131 558/565/136
f 560/566/137 557/564/135 561/567/138
f 561/567/138 558/565/136 562/568/139
f 564/569/140 561/567/138 565/570/141
f 565/570/141 562/568/139 566/571/142
f 568/572/143 565/570/141 569/573/144
f 569/573/144 566/571/142 570/574/145
f 572/575/146 569/573/144 573/576/147
f 573/576/147 570/574/145 574/577/148
f 576/578/149 573/576/147 577/579/150
f 577/579/150 574/577/148 578/580/151
f 580/581/152 577/579/150 581/582/153
f 581/582/153 578/580/151 582/583/154
f 584/584/155 581/582/153 585/585/156
f 585/585/156 582/583/154 586/586/157
f 588/587/158 585/585/156 589/588/159
f 589/588/159 586/586/157 590/589/160
f 592/590/161 589/588/159 593/591/162
f 594/592/163 589/588/159 590/589/160
f 609/593/164 593/591/162 597/594/165
f 592/590/161 609/593/164 596/595/166
f 593/591/162 609/593/164 592/590/161
f 612/596/167 594/592/163 598/597/168
f 593/591/162 612/596/167 597/594/165
f 594/592/163 612/596/167 593/591/162
f 607/598/169 596/595/166 605/599/170
f 610/600/171 597/594/165 608/601/172
f 610/600/171 596/595/166 609/593/164
f 613/602/173 598/597/168 611/603/174
f 608/601/172 612/596/167 613/602/173
f 611/603/174 614/604/175 615/605/176
f 629/551/122 630/606/177 550/607/178
f 628/608/179 632/609/180 631/610/181
f 556/563/134 633/611/182 632/609/180
f 628/608/179 631/610/181 630/606/177
f 626/552/123 629/551/122 618/612/183
f 550/607/178 618/612/183 629/551/122
f 627/554/125 626/552/123 618/612/183
f 552/550/121 556/563/134 628/608/179
f 632/609/180 628/608/179 556/563/134
f 628/608/179 630/606/177 629/551/122
f 556/563/134 634/613/184 633/611/182
f 560/566/137 635/614/185 634/613/184
f 560/566/137 636/615/186 635/614/185
f 637/616/187 560/566/137 564/569/140
f 638/617/188 637/616/187 564/569/140
f 639/618/189 568/572/143 640/619/190
f 564/569/140 639/618/189 638/617/188
f 640/619/190 568/572/143 641/620/191
f 642/621/192 641/620/191 568/572/143
f 643/622/193 642/621/192 572/575/146
f 644/623/194 643/622/193 572/575/146
f 556/563/134 560/566/137 634/613/184
f 624/558/129 617/624/195 616/625/196
f 618/612/183 617/624/195 627/554/125
f 627/554/125 617/624/195 623/555/126
f 616/625/196 620/559/130 624/558/129
f 621/561/132 620/559/130 616/625/196
f 551/626/7 621/561/132 616/625/196
f 555/627/7 621/561/132 551/626/7
f 559/628/197 619/562/133 555/627/7
f 554/557/128 619/562/133 558/565/136
f 558/565/136 619/562/133 559/628/197
f 621/561/132 555/627/7 619/562/133
f 559/628/197 562/568/139 558/565/136
f 562/568/139 567/629/7 566/571/142
f 642/621/192 568/572/143 572/575/146
f 568/572/143 639/618/189 564/569/140
f 566/571/142 571/630/198 570/574/145
f 570/574/145 575/631/199 574/577/148
f 575/631/199 578/580/151 574/577/148
f 576/578/149 644/623/194 572/575/146
f 576/578/149 646/632/200 645/633/201
f 576/578/149 647/634/202 646/632/200
f 580/581/152 649/635/203 648/636/204
f 584/584/155 650/637/205 649/635/203
f 580/581/152 648/636/204 647/634/202
f 580/581/152 647/634/202 576/578/149
f 584/584/155 649/635/203 580/581/152
f 652/638/206 584/584/155 588/587/158
f 653/639/207 652/638/206 588/587/158
f 650/637/205 584/584/155 651/640/208
f 592/590/161 654/641/209 588/587/158
f 606/642/210 657/643/211 656/644/212
f 606/642/210 658/645/213 657/643/211
f 656/644/212 655/646/214 592/590/161
f 659/647/215 606/642/210 607/598/169
f 660/648/216 659/647/215 607/598/169
f 607/598/169 602/649/217 600/650/218
f 660/648/216 607/598/169 600/650/218
f 592/590/161 606/642/210 656/644/212
f 654/641/209 653/639/207 588/587/158
f 607/598/169 605/599/170 602/649/217
f 582/583/154 579/651/8 583/652/219
f 582/583/154 587/653/199 586/586/157
f 606/642/210 592/590/161 596/595/166
f 586/586/157 591/654/220 590/589/160
f 594/592/163 591/654/220 595/655/199
f 594/592/163 595/655/199 614/604/175
f 610/600/171 602/649/217 605/599/170
f 603/656/221 610/600/171 608/601/172
f 603/656/221 613/602/173 604/657/222
f 611/603/174 604/657/222 613/602/173
f 610/600/171 603/656/221 602/649/217
f 594/592/163 614/604/175 598/597/168
f 615/605/176 614/604/175 599/658/7
f 595/655/199 599/658/7 614/604/175
f 611/603/174 615/605/176 604/657/222
f 601/659/7 604/657/222 615/605/176
f 599/658/7 601/659/7 615/605/176
f 663/660/223 740/661/224 737/662/225
f 664/663/226 738/664/227 734/665/228
f 663/660/223 738/664/227 736/666/229
f 733/667/230 731/668/231 665/669/232
f 733/667/230 734/665/228 735/670/233
f 665/669/232 732/671/234 730/672/235
f 736/666/229 667/673/236 663/660/223
f 668/674/237 736/666/229 664/663/226
f 667/673/236 736/666/229 668/674/237
f 733/667/230 668/674/237 664/663/226
f 669/675/238 733/667/230 665/669/232
f 668/674/237 733/667/230 669/675/238
f 671/676/239 668/674/237 672/677/240
f 672/677/240 669/675/238 673/678/241
f 676/679/242 671/676/239 672/677/240
f 677/680/243 672/677/240 673/678/241
f 680/681/244 675/682/245 676/679/242
f 680/681/244 677/680/243 681/683/246
f 684/684/247 679/685/248 680/681/244
f 685/686/249 680/681/244 681/683/246
f 687/687/250 684/684/247 688/688/251
f 689/689/252 684/684/247 685/686/249
f 692/690/253 687/687/250 688/688/251
f 693/691/254 688/688/251 689/689/252
f 696/692/255 691/693/256 692/690/253
f 697/694/257 692/690/253 693/691/254
f 700/695/258 695/696/259 696/692/255
f 701/697/260 696/692/255 697/694/257
f 704/698/261 699/699/262 700/695/258
f 705/700/263 700/695/258 701/697/260
f 720/701/264 704/698/261 708/702/265
f 703/703/266 720/701/264 707/704/267
f 704/698/261 720/701/264 703/703/266
f 723/705/268 705/700/263 709/706/269
f 704/698/261 723/705/268 708/702/265
f 705/700/263 723/705/268 704/698/261
f 716/707/270 717/708/271 707/704/267
f 772/709/272 773/710/273 718/711/274
f 775/712/275 776/713/276 774/714/277
f 780/715/278 777/716/279 778/717/280
f 783/718/281 780/715/278 781/719/282
f 784/720/283 785/721/284 783/718/281
f 789/722/285 786/723/286 787/724/287
f 792/725/288 789/722/285 790/726/289
f 795/727/290 792/725/288 793/728/291
f 796/729/292 797/730/293 795/727/290
s 0
f 799/731/294 800/732/295 798/733/296
s 1
f 719/734/297 720/701/264 708/702/265
f 721/735/298 707/704/267 720/701/264
f 722/736/299 723/705/268 709/706/269
f 719/734/297 723/705/268 724/737/300
f 726/738/301 709/706/269 725/739/302
f 740/661/224 741/740/303 661/741/304
f 739/742/305 742/743/306 741/740/303
f 667/673/236 744/744/307 743/745/308
f 671/676/239 746/746/309 745/747/310
f 667/673/236 745/747/310 744/744/307
f 739/742/305 743/745/308 742/743/306
f 739/742/305 741/740/303 740/661/224
f 738/664/227 737/662/225 729/748/311
f 740/661/224 729/748/311 737/662/225
f 661/741/304 729/748/311 740/661/224
f 663/660/223 667/673/236 739/742/305
f 667/673/236 743/745/308 739/742/305
f 671/676/239 745/747/310 667/673/236
f 671/676/239 748/749/312 747/750/313
f 747/750/313 746/746/309 671/676/239
f 675/682/245 749/751/314 748/749/312
f 679/685/248 751/752/315 750/753/316
f 675/682/245 750/753/316 749/751/314
f 679/685/248 753/754/317 752/755/318
f 754/756/319 753/754/317 683/757/320
f 683/757/320 753/754/317 679/685/248
f 679/685/248 752/755/318 751/752/315
f 756/758/321 755/759/322 687/687/250
f 679/685/248 750/753/316 675/682/245
f 757/760/323 756/758/321 687/687/250
f 754/756/319 683/757/320 755/759/322
f 758/761/324 757/760/323 687/687/250
f 760/762/325 759/763/326 691/693/256
f 759/763/326 758/761/324 691/693/256
f 761/764/327 760/762/325 695/696/259
f 671/676/239 675/682/245 748/749/312
f 735/670/233 728/765/328 727/766/329
f 729/748/311 728/765/328 738/664/227
f 738/664/227 728/765/328 734/665/228
f 727/766/329 731/668/231 735/670/233
f 732/671/234 731/668/231 727/766/329
f 666/767/7 730/672/235 732/671/234
f 732/671/234 662/768/95 666/767/7
f 666/767/7 670/769/330 730/672/235
f 727/766/329 662/768/95 732/671/234
f 673/678/241 670/769/330 674/770/331
f 674/770/331 677/680/243 673/678/241
f 730/672/235 670/769/330 669/675/238
f 730/672/235 669/675/238 665/669/232
f 685/686/249 682/771/9 686/772/7
f 677/680/243 682/771/9 681/683/246
f 758/761/324 687/687/250 691/693/256
f 695/696/259 760/762/325 691/693/256
f 687/687/250 755/759/322 683/757/320
f 689/689/252 686/772/7 690/773/95
f 697/694/257 694/774/7 698/775/332
f 698/775/332 701/697/260 697/694/257
f 693/691/254 690/773/95 694/774/7
f 695/696/259 762/776/333 761/764/327
f 763/777/334 762/776/333 699/699/262
f 764/778/335 763/777/334 699/699/262
f 766/779/336 765/780/337 703/703/266
f 768/781/338 767/782/339 717/708/271
f 767/782/339 766/779/336 703/703/266
f 765/780/337 764/778/335 699/699/262
f 770/783/340 769/784/341 773/710/273
f 783/718/281 785/721/284 782/785/342
f 770/783/340 782/785/342 785/721/284
f 785/721/284 788/786/343 770/783/340
f 717/708/271 769/784/341 768/781/338
f 781/719/282 784/720/283 783/718/281
f 784/720/283 787/724/287 786/723/286
f 788/786/343 785/721/284 786/723/286
f 788/786/343 791/787/344 770/783/340
f 770/783/340 779/788/345 782/785/342
s 0
f 798/733/346 800/732/347 797/730/348
s 1
f 797/730/293 800/732/347 771/789/349
f 794/790/350 795/727/290 797/730/293
f 794/790/350 797/730/293 771/789/349
s 0
f 801/791/347 711/792/346 771/789/349
f 711/792/351 801/791/352 799/731/353
s 1
f 799/731/353 713/793/354 711/792/349
f 800/732/347 801/791/355 771/789/349
f 794/790/350 770/783/340 791/787/344
s 0
f 799/731/356 798/733/348 796/729/357
s 1
f 792/725/288 794/790/350 791/787/344
f 789/722/285 787/724/287 790/726/289
f 788/786/343 789/722/285 791/787/344
f 793/728/291 796/729/292 795/727/290
f 713/793/354 790/726/289 787/724/287
f 793/728/291 792/725/288 790/726/289
f 793/728/291 713/793/354 796/729/292
f 793/728/291 790/726/289 713/793/354
f 796/729/292 713/793/354 799/731/353
f 771/789/349 770/783/340 794/790/350
f 713/793/354 787/724/287 784/720/283
f 699/699/262 703/703/266 765/780/337
f 703/703/266 717/708/271 767/782/339
f 717/708/271 703/703/266 707/704/267
f 717/708/271 718/711/274 773/710/273
f 713/793/354 716/707/270 721/735/298
f 716/707/270 772/709/272 718/711/274
f 769/784/341 717/708/271 773/710/273
f 705/700/263 702/794/358 706/795/359
f 706/795/359 725/739/302 705/700/263
f 725/739/302 710/796/360 726/738/301
f 705/700/263 725/739/302 709/706/269
f 719/734/297 714/797/361 721/735/298
f 777/716/279 779/788/345 776/713/276
f 776/713/276 770/783/340 773/710/273
f 778/717/280 781/719/282 780/715/278
f 713/793/354 778/717/280 775/712/275
f 778/717/280 777/716/279 775/712/275
f 778/717/280 713/793/354 781/719/282
f 780/715/278 782/785/342 779/788/345
f 772/709/272 775/712/275 774/714/277
f 715/798/362 724/737/300 722/736/299
f 713/793/354 772/709/272 716/707/270
f 722/736/299 726/738/301 715/798/362
f 714/797/361 713/793/354 721/735/298
f 719/734/297 724/737/300 714/797/361
f 726/738/301 712/799/7 715/798/362
f 724/737/300 715/798/362 714/797/361
f 713/793/354 775/712/275 772/709/272
f 710/796/360 712/799/7 726/738/301
f 713/793/354 784/720/283 781/719/282
f 776/713/276 773/710/273 774/714/277
f 776/713/276 779/788/345 770/783/340
f 699/699/262 762/776/333 695/696/259
f 804/800/363 850/801/364 847/802/365
f 805/803/366 848/804/367 844/805/368
f 846/806/369 847/802/365 848/804/367
f 843/807/370 841/808/371 806/809/372
f 843/807/370 844/805/368 845/810/373
f 840/811/374 841/808/371 842/812/375
f 846/806/369 808/813/376 804/800/363
f 809/814/377 846/806/369 805/803/366
f 808/813/376 846/806/369 809/814/377
f 843/807/370 809/814/377 805/803/366
f 810/815/378 843/807/370 806/809/372
f 809/814/377 843/807/370 810/815/378
f 812/816/379 809/814/377 813/817/380
f 814/818/381 809/814/377 810/815/378
f 817/819/382 812/816/379 813/817/380
f 818/820/383 813/817/380 814/818/381
f 821/821/384 816/822/385 817/819/382
f 822/823/386 817/819/382 818/820/383
f 825/824/387 820/825/388 821/821/384
f 826/826/389 821/821/384 822/823/386
f 829/827/390 824/828/391 825/824/387
f 829/827/390 826/826/389 830/829/392
f 858/830/393 829/827/390 833/831/394
f 828/832/395 858/830/393 832/833/396
f 829/827/390 858/830/393 828/832/395
f 861/834/397 830/829/392 834/835/398
f 829/827/390 861/834/397 833/831/394
f 830/829/392 861/834/397 829/827/390
f 854/836/399 855/837/400 832/833/396
f 857/838/401 858/830/393 833/831/394
f 859/839/402 832/833/396 858/830/393
f 862/840/403 834/835/398 860/841/404
f 862/840/403 833/831/394 861/834/397
f 864/842/405 834/835/398 863/843/406
f 850/801/364 865/844/407 802/845/408
f 866/846/409 850/801/364 849/847/410
f 839/848/411 850/801/364 802/845/408
f 848/804/367 847/802/365 839/848/411
f 847/802/365 850/801/364 839/848/411
f 808/813/376 849/847/410 804/800/363
f 849/847/410 867/849/412 866/846/409
f 849/847/410 808/813/376 868/850/413
f 808/813/376 870/851/414 869/852/415
f 808/813/376 869/852/415 868/850/413
f 808/813/376 812/816/379 870/851/414
f 871/853/416 870/851/414 812/816/379
f 816/822/385 872/854/417 812/816/379
f 871/853/416 812/816/379 872/854/417
f 867/849/412 849/847/410 868/850/413
f 844/805/368 848/804/367 838/855/418
f 839/848/411 838/855/418 848/804/367
f 838/855/418 845/810/373 844/805/368
f 837/856/419 845/810/373 838/855/418
f 842/812/375 837/856/419 803/857/420
f 845/810/373 837/856/419 841/808/371
f 807/858/7 842/812/375 803/857/420
f 810/815/378 815/859/421 814/818/381
f 810/815/378 806/809/372 840/811/374
f 818/820/383 815/859/421 819/860/118
f 842/812/375 807/858/7 840/811/374
f 811/861/422 840/811/374 807/858/7
f 810/815/378 840/811/374 811/861/422
f 823/862/423 818/820/383 819/860/118
f 816/822/385 874/863/424 873/864/425
f 875/865/426 816/822/385 820/825/388
f 820/825/388 877/866/427 876/867/428
f 820/825/388 876/867/428 875/865/426
f 820/825/388 824/828/391 877/866/427
f 878/868/429 877/866/427 824/828/391
f 828/832/395 879/869/430 824/828/391
f 878/868/429 824/828/391 879/869/430
f 855/837/400 882/870/431 881/871/432
f 883/872/433 856/873/434 884/874/435
f 855/837/400 883/872/433 882/870/431
f 855/837/400 828/832/395 832/833/396
f 881/871/432 828/832/395 855/837/400
f 851/875/436 835/876/437 856/873/434
f 856/873/434 835/876/437 884/874/435
f 856/873/434 854/836/399 851/875/436
f 880/877/438 828/832/395 881/871/432
f 822/823/386 827/878/439 826/826/389
f 826/826/389 831/879/94 830/829/392
f 831/879/94 863/843/406 830/829/392
f 836/880/440 863/843/406 831/879/94
f 834/835/398 830/829/392 863/843/406
f 859/839/402 851/875/436 854/836/399
f 862/840/403 852/881/441 857/838/401
f 859/839/402 857/838/401 852/881/441
f 859/839/402 852/881/441 851/875/436
f 853/882/442 862/840/403 860/841/404
f 853/882/442 864/842/405 836/880/440
f 863/843/406 836/880/440 864/842/405
f 853/882/442 852/881/441 862/840/403
f 887/883/443 931/884/444 928/885/445
f 927/886/446 925/887/447 888/888/448
f 887/883/443 929/889/449 927/886/446
f 924/890/450 922/891/451 889/892/452
f 924/890/450 925/887/447 926/893/453
f 889/892/452 923/894/454 921/895/455
f 927/886/446 891/896/456 887/883/443
f 892/897/457 927/886/446 888/888/448
f 891/896/456 927/886/446 892/897/457
f 924/890/450 892/897/457 888/888/448
f 893/898/458 924/890/450 889/892/452
f 892/897/457 924/890/450 893/898/458
f 895/899/459 892/897/457 896/900/460
f 897/901/461 892/897/457 893/898/458
f 911/902/462 896/900/460 900/903/463
f 895/899/459 911/902/462 899/904/464
f 896/900/460 911/902/462 895/899/459
f 914/905/465 897/901/461 901/906/466
f 896/900/460 914/905/465 900/903/463
f 897/901/461 914/905/465 896/900/460
f 909/907/467 899/904/464 907/908/468
f 912/909/469 900/903/463 910/910/470
f 907/908/468 911/902/462 912/909/469
f 913/911/471 914/905/465 901/906/466
f 915/912/472 900/903/463 914/905/465
f 913/911/471 916/913/473 917/914/474
f 931/884/444 932/915/475 885/916/476
f 931/884/444 933/917/477 932/915/475
f 928/885/445 931/884/444 920/918/478
f 885/916/476 920/918/478 931/884/444
f 929/889/449 928/885/445 920/918/478
f 930/919/479 935/920/480 934/921/481
f 891/896/456 936/922/482 935/920/480
f 887/883/443 891/896/456 930/919/479
f 935/920/480 930/919/479 891/896/456
f 933/917/477 930/919/479 934/921/481
f 925/887/447 929/889/449 919/923/483
f 920/918/478 919/923/483 929/889/449
f 926/893/453 925/887/447 919/923/483
f 923/894/454 918/924/484 886/925/485
f 919/923/483 918/924/484 926/893/453
f 926/893/453 918/924/484 922/891/451
f 921/895/455 893/898/458 889/892/452
f 890/926/7 921/895/455 923/894/454
f 921/895/455 890/926/7 894/927/7
f 894/927/7 893/898/458 921/895/455
f 886/925/485 890/926/7 923/894/454
f 898/928/486 893/898/458 894/927/7
f 936/922/482 891/896/456 937/929/487
f 895/899/459 938/930/488 937/929/487
f 895/899/459 939/931/489 938/930/488
f 895/899/459 908/932/490 939/931/489
f 940/933/491 939/931/489 908/932/490
f 941/934/492 940/933/491 908/932/490
f 899/904/464 908/932/490 895/899/459
f 909/907/467 942/935/493 941/934/492
f 909/907/467 902/936/494 942/935/493
f 902/936/494 909/907/467 904/937/495
f 904/937/495 909/907/467 907/908/468
f 941/934/492 908/932/490 909/907/467
f 912/909/469 904/937/495 907/908/468
f 916/913/473 897/901/461 898/928/486
f 903/938/496 916/913/473 898/928/486
f 915/912/472 905/939/497 910/910/470
f 912/909/469 910/910/470 905/939/497
f 906/940/498 905/939/497 915/912/472
f 906/940/498 913/911/471 917/914/474
f 917/914/474 903/938/496 906/940/498
f 906/940/498 915/912/472 913/911/471
f 912/909/469 905/939/497 904/937/495
f 895/899/459 937/929/487 891/896/456
f 991/941/499 989/942/500 945/943/501
f 988/944/502 986/945/503 946/946/504
f 988/944/502 989/942/500 990/947/505
f 985/948/506 983/949/507 947/950/508
f 946/946/504 987/951/509 985/948/506
f 982/952/510 983/949/507 984/953/511
f 988/944/502 949/954/512 945/943/501
f 950/955/513 988/944/502 946/946/504
f 949/954/512 988/944/502 950/955/513
f 985/948/506 950/955/513 946/946/504
f 951/956/514 985/948/506 947/950/508
f 950/955/513 985/948/506 951/956/514
f 953/957/515 950/955/513 954/958/516
f 954/958/516 951/956/514 955/959/517
f 957/960/518 954/958/516 958/961/519
f 958/961/519 955/959/517 959/962/520
f 961/963/521 958/961/519 962/964/522
f 963/965/523 958/961/519 959/962/520
f 965/966/524 962/964/522 966/967/525
f 967/968/526 962/964/522 963/965/523
f 969/969/527 966/967/525 970/970/528
f 971/971/529 966/967/525 967/968/526
f 1000/972/530 970/970/528 974/973/531
f 969/969/527 1000/972/530 973/974/532
f 970/970/528 1000/972/530 969/969/527
f 1003/975/533 971/971/529 975/976/534
f 970/970/528 1003/975/533 974/973/531
f 971/971/529 1003/975/533 970/970/528
f 998/977/535 973/974/532 996/978/536
f 1001/979/537 974/973/531 999/980/538
f 996/978/536 1000/972/530 1001/979/537
f 1004/981/539 975/976/534 1002/982/540
f 999/980/538 1003/975/533 1004/981/539
f 1002/982/540 1005/983/541 1006/984/542
f 992/985/543 1007/986/544 943/987/545
f 1008/988/546 991/941/499 1009/989/547
f 992/985/543 1008/988/546 1007/986/544
f 989/942/500 992/985/543 981/990/548
f 943/987/545 981/990/548 992/985/543
f 991/941/499 945/943/501 949/954/512
f 990/947/505 989/942/500 981/990/548
f 1010/991/549 1009/989/547 991/941/499
f 949/954/512 1011/992/550 1010/991/549
f 953/957/515 1013/993/551 1012/994/552
f 949/954/512 1012/994/552 1011/992/550
f 953/957/515 1012/994/552 949/954/512
f 953/957/515 1015/995/553 1014/996/554
f 957/960/518 1015/995/553 953/957/515
f 953/957/515 1014/996/554 1013/993/551
f 1016/997/555 1015/995/553 957/960/518
f 991/941/499 949/954/512 1010/991/549
f 986/945/503 990/947/505 980/998/556
f 981/990/548 980/998/556 990/947/505
f 980/998/556 987/951/509 986/945/503
f 979/999/557 987/951/509 980/998/556
f 984/953/511 979/999/557 944/1000/558
f 987/951/509 979/999/557 983/949/507
f 948/1001/7 984/953/511 944/1000/558
f 955/959/517 952/1002/559 956/1003/560
f 951/956/514 947/950/508 982/952/510
f 955/959/517 960/1004/8 959/962/520
f 984/953/511 948/1001/7 982/952/510
f 952/1002/559 982/952/510 948/1001/7
f 951/956/514 982/952/510 952/1002/559
f 964/1005/561 959/962/520 960/1004/8
f 1016/997/555 957/960/518 1017/1006/562
f 961/963/521 1018/1007/563 1017/1006/562
f 965/966/524 1020/1008/564 1019/1009/565
f 961/963/521 1019/1009/565 1018/1007/563
f 965/966/524 1019/1009/565 961/963/521
f 1022/1010/566 965/966/524 969/969/527
f 1023/1011/567 1022/1010/566 969/969/527
f 965/966/524 1021/1012/568 1020/1008/564
f 969/969/527 997/1013/569 1024/1014/570
f 997/1013/569 1026/1015/571 1025/1016/572
f 997/1013/569 1025/1016/572 1024/1014/570
f 998/977/535 993/1017/573 977/1018/574
f 1027/1019/575 998/977/535 977/1018/574
f 998/977/535 1027/1019/575 1026/1015/571
f 973/974/532 997/1013/569 969/969/527
f 1023/1011/567 969/969/527 1024/1014/570
f 998/977/535 996/978/536 993/1017/573
f 963/965/523 968/1020/576 967/968/526
f 971/971/529 968/1020/576 972/1021/7
f 972/1021/7 1005/983/541 971/971/529
f 976/1022/7 1005/983/541 972/1021/7
f 975/976/534 971/971/529 1005/983/541
f 1001/979/537 993/1017/573 996/978/536
f 1004/981/539 994/1023/577 999/980/538
f 1001/979/537 999/980/538 994/1023/577
f 995/1024/578 994/1023/577 1004/981/539
f 1001/979/537 994/1023/577 993/1017/573
f 976/1022/7 1006/984/542 1005/983/541
f 995/1024/578 1006/984/542 978/1025/579
f 976/1022/7 978/1025/579 1006/984/542
f 995/1024/578 1004/981/539 1002/982/540
f 961/963/521 1017/1006/562 957/960/518
f 1092/1026/580 1090/1027/581 1030/1028/582
f 1142/1029/583 1143/1030/584 1093/1031/585
f 1144/1032/586 1147/1033/587 1146/1034/588
f 1148/1035/589 1149/1036/590 1147/1033/587
f 1031/1037/591 1091/1038/592 1087/1039/593
f 1030/1028/582 1091/1038/592 1089/1040/594
f 1032/1041/595 1088/1042/596 1084/1043/597
f 1031/1037/591 1088/1042/596 1086/1044/598
f 1032/1041/595 1085/1045/599 1083/1046/600
f 1089/1040/594 1034/1047/601 1030/1028/582
f 1035/1048/602 1089/1040/594 1031/1037/591
f 1034/1047/601 1089/1040/594 1035/1048/602
f 1086/1044/598 1035/1048/602 1031/1037/591
f 1036/1049/603 1086/1044/598 1032/1041/595
f 1035/1048/602 1086/1044/598 1036/1049/603
f 1038/1050/604 1035/1048/602 1039/1051/605
f 1039/1051/605 1036/1049/603 1040/1052/606
f 1042/1053/607 1039/1051/605 1043/1054/608
f 1043/1054/608 1040/1052/606 1044/1055/609
f 1047/1056/610 1042/1053/607 1043/1054/608
f 1047/1056/610 1044/1055/609 1048/1057/611
f 1050/1058/612 1047/1056/610 1051/1059/613
f 1052/1060/614 1047/1056/610 1048/1057/611
f 1054/1061/615 1051/1059/613 1055/1062/616
f 1055/1062/616 1052/1060/614 1056/1063/617
f 1058/1064/618 1055/1062/616 1059/1065/619
f 1059/1065/619 1056/1063/617 1060/1066/620
f 1062/1067/621 1059/1065/619 1063/1068/622
f 1063/1068/622 1060/1066/620 1064/1069/623
f 1067/1070/624 1062/1067/621 1063/1068/622
f 1067/1070/624 1064/1069/623 1068/1071/625
f 1070/1072/626 1067/1070/624 1071/1073/627
f 1072/1074/628 1067/1070/624 1068/1071/625
f 1101/1075/629 1071/1073/627 1075/1076/630
f 1070/1072/626 1101/1075/629 1074/1077/631
f 1071/1073/627 1101/1075/629 1070/1072/626
f 1104/1078/632 1072/1074/628 1076/1079/633
f 1071/1073/627 1104/1078/632 1075/1076/630
f 1072/1074/628 1104/1078/632 1071/1073/627
f 1097/1080/634 1098/1081/635 1074/1077/631
f 1153/1082/636 1099/1083/637 1151/1084/638
f 1100/1085/639 1101/1075/629 1075/1076/630
f 1097/1080/634 1101/1075/629 1102/1086/640
f 1105/1087/641 1076/1079/633 1103/1088/642
f 1105/1087/641 1075/1076/630 1104/1078/632
f 1103/1088/642 1106/1089/643 1107/1090/644
f 1150/1091/645 1108/1092/646 1028/1093/647
f 1150/1091/645 1109/1094/648 1108/1092/646
f 1149/1036/590 1150/1091/645 1028/1093/647
f 1110/1095/649 1109/1094/648 1148/1035/589
f 1145/1096/650 1110/1095/649 1148/1035/589
f 1146/1034/588 1147/1033/587 1149/1036/590
f 1082/1097/651 1149/1036/590 1028/1093/647
f 1142/1029/583 1145/1096/650 1144/1032/586
f 1111/1098/652 1145/1096/650 1142/1029/583
f 1146/1034/588 1143/1030/584 1144/1032/586
f 1145/1096/650 1148/1035/589 1147/1033/587
f 1082/1097/651 1143/1030/584 1146/1034/588
f 1111/1098/652 1110/1095/649 1145/1096/650
f 1146/1034/588 1149/1036/590 1082/1097/651
f 1092/1026/580 1111/1098/652 1142/1029/583
f 1112/1099/653 1111/1098/652 1092/1026/580
f 1114/1100/654 1113/1101/655 1034/1047/601
f 1116/1102/656 1115/1103/657 1034/1047/601
f 1115/1103/657 1114/1100/654 1034/1047/601
f 1112/1099/653 1092/1026/580 1113/1101/655
f 1118/1104/658 1117/1105/659 1038/1050/604
f 1119/1106/660 1118/1104/658 1042/1053/607
f 1121/1107/661 1120/1108/662 1046/1109/663
f 1123/1110/664 1122/1111/665 1046/1109/663
f 1122/1111/665 1121/1107/661 1046/1109/663
f 1120/1108/662 1119/1106/660 1042/1053/607
f 1117/1105/659 1116/1102/656 1038/1050/604
f 1123/1110/664 1046/1109/663 1050/1058/612
f 1091/1038/592 1082/1097/651 1081/1112/666
f 1093/1031/585 1143/1030/584 1090/1027/581
f 1090/1027/581 1143/1030/584 1082/1097/651
f 1030/1028/582 1034/1047/601 1092/1026/580
f 1092/1026/580 1142/1029/583 1093/1031/585
f 1087/1039/593 1091/1038/592 1081/1112/666
f 1085/1045/599 1080/1113/667 1029/1114/668
f 1087/1039/593 1081/1112/666 1088/1042/596
f 1088/1042/596 1081/1112/666 1080/1113/667
f 1080/1113/667 1084/1043/597 1088/1042/596
f 1033/1115/7 1085/1045/599 1029/1114/668
f 1113/1101/655 1092/1026/580 1034/1047/601
f 1032/1041/595 1083/1046/600 1036/1049/603
f 1042/1053/607 1118/1104/658 1038/1050/604
f 1040/1052/606 1045/1116/7 1044/1055/609
f 1034/1047/601 1038/1050/604 1116/1102/656
f 1036/1049/603 1041/1117/10 1040/1052/606
f 1033/1115/7 1037/1118/669 1083/1046/600
f 1037/1118/669 1036/1049/603 1083/1046/600
f 1085/1045/599 1033/1115/7 1083/1046/600
f 1044/1055/609 1049/1119/670 1048/1057/611
f 1053/1120/671 1048/1057/611 1049/1119/670
f 1042/1053/607 1046/1109/663 1120/1108/662
f 1123/1110/664 1050/1058/612 1124/1121/672
f 1054/1061/615 1126/1122/673 1125/1123/674
f 1054/1061/615 1127/1124/675 1126/1122/673
f 1058/1064/618 1129/1125/676 1128/1126/677
f 1058/1064/618 1130/1127/678 1129/1125/676
f 1054/1061/615 1128/1126/677 1127/1124/675
f 1054/1061/615 1125/1123/674 1050/1058/612
f 1058/1064/618 1128/1126/677 1054/1061/615
f 1131/1128/679 1130/1127/678 1062/1067/621
f 1133/1129/680 1132/1130/681 1062/1067/621
f 1132/1130/681 1131/1128/679 1062/1067/621
f 1058/1064/618 1062/1067/621 1130/1127/678
f 1133/1129/680 1066/1131/682 1134/1132/683
f 1124/1121/672 1050/1058/612 1125/1123/674
f 1136/1133/684 1135/1134/685 1070/1072/626
f 1137/1135/686 1136/1133/684 1070/1072/626
f 1098/1081/635 1139/1136/687 1138/1137/688
f 1140/1138/689 1153/1082/636 1141/1139/690
f 1152/1140/691 1140/1138/689 1139/1136/687
f 1098/1081/635 1138/1137/688 1137/1135/686
f 1099/1083/637 1152/1140/691 1098/1081/635
f 1139/1136/687 1098/1081/635 1152/1140/691
f 1151/1084/638 1078/1141/692 1153/1082/636
f 1097/1080/634 1151/1084/638 1099/1083/637
f 1078/1141/692 1151/1084/638 1094/1142/693
f 1153/1082/636 1078/1141/692 1141/1139/690
f 1137/1135/686 1070/1072/626 1098/1081/635
f 1066/1131/682 1135/1134/685 1134/1132/683
f 1097/1080/634 1094/1142/693 1151/1084/638
f 1052/1060/614 1057/1143/7 1056/1063/617
f 1056/1063/617 1061/1144/7 1060/1066/620
f 1133/1129/680 1062/1067/621 1066/1131/682
f 1070/1072/626 1135/1134/685 1066/1131/682
f 1060/1066/620 1065/1145/7 1064/1069/623
f 1073/1146/694 1068/1071/625 1069/1147/695
f 1064/1069/623 1069/1147/695 1068/1071/625
f 1102/1086/640 1094/1142/693 1097/1080/634
f 1105/1087/641 1095/1148/696 1100/1085/639
f 1102/1086/640 1100/1085/639 1095/1148/696
f 1103/1088/642 1096/1149/697 1105/1087/641
f 1095/1148/696 1105/1087/641 1096/1149/697
f 1102/1086/640 1095/1148/696 1094/1142/693
f 1106/1089/643 1072/1074/628 1073/1146/694
f 1077/1150/7 1106/1089/643 1073/1146/694
f 1106/1089/643 1077/1150/7 1107/1090/644
f 1107/1090/644 1096/1149/697 1103/1088/642
f 1107/1090/644 1077/1150/7 1079/1151/7
f 1107/1090/644 1079/1151/7 1096/1149/697
f 1074/1077/631 1098/1081/635 1070/1072/626
f 1200/1152/698 1198/1153/699 1156/1154/700
f 1157/1155/701 1199/1156/702 1195/1157/703
f 1197/1158/704 1198/1153/699 1199/1156/702
f 1158/1159/705 1196/1160/706 1192/1161/707
f 1157/1155/701 1196/1160/706 1194/1162/708
f 1191/1163/709 1192/1161/707 1193/1164/710
f 1197/1158/704 1160/1165/711 1156/1154/700
f 1161/1166/712 1197/1158/704 1157/1155/701
f 1160/1165/711 1197/1158/704 1161/1166/712
f 1194/1162/708 1161/1166/712 1157/1155/701
f 1162/1167/713 1194/1162/708 1158/1159/705
f 1161/1166/712 1194/1162/708 1162/1167/713
f 1165/1168/714 1160/1165/711 1161/1166/712
f 1165/1168/714 1162/1167/713 1166/1169/715
f 1181/1170/716 1165/1168/714 1169/1171/717
f 1164/1172/718 1181/1170/716 1168/1173/719
f 1165/1168/714 1181/1170/716 1164/1172/718
f 1184/1174/720 1166/1169/715 1170/1175/721
f 1165/1168/714 1184/1174/720 1169/1171/717
f 1166/1169/715 1184/1174/720 1165/1168/714
f 1177/1176/722 1178/1177/723 1168/1173/719
f 1214/1178/724 1179/1179/725 1212/1180/726
f 1180/1181/727 1181/1170/716 1169/1171/717
f 1182/1182/728 1168/1173/719 1181/1170/716
f 1183/1183/729 1184/1174/720 1170/1175/721
f 1180/1181/727 1184/1174/720 1185/1184/730
f 1187/1185/731 1170/1175/721 1186/1186/732
f 1201/1187/733 1202/1188/734 1154/1189/735
f 1200/1152/698 1202/1188/734 1201/1187/733
f 1190/1190/736 1201/1187/733 1154/1189/735
f 1190/1190/736 1198/1153/699 1201/1187/733
f 1199/1156/702 1198/1153/699 1190/1190/736
f 1200/1152/698 1203/1191/737 1202/1188/734
f 1200/1152/698 1160/1165/711 1204/1192/738
f 1160/1165/711 1205/1193/739 1204/1192/738
f 1156/1154/700 1160/1165/711 1200/1152/698
f 1206/1194/740 1160/1165/711 1164/1172/718
f 1207/1195/741 1206/1194/740 1164/1172/718
f 1204/1192/738 1203/1191/737 1200/1152/698
f 1195/1157/703 1199/1156/702 1189/1196/742
f 1190/1190/736 1189/1196/742 1199/1156/702
f 1196/1160/706 1195/1157/703 1189/1196/742
f 1193/1164/710 1188/1197/743 1155/1198/744
f 1189/1196/742 1188/1197/743 1196/1160/706
f 1196/1160/706 1188/1197/743 1192/1161/707
f 1191/1163/709 1162/1167/713 1158/1159/705
f 1159/1199/7 1191/1163/709 1193/1164/710
f 1191/1163/709 1159/1199/7 1163/1200/118
f 1163/1200/118 1162/1167/713 1191/1163/709
f 1155/1198/744 1159/1199/7 1193/1164/710
f 1167/1201/745 1162/1167/713 1163/1200/118
f 1164/1172/718 1178/1177/723 1208/1202/746
f 1178/1177/723 1209/1203/747 1208/1202/746
f 1178/1177/723 1213/1204/748 1209/1203/747
f 1209/1203/747 1213/1204/748 1210/1205/749
f 1178/1177/723 1164/1172/718 1168/1173/719
f 1214/1178/724 1210/1205/749 1213/1204/748
f 1211/1206/750 1210/1205/749 1214/1178/724
f 1172/1207/751 1211/1206/750 1214/1178/724
f 1177/1176/722 1212/1180/726 1179/1179/725
f 1172/1207/751 1214/1178/724 1212/1180/726
f 1212/1180/726 1174/1208/752 1172/1207/751
f 1178/1177/723 1179/1179/725 1213/1204/748
f 1212/1180/726 1177/1176/722 1174/1208/752
f 1182/1182/728 1174/1208/752 1177/1176/722
f 1167/1201/745 1186/1186/732 1166/1169/715
f 1170/1175/721 1166/1169/715 1186/1186/732
f 1186/1186/732 1171/1209/753 1187/1185/731
f 1185/1184/730 1175/1210/754 1180/1181/727
f 1182/1182/728 1180/1181/727 1175/1210/754
f 1176/1211/755 1175/1210/754 1185/1184/730
f 1176/1211/755 1183/1183/729 1187/1185/731
f 1187/1185/731 1173/1212/7 1176/1211/755
f 1176/1211/755 1185/1184/730 1183/1183/729
f 1171/1209/753 1173/1212/7 1187/1185/731
f 1182/1182/728 1175/1210/754 1174/1208/752
f 1164/1172/718 1208/1202/746 1207/1195/741
f 1279/1213/756 1277/1214/757 1217/1215/758
f 1276/1216/759 1274/1217/760 1218/1218/761
f 1217/1215/758 1278/1219/762 1276/1216/759
f 1219/1220/763 1275/1221/764 1271/1222/765
f 1218/1218/761 1275/1221/764 1273/1223/766
f 1219/1220/763 1272/1224/767 1270/1225/768
f 1276/1216/759 1221/1226/769 1217/1215/758
f 1222/1227/770 1276/1216/759 1218/1218/761
f 1221/1226/769 1276/1216/759 1222/1227/770
f 1273/1223/766 1222/1227/770 1218/1218/761
f 1223/1228/771 1273/1223/766 1219/1220/763
f 1222/1227/770 1273/1223/766 1223/1228/771
f 1225/1229/772 1222/1227/770 1226/1230/773
f 1226/1230/773 1223/1228/771 1227/1231/774
f 1229/1232/775 1226/1230/773 1230/1233/776
f 1230/1233/776 1227/1231/774 1231/1234/777
f 1233/1235/778 1230/1233/776 1234/1236/779
f 1234/1236/779 1231/1234/777 1235/1237/780
f 1237/1238/781 1234/1236/779 1238/1239/782
f 1238/1239/782 1235/1237/780 1239/1240/783
f 1241/1241/784 1238/1239/782 1242/1242/785
f 1242/1242/785 1239/1240/783 1243/1243/786
f 1245/1244/787 1242/1242/785 1246/1245/788
f 1246/1245/788 1243/1243/786 1247/1246/789
f 1249/1247/790 1246/1245/788 1250/1248/791
f 1250/1248/791 1247/1246/789 1251/1249/792
f 1254/1250/793 1249/1247/790 1250/1248/791
f 1254/1250/793 1251/1249/792 1255/1251/794
f 1257/1252/795 1254/1250/793 1258/1253/796
f 1259/1254/797 1254/1250/793 1255/1251/794
f 1288/1255/798 1258/1253/796 1262/1256/799
f 1257/1252/795 1288/1255/798 1261/1257/800
f 1258/1253/796 1288/1255/798 1257/1252/795
f 1291/1258/801 1259/1254/797 1263/1259/802
f 1258/1253/796 1291/1258/801 1262/1256/799
f 1259/1254/797 1291/1258/801 1258/1253/796
f 1286/1260/803 1261/1257/800 1284/1261/804
f 1328/1262/805 1286/1260/803 1326/1263/806
f 1289/1264/807 1262/1256/799 1287/1265/808
f 1289/1264/807 1261/1257/800 1288/1255/798
f 1290/1266/809 1291/1258/801 1263/1259/802
f 1287/1265/808 1291/1258/801 1292/1267/810
f 1294/1268/811 1263/1259/802 1293/1269/812
f 1280/1270/813 1295/1271/814 1215/1272/815
f 1295/1271/814 1279/1213/756 1296/1273/816
f 1221/1226/769 1298/1274/817 1297/1275/818
f 1221/1226/769 1299/1276/819 1298/1274/817
f 1279/1213/756 1297/1275/818 1296/1273/816
f 1277/1214/757 1280/1270/813 1269/1277/820
f 1215/1272/815 1269/1277/820 1280/1270/813
f 1278/1219/762 1277/1214/757 1269/1277/820
f 1217/1215/758 1221/1226/769 1279/1213/756
f 1297/1275/818 1279/1213/756 1221/1226/769
f 1221/1226/769 1300/1278/821 1299/1276/819
f 1225/1229/772 1301/1279/822 1300/1278/821
f 1225/1229/772 1302/1280/823 1301/1279/822
f 1303/1281/824 1302/1280/823 1229/1232/775
f 1304/1282/825 1303/1281/824 1229/1232/775
f 1229/1232/775 1302/1280/823 1225/1229/772
f 1305/1283/826 1233/1235/778 1306/1284/827
f 1233/1235/778 1305/1283/826 1304/1282/825
f 1306/1284/827 1233/1235/778 1307/1285/828
f 1308/1286/829 1307/1285/828 1237/1238/781
f 1309/1287/830 1308/1286/829 1237/1238/781
f 1310/1288/831 1309/1287/830 1241/1241/784
f 1221/1226/769 1225/1229/772 1300/1278/821
f 1275/1221/764 1268/1289/832 1267/1290/833
f 1269/1277/820 1268/1289/832 1278/1219/762
f 1278/1219/762 1268/1289/832 1274/1217/760
f 1267/1290/833 1271/1222/765 1275/1221/764
f 1272/1224/767 1271/1222/765 1267/1290/833
f 1272/1224/767 1216/1291/7 1220/1292/7
f 1267/1290/833 1216/1291/7 1272/1224/767
f 1224/1293/10 1270/1225/768 1220/1292/7
f 1219/1220/763 1270/1225/768 1223/1228/771
f 1223/1228/771 1270/1225/768 1224/1293/10
f 1272/1224/767 1220/1292/7 1270/1225/768
f 1228/1294/834 1223/1228/771 1224/1293/10
f 1227/1231/774 1232/1295/835 1231/1234/777
f 1307/1285/828 1233/1235/778 1237/1238/781
f 1309/1287/830 1237/1238/781 1241/1241/784
f 1233/1235/778 1304/1282/825 1229/1232/775
f 1235/1237/780 1240/1296/90 1239/1240/783
f 1244/1297/7 1239/1240/783 1240/1296/90
f 1231/1234/777 1236/1298/95 1235/1237/780
f 1241/1241/784 1311/1299/836 1310/1288/831
f 1312/1300/837 1241/1241/784 1245/1244/787
f 1245/1244/787 1313/1301/838 1312/1300/837
f 1249/1247/790 1315/1302/839 1314/1303/840
f 1249/1247/790 1316/1304/841 1315/1302/839
f 1245/1244/787 1314/1303/840 1313/1301/838
f 1245/1244/787 1249/1247/790 1314/1303/840
f 1317/1305/842 1316/1304/841 1249/1247/790
f 1317/1305/842 1249/1247/790 1253/1306/843
f 1318/1307/844 1317/1305/842 1253/1306/843
f 1319/1308/845 1318/1307/844 1253/1306/843
f 1319/1308/845 1257/1252/795 1320/1309/846
f 1285/1310/847 1322/1311/848 1321/1312/849
f 1285/1310/847 1323/1313/850 1322/1311/848
f 1324/1314/851 1328/1262/805 1325/1315/852
f 1328/1262/805 1265/1316/853 1325/1315/852
f 1327/1317/854 1324/1314/851 1323/1313/850
f 1286/1260/803 1327/1317/854 1285/1310/847
f 1323/1313/850 1285/1310/847 1327/1317/854
f 1328/1262/805 1326/1263/806 1265/1316/853
f 1281/1318/855 1265/1316/853 1326/1263/806
f 1284/1261/804 1326/1263/806 1286/1260/803
f 1321/1312/849 1257/1252/795 1285/1310/847
f 1257/1252/795 1321/1312/849 1320/1309/846
f 1284/1261/804 1281/1318/855 1326/1263/806
f 1243/1243/786 1248/1319/90 1247/1246/789
f 1247/1246/789 1252/1320/856 1251/1249/792
f 1319/1308/845 1253/1306/843 1257/1252/795
f 1251/1249/792 1256/1321/695 1255/1251/794
f 1255/1251/794 1260/1322/857 1259/1254/797
f 1293/1269/812 1259/1254/797 1260/1322/857
f 1289/1264/807 1281/1318/855 1284/1261/804
f 1292/1267/810 1282/1323/858 1287/1265/808
f 1289/1264/807 1287/1265/808 1282/1323/858
f 1283/1324/859 1282/1323/858 1292/1267/810
f 1289/1264/807 1282/1323/858 1281/1318/855
f 1259/1254/797 1293/1269/812 1263/1259/802
f 1294/1268/811 1293/1269/812 1264/1325/7
f 1260/1322/857 1264/1325/7 1293/1269/812
f 1294/1268/811 1283/1324/859 1290/1266/809
f 1264/1325/7 1266/1326/90 1294/1268/811
f 1283/1324/859 1294/1268/811 1266/1326/90
f 1290/1266/809 1283/1324/859 1292/1267/810
f 1261/1257/800 1285/1310/847 1257/1252/795
f 1331/1327/860 1408/1328/861 1405/1329/862
f 1408/1328/861 1444/1330/863 1443/1331/864
f 1332/1332/865 1406/1333/866 1402/1334/867
f 1404/1335/868 1405/1329/862 1406/1333/866
f 1333/1336/869 1403/1337/870 1399/1338/871
f 1401/1339/872 1402/1334/867 1403/1337/870
f 1398/1340/873 1399/1338/871 1400/1341/874
f 1404/1335/868 1335/1342/875 1331/1327/860
f 1336/1343/876 1404/1335/868 1332/1332/865
f 1335/1342/875 1404/1335/868 1336/1343/876
f 1401/1339/872 1336/1343/876 1332/1332/865
f 1337/1344/877 1401/1339/872 1333/1336/869
f 1336/1343/876 1401/1339/872 1337/1344/877
f 1340/1345/878 1335/1342/875 1336/1343/876
f 1340/1345/878 1337/1344/877 1341/1346/879
f 1344/1347/880 1339/1348/881 1340/1345/878
f 1344/1347/880 1341/1346/879 1345/1349/882
f 1348/1350/883 1343/1351/884 1344/1347/880
f 1348/1350/883 1345/1349/882 1349/1352/885
f 1352/1353/886 1347/1354/887 1348/1350/883
f 1353/1355/888 1348/1350/883 1349/1352/885
f 1356/1356/889 1351/1357/890 1352/1353/886
f 1357/1358/891 1352/1353/886 1353/1355/888
f 1360/1359/892 1355/1360/893 1356/1356/889
f 1361/1361/894 1356/1356/889 1357/1358/891
f 1364/1362/895 1359/1363/896 1360/1359/892
f 1364/1362/895 1361/1361/894 1365/1364/897
f 1368/1365/898 1363/1366/899 1364/1362/895
f 1369/1367/900 1364/1362/895 1365/1364/897
f 1372/1368/901 1367/1369/902 1368/1365/898
f 1373/1370/903 1368/1365/898 1369/1367/900
f 1388/1371/904 1372/1368/901 1376/1372/905
f 1371/1373/906 1388/1371/904 1375/1374/907
f 1372/1368/901 1388/1371/904 1371/1373/906
f 1391/1375/908 1373/1370/903 1377/1376/909
f 1372/1368/901 1391/1375/908 1376/1372/905
f 1373/1370/903 1391/1375/908 1372/1368/901
f 1384/1377/910 1385/1378/911 1375/1374/907
f 1447/1379/912 1386/1380/913 1445/1381/914
f 1387/1382/915 1388/1371/904 1376/1372/905
f 1384/1377/910 1388/1371/904 1389/1383/916
f 1392/1384/917 1377/1376/909 1390/1385/918
f 1392/1384/917 1376/1372/905 1391/1375/908
f 1394/1386/919 1377/1376/909 1393/1387/920
f 1444/1330/863 1409/1388/921 1329/626/922
f 1444/1330/863 1410/1389/923 1409/1388/921
f 1443/1331/864 1444/1330/863 1329/626/922
f 1442/1390/924 1411/1391/925 1410/1389/923
f 1407/1392/926 1411/1391/925 1442/1390/924
f 1443/1331/864 1397/1393/927 1405/1329/862
f 1329/626/922 1397/1393/927 1443/1331/864
f 1408/1328/861 1443/1331/864 1405/1329/862
f 1407/1392/926 1331/1327/860 1335/1342/875
f 1407/1392/926 1442/1390/924 1408/1328/861
f 1406/1333/866 1405/1329/862 1397/1393/927
f 1407/1392/926 1412/1394/928 1411/1391/925
f 1407/1392/926 1413/1395/929 1412/1394/928
f 1413/1395/929 1407/1392/926 1335/1342/875
f 1415/1396/930 1414/1397/931 1335/1342/875
f 1416/1398/932 1415/1396/930 1339/1348/881
f 1414/1397/931 1413/1395/929 1335/1342/875
f 1418/1399/933 1417/1400/934 1339/1348/881
f 1419/1401/935 1418/1399/933 1343/1351/884
f 1421/1402/936 1420/1403/937 1347/1354/887
f 1423/1404/938 1422/1405/939 1347/1354/887
f 1422/1405/939 1421/1402/936 1347/1354/887
f 1420/1403/937 1419/1401/935 1343/1351/884
f 1417/1400/934 1416/1398/932 1339/1348/881
f 1424/1406/940 1423/1404/938 1351/1357/890
f 1403/1337/870 1396/1407/941 1395/1408/942
f 1397/1393/927 1396/1407/941 1406/1333/866
f 1406/1333/866 1396/1407/941 1402/1334/867
f 1399/1338/871 1403/1337/870 1395/1408/942
f 1400/1341/874 1395/1408/942 1330/1409/943
f 1334/1410/7 1400/1341/874 1330/1409/943
f 1398/1340/873 1337/1344/877 1333/1336/869
f 1400/1341/874 1334/1410/7 1398/1340/873
f 1398/1340/873 1334/1410/7 1338/1411/8
f 1338/1411/8 1337/1344/877 1398/1340/873
f 1418/1399/933 1339/1348/881 1343/1351/884
f 1342/1412/944 1337/1344/877 1338/1411/8
f 1423/1404/938 1347/1354/887 1351/1357/890
f 1347/1354/887 1420/1403/937 1343/1351/884
f 1341/1346/879 1346/1413/422 1345/1349/882
f 1349/1352/885 1354/1414/422 1353/1355/888
f 1354/1414/422 1357/1358/891 1353/1355/888
f 1345/1349/882 1350/1415/945 1349/1352/885
f 1339/1348/881 1415/1396/930 1335/1342/875
f 1424/1406/940 1351/1357/890 1425/1416/946
f 1355/1360/893 1426/1417/947 1425/1416/946
f 1355/1360/893 1427/1418/948 1426/1417/947
f 1359/1363/896 1429/1419/949 1428/1420/950
f 1359/1363/896 1430/1421/951 1429/1419/949
f 1355/1360/893 1428/1420/950 1427/1418/948
f 1355/1360/893 1359/1363/896 1428/1420/950
f 1363/1366/899 1430/1421/951 1359/1363/896
f 1432/1422/952 1431/1423/953 1363/1366/899
f 1434/1424/954 1433/1425/955 1367/1369/902
f 1433/1425/955 1432/1422/952 1363/1366/899
f 1434/1424/954 1367/1369/902 1435/1426/956
f 1437/1427/957 1436/1428/958 1371/1373/906
f 1385/1378/911 1438/1429/959 1437/1427/957
f 1446/1430/960 1440/1431/961 1439/1432/962
f 1440/1431/961 1447/1379/912 1441/1433/963
f 1385/1378/911 1439/1432/962 1438/1429/959
f 1386/1380/913 1446/1430/960 1385/1378/911
f 1439/1432/962 1385/1378/911 1446/1430/960
f 1445/1381/914 1379/659/964 1447/1379/912
f 1384/1377/910 1445/1381/914 1386/1380/913
f 1379/659/964 1445/1381/914 1381/1434/965
f 1447/1379/912 1379/659/964 1441/1433/963
f 1437/1427/957 1371/1373/906 1385/1378/911
f 1435/1426/956 1371/1373/906 1436/1428/958
f 1384/1377/910 1381/1434/965 1445/1381/914
f 1357/1358/891 1362/1435/421 1361/1361/894
f 1435/1426/956 1367/1369/902 1371/1373/906
f 1367/1369/902 1433/1425/955 1363/1366/899
f 1365/1364/897 1362/1435/421 1366/1436/966
f 1369/1367/900 1374/1437/967 1373/1370/903
f 1393/1387/920 1373/1370/903 1374/1437/967
f 1369/1367/900 1366/1436/966 1370/1438/7
f 1389/1383/916 1381/1434/965 1384/1377/910
f 1392/1384/917 1382/1439/968 1387/1382/915
f 1389/1383/916 1387/1382/915 1382/1439/968
f 1383/1440/969 1382/1439/968 1392/1384/917
f 1389/1383/916 1382/1439/968 1381/1434/965
f 1394/1386/919 1393/1387/920 1378/1441/7
f 1374/1437/967 1378/1441/7 1393/1387/920
f 1394/1386/919 1383/1440/969 1390/1385/918
f 1378/1441/7 1380/1442/7 1394/1386/919
f 1383/1440/969 1394/1386/919 1380/1442/7
f 1390/1385/918 1383/1440/969 1392/1384/917
f 1375/1374/907 1385/1378/911 1371/1373/906
f 1355/1360/893 1425/1416/946 1351/1357/890
f 1850/1443/970 1821/1444/971 1451/1445/972
f 1822/1446/973 1824/1447/974 1850/1443/970
f 1451/1445/972 1822/1446/973 1850/1443/970
f 1826/1448/975 1824/1447/974 1822/1446/973
f 1449/1449/976 1823/1450/977 1826/1448/975
f 1822/1446/973 1449/1449/976 1826/1448/975
f 1826/1448/975 1825/1451/978 1824/1447/974
f 1834/1452/979 1828/1453/980 1826/1448/975
f 1823/1450/977 1827/1454/981 1834/1452/979
f 1826/1448/975 1823/1450/977 1834/1452/979
f 1828/1453/980 1836/1455/982 1833/1456/983
f 1842/1457/984 1836/1455/982 1834/1452/979
f 1827/1454/981 1835/1458/985 1842/1457/984
f 1834/1452/979 1827/1454/981 1842/1457/984
f 1842/1457/984 1841/1459/986 1836/1455/982
f 1835/1458/985 1844/1460/987 1842/1457/984
f 1850/1443/970 1849/1461/988 1821/1444/971
f 1824/1447/974 1851/1462/989 1850/1443/970
f 1858/1463/990 1852/1464/991 1453/1465/992
f 1628/1466/993 1853/1467/994 1858/1463/990
f 1453/1465/992 1628/1466/993 1858/1463/990
f 1855/1468/995 1853/1467/994 1628/1466/993
f 1451/1445/972 1821/1444/971 1855/1468/995
f 1628/1466/993 1451/1445/972 1855/1468/995
f 1855/1468/995 1854/1469/996 1853/1467/994
f 1855/1468/995 1849/1461/988 1856/1470/997
f 1858/1463/990 1857/1471/998 1852/1464/991
f 1853/1467/994 1859/1472/999 1858/1463/990
f 1627/1473/1000 1628/1466/993 1629/1474/1001
f 1629/1474/1001 1453/1465/992 1625/1475/1002
f 1866/1476/1003 1860/1477/1004 1455/1478/1005
f 1632/1479/1006 1861/1480/1007 1866/1476/1003
f 1455/1478/1005 1632/1479/1006 1866/1476/1003
f 1863/1481/1008 1861/1480/1007 1632/1479/1006
f 1453/1465/992 1852/1464/991 1863/1481/1008
f 1632/1479/1006 1453/1465/992 1863/1481/1008
f 1863/1481/1008 1862/1482/1009 1861/1480/1007
f 1852/1464/991 1864/1483/1010 1863/1481/1008
f 1866/1476/1003 1865/1484/1011 1860/1477/1004
f 1861/1480/1007 1867/1485/1012 1866/1476/1003
f 1625/1475/1002 1632/1479/1006 1633/1486/1013
f 1633/1486/1013 1455/1478/1005 1630/1487/1014
f 1874/1488/1015 1868/1489/1016 1457/1490/1017
f 1636/1491/1018 1869/1492/1019 1874/1488/1015
f 1457/1490/1017 1636/1491/1018 1874/1488/1015
f 1871/1493/1020 1869/1492/1019 1636/1491/1018
f 1455/1478/1005 1860/1477/1004 1871/1493/1020
f 1636/1491/1018 1455/1478/1005 1871/1493/1020
f 1871/1493/1020 1870/1494/1021 1869/1492/1019
f 1860/1477/1004 1872/1495/1022 1871/1493/1020
f 1874/1488/1015 1873/1496/1023 1868/1489/1016
f 1869/1492/1019 1875/1497/1024 1874/1488/1015
f 1630/1487/1014 1636/1491/1018 1637/1498/1025
f 1637/1498/1025 1457/1490/1017 1634/1499/1026
f 1882/1500/1027 1876/1501/1028 1459/1502/1029
f 1640/1503/1030 1877/1504/1031 1882/1500/1027
f 1459/1502/1029 1640/1503/1030 1882/1500/1027
f 1879/1505/1032 1877/1504/1031 1640/1503/1030
f 1457/1490/1017 1868/1489/1016 1879/1505/1032
f 1640/1503/1030 1457/1490/1017 1879/1505/1032
f 1879/1505/1032 1878/1506/1033 1877/1504/1031
f 1868/1489/1016 1880/1507/1034 1879/1505/1032
f 1882/1500/1027 1881/1508/1035 1876/1501/1028
f 1877/1504/1031 1883/1509/1036 1882/1500/1027
f 1641/1510/1037 1457/1490/1017 1640/1503/1030
f 1641/1510/1037 1459/1502/1029 1638/1511/1038
f 1890/1512/1039 1884/1513/1040 1461/1514/1041
f 1644/1515/1042 1885/1516/1043 1890/1512/1039
f 1461/1514/1041 1644/1515/1042 1890/1512/1039
f 1887/1517/1044 1885/1516/1043 1644/1515/1042
f 1459/1502/1029 1876/1501/1028 1887/1517/1044
f 1644/1515/1042 1459/1502/1029 1887/1517/1044
f 1887/1517/1044 1886/1518/1045 1885/1516/1043
f 1876/1501/1028 1888/1519/1046 1887/1517/1044
f 1890/1512/1039 1889/1520/1047 1884/1513/1040
f 1885/1516/1043 1891/1521/1048 1890/1512/1039
f 1638/1511/1038 1644/1515/1042 1645/1522/1049
f 1645/1522/1049 1461/1514/1041 1642/1523/1050
f 1898/1524/1051 1892/1525/1052 1463/1526/1053
f 1648/1527/1054 1893/1528/1055 1898/1524/1051
f 1463/1526/1053 1648/1527/1054 1898/1524/1051
f 1895/1529/1056 1893/1528/1055 1648/1527/1054
f 1461/1514/1041 1884/1513/1040 1895/1529/1056
f 1648/1527/1054 1461/1514/1041 1895/1529/1056
f 1895/1529/1056 1894/1530/1057 1893/1528/1055
f 1884/1513/1040 1896/1531/1058 1895/1529/1056
f 1898/1524/1051 1897/1532/1059 1892/1525/1052
f 1893/1528/1055 1899/1533/1060 1898/1524/1051
f 1642/1523/1050 1648/1527/1054 1649/1534/1061
f 1649/1534/1061 1463/1526/1053 1646/1535/1062
f 1906/1536/1063 1900/1537/1064 1465/1538/1065
f 1652/1539/1066 1901/1540/1067 1906/1536/1063
f 1465/1538/1065 1652/1539/1066 1906/1536/1063
f 1903/1541/1068 1901/1540/1067 1652/1539/1066
f 1463/1526/1053 1892/1525/1052 1903/1541/1068
f 1652/1539/1066 1463/1526/1053 1903/1541/1068
f 1903/1541/1068 1902/1542/1069 1901/1540/1067
f 1892/1525/1052 1904/1543/1070 1903/1541/1068
f 1906/1536/1063 1905/1544/1071 1900/1537/1064
f 1901/1540/1067 1907/1545/1072 1906/1536/1063
f 1646/1535/1062 1652/1539/1066 1653/1546/1073
f 1650/1547/1074 1652/1539/1066 1465/1538/1065
f 1914/1548/1075 1908/1549/1076 1467/1550/1077
f 1656/1551/1078 1909/1552/1079 1914/1548/1075
f 1467/1550/1077 1656/1551/1078 1914/1548/1075
f 1911/1553/1080 1909/1552/1079 1656/1551/1078
f 1465/1538/1065 1900/1537/1064 1911/1553/1080
f 1656/1551/1078 1465/1538/1065 1911/1553/1080
f 1911/1553/1080 1910/1554/1081 1909/1552/1079
f 1900/1537/1064 1912/1555/1082 1911/1553/1080
f 1914/1548/1075 1913/1556/1083 1908/1549/1076
f 1909/1552/1079 1915/1557/1084 1914/1548/1075
f 1650/1547/1074 1656/1551/1078 1657/1558/1085
f 1657/1558/1085 1467/1550/1077 1654/1559/1086
f 1922/1560/1087 1916/1561/1088 1469/1562/1089
f 1660/1563/1090 1917/1564/1091 1922/1560/1087
f 1469/1562/1089 1660/1563/1090 1922/1560/1087
f 1919/1565/1092 1917/1564/1091 1660/1563/1090
f 1467/1550/1077 1908/1549/1076 1919/1565/1092
f 1660/1563/1090 1467/1550/1077 1919/1565/1092
f 1919/1565/1092 1918/1566/1093 1917/1564/1091
f 1908/1549/1076 1920/1567/1094 1919/1565/1092
f 1916/1561/1088 1923/1568/1095 1921/1569/1096
f 1922/1560/1087 1918/1566/1093 1923/1568/1095
f 1654/1559/1086 1660/1563/1090 1661/1570/1097
f 1661/1570/1097 1469/1562/1089 1658/1571/1098
f 1930/1572/1099 1924/1573/1100 1471/1574/1101
f 1664/1575/1102 1925/1576/1103 1930/1572/1099
f 1471/1574/1101 1664/1575/1102 1930/1572/1099
f 1927/1577/1104 1925/1576/1103 1664/1575/1102
f 1469/1562/1089 1916/1561/1088 1927/1577/1104
f 1664/1575/1102 1469/1562/1089 1927/1577/1104
f 1925/1576/1103 1928/1578/1105 1926/1579/1106
f 1927/1577/1104 1921/1569/1096 1928/1578/1105
f 1943/1580/1107 1929/1581/1108 1924/1573/1100
f 1930/1572/1099 1931/1582/1109 1943/1580/1107
f 1924/1573/1100 1930/1572/1099 1943/1580/1107
f 1935/1583/1110 1931/1582/1109 1930/1572/1099
f 1925/1576/1103 1926/1579/1106 1935/1583/1110
f 1930/1572/1099 1925/1576/1103 1935/1583/1110
f 1939/1584/1111 1934/1585/1112 1931/1582/1109
f 1935/1583/1110 1937/1586/1113 1939/1584/1111
f 1931/1582/1109 1935/1583/1110 1939/1584/1111
f 1935/1583/1110 1936/1587/1114 1937/1586/1113
f 1934/1585/1112 1941/1588/1115 1938/1589/1116
f 1939/1584/1111 1940/1590/1117 1941/1588/1115
f 1929/1581/1108 1944/1591/1118 1942/1592/1119
f 1949/1593/1120 1944/1591/1118 1943/1580/1107
f 1931/1582/1109 1934/1585/1112 1949/1593/1120
f 1943/1580/1107 1931/1582/1109 1949/1593/1120
f 1944/1591/1118 1950/1594/1121 1948/1595/1122
f 1949/1593/1120 1938/1589/1116 1950/1594/1121
f 1658/1571/1098 1664/1575/1102 1665/1596/1123
f 1665/1596/1123 1471/1574/1101 1662/1597/1124
f 1964/1598/1125 1932/1599/1126 1473/1600/1127
f 1668/1601/1128 1933/1602/1129 1964/1598/1125
f 1473/1600/1127 1668/1601/1128 1964/1598/1125
f 1946/1603/1130 1933/1602/1129 1668/1601/1128
f 1471/1574/1101 1924/1573/1100 1946/1603/1130
f 1668/1601/1128 1471/1574/1101 1946/1603/1130
f 1933/1602/1129 1947/1604/1131 1945/1605/1132
f 1946/1603/1130 1929/1581/1108 1947/1604/1131
f 1932/1599/1126 1965/1606/1133 1963/1607/1134
f 1964/1598/1125 1945/1605/1132 1965/1606/1133
f 1662/1597/1124 1668/1601/1128 1669/1608/1135
f 1669/1608/1135 1473/1600/1127 1666/1609/1136
f 1972/1610/1137 1966/1611/1138 1475/1612/1139
f 1672/1613/1140 1967/1614/1141 1972/1610/1137
f 1475/1612/1139 1672/1613/1140 1972/1610/1137
f 1969/1615/1142 1967/1614/1141 1672/1613/1140
f 1473/1600/1127 1932/1599/1126 1969/1615/1142
f 1672/1613/1140 1473/1600/1127 1969/1615/1142
f 1967/1614/1141 1970/1616/1143 1968/1617/1144
f 1969/1615/1142 1963/1607/1134 1970/1616/1143
f 1966/1611/1138 1973/1618/1145 1971/1619/1146
f 1972/1610/1137 1968/1617/1144 1973/1618/1145
f 1666/1609/1136 1672/1613/1140 1673/1620/1147
f 1673/1620/1147 1475/1612/1139 1670/1621/1148
f 1980/1622/1149 1974/1623/1150 1477/1624/1151
f 1676/1625/1152 1975/1626/1153 1980/1622/1149
f 1477/1624/1151 1676/1625/1152 1980/1622/1149
f 1977/1627/1154 1975/1626/1153 1676/1625/1152
f 1475/1612/1139 1966/1611/1138 1977/1627/1154
f 1676/1625/1152 1475/1612/1139 1977/1627/1154
f 1975/1626/1153 1978/1628/1155 1976/1629/1156
f 1977/1627/1154 1971/1619/1146 1978/1628/1155
f 1974/1623/1150 1981/1630/1157 1979/1631/1158
f 1980/1622/1149 1976/1629/1156 1981/1630/1157
f 1670/1621/1148 1676/1625/1152 1677/1632/1159
f 1677/1632/1159 1477/1624/1151 1674/1633/1160
f 1988/1634/1161 1982/1635/1162 1479/1636/1163
f 1680/1637/1164 1983/1638/1165 1988/1634/1161
f 1479/1636/1163 1680/1637/1164 1988/1634/1161
f 1985/1639/1166 1983/1638/1165 1680/1637/1164
f 1477/1624/1151 1974/1623/1150 1985/1639/1166
f 1680/1637/1164 1477/1624/1151 1985/1639/1166
f 1983/1638/1165 1986/1640/1167 1984/1641/1168
f 1985/1639/1166 1979/1631/1158 1986/1640/1167
f 2019/1642/1169 1987/1643/1170 1982/1635/1162
f 1988/1634/1161 1989/1644/1171 2019/1642/1169
f 1982/1635/1162 1988/1634/1161 2019/1642/1169
f 2015/1645/1172 1989/1644/1171 1988/1634/1161
f 1983/1638/1165 1984/1641/1168 2015/1645/1172
f 1988/1634/1161 1983/1638/1165 2015/1645/1172
f 1989/1644/1171 2017/1646/1173 2014/1647/1174
f 2015/1645/1172 2016/1648/1175 2017/1646/1173
f 1987/1643/1170 2020/1649/1176 2018/1650/1177
f 2019/1642/1169 2014/1647/1174 2020/1649/1176
f 1674/1633/1160 1680/1637/1164 1681/1651/1178
f 1681/1651/1178 1479/1636/1163 1678/1652/1179
f 2025/1653/1180 1990/1654/1181 1481/1655/1182
f 1684/1656/1183 1991/1657/1184 2025/1653/1180
f 1481/1655/1182 1684/1656/1183 2025/1653/1180
f 2022/1658/1185 1991/1657/1184 1684/1656/1183
f 1479/1636/1163 1982/1635/1162 2022/1658/1185
f 1684/1656/1183 1479/1636/1163 2022/1658/1185
f 2022/1658/1185 2021/1659/1186 1991/1657/1184
f 2022/1658/1185 1987/1643/1170 2023/1660/1187
f 2025/1653/1180 2024/1661/1188 1990/1654/1181
f 2025/1653/1180 2021/1659/1186 2026/1662/1189
f 1685/1663/1190 1479/1636/1163 1684/1656/1183
f 1685/1663/1190 1481/1655/1182 1682/1664/1191
f 2033/1665/1192 2027/1666/1193 1483/1667/1194
f 1688/1668/1195 2028/1669/1196 2033/1665/1192
f 1483/1667/1194 1688/1668/1195 2033/1665/1192
f 2030/1670/1197 2028/1669/1196 1688/1668/1195
f 1481/1655/1182 1990/1654/1181 2030/1670/1197
f 1688/1668/1195 1481/1655/1182 2030/1670/1197
f 2028/1669/1196 2031/1671/1198 2029/1672/1199
f 2030/1670/1197 2024/1661/1188 2031/1671/1198
f 2027/1666/1193 2034/1673/1200 2032/1674/1201
f 2033/1665/1192 2029/1672/1199 2034/1673/1200
f 1682/1664/1191 1688/1668/1195 1689/1675/1202
f 1689/1675/1202 1483/1667/1194 1686/1676/1203
f 2041/1677/1204 2035/1678/1205 1485/1679/1206
f 1692/1680/1207 2036/1681/1208 2041/1677/1204
f 1485/1679/1206 1692/1680/1207 2041/1677/1204
f 2038/1682/1209 2036/1681/1208 1692/1680/1207
f 1483/1667/1194 2027/1666/1193 2038/1682/1209
f 1692/1680/1207 1483/1667/1194 2038/1682/1209
f 2036/1681/1208 2039/1683/1210 2037/1684/1211
f 2038/1682/1209 2032/1674/1201 2039/1683/1210
f 2035/1678/1205 2042/1685/1212 2040/1686/1213
f 2041/1677/1204 2037/1684/1211 2042/1685/1212
f 1686/1676/1203 1692/1680/1207 1693/1687/1214
f 1693/1687/1214 1485/1679/1206 1690/1688/1215
f 2049/1689/1216 2043/1690/1217 1487/1691/1218
f 1696/1692/1219 2044/1693/1220 2049/1689/1216
f 1487/1691/1218 1696/1692/1219 2049/1689/1216
f 2046/1694/1221 2044/1693/1220 1696/1692/1219
f 1485/1679/1206 2035/1678/1205 2046/1694/1221
f 1696/1692/1219 1485/1679/1206 2046/1694/1221
f 2044/1693/1220 2047/1695/1222 2045/1696/1223
f 2046/1694/1221 2040/1686/1213 2047/1695/1222
f 2043/1690/1217 2050/1697/1224 2048/1698/1225
f 2049/1689/1216 2045/1696/1223 2050/1697/1224
f 1690/1688/1215 1696/1692/1219 1697/1699/1226
f 1697/1699/1226 1487/1691/1218 1694/1700/1227
f 2057/1701/1228 2051/1702/1229 1489/1703/1230
f 1700/1704/1231 2052/1705/1232 2057/1701/1228
f 1489/1703/1230 1700/1704/1231 2057/1701/1228
f 2054/1706/1233 2052/1705/1232 1700/1704/1231
f 1487/1691/1218 2043/1690/1217 2054/1706/1233
f 1700/1704/1231 1487/1691/1218 2054/1706/1233
f 2052/1705/1232 2055/1707/1234 2053/1708/1235
f 2054/1706/1233 2048/1698/1225 2055/1707/1234
f 2051/1702/1229 2058/1709/1236 2056/1710/1237
f 2057/1701/1228 2053/1708/1235 2058/1709/1236
f 1694/1700/1227 1700/1704/1231 1701/1711/1238
f 1701/1711/1238 1489/1703/1230 1698/1712/1239
f 2065/1713/1240 2059/1714/1241 1491/1715/1242
f 1704/1716/1243 2060/1717/1244 2065/1713/1240
f 1491/1715/1242 1704/1716/1243 2065/1713/1240
f 2062/1718/1245 2060/1717/1244 1704/1716/1243
f 1489/1703/1230 2051/1702/1229 2062/1718/1245
f 1704/1716/1243 1489/1703/1230 2062/1718/1245
f 2060/1717/1244 2063/1719/1246 2061/1720/1247
f 2051/1702/1229 2063/1719/1246 2062/1718/1245
f 2065/1713/1240 2064/1721/1248 2059/1714/1241
f 2065/1713/1240 2061/1720/1247 2066/1722/1249
f 1705/1723/1250 1489/1703/1230 1704/1716/1243
f 1705/1723/1250 1491/1715/1242 1702/1724/1251
f 2078/1725/1252 2067/1726/1253 1493/1727/1254
f 2068/1728/1255 2069/1729/1256 2078/1725/1252
f 1493/1727/1254 2068/1728/1255 2078/1725/1252
f 2071/1730/1257 2069/1729/1256 2068/1728/1255
f 1491/1715/1242 2059/1714/1241 2071/1730/1257
f 2068/1728/1255 1491/1715/1242 2071/1730/1257
f 2074/1731/1258 2070/1732/1259 2069/1729/1256
f 2071/1730/1257 2072/1733/1260 2074/1731/1258
f 2069/1729/1256 2071/1730/1257 2074/1731/1258
f 2071/1730/1257 2064/1721/1248 2072/1733/1260
f 2070/1732/1259 2076/1734/1261 2073/1735/1262
f 2072/1733/1260 2076/1734/1261 2074/1731/1258
f 2126/1736/1263 2077/1737/1264 2067/1726/1253
f 2078/1725/1252 2079/1738/1265 2126/1736/1263
f 2067/1726/1253 2078/1725/1252 2126/1736/1263
f 2084/1739/1266 2079/1738/1265 2078/1725/1252
f 2069/1729/1256 2070/1732/1259 2084/1739/1266
f 2078/1725/1252 2069/1729/1256 2084/1739/1266
f 2122/1740/1267 2083/1741/1268 2079/1738/1265
f 2084/1739/1266 2085/1742/1269 2122/1740/1267
f 2079/1738/1265 2084/1739/1266 2122/1740/1267
f 2135/1743/1270 2085/1742/1269 2084/1739/1266
f 2070/1732/1259 2073/1735/1262 2135/1743/1270
f 2084/1739/1266 2070/1732/1259 2135/1743/1270
f 2142/1744/1271 2123/1745/1272 2085/1742/1269
f 2135/1743/1270 2137/1746/1273 2142/1744/1271
f 2085/1742/1269 2135/1743/1270 2142/1744/1271
f 2135/1743/1270 2136/1747/1274 2137/1746/1273
f 2142/1744/1271 2133/1748/1275 2123/1745/1272
f 2142/1744/1271 2143/1749/1276 2144/1750/1277
f 2083/1741/1268 2124/1751/1278 2121/1752/1279
f 2132/1753/1280 2124/1751/1278 2122/1740/1267
f 2085/1742/1269 2123/1745/1272 2132/1753/1280
f 2122/1740/1267 2085/1742/1269 2132/1753/1280
f 2124/1751/1278 2134/1754/1281 2131/1755/1282
f 2139/1756/1283 2134/1754/1281 2132/1753/1280
f 2123/1745/1272 2133/1748/1275 2139/1756/1283
f 2132/1753/1280 2123/1745/1272 2139/1756/1283
f 2134/1754/1281 2141/1757/1284 2138/1758/1285
f 2139/1756/1283 2140/1759/1286 2141/1757/1284
f 2077/1737/1264 2127/1760/1287 2125/1761/1288
f 2146/1762/1289 2127/1760/1287 2126/1736/1263
f 2079/1738/1265 2083/1741/1268 2146/1762/1289
f 2126/1736/1263 2079/1738/1265 2146/1762/1289
f 2127/1760/1287 2147/1763/1290 2145/1764/1291
f 2146/1762/1289 2121/1752/1279 2147/1763/1290
f 1702/1724/1251 2068/1728/1255 2988/1765/1292
f 2988/1765/1292 1493/1727/1254 2987/1766/1293
f 2149/1767/1294 2080/1768/1295 1495/1769/1296
f 2081/1770/1297 2082/1771/1298 2149/1767/1294
f 1495/1769/1296 2081/1770/1297 2149/1767/1294
f 2129/1772/1299 2082/1771/1298 2081/1770/1297
f 1493/1727/1254 2067/1726/1253 2129/1772/1299
f 2081/1770/1297 1493/1727/1254 2129/1772/1299
f 2082/1771/1298 2130/1773/1300 2128/1774/1301
f 2129/1772/1299 2077/1737/1264 2130/1773/1300
f 2080/1768/1295 2150/1775/1302 2148/1776/1303
f 2149/1767/1294 2128/1774/1301 2150/1775/1302
f 2158/1777/1304 2151/1778/1305 1497/1779/1306
f 2152/1780/1307 2153/1781/1308 2158/1777/1304
f 1497/1779/1306 2152/1780/1307 2158/1777/1304
f 2155/1782/1309 2153/1781/1308 2152/1780/1307
f 1495/1769/1296 2080/1768/1295 2155/1782/1309
f 2152/1780/1307 1495/1769/1296 2155/1782/1309
f 2153/1781/1308 2156/1783/1310 2154/1784/1311
f 2155/1782/1309 2148/1776/1303 2156/1783/1310
f 2151/1778/1305 2159/1785/1312 2157/1786/1313
f 2158/1777/1304 2154/1784/1311 2159/1785/1312
f 2167/1787/1314 2160/1788/1315 1499/1789/1316
f 2161/1790/1317 2162/1791/1318 2167/1787/1314
f 1499/1789/1316 2161/1790/1317 2167/1787/1314
f 2164/1792/1319 2162/1791/1318 2161/1790/1317
f 1497/1779/1306 2151/1778/1305 2164/1792/1319
f 2161/1790/1317 1497/1779/1306 2164/1792/1319
f 2162/1791/1318 2165/1793/1320 2163/1794/1321
f 2164/1792/1319 2157/1786/1313 2165/1793/1320
f 2160/1788/1315 2168/1795/1322 2166/1796/1323
f 2162/1791/1318 2168/1795/1322 2167/1787/1314
f 2176/1797/1324 2169/1798/1325 1501/1799/1326
f 2170/1800/1327 2171/1801/1328 2176/1797/1324
f 1501/1799/1326 2170/1800/1327 2176/1797/1324
f 2173/1802/1329 2171/1801/1328 2170/1800/1327
f 1499/1789/1316 2160/1788/1315 2173/1802/1329
f 2170/1800/1327 1499/1789/1316 2173/1802/1329
f 2171/1801/1328 2174/1803/1330 2172/1804/1331
f 2173/1802/1329 2166/1796/1323 2174/1803/1330
f 2169/1798/1325 2177/1805/1332 2175/1806/1333
f 2176/1797/1324 2172/1804/1331 2177/1805/1332
f 2185/1807/1334 2178/1808/1335 1503/1809/1336
f 2179/1810/1337 2180/1811/1338 2185/1807/1334
f 1503/1809/1336 2179/1810/1337 2185/1807/1334
f 2182/1812/1339 2180/1811/1338 2179/1810/1337
f 1501/1799/1326 2169/1798/1325 2182/1812/1339
f 2179/1810/1337 1501/1799/1326 2182/1812/1339
f 2180/1811/1338 2183/1813/1340 2181/1814/1341
f 2182/1812/1339 2175/1806/1333 2183/1813/1340
f 2185/1807/1334 2184/1815/1342 2178/1808/1335
f 2185/1807/1334 2181/1814/1341 2186/1816/1343
f 2985/1817/1344 2179/1810/1337 2986/1818/1345
f 2986/1818/1345 1503/1809/1336 2984/1819/1346
f 2194/1820/1347 2187/1821/1348 1505/1822/1349
f 2188/1823/1350 2189/1824/1351 2194/1820/1347
f 1505/1822/1349 2188/1823/1350 2194/1820/1347
f 2191/1825/1352 2189/1824/1351 2188/1823/1350
f 1503/1809/1336 2178/1808/1335 2191/1825/1352
f 2188/1823/1350 1503/1809/1336 2191/1825/1352
f 2189/1824/1351 2192/1826/1353 2190/1827/1354
f 2191/1825/1352 2184/1815/1342 2192/1826/1353
f 2187/1821/1348 2195/1828/1355 2193/1829/1356
f 2194/1820/1347 2190/1827/1354 2195/1828/1355
f 2203/1830/1357 2196/1831/1358 1507/1832/1359
f 2197/1833/1360 2198/1834/1361 2203/1830/1357
f 1507/1832/1359 2197/1833/1360 2203/1830/1357
f 2200/1835/1362 2198/1834/1361 2197/1833/1360
f 1505/1822/1349 2187/1821/1348 2200/1835/1362
f 2197/1833/1360 1505/1822/1349 2200/1835/1362
f 2198/1834/1361 2201/1836/1363 2199/1837/1364
f 2200/1835/1362 2193/1829/1356 2201/1836/1363
f 2196/1831/1358 2204/1838/1365 2202/1839/1366
f 2203/1830/1357 2199/1837/1364 2204/1838/1365
f 2212/1840/1367 2205/1841/1368 1509/1842/1369
f 2206/1843/1370 2207/1844/1371 2212/1840/1367
f 1509/1842/1369 2206/1843/1370 2212/1840/1367
f 2209/1845/1372 2207/1844/1371 2206/1843/1370
f 1507/1832/1359 2196/1831/1358 2209/1845/1372
f 2206/1843/1370 1507/1832/1359 2209/1845/1372
f 2207/1844/1371 2210/1846/1373 2208/1847/1374
f 2209/1845/1372 2202/1839/1366 2210/1846/1373
f 2205/1841/1368 2213/1848/1375 2211/1849/1376
f 2212/1840/1367 2208/1847/1374 2213/1848/1375
f 2982/1850/1377 2206/1843/1370 2983/1851/1378
f 2981/1852/1379 2206/1843/1370 1509/1842/1369
f 2221/1853/1380 2214/1854/1381 1511/1855/1382
f 2215/1856/1383 2216/1857/1384 2221/1853/1380
f 1511/1855/1382 2215/1856/1383 2221/1853/1380
f 2218/1858/1385 2216/1857/1384 2215/1856/1383
f 1509/1842/1369 2205/1841/1368 2218/1858/1385
f 2215/1856/1383 1509/1842/1369 2218/1858/1385
f 2216/1857/1384 2219/1859/1386 2217/1860/1387
f 2218/1858/1385 2211/1849/1376 2219/1859/1386
f 2221/1853/1380 2220/1861/1388 2214/1854/1381
f 2221/1853/1380 2217/1860/1387 2222/1862/1389
f 2230/1863/1390 2223/1864/1391 1513/1865/1392
f 2224/1866/1393 2225/1867/1394 2230/1863/1390
f 1513/1865/1392 2224/1866/1393 2230/1863/1390
f 2227/1868/1395 2225/1867/1394 2224/1866/1393
f 1511/1855/1382 2214/1854/1381 2227/1868/1395
f 2224/1866/1393 1511/1855/1382 2227/1868/1395
f 2227/1868/1395 2226/1869/1396 2225/1867/1394
f 2214/1854/1381 2228/1870/1397 2227/1868/1395
f 2230/1863/1390 2229/1871/1398 2223/1864/1391
f 2225/1867/1394 2231/1872/1399 2230/1863/1390
f 2243/1873/1400 2232/1874/1401 1515/1875/1402
f 2233/1876/1403 2234/1877/1404 2243/1873/1400
f 1515/1875/1402 2233/1876/1403 2243/1873/1400
f 2236/1878/1405 2234/1877/1404 2233/1876/1403
f 1513/1865/1392 2223/1864/1391 2236/1878/1405
f 2233/1876/1403 1513/1865/1392 2236/1878/1405
f 2239/1879/1406 2235/1880/1407 2234/1877/1404
f 2236/1878/1405 2237/1881/1408 2239/1879/1406
f 2234/1877/1404 2236/1878/1405 2239/1879/1406
f 2252/1882/1409 2237/1881/1408 2236/1878/1405
f 2223/1864/1391 2229/1871/1398 2252/1882/1409
f 2236/1878/1405 2223/1864/1391 2252/1882/1409
f 2252/1882/1409 2240/1883/1410 2237/1881/1408
f 2229/1871/1398 2254/1884/1411 2252/1882/1409
f 2239/1879/1406 2238/1885/1412 2235/1880/1407
f 2249/1886/1413 2241/1887/1414 2239/1879/1406
f 2237/1881/1408 2240/1883/1410 2249/1886/1413
f 2239/1879/1406 2237/1881/1408 2249/1886/1413
f 2249/1886/1413 2248/1888/1415 2241/1887/1414
f 2240/1883/1410 2251/1889/1416 2249/1886/1413
f 2232/1874/1401 2244/1890/1417 2242/1891/1418
f 2243/1873/1400 2235/1880/1407 2244/1890/1417
f 2979/1892/1419 2233/1876/1403 2980/1893/1420
f 2980/1893/1420 1515/1875/1402 2978/1894/1421
f 2290/1895/1422 2245/1896/1423 1517/1897/1424
f 2246/1898/1425 2247/1899/1426 2290/1895/1422
f 1517/1897/1424 2246/1898/1425 2290/1895/1422
f 2287/1900/1427 2247/1899/1426 2246/1898/1425
f 1515/1875/1402 2232/1874/1401 2287/1900/1427
f 2246/1898/1425 1515/1875/1402 2287/1900/1427
f 2247/1899/1426 2288/1901/1428 2286/1902/1429
f 2232/1874/1401 2288/1901/1428 2287/1900/1427
f 2290/1895/1422 2289/1903/1430 2245/1896/1423
f 2247/1899/1426 2291/1904/1431 2290/1895/1422
f 2299/1905/1432 2292/1906/1433 1519/1907/1434
f 2293/1908/1435 2294/1909/1436 2299/1905/1432
f 1519/1907/1434 2293/1908/1435 2299/1905/1432
f 2296/1910/1437 2294/1909/1436 2293/1908/1435
f 1517/1897/1424 2245/1896/1423 2296/1910/1437
f 2293/1908/1435 1517/1897/1424 2296/1910/1437
f 2296/1910/1437 2295/1911/1438 2294/1909/1436
f 2245/1896/1423 2297/1912/1439 2296/1910/1437
f 2299/1905/1432 2298/1913/1440 2292/1906/1433
f 2294/1909/1436 2300/1914/1441 2299/1905/1432
f 2308/1915/1442 2301/1916/1443 1521/1917/1444
f 2302/1918/1445 2303/1919/1446 2308/1915/1442
f 1521/1917/1444 2302/1918/1445 2308/1915/1442
f 2305/1920/1447 2303/1919/1446 2302/1918/1445
f 1519/1907/1434 2292/1906/1433 2305/1920/1447
f 2302/1918/1445 1519/1907/1434 2305/1920/1447
f 2305/1920/1447 2304/1921/1448 2303/1919/1446
f 2292/1906/1433 2306/1922/1449 2305/1920/1447
f 2301/1916/1443 2309/1923/1450 2307/1924/1451
f 2303/1919/1446 2309/1923/1450 2308/1915/1442
f 2976/1925/1452 2302/1918/1445 2977/1926/1453
f 2977/1926/1453 1521/1917/1444 2975/1927/1454
f 2317/1928/1455 2310/1929/1456 1523/1930/1457
f 2311/1931/1458 2312/1932/1459 2317/1928/1455
f 1523/1930/1457 2311/1931/1458 2317/1928/1455
f 2314/1933/1460 2312/1932/1459 2311/1931/1458
f 1521/1917/1444 2301/1916/1443 2314/1933/1460
f 2311/1931/1458 1521/1917/1444 2314/1933/1460
f 2314/1933/1460 2313/1934/1461 2312/1932/1459
f 2301/1916/1443 2315/1935/1462 2314/1933/1460
f 2317/1928/1455 2316/1936/1463 2310/1929/1456
f 2312/1932/1459 2318/1937/1464 2317/1928/1455
f 2326/1938/1465 2319/1939/1466 1525/1940/1467
f 2320/1941/1468 2321/1942/1469 2326/1938/1465
f 1525/1940/1467 2320/1941/1468 2326/1938/1465
f 2323/1943/1470 2321/1942/1469 2320/1941/1468
f 1523/1930/1457 2310/1929/1456 2323/1943/1470
f 2320/1941/1468 1523/1930/1457 2323/1943/1470
f 2323/1943/1470 2322/1944/1471 2321/1942/1469
f 2310/1929/1456 2324/1945/1472 2323/1943/1470
f 2326/1938/1465 2325/1946/1473 2319/1939/1466
f 2326/1938/1465 2322/1944/1471 2327/1947/1474
f 2335/1948/1475 2328/1949/1476 1527/1950/1477
f 2329/1951/1478 2330/1952/1479 2335/1948/1475
f 1527/1950/1477 2329/1951/1478 2335/1948/1475
f 2332/1953/1480 2330/1952/1479 2329/1951/1478
f 1525/1940/1467 2319/1939/1466 2332/1953/1480
f 2329/1951/1478 1525/1940/1467 2332/1953/1480
f 2332/1953/1480 2331/1954/1481 2330/1952/1479
f 2319/1939/1466 2333/1955/1482 2332/1953/1480
f 2335/1948/1475 2334/1956/1483 2328/1949/1476
f 2330/1952/1479 2336/1957/1484 2335/1948/1475
f 2973/1958/1485 2329/1951/1478 2974/1959/1486
f 2974/1959/1486 1527/1950/1477 2972/1960/1487
f 2344/1961/1488 2337/1962/1489 1529/1963/1490
f 2338/1964/1491 2339/1965/1492 2344/1961/1488
f 1529/1963/1490 2338/1964/1491 2344/1961/1488
f 2341/1966/1493 2339/1965/1492 2338/1964/1491
f 1527/1950/1477 2328/1949/1476 2341/1966/1493
f 2338/1964/1491 1527/1950/1477 2341/1966/1493
f 2341/1966/1493 2340/1967/1494 2339/1965/1492
f 2328/1949/1476 2342/1968/1495 2341/1966/1493
f 2344/1961/1488 2343/1969/1496 2337/1962/1489
f 2339/1965/1492 2345/1970/1497 2344/1961/1488
f 2353/1971/1498 2346/1972/1499 1531/1973/1500
f 2347/1974/1501 2348/1975/1502 2353/1971/1498
f 1531/1973/1500 2347/1974/1501 2353/1971/1498
f 2350/1976/1503 2348/1975/1502 2347/1974/1501
f 1529/1963/1490 2337/1962/1489 2350/1976/1503
f 2347/1974/1501 1529/1963/1490 2350/1976/1503
f 2350/1976/1503 2349/1977/1504 2348/1975/1502
f 2337/1962/1489 2351/1978/1505 2350/1976/1503
f 2353/1971/1498 2352/1979/1506 2346/1972/1499
f 2348/1975/1502 2354/1980/1507 2353/1971/1498
f 2362/1981/1508 2355/1982/1509 1533/1983/1510
f 2356/1984/1511 2357/1985/1512 2362/1981/1508
f 1533/1983/1510 2356/1984/1511 2362/1981/1508
f 2359/1986/1513 2357/1985/1512 2356/1984/1511
f 1531/1973/1500 2346/1972/1499 2359/1986/1513
f 2356/1984/1511 1531/1973/1500 2359/1986/1513
f 2359/1986/1513 2358/1987/1514 2357/1985/1512
f 2346/1972/1499 2360/1988/1515 2359/1986/1513
f 2362/1981/1508 2361/1989/1516 2355/1982/1509
f 2357/1985/1512 2363/1990/1517 2362/1981/1508
f 2371/1991/1518 2364/1992/1519 1536/1993/1520
f 2365/1994/1521 2366/1995/1522 2371/1991/1518
f 1536/1993/1520 2365/1994/1521 2371/1991/1518
f 2368/1996/1523 2366/1995/1522 2365/1994/1521
f 1533/1983/1510 2355/1982/1509 2368/1996/1523
f 2365/1994/1521 1533/1983/1510 2368/1996/1523
f 2368/1996/1523 2367/1997/1524 2366/1995/1522
f 2355/1982/1509 2369/1998/1525 2368/1996/1523
f 2387/1999/1526 2370/2000/1527 2364/1992/1519
f 2371/1991/1518 2372/2001/1528 2387/1999/1526
f 2364/1992/1519 2371/1991/1518 2387/1999/1526
f 2366/1995/1522 2372/2001/1528 2371/1991/1518
f 2394/2002/1529 2381/2003/1530 2370/2000/1527
f 2387/1999/1526 2389/2004/1531 2394/2002/1529
f 2370/2000/1527 2387/1999/1526 2394/2002/1529
f 2372/2001/1528 2389/2004/1531 2387/1999/1526
f 2401/2005/1532 2385/2006/1533 2381/2003/1530
f 2394/2002/1529 2396/2007/1534 2401/2005/1532
f 2381/2003/1530 2394/2002/1529 2401/2005/1532
f 2389/2004/1531 2396/2007/1534 2394/2002/1529
f 2408/2008/1535 2392/2009/1536 2385/2006/1533
f 2401/2005/1532 2403/2010/1537 2408/2008/1535
f 2385/2006/1533 2401/2005/1532 2408/2008/1535
f 2396/2007/1534 2403/2010/1537 2401/2005/1532
f 2415/2011/1538 2399/2012/1539 2392/2009/1536
f 2408/2008/1535 2410/2013/1540 2415/2011/1538
f 2392/2009/1536 2408/2008/1535 2415/2011/1538
f 2403/2010/1537 2410/2013/1540 2408/2008/1535
f 2422/2014/1541 2406/2015/1542 2399/2012/1539
f 2415/2011/1538 2417/2016/1543 2422/2014/1541
f 2399/2012/1539 2415/2011/1538 2422/2014/1541
f 2410/2013/1540 2417/2016/1543 2415/2011/1538
f 2429/2017/1542 2413/2018/1544 2406/2015/1542
f 2422/2014/1541 2424/2019/1545 2429/2017/1542
f 2406/2015/1542 2422/2014/1541 2429/2017/1542
f 2417/2016/1543 2424/2019/1545 2422/2014/1541
f 2436/2020/1546 2420/2021/1547 2413/2018/1544
f 2429/2017/1542 2431/2022/1548 2436/2020/1546
f 2413/2018/1544 2429/2017/1542 2436/2020/1546
f 2429/2017/1542 2430/2023/1549 2431/2022/1548
f 2436/2020/1546 2427/2024/1550 2420/2021/1547
f 2436/2020/1546 2437/2025/1551 2438/2026/1552
f 2461/2027/1553 2373/2028/1554 1538/2029/1555
f 2374/2030/1556 2375/2031/1557 2461/2027/1553
f 1538/2029/1555 2374/2030/1556 2461/2027/1553
f 2377/2032/1558 2375/2031/1557 2374/2030/1556
f 1536/1993/1520 2364/1992/1519 2377/2032/1558
f 2374/2030/1556 1536/1993/1520 2377/2032/1558
f 2377/2032/1558 2376/2033/1559 2375/2031/1557
f 2380/2034/1560 2378/2035/1561 2377/2032/1558
f 2364/1992/1519 2370/2000/1527 2380/2034/1560
f 2377/2032/1558 2364/1992/1519 2380/2034/1560
f 2380/2034/1560 2379/2036/1562 2378/2035/1561
f 2384/2037/1563 2382/2038/1564 2380/2034/1560
f 2370/2000/1527 2381/2003/1530 2384/2037/1563
f 2380/2034/1560 2370/2000/1527 2384/2037/1563
f 2384/2037/1563 2383/2039/1565 2382/2038/1564
f 2391/2040/1566 2386/2041/1567 2384/2037/1563
f 2381/2003/1530 2385/2006/1533 2391/2040/1566
f 2384/2037/1563 2381/2003/1530 2391/2040/1566
f 2391/2040/1566 2390/2042/1568 2386/2041/1567
f 2398/2043/1569 2393/2044/1570 2391/2040/1566
f 2385/2006/1533 2392/2009/1536 2398/2043/1569
f 2391/2040/1566 2385/2006/1533 2398/2043/1569
f 2398/2043/1569 2397/2045/1571 2393/2044/1570
f 2405/2046/1572 2400/2047/1573 2398/2043/1569
f 2392/2009/1536 2399/2012/1539 2405/2046/1572
f 2398/2043/1569 2392/2009/1536 2405/2046/1572
f 2400/2047/1573 2407/2048/1574 2404/2049/1575
f 2412/2050/1576 2407/2048/1574 2405/2046/1572
f 2399/2012/1539 2406/2015/1542 2412/2050/1576
f 2405/2046/1572 2399/2012/1539 2412/2050/1576
f 2412/2050/1576 2411/2051/1577 2407/2048/1574
f 2419/2052/1578 2414/2053/1579 2412/2050/1576
f 2406/2015/1542 2413/2018/1544 2419/2052/1578
f 2412/2050/1576 2406/2015/1542 2419/2052/1578
f 2414/2053/1579 2421/2054/1580 2418/2055/1581
f 2426/2056/1582 2421/2054/1580 2419/2052/1578
f 2413/2018/1544 2420/2021/1547 2426/2056/1582
f 2419/2052/1578 2413/2018/1544 2426/2056/1582
f 2426/2056/1582 2425/2057/1583 2421/2054/1580
f 2433/2058/1584 2428/2059/1585 2426/2056/1582
f 2420/2021/1547 2427/2024/1550 2433/2058/1584
f 2426/2056/1582 2420/2021/1547 2433/2058/1584
f 2428/2059/1585 2435/2060/1586 2432/2061/1587
f 2427/2024/1550 2435/2060/1586 2433/2058/1584
f 2461/2027/1553 2460/2062/1588 2373/2028/1554
f 2375/2031/1557 2462/2063/1589 2461/2027/1553
f 2469/2064/1590 2463/2065/1591 1540/2066/1592
f 1709/2067/1593 2464/2068/1594 2469/2064/1590
f 1540/2066/1592 1709/2067/1593 2469/2064/1590
f 2466/2069/1595 2464/2068/1594 1709/2067/1593
f 1538/2029/1555 2373/2028/1554 2466/2069/1595
f 1709/2067/1593 1538/2029/1555 2466/2069/1595
f 2466/2069/1595 2465/2070/1596 2464/2068/1594
f 2373/2028/1554 2467/2071/1597 2466/2069/1595
f 2469/2064/1590 2468/2072/1598 2463/2065/1591
f 2464/2068/1594 2470/2073/1599 2469/2064/1590
f 1708/2074/1600 1709/2067/1593 1710/2075/1601
f 1710/2075/1601 1540/2066/1592 1706/2076/1602
f 2477/2077/1603 2471/2078/1604 1542/2079/1605
f 1713/2080/1606 2472/2081/1607 2477/2077/1603
f 1542/2079/1605 1713/2080/1606 2477/2077/1603
f 2474/2082/1608 2472/2081/1607 1713/2080/1606
f 1540/2066/1592 2463/2065/1591 2474/2082/1608
f 1713/2080/1606 1540/2066/1592 2474/2082/1608
f 2474/2082/1608 2473/2083/1609 2472/2081/1607
f 2463/2065/1591 2475/2084/1610 2474/2082/1608
f 2477/2077/1603 2476/2085/1611 2471/2078/1604
f 2472/2081/1607 2478/2086/1612 2477/2077/1603
f 1706/2076/1602 1713/2080/1606 1714/2087/1613
f 1714/2087/1613 1542/2079/1605 1711/2088/1614
f 2485/2089/1615 2479/2090/1616 1544/2091/1617
f 1717/2092/1618 2480/2093/1619 2485/2089/1615
f 1544/2091/1617 1717/2092/1618 2485/2089/1615
f 2482/2094/1620 2480/2093/1619 1717/2092/1618
f 1542/2079/1605 2471/2078/1604 2482/2094/1620
f 1717/2092/1618 1542/2079/1605 2482/2094/1620
f 2482/2094/1620 2481/2095/1621 2480/2093/1619
f 2471/2078/1604 2483/2096/1622 2482/2094/1620
f 2485/2089/1615 2484/2097/1623 2479/2090/1616
f 2480/2093/1619 2486/2098/1624 2485/2089/1615
f 1711/2088/1614 1717/2092/1618 1718/2099/1625
f 1718/2099/1625 1544/2091/1617 1715/2100/1626
f 2493/2101/1627 2487/2102/1628 1546/2103/1629
f 1721/2104/1630 2488/2105/1631 2493/2101/1627
f 1546/2103/1629 1721/2104/1630 2493/2101/1627
f 2490/2106/1632 2488/2105/1631 1721/2104/1630
f 1544/2091/1617 2479/2090/1616 2490/2106/1632
f 1721/2104/1630 1544/2091/1617 2490/2106/1632
f 2490/2106/1632 2489/2107/1633 2488/2105/1631
f 2479/2090/1616 2491/2108/1634 2490/2106/1632
f 2493/2101/1627 2492/2109/1635 2487/2102/1628
f 2488/2105/1631 2494/2110/1636 2493/2101/1627
f 1715/2100/1626 1721/2104/1630 1722/2111/1637
f 1722/2111/1637 1546/2103/1629 1719/2112/1638
f 2501/2113/1639 2495/2114/1640 1548/2115/1641
f 1725/2116/1642 2496/2117/1643 2501/2113/1639
f 1548/2115/1641 1725/2116/1642 2501/2113/1639
f 2498/2118/1644 2496/2117/1643 1725/2116/1642
f 1546/2103/1629 2487/2102/1628 2498/2118/1644
f 1725/2116/1642 1546/2103/1629 2498/2118/1644
f 2498/2118/1644 2497/2119/1645 2496/2117/1643
f 2487/2102/1628 2499/2120/1646 2498/2118/1644
f 2501/2113/1639 2500/2121/1647 2495/2114/1640
f 2496/2117/1643 2502/2122/1648 2501/2113/1639
f 1719/2112/1638 1725/2116/1642 1726/2123/1649
f 1726/2123/1649 1548/2115/1641 1723/2124/1650
f 2509/2125/1651 2503/2126/1652 1550/2127/1653
f 1729/2128/1654 2504/2129/1655 2509/2125/1651
f 1550/2127/1653 1729/2128/1654 2509/2125/1651
f 2506/2130/1656 2504/2129/1655 1729/2128/1654
f 1548/2115/1641 2495/2114/1640 2506/2130/1656
f 1729/2128/1654 1548/2115/1641 2506/2130/1656
f 2506/2130/1656 2505/2131/1657 2504/2129/1655
f 2495/2114/1640 2507/2132/1658 2506/2130/1656
f 2509/2125/1651 2508/2133/1659 2503/2126/1652
f 2504/2129/1655 2510/2134/1660 2509/2125/1651
f 1723/2124/1650 1729/2128/1654 1730/2135/1661
f 1727/2136/1662 1729/2128/1654 1550/2127/1653
f 1733/2137/1663 2511/2138/1664 1552/2139/1665
f 2514/2140/1666 2512/2141/1667 1733/2137/1663
f 1550/2127/1653 2503/2126/1652 2514/2140/1666
f 1733/2137/1663 1550/2127/1653 2514/2140/1666
f 2514/2140/1666 2513/2142/1668 2512/2141/1667
f 2503/2126/1652 2515/2143/1669 2514/2140/1666
f 1727/2136/1662 1733/2137/1663 1734/2144/1670
f 1734/2144/1670 1552/2139/1665 1731/2145/1671
f 2534/2146/1672 2527/2147/1673 1554/2148/1674
f 1737/2149/1675 2528/2150/1676 2534/2146/1672
f 1554/2148/1674 1737/2149/1675 2534/2146/1672
f 2530/2151/1677 2528/2150/1676 1737/2149/1675
f 1552/2139/1665 2511/2138/1664 2530/2151/1677
f 1737/2149/1675 1552/2139/1665 2530/2151/1677
f 2530/2151/1677 2529/2152/1678 2528/2150/1676
f 2511/2138/1664 2532/2153/1679 2530/2151/1677
f 2534/2146/1672 2533/2154/1680 2527/2147/1673
f 2528/2150/1676 2535/2155/1681 2534/2146/1672
f 1731/2145/1671 1737/2149/1675 1738/2156/1682
f 1738/2156/1682 1554/2148/1674 1735/2157/1683
f 2542/2158/1684 2536/2159/1685 1556/2160/1686
f 1741/2161/1687 2537/2162/1688 2542/2158/1684
f 1556/2160/1686 1741/2161/1687 2542/2158/1684
f 2539/2163/1689 2537/2162/1688 1741/2161/1687
f 1554/2148/1674 2527/2147/1673 2539/2163/1689
f 1741/2161/1687 1554/2148/1674 2539/2163/1689
f 2539/2163/1689 2538/2164/1690 2537/2162/1688
f 2527/2147/1673 2540/2165/1691 2539/2163/1689
f 2542/2158/1684 2541/2166/1692 2536/2159/1685
f 2537/2162/1688 2543/2167/1693 2542/2158/1684
f 1735/2157/1683 1741/2161/1687 1742/2168/1694
f 1742/2168/1694 1556/2160/1686 1739/2169/1695
f 2550/2170/1696 2544/2171/1697 1558/2172/1698
f 1745/2173/1699 2545/2174/1700 2550/2170/1696
f 1558/2172/1698 1745/2173/1699 2550/2170/1696
f 2547/2175/1701 2545/2174/1700 1745/2173/1699
f 1556/2160/1686 2536/2159/1685 2547/2175/1701
f 1745/2173/1699 1556/2160/1686 2547/2175/1701
f 2547/2175/1701 2546/2176/1702 2545/2174/1700
f 2547/2175/1701 2541/2166/1692 2548/2177/1703
f 2555/2178/1704 2549/2179/1705 2544/2171/1697
f 2550/2170/1696 2551/2180/1706 2555/2178/1704
f 2544/2171/1697 2550/2170/1696 2555/2178/1704
f 2565/2181/1707 2551/2180/1706 2550/2170/1696
f 2545/2174/1700 2546/2176/1702 2565/2181/1707
f 2550/2170/1696 2545/2174/1700 2565/2181/1707
f 2551/2180/1706 2567/2182/1708 2556/2183/1709
f 2565/2181/1707 2566/2184/1710 2567/2182/1708
f 2555/2178/1704 2554/2185/1711 2549/2179/1705
f 2562/2186/1712 2557/2187/1713 2555/2178/1704
f 2551/2180/1706 2556/2183/1709 2562/2186/1712
f 2555/2178/1704 2551/2180/1706 2562/2186/1712
f 2562/2186/1712 2561/2188/1714 2557/2187/1713
f 2556/2183/1709 2564/2189/1715 2562/2186/1712
f 1739/2169/1695 1745/2173/1699 1746/2190/1716
f 1746/2190/1716 1558/2172/1698 1743/2191/1717
f 2601/2192/1718 2552/2193/1719 1560/2194/1720
f 1749/2195/1721 2553/2196/1722 2601/2192/1718
f 1560/2194/1720 1749/2195/1721 2601/2192/1718
f 2559/2197/1723 2553/2196/1722 1749/2195/1721
f 1558/2172/1698 2544/2171/1697 2559/2197/1723
f 1749/2195/1721 1558/2172/1698 2559/2197/1723
f 2559/2197/1723 2558/2198/1724 2553/2196/1722
f 2544/2171/1697 2560/2199/1725 2559/2197/1723
f 2601/2192/1718 2600/2200/1726 2552/2193/1719
f 2553/2196/1722 2602/2201/1727 2601/2192/1718
f 1743/2191/1717 1749/2195/1721 1750/2202/1728
f 1750/2202/1728 1560/2194/1720 1747/2203/1729
f 2609/2204/1730 2603/2205/1731 1562/2206/1732
f 1753/2207/1733 2604/2208/1734 2609/2204/1730
f 1562/2206/1732 1753/2207/1733 2609/2204/1730
f 2606/2209/1735 2604/2208/1734 1753/2207/1733
f 1560/2194/1720 2552/2193/1719 2606/2209/1735
f 1753/2207/1733 1560/2194/1720 2606/2209/1735
f 2606/2209/1735 2605/2210/1736 2604/2208/1734
f 2552/2193/1719 2607/2211/1737 2606/2209/1735
f 2603/2205/1731 2610/2212/1738 2608/2213/1739
f 2609/2204/1730 2605/2210/1736 2610/2212/1738
f 1747/2203/1729 1753/2207/1733 1754/2214/1740
f 1754/2214/1740 1562/2206/1732 1751/2215/1741
f 2617/2216/1742 2611/2217/1743 1564/2218/1744
f 1757/2219/1745 2612/2220/1746 2617/2216/1742
f 1564/2218/1744 1757/2219/1745 2617/2216/1742
f 2614/2221/1747 2612/2220/1746 1757/2219/1745
f 1562/2206/1732 2603/2205/1731 2614/2221/1747
f 1757/2219/1745 1562/2206/1732 2614/2221/1747
f 2612/2220/1746 2615/2222/1748 2613/2223/1749
f 2614/2221/1747 2608/2213/1739 2615/2222/1748
f 2611/2217/1743 2618/2224/1750 2616/2225/1751
f 2617/2216/1742 2613/2223/1749 2618/2224/1750
f 1751/2215/1741 1757/2219/1745 1758/2226/1752
f 1758/2226/1752 1564/2218/1744 1755/2227/1753
f 2625/2228/1754 2619/2229/1755 1566/2230/1756
f 1761/2231/1757 2620/2232/1758 2625/2228/1754
f 1566/2230/1756 1761/2231/1757 2625/2228/1754
f 2622/2233/1759 2620/2232/1758 1761/2231/1757
f 1564/2218/1744 2611/2217/1743 2622/2233/1759
f 1761/2231/1757 1564/2218/1744 2622/2233/1759
f 2620/2232/1758 2623/2234/1760 2621/2235/1761
f 2622/2233/1759 2616/2225/1751 2623/2234/1760
f 2619/2229/1755 2626/2236/1762 2624/2237/1763
f 2625/2228/1754 2621/2235/1761 2626/2236/1762
f 1755/2227/1753 1761/2231/1757 1762/2238/1764
f 1762/2238/1764 1566/2230/1756 1759/2239/1765
f 2633/2240/1766 2627/2241/1767 1568/2242/1768
f 1765/2243/1769 2628/2244/1770 2633/2240/1766
f 1568/2242/1768 1765/2243/1769 2633/2240/1766
f 2630/2245/1771 2628/2244/1770 1765/2243/1769
f 1566/2230/1756 2619/2229/1755 2630/2245/1771
f 1765/2243/1769 1566/2230/1756 2630/2245/1771
f 2628/2244/1770 2631/2246/1772 2629/2247/1773
f 2630/2245/1771 2624/2237/1763 2631/2246/1772
f 2627/2241/1767 2634/2248/1774 2632/2249/1775
f 2633/2240/1766 2629/2247/1773 2634/2248/1774
f 1759/2239/1765 1765/2243/1769 1766/2250/1776
f 1766/2250/1776 1568/2242/1768 1763/2251/1777
f 2641/2252/1778 2635/2253/1779 1570/2254/1780
f 1769/2255/1781 2636/2256/1782 2641/2252/1778
f 1570/2254/1780 1769/2255/1781 2641/2252/1778
f 2638/2257/1783 2636/2256/1782 1769/2255/1781
f 1568/2242/1768 2627/2241/1767 2638/2257/1783
f 1769/2255/1781 1568/2242/1768 2638/2257/1783
f 2636/2256/1782 2639/2258/1784 2637/2259/1785
f 2638/2257/1783 2632/2249/1775 2639/2258/1784
f 2635/2253/1779 2642/2260/1786 2640/2261/1787
f 2641/2252/1778 2637/2259/1785 2642/2260/1786
f 1763/2251/1777 1769/2255/1781 1770/2262/1788
f 1770/2262/1788 1570/2254/1780 1767/2263/1789
f 2649/2264/1790 2643/2265/1791 1572/2266/1792
f 1773/2267/1793 2644/2268/1794 2649/2264/1790
f 1572/2266/1792 1773/2267/1793 2649/2264/1790
f 2646/2269/1795 2644/2268/1794 1773/2267/1793
f 1570/2254/1780 2635/2253/1779 2646/2269/1795
f 1773/2267/1793 1570/2254/1780 2646/2269/1795
f 2644/2268/1794 2647/2270/1796 2645/2271/1797
f 2646/2269/1795 2640/2261/1787 2647/2270/1796
f 2643/2265/1791 2650/2272/1798 2648/2273/1799
f 2649/2264/1790 2645/2271/1797 2650/2272/1798
f 1767/2263/1789 1773/2267/1793 1774/2274/1800
f 1774/2274/1800 1572/2266/1792 1771/2275/1801
f 2657/2276/1802 2651/2277/1803 1574/2278/1804
f 1777/2279/1805 2652/2280/1806 2657/2276/1802
f 1574/2278/1804 1777/2279/1805 2657/2276/1802
f 2654/2281/1807 2652/2280/1806 1777/2279/1805
f 1572/2266/1792 2643/2265/1791 2654/2281/1807
f 1777/2279/1805 1572/2266/1792 2654/2281/1807
f 2652/2280/1806 2655/2282/1808 2653/2283/1809
f 2654/2281/1807 2648/2273/1799 2655/2282/1808
f 2651/2277/1803 2658/2284/1810 2656/2285/1811
f 2657/2276/1802 2653/2283/1809 2658/2284/1810
f 1771/2275/1801 1777/2279/1805 1778/2286/1812
f 1778/2286/1812 1574/2278/1804 1775/2287/1813
f 2665/2288/1814 2659/2289/1815 1576/2290/1816
f 1781/2291/1817 2660/2292/1818 2665/2288/1814
f 1576/2290/1816 1781/2291/1817 2665/2288/1814
f 2662/2293/1819 2660/2292/1818 1781/2291/1817
f 1574/2278/1804 2651/2277/1803 2662/2293/1819
f 1781/2291/1817 1574/2278/1804 2662/2293/1819
f 2660/2292/1818 2663/2294/1820 2661/2295/1821
f 2662/2293/1819 2656/2285/1811 2663/2294/1820
f 2659/2289/1815 2666/2296/1822 2664/2297/1823
f 2665/2288/1814 2661/2295/1821 2666/2296/1822
f 1775/2287/1813 1781/2291/1817 1782/2298/1824
f 1782/2298/1824 1576/2290/1816 1779/2299/1825
f 2673/2300/1826 2667/2301/1827 1578/2302/1828
f 1785/2303/1829 2668/2304/1830 2673/2300/1826
f 1578/2302/1828 1785/2303/1829 2673/2300/1826
f 2670/2305/1831 2668/2304/1830 1785/2303/1829
f 1576/2290/1816 2659/2289/1815 2670/2305/1831
f 1785/2303/1829 1576/2290/1816 2670/2305/1831
f 2668/2304/1830 2671/2306/1832 2669/2307/1833
f 2670/2305/1831 2664/2297/1823 2671/2306/1832
f 2667/2301/1827 2674/2308/1834 2672/2309/1835
f 2673/2300/1826 2669/2307/1833 2674/2308/1834
f 1779/2299/1825 1785/2303/1829 1786/2310/1836
f 1786/2310/1836 1578/2302/1828 1783/2311/1837
f 2686/2312/1838 2675/2313/1839 1580/2314/1840
f 2676/2315/1841 2677/2316/1842 2686/2312/1838
f 1580/2314/1840 2676/2315/1841 2686/2312/1838
f 2679/2317/1843 2677/2316/1842 2676/2315/1841
f 1578/2302/1828 2667/2301/1827 2679/2317/1843
f 2676/2315/1841 1578/2302/1828 2679/2317/1843
f 2682/2318/1844 2678/2319/1845 2677/2316/1842
f 2679/2317/1843 2680/2320/1846 2682/2318/1844
f 2677/2316/1842 2679/2317/1843 2682/2318/1844
f 2667/2301/1827 2680/2320/1846 2679/2317/1843
f 2678/2319/1845 2684/2321/1847 2681/2322/1848
f 2680/2320/1846 2684/2321/1847 2682/2318/1844
f 2675/2313/1839 2687/2323/1849 2685/2324/1850
f 2692/2325/1851 2687/2323/1849 2686/2312/1838
f 2677/2316/1842 2678/2319/1845 2692/2325/1851
f 2686/2312/1838 2677/2316/1842 2692/2325/1851
f 2687/2323/1849 2693/2326/1852 2691/2327/1853
f 2692/2325/1851 2681/2322/1848 2693/2326/1852
f 1783/2311/1837 2676/2315/1841 2971/2328/1854
f 2971/2328/1854 1580/2314/1840 2970/2329/1855
f 2730/2330/1856 2688/2331/1857 1582/2332/1858
f 2689/2333/1859 2690/2334/1860 2730/2330/1856
f 1582/2332/1858 2689/2333/1859 2730/2330/1856
f 2727/2335/1861 2690/2334/1860 2689/2333/1859
f 1580/2314/1840 2675/2313/1839 2727/2335/1861
f 2689/2333/1859 1580/2314/1840 2727/2335/1861
f 2690/2334/1860 2728/2336/1862 2726/2337/1863
f 2727/2335/1861 2685/2324/1850 2728/2336/1862
f 2688/2331/1857 2731/2338/1864 2729/2339/1865
f 2730/2330/1856 2726/2337/1863 2731/2338/1864
f 2739/2340/1866 2732/2341/1867 1584/2342/1868
f 2733/2343/1869 2734/2344/1870 2739/2340/1866
f 1584/2342/1868 2733/2343/1869 2739/2340/1866
f 2736/2345/1871 2734/2344/1870 2733/2343/1869
f 1582/2332/1858 2688/2331/1857 2736/2345/1871
f 2733/2343/1869 1582/2332/1858 2736/2345/1871
f 2734/2344/1870 2737/2346/1872 2735/2347/1873
f 2736/2345/1871 2729/2339/1865 2737/2346/1872
f 2732/2341/1867 2740/2348/1874 2738/2349/1875
f 2739/2340/1866 2735/2347/1873 2740/2348/1874
f 2748/2350/1876 2741/2351/1877 1586/2352/1878
f 2742/2353/1879 2743/2354/1880 2748/2350/1876
f 1586/2352/1878 2742/2353/1879 2748/2350/1876
f 2745/2355/1881 2743/2354/1880 2742/2353/1879
f 1584/2342/1868 2732/2341/1867 2745/2355/1881
f 2742/2353/1879 1584/2342/1868 2745/2355/1881
f 2743/2354/1880 2746/2356/1882 2744/2357/1883
f 2745/2355/1881 2738/2349/1875 2746/2356/1882
f 2741/2351/1877 2749/2358/1884 2747/2359/1885
f 2748/2350/1876 2744/2357/1883 2749/2358/1884
f 2757/2360/1886 2750/2361/1887 1588/2362/1888
f 2751/2363/1889 2752/2364/1890 2757/2360/1886
f 1588/2362/1888 2751/2363/1889 2757/2360/1886
f 2754/2365/1891 2752/2364/1890 2751/2363/1889
f 1586/2352/1878 2741/2351/1877 2754/2365/1891
f 2751/2363/1889 1586/2352/1878 2754/2365/1891
f 2752/2364/1890 2755/2366/1892 2753/2367/1893
f 2754/2365/1891 2747/2359/1885 2755/2366/1892
f 2750/2361/1887 2758/2368/1894 2756/2369/1895
f 2757/2360/1886 2753/2367/1893 2758/2368/1894
f 2766/2370/1896 2759/2371/1897 1590/2372/1898
f 2760/2373/1899 2761/2374/1900 2766/2370/1896
f 1590/2372/1898 2760/2373/1899 2766/2370/1896
f 2763/2375/1901 2761/2374/1900 2760/2373/1899
f 1588/2362/1888 2750/2361/1887 2763/2375/1901
f 2760/2373/1899 1588/2362/1888 2763/2375/1901
f 2761/2374/1900 2764/2376/1902 2762/2377/1903
f 2763/2375/1901 2756/2369/1895 2764/2376/1902
f 2766/2370/1896 2765/2378/1904 2759/2371/1897
f 2766/2370/1896 2762/2377/1903 2767/2379/1905
f 2775/2380/1906 2768/2381/1907 1592/2382/1908
f 2769/2383/1909 2770/2384/1910 2775/2380/1906
f 1592/2382/1908 2769/2383/1909 2775/2380/1906
f 2772/2385/1911 2770/2384/1910 2769/2383/1909
f 1590/2372/1898 2759/2371/1897 2772/2385/1911
f 2769/2383/1909 1590/2372/1898 2772/2385/1911
f 2770/2384/1910 2773/2386/1912 2771/2387/1913
f 2772/2385/1911 2765/2378/1904 2773/2386/1912
f 2768/2381/1907 2776/2388/1914 2774/2389/1915
f 2775/2380/1906 2771/2387/1913 2776/2388/1914
f 2784/2390/1916 2777/2391/1917 1594/2392/1918
f 2778/2393/1919 2779/2394/1920 2784/2390/1916
f 1594/2392/1918 2778/2393/1919 2784/2390/1916
f 2781/2395/1921 2779/2394/1920 2778/2393/1919
f 1592/2382/1908 2768/2381/1907 2781/2395/1921
f 2778/2393/1919 1592/2382/1908 2781/2395/1921
f 2779/2394/1920 2782/2396/1922 2780/2397/1923
f 2781/2395/1921 2774/2389/1915 2782/2396/1922
f 2777/2391/1917 2785/2398/1924 2783/2399/1925
f 2784/2390/1916 2780/2397/1923 2785/2398/1924
f 2793/2400/1926 2786/2401/1927 1596/2402/1928
f 2787/2403/1929 2788/2404/1930 2793/2400/1926
f 1596/2402/1928 2787/2403/1929 2793/2400/1926
f 2790/2405/1931 2788/2404/1930 2787/2403/1929
f 1594/2392/1918 2777/2391/1917 2790/2405/1931
f 2787/2403/1929 1594/2392/1918 2790/2405/1931
f 2788/2404/1930 2791/2406/1932 2789/2407/1933
f 2790/2405/1931 2783/2399/1925 2791/2406/1932
f 2786/2401/1927 2794/2408/1934 2792/2409/1935
f 2793/2400/1926 2789/2407/1933 2794/2408/1934
f 2968/2410/1936 2787/2403/1929 2969/2411/1937
f 2967/2412/1938 2787/2403/1929 1596/2402/1928
f 2802/2413/1939 2795/2414/1940 1598/2415/1941
f 2796/2416/1942 2797/2417/1943 2802/2413/1939
f 1598/2415/1941 2796/2416/1942 2802/2413/1939
f 2799/2418/1944 2797/2417/1943 2796/2416/1942
f 1596/2402/1928 2786/2401/1927 2799/2418/1944
f 2796/2416/1942 1596/2402/1928 2799/2418/1944
f 2797/2417/1943 2800/2419/1945 2798/2420/1946
f 2799/2418/1944 2792/2409/1935 2800/2419/1945
f 2802/2413/1939 2801/2421/1947 2795/2414/1940
f 2802/2413/1939 2798/2420/1946 2803/2422/1948
f 2811/2423/1949 2804/2424/1950 1600/2425/1951
f 2805/2426/1952 2806/2427/1953 2811/2423/1949
f 1600/2425/1951 2805/2426/1952 2811/2423/1949
f 2808/2428/1954 2806/2427/1953 2805/2426/1952
f 1598/2415/1941 2795/2414/1940 2808/2428/1954
f 2805/2426/1952 1598/2415/1941 2808/2428/1954
f 2808/2428/1954 2807/2429/1955 2806/2427/1953
f 2795/2414/1940 2809/2430/1956 2808/2428/1954
f 2811/2423/1949 2810/2431/1957 2804/2424/1950
f 2806/2427/1953 2812/2432/1958 2811/2423/1949
f 2824/2433/1959 2813/2434/1960 1602/2435/1961
f 2814/2436/1962 2815/2437/1963 2824/2433/1959
f 1602/2435/1961 2814/2436/1962 2824/2433/1959
f 2817/2438/1964 2815/2437/1963 2814/2436/1962
f 1600/2425/1951 2804/2424/1950 2817/2438/1964
f 2814/2436/1962 1600/2425/1951 2817/2438/1964
f 2820/2439/1965 2816/2440/1966 2815/2437/1963
f 2817/2438/1964 2818/2441/1967 2820/2439/1965
f 2815/2437/1963 2817/2438/1964 2820/2439/1965
f 2833/2442/1968 2818/2441/1967 2817/2438/1964
f 2804/2424/1950 2810/2431/1957 2833/2442/1968
f 2817/2438/1964 2804/2424/1950 2833/2442/1968
f 2833/2442/1968 2821/2443/1969 2818/2441/1967
f 2810/2431/1957 2835/2444/1970 2833/2442/1968
f 2816/2440/1966 2822/2445/1971 2819/2446/1972
f 2830/2447/1973 2822/2445/1971 2820/2439/1965
f 2818/2441/1967 2821/2443/1969 2830/2447/1973
f 2820/2439/1965 2818/2441/1967 2830/2447/1973
f 2830/2447/1973 2829/2448/1974 2822/2445/1971
f 2821/2443/1969 2832/2449/1975 2830/2447/1973
f 2813/2434/1960 2825/2450/1976 2823/2451/1977
f 2824/2433/1959 2816/2440/1966 2825/2450/1976
f 2965/2452/1978 2814/2436/1962 2966/2453/1979
f 2966/2453/1979 1602/2435/1961 2964/2454/1980
f 2873/2455/1981 2826/2456/1982 1604/2457/1983
f 2827/2458/1984 2828/2459/1985 2873/2455/1981
f 1604/2457/1983 2827/2458/1984 2873/2455/1981
f 2870/2460/1986 2828/2459/1985 2827/2458/1984
f 1602/2435/1961 2813/2434/1960 2870/2460/1986
f 2827/2458/1984 1602/2435/1961 2870/2460/1986
f 2828/2459/1985 2871/2461/1987 2869/2462/1988
f 2870/2460/1986 2823/2451/1977 2871/2461/1987
f 2873/2455/1981 2872/2463/1989 2826/2456/1982
f 2828/2459/1985 2874/2464/1990 2873/2455/1981
f 2882/2465/1991 2875/2466/1992 1606/2467/1993
f 2876/2468/1994 2877/2469/1995 2882/2465/1991
f 1606/2467/1993 2876/2468/1994 2882/2465/1991
f 2879/2470/1996 2877/2469/1995 2876/2468/1994
f 1604/2457/1983 2826/2456/1982 2879/2470/1996
f 2876/2468/1994 1604/2457/1983 2879/2470/1996
f 2879/2470/1996 2878/2471/1997 2877/2469/1995
f 2826/2456/1982 2880/2472/1998 2879/2470/1996
f 2882/2465/1991 2881/2473/1999 2875/2466/1992
f 2877/2469/1995 2883/2474/2000 2882/2465/1991
f 2891/2475/2001 2884/2476/2002 1608/2477/2003
f 2885/2478/2004 2886/2479/2005 2891/2475/2001
f 1608/2477/2003 2885/2478/2004 2891/2475/2001
f 2888/2480/2006 2886/2479/2005 2885/2478/2004
f 1606/2467/1993 2875/2466/1992 2888/2480/2006
f 2885/2478/2004 1606/2467/1993 2888/2480/2006
f 2888/2480/2006 2887/2481/2007 2886/2479/2005
f 2875/2466/1992 2889/2482/2008 2888/2480/2006
f 2891/2475/2001 2890/2483/2009 2884/2476/2002
f 2886/2479/2005 2892/2484/2010 2891/2475/2001
f 2962/2485/2011 2885/2478/2004 2963/2486/2012
f 2963/2486/2012 1608/2477/2003 2961/2487/2013
f 2900/2488/2014 2893/2489/2015 1610/2490/2016
f 2894/2491/2017 2895/2492/2018 2900/2488/2014
f 1610/2490/2016 2894/2491/2017 2900/2488/2014
f 2897/2493/2019 2895/2492/2018 2894/2491/2017
f 1608/2477/2003 2884/2476/2002 2897/2493/2019
f 2894/2491/2017 1608/2477/2003 2897/2493/2019
f 2897/2493/2019 2896/2494/2020 2895/2492/2018
f 2884/2476/2002 2898/2495/2021 2897/2493/2019
f 2900/2488/2014 2899/2496/2022 2893/2489/2015
f 2895/2492/2018 2901/2497/2023 2900/2488/2014
f 2909/2498/2024 2902/2499/2025 1612/2500/2026
f 2903/2501/2027 2904/2502/2028 2909/2498/2024
f 1612/2500/2026 2903/2501/2027 2909/2498/2024
f 2906/2503/2029 2904/2502/2028 2903/2501/2027
f 1610/2490/2016 2893/2489/2015 2906/2503/2029
f 2903/2501/2027 1610/2490/2016 2906/2503/2029
f 2906/2503/2029 2905/2504/2030 2904/2502/2028
f 2893/2489/2015 2907/2505/2031 2906/2503/2029
f 2902/2499/2025 2910/2506/2032 2908/2507/2033
f 2904/2502/2028 2910/2506/2032 2909/2498/2024
f 2918/2508/2034 2911/2509/2035 1614/2510/2036
f 2912/2511/2037 2913/2512/2038 2918/2508/2034
f 1614/2510/2036 2912/2511/2037 2918/2508/2034
f 2915/2513/2039 2913/2512/2038 2912/2511/2037
f 1612/2500/2026 2902/2499/2025 2915/2513/2039
f 2912/2511/2037 1612/2500/2026 2915/2513/2039
f 2915/2513/2039 2914/2514/2040 2913/2512/2038
f 2902/2499/2025 2916/2515/2041 2915/2513/2039
f 2918/2508/2034 2917/2516/2042 2911/2509/2035
f 2913/2512/2038 2919/2517/2043 2918/2508/2034
f 2959/2518/2044 2912/2511/2037 2960/2519/2045
f 2960/2519/2045 1614/2510/2036 2958/2520/2046
f 2927/2521/2047 2920/2522/2048 1616/2523/2049
f 2921/2524/2050 2922/2525/2051 2927/2521/2047
f 1616/2523/2049 2921/2524/2050 2927/2521/2047
f 2924/2526/2052 2922/2525/2051 2921/2524/2050
f 1614/2510/2036 2911/2509/2035 2924/2526/2052
f 2921/2524/2050 1614/2510/2036 2924/2526/2052
f 2924/2526/2052 2923/2527/2053 2922/2525/2051
f 2911/2509/2035 2925/2528/2054 2924/2526/2052
f 2927/2521/2047 2926/2529/2055 2920/2522/2048
f 2922/2525/2051 2928/2530/2056 2927/2521/2047
f 2936/2531/2057 2929/2532/2058 1618/2533/2059
f 2930/2534/2060 2931/2535/2061 2936/2531/2057
f 1618/2533/2059 2930/2534/2060 2936/2531/2057
f 2933/2536/2062 2931/2535/2061 2930/2534/2060
f 1616/2523/2049 2920/2522/2048 2933/2536/2062
f 2930/2534/2060 1616/2523/2049 2933/2536/2062
f 2933/2536/2062 2932/2537/2063 2931/2535/2061
f 2920/2522/2048 2934/2538/2064 2933/2536/2062
f 2936/2531/2057 2935/2539/2065 2929/2532/2058
f 2931/2535/2061 2937/2540/2066 2936/2531/2057
f 2944/2541/2067 1831/2542/2068 1620/2543/2069
f 2938/2544/2070 2939/2545/2071 2944/2541/2067
f 1620/2543/2069 2938/2544/2070 2944/2541/2067
f 2941/2546/2072 2939/2545/2071 2938/2544/2070
f 1618/2533/2059 2929/2532/2058 2941/2546/2072
f 2938/2544/2070 1618/2533/2059 2941/2546/2072
f 2941/2546/2072 2940/2547/2073 2939/2545/2071
f 2929/2532/2058 2942/2548/2074 2941/2546/2072
f 2944/2541/2067 2943/2549/2075 1831/2542/2068
f 2939/2545/2071 2945/2550/2076 2944/2541/2067
f 1838/2551/2077 1829/2552/977 1623/2553/976
f 1830/2554/2078 1832/2555/2079 1838/2551/2077
f 1623/2553/976 1830/2554/2078 1838/2551/2077
f 2946/2556/2080 1832/2555/2079 1830/2554/2078
f 1620/2543/2069 1831/2542/2068 2946/2556/2080
f 1830/2554/2078 1620/2543/2069 2946/2556/2080
f 2946/2556/2080 1839/2557/2081 1832/2555/2079
f 1831/2542/2068 2947/2558/2082 2946/2556/2080
f 1846/2559/2083 1837/2560/2084 1829/2552/977
f 1838/2551/2077 1840/2561/2085 1846/2559/2083
f 1829/2552/977 1838/2551/2077 1846/2559/2083
f 2948/2562/2086 1840/2561/2085 1838/2551/2077
f 1832/2555/2079 1839/2557/2081 2948/2562/2086
f 1838/2551/2077 1832/2555/2079 2948/2562/2086
f 2948/2562/2086 1847/2563/2087 1840/2561/2085
f 1839/2557/2081 2950/2564/2088 2948/2562/2086
f 2956/2565/2089 1845/2566/985 1837/2560/2084
f 1846/2559/2083 1848/2567/2090 2956/2565/2089
f 1837/2560/2084 1846/2559/2083 2956/2565/2089
f 2952/2568/2091 1848/2567/2090 1846/2559/2083
f 1840/2561/2085 1847/2563/2087 2952/2568/2091
f 1846/2559/2083 1840/2561/2085 2952/2568/2091
f 2952/2568/2091 2951/2569/2092 1848/2567/2090
f 1847/2563/2087 2954/2570/2093 2952/2568/2091
f 2956/2565/2089 2955/2571/2094 1845/2566/985
f 1848/2567/2090 2957/2572/2095 2956/2565/2089
f 1448/2573/2096 1844/1460/987 1843/2574/2097
f 1825/1451/978 1833/1456/983 1788/2575/2098
f 1841/1459/986 1787/2576/2099 1788/2575/2098
f 1789/2577/2100 1849/1461/988 1851/1462/989
f 1792/2578/2101 1854/1469/996 1791/2579/2102
f 1790/2580/2103 1856/1470/997 1849/1461/988
f 1789/2577/2100 1825/1451/978 1788/2575/2098
f 1793/2581/2104 1864/1483/1010 1857/1471/998
f 1796/2582/2105 1867/1485/1012 1795/2583/2106
f 1795/2583/2106 1862/1482/1009 1794/2584/2107
f 1798/2585/2108 1870/1494/1021 1797/2586/2109
f 1799/2587/2110 1880/1507/1034 1873/1496/1023
f 1799/2587/2110 1875/1497/1024 1798/2585/2108
f 1796/2582/2105 1872/1495/1022 1865/1484/1011
f 1793/2581/2104 1859/1472/999 1792/2578/2101
f 1801/2588/2111 1878/1506/1033 1800/2589/2112
f 1802/2590/2113 1883/1509/1036 1801/2588/2111
f 1802/2590/2113 1888/1519/1046 1881/1508/1035
f 1841/1459/986 1844/1460/987 1787/2576/2099
f 1841/1459/986 1833/1456/983 1836/1455/982
f 1841/1459/986 1788/2575/2098 1833/1456/983
f 1804/2591/2114 1886/1518/1045 1803/2592/2115
f 1804/2591/2114 1889/1520/1047 1891/1521/1048
f 1807/2593/2116 1894/1530/1057 1806/2594/2117
f 1805/2595/2118 1896/1531/1058 1889/1520/1047
f 1808/2596/2119 1904/1543/1070 1897/1532/1059
f 1810/2597/2120 1905/1544/1071 1907/1545/1072
f 1810/2597/2120 1902/1542/1069 1809/2598/2121
f 1807/2593/2116 1897/1532/1059 1899/1533/1060
f 1811/2599/2122 1912/1555/1082 1905/1544/1071
f 1813/2600/2123 1913/1556/1083 1915/1557/1084
f 1816/2601/2124 1918/1566/1093 1815/2602/2125
f 1814/2603/2126 1920/1567/1094 1913/1556/1083
f 1817/2604/2127 1928/1578/1105 1921/1569/1096
f 1819/2605/2128 1950/1594/1121 1938/1589/1116
f 1940/1590/1117 1818/2606/2129 1819/2605/2128
f 1816/2601/2124 1921/1569/1096 1923/1568/1095
f 1947/1604/1131 1942/1592/1119 1951/2607/2130
f 1953/2608/2131 1945/1605/1132 1952/2609/2132
f 1952/2609/2132 1947/1604/1131 1951/2607/2130
f 1955/2610/2133 1970/1616/1143 1954/2611/2134
f 1956/2612/2135 1971/1619/1146 1973/1618/1145
f 1956/2612/2135 1968/1617/1144 1955/2610/2133
f 1953/2608/2131 1963/1607/1134 1965/1606/1133
f 1948/1595/1122 1820/2613/2136 1951/2607/2130
f 1941/1588/1115 1940/1590/1117 1819/2605/2128
f 1941/1588/1115 1819/2605/2128 1938/1589/1116
f 1937/1586/1113 1936/1587/1114 1940/1590/1117
f 1942/1592/1119 1944/1591/1118 1948/1595/1122
f 1950/1594/1121 1820/2613/2136 1948/1595/1122
f 1818/2606/2129 1940/1590/1117 1936/1587/1114
f 1959/2614/2137 1976/1629/1156 1958/2615/2138
f 1960/2616/2139 1986/1640/1167 1979/1631/1158
f 1960/2616/2139 1981/1630/1157 1959/2614/2137
f 1992/2617/2140 2017/1646/1173 1962/2618/2141
f 2016/1648/1175 1961/2619/2142 1962/2618/2141
f 1992/2617/2140 2018/1650/1177 2020/1649/1176
f 1994/2620/2143 2023/1660/1187 1993/2621/2144
f 1951/2607/2130 1942/1592/1119 1948/1595/1122
f 1958/2615/2138 1978/1628/1155 1957/2622/2145
f 1813/2600/2123 1910/1554/1081 1812/2623/2146
f 1936/1587/1114 1928/1578/1105 1818/2606/2129
f 1825/1451/978 1828/1453/980 1833/1456/983
f 1854/1469/996 1856/1470/997 1791/2579/2102
f 1862/1482/1009 1864/1483/1010 1794/2584/2107
f 1870/1494/1021 1872/1495/1022 1797/2586/2109
f 1878/1506/1033 1880/1507/1034 1800/2589/2112
f 1886/1518/1045 1888/1519/1046 1803/2592/2115
f 1894/1530/1057 1896/1531/1058 1806/2594/2117
f 1902/1542/1069 1904/1543/1070 1809/2598/2121
f 1910/1554/1081 1912/1555/1082 1812/2623/2146
f 1918/1566/1093 1920/1567/1094 1815/2602/2125
f 1929/1581/1108 1942/1592/1119 1947/1604/1131
f 1962/2618/2141 2017/1646/1173 2016/1648/1175
f 1992/2617/2140 2020/1649/1176 2014/1647/1174
f 1928/1578/1105 1936/1587/1114 1926/1579/1106
f 1963/1607/1134 1954/2611/2134 1970/1616/1143
f 2016/1648/1175 1984/1641/1168 1986/1640/1167
f 2018/1650/1177 2023/1660/1187 1987/1643/1170
f 1993/2621/2144 2023/1660/1187 2018/1650/1177
f 1971/1619/1146 1957/2622/2145 1978/1628/1155
f 1986/1640/1167 1961/2619/2142 2016/1648/1175
f 1995/2624/2147 2021/1659/1186 1994/2620/2143
f 1995/2624/2147 2024/1661/1188 2026/1662/1189
f 1997/2625/2148 2034/1673/1200 2029/1672/1199
f 1997/2625/2148 2031/1671/1198 1996/2626/2149
f 2000/2627/2150 2039/1683/1210 1999/2628/2151
f 2040/1686/1213 2042/1685/1212 2001/2629/2152
f 2000/2627/2150 2042/1685/1212 2037/1684/1211
f 1999/2628/2151 2032/1674/1201 1998/2630/2153
f 2003/2631/2154 2047/1695/1222 2002/2632/2155
f 2004/2633/2156 2048/1698/1225 2050/1697/1224
f 2003/2631/2154 2050/1697/1224 2045/1696/1223
f 2007/2634/2157 2056/1710/1237 2058/1709/1236
f 2009/2635/2158 2066/1722/1249 2061/1720/1247
f 2009/2635/2158 2063/1719/1246 2008/2636/2159
f 2006/2637/2160 2055/1707/1234 2005/2638/2161
f 2002/2632/2155 2040/1686/1213 2001/2629/2152
f 2012/2639/575 2075/2640/2162 2011/2641/2163
f 2086/2642/2164 2141/1757/1284 2013/2643/2165
f 2143/1749/1276 2012/2639/575 2013/2643/2165
f 2087/2644/2166 2147/1763/1290 2121/1752/1279
f 2130/1773/1300 2125/1761/1288 2089/2645/2167
f 2145/1764/1291 2088/2646/2168 2089/2645/2167
f 2131/1755/1282 2086/2642/2164 2087/2644/2166
f 2090/2647/2169 2150/1775/1302 2128/1774/1301
f 2093/2648/2170 2156/1783/1310 2092/2649/2171
f 2092/2649/2171 2148/1776/1303 2091/2650/2172
f 2095/2651/2173 2157/1786/1313 2094/2652/2174
f 2096/2653/2175 2168/1795/1322 2163/1794/1321
f 2096/2653/2175 2165/1793/1320 2095/2651/2173
f 2093/2648/2170 2159/1785/1312 2154/1784/1311
f 2090/2647/2169 2130/1773/1300 2089/2645/2167
f 2010/2654/2176 2064/1721/1248 2066/1722/1249
f 2099/2655/2177 2174/1803/1330 2098/2656/2178
f 2101/2657/2179 2175/1806/1333 2100/2658/2180
f 2099/2655/2177 2177/1805/1332 2172/1804/1331
f 2104/2659/2181 2184/1815/1342 2103/2660/2182
f 2105/2661/2183 2195/1828/1355 2190/1827/1354
f 2104/2659/2181 2190/1827/1354 2192/1826/1353
f 2101/2657/2179 2181/1814/1341 2183/1813/1340
f 2107/2662/2184 2199/1837/1364 2201/1836/1363
f 2110/2663/2185 2202/1839/1366 2109/2664/2186
f 2108/2665/2187 2204/1838/1365 2199/1837/1364
f 2111/2666/2188 2213/1848/1375 2208/1847/1374
f 2113/2667/2189 2217/1860/1387 2219/1859/1386
f 2113/2667/2189 2211/1849/1376 2112/2668/2190
f 2110/2663/2185 2208/1847/1374 2210/1846/1373
f 2107/2662/2184 2193/1829/1356 2106/2669/2191
f 2116/2670/2192 2220/1861/1388 2115/2671/2193
f 2117/2672/2194 2231/1872/1399 2226/1869/1396
f 2116/2670/2192 2226/1869/1396 2228/1870/1397
f 2119/2673/2195 2251/1889/1416 2250/2674/2196
f 2244/1890/1417 2238/1885/1412 2255/2675/2197
f 2238/1885/1412 2120/2676/2198 2255/2675/2197
f 2118/2677/2199 2254/1884/1411 2253/2678/2200
f 2256/2679/2201 2286/1902/1429 2288/1901/1428
f 2259/2680/2202 2289/1903/1430 2258/2681/2203
f 2258/2681/2203 2291/1904/1431 2257/2682/2204
f 2261/2683/2205 2300/1914/1441 2260/2684/2206
f 2262/2685/2207 2304/1921/1448 2306/1922/1449
f 2262/2685/2207 2298/1913/1440 2261/2683/2205
f 2259/2680/2202 2295/1911/1438 2297/1912/1439
f 2256/2679/2201 2242/1891/1418 2255/2675/2197
f 2114/2686/2208 2222/1862/1389 2217/1860/1387
f 2098/2656/2178 2166/1796/1323 2097/2687/2209
f 2144/1750/1277 2143/1749/1276 2013/2643/2165
f 2133/1748/1275 2144/1750/1277 2140/1759/1286
f 2141/1757/1284 2140/1759/1286 2013/2643/2165
f 2012/2639/575 2143/1749/1276 2136/1747/1274
f 2076/1734/1261 2012/2639/575 2136/1747/1274
f 2143/1749/1276 2137/1746/1273 2136/1747/1274
f 2006/2637/2160 2058/1709/1236 2053/1708/1235
f 2131/1755/1282 2134/1754/1281 2138/1758/1285
f 2121/1752/1279 2124/1751/1278 2131/1755/1282
f 2138/1758/1285 2086/2642/2164 2131/1755/1282
f 2087/2644/2166 2121/1752/1279 2131/1755/1282
f 2145/1764/1291 2147/1763/1290 2088/2646/2168
f 2254/1884/1411 2119/2673/2195 2250/2674/2196
f 2102/2688/2210 2186/1816/1343 2181/1814/1341
f 1996/2626/2149 2031/1671/1198 2024/1661/1188
f 2034/1673/1200 1998/2630/2153 2032/1674/1201
f 2136/1747/1274 2073/1735/1262 2076/1734/1261
f 2145/1764/1291 2125/1761/1288 2127/1760/1287
f 2231/1872/1399 2118/2677/2199 2253/2678/2200
f 2250/2674/2196 2240/1883/1410 2254/1884/1411
f 2125/1761/1288 2145/1764/1291 2089/2645/2167
f 2075/2640/2162 2064/1721/1248 2011/2641/2163
f 2140/1759/1286 2144/1750/1277 2013/2643/2165
f 2265/2689/2211 2307/1924/1451 2264/2690/2212
f 2267/2691/2213 2318/1937/1464 2266/2692/2214
f 2265/2689/2211 2313/1934/1461 2315/1935/1462
f 2270/2693/2215 2327/1947/1474 2269/2694/2216
f 2271/2695/2217 2331/1954/1481 2333/1955/1482
f 2271/2695/2217 2325/1946/1473 2270/2693/2215
f 2268/2696/2218 2316/1936/1463 2267/2691/2213
f 2273/2697/2219 2342/1968/1495 2334/1956/1483
f 2276/2698/2220 2345/1970/1497 2275/2699/2221
f 2274/2700/2222 2340/1967/1494 2342/1968/1495
f 2277/2701/2223 2349/1977/1504 2351/1978/1505
f 2279/2702/2224 2360/1988/1515 2352/1979/1506
f 2279/2702/2224 2354/1980/1507 2278/2703/2225
f 2276/2698/2220 2351/1978/1505 2343/1969/1496
f 2273/2697/2219 2336/1957/1484 2272/2704/2226
f 2268/2696/2218 2322/1944/1471 2324/1945/1472
f 2282/2705/2227 2369/1998/1525 2361/1989/1516
f 2282/2705/2227 2363/1990/1517 2281/2706/2228
f 2251/1889/1416 2120/2676/2198 2248/1888/1415
f 2248/1888/1415 2238/1885/1412 2241/1887/1414
f 2120/2676/2198 2238/1885/1412 2248/1888/1415
f 2283/2707/2229 2367/1997/1524 2369/1998/1525
f 2280/2708/2230 2358/1987/1514 2360/1988/1515
f 2409/2709/2231 2403/2010/1537 2402/2710/2232
f 2409/2709/2231 2402/2710/2232 2284/2711/2233
f 2409/2709/2231 2416/2712/2234 2410/2013/1540
f 2402/2710/2232 2395/2713/2235 2284/2711/2233
f 2389/2004/1531 2388/2714/2236 2395/2713/2235
f 2284/2711/2233 2395/2713/2235 2388/2714/2236
f 2396/2007/1534 2395/2713/2235 2402/2710/2232
f 2284/2711/2233 2388/2714/2236 2367/1997/1524
f 2409/2709/2231 2284/2711/2233 2416/2712/2234
f 2416/2712/2234 2284/2711/2233 2423/2715/2237
f 2264/2690/2212 2309/1923/1450 2263/2716/2238
f 1822/1446/973 1450/607/2239 1449/1449/976
f 1822/1446/973 1451/1445/972 1627/1473/1000
f 1627/1473/1000 1450/607/2239 1822/1446/973
f 1625/1475/1002 1626/2717/2240 1629/1474/1001
f 1456/2718/2241 1633/1486/1013 1630/1487/1014
f 1633/1486/1013 1454/2719/2242 1625/1475/1002
f 1629/1474/1001 1452/2720/2243 1627/1473/1000
f 2002/2632/2155 2047/1695/1222 2040/1686/1213
f 1458/2721/2244 1637/1498/1025 1634/1499/1026
f 1639/2722/2245 1634/1499/1026 1641/1510/1037
f 1635/2723/2246 1630/1487/1014 1637/1498/1025
f 1645/1522/1049 1460/2724/2247 1638/1511/1038
f 1649/1534/1061 1462/2725/2248 1642/1523/1050
f 1642/1523/1050 1643/2726/2249 1645/1522/1049
f 1651/2727/2250 1646/1535/1062 1653/1546/1073
f 1655/2728/2251 1650/1547/1074 1657/1558/1085
f 1466/2729/2252 1653/1546/1073 1650/1547/1074
f 1464/2730/2253 1649/1534/1061 1646/1535/1062
f 1661/1570/1097 1468/2731/2254 1654/1559/1086
f 1665/1596/1123 1470/2732/2255 1658/1571/1098
f 1658/1571/1098 1659/2733/2256 1661/1570/1097
f 1669/1608/1135 1472/2734/2257 1662/1597/1124
f 1673/1620/1147 1474/2735/2258 1666/1609/1136
f 1666/1609/1136 1667/2736/2259 1669/1608/1135
f 1662/1597/1124 1663/2737/2260 1665/1596/1123
f 1654/1559/1086 1655/2728/2251 1657/1558/1085
f 1638/1511/1038 1639/2722/2245 1641/1510/1037
f 2063/1719/1246 2056/1710/1237 2008/2636/2159
f 2130/1773/1300 2077/1737/1264 2125/1761/1288
f 2091/2650/2172 2148/1776/1303 2150/1775/1302
f 2072/1733/1260 2064/1721/1248 2075/2640/2162
f 2157/1786/1313 2159/1785/1312 2094/2652/2174
f 2081/1770/1297 2987/1766/1293 1493/1727/1254
f 2152/1780/1307 1496/2738/2261 1495/1769/1296
f 1495/1769/1296 1496/2738/2261 2081/1770/1297
f 2166/1796/1323 2168/1795/1322 2097/2687/2209
f 2161/1790/1317 1498/2739/2262 1497/1779/1306
f 1499/1789/1316 1500/2740/2263 2161/1790/1317
f 1497/1779/1306 1498/2739/2262 2152/1780/1307
f 2055/1707/1234 2048/1698/1225 2005/2638/2161
f 2170/1800/1327 1500/2740/2263 1499/1789/1316
f 1452/2720/2243 1450/607/2239 1627/1473/1000
f 1674/1633/1160 1675/2741/2264 1677/1632/1159
f 1677/1632/1159 1476/2742/2265 1670/1621/1148
f 1478/2743/2266 1681/1651/1178 1679/2744/2267
f 1671/2745/2268 1670/1621/1148 1476/2742/2265
f 1678/1652/1179 1679/2744/2267 1681/1651/1178
f 1482/2746/2269 1685/1663/1190 1682/1664/1191
f 1683/2747/2270 1678/1652/1179 1685/1663/1190
f 1686/1676/1203 1687/2748/2271 1689/1675/1202
f 1689/1675/1202 1482/2746/2269 1682/1664/1191
f 1693/1687/1214 1484/2749/2272 1686/1676/1203
f 1690/1688/1215 1691/2750/2273 1693/1687/1214
f 1697/1699/1226 1486/2751/2274 1690/1688/1215
f 1701/1711/1238 1488/2752/2275 1694/1700/1227
f 1694/1700/1227 1695/2753/2276 1697/1699/1226
f 1703/2754/2277 1698/1712/1239 1705/1723/1250
f 2988/1765/1292 1492/2755/2278 1702/1724/1251
f 1492/2755/2278 1705/1723/1250 1702/1724/1251
f 1698/1712/1239 1699/2756/2279 1701/1711/1238
f 2987/1766/1293 1494/2757/2280 2988/1765/1292
f 2988/1765/1292 1494/2757/2280 1492/2755/2278
f 2081/1770/1297 1496/2738/2261 2987/1766/1293
f 1498/2739/2262 1496/2738/2261 2152/1780/1307
f 1496/2738/2261 1494/2757/2280 2987/1766/1293
f 1498/2739/2262 2161/1790/1317 1500/2740/2263
f 1500/2740/2263 2170/1800/1327 2985/1817/1344
f 2100/2658/2180 2175/1806/1333 2177/1805/1332
f 2103/2660/2182 2184/1815/1342 2186/1816/1343
f 2106/2669/2191 2193/1829/1356 2195/1828/1355
f 2109/2664/2186 2202/1839/1366 2204/1838/1365
f 2112/2668/2190 2211/1849/1376 2213/1848/1375
f 2115/2671/2193 2220/1861/1388 2222/1862/1389
f 2253/2678/2200 2229/1871/1398 2231/1872/1399
f 2238/1885/1412 2244/1890/1417 2235/1880/1407
f 2257/2682/2204 2291/1904/1431 2286/1902/1429
f 2242/1891/1418 2244/1890/1417 2255/2675/2197
f 2260/2684/2206 2300/1914/1441 2295/1911/1438
f 2263/2716/2238 2309/1923/1450 2304/1921/1448
f 2266/2692/2214 2318/1937/1464 2313/1934/1461
f 2269/2694/2216 2327/1947/1474 2322/1944/1471
f 2272/2704/2226 2336/1957/1484 2331/1954/1481
f 2275/2699/2221 2345/1970/1497 2340/1967/1494
f 2278/2703/2225 2354/1980/1507 2349/1977/1504
f 2281/2706/2228 2363/1990/1517 2358/1987/1514
f 2188/1823/1350 2984/1819/1346 1503/1809/1336
f 1502/2758/2281 2985/1817/1344 2986/1818/1345
f 2197/1833/1360 1506/2759/2282 1505/1822/1349
f 1505/1822/1349 1506/2759/2282 2188/1823/1350
f 2197/1833/1360 1507/1832/1359 2982/1850/1377
f 1501/1799/1326 2985/1817/1344 2170/1800/1327
f 1511/1855/1382 1512/2760/2283 2215/1856/1383
f 2215/1856/1383 2981/1852/1379 1509/1842/1369
f 1513/1865/1392 2979/1892/1419 2224/1866/1393
f 2246/1898/1425 2978/1894/1421 1515/1875/1402
f 2224/1866/1393 1512/2760/2283 1511/1855/1382
f 1517/1897/1424 1518/2761/2284 2246/1898/1425
f 2984/1819/1346 2188/1823/1350 1506/2759/2282
f 2982/1850/1377 1506/2759/2282 2197/1833/1360
f 1510/2762/2285 1508/2763/2286 2983/1851/1378
f 1508/2763/2286 2982/1850/1377 2983/1851/1378
f 1504/2764/2287 2986/1818/1345 2984/1819/1346
f 2982/1850/1377 1508/2763/2286 1506/2759/2282
f 1506/2759/2282 1504/2764/2287 2984/1819/1346
f 1510/2762/2285 2983/1851/1378 2981/1852/1379
f 1512/2760/2283 1510/2762/2285 2981/1852/1379
f 1512/2760/2283 2981/1852/1379 2215/1856/1383
f 2980/1893/1420 1514/2765/2288 2979/1892/1419
f 2978/1894/1421 1516/2766/2289 2980/1893/1420
f 2979/1892/1419 1514/2765/2288 1512/2760/2283
f 2978/1894/1421 1518/2761/2284 1516/2766/2289
f 1516/2766/2289 1514/2765/2288 2980/1893/1420
f 1518/2761/2284 2978/1894/1421 2246/1898/1425
f 1512/2760/2283 2224/1866/1393 2979/1892/1419
f 1518/2761/2284 1517/1897/1424 2293/1908/1435
f 2985/1817/1344 1502/2758/2281 1500/2740/2263
f 2976/1925/1452 2293/1908/1435 1519/1907/1434
f 2975/1927/1454 1521/1917/1444 2311/1931/1458
f 1524/2767/2290 1523/1930/1457 2320/1941/1468
f 2973/1958/1485 2320/1941/1468 1525/1940/1467
f 1524/2767/2290 2311/1931/1458 1523/1930/1457
f 2388/2714/2236 2372/2001/1528 2367/1997/1524
f 1530/2768/2291 2338/1964/1491 1529/1963/1490
f 1532/2769/2292 2347/1974/1501 1531/1973/1500
f 1530/2768/2291 1529/1963/1490 2347/1974/1501
f 2972/1960/1487 1527/1950/1477 2338/1964/1491
f 1520/2770/2293 2976/1925/1452 2977/1926/1453
f 2975/1927/1454 2311/1931/1458 1524/2767/2290
f 1524/2767/2290 2320/1941/1468 2973/1958/1485
f 1522/2771/2294 2977/1926/1453 2975/1927/1454
f 2977/1926/1453 1522/2771/2294 1520/2770/2293
f 2973/1958/1485 1526/2772/2295 1524/2767/2290
f 1524/2767/2290 1522/2771/2294 2975/1927/1454
f 1526/2772/2295 2973/1958/1485 2974/1959/1486
f 2976/1925/1452 1520/2770/2293 1518/2761/2284
f 1533/1983/1510 1534/2773/2296 2356/1984/1511
f 2365/1994/1521 1534/2773/2296 1533/1983/1510
f 2974/1959/1486 2972/1960/1487 1528/2774/2297
f 1530/2768/2291 1528/2774/2297 2972/1960/1487
f 1530/2768/2291 2972/1960/1487 2338/1964/1491
f 1530/2768/2291 2347/1974/1501 1532/2769/2292
f 1532/2769/2292 2356/1984/1511 1534/2773/2296
f 1526/2772/2295 2974/1959/1486 1528/2774/2297
f 1532/2769/2292 1531/1973/1500 2356/1984/1511
f 1534/2773/2296 2365/1994/1521 1537/2775/2298
f 2293/1908/1435 2976/1925/1452 1518/2761/2284
f 2438/2026/1552 1535/2776/2299 2434/2777/2300
s 0
f 2285/2776/2301 2434/2777/2302 1535/2776/346
s 1
f 2434/2777/2300 2285/2776/2299 2435/2060/1586
f 2432/2061/1587 2435/2060/1586 2285/2776/2299
f 2438/2026/1552 2437/2025/1551 1535/2776/2299
f 2434/2777/2300 2427/2024/1550 2438/2026/1552
f 2425/2057/1583 2432/2061/1587 2285/2776/2299
f 2284/2711/2233 1535/2776/2299 2437/2025/1551
f 2285/2776/2299 2439/2778/2303 2418/2055/1581
f 2440/2779/2304 2376/2033/1559 2439/2778/2303
f 2439/2778/2303 2383/2039/1565 2390/2042/1568
f 2441/2780/2305 2467/2071/1597 2460/2062/1588
f 2441/2780/2305 2462/2063/1589 2440/2779/2304
f 2443/2781/2306 2465/2070/1596 2442/2782/2307
f 2444/2783/2308 2470/2073/1599 2443/2781/2306
f 2428/2059/1585 2432/2061/1587 2425/2057/1583
f 2431/2022/1548 2430/2023/1549 2437/2025/1551
f 2418/2055/1581 2421/2054/1580 2425/2057/1583
f 2416/2712/2234 2423/2715/2237 2417/2016/1543
f 2430/2023/1549 2424/2019/1545 2423/2715/2237
f 2425/2057/1583 2285/2776/2299 2418/2055/1581
f 2284/2711/2233 2430/2023/1549 2423/2715/2237
f 2418/2055/1581 2411/2051/1577 2414/2053/1579
f 2411/2051/1577 2404/2049/1575 2407/2048/1574
f 2418/2055/1581 2439/2778/2303 2411/2051/1577
f 2404/2049/1575 2397/2045/1571 2400/2047/1573
f 2397/2045/1571 2390/2042/1568 2393/2044/1570
f 2404/2049/1575 2439/2778/2303 2397/2045/1571
f 2411/2051/1577 2439/2778/2303 2404/2049/1575
f 2397/2045/1571 2439/2778/2303 2390/2042/1568
f 2444/2783/2308 2475/2084/1610 2468/2072/1598
f 2284/2711/2233 2437/2025/1551 2430/2023/1549
f 2446/2784/2309 2473/2083/1609 2445/2785/2310
f 2447/2786/2311 2483/2096/1622 2476/2085/1611
f 2447/2786/2311 2478/2086/1612 2446/2784/2309
f 2450/2787/2312 2486/2098/1624 2449/2788/2313
f 2452/2789/2314 2489/2107/1633 2451/2790/2315
f 2450/2787/2312 2491/2108/1634 2484/2097/1623
f 2449/2788/2313 2481/2095/1621 2448/2791/2316
f 2453/2792/2317 2499/2120/1646 2492/2109/1635
f 2455/2793/2318 2500/2121/1647 2502/2122/1648
f 2455/2793/2318 2497/2119/1645 2454/2794/2319
f 2458/2795/2320 2505/2131/1657 2457/2796/2321
f 2516/2797/2322 2515/2143/1669 2459/2798/2323
f 2458/2795/2320 2508/2133/1659 2510/2134/1660
f 2456/2799/2324 2507/2132/1658 2500/2121/1647
f 2453/2792/2317 2494/2110/1636 2452/2789/2314
f 2517/2800/2325 2532/2153/1679 2531/2801/2326
f 2519/2802/2327 2533/2154/1680 2535/2155/1681
f 2519/2802/2327 2529/2152/1678 2518/2803/2328
f 2522/2804/2329 2538/2164/1690 2521/2805/2330
f 2524/2806/2331 2548/2177/1703 2523/2807/2332
f 2522/2804/2329 2541/2166/1692 2543/2167/1693
f 2520/2808/2333 2540/2165/1691 2533/2154/1680
f 2526/2809/2334 2564/2189/1715 2525/2810/2335
f 2569/2811/2336 2558/2198/1724 2568/2812/2337
f 2568/2812/2337 2554/2185/1711 2526/2809/2334
f 2571/2813/2338 2607/2211/1737 2570/2814/2339
f 2572/2815/2340 2608/2213/1739 2610/2212/1738
f 2572/2815/2340 2605/2210/1736 2571/2813/2338
f 2569/2811/2336 2600/2200/1726 2602/2201/1727
f 2524/2806/2331 2567/2182/1708 2566/2184/1710
f 2516/2797/2322 2531/2801/2326 2513/2142/1668
f 2574/2816/2341 2615/2222/1748 2573/2817/2342
f 2390/2042/1568 2383/2039/1565 2386/2041/1567
f 2383/2039/1565 2379/2036/1562 2382/2038/1564
f 2383/2039/1565 2439/2778/2303 2379/2036/1562
f 2379/2036/1562 2376/2033/1559 2378/2035/1561
f 2376/2033/1559 2379/2036/1562 2439/2778/2303
f 2467/2071/1597 2442/2782/2307 2465/2070/1596
f 2475/2084/1610 2445/2785/2310 2473/2083/1609
f 2483/2096/1622 2448/2791/2316 2481/2095/1621
f 2491/2108/1634 2451/2790/2315 2489/2107/1633
f 2457/2796/2321 2505/2131/1657 2507/2132/1658
f 2454/2794/2319 2497/2119/1645 2499/2120/1646
f 2531/2801/2326 2512/2141/1667 2513/2142/1668
f 2532/2153/1679 2518/2803/2328 2529/2152/1678
f 2540/2165/1691 2521/2805/2330 2538/2164/1690
f 2564/2189/1715 2563/2818/2343 2525/2810/2335
f 2563/2818/2343 2556/2183/1709 2567/2182/1708
f 2561/2188/1714 2554/2185/1711 2557/2187/1713
f 2561/2188/1714 2526/2809/2334 2554/2185/1711
f 2548/2177/1703 2524/2806/2331 2566/2184/1710
f 2515/2143/1669 2508/2133/1659 2459/2798/2323
f 2548/2177/1703 2541/2166/1692 2523/2807/2332
f 2568/2812/2337 2560/2199/1725 2554/2185/1711
f 2560/2199/1725 2549/2179/1705 2554/2185/1711
f 2546/2176/1702 2548/2177/1703 2566/2184/1710
f 2607/2211/1737 2600/2200/1726 2570/2814/2339
f 2615/2222/1748 2608/2213/1739 2573/2817/2342
f 2568/2812/2337 2558/2198/1724 2560/2199/1725
f 2613/2223/1749 2575/2819/2344 2618/2224/1750
f 2563/2818/2343 2567/2182/1708 2525/2810/2335
f 2575/2819/2344 2616/2225/1751 2618/2224/1750
f 2578/2820/2345 2621/2235/1761 2577/2821/2346
f 2577/2821/2346 2623/2234/1760 2576/2822/2347
f 2580/2823/2348 2631/2246/1772 2579/2824/2349
f 2581/2825/2350 2632/2249/1775 2634/2248/1774
f 2581/2825/2350 2629/2247/1773 2580/2823/2348
f 2578/2820/2345 2624/2237/1763 2626/2236/1762
f 2583/2826/2351 2642/2260/1786 2637/2259/1785
f 2586/2827/2352 2647/2270/1796 2585/2828/2353
f 2584/2829/2354 2640/2261/1787 2642/2260/1786
f 2587/2830/2355 2648/2273/1799 2650/2272/1798
f 2589/2831/2356 2655/2282/1808 2588/2832/2357
f 2655/2282/1808 2648/2273/1799 2588/2832/2357
f 2586/2827/2352 2650/2272/1798 2645/2271/1797
f 2583/2826/2351 2639/2258/1784 2582/2833/2358
f 2590/2834/2359 2656/2285/1811 2658/2284/1810
f 2593/2835/2360 2664/2297/1823 2666/2296/1822
f 2592/2836/2361 2663/2294/1820 2591/2837/2362
f 2595/2838/2363 2674/2308/1834 2669/2307/1833
f 2598/2839/2364 2683/2840/2365 2597/2841/2366
f 2596/2842/2367 2672/2309/1835 2674/2308/1834
f 2595/2838/2363 2671/2306/1832 2594/2843/2368
f 2691/2327/1853 2599/2844/2369 2694/2845/2370
f 2695/2846/2371 2728/2336/1862 2694/2845/2370
f 2685/2324/1850 2691/2327/1853 2694/2845/2370
f 2697/2847/2372 2729/2339/1865 2696/2848/2373
f 2698/2849/2374 2740/2348/1874 2735/2347/1873
f 2698/2849/2374 2737/2346/1872 2697/2847/2372
f 2695/2846/2371 2731/2338/1864 2726/2337/1863
f 2599/2844/2369 2681/2322/1848 2598/2839/2364
f 2589/2831/2356 2658/2284/1810 2653/2283/1809
f 2701/2850/2375 2746/2356/1882 2700/2851/2376
f 2703/2852/2377 2747/2359/1885 2702/2853/2378
f 2701/2850/2375 2749/2358/1884 2744/2357/1883
f 2704/2854/2379 2758/2368/1894 2753/2367/1893
f 2707/2855/2380 2764/2376/1902 2706/2856/2381
f 2706/2856/2381 2756/2369/1895 2705/2857/2382
f 2704/2854/2379 2755/2366/1892 2703/2852/2377
f 2709/2858/2383 2771/2387/1913 2773/2386/1912
f 2712/2859/2384 2774/2389/1915 2711/2860/2385
f 2710/2861/2386 2776/2388/1914 2771/2387/1913
f 2713/2862/2387 2785/2398/1924 2780/2397/1923
f 2715/2863/2388 2789/2407/1933 2791/2406/1932
f 2715/2863/2388 2783/2399/1925 2714/2864/2389
f 2712/2859/2384 2780/2397/1923 2782/2396/1922
f 2709/2858/2383 2765/2378/1904 2708/2865/2390
f 2718/2866/2391 2792/2409/1935 2717/2867/2392
f 2720/2868/2393 2803/2422/1948 2719/2869/2394
f 2718/2866/2391 2798/2420/1946 2800/2419/1945
f 2721/2870/2395 2807/2429/1955 2809/2430/1956
f 2723/2871/2396 2835/2444/1970 2834/2872/2397
f 2722/2873/2398 2812/2432/1958 2807/2429/1955
f 2721/2870/2395 2801/2421/1947 2720/2868/2393
f 2829/2448/1974 2725/2874/2399 2836/2875/2400
f 2837/2876/2401 2825/2450/1976 2836/2875/2400
f 2825/2450/1976 2819/2446/1972 2836/2875/2400
f 2838/2877/2402 2869/2462/1988 2871/2461/1987
f 2841/2878/2403 2872/2463/1989 2840/2879/2404
f 2840/2879/2404 2874/2464/1990 2839/2880/2405
f 2838/2877/2402 2823/2451/1977 2837/2876/2401
f 2724/2881/2406 2832/2449/1975 2831/2882/2407
f 2716/2883/2408 2794/2408/1934 2789/2407/1933
f 2700/2851/2376 2738/2349/1875 2699/2884/2409
f 2616/2225/1751 2576/2822/2347 2623/2234/1760
f 2684/2321/1847 2598/2839/2364 2681/2322/1848
f 2672/2309/1835 2597/2841/2366 2683/2840/2365
f 2707/2855/2380 2767/2379/1905 2762/2377/1903
f 2834/2872/2397 2812/2432/1958 2723/2871/2396
f 2693/2326/1852 2599/2844/2369 2691/2327/1853
f 2592/2836/2361 2666/2296/1822 2661/2295/1821
f 2832/2449/1975 2725/2874/2399 2829/2448/1974
f 2724/2881/2406 2831/2882/2407 2835/2444/1970
f 2843/2885/2410 2883/2474/2000 2842/2886/2411
f 2829/2448/1974 2819/2446/1972 2822/2445/1971
f 2829/2448/1974 2836/2875/2400 2819/2446/1972
f 2844/2887/2412 2881/2473/1999 2843/2885/2410
f 2835/2444/1970 2831/2882/2407 2821/2443/1969
f 2841/2878/2403 2878/2471/1997 2880/2472/1998
f 2624/2237/1763 2579/2824/2349 2631/2246/1772
f 2640/2261/1787 2585/2828/2353 2647/2270/1796
f 2632/2249/1775 2582/2833/2358 2639/2258/1784
f 2846/2888/2413 2892/2484/2010 2845/2889/2414
f 2847/2890/2415 2896/2494/2020 2898/2495/2021
f 2847/2890/2415 2890/2483/2009 2846/2888/2413
f 2850/2891/2416 2899/2496/2022 2849/2892/2417
f 2852/2893/2418 2910/2506/2032 2851/2894/2419
f 2850/2891/2416 2905/2504/2030 2907/2505/2031
f 2849/2892/2417 2901/2497/2023 2848/2895/2420
f 2853/2896/2421 2914/2514/2040 2916/2515/2041
f 2855/2897/2422 2925/2528/2054 2917/2516/2042
f 2855/2897/2422 2919/2517/2043 2854/2898/2423
f 2858/2899/2424 2928/2530/2056 2857/2900/2425
f 2859/2901/2426 2932/2537/2063 2934/2538/2064
f 2858/2899/2424 2934/2538/2064 2926/2529/2055
f 2856/2902/2427 2923/2527/2053 2925/2528/2054
f 2853/2896/2421 2908/2507/2033 2852/2893/2418
f 2861/2903/2428 2942/2548/2074 2935/2539/2065
f 2864/2904/2429 2945/2550/2076 2863/2905/2430
f 2862/2906/2431 2940/2547/2073 2942/2548/2074
f 2864/2904/2429 2947/2558/2082 2943/2549/2075
f 2866/2907/2432 2949/2908/2433 2865/2909/2434
f 2953/2910/2435 2950/2564/2088 2866/2907/2432
f 2949/2908/2433 2866/2907/2432 2950/2564/2088
f 2949/2908/2433 2947/2558/2082 2865/2909/2434
f 2861/2903/2428 2937/2540/2066 2860/2911/2436
f 2867/2912/2437 2954/2570/2093 2953/2910/2435
f 2866/2907/2432 2867/2912/2437 2953/2910/2435
f 2867/2912/2437 2951/2569/2092 2954/2570/2093
f 1622/2913/2438 2957/2572/2095 2868/2914/2439
f 2868/2914/2439 2957/2572/2095 2951/2569/2092
f 2950/2564/2088 2953/2910/2435 1847/2563/2087
f 2844/2887/2412 2887/2481/2007 2889/2482/2008
f 2374/2030/1556 1537/2775/2298 1536/1993/1520
f 2374/2030/1556 1538/2029/1555 1708/2074/1600
f 1708/2074/1600 1537/2775/2298 2374/2030/1556
f 1541/2915/2440 1710/2075/1601 1706/2076/1602
f 1543/2916/2441 1714/2087/1613 1711/2088/1614
f 1712/2917/2442 1706/2076/1602 1714/2087/1613
f 1707/2918/2443 1708/2074/1600 1710/2075/1601
f 1715/2100/1626 1716/2919/2444 1718/2099/1625
f 1720/2920/2445 1715/2100/1626 1722/2111/1637
f 1718/2099/1625 1543/2916/2441 1711/2088/1614
f 1726/2123/1649 1547/2921/2446 1719/2112/1638
f 1730/2135/1661 1549/2922/2447 1723/2124/1650
f 1549/2922/2447 1726/2123/1649 1723/2124/1650
f 1734/2144/1670 1551/2923/2448 1727/2136/1662
f 1738/2156/1682 1553/2924/2449 1731/2145/1671
f 1731/2145/1671 1732/2925/2450 1734/2144/1670
f 1551/2923/2448 1730/2135/1661 1727/2136/1662
f 1742/2168/1694 1555/2926/2451 1735/2157/1683
f 1746/2190/1716 1557/2927/2452 1739/2169/1695
f 1739/2169/1695 1740/2928/2453 1742/2168/1694
f 1748/2929/2454 1743/2191/1717 1750/2202/1728
f 1752/2930/2455 1747/2203/1729 1754/2214/1740
f 1561/2931/2456 1750/2202/1728 1747/2203/1729
f 1743/2191/1717 1744/2932/2457 1746/2190/1716
f 1555/2926/2451 1738/2156/1682 1735/2157/1683
f 1547/2921/2446 1722/2111/1637 1719/2112/1638
f 2591/2837/2362 2663/2294/1820 2656/2285/1811
f 2594/2843/2368 2671/2306/1832 2664/2297/1823
f 2683/2840/2365 2680/2320/1846 2672/2309/1835
f 2691/2327/1853 2685/2324/1850 2687/2323/1849
f 2696/2848/2373 2729/2339/1865 2731/2338/1864
f 2728/2336/1862 2685/2324/1850 2694/2845/2370
f 2699/2884/2409 2738/2349/1875 2740/2348/1874
f 1582/2332/1858 1583/2933/2458 2689/2333/1859
f 2689/2333/1859 2970/2329/1855 1580/2314/1840
f 2702/2853/2378 2747/2359/1885 2749/2358/1884
f 1584/2342/1868 1585/2934/2459 2733/2343/1869
f 2751/2363/1889 1587/2935/2460 1586/2352/1878
f 2742/2353/1879 1585/2934/2459 1584/2342/1868
f 2733/2343/1869 1583/2933/2458 1582/2332/1858
f 1586/2352/1878 1587/2935/2460 2742/2353/1879
f 1539/2936/2461 1537/2775/2298 1708/2074/1600
f 1755/2227/1753 1756/2937/2462 1758/2226/1752
f 1758/2226/1752 1563/2938/2463 1751/2215/1741
f 1565/2939/2464 1762/2238/1764 1760/2940/2465
f 1752/2930/2455 1751/2215/1741 1563/2938/2463
f 1759/2239/1765 1760/2940/2465 1762/2238/1764
f 1763/2251/1777 1764/2941/2466 1766/2250/1776
f 1766/2250/1776 1567/2942/2467 1759/2239/1765
f 1767/2263/1789 1768/2943/2468 1770/2262/1788
f 1770/2262/1788 1569/2944/2469 1763/2251/1777
f 1774/2274/1800 1571/2945/2470 1767/2263/1789
f 1771/2275/1801 1772/2946/2471 1774/2274/1800
f 1778/2286/1812 1573/2947/2472 1771/2275/1801
f 1782/2298/1824 1575/2948/2473 1775/2287/1813
f 1775/2287/1813 1776/2949/2474 1778/2286/1812
f 1786/2310/1836 1577/2950/2475 1779/2299/1825
f 2971/2328/1854 1579/2951/2476 1783/2311/1837
f 1783/2311/1837 1784/2952/2477 1786/2310/1836
f 1779/2299/1825 1780/2953/2478 1782/2298/1824
f 2970/2329/1855 1581/2954/2479 2971/2328/1854
f 2971/2328/1854 1581/2954/2479 1579/2951/2476
f 2689/2333/1859 1583/2933/2458 2970/2329/1855
f 1585/2934/2459 1583/2933/2458 2733/2343/1869
f 1583/2933/2458 1581/2954/2479 2970/2329/1855
f 1585/2934/2459 2742/2353/1879 1587/2935/2460
f 1536/1993/1520 1537/2775/2298 2365/1994/1521
f 2756/2369/1895 2758/2368/1894 2705/2857/2382
f 2765/2378/1904 2767/2379/1905 2708/2865/2390
f 2774/2389/1915 2776/2388/1914 2711/2860/2385
f 2783/2399/1925 2785/2398/1924 2714/2864/2389
f 2792/2409/1935 2794/2408/1934 2717/2867/2392
f 2719/2869/2394 2803/2422/1948 2798/2420/1946
f 2810/2431/1957 2812/2432/1958 2834/2872/2397
f 2825/2450/1976 2816/2440/1966 2819/2446/1972
f 2883/2474/2000 2878/2471/1997 2842/2886/2411
f 2901/2497/2023 2896/2494/2020 2848/2895/2420
f 2892/2484/2010 2887/2481/2007 2845/2889/2414
f 2919/2517/2043 2914/2514/2040 2854/2898/2423
f 2863/2905/2430 2945/2550/2076 2940/2547/2073
f 2937/2540/2066 2932/2537/2063 2860/2911/2436
f 2928/2530/2056 2923/2527/2053 2857/2900/2425
f 2910/2506/2032 2905/2504/2030 2851/2894/2419
f 2874/2464/1990 2869/2462/1988 2839/2880/2405
f 1589/2955/2480 2751/2363/1889 1588/2362/1888
f 1591/2956/2481 2760/2373/1899 1590/2372/1898
f 1589/2955/2480 1588/2362/1888 2760/2373/1899
f 1593/2957/2482 2769/2383/1909 1592/2382/1908
f 2968/2410/1936 2778/2393/1919 1594/2392/1918
f 1593/2957/2482 1592/2382/1908 2778/2393/1919
f 1591/2956/2481 1590/2372/1898 2769/2383/1909
f 2967/2412/1938 1596/2402/1928 2796/2416/1942
f 1599/2958/2483 1598/2415/1941 2805/2426/1952
f 1599/2958/2483 2796/2416/1942 1598/2415/1941
f 1605/2959/2484 2827/2458/1984 1604/2457/1983
f 2964/2454/1980 1602/2435/1961 2827/2458/1984
f 2965/2452/1978 2805/2426/1952 1600/2425/1951
f 1591/2956/2481 1589/2955/2480 2760/2373/1899
f 1593/2957/2482 2778/2393/1919 2968/2410/1936
f 2969/2411/1937 1595/2960/2485 2968/2410/1936
f 2967/2412/1938 1597/2961/2486 2969/2411/1937
f 1593/2957/2482 1591/2956/2481 2769/2383/1909
f 2969/2411/1937 1597/2961/2486 1595/2960/2485
f 1595/2960/2485 1593/2957/2482 2968/2410/1936
f 1597/2961/2486 2967/2412/1938 1599/2958/2483
f 1601/2962/2487 2965/2452/1978 2966/2453/1979
f 2964/2454/1980 2827/2458/1984 1605/2959/2484
f 1599/2958/2483 2805/2426/1952 2965/2452/1978
f 1603/2963/2488 2966/2453/1979 2964/2454/1980
f 2965/2452/1978 1601/2962/2487 1599/2958/2483
f 2964/2454/1980 1605/2959/2484 1603/2963/2488
f 1603/2963/2488 1601/2962/2487 2966/2453/1979
f 1605/2959/2484 2876/2468/1994 2962/2485/2011
f 2796/2416/1942 1599/2958/2483 2967/2412/1938
f 2876/2468/1994 1605/2959/2484 1604/2457/1983
f 1587/2935/2460 2751/2363/1889 1589/2955/2480
f 1611/2964/2489 2894/2491/2017 1610/2490/2016
f 2961/2487/2013 1608/2477/2003 2894/2491/2017
f 2959/2518/2044 2903/2501/2027 1612/2500/2026
f 2958/2520/2046 1614/2510/2036 2921/2524/2050
f 1611/2964/2489 1610/2490/2016 2903/2501/2027
f 2949/2908/2433 1839/2557/2081 2947/2558/2082
f 1619/2965/2490 2930/2534/2060 1618/2533/2059
f 1621/2966/2491 2938/2544/2070 1620/2543/2069
f 1619/2965/2490 1618/2533/2059 2938/2544/2070
f 1617/2967/2492 1616/2523/2049 2930/2534/2060
f 1617/2967/2492 2921/2524/2050 1616/2523/2049
f 1607/2968/2493 2962/2485/2011 2963/2486/2012
f 2961/2487/2013 2894/2491/2017 1611/2964/2489
f 1611/2964/2489 2903/2501/2027 2959/2518/2044
f 1609/2969/2494 2963/2486/2012 2961/2487/2013
f 2963/2486/2012 1609/2969/2494 1607/2968/2493
f 2959/2518/2044 1613/2970/2495 1611/2964/2489
f 1611/2964/2489 1609/2969/2494 2961/2487/2013
f 1613/2970/2495 2959/2518/2044 2960/2519/2045
f 1605/2959/2484 2962/2485/2011 1607/2968/2493
f 1615/2971/2496 2960/2519/2045 2958/2520/2046
f 2930/2534/2060 1619/2965/2490 1617/2967/2492
f 1623/2553/976 1624/2972/2497 1830/2554/2078
f 2958/2520/2046 1617/2967/2492 1615/2971/2496
f 1621/2966/2491 1619/2965/2490 2938/2544/2070
f 1621/2966/2491 1830/2554/2078 1624/2972/2497
f 1617/2967/2492 2958/2520/2046 2921/2524/2050
f 1613/2970/2495 2960/2519/2045 1615/2971/2496
f 2876/2468/1994 1606/2467/1993 2962/2485/2011
f 242/1/1 243/123/1 241/2/1
f 3/7/1 2/3/1 8/6/1
f 4/9/1 3/7/1 9/8/1
f 5/11/2 4/9/1 10/10/1
f 198/13/1 200/17/1 197/14/1
f 6/16/1 196/118/1 200/17/1
f 200/17/1 199/131/1 13/18/1
f 8/6/1 7/5/1 15/19/1
f 9/8/1 8/6/1 16/20/1
f 10/10/1 9/8/1 17/21/1
f 11/12/1 10/10/1 18/22/1
f 236/27/1 240/31/1 237/28/1
f 238/30/1 12/25/1 239/24/1
f 240/31/1 239/24/1 20/26/1
f 202/32/1 203/133/1 201/33/1
f 15/19/1 14/15/1 23/35/1
f 16/20/1 15/19/1 24/36/1
f 17/21/1 16/20/1 25/37/1
f 18/22/1 17/21/1 26/38/1
f 19/23/1 18/22/1 27/39/1
f 20/26/1 19/23/1 28/40/1
f 235/44/1 234/42/1 30/43/1
f 205/46/1 206/49/1 204/47/1
f 22/34/1 201/33/1 206/49/1
f 24/36/1 23/35/1 32/50/1
f 25/37/1 24/36/1 33/51/1
f 26/38/1 25/37/1 34/52/1
f 27/39/1 26/38/1 35/53/1
f 28/40/1 27/39/1 36/54/1
f 29/41/1 28/40/1 37/55/1
f 231/45/1 30/43/1 232/57/1
f 233/59/1 232/57/1 39/58/1
f 208/61/1 209/64/1 207/62/1
f 31/48/1 204/47/1 209/64/1
f 33/51/1 32/50/1 41/65/1
f 34/52/1 33/51/1 42/66/1
f 35/53/1 34/52/1 43/67/1
f 36/54/1 35/53/1 44/68/1
f 37/55/1 36/54/1 45/69/1
f 38/56/1 37/55/1 46/70/1
f 228/60/1 39/58/1 229/72/1
f 230/74/1 229/72/1 48/73/1
f 40/63/1 207/62/1 211/76/1
f 42/66/1 41/65/1 50/80/1
f 43/67/1 42/66/1 51/81/1
f 44/68/1 43/67/1 52/82/1
f 45/69/1 44/68/1 53/83/1
f 46/70/1 45/69/1 54/84/1
f 47/71/1 46/70/1 55/85/1
f 225/75/1 48/73/1 226/89/1
f 214/91/1 216/94/1 213/92/1
f 50/80/1 215/79/1 216/94/1
f 215/79/1 49/78/1 212/95/1
f 52/82/1 51/81/1 59/96/1
f 53/83/1 52/82/1 60/97/1
f 54/84/1 53/83/1 61/98/1
f 55/85/1 54/84/1 62/99/1
f 57/88/1 222/87/1 224/103/1
f 222/87/1 56/86/1 223/101/1
f 224/103/1 223/101/1 64/102/1
f 60/97/1 59/96/1 65/106/1
f 61/98/1 60/97/1 66/107/1
f 62/99/1 61/98/1 67/108/1
f 217/110/1 68/109/1 218/112/1
f 318/244/7 319/248/7 316/245/7
f 314/249/7 317/252/7 315/250/7
f 245/246/7 316/245/7 317/252/7
f 246/251/7 315/250/7 415/253/7
f 428/256/7 431/259/7 429/257/7
f 431/259/7 320/334/7 244/247/7
f 248/260/7 430/337/7 431/259/7
f 343/265/8 346/269/8 342/266/7
f 345/263/8 247/254/8 344/268/8
f 252/264/8 345/263/8 346/269/8
f 365/270/7 434/273/7 433/271/7
f 434/273/7 432/345/7 248/260/7
f 255/274/7 249/258/7 250/261/7
f 256/275/7 250/261/7 251/262/7
f 257/276/7 251/262/7 252/264/8
f 340/278/7 253/267/7 339/280/7
f 259/279/7 340/278/7 341/281/7
f 363/283/7 366/286/7 364/284/7
f 366/286/7 365/270/7 254/272/7
f 261/287/7 255/274/7 256/275/7
f 262/288/7 256/275/7 257/276/7
f 263/289/7 257/276/7 258/277/7
f 337/291/7 259/279/7 336/282/7
f 265/292/7 337/291/7 338/293/7
f 367/295/7 369/298/7 368/296/7
f 369/298/7 363/283/7 260/285/7
f 267/300/7 261/287/7 262/288/7
f 268/301/7 262/288/7 263/289/7
f 269/302/7 263/289/7 264/290/7
f 356/305/7 265/292/7 335/294/7
f 271/306/7 356/305/7 357/307/7
f 380/309/7 383/312/7 381/310/7
f 383/312/7 382/299/7 267/300/7
f 379/313/7 266/297/7 382/299/7
f 300/321/8 298/304/8 271/306/7
f 299/319/8 270/303/8 298/304/8
f 275/320/8 299/319/8 300/321/8
f 397/324/7 396/314/7 273/315/7
f 293/326/7 291/316/7 274/317/7
f 292/325/7 273/315/7 291/316/7
f 290/327/7 274/317/7 294/318/7
f 437/435/11 498/495/71 499/436/12
f 495/438/14 497/441/17 493/439/15
f 495/438/14 437/435/11 496/437/13
f 492/442/18 494/445/21 490/443/19
f 492/442/18 438/440/16 493/439/15
f 439/444/20 490/443/19 491/446/22
f 445/451/27 441/448/24 442/449/25
f 446/452/28 442/449/25 443/450/26
f 450/454/30 449/457/33 445/451/27
f 450/454/30 446/452/28 447/453/29
f 454/456/32 453/507/83 449/457/33
f 454/456/32 450/454/30 451/455/31
f 457/459/35 453/507/83 454/456/32
f 459/461/37 458/460/36 454/456/32
f 461/462/38 457/459/35 458/460/36
f 463/464/40 462/463/39 458/460/36
f 466/465/41 465/523/98 461/462/38
f 467/466/42 466/465/41 462/463/39
f 469/467/43 465/523/98 466/465/41
f 471/469/45 470/468/44 466/465/41
f 474/470/46 473/473/49 469/467/43
f 475/471/47 474/470/46 470/468/44
f 478/472/48 477/477/53 473/473/49
f 479/474/50 478/472/48 474/470/46
f 503/481/57 505/485/61 504/482/58
f 547/483/59 549/537/112 548/484/60
f 506/486/62 508/487/63 507/475/51
f 503/481/57 481/478/54 507/475/51
f 511/488/64 510/479/55 483/480/56
f 511/488/64 506/486/62 482/476/52
f 513/490/66 509/489/65 483/480/56
f 445/451/27 520/504/80 519/500/76
f 461/462/38 530/532/107 529/511/87
f 494/445/21 493/439/15 487/512/88
f 448/517/92 447/453/29 443/450/26
f 447/453/29 448/517/92 452/518/93
f 455/458/34 456/520/95 460/519/94
f 460/519/94 464/542/91 463/464/40
f 451/455/31 452/518/93 456/520/95
f 534/525/100 533/524/99 465/523/98
f 544/536/111 548/484/60 549/537/112
f 467/466/42 463/464/40 464/542/91
f 471/469/45 467/466/42 468/543/117
f 476/545/118 480/548/7 479/474/50
f 471/469/45 472/544/90 476/545/118
f 552/550/121 628/608/179 629/551/122
f 553/553/124 625/556/127 627/554/125
f 552/550/121 626/552/123 627/554/125
f 554/557/128 622/560/131 624/558/129
f 553/553/124 623/555/126 624/558/129
f 554/557/128 620/559/130 621/561/132
f 560/566/137 556/563/134 557/564/135
f 561/567/138 557/564/135 558/565/136
f 564/569/140 560/566/137 561/567/138
f 565/570/141 561/567/138 562/568/139
f 568/572/143 564/569/140 565/570/141
f 569/573/144 565/570/141 566/571/142
f 572/575/146 568/572/143 569/573/144
f 573/576/147 569/573/144 570/574/145
f 576/578/149 572/575/146 573/576/147
f 577/579/150 573/576/147 574/577/148
f 580/581/152 576/578/149 577/579/150
f 581/582/153 577/579/150 578/580/151
f 584/584/155 580/581/152 581/582/153
f 585/585/156 581/582/153 582/583/154
f 588/587/158 584/584/155 585/585/156
f 589/588/159 585/585/156 586/586/157
f 592/590/161 588/587/158 589/588/159
f 594/592/163 593/591/162 589/588/159
f 607/598/169 606/642/210 596/595/166
f 610/600/171 609/593/164 597/594/165
f 610/600/171 605/599/170 596/595/166
f 613/602/173 612/596/167 598/597/168
f 608/601/172 597/594/165 612/596/167
f 611/603/174 598/597/168 614/604/175
f 637/616/187 636/615/186 560/566/137
f 624/558/129 623/555/126 617/624/195
f 559/628/197 563/2973/2498 562/568/139
f 562/568/139 563/2973/2498 567/629/7
f 566/571/142 567/629/7 571/630/198
f 570/574/145 571/630/198 575/631/199
f 575/631/199 579/651/8 578/580/151
f 576/578/149 645/633/201 644/623/194
f 652/638/206 651/640/208 584/584/155
f 592/590/161 655/646/214 654/641/209
f 659/647/215 658/645/213 606/642/210
f 582/583/154 578/580/151 579/651/8
f 582/583/154 583/652/219 587/653/199
f 586/586/157 587/653/199 591/654/220
f 594/592/163 590/589/160 591/654/220
f 603/656/221 608/601/172 613/602/173
f 663/660/223 739/742/305 740/661/224
f 664/663/226 736/666/229 738/664/227
f 663/660/223 737/662/225 738/664/227
f 733/667/230 735/670/233 731/668/231
f 733/667/230 664/663/226 734/665/228
f 665/669/232 731/668/231 732/671/234
f 671/676/239 667/673/236 668/674/237
f 672/677/240 668/674/237 669/675/238
f 676/679/242 675/682/245 671/676/239
f 677/680/243 676/679/242 672/677/240
f 680/681/244 679/685/248 675/682/245
f 680/681/244 676/679/242 677/680/243
f 684/684/247 683/757/320 679/685/248
f 685/686/249 684/684/247 680/681/244
f 687/687/250 683/757/320 684/684/247
f 689/689/252 688/688/251 684/684/247
f 692/690/253 691/693/256 687/687/250
f 693/691/254 692/690/253 688/688/251
f 696/692/255 695/696/259 691/693/256
f 697/694/257 696/692/255 692/690/253
f 700/695/258 699/699/262 695/696/259
f 701/697/260 700/695/258 696/692/255
f 704/698/261 703/703/266 699/699/262
f 705/700/263 704/698/261 700/695/258
f 716/707/270 718/711/274 717/708/271
f 772/709/272 774/714/277 773/710/273
f 775/712/275 777/716/279 776/713/276
f 780/715/278 779/788/345 777/716/279
f 783/718/281 782/785/342 780/715/278
f 784/720/283 786/723/286 785/721/284
f 789/722/285 788/786/343 786/723/286
f 792/725/288 791/787/344 789/722/285
f 795/727/290 794/790/350 792/725/288
f 796/729/292 798/733/2499 797/730/293
s 0
f 799/731/353 801/791/1578 800/732/2500
s 1
f 719/734/297 721/735/298 720/701/264
f 721/735/298 716/707/270 707/704/267
f 722/736/299 724/737/300 723/705/268
f 719/734/297 708/702/265 723/705/268
f 726/738/301 722/736/299 709/706/269
f 735/670/233 734/665/228 728/765/328
f 673/678/241 669/675/238 670/769/330
f 674/770/331 678/2974/2501 677/680/243
f 685/686/249 681/683/246 682/771/9
f 677/680/243 678/2974/2501 682/771/9
f 689/689/252 685/686/249 686/772/7
f 697/694/257 693/691/254 694/774/7
f 698/775/332 702/794/358 701/697/260
f 693/691/254 689/689/252 690/773/95
f 705/700/263 701/697/260 702/794/358
f 706/795/359 710/796/360 725/739/302
f 804/800/363 849/847/410 850/801/364
f 805/803/366 846/806/369 848/804/367
f 846/806/369 804/800/363 847/802/365
f 843/807/370 845/810/373 841/808/371
f 843/807/370 805/803/366 844/805/368
f 840/811/374 806/809/372 841/808/371
f 812/816/379 808/813/376 809/814/377
f 814/818/381 813/817/380 809/814/377
f 817/819/382 816/822/385 812/816/379
f 818/820/383 817/819/382 813/817/380
f 821/821/384 820/825/388 816/822/385
f 822/823/386 821/821/384 817/819/382
f 825/824/387 824/828/391 820/825/388
f 826/826/389 825/824/387 821/821/384
f 829/827/390 828/832/395 824/828/391
f 829/827/390 825/824/387 826/826/389
f 854/836/399 856/873/434 855/837/400
f 857/838/401 859/839/402 858/830/393
f 859/839/402 854/836/399 832/833/396
f 862/840/403 861/834/397 834/835/398
f 862/840/403 857/838/401 833/831/394
f 864/842/405 860/841/404 834/835/398
f 866/846/409 865/844/407 850/801/364
f 816/822/385 873/864/425 872/854/417
f 842/812/375 841/808/371 837/856/419
f 810/815/378 811/861/422 815/859/421
f 818/820/383 814/818/381 815/859/421
f 823/862/423 822/823/386 818/820/383
f 875/865/426 874/863/424 816/822/385
f 828/832/395 880/877/438 879/869/430
f 883/872/433 855/837/400 856/873/434
f 822/823/386 823/862/423 827/878/439
f 826/826/389 827/878/439 831/879/94
f 853/882/442 860/841/404 864/842/405
f 887/883/443 930/919/479 931/884/444
f 927/886/446 929/889/449 925/887/447
f 887/883/443 928/885/445 929/889/449
f 924/890/450 926/893/453 922/891/451
f 924/890/450 888/888/448 925/887/447
f 889/892/452 922/891/451 923/894/454
f 895/899/459 891/896/456 892/897/457
f 897/901/461 896/900/460 892/897/457
f 909/907/467 908/932/490 899/904/464
f 912/909/469 911/902/462 900/903/463
f 907/908/468 899/904/464 911/902/462
f 913/911/471 915/912/472 914/905/465
f 915/912/472 910/910/470 900/903/463
f 913/911/471 901/906/466 916/913/473
f 931/884/444 930/919/479 933/917/477
f 923/894/454 922/891/451 918/924/484
f 898/928/486 897/901/461 893/898/458
f 916/913/473 901/906/466 897/901/461
f 903/938/496 917/914/474 916/913/473
f 991/941/499 992/985/543 989/942/500
f 988/944/502 990/947/505 986/945/503
f 988/944/502 945/943/501 989/942/500
f 985/948/506 987/951/509 983/949/507
f 946/946/504 986/945/503 987/951/509
f 982/952/510 947/950/508 983/949/507
f 953/957/515 949/954/512 950/955/513
f 954/958/516 950/955/513 951/956/514
f 957/960/518 953/957/515 954/958/516
f 958/961/519 954/958/516 955/959/517
f 961/963/521 957/960/518 958/961/519
f 963/965/523 962/964/522 958/961/519
f 965/966/524 961/963/521 962/964/522
f 967/968/526 966/967/525 962/964/522
f 969/969/527 965/966/524 966/967/525
f 971/971/529 970/970/528 966/967/525
f 998/977/535 997/1013/569 973/974/532
f 1001/979/537 1000/972/530 974/973/531
f 996/978/536 973/974/532 1000/972/530
f 1004/981/539 1003/975/533 975/976/534
f 999/980/538 974/973/531 1003/975/533
f 1002/982/540 975/976/534 1005/983/541
f 1008/988/546 992/985/543 991/941/499
f 984/953/511 983/949/507 979/999/557
f 955/959/517 951/956/514 952/1002/559
f 955/959/517 956/1003/560 960/1004/8
f 964/1005/561 963/965/523 959/962/520
f 1022/1010/566 1021/1012/568 965/966/524
f 997/1013/569 998/977/535 1026/1015/571
f 963/965/523 964/1005/561 968/1020/576
f 971/971/529 967/968/526 968/1020/576
f 995/1024/578 1002/982/540 1006/984/542
f 1092/1026/580 1093/1031/585 1090/1027/581
f 1142/1029/583 1144/1032/586 1143/1030/584
f 1144/1032/586 1145/1096/650 1147/1033/587
f 1148/1035/589 1150/1091/645 1149/1036/590
f 1031/1037/591 1089/1040/594 1091/1038/592
f 1030/1028/582 1090/1027/581 1091/1038/592
f 1032/1041/595 1086/1044/598 1088/1042/596
f 1031/1037/591 1087/1039/593 1088/1042/596
f 1032/1041/595 1084/1043/597 1085/1045/599
f 1038/1050/604 1034/1047/601 1035/1048/602
f 1039/1051/605 1035/1048/602 1036/1049/603
f 1042/1053/607 1038/1050/604 1039/1051/605
f 1043/1054/608 1039/1051/605 1040/1052/606
f 1047/1056/610 1046/1109/663 1042/1053/607
f 1047/1056/610 1043/1054/608 1044/1055/609
f 1050/1058/612 1046/1109/663 1047/1056/610
f 1052/1060/614 1051/1059/613 1047/1056/610
f 1054/1061/615 1050/1058/612 1051/1059/613
f 1055/1062/616 1051/1059/613 1052/1060/614
f 1058/1064/618 1054/1061/615 1055/1062/616
f 1059/1065/619 1055/1062/616 1056/1063/617
f 1062/1067/621 1058/1064/618 1059/1065/619
f 1063/1068/622 1059/1065/619 1060/1066/620
f 1067/1070/624 1066/1131/682 1062/1067/621
f 1067/1070/624 1063/1068/622 1064/1069/623
f 1070/1072/626 1066/1131/682 1067/1070/624
f 1072/1074/628 1071/1073/627 1067/1070/624
f 1097/1080/634 1099/1083/637 1098/1081/635
f 1153/1082/636 1152/1140/691 1099/1083/637
f 1100/1085/639 1102/1086/640 1101/1075/629
f 1097/1080/634 1074/1077/631 1101/1075/629
f 1105/1087/641 1104/1078/632 1076/1079/633
f 1105/1087/641 1100/1085/639 1075/1076/630
f 1103/1088/642 1076/1079/633 1106/1089/643
f 1150/1091/645 1148/1035/589 1109/1094/648
f 1091/1038/592 1090/1027/581 1082/1097/651
f 1085/1045/599 1084/1043/597 1080/1113/667
f 1040/1052/606 1041/1117/10 1045/1116/7
f 1036/1049/603 1037/1118/669 1041/1117/10
f 1044/1055/609 1045/1116/7 1049/1119/670
f 1053/1120/671 1052/1060/614 1048/1057/611
f 1140/1138/689 1152/1140/691 1153/1082/636
f 1052/1060/614 1053/1120/671 1057/1143/7
f 1056/1063/617 1057/1143/7 1061/1144/7
f 1060/1066/620 1061/1144/7 1065/1145/7
f 1073/1146/694 1072/1074/628 1068/1071/625
f 1064/1069/623 1065/1145/7 1069/1147/695
f 1106/1089/643 1076/1079/633 1072/1074/628
f 1200/1152/698 1201/1187/733 1198/1153/699
f 1157/1155/701 1197/1158/704 1199/1156/702
f 1197/1158/704 1156/1154/700 1198/1153/699
f 1158/1159/705 1194/1162/708 1196/1160/706
f 1157/1155/701 1195/1157/703 1196/1160/706
f 1191/1163/709 1158/1159/705 1192/1161/707
f 1165/1168/714 1164/1172/718 1160/1165/711
f 1165/1168/714 1161/1166/712 1162/1167/713
f 1177/1176/722 1179/1179/725 1178/1177/723
f 1214/1178/724 1213/1204/748 1179/1179/725
f 1180/1181/727 1182/1182/728 1181/1170/716
f 1182/1182/728 1177/1176/722 1168/1173/719
f 1183/1183/729 1185/1184/730 1184/1174/720
f 1180/1181/727 1169/1171/717 1184/1174/720
f 1187/1185/731 1183/1183/729 1170/1175/721
f 1206/1194/740 1205/1193/739 1160/1165/711
f 1193/1164/710 1192/1161/707 1188/1197/743
f 1167/1201/745 1166/1169/715 1162/1167/713
f 1167/1201/745 1171/1209/753 1186/1186/732
f 1279/1213/756 1280/1270/813 1277/1214/757
f 1276/1216/759 1278/1219/762 1274/1217/760
f 1217/1215/758 1277/1214/757 1278/1219/762
f 1219/1220/763 1273/1223/766 1275/1221/764
f 1218/1218/761 1274/1217/760 1275/1221/764
f 1219/1220/763 1271/1222/765 1272/1224/767
f 1225/1229/772 1221/1226/769 1222/1227/770
f 1226/1230/773 1222/1227/770 1223/1228/771
f 1229/1232/775 1225/1229/772 1226/1230/773
f 1230/1233/776 1226/1230/773 1227/1231/774
f 1233/1235/778 1229/1232/775 1230/1233/776
f 1234/1236/779 1230/1233/776 1231/1234/777
f 1237/1238/781 1233/1235/778 1234/1236/779
f 1238/1239/782 1234/1236/779 1235/1237/780
f 1241/1241/784 1237/1238/781 1238/1239/782
f 1242/1242/785 1238/1239/782 1239/1240/783
f 1245/1244/787 1241/1241/784 1242/1242/785
f 1246/1245/788 1242/1242/785 1243/1243/786
f 1249/1247/790 1245/1244/787 1246/1245/788
f 1250/1248/791 1246/1245/788 1247/1246/789
f 1254/1250/793 1253/1306/843 1249/1247/790
f 1254/1250/793 1250/1248/791 1251/1249/792
f 1257/1252/795 1253/1306/843 1254/1250/793
f 1259/1254/797 1258/1253/796 1254/1250/793
f 1286/1260/803 1285/1310/847 1261/1257/800
f 1328/1262/805 1327/1317/854 1286/1260/803
f 1289/1264/807 1288/1255/798 1262/1256/799
f 1289/1264/807 1284/1261/804 1261/1257/800
f 1290/1266/809 1292/1267/810 1291/1258/801
f 1287/1265/808 1262/1256/799 1291/1258/801
f 1294/1268/811 1290/1266/809 1263/1259/802
f 1295/1271/814 1280/1270/813 1279/1213/756
f 1275/1221/764 1274/1217/760 1268/1289/832
f 1228/1294/834 1227/1231/774 1223/1228/771
f 1227/1231/774 1228/1294/834 1232/1295/835
f 1235/1237/780 1236/1298/95 1240/1296/90
f 1244/1297/7 1243/1243/786 1239/1240/783
f 1231/1234/777 1232/1295/835 1236/1298/95
f 1312/1300/837 1311/1299/836 1241/1241/784
f 1324/1314/851 1327/1317/854 1328/1262/805
f 1243/1243/786 1244/1297/7 1248/1319/90
f 1247/1246/789 1248/1319/90 1252/1320/856
f 1251/1249/792 1252/1320/856 1256/1321/695
f 1255/1251/794 1256/1321/695 1260/1322/857
f 1331/1327/860 1407/1392/926 1408/1328/861
f 1408/1328/861 1442/1390/924 1444/1330/863
f 1332/1332/865 1404/1335/868 1406/1333/866
f 1404/1335/868 1331/1327/860 1405/1329/862
f 1333/1336/869 1401/1339/872 1403/1337/870
f 1401/1339/872 1332/1332/865 1402/1334/867
f 1398/1340/873 1333/1336/869 1399/1338/871
f 1340/1345/878 1339/1348/881 1335/1342/875
f 1340/1345/878 1336/1343/876 1337/1344/877
f 1344/1347/880 1343/1351/884 1339/1348/881
f 1344/1347/880 1340/1345/878 1341/1346/879
f 1348/1350/883 1347/1354/887 1343/1351/884
f 1348/1350/883 1344/1347/880 1345/1349/882
f 1352/1353/886 1351/1357/890 1347/1354/887
f 1353/1355/888 1352/1353/886 1348/1350/883
f 1356/1356/889 1355/1360/893 1351/1357/890
f 1357/1358/891 1356/1356/889 1352/1353/886
f 1360/1359/892 1359/1363/896 1355/1360/893
f 1361/1361/894 1360/1359/892 1356/1356/889
f 1364/1362/895 1363/1366/899 1359/1363/896
f 1364/1362/895 1360/1359/892 1361/1361/894
f 1368/1365/898 1367/1369/902 1363/1366/899
f 1369/1367/900 1368/1365/898 1364/1362/895
f 1372/1368/901 1371/1373/906 1367/1369/902
f 1373/1370/903 1372/1368/901 1368/1365/898
f 1384/1377/910 1386/1380/913 1385/1378/911
f 1447/1379/912 1446/1430/960 1386/1380/913
f 1387/1382/915 1389/1383/916 1388/1371/904
f 1384/1377/910 1375/1374/907 1388/1371/904
f 1392/1384/917 1391/1375/908 1377/1376/909
f 1392/1384/917 1387/1382/915 1376/1372/905
f 1394/1386/919 1390/1385/918 1377/1376/909
f 1444/1330/863 1442/1390/924 1410/1389/923
f 1403/1337/870 1402/1334/867 1396/1407/941
f 1400/1341/874 1399/1338/871 1395/1408/942
f 1342/1412/944 1341/1346/879 1337/1344/877
f 1341/1346/879 1342/1412/944 1346/1413/422
f 1349/1352/885 1350/1415/945 1354/1414/422
f 1354/1414/422 1358/2975/2502 1357/1358/891
f 1345/1349/882 1346/1413/422 1350/1415/945
f 1363/1366/899 1431/1423/953 1430/1421/951
f 1440/1431/961 1446/1430/960 1447/1379/912
f 1357/1358/891 1358/2975/2502 1362/1435/421
f 1365/1364/897 1361/1361/894 1362/1435/421
f 1369/1367/900 1370/1438/7 1374/1437/967
f 1393/1387/920 1377/1376/909 1373/1370/903
f 1369/1367/900 1365/1364/897 1366/1436/966
f 1826/1448/975 1828/1453/980 1825/1451/978
f 1828/1453/980 1834/1452/979 1836/1455/982
f 1842/1457/984 1844/1460/987 1841/1459/986
f 1835/1458/985 1843/2574/2097 1844/1460/987
f 1850/1443/970 1851/1462/989 1849/1461/988
f 1824/1447/974 1825/1451/978 1851/1462/989
f 1855/1468/995 1856/1470/997 1854/1469/996
f 1855/1468/995 1821/1444/971 1849/1461/988
f 1858/1463/990 1859/1472/999 1857/1471/998
f 1853/1467/994 1854/1469/996 1859/1472/999
f 1627/1473/1000 1451/1445/972 1628/1466/993
f 1629/1474/1001 1628/1466/993 1453/1465/992
f 1863/1481/1008 1864/1483/1010 1862/1482/1009
f 1852/1464/991 1857/1471/998 1864/1483/1010
f 1866/1476/1003 1867/1485/1012 1865/1484/1011
f 1861/1480/1007 1862/1482/1009 1867/1485/1012
f 1625/1475/1002 1453/1465/992 1632/1479/1006
f 1633/1486/1013 1632/1479/1006 1455/1478/1005
f 1871/1493/1020 1872/1495/1022 1870/1494/1021
f 1860/1477/1004 1865/1484/1011 1872/1495/1022
f 1874/1488/1015 1875/1497/1024 1873/1496/1023
f 1869/1492/1019 1870/1494/1021 1875/1497/1024
f 1630/1487/1014 1455/1478/1005 1636/1491/1018
f 1637/1498/1025 1636/1491/1018 1457/1490/1017
f 1879/1505/1032 1880/1507/1034 1878/1506/1033
f 1868/1489/1016 1873/1496/1023 1880/1507/1034
f 1882/1500/1027 1883/1509/1036 1881/1508/1035
f 1877/1504/1031 1878/1506/1033 1883/1509/1036
f 1641/1510/1037 1634/1499/1026 1457/1490/1017
f 1641/1510/1037 1640/1503/1030 1459/1502/1029
f 1887/1517/1044 1888/1519/1046 1886/1518/1045
f 1876/1501/1028 1881/1508/1035 1888/1519/1046
f 1890/1512/1039 1891/1521/1048 1889/1520/1047
f 1885/1516/1043 1886/1518/1045 1891/1521/1048
f 1638/1511/1038 1459/1502/1029 1644/1515/1042
f 1645/1522/1049 1644/1515/1042 1461/1514/1041
f 1895/1529/1056 1896/1531/1058 1894/1530/1057
f 1884/1513/1040 1889/1520/1047 1896/1531/1058
f 1898/1524/1051 1899/1533/1060 1897/1532/1059
f 1893/1528/1055 1894/1530/1057 1899/1533/1060
f 1642/1523/1050 1461/1514/1041 1648/1527/1054
f 1649/1534/1061 1648/1527/1054 1463/1526/1053
f 1903/1541/1068 1904/1543/1070 1902/1542/1069
f 1892/1525/1052 1897/1532/1059 1904/1543/1070
f 1906/1536/1063 1907/1545/1072 1905/1544/1071
f 1901/1540/1067 1902/1542/1069 1907/1545/1072
f 1646/1535/1062 1463/1526/1053 1652/1539/1066
f 1650/1547/1074 1653/1546/1073 1652/1539/1066
f 1911/1553/1080 1912/1555/1082 1910/1554/1081
f 1900/1537/1064 1905/1544/1071 1912/1555/1082
f 1914/1548/1075 1915/1557/1084 1913/1556/1083
f 1909/1552/1079 1910/1554/1081 1915/1557/1084
f 1650/1547/1074 1465/1538/1065 1656/1551/1078
f 1657/1558/1085 1656/1551/1078 1467/1550/1077
f 1919/1565/1092 1920/1567/1094 1918/1566/1093
f 1908/1549/1076 1913/1556/1083 1920/1567/1094
f 1916/1561/1088 1922/1560/1087 1923/1568/1095
f 1922/1560/1087 1917/1564/1091 1918/1566/1093
f 1654/1559/1086 1467/1550/1077 1660/1563/1090
f 1661/1570/1097 1660/1563/1090 1469/1562/1089
f 1925/1576/1103 1927/1577/1104 1928/1578/1105
f 1927/1577/1104 1916/1561/1088 1921/1569/1096
f 1935/1583/1110 1926/1579/1106 1936/1587/1114
f 1934/1585/1112 1939/1584/1111 1941/1588/1115
f 1939/1584/1111 1937/1586/1113 1940/1590/1117
f 1929/1581/1108 1943/1580/1107 1944/1591/1118
f 1944/1591/1118 1949/1593/1120 1950/1594/1121
f 1949/1593/1120 1934/1585/1112 1938/1589/1116
f 1658/1571/1098 1469/1562/1089 1664/1575/1102
f 1665/1596/1123 1664/1575/1102 1471/1574/1101
f 1933/1602/1129 1946/1603/1130 1947/1604/1131
f 1946/1603/1130 1924/1573/1100 1929/1581/1108
f 1932/1599/1126 1964/1598/1125 1965/1606/1133
f 1964/1598/1125 1933/1602/1129 1945/1605/1132
f 1662/1597/1124 1471/1574/1101 1668/1601/1128
f 1669/1608/1135 1668/1601/1128 1473/1600/1127
f 1967/1614/1141 1969/1615/1142 1970/1616/1143
f 1969/1615/1142 1932/1599/1126 1963/1607/1134
f 1966/1611/1138 1972/1610/1137 1973/1618/1145
f 1972/1610/1137 1967/1614/1141 1968/1617/1144
f 1666/1609/1136 1473/1600/1127 1672/1613/1140
f 1673/1620/1147 1672/1613/1140 1475/1612/1139
f 1975/1626/1153 1977/1627/1154 1978/1628/1155
f 1977/1627/1154 1966/1611/1138 1971/1619/1146
f 1974/1623/1150 1980/1622/1149 1981/1630/1157
f 1980/1622/1149 1975/1626/1153 1976/1629/1156
f 1670/1621/1148 1475/1612/1139 1676/1625/1152
f 1677/1632/1159 1676/1625/1152 1477/1624/1151
f 1983/1638/1165 1985/1639/1166 1986/1640/1167
f 1985/1639/1166 1974/1623/1150 1979/1631/1158
f 1989/1644/1171 2015/1645/1172 2017/1646/1173
f 2015/1645/1172 1984/1641/1168 2016/1648/1175
f 1987/1643/1170 2019/1642/1169 2020/1649/1176
f 2019/1642/1169 1989/1644/1171 2014/1647/1174
f 1674/1633/1160 1477/1624/1151 1680/1637/1164
f 1681/1651/1178 1680/1637/1164 1479/1636/1163
f 2022/1658/1185 2023/1660/1187 2021/1659/1186
f 2022/1658/1185 1982/1635/1162 1987/1643/1170
f 2025/1653/1180 2026/1662/1189 2024/1661/1188
f 2025/1653/1180 1991/1657/1184 2021/1659/1186
f 1685/1663/1190 1678/1652/1179 1479/1636/1163
f 1685/1663/1190 1684/1656/1183 1481/1655/1182
f 2028/1669/1196 2030/1670/1197 2031/1671/1198
f 2030/1670/1197 1990/1654/1181 2024/1661/1188
f 2027/1666/1193 2033/1665/1192 2034/1673/1200
f 2033/1665/1192 2028/1669/1196 2029/1672/1199
f 1682/1664/1191 1481/1655/1182 1688/1668/1195
f 1689/1675/1202 1688/1668/1195 1483/1667/1194
f 2036/1681/1208 2038/1682/1209 2039/1683/1210
f 2038/1682/1209 2027/1666/1193 2032/1674/1201
f 2035/1678/1205 2041/1677/1204 2042/1685/1212
f 2041/1677/1204 2036/1681/1208 2037/1684/1211
f 1686/1676/1203 1483/1667/1194 1692/1680/1207
f 1693/1687/1214 1692/1680/1207 1485/1679/1206
f 2044/1693/1220 2046/1694/1221 2047/1695/1222
f 2046/1694/1221 2035/1678/1205 2040/1686/1213
f 2043/1690/1217 2049/1689/1216 2050/1697/1224
f 2049/1689/1216 2044/1693/1220 2045/1696/1223
f 1690/1688/1215 1485/1679/1206 1696/1692/1219
f 1697/1699/1226 1696/1692/1219 1487/1691/1218
f 2052/1705/1232 2054/1706/1233 2055/1707/1234
f 2054/1706/1233 2043/1690/1217 2048/1698/1225
f 2051/1702/1229 2057/1701/1228 2058/1709/1236
f 2057/1701/1228 2052/1705/1232 2053/1708/1235
f 1694/1700/1227 1487/1691/1218 1700/1704/1231
f 1701/1711/1238 1700/1704/1231 1489/1703/1230
f 2060/1717/1244 2062/1718/1245 2063/1719/1246
f 2051/1702/1229 2056/1710/1237 2063/1719/1246
f 2065/1713/1240 2066/1722/1249 2064/1721/1248
f 2065/1713/1240 2060/1717/1244 2061/1720/1247
f 1705/1723/1250 1698/1712/1239 1489/1703/1230
f 1705/1723/1250 1704/1716/1243 1491/1715/1242
f 2071/1730/1257 2059/1714/1241 2064/1721/1248
f 2070/1732/1259 2074/1731/1258 2076/1734/1261
f 2072/1733/1260 2075/2640/2162 2076/1734/1261
f 2135/1743/1270 2073/1735/1262 2136/1747/1274
f 2142/1744/1271 2144/1750/1277 2133/1748/1275
f 2142/1744/1271 2137/1746/1273 2143/1749/1276
f 2083/1741/1268 2122/1740/1267 2124/1751/1278
f 2124/1751/1278 2132/1753/1280 2134/1754/1281
f 2134/1754/1281 2139/1756/1283 2141/1757/1284
f 2139/1756/1283 2133/1748/1275 2140/1759/1286
f 2077/1737/1264 2126/1736/1263 2127/1760/1287
f 2127/1760/1287 2146/1762/1289 2147/1763/1290
f 2146/1762/1289 2083/1741/1268 2121/1752/1279
f 1702/1724/1251 1491/1715/1242 2068/1728/1255
f 2988/1765/1292 2068/1728/1255 1493/1727/1254
f 2082/1771/1298 2129/1772/1299 2130/1773/1300
f 2129/1772/1299 2067/1726/1253 2077/1737/1264
f 2080/1768/1295 2149/1767/1294 2150/1775/1302
f 2149/1767/1294 2082/1771/1298 2128/1774/1301
f 2153/1781/1308 2155/1782/1309 2156/1783/1310
f 2155/1782/1309 2080/1768/1295 2148/1776/1303
f 2151/1778/1305 2158/1777/1304 2159/1785/1312
f 2158/1777/1304 2153/1781/1308 2154/1784/1311
f 2162/1791/1318 2164/1792/1319 2165/1793/1320
f 2164/1792/1319 2151/1778/1305 2157/1786/1313
f 2160/1788/1315 2167/1787/1314 2168/1795/1322
f 2162/1791/1318 2163/1794/1321 2168/1795/1322
f 2171/1801/1328 2173/1802/1329 2174/1803/1330
f 2173/1802/1329 2160/1788/1315 2166/1796/1323
f 2169/1798/1325 2176/1797/1324 2177/1805/1332
f 2176/1797/1324 2171/1801/1328 2172/1804/1331
f 2180/1811/1338 2182/1812/1339 2183/1813/1340
f 2182/1812/1339 2169/1798/1325 2175/1806/1333
f 2185/1807/1334 2186/1816/1343 2184/1815/1342
f 2185/1807/1334 2180/1811/1338 2181/1814/1341
f 2985/1817/1344 1501/1799/1326 2179/1810/1337
f 2986/1818/1345 2179/1810/1337 1503/1809/1336
f 2189/1824/1351 2191/1825/1352 2192/1826/1353
f 2191/1825/1352 2178/1808/1335 2184/1815/1342
f 2187/1821/1348 2194/1820/1347 2195/1828/1355
f 2194/1820/1347 2189/1824/1351 2190/1827/1354
f 2198/1834/1361 2200/1835/1362 2201/1836/1363
f 2200/1835/1362 2187/1821/1348 2193/1829/1356
f 2196/1831/1358 2203/1830/1357 2204/1838/1365
f 2203/1830/1357 2198/1834/1361 2199/1837/1364
f 2207/1844/1371 2209/1845/1372 2210/1846/1373
f 2209/1845/1372 2196/1831/1358 2202/1839/1366
f 2205/1841/1368 2212/1840/1367 2213/1848/1375
f 2212/1840/1367 2207/1844/1371 2208/1847/1374
f 2982/1850/1377 1507/1832/1359 2206/1843/1370
f 2981/1852/1379 2983/1851/1378 2206/1843/1370
f 2216/1857/1384 2218/1858/1385 2219/1859/1386
f 2218/1858/1385 2205/1841/1368 2211/1849/1376
f 2221/1853/1380 2222/1862/1389 2220/1861/1388
f 2221/1853/1380 2216/1857/1384 2217/1860/1387
f 2227/1868/1395 2228/1870/1397 2226/1869/1396
f 2214/1854/1381 2220/1861/1388 2228/1870/1397
f 2230/1863/1390 2231/1872/1399 2229/1871/1398
f 2225/1867/1394 2226/1869/1396 2231/1872/1399
f 2252/1882/1409 2254/1884/1411 2240/1883/1410
f 2229/1871/1398 2253/2678/2200 2254/1884/1411
f 2239/1879/1406 2241/1887/1414 2238/1885/1412
f 2249/1886/1413 2251/1889/1416 2248/1888/1415
f 2240/1883/1410 2250/2674/2196 2251/1889/1416
f 2232/1874/1401 2243/1873/1400 2244/1890/1417
f 2243/1873/1400 2234/1877/1404 2235/1880/1407
f 2979/1892/1419 1513/1865/1392 2233/1876/1403
f 2980/1893/1420 2233/1876/1403 1515/1875/1402
f 2247/1899/1426 2287/1900/1427 2288/1901/1428
f 2232/1874/1401 2242/1891/1418 2288/1901/1428
f 2290/1895/1422 2291/1904/1431 2289/1903/1430
f 2247/1899/1426 2286/1902/1429 2291/1904/1431
f 2296/1910/1437 2297/1912/1439 2295/1911/1438
f 2245/1896/1423 2289/1903/1430 2297/1912/1439
f 2299/1905/1432 2300/1914/1441 2298/1913/1440
f 2294/1909/1436 2295/1911/1438 2300/1914/1441
f 2305/1920/1447 2306/1922/1449 2304/1921/1448
f 2292/1906/1433 2298/1913/1440 2306/1922/1449
f 2301/1916/1443 2308/1915/1442 2309/1923/1450
f 2303/1919/1446 2304/1921/1448 2309/1923/1450
f 2976/1925/1452 1519/1907/1434 2302/1918/1445
f 2977/1926/1453 2302/1918/1445 1521/1917/1444
f 2314/1933/1460 2315/1935/1462 2313/1934/1461
f 2301/1916/1443 2307/1924/1451 2315/1935/1462
f 2317/1928/1455 2318/1937/1464 2316/1936/1463
f 2312/1932/1459 2313/1934/1461 2318/1937/1464
f 2323/1943/1470 2324/1945/1472 2322/1944/1471
f 2310/1929/1456 2316/1936/1463 2324/1945/1472
f 2326/1938/1465 2327/1947/1474 2325/1946/1473
f 2326/1938/1465 2321/1942/1469 2322/1944/1471
f 2332/1953/1480 2333/1955/1482 2331/1954/1481
f 2319/1939/1466 2325/1946/1473 2333/1955/1482
f 2335/1948/1475 2336/1957/1484 2334/1956/1483
f 2330/1952/1479 2331/1954/1481 2336/1957/1484
f 2973/1958/1485 1525/1940/1467 2329/1951/1478
f 2974/1959/1486 2329/1951/1478 1527/1950/1477
f 2341/1966/1493 2342/1968/1495 2340/1967/1494
f 2328/1949/1476 2334/1956/1483 2342/1968/1495
f 2344/1961/1488 2345/1970/1497 2343/1969/1496
f 2339/1965/1492 2340/1967/1494 2345/1970/1497
f 2350/1976/1503 2351/1978/1505 2349/1977/1504
f 2337/1962/1489 2343/1969/1496 2351/1978/1505
f 2353/1971/1498 2354/1980/1507 2352/1979/1506
f 2348/1975/1502 2349/1977/1504 2354/1980/1507
f 2359/1986/1513 2360/1988/1515 2358/1987/1514
f 2346/1972/1499 2352/1979/1506 2360/1988/1515
f 2362/1981/1508 2363/1990/1517 2361/1989/1516
f 2357/1985/1512 2358/1987/1514 2363/1990/1517
f 2368/1996/1523 2369/1998/1525 2367/1997/1524
f 2355/1982/1509 2361/1989/1516 2369/1998/1525
f 2366/1995/1522 2367/1997/1524 2372/2001/1528
f 2372/2001/1528 2388/2714/2236 2389/2004/1531
f 2389/2004/1531 2395/2713/2235 2396/2007/1534
f 2396/2007/1534 2402/2710/2232 2403/2010/1537
f 2403/2010/1537 2409/2709/2231 2410/2013/1540
f 2410/2013/1540 2416/2712/2234 2417/2016/1543
f 2417/2016/1543 2423/2715/2237 2424/2019/1545
f 2429/2017/1542 2424/2019/1545 2430/2023/1549
f 2436/2020/1546 2438/2026/1552 2427/2024/1550
f 2436/2020/1546 2431/2022/1548 2437/2025/1551
f 2377/2032/1558 2378/2035/1561 2376/2033/1559
f 2380/2034/1560 2382/2038/1564 2379/2036/1562
f 2384/2037/1563 2386/2041/1567 2383/2039/1565
f 2391/2040/1566 2393/2044/1570 2390/2042/1568
f 2398/2043/1569 2400/2047/1573 2397/2045/1571
f 2400/2047/1573 2405/2046/1572 2407/2048/1574
f 2412/2050/1576 2414/2053/1579 2411/2051/1577
f 2414/2053/1579 2419/2052/1578 2421/2054/1580
f 2426/2056/1582 2428/2059/1585 2425/2057/1583
f 2428/2059/1585 2433/2058/1584 2435/2060/1586
f 2427/2024/1550 2434/2777/2300 2435/2060/1586
f 2461/2027/1553 2462/2063/1589 2460/2062/1588
f 2375/2031/1557 2376/2033/1559 2462/2063/1589
f 2466/2069/1595 2467/2071/1597 2465/2070/1596
f 2373/2028/1554 2460/2062/1588 2467/2071/1597
f 2469/2064/1590 2470/2073/1599 2468/2072/1598
f 2464/2068/1594 2465/2070/1596 2470/2073/1599
f 1708/2074/1600 1538/2029/1555 1709/2067/1593
f 1710/2075/1601 1709/2067/1593 1540/2066/1592
f 2474/2082/1608 2475/2084/1610 2473/2083/1609
f 2463/2065/1591 2468/2072/1598 2475/2084/1610
f 2477/2077/1603 2478/2086/1612 2476/2085/1611
f 2472/2081/1607 2473/2083/1609 2478/2086/1612
f 1706/2076/1602 1540/2066/1592 1713/2080/1606
f 1714/2087/1613 1713/2080/1606 1542/2079/1605
f 2482/2094/1620 2483/2096/1622 2481/2095/1621
f 2471/2078/1604 2476/2085/1611 2483/2096/1622
f 2485/2089/1615 2486/2098/1624 2484/2097/1623
f 2480/2093/1619 2481/2095/1621 2486/2098/1624
f 1711/2088/1614 1542/2079/1605 1717/2092/1618
f 1718/2099/1625 1717/2092/1618 1544/2091/1617
f 2490/2106/1632 2491/2108/1634 2489/2107/1633
f 2479/2090/1616 2484/2097/1623 2491/2108/1634
f 2493/2101/1627 2494/2110/1636 2492/2109/1635
f 2488/2105/1631 2489/2107/1633 2494/2110/1636
f 1715/2100/1626 1544/2091/1617 1721/2104/1630
f 1722/2111/1637 1721/2104/1630 1546/2103/1629
f 2498/2118/1644 2499/2120/1646 2497/2119/1645
f 2487/2102/1628 2492/2109/1635 2499/2120/1646
f 2501/2113/1639 2502/2122/1648 2500/2121/1647
f 2496/2117/1643 2497/2119/1645 2502/2122/1648
f 1719/2112/1638 1546/2103/1629 1725/2116/1642
f 1726/2123/1649 1725/2116/1642 1548/2115/1641
f 2506/2130/1656 2507/2132/1658 2505/2131/1657
f 2495/2114/1640 2500/2121/1647 2507/2132/1658
f 2509/2125/1651 2510/2134/1660 2508/2133/1659
f 2504/2129/1655 2505/2131/1657 2510/2134/1660
f 1723/2124/1650 1548/2115/1641 1729/2128/1654
f 1727/2136/1662 1730/2135/1661 1729/2128/1654
f 1733/2137/1663 2512/2141/1667 2511/2138/1664
f 2514/2140/1666 2515/2143/1669 2513/2142/1668
f 2503/2126/1652 2508/2133/1659 2515/2143/1669
f 1727/2136/1662 1550/2127/1653 1733/2137/1663
f 1734/2144/1670 1733/2137/1663 1552/2139/1665
f 2530/2151/1677 2532/2153/1679 2529/2152/1678
f 2511/2138/1664 2531/2801/2326 2532/2153/1679
f 2534/2146/1672 2535/2155/1681 2533/2154/1680
f 2528/2150/1676 2529/2152/1678 2535/2155/1681
f 1731/2145/1671 1552/2139/1665 1737/2149/1675
f 1738/2156/1682 1737/2149/1675 1554/2148/1674
f 2539/2163/1689 2540/2165/1691 2538/2164/1690
f 2527/2147/1673 2533/2154/1680 2540/2165/1691
f 2542/2158/1684 2543/2167/1693 2541/2166/1692
f 2537/2162/1688 2538/2164/1690 2543/2167/1693
f 1735/2157/1683 1554/2148/1674 1741/2161/1687
f 1742/2168/1694 1741/2161/1687 1556/2160/1686
f 2547/2175/1701 2548/2177/1703 2546/2176/1702
f 2547/2175/1701 2536/2159/1685 2541/2166/1692
f 2551/2180/1706 2565/2181/1707 2567/2182/1708
f 2565/2181/1707 2546/2176/1702 2566/2184/1710
f 2555/2178/1704 2557/2187/1713 2554/2185/1711
f 2562/2186/1712 2564/2189/1715 2561/2188/1714
f 2556/2183/1709 2563/2818/2343 2564/2189/1715
f 1739/2169/1695 1556/2160/1686 1745/2173/1699
f 1746/2190/1716 1745/2173/1699 1558/2172/1698
f 2559/2197/1723 2560/2199/1725 2558/2198/1724
f 2544/2171/1697 2549/2179/1705 2560/2199/1725
f 2601/2192/1718 2602/2201/1727 2600/2200/1726
f 2553/2196/1722 2558/2198/1724 2602/2201/1727
f 1743/2191/1717 1558/2172/1698 1749/2195/1721
f 1750/2202/1728 1749/2195/1721 1560/2194/1720
f 2606/2209/1735 2607/2211/1737 2605/2210/1736
f 2552/2193/1719 2600/2200/1726 2607/2211/1737
f 2603/2205/1731 2609/2204/1730 2610/2212/1738
f 2609/2204/1730 2604/2208/1734 2605/2210/1736
f 1747/2203/1729 1560/2194/1720 1753/2207/1733
f 1754/2214/1740 1753/2207/1733 1562/2206/1732
f 2612/2220/1746 2614/2221/1747 2615/2222/1748
f 2614/2221/1747 2603/2205/1731 2608/2213/1739
f 2611/2217/1743 2617/2216/1742 2618/2224/1750
f 2617/2216/1742 2612/2220/1746 2613/2223/1749
f 1751/2215/1741 1562/2206/1732 1757/2219/1745
f 1758/2226/1752 1757/2219/1745 1564/2218/1744
f 2620/2232/1758 2622/2233/1759 2623/2234/1760
f 2622/2233/1759 2611/2217/1743 2616/2225/1751
f 2619/2229/1755 2625/2228/1754 2626/2236/1762
f 2625/2228/1754 2620/2232/1758 2621/2235/1761
f 1755/2227/1753 1564/2218/1744 1761/2231/1757
f 1762/2238/1764 1761/2231/1757 1566/2230/1756
f 2628/2244/1770 2630/2245/1771 2631/2246/1772
f 2630/2245/1771 2619/2229/1755 2624/2237/1763
f 2627/2241/1767 2633/2240/1766 2634/2248/1774
f 2633/2240/1766 2628/2244/1770 2629/2247/1773
f 1759/2239/1765 1566/2230/1756 1765/2243/1769
f 1766/2250/1776 1765/2243/1769 1568/2242/1768
f 2636/2256/1782 2638/2257/1783 2639/2258/1784
f 2638/2257/1783 2627/2241/1767 2632/2249/1775
f 2635/2253/1779 2641/2252/1778 2642/2260/1786
f 2641/2252/1778 2636/2256/1782 2637/2259/1785
f 1763/2251/1777 1568/2242/1768 1769/2255/1781
f 1770/2262/1788 1769/2255/1781 1570/2254/1780
f 2644/2268/1794 2646/2269/1795 2647/2270/1796
f 2646/2269/1795 2635/2253/1779 2640/2261/1787
f 2643/2265/1791 2649/2264/1790 2650/2272/1798
f 2649/2264/1790 2644/2268/1794 2645/2271/1797
f 1767/2263/1789 1570/2254/1780 1773/2267/1793
f 1774/2274/1800 1773/2267/1793 1572/2266/1792
f 2652/2280/1806 2654/2281/1807 2655/2282/1808
f 2654/2281/1807 2643/2265/1791 2648/2273/1799
f 2651/2277/1803 2657/2276/1802 2658/2284/1810
f 2657/2276/1802 2652/2280/1806 2653/2283/1809
f 1771/2275/1801 1572/2266/1792 1777/2279/1805
f 1778/2286/1812 1777/2279/1805 1574/2278/1804
f 2660/2292/1818 2662/2293/1819 2663/2294/1820
f 2662/2293/1819 2651/2277/1803 2656/2285/1811
f 2659/2289/1815 2665/2288/1814 2666/2296/1822
f 2665/2288/1814 2660/2292/1818 2661/2295/1821
f 1775/2287/1813 1574/2278/1804 1781/2291/1817
f 1782/2298/1824 1781/2291/1817 1576/2290/1816
f 2668/2304/1830 2670/2305/1831 2671/2306/1832
f 2670/2305/1831 2659/2289/1815 2664/2297/1823
f 2667/2301/1827 2673/2300/1826 2674/2308/1834
f 2673/2300/1826 2668/2304/1830 2669/2307/1833
f 1779/2299/1825 1576/2290/1816 1785/2303/1829
f 1786/2310/1836 1785/2303/1829 1578/2302/1828
f 2667/2301/1827 2672/2309/1835 2680/2320/1846
f 2678/2319/1845 2682/2318/1844 2684/2321/1847
f 2680/2320/1846 2683/2840/2365 2684/2321/1847
f 2675/2313/1839 2686/2312/1838 2687/2323/1849
f 2687/2323/1849 2692/2325/1851 2693/2326/1852
f 2692/2325/1851 2678/2319/1845 2681/2322/1848
f 1783/2311/1837 1578/2302/1828 2676/2315/1841
f 2971/2328/1854 2676/2315/1841 1580/2314/1840
f 2690/2334/1860 2727/2335/1861 2728/2336/1862
f 2727/2335/1861 2675/2313/1839 2685/2324/1850
f 2688/2331/1857 2730/2330/1856 2731/2338/1864
f 2730/2330/1856 2690/2334/1860 2726/2337/1863
f 2734/2344/1870 2736/2345/1871 2737/2346/1872
f 2736/2345/1871 2688/2331/1857 2729/2339/1865
f 2732/2341/1867 2739/2340/1866 2740/2348/1874
f 2739/2340/1866 2734/2344/1870 2735/2347/1873
f 2743/2354/1880 2745/2355/1881 2746/2356/1882
f 2745/2355/1881 2732/2341/1867 2738/2349/1875
f 2741/2351/1877 2748/2350/1876 2749/2358/1884
f 2748/2350/1876 2743/2354/1880 2744/2357/1883
f 2752/2364/1890 2754/2365/1891 2755/2366/1892
f 2754/2365/1891 2741/2351/1877 2747/2359/1885
f 2750/2361/1887 2757/2360/1886 2758/2368/1894
f 2757/2360/1886 2752/2364/1890 2753/2367/1893
f 2761/2374/1900 2763/2375/1901 2764/2376/1902
f 2763/2375/1901 2750/2361/1887 2756/2369/1895
f 2766/2370/1896 2767/2379/1905 2765/2378/1904
f 2766/2370/1896 2761/2374/1900 2762/2377/1903
f 2770/2384/1910 2772/2385/1911 2773/2386/1912
f 2772/2385/1911 2759/2371/1897 2765/2378/1904
f 2768/2381/1907 2775/2380/1906 2776/2388/1914
f 2775/2380/1906 2770/2384/1910 2771/2387/1913
f 2779/2394/1920 2781/2395/1921 2782/2396/1922
f 2781/2395/1921 2768/2381/1907 2774/2389/1915
f 2777/2391/1917 2784/2390/1916 2785/2398/1924
f 2784/2390/1916 2779/2394/1920 2780/2397/1923
f 2788/2404/1930 2790/2405/1931 2791/2406/1932
f 2790/2405/1931 2777/2391/1917 2783/2399/1925
f 2786/2401/1927 2793/2400/1926 2794/2408/1934
f 2793/2400/1926 2788/2404/1930 2789/2407/1933
f 2968/2410/1936 1594/2392/1918 2787/2403/1929
f 2967/2412/1938 2969/2411/1937 2787/2403/1929
f 2797/2417/1943 2799/2418/1944 2800/2419/1945
f 2799/2418/1944 2786/2401/1927 2792/2409/1935
f 2802/2413/1939 2803/2422/1948 2801/2421/1947
f 2802/2413/1939 2797/2417/1943 2798/2420/1946
f 2808/2428/1954 2809/2430/1956 2807/2429/1955
f 2795/2414/1940 2801/2421/1947 2809/2430/1956
f 2811/2423/1949 2812/2432/1958 2810/2431/1957
f 2806/2427/1953 2807/2429/1955 2812/2432/1958
f 2833/2442/1968 2835/2444/1970 2821/2443/1969
f 2810/2431/1957 2834/2872/2397 2835/2444/1970
f 2816/2440/1966 2820/2439/1965 2822/2445/1971
f 2830/2447/1973 2832/2449/1975 2829/2448/1974
f 2821/2443/1969 2831/2882/2407 2832/2449/1975
f 2813/2434/1960 2824/2433/1959 2825/2450/1976
f 2824/2433/1959 2815/2437/1963 2816/2440/1966
f 2965/2452/1978 1600/2425/1951 2814/2436/1962
f 2966/2453/1979 2814/2436/1962 1602/2435/1961
f 2828/2459/1985 2870/2460/1986 2871/2461/1987
f 2870/2460/1986 2813/2434/1960 2823/2451/1977
f 2873/2455/1981 2874/2464/1990 2872/2463/1989
f 2828/2459/1985 2869/2462/1988 2874/2464/1990
f 2879/2470/1996 2880/2472/1998 2878/2471/1997
f 2826/2456/1982 2872/2463/1989 2880/2472/1998
f 2882/2465/1991 2883/2474/2000 2881/2473/1999
f 2877/2469/1995 2878/2471/1997 2883/2474/2000
f 2888/2480/2006 2889/2482/2008 2887/2481/2007
f 2875/2466/1992 2881/2473/1999 2889/2482/2008
f 2891/2475/2001 2892/2484/2010 2890/2483/2009
f 2886/2479/2005 2887/2481/2007 2892/2484/2010
f 2962/2485/2011 1606/2467/1993 2885/2478/2004
f 2963/2486/2012 2885/2478/2004 1608/2477/2003
f 2897/2493/2019 2898/2495/2021 2896/2494/2020
f 2884/2476/2002 2890/2483/2009 2898/2495/2021
f 2900/2488/2014 2901/2497/2023 2899/2496/2022
f 2895/2492/2018 2896/2494/2020 2901/2497/2023
f 2906/2503/2029 2907/2505/2031 2905/2504/2030
f 2893/2489/2015 2899/2496/2022 2907/2505/2031
f 2902/2499/2025 2909/2498/2024 2910/2506/2032
f 2904/2502/2028 2905/2504/2030 2910/2506/2032
f 2915/2513/2039 2916/2515/2041 2914/2514/2040
f 2902/2499/2025 2908/2507/2033 2916/2515/2041
f 2918/2508/2034 2919/2517/2043 2917/2516/2042
f 2913/2512/2038 2914/2514/2040 2919/2517/2043
f 2959/2518/2044 1612/2500/2026 2912/2511/2037
f 2960/2519/2045 2912/2511/2037 1614/2510/2036
f 2924/2526/2052 2925/2528/2054 2923/2527/2053
f 2911/2509/2035 2917/2516/2042 2925/2528/2054
f 2927/2521/2047 2928/2530/2056 2926/2529/2055
f 2922/2525/2051 2923/2527/2053 2928/2530/2056
f 2933/2536/2062 2934/2538/2064 2932/2537/2063
f 2920/2522/2048 2926/2529/2055 2934/2538/2064
f 2936/2531/2057 2937/2540/2066 2935/2539/2065
f 2931/2535/2061 2932/2537/2063 2937/2540/2066
f 2941/2546/2072 2942/2548/2074 2940/2547/2073
f 2929/2532/2058 2935/2539/2065 2942/2548/2074
f 2944/2541/2067 2945/2550/2076 2943/2549/2075
f 2939/2545/2071 2940/2547/2073 2945/2550/2076
f 2946/2556/2080 2947/2558/2082 1839/2557/2081
f 1831/2542/2068 2943/2549/2075 2947/2558/2082
f 2948/2562/2086 2950/2564/2088 1847/2563/2087
f 1839/2557/2081 2949/2908/2433 2950/2564/2088
f 2952/2568/2091 2954/2570/2093 2951/2569/2092
f 1847/2563/2087 2953/2910/2435 2954/2570/2093
f 2956/2565/2089 2957/2572/2095 2955/2571/2094
f 1848/2567/2090 2951/2569/2092 2957/2572/2095
f 1448/2573/2096 1787/2576/2099 1844/1460/987
f 1789/2577/2100 1790/2580/2103 1849/1461/988
f 1792/2578/2101 1859/1472/999 1854/1469/996
f 1790/2580/2103 1791/2579/2102 1856/1470/997
f 1789/2577/2100 1851/1462/989 1825/1451/978
f 1793/2581/2104 1794/2584/2107 1864/1483/1010
f 1796/2582/2105 1865/1484/1011 1867/1485/1012
f 1795/2583/2106 1867/1485/1012 1862/1482/1009
f 1798/2585/2108 1875/1497/1024 1870/1494/1021
f 1799/2587/2110 1800/2589/2112 1880/1507/1034
f 1799/2587/2110 1873/1496/1023 1875/1497/1024
f 1796/2582/2105 1797/2586/2109 1872/1495/1022
f 1793/2581/2104 1857/1471/998 1859/1472/999
f 1801/2588/2111 1883/1509/1036 1878/1506/1033
f 1802/2590/2113 1881/1508/1035 1883/1509/1036
f 1802/2590/2113 1803/2592/2115 1888/1519/1046
f 1804/2591/2114 1891/1521/1048 1886/1518/1045
f 1804/2591/2114 1805/2595/2118 1889/1520/1047
f 1807/2593/2116 1899/1533/1060 1894/1530/1057
f 1805/2595/2118 1806/2594/2117 1896/1531/1058
f 1808/2596/2119 1809/2598/2121 1904/1543/1070
f 1810/2597/2120 1811/2599/2122 1905/1544/1071
f 1810/2597/2120 1907/1545/1072 1902/1542/1069
f 1807/2593/2116 1808/2596/2119 1897/1532/1059
f 1811/2599/2122 1812/2623/2146 1912/1555/1082
f 1813/2600/2123 1814/2603/2126 1913/1556/1083
f 1816/2601/2124 1923/1568/1095 1918/1566/1093
f 1814/2603/2126 1815/2602/2125 1920/1567/1094
f 1817/2604/2127 1818/2606/2129 1928/1578/1105
f 1819/2605/2128 1820/2613/2136 1950/1594/1121
f 1816/2601/2124 1817/2604/2127 1921/1569/1096
f 1953/2608/2131 1965/1606/1133 1945/1605/1132
f 1952/2609/2132 1945/1605/1132 1947/1604/1131
f 1955/2610/2133 1968/1617/1144 1970/1616/1143
f 1956/2612/2135 1957/2622/2145 1971/1619/1146
f 1956/2612/2135 1973/1618/1145 1968/1617/1144
f 1953/2608/2131 1954/2611/2134 1963/1607/1134
f 1959/2614/2137 1981/1630/1157 1976/1629/1156
f 1960/2616/2139 1961/2619/2142 1986/1640/1167
f 1960/2616/2139 1979/1631/1158 1981/1630/1157
f 1992/2617/2140 2014/1647/1174 2017/1646/1173
f 1992/2617/2140 1993/2621/2144 2018/1650/1177
f 1994/2620/2143 2021/1659/1186 2023/1660/1187
f 1958/2615/2138 1976/1629/1156 1978/1628/1155
f 1813/2600/2123 1915/1557/1084 1910/1554/1081
f 1995/2624/2147 2026/1662/1189 2021/1659/1186
f 1995/2624/2147 1996/2626/2149 2024/1661/1188
f 1997/2625/2148 1998/2630/2153 2034/1673/1200
f 1997/2625/2148 2029/1672/1199 2031/1671/1198
f 2000/2627/2150 2037/1684/1211 2039/1683/1210
f 2000/2627/2150 2001/2629/2152 2042/1685/1212
f 1999/2628/2151 2039/1683/1210 2032/1674/1201
f 2003/2631/2154 2045/1696/1223 2047/1695/1222
f 2004/2633/2156 2005/2638/2161 2048/1698/1225
f 2003/2631/2154 2004/2633/2156 2050/1697/1224
f 2007/2634/2157 2008/2636/2159 2056/1710/1237
f 2009/2635/2158 2010/2654/2176 2066/1722/1249
f 2009/2635/2158 2061/1720/1247 2063/1719/1246
f 2006/2637/2160 2053/1708/1235 2055/1707/1234
f 2012/2639/575 2076/1734/1261 2075/2640/2162
f 2086/2642/2164 2138/1758/1285 2141/1757/1284
f 2087/2644/2166 2088/2646/2168 2147/1763/1290
f 2090/2647/2169 2091/2650/2172 2150/1775/1302
f 2093/2648/2170 2154/1784/1311 2156/1783/1310
f 2092/2649/2171 2156/1783/1310 2148/1776/1303
f 2095/2651/2173 2165/1793/1320 2157/1786/1313
f 2096/2653/2175 2097/2687/2209 2168/1795/1322
f 2096/2653/2175 2163/1794/1321 2165/1793/1320
f 2093/2648/2170 2094/2652/2174 2159/1785/1312
f 2090/2647/2169 2128/1774/1301 2130/1773/1300
f 2010/2654/2176 2011/2641/2163 2064/1721/1248
f 2099/2655/2177 2172/1804/1331 2174/1803/1330
f 2101/2657/2179 2183/1813/1340 2175/1806/1333
f 2099/2655/2177 2100/2658/2180 2177/1805/1332
f 2104/2659/2181 2192/1826/1353 2184/1815/1342
f 2105/2661/2183 2106/2669/2191 2195/1828/1355
f 2104/2659/2181 2105/2661/2183 2190/1827/1354
f 2101/2657/2179 2102/2688/2210 2181/1814/1341
f 2107/2662/2184 2108/2665/2187 2199/1837/1364
f 2110/2663/2185 2210/1846/1373 2202/1839/1366
f 2108/2665/2187 2109/2664/2186 2204/1838/1365
f 2111/2666/2188 2112/2668/2190 2213/1848/1375
f 2113/2667/2189 2114/2686/2208 2217/1860/1387
f 2113/2667/2189 2219/1859/1386 2211/1849/1376
f 2110/2663/2185 2111/2666/2188 2208/1847/1374
f 2107/2662/2184 2201/1836/1363 2193/1829/1356
f 2116/2670/2192 2228/1870/1397 2220/1861/1388
f 2117/2672/2194 2118/2677/2199 2231/1872/1399
f 2116/2670/2192 2117/2672/2194 2226/1869/1396
f 2119/2673/2195 2120/2676/2198 2251/1889/1416
f 2118/2677/2199 2119/2673/2195 2254/1884/1411
f 2256/2679/2201 2257/2682/2204 2286/1902/1429
f 2259/2680/2202 2297/1912/1439 2289/1903/1430
f 2258/2681/2203 2289/1903/1430 2291/1904/1431
f 2261/2683/2205 2298/1913/1440 2300/1914/1441
f 2262/2685/2207 2263/2716/2238 2304/1921/1448
f 2262/2685/2207 2306/1922/1449 2298/1913/1440
f 2259/2680/2202 2260/2684/2206 2295/1911/1438
f 2256/2679/2201 2288/1901/1428 2242/1891/1418
f 2114/2686/2208 2115/2671/2193 2222/1862/1389
f 2098/2656/2178 2174/1803/1330 2166/1796/1323
f 2006/2637/2160 2007/2634/2157 2058/1709/1236
f 2102/2688/2210 2103/2660/2182 2186/1816/1343
f 2265/2689/2211 2315/1935/1462 2307/1924/1451
f 2267/2691/2213 2316/1936/1463 2318/1937/1464
f 2265/2689/2211 2266/2692/2214 2313/1934/1461
f 2270/2693/2215 2325/1946/1473 2327/1947/1474
f 2271/2695/2217 2272/2704/2226 2331/1954/1481
f 2271/2695/2217 2333/1955/1482 2325/1946/1473
f 2268/2696/2218 2324/1945/1472 2316/1936/1463
f 2273/2697/2219 2274/2700/2222 2342/1968/1495
f 2276/2698/2220 2343/1969/1496 2345/1970/1497
f 2274/2700/2222 2275/2699/2221 2340/1967/1494
f 2277/2701/2223 2278/2703/2225 2349/1977/1504
f 2279/2702/2224 2280/2708/2230 2360/1988/1515
f 2279/2702/2224 2352/1979/1506 2354/1980/1507
f 2276/2698/2220 2277/2701/2223 2351/1978/1505
f 2273/2697/2219 2334/1956/1483 2336/1957/1484
f 2268/2696/2218 2269/2694/2216 2322/1944/1471
f 2282/2705/2227 2283/2707/2229 2369/1998/1525
f 2282/2705/2227 2361/1989/1516 2363/1990/1517
f 2283/2707/2229 2284/2711/2233 2367/1997/1524
f 2280/2708/2230 2281/2706/2228 2358/1987/1514
f 2264/2690/2212 2307/1924/1451 2309/1923/1450
f 1625/1475/1002 1454/2719/2242 1626/2717/2240
f 1456/2718/2241 1631/2976/2503 1633/1486/1013
f 1633/1486/1013 1631/2976/2503 1454/2719/2242
f 1629/1474/1001 1626/2717/2240 1452/2720/2243
f 1458/2721/2244 1635/2723/2246 1637/1498/1025
f 1639/2722/2245 1458/2721/2244 1634/1499/1026
f 1635/2723/2246 1456/2718/2241 1630/1487/1014
f 1645/1522/1049 1643/2726/2249 1460/2724/2247
f 1649/1534/1061 1647/2977/2504 1462/2725/2248
f 1642/1523/1050 1462/2725/2248 1643/2726/2249
f 1651/2727/2250 1464/2730/2253 1646/1535/1062
f 1655/2728/2251 1466/2729/2252 1650/1547/1074
f 1466/2729/2252 1651/2727/2250 1653/1546/1073
f 1464/2730/2253 1647/2977/2504 1649/1534/1061
f 1661/1570/1097 1659/2733/2256 1468/2731/2254
f 1665/1596/1123 1663/2737/2260 1470/2732/2255
f 1658/1571/1098 1470/2732/2255 1659/2733/2256
f 1669/1608/1135 1667/2736/2259 1472/2734/2257
f 1673/1620/1147 1671/2745/2268 1474/2735/2258
f 1666/1609/1136 1474/2735/2258 1667/2736/2259
f 1662/1597/1124 1472/2734/2257 1663/2737/2260
f 1654/1559/1086 1468/2731/2254 1655/2728/2251
f 1638/1511/1038 1460/2724/2247 1639/2722/2245
f 1674/1633/1160 1478/2743/2266 1675/2741/2264
f 1677/1632/1159 1675/2741/2264 1476/2742/2265
f 1478/2743/2266 1674/1633/1160 1681/1651/1178
f 1671/2745/2268 1673/1620/1147 1670/1621/1148
f 1678/1652/1179 1480/2978/2505 1679/2744/2267
f 1482/2746/2269 1683/2747/2270 1685/1663/1190
f 1683/2747/2270 1480/2978/2505 1678/1652/1179
f 1686/1676/1203 1484/2749/2272 1687/2748/2271
f 1689/1675/1202 1687/2748/2271 1482/2746/2269
f 1693/1687/1214 1691/2750/2273 1484/2749/2272
f 1690/1688/1215 1486/2751/2274 1691/2750/2273
f 1697/1699/1226 1695/2753/2276 1486/2751/2274
f 1701/1711/1238 1699/2756/2279 1488/2752/2275
f 1694/1700/1227 1488/2752/2275 1695/2753/2276
f 1703/2754/2277 1490/2979/2506 1698/1712/1239
f 1492/2755/2278 1703/2754/2277 1705/1723/1250
f 1698/1712/1239 1490/2979/2506 1699/2756/2279
f 1504/2764/2287 1502/2758/2281 2986/1818/1345
f 2440/2779/2304 2462/2063/1589 2376/2033/1559
f 2441/2780/2305 2442/2782/2307 2467/2071/1597
f 2441/2780/2305 2460/2062/1588 2462/2063/1589
f 2443/2781/2306 2470/2073/1599 2465/2070/1596
f 2444/2783/2308 2468/2072/1598 2470/2073/1599
f 2444/2783/2308 2445/2785/2310 2475/2084/1610
f 2446/2784/2309 2478/2086/1612 2473/2083/1609
f 2447/2786/2311 2448/2791/2316 2483/2096/1622
f 2447/2786/2311 2476/2085/1611 2478/2086/1612
f 2450/2787/2312 2484/2097/1623 2486/2098/1624
f 2452/2789/2314 2494/2110/1636 2489/2107/1633
f 2450/2787/2312 2451/2790/2315 2491/2108/1634
f 2449/2788/2313 2486/2098/1624 2481/2095/1621
f 2453/2792/2317 2454/2794/2319 2499/2120/1646
f 2455/2793/2318 2456/2799/2324 2500/2121/1647
f 2455/2793/2318 2502/2122/1648 2497/2119/1645
f 2458/2795/2320 2510/2134/1660 2505/2131/1657
f 2516/2797/2322 2513/2142/1668 2515/2143/1669
f 2458/2795/2320 2459/2798/2323 2508/2133/1659
f 2456/2799/2324 2457/2796/2321 2507/2132/1658
f 2453/2792/2317 2492/2109/1635 2494/2110/1636
f 2517/2800/2325 2518/2803/2328 2532/2153/1679
f 2519/2802/2327 2520/2808/2333 2533/2154/1680
f 2519/2802/2327 2535/2155/1681 2529/2152/1678
f 2522/2804/2329 2543/2167/1693 2538/2164/1690
f 2522/2804/2329 2523/2807/2332 2541/2166/1692
f 2520/2808/2333 2521/2805/2330 2540/2165/1691
f 2526/2809/2334 2561/2188/1714 2564/2189/1715
f 2569/2811/2336 2602/2201/1727 2558/2198/1724
f 2571/2813/2338 2605/2210/1736 2607/2211/1737
f 2572/2815/2340 2573/2817/2342 2608/2213/1739
f 2572/2815/2340 2610/2212/1738 2605/2210/1736
f 2569/2811/2336 2570/2814/2339 2600/2200/1726
f 2524/2806/2331 2525/2810/2335 2567/2182/1708
f 2516/2797/2322 2517/2800/2325 2531/2801/2326
f 2574/2816/2341 2613/2223/1749 2615/2222/1748
f 2531/2801/2326 2511/2138/1664 2512/2141/1667
f 2613/2223/1749 2574/2816/2341 2575/2819/2344
f 2575/2819/2344 2576/2822/2347 2616/2225/1751
f 2578/2820/2345 2626/2236/1762 2621/2235/1761
f 2577/2821/2346 2621/2235/1761 2623/2234/1760
f 2580/2823/2348 2629/2247/1773 2631/2246/1772
f 2581/2825/2350 2582/2833/2358 2632/2249/1775
f 2581/2825/2350 2634/2248/1774 2629/2247/1773
f 2578/2820/2345 2579/2824/2349 2624/2237/1763
f 2583/2826/2351 2584/2829/2354 2642/2260/1786
f 2586/2827/2352 2645/2271/1797 2647/2270/1796
f 2584/2829/2354 2585/2828/2353 2640/2261/1787
f 2587/2830/2355 2588/2832/2357 2648/2273/1799
f 2589/2831/2356 2653/2283/1809 2655/2282/1808
f 2586/2827/2352 2587/2830/2355 2650/2272/1798
f 2583/2826/2351 2637/2259/1785 2639/2258/1784
f 2590/2834/2359 2591/2837/2362 2656/2285/1811
f 2593/2835/2360 2594/2843/2368 2664/2297/1823
f 2592/2836/2361 2661/2295/1821 2663/2294/1820
f 2595/2838/2363 2596/2842/2367 2674/2308/1834
f 2598/2839/2364 2684/2321/1847 2683/2840/2365
f 2596/2842/2367 2597/2841/2366 2672/2309/1835
f 2595/2838/2363 2669/2307/1833 2671/2306/1832
f 2695/2846/2371 2726/2337/1863 2728/2336/1862
f 2697/2847/2372 2737/2346/1872 2729/2339/1865
f 2698/2849/2374 2699/2884/2409 2740/2348/1874
f 2698/2849/2374 2735/2347/1873 2737/2346/1872
f 2695/2846/2371 2696/2848/2373 2731/2338/1864
f 2599/2844/2369 2693/2326/1852 2681/2322/1848
f 2589/2831/2356 2590/2834/2359 2658/2284/1810
f 2701/2850/2375 2744/2357/1883 2746/2356/1882
f 2703/2852/2377 2755/2366/1892 2747/2359/1885
f 2701/2850/2375 2702/2853/2378 2749/2358/1884
f 2704/2854/2379 2705/2857/2382 2758/2368/1894
f 2707/2855/2380 2762/2377/1903 2764/2376/1902
f 2706/2856/2381 2764/2376/1902 2756/2369/1895
f 2704/2854/2379 2753/2367/1893 2755/2366/1892
f 2709/2858/2383 2710/2861/2386 2771/2387/1913
f 2712/2859/2384 2782/2396/1922 2774/2389/1915
f 2710/2861/2386 2711/2860/2385 2776/2388/1914
f 2713/2862/2387 2714/2864/2389 2785/2398/1924
f 2715/2863/2388 2716/2883/2408 2789/2407/1933
f 2715/2863/2388 2791/2406/1932 2783/2399/1925
f 2712/2859/2384 2713/2862/2387 2780/2397/1923
f 2709/2858/2383 2773/2386/1912 2765/2378/1904
f 2718/2866/2391 2800/2419/1945 2792/2409/1935
f 2720/2868/2393 2801/2421/1947 2803/2422/1948
f 2718/2866/2391 2719/2869/2394 2798/2420/1946
f 2721/2870/2395 2722/2873/2398 2807/2429/1955
f 2723/2871/2396 2724/2881/2406 2835/2444/1970
f 2722/2873/2398 2723/2871/2396 2812/2432/1958
f 2721/2870/2395 2809/2430/1956 2801/2421/1947
f 2837/2876/2401 2823/2451/1977 2825/2450/1976
f 2838/2877/2402 2839/2880/2405 2869/2462/1988
f 2841/2878/2403 2880/2472/1998 2872/2463/1989
f 2840/2879/2404 2872/2463/1989 2874/2464/1990
f 2838/2877/2402 2871/2461/1987 2823/2451/1977
f 2724/2881/2406 2725/2874/2399 2832/2449/1975
f 2716/2883/2408 2717/2867/2392 2794/2408/1934
f 2700/2851/2376 2746/2356/1882 2738/2349/1875
f 2707/2855/2380 2708/2865/2390 2767/2379/1905
f 2592/2836/2361 2593/2835/2360 2666/2296/1822
f 2843/2885/2410 2881/2473/1999 2883/2474/2000
f 2844/2887/2412 2889/2482/2008 2881/2473/1999
f 2841/2878/2403 2842/2886/2411 2878/2471/1997
f 2846/2888/2413 2890/2483/2009 2892/2484/2010
f 2847/2890/2415 2848/2895/2420 2896/2494/2020
f 2847/2890/2415 2898/2495/2021 2890/2483/2009
f 2850/2891/2416 2907/2505/2031 2899/2496/2022
f 2852/2893/2418 2908/2507/2033 2910/2506/2032
f 2850/2891/2416 2851/2894/2419 2905/2504/2030
f 2849/2892/2417 2899/2496/2022 2901/2497/2023
f 2853/2896/2421 2854/2898/2423 2914/2514/2040
f 2855/2897/2422 2856/2902/2427 2925/2528/2054
f 2855/2897/2422 2917/2516/2042 2919/2517/2043
f 2858/2899/2424 2926/2529/2055 2928/2530/2056
f 2859/2901/2426 2860/2911/2436 2932/2537/2063
f 2858/2899/2424 2859/2901/2426 2934/2538/2064
f 2856/2902/2427 2857/2900/2425 2923/2527/2053
f 2853/2896/2421 2916/2515/2041 2908/2507/2033
f 2861/2903/2428 2862/2906/2431 2942/2548/2074
f 2864/2904/2429 2943/2549/2075 2945/2550/2076
f 2862/2906/2431 2863/2905/2430 2940/2547/2073
f 2864/2904/2429 2865/2909/2434 2947/2558/2082
f 2861/2903/2428 2935/2539/2065 2937/2540/2066
f 2867/2912/2437 2868/2914/2439 2951/2569/2092
f 1622/2913/2438 2955/2571/2094 2957/2572/2095
f 2844/2887/2412 2845/2889/2414 2887/2481/2007
f 1541/2915/2440 1707/2918/2443 1710/2075/1601
f 1543/2916/2441 1712/2917/2442 1714/2087/1613
f 1712/2917/2442 1541/2915/2440 1706/2076/1602
f 1707/2918/2443 1539/2936/2461 1708/2074/1600
f 1715/2100/1626 1545/2980/2507 1716/2919/2444
f 1720/2920/2445 1545/2980/2507 1715/2100/1626
f 1718/2099/1625 1716/2919/2444 1543/2916/2441
f 1726/2123/1649 1724/2981/2508 1547/2921/2446
f 1730/2135/1661 1728/2982/2509 1549/2922/2447
f 1549/2922/2447 1724/2981/2508 1726/2123/1649
f 1734/2144/1670 1732/2925/2450 1551/2923/2448
f 1738/2156/1682 1736/2983/2510 1553/2924/2449
f 1731/2145/1671 1553/2924/2449 1732/2925/2450
f 1551/2923/2448 1728/2982/2509 1730/2135/1661
f 1742/2168/1694 1740/2928/2453 1555/2926/2451
f 1746/2190/1716 1744/2932/2457 1557/2927/2452
f 1739/2169/1695 1557/2927/2452 1740/2928/2453
f 1748/2929/2454 1559/2984/2511 1743/2191/1717
f 1752/2930/2455 1561/2931/2456 1747/2203/1729
f 1561/2931/2456 1748/2929/2454 1750/2202/1728
f 1743/2191/1717 1559/2984/2511 1744/2932/2457
f 1555/2926/2451 1736/2983/2510 1738/2156/1682
f 1547/2921/2446 1720/2920/2445 1722/2111/1637
f 1755/2227/1753 1565/2939/2464 1756/2937/2462
f 1758/2226/1752 1756/2937/2462 1563/2938/2463
f 1565/2939/2464 1755/2227/1753 1762/2238/1764
f 1752/2930/2455 1754/2214/1740 1751/2215/1741
f 1759/2239/1765 1567/2942/2467 1760/2940/2465
f 1763/2251/1777 1569/2944/2469 1764/2941/2466
f 1766/2250/1776 1764/2941/2466 1567/2942/2467
f 1767/2263/1789 1571/2945/2470 1768/2943/2468
f 1770/2262/1788 1768/2943/2468 1569/2944/2469
f 1774/2274/1800 1772/2946/2471 1571/2945/2470
f 1771/2275/1801 1573/2947/2472 1772/2946/2471
f 1778/2286/1812 1776/2949/2474 1573/2947/2472
f 1782/2298/1824 1780/2953/2478 1575/2948/2473
f 1775/2287/1813 1575/2948/2473 1776/2949/2474
f 1786/2310/1836 1784/2952/2477 1577/2950/2475
f 1783/2311/1837 1579/2951/2476 1784/2952/2477
f 1779/2299/1825 1577/2950/2475 1780/2953/2478
f 1621/2966/2491 1620/2543/2069 1830/2554/2078
