# Blender 5.0.0
# www.blender.org
mtllib materials.mtl
o 2
v -0.064416 0.017347 -0.033413
v -0.064974 0.016888 -0.033664
v -0.065263 0.016272 -0.033986
v -0.065268 0.015587 -0.034327
v -0.064967 0.014941 -0.034631
v -0.064414 0.014490 -0.034833
v -0.063698 0.017500 -0.033488
v -0.064001 0.017469 -0.033506
v -0.064297 0.017375 -0.033562
v -0.064364 0.017344 -0.033581
v -0.064430 0.017309 -0.033602
v -0.064559 0.017228 -0.033649
v -0.064588 0.017208 -0.033662
v -0.064617 0.017186 -0.033674
v -0.064673 0.017140 -0.033701
v -0.064782 0.017037 -0.033761
v -0.064805 0.017012 -0.033776
v -0.064829 0.016986 -0.033791
v -0.064874 0.016931 -0.033822
v -0.064960 0.016810 -0.033892
v -0.064978 0.016783 -0.033907
v -0.064995 0.016754 -0.033924
v -0.065028 0.016693 -0.033958
v -0.065090 0.016558 -0.034034
v -0.065096 0.016545 -0.034041
v -0.065101 0.016531 -0.034049
v -0.065112 0.016502 -0.034065
v -0.065133 0.016439 -0.034100
v -0.065170 0.016289 -0.034182
v -0.065170 0.016287 -0.034183
v -0.065171 0.016284 -0.034185
v -0.065173 0.016275 -0.034189
v -0.065178 0.016247 -0.034205
v -0.065191 0.016150 -0.034257
v -0.065192 0.016140 -0.034263
v -0.065193 0.016130 -0.034268
v -0.065194 0.016110 -0.034279
v -0.065196 0.016073 -0.034299
v -0.065198 0.016010 -0.034332
v -0.065198 0.016000 -0.034337
v -0.065198 0.015990 -0.034343
v -0.065198 0.015970 -0.034353
v -0.065197 0.015932 -0.034373
v -0.065192 0.015860 -0.034411
v -0.065174 0.015730 -0.034479
v -0.065170 0.015712 -0.034488
v -0.065166 0.015693 -0.034498
v -0.065158 0.015657 -0.034517
v -0.065140 0.015587 -0.034553
v -0.065096 0.015457 -0.034619
v -0.065082 0.015421 -0.034637
v -0.065066 0.015385 -0.034655
v -0.065034 0.015317 -0.034689
v -0.064960 0.015189 -0.034753
v -0.064787 0.014968 -0.034861
v -0.064760 0.014941 -0.034874
v -0.064733 0.014914 -0.034887
v -0.064676 0.014862 -0.034912
v -0.064556 0.014770 -0.034956
v -0.064298 0.014625 -0.035025
v -0.064226 0.014596 -0.035039
v -0.064152 0.014570 -0.035050
v -0.064003 0.014531 -0.035069
v -0.063698 0.014500 -0.035083
v -0.064392 0.017344 -0.033498
v -0.064069 0.017472 -0.033343
v -0.064057 0.017466 -0.033427
v -0.064380 0.017343 -0.033540
v -0.064229 0.017414 -0.033457
v -0.064050 0.017463 -0.033470
v -0.064220 0.017412 -0.033500
v -0.064932 0.016899 -0.033749
v -0.064725 0.017146 -0.033524
v -0.064691 0.017150 -0.033609
v -0.064674 0.017151 -0.033651
v -0.064549 0.017255 -0.033549
v -0.064534 0.017255 -0.033591
v -0.064666 0.017152 -0.033673
v -0.064606 0.017205 -0.033620
v -0.064527 0.017255 -0.033613
v -0.064598 0.017205 -0.033642
v -0.064912 0.016904 -0.033792
v -0.064819 0.017030 -0.033676
v -0.064800 0.017034 -0.033719
v -0.065212 0.016302 -0.034072
v -0.065153 0.016594 -0.033820
v -0.065105 0.016614 -0.033906
v -0.064901 0.016907 -0.033813
v -0.064858 0.016970 -0.033755
v -0.064791 0.017036 -0.033740
v -0.064848 0.016973 -0.033776
v -0.065081 0.016624 -0.033949
v -0.065027 0.016760 -0.033826
v -0.065004 0.016768 -0.033868
v -0.064993 0.016772 -0.033890
v -0.064960 0.016837 -0.033830
v -0.064949 0.016841 -0.033851
v -0.065069 0.016629 -0.033970
v -0.065045 0.016697 -0.033908
v -0.065033 0.016701 -0.033929
v -0.065186 0.016317 -0.034115
v -0.065167 0.016460 -0.033988
v -0.065142 0.016472 -0.034031
v -0.065217 0.015637 -0.034414
v -0.065303 0.015930 -0.034159
v -0.065251 0.015970 -0.034245
v -0.065130 0.016479 -0.034053
v -0.065114 0.016549 -0.033990
v -0.065102 0.016554 -0.034011
v -0.065124 0.016482 -0.034064
v -0.065116 0.016516 -0.034032
v -0.065096 0.016557 -0.034022
v -0.065110 0.016519 -0.034043
v -0.065174 0.016324 -0.034137
v -0.065167 0.016395 -0.034073
v -0.065154 0.016402 -0.034095
v -0.065224 0.015990 -0.034289
v -0.065240 0.016138 -0.034159
v -0.065214 0.016155 -0.034202
v -0.065201 0.016164 -0.034223
v -0.065203 0.016237 -0.034159
v -0.065190 0.016245 -0.034180
v -0.065183 0.016249 -0.034191
v -0.065182 0.016285 -0.034159
v -0.065167 0.016328 -0.034148
v -0.065176 0.016289 -0.034169
v -0.065180 0.016251 -0.034196
v -0.065180 0.016269 -0.034180
v -0.065173 0.016290 -0.034175
v -0.065176 0.016271 -0.034186
v -0.065195 0.016168 -0.034234
v -0.065196 0.016204 -0.034202
v -0.065189 0.016209 -0.034213
v -0.065211 0.016000 -0.034310
v -0.065221 0.016073 -0.034245
v -0.065208 0.016082 -0.034267
v -0.065191 0.015663 -0.034457
v -0.065243 0.015803 -0.034331
v -0.065216 0.015826 -0.034374
v -0.064925 0.015011 -0.034718
v -0.065155 0.015249 -0.034488
v -0.065107 0.015310 -0.034575
v -0.065175 0.016272 -0.034188
v -0.065174 0.016281 -0.034180
v -0.065171 0.016291 -0.034177
v -0.065173 0.016282 -0.034183
v -0.065172 0.016308 -0.034159
v -0.065164 0.016330 -0.034153
v -0.065168 0.016310 -0.034164
v -0.065164 0.016363 -0.034116
v -0.065148 0.016405 -0.034106
v -0.065158 0.016367 -0.034127
v -0.065172 0.016282 -0.034184
v -0.065172 0.016286 -0.034180
v -0.065170 0.016292 -0.034179
v -0.065171 0.016287 -0.034181
v -0.065171 0.016300 -0.034169
v -0.065167 0.016311 -0.034167
v -0.065169 0.016301 -0.034172
v -0.065171 0.016287 -0.034182
v -0.065171 0.016289 -0.034180
v -0.065170 0.016292 -0.034179
v -0.065170 0.016290 -0.034181
v -0.065170 0.016296 -0.034175
v -0.065168 0.016302 -0.034173
v -0.065169 0.016297 -0.034176
v -0.065170 0.016287 -0.034182
v -0.065170 0.016288 -0.034181
v -0.065170 0.016290 -0.034181
v -0.065170 0.016289 -0.034182
v -0.065172 0.016282 -0.034185
v -0.065172 0.016284 -0.034183
v -0.065171 0.016285 -0.034183
v -0.065174 0.016272 -0.034190
v -0.065174 0.016277 -0.034186
v -0.065173 0.016277 -0.034187
v -0.065178 0.016252 -0.034199
v -0.065178 0.016261 -0.034191
v -0.065177 0.016262 -0.034194
v -0.065186 0.016211 -0.034218
v -0.065186 0.016229 -0.034202
v -0.065183 0.016231 -0.034207
v -0.065170 0.016287 -0.034183
v -0.065170 0.016288 -0.034182
v -0.065170 0.016288 -0.034182
v -0.065171 0.016285 -0.034184
v -0.065171 0.016286 -0.034183
v -0.065171 0.016286 -0.034183
v -0.065202 0.016087 -0.034278
v -0.065205 0.016123 -0.034245
v -0.065199 0.016128 -0.034256
v -0.065203 0.015837 -0.034396
v -0.065223 0.015908 -0.034332
v -0.065209 0.015918 -0.034353
v -0.065203 0.015924 -0.034364
v -0.065211 0.015959 -0.034332
v -0.065205 0.016005 -0.034321
v -0.065204 0.015964 -0.034343
v -0.065201 0.015967 -0.034348
v -0.065205 0.015985 -0.034332
v -0.065201 0.016008 -0.034327
v -0.065201 0.015987 -0.034337
v -0.065210 0.016041 -0.034289
v -0.065204 0.016046 -0.034300
v -0.065178 0.015675 -0.034479
v -0.065206 0.015744 -0.034416
v -0.065193 0.015756 -0.034438
v -0.065083 0.015340 -0.034619
v -0.065171 0.015471 -0.034496
v -0.065146 0.015499 -0.034540
v -0.065172 0.015682 -0.034490
v -0.065186 0.015715 -0.034459
v -0.065186 0.015762 -0.034449
v -0.065180 0.015722 -0.034469
v -0.065134 0.015513 -0.034562
v -0.065171 0.015581 -0.034499
v -0.065158 0.015594 -0.034521
v -0.065071 0.015355 -0.034641
v -0.065117 0.015419 -0.034580
v -0.065105 0.015433 -0.034602
v -0.064904 0.015046 -0.034762
v -0.065025 0.015156 -0.034649
v -0.065003 0.015189 -0.034693
v -0.064390 0.014574 -0.034921
v -0.064718 0.014687 -0.034746
v -0.064685 0.014765 -0.034834
v -0.064668 0.014804 -0.034878
v -0.064812 0.014881 -0.034780
v -0.064793 0.014918 -0.034824
v -0.064784 0.014937 -0.034846
v -0.064851 0.014981 -0.034794
v -0.064894 0.015064 -0.034784
v -0.064841 0.014999 -0.034816
v -0.064660 0.014823 -0.034900
v -0.064732 0.014859 -0.034852
v -0.064724 0.014878 -0.034874
v -0.064379 0.014616 -0.034966
v -0.064545 0.014662 -0.034881
v -0.064530 0.014702 -0.034925
v -0.064068 0.014366 -0.034888
v -0.064056 0.014453 -0.034976
v -0.064050 0.014497 -0.035020
v -0.064227 0.014504 -0.034953
v -0.064218 0.014547 -0.034997
v -0.063698 0.014382 -0.034965
v -0.063698 0.014264 -0.034847
v -0.063698 0.014146 -0.034729
v -0.064437 0.014407 -0.034745
v -0.064080 0.014279 -0.034799
v -0.064047 0.014182 -0.034715
v -0.064381 0.014287 -0.034672
v -0.064536 0.014363 -0.034640
v -0.064681 0.014453 -0.034603
v -0.064939 0.014675 -0.034509
v -0.065048 0.014800 -0.034456
v -0.065143 0.014933 -0.034398
v -0.065292 0.015226 -0.034270
v -0.065343 0.015378 -0.034202
v -0.065380 0.015532 -0.034132
v -0.065408 0.015850 -0.033986
v -0.065376 0.016166 -0.033837
v -0.065285 0.016469 -0.033690
v -0.065217 0.016617 -0.033618
v -0.065135 0.016756 -0.033548
v -0.064933 0.017009 -0.033421
v -0.064872 0.017069 -0.033390
v -0.064809 0.017125 -0.033361
v -0.064675 0.017228 -0.033309
v -0.064380 0.017391 -0.033224
v -0.064298 0.017424 -0.033206
v -0.064214 0.017452 -0.033191
v -0.064046 0.017496 -0.033168
v -0.063697 0.017531 -0.033150
v -0.065008 0.014872 -0.034543
v -0.064752 0.014610 -0.034658
v -0.065319 0.015537 -0.034240
v -0.065202 0.015189 -0.034400
v -0.065314 0.016243 -0.033900
v -0.065355 0.015890 -0.034072
v -0.065016 0.016876 -0.033579
v -0.065200 0.016574 -0.033734
v -0.064439 0.017350 -0.033328
v -0.064758 0.017143 -0.033439
v -0.064895 0.017016 -0.033506
v -0.065037 0.016871 -0.033536
v -0.064775 0.017141 -0.033396
v -0.064914 0.017013 -0.033463
v -0.064081 0.017479 -0.033258
v -0.064265 0.017424 -0.033288
v -0.064451 0.017351 -0.033286
v -0.064087 0.017482 -0.033216
v -0.064274 0.017427 -0.033246
v -0.063698 0.017516 -0.033319
v -0.063699 -0.014146 -0.034729
v -0.063699 -0.014323 -0.034906
v -0.063699 -0.014500 -0.035083
v -0.063698 -0.017500 -0.033488
v -0.063698 -0.017531 -0.033150
v -0.064046 -0.017496 -0.033168
v -0.064379 -0.017391 -0.033224
v -0.064456 -0.017356 -0.033242
v -0.064531 -0.017317 -0.033262
v -0.064674 -0.017229 -0.033308
v -0.064931 -0.017011 -0.033420
v -0.064986 -0.016952 -0.033450
v -0.065038 -0.016890 -0.033481
v -0.065132 -0.016760 -0.033546
v -0.065282 -0.016473 -0.033688
v -0.065375 -0.016169 -0.033835
v -0.065408 -0.015856 -0.033983
v -0.065381 -0.015538 -0.034130
v -0.065294 -0.015230 -0.034268
v -0.065226 -0.015079 -0.034335
v -0.065145 -0.014937 -0.034397
v -0.064941 -0.014677 -0.034509
v -0.064817 -0.014559 -0.034559
v -0.064682 -0.014454 -0.034602
v -0.064383 -0.014288 -0.034671
v -0.064217 -0.014226 -0.034697
v -0.064048 -0.014182 -0.034715
v -0.064411 -0.017350 -0.033411
v -0.064067 -0.017473 -0.033343
v -0.064243 -0.017421 -0.033372
v -0.064079 -0.017479 -0.033258
v -0.064434 -0.017352 -0.033327
v -0.064261 -0.017425 -0.033287
v -0.064974 -0.016888 -0.033664
v -0.064723 -0.017148 -0.033523
v -0.064574 -0.017257 -0.033463
v -0.064756 -0.017145 -0.033438
v -0.064603 -0.017257 -0.033378
v -0.064856 -0.017025 -0.033590
v -0.065015 -0.016877 -0.033578
v -0.064894 -0.017018 -0.033505
v -0.065267 -0.016254 -0.033996
v -0.065156 -0.016586 -0.033824
v -0.065269 -0.015590 -0.034325
v -0.064983 -0.014963 -0.034621
v -0.065161 -0.015264 -0.034481
v -0.064419 -0.014493 -0.034832
v -0.064731 -0.014698 -0.034741
v -0.064071 -0.014367 -0.034887
v -0.064005 -0.014532 -0.035069
v -0.064299 -0.014625 -0.035025
v -0.064365 -0.014657 -0.035010
v -0.064431 -0.014691 -0.034994
v -0.064558 -0.014771 -0.034956
v -0.064789 -0.014970 -0.034860
v -0.064837 -0.015024 -0.034834
v -0.064883 -0.015080 -0.034806
v -0.064969 -0.015203 -0.034746
v -0.065004 -0.015263 -0.034716
v -0.065038 -0.015326 -0.034685
v -0.065098 -0.015461 -0.034617
v -0.065110 -0.015492 -0.034601
v -0.065121 -0.015524 -0.034585
v -0.065141 -0.015591 -0.034551
v -0.065174 -0.015734 -0.034477
v -0.065177 -0.015749 -0.034469
v -0.065180 -0.015764 -0.034461
v -0.065184 -0.015796 -0.034444
v -0.065192 -0.015864 -0.034409
v -0.065198 -0.016015 -0.034329
v -0.065198 -0.016030 -0.034321
v -0.065197 -0.016046 -0.034313
v -0.065196 -0.016080 -0.034295
v -0.065190 -0.016155 -0.034255
v -0.065187 -0.016179 -0.034242
v -0.065185 -0.016201 -0.034230
v -0.065179 -0.016239 -0.034209
v -0.065169 -0.016293 -0.034180
v -0.065167 -0.016303 -0.034174
v -0.065165 -0.016313 -0.034169
v -0.065161 -0.016333 -0.034158
v -0.065151 -0.016372 -0.034137
v -0.065131 -0.016443 -0.034098
v -0.065089 -0.016563 -0.034031
v -0.065081 -0.016580 -0.034021
v -0.065074 -0.016598 -0.034011
v -0.065059 -0.016632 -0.033992
v -0.065027 -0.016697 -0.033956
v -0.064959 -0.016813 -0.033890
v -0.064938 -0.016845 -0.033872
v -0.064916 -0.016875 -0.033854
v -0.064872 -0.016934 -0.033821
v -0.064780 -0.017039 -0.033760
v -0.064753 -0.017066 -0.033744
v -0.064726 -0.017092 -0.033729
v -0.064671 -0.017141 -0.033700
v -0.064558 -0.017229 -0.033649
v -0.064526 -0.017251 -0.033636
v -0.064494 -0.017271 -0.033624
v -0.064429 -0.017310 -0.033601
v -0.064296 -0.017376 -0.033562
v -0.064224 -0.017405 -0.033545
v -0.064152 -0.017430 -0.033530
v -0.064005 -0.017468 -0.033507
v -0.063852 -0.017492 -0.033492
v -0.064395 -0.014576 -0.034920
v -0.064249 -0.014420 -0.034864
v -0.064058 -0.014454 -0.034976
v -0.064231 -0.014506 -0.034952
v -0.064697 -0.014775 -0.034829
v -0.064582 -0.014587 -0.034790
v -0.064553 -0.014668 -0.034878
v -0.064941 -0.015032 -0.034709
v -0.064865 -0.014823 -0.034684
v -0.064827 -0.014897 -0.034772
v -0.065114 -0.015324 -0.034568
v -0.065081 -0.015109 -0.034553
v -0.065035 -0.015173 -0.034641
v -0.065217 -0.015641 -0.034412
v -0.065224 -0.015425 -0.034404
v -0.065174 -0.015480 -0.034492
v -0.065303 -0.015924 -0.034162
v -0.065149 -0.015508 -0.034535
v -0.065146 -0.015402 -0.034530
v -0.065090 -0.015354 -0.034612
v -0.065122 -0.015431 -0.034574
v -0.065251 -0.015964 -0.034248
v -0.065295 -0.015756 -0.034245
v -0.065242 -0.015801 -0.034331
v -0.065216 -0.015824 -0.034375
v -0.065232 -0.015721 -0.034372
v -0.065192 -0.015666 -0.034456
v -0.065206 -0.015744 -0.034416
v -0.065193 -0.015756 -0.034437
v -0.065199 -0.015705 -0.034436
v -0.065179 -0.015678 -0.034478
v -0.065186 -0.015717 -0.034458
v -0.065198 -0.015560 -0.034452
v -0.065173 -0.015586 -0.034496
v -0.065216 -0.016284 -0.034082
v -0.065294 -0.016090 -0.034079
v -0.065242 -0.016125 -0.034165
v -0.065216 -0.016142 -0.034208
v -0.065248 -0.016045 -0.034207
v -0.065224 -0.015984 -0.034292
v -0.065222 -0.016063 -0.034250
v -0.065209 -0.016073 -0.034272
v -0.065224 -0.016024 -0.034271
v -0.065211 -0.015994 -0.034313
v -0.065211 -0.016034 -0.034293
v -0.065249 -0.015883 -0.034290
v -0.065222 -0.015904 -0.034333
v -0.065190 -0.016299 -0.034125
v -0.065231 -0.016205 -0.034124
v -0.065205 -0.016221 -0.034167
v -0.065109 -0.016606 -0.033910
v -0.065221 -0.016423 -0.033909
v -0.065171 -0.016448 -0.033995
v -0.065178 -0.016307 -0.034147
v -0.065198 -0.016260 -0.034146
v -0.065192 -0.016229 -0.034188
v -0.065185 -0.016268 -0.034167
v -0.065146 -0.016461 -0.034038
v -0.065196 -0.016366 -0.034038
v -0.065171 -0.016380 -0.034081
v -0.065171 -0.016310 -0.034157
v -0.065182 -0.016287 -0.034157
v -0.065179 -0.016272 -0.034178
v -0.065175 -0.016291 -0.034168
v -0.065158 -0.016387 -0.034103
v -0.065181 -0.016340 -0.034103
v -0.065168 -0.016347 -0.034125
v -0.065085 -0.016616 -0.033953
v -0.065142 -0.016528 -0.033952
v -0.065118 -0.016539 -0.033995
v -0.064932 -0.016899 -0.033749
v -0.065074 -0.016741 -0.033742
v -0.065029 -0.016756 -0.033828
v -0.065073 -0.016621 -0.033974
v -0.065102 -0.016578 -0.033974
v -0.065106 -0.016545 -0.034016
v -0.065090 -0.016583 -0.033995
v -0.065007 -0.016764 -0.033871
v -0.065071 -0.016682 -0.033868
v -0.065048 -0.016691 -0.033911
v -0.064911 -0.016905 -0.033792
v -0.064983 -0.016829 -0.033788
v -0.064961 -0.016835 -0.033831
v -0.064689 -0.017151 -0.033608
v -0.064818 -0.017032 -0.033675
v -0.064673 -0.017153 -0.033650
v -0.064755 -0.017093 -0.033641
v -0.064799 -0.017035 -0.033718
v -0.064738 -0.017096 -0.033683
v -0.064387 -0.017347 -0.033496
v -0.064546 -0.017257 -0.033548
v -0.064531 -0.017257 -0.033590
v -0.064619 -0.017206 -0.033577
v -0.064604 -0.017207 -0.033619
v -0.064376 -0.017345 -0.033539
v -0.064468 -0.017304 -0.033521
v -0.064455 -0.017303 -0.033563
v -0.064055 -0.017466 -0.033427
v -0.064226 -0.017416 -0.033457
v -0.059368 -0.008944 -0.069690
v -0.059426 0.008750 -0.070356
v -0.059426 0.011250 -0.070356
v -0.063698 0.017500 -0.037000
v -0.063698 0.016000 -0.037901
v -0.063402 0.016689 -0.037451
v -0.063698 0.016000 -0.037901
v -0.063163 0.016525 -0.037451
v -0.063698 0.016000 -0.037901
v -0.063004 0.016284 -0.037451
v -0.063698 0.016000 -0.037901
v -0.062948 0.016000 -0.037451
v -0.063698 0.016000 -0.037901
v -0.063009 0.015704 -0.037451
v -0.063698 0.016000 -0.037901
v -0.063173 0.015464 -0.037451
v -0.063415 0.015306 -0.037451
v -0.063698 0.016000 -0.037901
v -0.063698 0.015500 -0.037601
v -0.063698 0.015000 -0.037300
v -0.063698 0.017000 -0.037300
v -0.063698 0.016500 -0.037601
v -0.063698 0.014500 -0.037000
v -0.063124 0.014614 -0.037000
v -0.062637 0.014939 -0.037000
v -0.062312 0.015426 -0.037000
v -0.062198 0.016000 -0.037000
v -0.062312 0.016574 -0.037000
v -0.062637 0.017061 -0.037000
v -0.063124 0.017386 -0.037000
v -0.063698 0.017500 -0.037000
v -0.063107 0.017379 -0.035244
v -0.062627 0.017050 -0.035244
v -0.062309 0.016567 -0.035244
v -0.062198 0.016000 -0.035244
v -0.062320 0.015409 -0.035244
v -0.062648 0.014929 -0.035244
v -0.063131 0.014611 -0.035244
v -0.063124 0.017386 -0.037000
v -0.062637 0.017061 -0.037000
v -0.062312 0.016574 -0.037000
v -0.062198 0.016000 -0.037000
v -0.062312 0.015426 -0.037000
v -0.062637 0.014939 -0.037000
v -0.063124 0.014614 -0.037000
v -0.063698 0.017500 -0.033488
v -0.063698 0.017500 -0.034658
v -0.063698 0.017500 -0.035829
v -0.063698 0.014500 -0.037000
v -0.063698 0.014500 -0.036042
v -0.063698 0.014500 -0.035083
v -0.063545 0.014508 -0.035080
v -0.063393 0.014531 -0.035069
v -0.063244 0.014571 -0.035050
v -0.063098 0.014625 -0.035025
v -0.063032 0.014656 -0.035010
v -0.062966 0.014691 -0.034994
v -0.062839 0.014770 -0.034956
v -0.062719 0.014864 -0.034912
v -0.062608 0.014970 -0.034860
v -0.062585 0.014995 -0.034848
v -0.062562 0.015021 -0.034836
v -0.062518 0.015075 -0.034809
v -0.062435 0.015191 -0.034752
v -0.062361 0.015320 -0.034688
v -0.062299 0.015459 -0.034618
v -0.062293 0.015474 -0.034610
v -0.062288 0.015489 -0.034603
v -0.062277 0.015519 -0.034588
v -0.062258 0.015581 -0.034556
v -0.062226 0.015714 -0.034487
v -0.062205 0.015858 -0.034412
v -0.062198 0.016013 -0.034330
v -0.062199 0.016048 -0.034312
v -0.062200 0.016083 -0.034293
v -0.062206 0.016153 -0.034255
v -0.062227 0.016291 -0.034181
v -0.062231 0.016312 -0.034169
v -0.062235 0.016332 -0.034159
v -0.062244 0.016370 -0.034138
v -0.062264 0.016441 -0.034099
v -0.062307 0.016560 -0.034032
v -0.062311 0.016570 -0.034027
v -0.062314 0.016579 -0.034022
v -0.062322 0.016598 -0.034012
v -0.062339 0.016634 -0.033991
v -0.062373 0.016703 -0.033952
v -0.062449 0.016830 -0.033880
v -0.062530 0.016941 -0.033817
v -0.062614 0.017037 -0.033761
v -0.062628 0.017051 -0.033753
v -0.062642 0.017065 -0.033745
v -0.062670 0.017092 -0.033729
v -0.062727 0.017143 -0.033699
v -0.062847 0.017235 -0.033646
v -0.062971 0.017312 -0.033600
v -0.063097 0.017374 -0.033563
v -0.063133 0.017390 -0.033554
v -0.063170 0.017404 -0.033545
v -0.063244 0.017430 -0.033530
v -0.063394 0.017469 -0.033506
v -0.063546 0.017492 -0.033492
v -0.063409 0.014528 -0.035244
v -0.063131 0.014611 -0.036122
v -0.063409 0.014528 -0.036122
v -0.063268 0.014563 -0.035244
v -0.062874 0.014747 -0.035244
v -0.062999 0.014673 -0.035244
v -0.062648 0.014929 -0.036122
v -0.062874 0.014747 -0.036122
v -0.063064 0.014640 -0.035244
v -0.063131 0.014611 -0.035683
v -0.062874 0.014747 -0.035683
v -0.062999 0.014673 -0.036122
v -0.062999 0.014673 -0.035683
v -0.062874 0.014747 -0.035024
v -0.062936 0.014708 -0.035244
v -0.062936 0.014708 -0.035024
v -0.062757 0.014832 -0.035244
v -0.062460 0.015153 -0.035244
v -0.062549 0.015036 -0.035244
v -0.062320 0.015409 -0.036122
v -0.062460 0.015153 -0.036122
v -0.062648 0.014929 -0.035024
v -0.062549 0.015036 -0.035024
v -0.062597 0.014981 -0.035244
v -0.062597 0.014981 -0.035024
v -0.062648 0.014929 -0.035683
v -0.062460 0.015153 -0.035683
v -0.062549 0.015036 -0.036122
v -0.062549 0.015036 -0.035683
v -0.062648 0.014929 -0.034914
v -0.062597 0.014981 -0.034914
v -0.062622 0.014955 -0.035024
v -0.062622 0.014955 -0.034914
v -0.062757 0.014832 -0.035024
v -0.062701 0.014879 -0.035244
v -0.062701 0.014879 -0.035024
v -0.062757 0.014832 -0.036122
v -0.062757 0.014832 -0.035683
v -0.062549 0.015036 -0.034914
v -0.062573 0.015009 -0.035024
v -0.062573 0.015009 -0.034914
v -0.062460 0.015153 -0.035024
v -0.062503 0.015093 -0.035244
v -0.062503 0.015093 -0.035024
v -0.062320 0.015409 -0.034805
v -0.062384 0.015277 -0.035244
v -0.062384 0.015277 -0.034805
v -0.062198 0.016000 -0.034366
v -0.062229 0.015698 -0.035244
v -0.062229 0.015698 -0.034805
v -0.062267 0.015551 -0.035244
v -0.062267 0.015551 -0.034805
v -0.062198 0.016000 -0.036122
v -0.062229 0.015698 -0.036122
v -0.062291 0.015479 -0.034805
v -0.062320 0.015409 -0.034695
v -0.062291 0.015479 -0.034695
v -0.062305 0.015444 -0.034805
v -0.062305 0.015444 -0.034695
v -0.062320 0.015409 -0.035024
v -0.062267 0.015551 -0.035024
v -0.062291 0.015479 -0.035244
v -0.062291 0.015479 -0.035024
v -0.062320 0.015409 -0.035683
v -0.062229 0.015698 -0.035683
v -0.062267 0.015551 -0.036122
v -0.062267 0.015551 -0.035683
v -0.062350 0.015342 -0.034805
v -0.062305 0.015444 -0.034640
v -0.062291 0.015479 -0.034640
v -0.062298 0.015461 -0.034695
v -0.062298 0.015461 -0.034640
v -0.062267 0.015551 -0.034695
v -0.062279 0.015515 -0.034805
v -0.062279 0.015515 -0.034695
v -0.062246 0.015624 -0.034805
v -0.062246 0.015624 -0.034585
v -0.062198 0.016000 -0.034805
v -0.062206 0.015848 -0.035244
v -0.062206 0.015848 -0.034805
v -0.062309 0.016567 -0.034366
v -0.062226 0.016289 -0.035244
v -0.062226 0.016289 -0.034366
v -0.062279 0.015515 -0.034640
v -0.062285 0.015497 -0.034695
v -0.062285 0.015497 -0.034640
v -0.062205 0.016145 -0.034366
v -0.062200 0.016073 -0.034366
v -0.062226 0.016289 -0.034805
v -0.062205 0.016145 -0.035244
v -0.062205 0.016145 -0.034805
v -0.062309 0.016567 -0.036122
v -0.062226 0.016289 -0.036122
v -0.062199 0.016036 -0.034366
v -0.062198 0.016000 -0.034585
v -0.062205 0.016145 -0.034585
v -0.062200 0.016073 -0.034805
v -0.062200 0.016073 -0.034585
v -0.062202 0.016109 -0.034366
v -0.062214 0.016217 -0.034366
v -0.062261 0.016430 -0.034366
v -0.062627 0.017050 -0.034366
v -0.062445 0.016824 -0.035244
v -0.062445 0.016824 -0.034366
v -0.062242 0.016360 -0.034366
v -0.062309 0.016567 -0.034805
v -0.062261 0.016430 -0.035244
v -0.062261 0.016430 -0.034805
v -0.062226 0.016289 -0.034256
v -0.062242 0.016360 -0.034256
v -0.062234 0.016325 -0.034366
v -0.062234 0.016325 -0.034256
v -0.062226 0.016289 -0.034585
v -0.062261 0.016430 -0.034585
v -0.062242 0.016360 -0.034805
v -0.062242 0.016360 -0.034585
v -0.062226 0.016289 -0.034201
v -0.062234 0.016325 -0.034201
v -0.062230 0.016307 -0.034256
v -0.062230 0.016307 -0.034201
v -0.062214 0.016217 -0.034256
v -0.062220 0.016253 -0.034366
v -0.062220 0.016253 -0.034256
v -0.062214 0.016217 -0.034805
v -0.062214 0.016217 -0.034585
v -0.062242 0.016360 -0.034201
v -0.062238 0.016342 -0.034256
v -0.062238 0.016342 -0.034201
v -0.062251 0.016395 -0.034146
v -0.062261 0.016430 -0.034256
v -0.062251 0.016395 -0.034366
v -0.062251 0.016395 -0.034256
v -0.062309 0.016567 -0.034146
v -0.062284 0.016499 -0.034366
v -0.062284 0.016499 -0.034146
v -0.062371 0.016699 -0.034366
v -0.062309 0.016567 -0.034036
v -0.062296 0.016533 -0.034146
v -0.062371 0.016699 -0.034146
v -0.062339 0.016634 -0.034366
v -0.062339 0.016634 -0.034146
v -0.062445 0.016824 -0.034805
v -0.062371 0.016699 -0.035244
v -0.062371 0.016699 -0.034805
v -0.062627 0.017050 -0.036122
v -0.062445 0.016824 -0.036122
v -0.062339 0.016634 -0.034036
v -0.062324 0.016601 -0.034146
v -0.062324 0.016601 -0.034036
v -0.062316 0.016584 -0.034036
v -0.062296 0.016533 -0.034091
v -0.062309 0.016567 -0.034091
v -0.062303 0.016550 -0.034146
v -0.062303 0.016550 -0.034091
v -0.062284 0.016499 -0.034256
v -0.062309 0.016567 -0.034256
v -0.062296 0.016533 -0.034366
v -0.062296 0.016533 -0.034256
v -0.062309 0.016567 -0.034585
v -0.062284 0.016499 -0.034805
v -0.062284 0.016499 -0.034585
v -0.062313 0.016576 -0.034036
v -0.062324 0.016601 -0.034091
v -0.062316 0.016584 -0.034146
v -0.062316 0.016584 -0.034091
v -0.062339 0.016634 -0.034256
v -0.062324 0.016601 -0.034366
v -0.062324 0.016601 -0.034256
v -0.062371 0.016699 -0.034585
v -0.062339 0.016634 -0.034805
v -0.062339 0.016634 -0.034585
v -0.062445 0.016824 -0.034146
v -0.062406 0.016762 -0.034366
v -0.062406 0.016762 -0.034146
v -0.062627 0.017050 -0.033927
v -0.062530 0.016942 -0.034366
v -0.062530 0.016942 -0.033927
v -0.063107 0.017379 -0.034366
v -0.062851 0.017238 -0.035244
v -0.062851 0.017238 -0.034366
v -0.062577 0.016997 -0.033927
v -0.062851 0.017238 -0.033927
v -0.062734 0.017149 -0.034366
v -0.062734 0.017149 -0.033927
v -0.062577 0.016997 -0.033817
v -0.062627 0.017050 -0.033817
v -0.062602 0.017024 -0.033927
v -0.062602 0.017024 -0.033817
v -0.062679 0.017101 -0.033927
v -0.062530 0.016942 -0.034146
v -0.062627 0.017050 -0.034146
v -0.062577 0.016997 -0.034366
v -0.062577 0.016997 -0.034146
v -0.062627 0.017050 -0.034805
v -0.062530 0.016942 -0.035244
v -0.062530 0.016942 -0.034805
v -0.062614 0.017037 -0.033817
v -0.062679 0.017101 -0.033817
v -0.062653 0.017076 -0.033927
v -0.062653 0.017076 -0.033817
v -0.062734 0.017149 -0.034146
v -0.062679 0.017101 -0.034366
v -0.062679 0.017101 -0.034146
v -0.062851 0.017238 -0.034805
v -0.062734 0.017149 -0.035244
v -0.062734 0.017149 -0.034805
v -0.063107 0.017379 -0.036122
v -0.062851 0.017238 -0.036122
v -0.062653 0.017076 -0.033762
v -0.062640 0.017063 -0.033817
v -0.062640 0.017063 -0.033762
v -0.063107 0.017379 -0.033927
v -0.062975 0.017314 -0.034366
v -0.062975 0.017314 -0.033927
v -0.063396 0.017469 -0.035244
v -0.063396 0.017469 -0.034366
v -0.063107 0.017379 -0.033707
v -0.063040 0.017348 -0.033927
v -0.063040 0.017348 -0.033707
v -0.063396 0.017469 -0.033927
v -0.063249 0.017431 -0.034366
v -0.063249 0.017431 -0.033927
v -0.063040 0.017348 -0.033597
v -0.063107 0.017379 -0.033597
v -0.063073 0.017364 -0.033707
v -0.063073 0.017364 -0.033597
v -0.063249 0.017431 -0.033707
v -0.063177 0.017407 -0.033927
v -0.063177 0.017407 -0.033707
v -0.063177 0.017407 -0.033597
v -0.063142 0.017393 -0.033707
v -0.063142 0.017393 -0.033597
v -0.063546 0.017492 -0.034366
v -0.063546 0.017492 -0.033927
v -0.063698 -0.016000 -0.037901
v -0.063402 -0.015311 -0.037451
v -0.063698 -0.016000 -0.037901
v -0.063163 -0.015475 -0.037451
v -0.063698 -0.016000 -0.037901
v -0.063004 -0.015716 -0.037451
v -0.063698 -0.016000 -0.037901
v -0.062948 -0.016000 -0.037451
v -0.063698 -0.016000 -0.037901
v -0.063009 -0.016296 -0.037451
v -0.063698 -0.016000 -0.037901
v -0.063173 -0.016536 -0.037451
v -0.063415 -0.016694 -0.037451
v -0.063698 -0.016000 -0.037901
v -0.063698 -0.017500 -0.037000
v -0.063698 -0.016500 -0.037601
v -0.063698 -0.017000 -0.037300
v -0.063698 -0.014500 -0.037000
v -0.063698 -0.015000 -0.037300
v -0.063698 -0.015500 -0.037601
v -0.063124 -0.017386 -0.037000
v -0.062637 -0.017061 -0.037000
v -0.062312 -0.016574 -0.037000
v -0.062198 -0.016000 -0.037000
v -0.062312 -0.015426 -0.037000
v -0.062637 -0.014939 -0.037000
v -0.063124 -0.014614 -0.037000
v -0.063169 -0.014596 -0.035244
v -0.062722 -0.014861 -0.035244
v -0.062394 -0.015258 -0.035244
v -0.062220 -0.015742 -0.035244
v -0.062223 -0.016274 -0.035244
v -0.062409 -0.016767 -0.035244
v -0.062744 -0.017157 -0.035244
v -0.063191 -0.017412 -0.035244
v -0.063698 -0.017500 -0.033488
v -0.063698 -0.014500 -0.037000
v -0.063124 -0.014614 -0.037000
v -0.062637 -0.014939 -0.037000
v -0.062312 -0.015426 -0.037000
v -0.062198 -0.016000 -0.037000
v -0.062312 -0.016574 -0.037000
v -0.062637 -0.017061 -0.037000
v -0.063124 -0.017386 -0.037000
v -0.063698 -0.017500 -0.037000
v -0.063698 -0.017500 -0.035829
v -0.063698 -0.017500 -0.034658
v -0.063699 -0.014500 -0.035083
v -0.063698 -0.014500 -0.036042
v -0.063395 -0.017469 -0.033506
v -0.063099 -0.017375 -0.033562
v -0.063068 -0.017361 -0.033571
v -0.063036 -0.017346 -0.033580
v -0.062972 -0.017313 -0.033600
v -0.062848 -0.017236 -0.033645
v -0.062614 -0.017037 -0.033761
v -0.062603 -0.017026 -0.033768
v -0.062593 -0.017014 -0.033775
v -0.062572 -0.016991 -0.033788
v -0.062530 -0.016941 -0.033817
v -0.062448 -0.016829 -0.033881
v -0.062306 -0.016559 -0.034033
v -0.062293 -0.016526 -0.034051
v -0.062282 -0.016493 -0.034070
v -0.062260 -0.016427 -0.034106
v -0.062226 -0.016290 -0.034181
v -0.062198 -0.016011 -0.034331
v -0.062198 -0.015990 -0.034342
v -0.062198 -0.015969 -0.034353
v -0.062200 -0.015929 -0.034375
v -0.062206 -0.015850 -0.034416
v -0.062228 -0.015704 -0.034492
v -0.062299 -0.015458 -0.034618
v -0.062306 -0.015440 -0.034627
v -0.062314 -0.015423 -0.034636
v -0.062329 -0.015387 -0.034654
v -0.062362 -0.015319 -0.034688
v -0.062435 -0.015191 -0.034752
v -0.062607 -0.014970 -0.034860
v -0.062634 -0.014943 -0.034874
v -0.062662 -0.014916 -0.034887
v -0.062718 -0.014864 -0.034911
v -0.062838 -0.014771 -0.034956
v -0.063096 -0.014626 -0.035024
v -0.063168 -0.014597 -0.035038
v -0.063242 -0.014571 -0.035050
v -0.063392 -0.014532 -0.035068
v -0.063191 -0.017412 -0.034366
v -0.063441 -0.017478 -0.035244
v -0.063441 -0.017478 -0.034366
v -0.062744 -0.017157 -0.034366
v -0.062957 -0.017304 -0.035244
v -0.062957 -0.017304 -0.034366
v -0.063191 -0.017412 -0.033927
v -0.062957 -0.017304 -0.033927
v -0.063072 -0.017363 -0.034366
v -0.063072 -0.017363 -0.033927
v -0.063191 -0.017412 -0.033707
v -0.063072 -0.017363 -0.033707
v -0.063131 -0.017389 -0.033927
v -0.063131 -0.017389 -0.033707
v -0.063441 -0.017478 -0.033927
v -0.063315 -0.017450 -0.034366
v -0.063315 -0.017450 -0.033927
v -0.063131 -0.017389 -0.033597
v -0.063101 -0.017376 -0.033707
v -0.063101 -0.017376 -0.033597
v -0.062957 -0.017304 -0.033707
v -0.063013 -0.017335 -0.033927
v -0.063013 -0.017335 -0.033707
v -0.062744 -0.017157 -0.033927
v -0.062847 -0.017235 -0.034366
v -0.062847 -0.017235 -0.033927
v -0.062409 -0.016767 -0.034366
v -0.062560 -0.016977 -0.035244
v -0.062560 -0.016977 -0.034366
v -0.063042 -0.017349 -0.033707
v -0.062560 -0.016977 -0.033927
v -0.062648 -0.017071 -0.034366
v -0.062648 -0.017071 -0.033927
v -0.062603 -0.017025 -0.033927
v -0.062480 -0.016875 -0.034366
v -0.062480 -0.016875 -0.033927
v -0.062223 -0.016274 -0.034366
v -0.062294 -0.016529 -0.035244
v -0.062294 -0.016529 -0.034366
v -0.062648 -0.017071 -0.033817
v -0.062603 -0.017025 -0.033817
v -0.062625 -0.017048 -0.033927
v -0.062625 -0.017048 -0.033817
v -0.062648 -0.017071 -0.034146
v -0.062560 -0.016977 -0.034146
v -0.062603 -0.017025 -0.034366
v -0.062603 -0.017025 -0.034146
v -0.062744 -0.017157 -0.034805
v -0.062560 -0.016977 -0.034805
v -0.062648 -0.017071 -0.035244
v -0.062648 -0.017071 -0.034805
v -0.062744 -0.017157 -0.036122
v -0.062409 -0.016767 -0.036122
v -0.062560 -0.016977 -0.036122
v -0.062695 -0.017115 -0.033927
v -0.062614 -0.017036 -0.033817
v -0.062560 -0.016977 -0.033817
v -0.062581 -0.017001 -0.033927
v -0.062581 -0.017001 -0.033817
v -0.062519 -0.016927 -0.033927
v -0.062592 -0.017013 -0.033817
v -0.062346 -0.016650 -0.034366
v -0.062346 -0.016650 -0.034146
v -0.062294 -0.016529 -0.034146
v -0.062319 -0.016590 -0.034366
v -0.062319 -0.016590 -0.034146
v -0.062253 -0.016403 -0.034366
v -0.062198 -0.016008 -0.035244
v -0.062198 -0.016008 -0.034366
v -0.062409 -0.016767 -0.034805
v -0.062294 -0.016529 -0.034805
v -0.062346 -0.016650 -0.035244
v -0.062346 -0.016650 -0.034805
v -0.062223 -0.016274 -0.036122
v -0.062294 -0.016529 -0.036122
v -0.062306 -0.016559 -0.034146
v -0.062272 -0.016466 -0.034366
v -0.062272 -0.016466 -0.034146
v -0.062223 -0.016274 -0.034805
v -0.062253 -0.016403 -0.035244
v -0.062253 -0.016403 -0.034805
v -0.062283 -0.016498 -0.034146
v -0.062205 -0.016142 -0.034366
v -0.062200 -0.016075 -0.034366
v -0.062286 -0.015493 -0.035244
v -0.062198 -0.016008 -0.034805
v -0.062205 -0.016142 -0.035244
v -0.062205 -0.016142 -0.034805
v -0.062220 -0.015742 -0.036122
v -0.062198 -0.016008 -0.036122
v -0.062199 -0.016042 -0.034366
v -0.062220 -0.015742 -0.034805
v -0.062203 -0.015875 -0.035244
v -0.062203 -0.015875 -0.034805
v -0.062205 -0.016142 -0.034585
v -0.062198 -0.016008 -0.034585
v -0.062200 -0.016075 -0.034805
v -0.062200 -0.016075 -0.034585
v -0.062198 -0.016025 -0.034366
v -0.062198 -0.015975 -0.034366
v -0.062203 -0.015875 -0.034585
v -0.062199 -0.015942 -0.034805
v -0.062199 -0.015942 -0.034585
v -0.062200 -0.016075 -0.034475
v -0.062198 -0.016008 -0.034475
v -0.062199 -0.016042 -0.034585
v -0.062199 -0.016042 -0.034475
v -0.062198 -0.015992 -0.034366
v -0.062199 -0.015942 -0.034475
v -0.062198 -0.015975 -0.034585
v -0.062198 -0.015975 -0.034475
v -0.062203 -0.015875 -0.034475
v -0.062201 -0.015908 -0.034585
v -0.062201 -0.015908 -0.034475
v -0.062220 -0.015742 -0.034585
v -0.062210 -0.015808 -0.034805
v -0.062210 -0.015808 -0.034585
v -0.062286 -0.015493 -0.034805
v -0.062248 -0.015616 -0.035244
v -0.062248 -0.015616 -0.034805
v -0.062394 -0.015258 -0.036122
v -0.062286 -0.015493 -0.036122
v -0.062394 -0.015258 -0.034805
v -0.062335 -0.015373 -0.035244
v -0.062335 -0.015373 -0.034805
v -0.062541 -0.015046 -0.035244
v -0.062310 -0.015433 -0.034805
v -0.062286 -0.015493 -0.034695
v -0.062310 -0.015433 -0.034695
v -0.062298 -0.015463 -0.034805
v -0.062298 -0.015463 -0.034695
v -0.062286 -0.015493 -0.035024
v -0.062335 -0.015373 -0.035024
v -0.062310 -0.015433 -0.035244
v -0.062310 -0.015433 -0.035024
v -0.062286 -0.015493 -0.035683
v -0.062394 -0.015258 -0.035683
v -0.062335 -0.015373 -0.036122
v -0.062335 -0.015373 -0.035683
v -0.062722 -0.014861 -0.036122
v -0.062541 -0.015046 -0.036122
v -0.062266 -0.015554 -0.034805
v -0.062298 -0.015463 -0.034640
v -0.062304 -0.015447 -0.034695
v -0.062304 -0.015447 -0.034640
v -0.062335 -0.015373 -0.034695
v -0.062322 -0.015403 -0.034805
v -0.062322 -0.015403 -0.034695
v -0.062364 -0.015315 -0.034805
v -0.062463 -0.015149 -0.035244
v -0.062316 -0.015418 -0.034695
v -0.062627 -0.014950 -0.035244
v -0.062934 -0.014709 -0.035244
v -0.062541 -0.015046 -0.035024
v -0.062627 -0.014950 -0.035024
v -0.062583 -0.014997 -0.035244
v -0.062583 -0.014997 -0.035024
v -0.062541 -0.015046 -0.035683
v -0.062722 -0.014861 -0.035683
v -0.062627 -0.014950 -0.036122
v -0.062627 -0.014950 -0.035683
v -0.063169 -0.014596 -0.036122
v -0.062934 -0.014709 -0.036122
v -0.062583 -0.014997 -0.034914
v -0.062627 -0.014950 -0.034914
v -0.062605 -0.014973 -0.035024
v -0.062605 -0.014973 -0.034914
v -0.062722 -0.014861 -0.035024
v -0.062674 -0.014904 -0.035244
v -0.062674 -0.014904 -0.035024
v -0.062824 -0.014781 -0.035244
v -0.062674 -0.014904 -0.034914
v -0.062650 -0.014927 -0.035024
v -0.062650 -0.014927 -0.034914
v -0.063049 -0.014648 -0.035244
v -0.063429 -0.014524 -0.035244
v -0.063108 -0.014621 -0.035244
v -0.063297 -0.014554 -0.035244
v -0.063429 -0.014524 -0.036122
v -0.062934 -0.014709 -0.035683
v -0.063169 -0.014596 -0.035683
v -0.063049 -0.014648 -0.036122
v -0.063049 -0.014648 -0.035683
v -0.063233 -0.014574 -0.035244
v -0.063429 -0.014524 -0.035683
v -0.063297 -0.014554 -0.036122
v -0.063297 -0.014554 -0.035683
v -0.059426 -0.021000 -0.070356
v -0.058859 -0.021000 -0.063880
v -0.061256 0.013000 -0.091276
v -0.060536 0.012500 -0.035355
v -0.066559 0.012500 -0.035355
v -0.066843 0.012500 -0.038605
v -0.067127 0.012500 -0.041855
v -0.067412 0.012500 -0.045105
v -0.067696 0.012500 -0.048355
v -0.061719 0.012500 -0.048878
v -0.061423 0.012500 -0.045497
v -0.061127 0.012500 -0.042117
v -0.060831 0.012500 -0.038736
v -0.065704 0.012500 -0.048529
v -0.063711 0.012500 -0.048704
v -0.058584 0.010500 -0.036000
v -0.058584 -0.010500 -0.036000
v -0.059726 0.010500 -0.049052
v -0.059726 -0.010500 -0.049052
v -0.059726 0.007875 -0.049052
v -0.059726 0.005250 -0.049052
v -0.059726 0.002625 -0.049052
v -0.059726 -0.000000 -0.049052
v -0.059726 -0.002625 -0.049052
v -0.059726 -0.005250 -0.049052
v -0.059726 -0.007875 -0.049052
v -0.059155 -0.010500 -0.042526
v -0.059155 0.010500 -0.042526
v -0.059155 -0.000000 -0.042526
v -0.059441 -0.000000 -0.045789
v -0.059155 0.005250 -0.042526
v -0.059441 0.005250 -0.045789
v -0.059155 -0.005250 -0.042526
v -0.059441 -0.005250 -0.045789
v -0.058870 0.010500 -0.039263
v -0.059441 0.010500 -0.045789
v -0.058641 -0.007944 -0.036649
v -0.058682 -0.005330 -0.037119
v -0.058707 -0.002675 -0.037404
v -0.058716 -0.000000 -0.037500
v -0.058707 0.002675 -0.037404
v -0.058682 0.005330 -0.037119
v -0.058641 0.007945 -0.036649
v -0.058870 -0.010500 -0.039263
v -0.058870 -0.000000 -0.039263
v -0.058870 -0.005250 -0.039263
v -0.058870 0.005250 -0.039263
v -0.059441 -0.010500 -0.045789
v -0.060536 -0.012500 -0.035355
v -0.066559 -0.012500 -0.035355
v -0.067696 -0.012500 -0.048355
v -0.067412 -0.012500 -0.045105
v -0.067127 -0.012500 -0.041855
v -0.066843 -0.012500 -0.038605
v -0.060831 -0.012500 -0.038736
v -0.061127 -0.012500 -0.042117
v -0.061423 -0.012500 -0.045497
v -0.061719 -0.012500 -0.048878
v -0.063711 -0.012500 -0.048704
v -0.065704 -0.012500 -0.048529
v -0.068623 -0.010500 -0.036000
v -0.069688 0.010500 -0.048181
v -0.068623 0.010500 -0.036000
v -0.069688 -0.010500 -0.048181
v -0.069688 -0.007875 -0.048181
v -0.069688 -0.005250 -0.048181
v -0.069688 -0.002625 -0.048181
v -0.069688 -0.000000 -0.048181
v -0.069688 0.002625 -0.048181
v -0.069688 0.005250 -0.048181
v -0.069688 0.007875 -0.048181
v -0.069155 0.010500 -0.042090
v -0.069155 -0.000000 -0.042090
v -0.069422 -0.000000 -0.045136
v -0.069155 -0.005250 -0.042090
v -0.069422 -0.005250 -0.045136
v -0.069422 0.010500 -0.045136
v -0.069155 0.005250 -0.042090
v -0.069422 0.005250 -0.045136
v -0.068889 -0.010500 -0.039045
v -0.069155 -0.010500 -0.042090
v -0.069422 -0.010500 -0.045136
v -0.068679 0.007945 -0.036649
v -0.068721 0.005330 -0.037119
v -0.068746 0.002675 -0.037404
v -0.068754 -0.000000 -0.037500
v -0.068746 -0.002675 -0.037404
v -0.068721 -0.005330 -0.037119
v -0.068679 -0.007944 -0.036649
v -0.068889 -0.000000 -0.039045
v -0.068889 0.005250 -0.039045
v -0.068889 -0.005250 -0.039045
v -0.068889 0.010500 -0.039045
v -0.066559 -0.012500 -0.035355
v -0.068102 -0.012338 -0.043953
v -0.067723 -0.012338 -0.039620
v -0.068739 -0.011900 -0.043897
v -0.068360 -0.011900 -0.039564
v -0.069161 -0.011256 -0.043860
v -0.068782 -0.011256 -0.039527
v -0.069688 -0.010500 -0.048181
v -0.069422 -0.010500 -0.045136
v -0.069155 -0.010500 -0.042090
v -0.068889 -0.010500 -0.039045
v -0.068623 -0.010500 -0.036000
v -0.067696 -0.012500 -0.048355
v -0.068458 -0.012348 -0.048288
v -0.069105 -0.011914 -0.048232
v -0.069537 -0.011265 -0.048194
v -0.068292 -0.012338 -0.046120
v -0.067718 -0.012459 -0.043987
v -0.067907 -0.012459 -0.046153
v -0.068929 -0.011900 -0.046064
v -0.068442 -0.012150 -0.043923
v -0.068632 -0.012150 -0.046090
v -0.069351 -0.011256 -0.046027
v -0.068982 -0.011599 -0.043876
v -0.069171 -0.011599 -0.046043
v -0.069272 -0.010885 -0.043851
v -0.069461 -0.010885 -0.046017
v -0.066843 -0.012500 -0.038605
v -0.067127 -0.012500 -0.041855
v -0.067412 -0.012500 -0.045105
v -0.068453 -0.011257 -0.035771
v -0.068263 -0.011599 -0.035661
v -0.068010 -0.011900 -0.035562
v -0.067350 -0.012340 -0.035411
v -0.067160 -0.012409 -0.035387
v -0.066965 -0.012459 -0.035370
v -0.068593 -0.011256 -0.037361
v -0.068893 -0.010885 -0.039518
v -0.068703 -0.010885 -0.037351
v -0.068171 -0.011900 -0.037397
v -0.068602 -0.011599 -0.039543
v -0.068413 -0.011599 -0.037376
v -0.068498 -0.011256 -0.036277
v -0.068318 -0.011599 -0.036293
v -0.068511 -0.011432 -0.037368
v -0.068416 -0.011432 -0.036284
v -0.068076 -0.011900 -0.036314
v -0.068299 -0.011755 -0.037386
v -0.068204 -0.011755 -0.036303
v -0.067534 -0.012338 -0.037453
v -0.068063 -0.012150 -0.039590
v -0.067874 -0.012150 -0.037423
v -0.067779 -0.012150 -0.036340
v -0.068028 -0.012033 -0.037410
v -0.067934 -0.012033 -0.036327
v -0.067339 -0.012459 -0.039653
v -0.067149 -0.012459 -0.037487
v -0.067439 -0.012338 -0.036370
v -0.067054 -0.012459 -0.036404
v -0.067344 -0.012408 -0.037470
v -0.067250 -0.012408 -0.036386
v -0.067392 -0.012338 -0.035828
v -0.067202 -0.012408 -0.035845
v -0.067345 -0.012376 -0.036378
v -0.067298 -0.012376 -0.035836
v -0.067708 -0.012252 -0.037438
v -0.067613 -0.012252 -0.036355
v -0.067007 -0.012459 -0.035862
v -0.067153 -0.012436 -0.036395
v -0.067105 -0.012436 -0.035853
v -0.066950 -0.012490 -0.037504
v -0.066855 -0.012490 -0.036421
v -0.069688 0.010500 -0.048181
v -0.069148 0.011289 -0.043862
v -0.068769 0.011289 -0.039528
v -0.068712 0.011928 -0.043900
v -0.068333 0.011928 -0.039567
v -0.068070 0.012352 -0.043956
v -0.067691 0.012352 -0.039623
v -0.066559 0.012500 -0.035355
v -0.068623 0.010500 -0.036000
v -0.068889 0.010500 -0.039045
v -0.069155 0.010500 -0.042090
v -0.069422 0.010500 -0.045136
v -0.069537 0.011265 -0.048194
v -0.069105 0.011914 -0.048232
v -0.068458 0.012348 -0.048288
v -0.069337 0.011289 -0.046028
v -0.069268 0.010903 -0.043851
v -0.069458 0.010903 -0.046018
v -0.068901 0.011928 -0.046066
v -0.068961 0.011630 -0.043878
v -0.069150 0.011630 -0.046045
v -0.068260 0.012352 -0.046122
v -0.068411 0.012171 -0.043926
v -0.068601 0.012171 -0.046093
v -0.067701 0.012463 -0.043988
v -0.067890 0.012463 -0.046155
v -0.067696 0.012500 -0.048355
v -0.067412 0.012500 -0.045105
v -0.067127 0.012500 -0.041855
v -0.066843 0.012500 -0.038605
v -0.066960 0.012460 -0.035369
v -0.067156 0.012410 -0.035387
v -0.067349 0.012341 -0.035411
v -0.067700 0.012153 -0.035476
v -0.067860 0.012035 -0.035516
v -0.068009 0.011901 -0.035561
v -0.068262 0.011600 -0.035661
v -0.068366 0.011433 -0.035715
v -0.068453 0.011258 -0.035770
v -0.067502 0.012352 -0.037456
v -0.067322 0.012463 -0.039655
v -0.067132 0.012463 -0.037488
v -0.067037 0.012463 -0.036405
v -0.066941 0.012491 -0.037505
v -0.066846 0.012491 -0.036422
v -0.067407 0.012352 -0.036373
v -0.067319 0.012416 -0.037472
v -0.067225 0.012416 -0.036389
v -0.068143 0.011928 -0.037400
v -0.068032 0.012171 -0.039593
v -0.067843 0.012171 -0.037426
v -0.066990 0.012463 -0.035863
v -0.067177 0.012416 -0.035847
v -0.067132 0.012442 -0.036397
v -0.067084 0.012442 -0.035855
v -0.067359 0.012352 -0.035831
v -0.067316 0.012386 -0.036381
v -0.067269 0.012386 -0.035839
v -0.067748 0.012171 -0.036343
v -0.067676 0.012270 -0.037441
v -0.067582 0.012270 -0.036357
v -0.067534 0.012270 -0.035816
v -0.067495 0.012313 -0.036365
v -0.067448 0.012313 -0.035823
v -0.068048 0.011928 -0.036317
v -0.067999 0.012057 -0.037413
v -0.067904 0.012057 -0.036329
v -0.068579 0.011289 -0.037362
v -0.068582 0.011630 -0.039545
v -0.068392 0.011630 -0.037378
v -0.067701 0.012171 -0.035801
v -0.067857 0.012057 -0.035788
v -0.067827 0.012116 -0.036336
v -0.067780 0.012116 -0.035794
v -0.068001 0.011928 -0.035775
v -0.067978 0.011994 -0.036323
v -0.067930 0.011994 -0.035781
v -0.068297 0.011630 -0.036295
v -0.068275 0.011785 -0.037388
v -0.068180 0.011785 -0.036305
v -0.068133 0.011785 -0.035763
v -0.068116 0.011858 -0.036311
v -0.068069 0.011858 -0.035769
v -0.068484 0.011289 -0.036278
v -0.068494 0.011464 -0.037369
v -0.068399 0.011464 -0.036286
v -0.068889 0.010903 -0.039518
v -0.068700 0.010903 -0.037351
v -0.068350 0.011548 -0.036290
v -0.068444 0.011377 -0.036282
v -0.068605 0.010903 -0.036268
v -0.068649 0.011099 -0.037356
v -0.068554 0.011099 -0.036272
v -0.068522 0.011194 -0.036275
v -0.060538 0.012338 -0.044432
v -0.060143 0.012338 -0.039918
v -0.059901 0.011900 -0.044488
v -0.059506 0.011900 -0.039973
v -0.059479 0.011256 -0.044525
v -0.059084 0.011256 -0.040010
v -0.059726 0.010500 -0.049052
v -0.059441 0.010500 -0.045789
v -0.059155 0.010500 -0.042526
v -0.058870 0.010500 -0.039263
v -0.058584 0.010500 -0.036000
v -0.061719 0.012500 -0.048878
v -0.060956 0.012348 -0.048945
v -0.060310 0.011914 -0.049001
v -0.059878 0.011265 -0.049039
v -0.060736 0.012338 -0.046689
v -0.060923 0.012459 -0.044398
v -0.061120 0.012459 -0.046656
v -0.060099 0.011900 -0.046745
v -0.060198 0.012150 -0.044462
v -0.060396 0.012150 -0.046719
v -0.059677 0.011256 -0.046782
v -0.059659 0.011599 -0.044509
v -0.059856 0.011599 -0.046766
v -0.059369 0.010885 -0.044534
v -0.059566 0.010885 -0.046792
v -0.060536 0.012500 -0.035355
v -0.060831 0.012500 -0.038736
v -0.061127 0.012500 -0.042117
v -0.061423 0.012500 -0.045497
v -0.058611 0.010883 -0.035886
v -0.058711 0.011251 -0.035772
v -0.058883 0.011596 -0.035662
v -0.058993 0.011752 -0.035611
v -0.059119 0.011899 -0.035562
v -0.059758 0.012342 -0.035411
v -0.058887 0.011256 -0.037753
v -0.058974 0.010885 -0.040020
v -0.058776 0.010885 -0.037763
v -0.058678 0.010885 -0.036634
v -0.058748 0.010694 -0.037765
v -0.058650 0.010694 -0.036636
v -0.058788 0.011256 -0.036624
v -0.058823 0.011073 -0.037758
v -0.058724 0.011073 -0.036630
v -0.059309 0.011900 -0.037716
v -0.059264 0.011599 -0.039994
v -0.059067 0.011599 -0.037737
v -0.058968 0.011599 -0.036608
v -0.058968 0.011432 -0.037746
v -0.058870 0.011432 -0.036617
v -0.058820 0.011432 -0.036053
v -0.058918 0.011599 -0.036044
v -0.058917 0.011517 -0.036613
v -0.058867 0.011517 -0.036049
v -0.059210 0.011900 -0.036587
v -0.059180 0.011755 -0.037727
v -0.059082 0.011755 -0.036599
v -0.059946 0.012338 -0.037660
v -0.059803 0.012150 -0.039947
v -0.059606 0.012150 -0.037690
v -0.059032 0.011755 -0.036034
v -0.059023 0.011678 -0.036604
v -0.058973 0.011678 -0.036039
v -0.059161 0.011900 -0.036023
v -0.059144 0.011829 -0.036593
v -0.059095 0.011829 -0.036029
v -0.059507 0.012150 -0.036561
v -0.059451 0.012033 -0.037703
v -0.059352 0.012033 -0.036575
v -0.060528 0.012459 -0.039884
v -0.060330 0.012459 -0.037627
v -0.059493 -0.011289 -0.044524
v -0.059098 -0.011289 -0.040009
v -0.059929 -0.011928 -0.044485
v -0.059534 -0.011928 -0.039971
v -0.060570 -0.012351 -0.044429
v -0.060175 -0.012351 -0.039915
v -0.061719 -0.012500 -0.048878
v -0.058584 -0.010500 -0.036000
v -0.058870 -0.010500 -0.039263
v -0.059155 -0.010500 -0.042526
v -0.059441 -0.010500 -0.045789
v -0.059726 -0.010500 -0.049052
v -0.059878 -0.011265 -0.049039
v -0.060310 -0.011914 -0.049001
v -0.060956 -0.012348 -0.048945
v -0.059690 -0.011289 -0.046781
v -0.059372 -0.010902 -0.044534
v -0.059570 -0.010902 -0.046791
v -0.060126 -0.011928 -0.046743
v -0.059680 -0.011630 -0.044507
v -0.059877 -0.011630 -0.046764
v -0.060768 -0.012351 -0.046687
v -0.060229 -0.012171 -0.044459
v -0.060427 -0.012171 -0.046716
v -0.060940 -0.012463 -0.044397
v -0.061137 -0.012463 -0.046654
v -0.061423 -0.012500 -0.045497
v -0.061127 -0.012500 -0.042117
v -0.060831 -0.012500 -0.038736
v -0.060536 -0.012500 -0.035355
v -0.060139 -0.012460 -0.035369
v -0.059760 -0.012343 -0.035411
v -0.059120 -0.011900 -0.035562
v -0.058883 -0.011597 -0.035662
v -0.058712 -0.011252 -0.035772
v -0.059978 -0.012351 -0.037657
v -0.060545 -0.012463 -0.039882
v -0.060347 -0.012463 -0.037625
v -0.060249 -0.012463 -0.036496
v -0.060538 -0.012491 -0.037608
v -0.060440 -0.012491 -0.036480
v -0.059879 -0.012351 -0.036529
v -0.060160 -0.012416 -0.037641
v -0.060061 -0.012416 -0.036513
v -0.059336 -0.011928 -0.037713
v -0.059834 -0.012171 -0.039944
v -0.059637 -0.012171 -0.037687
v -0.059538 -0.012171 -0.036559
v -0.059803 -0.012270 -0.037673
v -0.059704 -0.012270 -0.036544
v -0.058900 -0.011289 -0.037752
v -0.059285 -0.011630 -0.039993
v -0.059087 -0.011630 -0.037735
v -0.059238 -0.011928 -0.036585
v -0.058988 -0.011630 -0.036607
v -0.059205 -0.011785 -0.037725
v -0.059106 -0.011785 -0.036596
v -0.058802 -0.011289 -0.036623
v -0.058985 -0.011464 -0.037744
v -0.058887 -0.011464 -0.036616
v -0.058977 -0.010902 -0.040019
v -0.058780 -0.010902 -0.037762
v -0.058681 -0.010902 -0.036634
v -0.058830 -0.011099 -0.037758
v -0.058732 -0.011099 -0.036629
v -0.058177 -0.015000 -0.056079
v -0.058736 -0.015000 -0.062470
v -0.059295 -0.015000 -0.068860
v -0.059854 -0.015000 -0.075251
v -0.060413 -0.015000 -0.081641
v -0.059698 -0.015000 -0.048053
v -0.057698 -0.015000 -0.052882
v -0.057698 -0.015000 -0.048053
v -0.056698 -0.015000 -0.048053
v -0.056698 -0.015000 -0.052882
v -0.056698 -0.015000 -0.050468
v -0.057698 -0.015000 -0.057712
v -0.057198 -0.015000 -0.048053
v -0.057698 -0.015000 -0.049260
v -0.057198 -0.015000 -0.050468
v -0.056698 -0.015000 -0.049260
v -0.057198 -0.015000 -0.049260
v -0.057698 -0.015000 -0.045638
v -0.056698 -0.015000 -0.045638
v -0.058698 -0.015000 -0.048053
v -0.057448 -0.015000 -0.049260
v -0.057448 -0.015000 -0.050468
v -0.057198 -0.015000 -0.049864
v -0.057448 -0.015000 -0.049864
v -0.058198 -0.015000 -0.048053
v -0.059698 -0.015000 -0.045638
v -0.058698 -0.015000 -0.045638
v -0.057698 -0.015000 -0.051675
v -0.057198 -0.015000 -0.052882
v -0.056698 -0.015000 -0.051675
v -0.057198 -0.015000 -0.051675
v -0.056698 -0.015000 -0.057712
v -0.056698 -0.015000 -0.055297
v -0.055698 -0.015000 -0.055993
v -0.055698 -0.015000 -0.049608
v -0.071698 -0.015000 -0.043223
v -0.055698 -0.015000 -0.043223
v -0.061031 -0.015000 -0.043223
v -0.066365 -0.015000 -0.043223
v -0.057923 -0.015000 -0.081859
v -0.057741 -0.015000 -0.079776
v -0.057558 -0.015000 -0.077694
v -0.057376 -0.015000 -0.075611
v -0.057194 -0.015000 -0.073528
v -0.057012 -0.015000 -0.071445
v -0.056830 -0.015000 -0.069362
v -0.056647 -0.015000 -0.067279
v -0.056465 -0.015000 -0.065196
v -0.056283 -0.015000 -0.063114
v -0.056101 -0.015000 -0.061031
v -0.055918 -0.015000 -0.058948
v -0.055736 -0.015000 -0.056865
v -0.059168 -0.015000 -0.081750
v -0.058177 0.015000 -0.056079
v -0.058736 0.015000 -0.062470
v -0.059295 0.015000 -0.068860
v -0.059854 0.015000 -0.075251
v -0.060413 0.015000 -0.081641
v -0.059698 0.015000 -0.048053
v -0.057698 0.015000 -0.052882
v -0.057698 0.015000 -0.048053
v -0.056698 0.015000 -0.048053
v -0.056698 0.015000 -0.052882
v -0.056698 0.015000 -0.050468
v -0.057698 0.015000 -0.057712
v -0.057198 0.015000 -0.048053
v -0.057698 0.015000 -0.049260
v -0.057198 0.015000 -0.050468
v -0.056698 0.015000 -0.049260
v -0.057198 0.015000 -0.049260
v -0.057698 0.015000 -0.045638
v -0.056698 0.015000 -0.045638
v -0.058698 0.015000 -0.048053
v -0.057448 0.015000 -0.049260
v -0.057448 0.015000 -0.050468
v -0.057198 0.015000 -0.049864
v -0.057448 0.015000 -0.049864
v -0.058198 0.015000 -0.048053
v -0.059698 0.015000 -0.045638
v -0.058698 0.015000 -0.045638
v -0.057698 0.015000 -0.051675
v -0.057198 0.015000 -0.052882
v -0.056698 0.015000 -0.051675
v -0.057198 0.015000 -0.051675
v -0.056698 0.015000 -0.057712
v -0.056698 0.015000 -0.055297
v -0.055698 0.015000 -0.055993
v -0.055698 0.015000 -0.049608
v -0.055698 0.015000 -0.043223
v -0.061031 0.015000 -0.043223
v -0.066365 0.015000 -0.043223
v -0.071698 0.015000 -0.043223
v -0.057923 0.015000 -0.081859
v -0.057741 0.015000 -0.079776
v -0.057558 0.015000 -0.077694
v -0.057376 0.015000 -0.075611
v -0.057194 0.015000 -0.073528
v -0.057012 0.015000 -0.071445
v -0.056830 0.015000 -0.069362
v -0.056647 0.015000 -0.067279
v -0.056465 0.015000 -0.065196
v -0.056283 0.015000 -0.063114
v -0.056101 0.015000 -0.061031
v -0.055918 0.015000 -0.058948
v -0.055736 0.015000 -0.056865
v -0.059168 0.015000 -0.081750
v -0.055698 -0.000000 -0.037500
v -0.066559 0.012500 -0.035355
v -0.060536 0.012500 -0.035355
v -0.058584 0.010500 -0.036000
v -0.058641 0.007945 -0.036649
v -0.058682 0.005330 -0.037119
v -0.058707 0.002675 -0.037404
v -0.058716 -0.000000 -0.037500
v -0.058707 -0.002675 -0.037404
v -0.058682 -0.005330 -0.037119
v -0.058641 -0.007944 -0.036649
v -0.058584 -0.010500 -0.036000
v -0.063698 0.013141 -0.035122
v -0.063698 -0.013106 -0.035135
v -0.060536 -0.012500 -0.035355
v -0.066559 -0.012500 -0.035355
v -0.068623 -0.010500 -0.036000
v -0.068679 -0.007944 -0.036649
v -0.068721 -0.005330 -0.037119
v -0.068746 -0.002675 -0.037404
v -0.068754 -0.000000 -0.037500
v -0.068746 0.002675 -0.037404
v -0.068721 0.005330 -0.037119
v -0.068679 0.007945 -0.036649
v -0.068623 0.010500 -0.036000
v -0.055698 -0.022538 -0.029971
v -0.055698 -0.018497 -0.032621
v -0.055698 -0.014148 -0.034729
v -0.055698 -0.009565 -0.036260
v -0.055698 -0.004822 -0.037189
v -0.055698 0.004822 -0.037189
v -0.055698 0.009565 -0.036260
v -0.055698 0.014148 -0.034729
v -0.055698 0.018497 -0.032621
v -0.055698 0.022538 -0.029971
v -0.057698 -0.024105 -0.028727
v -0.056931 -0.023987 -0.028825
v -0.056754 -0.023923 -0.028878
v -0.056586 -0.023845 -0.028943
v -0.056283 -0.023652 -0.029100
v -0.056034 -0.023416 -0.029290
v -0.055850 -0.023145 -0.029505
v -0.063698 -0.022894 -0.029700
v -0.059698 -0.022894 -0.029700
v -0.063698 -0.023504 -0.029220
v -0.059698 -0.023504 -0.029220
v -0.057698 -0.023504 -0.029220
v -0.059698 -0.023806 -0.028975
v -0.057698 -0.023806 -0.028975
v -0.056698 -0.023806 -0.028975
v -0.057698 -0.023955 -0.028851
v -0.057198 -0.023955 -0.028851
v -0.058698 -0.023806 -0.028975
v -0.059698 -0.023955 -0.028851
v -0.058698 -0.023955 -0.028851
v -0.061698 -0.023504 -0.029220
v -0.063698 -0.023806 -0.028975
v -0.061698 -0.023806 -0.028975
v -0.067698 -0.022894 -0.029700
v -0.067698 -0.023504 -0.029220
v -0.057198 -0.023806 -0.028975
v -0.057698 -0.023881 -0.028913
v -0.057198 -0.023881 -0.028913
v -0.056698 -0.023504 -0.029220
v -0.057698 -0.023655 -0.029098
v -0.056698 -0.023655 -0.029098
v -0.057698 -0.022894 -0.029700
v -0.059698 -0.023200 -0.029462
v -0.057698 -0.023200 -0.029462
v -0.059698 -0.021644 -0.030623
v -0.059698 -0.022274 -0.030168
v -0.063698 -0.019021 -0.032318
v -0.056698 -0.023200 -0.029462
v -0.057698 -0.023353 -0.029341
v -0.056698 -0.023353 -0.029341
v -0.056698 -0.022894 -0.029700
v -0.057698 -0.023047 -0.029581
v -0.056698 -0.023047 -0.029581
v -0.057698 -0.022274 -0.030168
v -0.059698 -0.022585 -0.029936
v -0.057698 -0.022585 -0.029936
v -0.069698 -0.024105 -0.028727
v -0.063698 -0.024105 -0.028727
v -0.071698 -0.022538 -0.029971
v -0.071545 -0.023147 -0.029504
v -0.071462 -0.023285 -0.029395
v -0.071361 -0.023417 -0.029290
v -0.071112 -0.023653 -0.029100
v -0.070809 -0.023846 -0.028942
v -0.070464 -0.023988 -0.028824
v -0.067698 -0.021644 -0.030623
v -0.067698 -0.022274 -0.030168
v -0.069698 -0.022274 -0.030168
v -0.069698 -0.022894 -0.029700
v -0.067698 -0.022585 -0.029936
v -0.069698 -0.022585 -0.029936
v -0.069698 -0.023504 -0.029220
v -0.067698 -0.023200 -0.029462
v -0.069698 -0.023200 -0.029462
v -0.070698 -0.022894 -0.029700
v -0.070698 -0.023200 -0.029462
v -0.069698 -0.023047 -0.029581
v -0.070698 -0.023047 -0.029581
v -0.071198 -0.023047 -0.029581
v -0.071198 -0.023200 -0.029462
v -0.070698 -0.023124 -0.029522
v -0.071198 -0.023124 -0.029522
v -0.070698 -0.023504 -0.029220
v -0.069698 -0.023353 -0.029341
v -0.070698 -0.023353 -0.029341
v -0.067698 -0.023806 -0.028975
v -0.069698 -0.023806 -0.028975
v -0.071198 -0.023353 -0.029341
v -0.070698 -0.023277 -0.029402
v -0.071198 -0.023277 -0.029402
v -0.071198 -0.023504 -0.029220
v -0.070698 -0.023429 -0.029281
v -0.071198 -0.023429 -0.029281
v -0.070698 -0.023806 -0.028975
v -0.069698 -0.023655 -0.029098
v -0.070698 -0.023655 -0.029098
v -0.071698 0.022538 -0.029971
v -0.071698 0.018497 -0.032621
v -0.071698 0.014148 -0.034729
v -0.071698 0.009565 -0.036260
v -0.071698 0.004822 -0.037189
v -0.071698 -0.000000 -0.037500
v -0.071698 -0.004822 -0.037189
v -0.071698 -0.009565 -0.036260
v -0.071698 -0.014148 -0.034729
v -0.071698 -0.018497 -0.032621
v -0.069698 0.024105 -0.028727
v -0.070465 0.023987 -0.028825
v -0.070642 0.023923 -0.028878
v -0.070810 0.023845 -0.028943
v -0.071113 0.023652 -0.029100
v -0.071362 0.023416 -0.029290
v -0.071546 0.023145 -0.029505
v -0.063698 0.022862 -0.029725
v -0.067698 0.022862 -0.029725
v -0.063698 0.023489 -0.029233
v -0.067698 0.023489 -0.029233
v -0.069698 0.023489 -0.029233
v -0.067698 0.023798 -0.028981
v -0.069698 0.023798 -0.028981
v -0.070698 0.023798 -0.028981
v -0.069698 0.023952 -0.028854
v -0.070198 0.023952 -0.028854
v -0.068698 0.023798 -0.028981
v -0.067698 0.023952 -0.028854
v -0.068698 0.023952 -0.028854
v -0.065698 0.023489 -0.029233
v -0.063698 0.023798 -0.028981
v -0.065698 0.023798 -0.028981
v -0.059698 0.022862 -0.029725
v -0.059698 0.023489 -0.029233
v -0.070198 0.023798 -0.028981
v -0.069698 0.023875 -0.028918
v -0.070198 0.023875 -0.028918
v -0.070698 0.023489 -0.029233
v -0.069698 0.023644 -0.029107
v -0.070698 0.023644 -0.029107
v -0.069698 0.022862 -0.029725
v -0.067698 0.023177 -0.029480
v -0.069698 0.023177 -0.029480
v -0.067698 0.021578 -0.030670
v -0.067698 0.022225 -0.030204
v -0.063698 0.018895 -0.032392
v -0.070698 0.023177 -0.029480
v -0.069698 0.023333 -0.029357
v -0.070698 0.023333 -0.029357
v -0.070698 0.022862 -0.029725
v -0.069698 0.023020 -0.029603
v -0.070698 0.023020 -0.029603
v -0.069698 0.022225 -0.030204
v -0.067698 0.022545 -0.029966
v -0.069698 0.022545 -0.029966
v -0.057698 0.024105 -0.028727
v -0.063698 0.024105 -0.028727
v -0.055851 0.023147 -0.029504
v -0.055935 0.023285 -0.029395
v -0.056036 0.023417 -0.029290
v -0.056284 0.023653 -0.029100
v -0.056587 0.023846 -0.028942
v -0.056933 0.023988 -0.028824
v -0.059698 0.021578 -0.030670
v -0.059698 0.022225 -0.030204
v -0.057698 0.022862 -0.029725
v -0.059698 0.022545 -0.029966
v -0.057698 0.022225 -0.030204
v -0.057698 0.022545 -0.029966
v -0.057698 0.023489 -0.029233
v -0.059698 0.023177 -0.029480
v -0.057698 0.023177 -0.029480
v -0.056698 0.023177 -0.029480
v -0.057698 0.023020 -0.029603
v -0.056698 0.022862 -0.029725
v -0.056698 0.023020 -0.029603
v -0.056198 0.023177 -0.029480
v -0.056698 0.023098 -0.029542
v -0.056198 0.023020 -0.029603
v -0.056198 0.023098 -0.029542
v -0.056698 0.023489 -0.029233
v -0.057698 0.023333 -0.029357
v -0.056698 0.023333 -0.029357
v -0.059698 0.023798 -0.028981
v -0.057698 0.023798 -0.028981
v -0.056198 0.023333 -0.029357
v -0.056698 0.023255 -0.029419
v -0.056198 0.023255 -0.029419
v -0.056198 0.023489 -0.029233
v -0.056698 0.023411 -0.029295
v -0.056198 0.023411 -0.029295
v -0.056698 0.023798 -0.028981
v -0.057698 0.023644 -0.029107
v -0.056698 0.023644 -0.029107
v -0.058712 -0.011252 -0.035772
v -0.058883 -0.011597 -0.035662
v -0.059120 -0.011900 -0.035562
v -0.059760 -0.012343 -0.035411
v -0.060139 -0.012460 -0.035369
v -0.059698 -0.013106 -0.035135
v -0.057698 -0.011923 -0.035554
v -0.058698 -0.011923 -0.035554
v -0.057698 -0.011725 -0.035620
v -0.058698 -0.011725 -0.035620
v -0.067698 -0.013106 -0.035135
v -0.067698 -0.012319 -0.035419
v -0.063698 -0.012714 -0.035279
v -0.061698 -0.013106 -0.035135
v -0.059698 -0.012714 -0.035279
v -0.061698 -0.012714 -0.035279
v -0.063698 -0.013887 -0.034834
v -0.059698 -0.014661 -0.034515
v -0.059698 -0.013887 -0.034834
v -0.060698 -0.012714 -0.035279
v -0.057698 -0.013106 -0.035135
v -0.057698 -0.012714 -0.035279
v -0.059758 0.012342 -0.035411
v -0.059119 0.011899 -0.035562
v -0.058993 0.011752 -0.035611
v -0.058883 0.011596 -0.035662
v -0.058711 0.011251 -0.035772
v -0.058611 0.010883 -0.035886
v -0.059698 0.013141 -0.035122
v -0.061698 0.013141 -0.035122
v -0.063698 0.012767 -0.035260
v -0.059698 0.012767 -0.035260
v -0.061698 0.012767 -0.035260
v -0.059698 0.014622 -0.034532
v -0.063698 0.013885 -0.034835
v -0.059698 0.013885 -0.034835
v -0.067698 0.013141 -0.035122
v -0.067698 0.012392 -0.035393
v -0.057698 0.012392 -0.035393
v -0.057698 0.011637 -0.035649
v -0.057698 0.012015 -0.035523
v -0.058698 0.012015 -0.035523
v -0.058698 0.011637 -0.035649
v -0.057698 0.011826 -0.035587
v -0.058698 0.011826 -0.035587
v -0.058698 0.011920 -0.035555
v -0.058698 0.012392 -0.035393
v -0.057698 0.012203 -0.035459
v -0.058698 0.012203 -0.035459
v -0.057698 0.013141 -0.035122
v -0.057698 0.012767 -0.035260
v -0.058698 0.011731 -0.035618
v -0.068453 0.011258 -0.035770
v -0.068366 0.011433 -0.035715
v -0.068262 0.011600 -0.035661
v -0.068009 0.011901 -0.035561
v -0.067860 0.012035 -0.035516
v -0.067700 0.012153 -0.035476
v -0.067349 0.012341 -0.035411
v -0.067156 0.012410 -0.035387
v -0.066960 0.012460 -0.035369
v -0.069698 0.010876 -0.035888
v -0.069698 0.011637 -0.035649
v -0.069698 0.011257 -0.035771
v -0.068698 0.011637 -0.035649
v -0.069698 0.011447 -0.035710
v -0.068698 0.011257 -0.035771
v -0.068698 0.011447 -0.035710
v -0.069698 0.012392 -0.035393
v -0.069698 0.012015 -0.035523
v -0.068698 0.011352 -0.035740
v -0.069698 0.011067 -0.035830
v -0.068698 0.010876 -0.035888
v -0.068698 0.011067 -0.035830
v -0.068698 0.011542 -0.035680
v -0.068698 0.012015 -0.035523
v -0.069698 0.011826 -0.035587
v -0.068698 0.011826 -0.035587
v -0.068198 0.012015 -0.035523
v -0.068698 0.011920 -0.035555
v -0.068198 0.011826 -0.035587
v -0.068198 0.011920 -0.035555
v -0.068698 0.012392 -0.035393
v -0.069698 0.012203 -0.035459
v -0.068698 0.012203 -0.035459
v -0.069698 0.013141 -0.035122
v -0.067698 0.012767 -0.035260
v -0.069698 0.012767 -0.035260
v -0.067698 0.014622 -0.034532
v -0.067698 0.013885 -0.034835
v -0.068198 0.012203 -0.035459
v -0.068698 0.012109 -0.035491
v -0.068198 0.012109 -0.035491
v -0.065698 0.013141 -0.035122
v -0.065698 0.012767 -0.035260
v -0.066698 0.012767 -0.035260
v -0.067698 0.012580 -0.035327
v -0.065698 0.012580 -0.035327
v -0.066698 0.012580 -0.035327
v -0.067198 0.012580 -0.035327
v -0.067698 0.012486 -0.035360
v -0.067198 0.012486 -0.035360
v -0.068698 0.012767 -0.035260
v -0.069698 0.012580 -0.035327
v -0.068698 0.012580 -0.035327
v -0.066965 -0.012459 -0.035370
v -0.067160 -0.012409 -0.035387
v -0.067350 -0.012340 -0.035411
v -0.068010 -0.011900 -0.035562
v -0.068263 -0.011599 -0.035661
v -0.068453 -0.011257 -0.035771
v -0.067698 -0.012714 -0.035279
v -0.065698 -0.013106 -0.035135
v -0.065698 -0.012714 -0.035279
v -0.067698 -0.014661 -0.034515
v -0.067698 -0.013887 -0.034834
v -0.067698 -0.012516 -0.035349
v -0.066698 -0.012714 -0.035279
v -0.069698 -0.012319 -0.035419
v -0.069698 -0.013106 -0.035135
v -0.069698 -0.012714 -0.035279
v -0.067698 -0.012418 -0.035384
v -0.067198 -0.012516 -0.035349
v -0.069698 -0.011526 -0.035685
v -0.069698 -0.011923 -0.035554
v -0.068698 -0.012319 -0.035419
v -0.069698 -0.012516 -0.035349
v -0.068698 -0.012714 -0.035279
v -0.068698 -0.012516 -0.035349
v -0.068698 -0.011526 -0.035685
v -0.069698 -0.011725 -0.035620
v -0.068698 -0.011923 -0.035554
v -0.068698 -0.011725 -0.035620
v -0.069698 -0.011326 -0.035749
v -0.068698 -0.011326 -0.035749
v -0.063698 -0.022800 -0.029773
v -0.064310 -0.022703 -0.029846
v -0.064830 -0.022426 -0.030055
v -0.065177 -0.022007 -0.030363
v -0.065298 -0.021509 -0.030719
v -0.065267 -0.021252 -0.030896
v -0.065176 -0.021005 -0.031065
v -0.064830 -0.020573 -0.031353
v -0.064587 -0.020406 -0.031462
v -0.064311 -0.020282 -0.031542
v -0.063698 -0.020179 -0.031608
v -0.061698 -0.022274 -0.030168
v -0.061698 -0.022894 -0.029700
v -0.061698 -0.022585 -0.029936
v -0.065698 -0.022274 -0.030168
v -0.065698 -0.022894 -0.029700
v -0.065698 -0.022585 -0.029936
v -0.065698 -0.021644 -0.030623
v -0.067698 -0.021960 -0.030397
v -0.065698 -0.021960 -0.030397
v -0.067698 -0.020350 -0.031498
v -0.067698 -0.021002 -0.031067
v -0.065698 -0.021002 -0.031067
v -0.067698 -0.021324 -0.030847
v -0.065698 -0.021324 -0.030847
v -0.059698 -0.020350 -0.031498
v -0.059698 -0.021002 -0.031067
v -0.065698 -0.021484 -0.030736
v -0.061698 -0.021002 -0.031067
v -0.061698 -0.021644 -0.030623
v -0.059698 -0.021324 -0.030847
v -0.061698 -0.021324 -0.030847
v -0.065698 -0.021163 -0.030958
v -0.065698 -0.020350 -0.031498
v -0.067698 -0.020677 -0.031284
v -0.065698 -0.020677 -0.031284
v -0.067698 -0.019021 -0.032318
v -0.063698 -0.019690 -0.031915
v -0.067698 -0.019690 -0.031915
v -0.063698 -0.017620 -0.033103
v -0.064698 -0.020350 -0.031498
v -0.065698 -0.020514 -0.031392
v -0.061698 -0.020350 -0.031498
v -0.059698 -0.020677 -0.031284
v -0.061698 -0.020677 -0.031284
v -0.059698 -0.019021 -0.032318
v -0.059698 -0.019690 -0.031915
v -0.065698 -0.019690 -0.031915
v -0.067698 -0.020021 -0.031708
v -0.063698 -0.020021 -0.031708
v -0.065698 -0.020021 -0.031708
v -0.064698 -0.020021 -0.031708
v -0.065698 -0.020186 -0.031603
v -0.064698 -0.020186 -0.031603
v -0.061698 -0.019690 -0.031915
v -0.059698 -0.020021 -0.031708
v -0.061698 -0.020021 -0.031708
v -0.063084 -0.020282 -0.031542
v -0.062808 -0.020407 -0.031461
v -0.062566 -0.020573 -0.031353
v -0.062367 -0.020775 -0.031219
v -0.062220 -0.021005 -0.031065
v -0.062098 -0.021510 -0.030717
v -0.062221 -0.022009 -0.030362
v -0.062568 -0.022427 -0.030055
v -0.062810 -0.022586 -0.029936
v -0.063086 -0.022703 -0.029846
v -0.062698 -0.020021 -0.031708
v -0.062698 -0.020350 -0.031498
v -0.061698 -0.020186 -0.031603
v -0.062698 -0.020186 -0.031603
v -0.061698 -0.020514 -0.031392
v -0.061698 -0.020840 -0.031176
v -0.061698 -0.021163 -0.030958
v -0.059698 -0.021960 -0.030397
v -0.061698 -0.021960 -0.030397
v -0.061698 -0.022430 -0.030053
v -0.062698 -0.022894 -0.029700
v -0.061698 -0.022740 -0.029819
v -0.062698 -0.022740 -0.029819
v -0.063698 -0.023200 -0.029462
v -0.061698 -0.023200 -0.029462
v -0.063698 0.020179 -0.031608
v -0.064310 0.020282 -0.031542
v -0.064830 0.020573 -0.031353
v -0.065177 0.021005 -0.031065
v -0.065298 0.021510 -0.030718
v -0.065267 0.021764 -0.030538
v -0.065176 0.022008 -0.030363
v -0.064830 0.022426 -0.030055
v -0.064587 0.022585 -0.029936
v -0.064311 0.022703 -0.029847
v -0.063698 0.022800 -0.029773
v -0.059698 0.020255 -0.031559
v -0.063698 0.019580 -0.031983
v -0.059698 0.018895 -0.032392
v -0.059698 0.019580 -0.031983
v -0.061698 0.020255 -0.031559
v -0.063698 0.019918 -0.031773
v -0.061698 0.019580 -0.031983
v -0.059698 0.019918 -0.031773
v -0.061698 0.019918 -0.031773
v -0.059698 0.020921 -0.031122
v -0.067698 0.020255 -0.031559
v -0.067698 0.018895 -0.032392
v -0.067698 0.019580 -0.031983
v -0.067698 0.020921 -0.031122
v -0.065698 0.020921 -0.031122
v -0.067698 0.020589 -0.031342
v -0.065698 0.020255 -0.031559
v -0.065698 0.020589 -0.031342
v -0.065698 0.021578 -0.030670
v -0.067698 0.021251 -0.030898
v -0.065698 0.021251 -0.030898
v -0.065698 0.021415 -0.030784
v -0.061698 0.020921 -0.031122
v -0.059698 0.021251 -0.030898
v -0.061698 0.021251 -0.030898
v -0.065698 0.022225 -0.030204
v -0.067698 0.021903 -0.030439
v -0.065698 0.021903 -0.030439
v -0.065698 0.021741 -0.030555
v -0.061698 0.022225 -0.030204
v -0.059698 0.021903 -0.030439
v -0.061698 0.021903 -0.030439
v -0.065698 0.022064 -0.030322
v -0.065698 0.022862 -0.029725
v -0.065698 0.022545 -0.029966
v -0.065698 0.022385 -0.030086
v -0.061698 0.022862 -0.029725
v -0.061698 0.022545 -0.029966
v -0.064698 0.022862 -0.029725
v -0.065698 0.022704 -0.029846
v -0.064698 0.022704 -0.029846
v -0.063698 0.023177 -0.029480
v -0.065698 0.023177 -0.029480
v -0.063084 0.022703 -0.029847
v -0.062808 0.022585 -0.029936
v -0.062566 0.022425 -0.030056
v -0.062367 0.022231 -0.030200
v -0.062220 0.022007 -0.030363
v -0.062098 0.021508 -0.030719
v -0.062221 0.021004 -0.031066
v -0.062568 0.020572 -0.031354
v -0.062810 0.020406 -0.031462
v -0.063086 0.020281 -0.031542
v -0.062698 0.022862 -0.029725
v -0.061698 0.022704 -0.029846
v -0.062698 0.022704 -0.029846
v -0.061698 0.023489 -0.029233
v -0.061698 0.023177 -0.029480
v -0.061698 0.022385 -0.030086
v -0.061698 0.022064 -0.030322
v -0.059698 0.020589 -0.031342
v -0.061698 0.020589 -0.031342
v -0.061698 0.020422 -0.031451
v -0.063697 0.017531 -0.033150
v -0.063521 0.017522 -0.033155
v -0.063348 0.017496 -0.033169
v -0.063179 0.017451 -0.033192
v -0.063013 0.017389 -0.033224
v -0.062936 0.017354 -0.033243
v -0.062861 0.017315 -0.033263
v -0.062719 0.017226 -0.033309
v -0.062586 0.017124 -0.033362
v -0.062463 0.017009 -0.033421
v -0.062408 0.016949 -0.033451
v -0.062356 0.016887 -0.033483
v -0.062261 0.016757 -0.033548
v -0.062180 0.016618 -0.033617
v -0.062112 0.016471 -0.033689
v -0.062059 0.016320 -0.033763
v -0.062021 0.016168 -0.033836
v -0.061997 0.016012 -0.033910
v -0.061989 0.015853 -0.033984
v -0.061995 0.015694 -0.034058
v -0.062016 0.015536 -0.034130
v -0.062052 0.015381 -0.034200
v -0.062103 0.015229 -0.034269
v -0.062171 0.015078 -0.034335
v -0.062252 0.014936 -0.034397
v -0.062347 0.014802 -0.034455
v -0.062455 0.014677 -0.034509
v -0.062580 0.014558 -0.034559
v -0.062715 0.014454 -0.034603
v -0.062859 0.014364 -0.034640
v -0.063014 0.014287 -0.034672
v -0.063180 0.014226 -0.034697
v -0.063349 0.014182 -0.034715
v -0.063522 0.014155 -0.034726
v -0.063698 0.014146 -0.034729
v -0.063698 0.018203 -0.032786
v -0.059698 0.017502 -0.033165
v -0.059698 0.018203 -0.032786
v -0.061698 0.018203 -0.032786
v -0.063698 0.017853 -0.032977
v -0.061698 0.017502 -0.033165
v -0.059698 0.017853 -0.032977
v -0.061698 0.017853 -0.032977
v -0.067698 0.017502 -0.033165
v -0.067698 0.018203 -0.032786
v -0.059698 0.016076 -0.033879
v -0.059698 0.016793 -0.033530
v -0.062698 0.017853 -0.032977
v -0.063698 0.017678 -0.033072
v -0.062698 0.017502 -0.033165
v -0.061698 0.017678 -0.033072
v -0.062698 0.017678 -0.033072
v -0.065698 0.018203 -0.032786
v -0.067698 0.017853 -0.032977
v -0.065698 0.017502 -0.033165
v -0.065698 0.017853 -0.032977
v -0.067698 0.016076 -0.033879
v -0.067698 0.016793 -0.033530
v -0.061698 0.016793 -0.033530
v -0.059698 0.017148 -0.033350
v -0.061698 0.017148 -0.033350
v -0.063198 0.017678 -0.033072
v -0.063698 0.017590 -0.033119
v -0.063198 0.017502 -0.033165
v -0.062698 0.017590 -0.033119
v -0.063198 0.017590 -0.033119
v -0.064698 0.017853 -0.032977
v -0.065698 0.017678 -0.033072
v -0.064698 0.017502 -0.033165
v -0.064698 0.017678 -0.033072
v -0.067698 0.017148 -0.033350
v -0.065698 0.016793 -0.033530
v -0.065698 0.017148 -0.033350
v -0.061698 0.017325 -0.033258
v -0.062698 0.017325 -0.033258
v -0.062698 0.017413 -0.033212
v -0.065698 0.017325 -0.033258
v -0.064698 0.017325 -0.033258
v -0.062698 0.017369 -0.033235
v -0.061698 0.016971 -0.033440
v -0.061698 0.016076 -0.033879
v -0.059698 0.016436 -0.033706
v -0.061698 0.016436 -0.033706
v -0.059698 0.015353 -0.034213
v -0.062198 0.017502 -0.033165
v -0.062198 0.017325 -0.033258
v -0.061698 0.017413 -0.033212
v -0.062198 0.017413 -0.033212
v -0.060698 0.017502 -0.033165
v -0.060698 0.017148 -0.033350
v -0.059698 0.017325 -0.033258
v -0.060698 0.017325 -0.033258
v -0.057698 0.017502 -0.033165
v -0.057698 0.016793 -0.033530
v -0.057698 0.017148 -0.033350
v -0.062198 0.017148 -0.033350
v -0.061698 0.017237 -0.033304
v -0.062198 0.017237 -0.033304
v -0.062198 0.016971 -0.033440
v -0.061698 0.017060 -0.033395
v -0.062198 0.017060 -0.033395
v -0.060698 0.016793 -0.033530
v -0.059698 0.016971 -0.033440
v -0.060698 0.016971 -0.033440
v -0.062198 0.017015 -0.033418
v -0.065698 0.016971 -0.033440
v -0.067698 0.016436 -0.033706
v -0.065698 0.016076 -0.033879
v -0.065698 0.016436 -0.033706
v -0.067698 0.015353 -0.034213
v -0.062198 0.016793 -0.033530
v -0.061698 0.016882 -0.033485
v -0.062198 0.016882 -0.033485
v -0.061698 0.016614 -0.033619
v -0.062198 0.016926 -0.033463
v -0.061698 0.016704 -0.033574
v -0.060698 0.016436 -0.033706
v -0.059698 0.016614 -0.033619
v -0.060698 0.016614 -0.033619
v -0.057698 0.016076 -0.033879
v -0.057698 0.016436 -0.033706
v -0.061698 0.016525 -0.033663
v -0.061698 0.016256 -0.033793
v -0.061698 0.015353 -0.034213
v -0.059698 0.015715 -0.034048
v -0.061698 0.015715 -0.034048
v -0.061698 0.016346 -0.033750
v -0.060698 0.016076 -0.033879
v -0.059698 0.016256 -0.033793
v -0.060698 0.016256 -0.033793
v -0.061698 0.016166 -0.033836
v -0.061698 0.015896 -0.033964
v -0.067698 0.015715 -0.034048
v -0.065698 0.015353 -0.034213
v -0.065698 0.015715 -0.034048
v -0.061698 0.015986 -0.033922
v -0.060698 0.015715 -0.034048
v -0.059698 0.015896 -0.033964
v -0.060698 0.015896 -0.033964
v -0.057698 0.015353 -0.034213
v -0.057698 0.015715 -0.034048
v -0.061698 0.015806 -0.034006
v -0.061698 0.015534 -0.034131
v -0.061698 0.014622 -0.034532
v -0.059698 0.014988 -0.034375
v -0.061698 0.014988 -0.034375
v -0.061698 0.015625 -0.034090
v -0.060698 0.015353 -0.034213
v -0.059698 0.015534 -0.034131
v -0.060698 0.015534 -0.034131
v -0.061698 0.015443 -0.034172
v -0.061698 0.015171 -0.034294
v -0.067698 0.014988 -0.034375
v -0.065698 0.014622 -0.034532
v -0.065698 0.014988 -0.034375
v -0.061698 0.015262 -0.034254
v -0.060698 0.014988 -0.034375
v -0.059698 0.015171 -0.034294
v -0.060698 0.015171 -0.034294
v -0.057698 0.014622 -0.034532
v -0.057698 0.014988 -0.034375
v -0.061698 0.015079 -0.034335
v -0.061698 0.014805 -0.034454
v -0.061698 0.013885 -0.034835
v -0.059698 0.014254 -0.034685
v -0.061698 0.014254 -0.034685
v -0.062198 0.014805 -0.034454
v -0.061698 0.014897 -0.034414
v -0.062198 0.014897 -0.034414
v -0.060698 0.014622 -0.034532
v -0.059698 0.014805 -0.034454
v -0.060698 0.014805 -0.034454
v -0.062198 0.014622 -0.034532
v -0.061698 0.014714 -0.034493
v -0.062198 0.014714 -0.034493
v -0.062698 0.014254 -0.034685
v -0.061698 0.014438 -0.034609
v -0.067698 0.014254 -0.034685
v -0.065698 0.013885 -0.034835
v -0.065698 0.014254 -0.034685
v -0.062198 0.014438 -0.034609
v -0.061698 0.014530 -0.034571
v -0.062198 0.014530 -0.034571
v -0.060698 0.014254 -0.034685
v -0.059698 0.014438 -0.034609
v -0.060698 0.014438 -0.034609
v -0.057698 0.013885 -0.034835
v -0.057698 0.014254 -0.034685
v -0.065698 0.014438 -0.034609
v -0.064698 0.014254 -0.034685
v -0.063698 0.014070 -0.034761
v -0.062698 0.013885 -0.034835
v -0.061698 0.014070 -0.034761
v -0.062698 0.014070 -0.034761
v -0.063698 0.013514 -0.034980
v -0.059698 0.013514 -0.034980
v -0.061698 0.013514 -0.034980
v -0.063198 0.014070 -0.034761
v -0.062698 0.014162 -0.034723
v -0.063198 0.014162 -0.034723
v -0.065698 0.014070 -0.034761
v -0.064698 0.013885 -0.034835
v -0.064698 0.014070 -0.034761
v -0.067698 0.013514 -0.034980
v -0.065698 0.013514 -0.034980
v -0.064047 0.014182 -0.034715
v -0.064381 0.014287 -0.034672
v -0.064536 0.014363 -0.034640
v -0.064681 0.014453 -0.034603
v -0.064939 0.014675 -0.034509
v -0.065048 0.014800 -0.034456
v -0.065143 0.014933 -0.034398
v -0.065292 0.015226 -0.034270
v -0.065343 0.015378 -0.034202
v -0.065380 0.015532 -0.034132
v -0.065408 0.015850 -0.033986
v -0.065376 0.016166 -0.033837
v -0.065285 0.016469 -0.033690
v -0.065217 0.016617 -0.033618
v -0.065135 0.016756 -0.033548
v -0.064933 0.017009 -0.033421
v -0.064872 0.017069 -0.033390
v -0.064809 0.017125 -0.033361
v -0.064675 0.017228 -0.033309
v -0.064380 0.017391 -0.033224
v -0.064298 0.017424 -0.033206
v -0.064214 0.017452 -0.033191
v -0.064046 0.017496 -0.033168
v -0.065698 0.014805 -0.034454
v -0.065198 0.014805 -0.034454
v -0.065698 0.014714 -0.034493
v -0.065198 0.014622 -0.034532
v -0.065198 0.014714 -0.034493
v -0.066698 0.014988 -0.034375
v -0.067698 0.014805 -0.034454
v -0.066698 0.014622 -0.034532
v -0.066698 0.014805 -0.034454
v -0.069698 0.015353 -0.034213
v -0.069698 0.014622 -0.034532
v -0.069698 0.014988 -0.034375
v -0.065698 0.014897 -0.034414
v -0.065198 0.014897 -0.034414
v -0.065698 0.015171 -0.034294
v -0.065698 0.015262 -0.034254
v -0.065698 0.015534 -0.034131
v -0.066698 0.015353 -0.034213
v -0.067698 0.015171 -0.034294
v -0.066698 0.015171 -0.034294
v -0.065698 0.015443 -0.034172
v -0.066698 0.015715 -0.034048
v -0.067698 0.015534 -0.034131
v -0.066698 0.015534 -0.034131
v -0.069698 0.016076 -0.033879
v -0.069698 0.015715 -0.034048
v -0.065698 0.015896 -0.033964
v -0.065698 0.016256 -0.033793
v -0.065698 0.016614 -0.033619
v -0.065698 0.016525 -0.033663
v -0.066698 0.016793 -0.033530
v -0.067698 0.016614 -0.033619
v -0.066698 0.016436 -0.033706
v -0.066698 0.016614 -0.033619
v -0.069698 0.016793 -0.033530
v -0.069698 0.016436 -0.033706
v -0.065198 0.016793 -0.033530
v -0.065698 0.016704 -0.033574
v -0.065198 0.017148 -0.033350
v -0.065698 0.017060 -0.033395
v -0.065198 0.016971 -0.033440
v -0.065198 0.017060 -0.033395
v -0.066698 0.017148 -0.033350
v -0.067698 0.016971 -0.033440
v -0.066698 0.016971 -0.033440
v -0.069698 0.017502 -0.033165
v -0.069698 0.017148 -0.033350
v -0.064948 0.017060 -0.033395
v -0.065198 0.017015 -0.033418
v -0.065698 0.016882 -0.033485
v -0.065198 0.016882 -0.033485
v -0.064948 0.017148 -0.033350
v -0.065198 0.017104 -0.033372
v -0.064948 0.017104 -0.033372
v -0.065198 0.017325 -0.033258
v -0.065698 0.017237 -0.033304
v -0.065198 0.017237 -0.033304
v -0.066698 0.017502 -0.033165
v -0.067698 0.017325 -0.033258
v -0.066698 0.017325 -0.033258
v -0.064198 0.017502 -0.033165
v -0.064698 0.017413 -0.033212
v -0.064448 0.017413 -0.033212
v -0.064698 0.017369 -0.033235
v -0.065198 0.017502 -0.033165
v -0.065698 0.017413 -0.033212
v -0.065198 0.017413 -0.033212
v -0.064448 0.017502 -0.033165
v -0.064698 0.017458 -0.033189
v -0.064448 0.017458 -0.033189
v -0.064198 0.017678 -0.033072
v -0.064698 0.017590 -0.033119
v -0.064198 0.017590 -0.033119
v -0.063699 -0.014146 -0.034729
v -0.063348 -0.014182 -0.034715
v -0.063012 -0.014288 -0.034671
v -0.062858 -0.014365 -0.034640
v -0.062713 -0.014455 -0.034602
v -0.062455 -0.014677 -0.034509
v -0.062400 -0.014738 -0.034483
v -0.062348 -0.014801 -0.034456
v -0.062253 -0.014934 -0.034398
v -0.062105 -0.015227 -0.034269
v -0.062053 -0.015380 -0.034201
v -0.062016 -0.015535 -0.034131
v -0.061988 -0.015851 -0.033985
v -0.062020 -0.016166 -0.033837
v -0.062111 -0.016469 -0.033690
v -0.062180 -0.016616 -0.033618
v -0.062261 -0.016756 -0.033548
v -0.062462 -0.017008 -0.033421
v -0.062523 -0.017068 -0.033390
v -0.062586 -0.017125 -0.033362
v -0.062720 -0.017227 -0.033309
v -0.063016 -0.017390 -0.033224
v -0.063181 -0.017452 -0.033192
v -0.063350 -0.017496 -0.033168
v -0.063698 -0.017531 -0.033150
v -0.065698 -0.013887 -0.034834
v -0.067698 -0.014275 -0.034677
v -0.065698 -0.014661 -0.034515
v -0.065698 -0.014275 -0.034677
v -0.067698 -0.016186 -0.033827
v -0.067698 -0.015427 -0.034180
v -0.064698 -0.013887 -0.034834
v -0.065698 -0.014081 -0.034756
v -0.064698 -0.014275 -0.034677
v -0.063698 -0.014081 -0.034756
v -0.064698 -0.014081 -0.034756
v -0.061698 -0.013887 -0.034834
v -0.061698 -0.014661 -0.034515
v -0.059698 -0.014275 -0.034677
v -0.061698 -0.014275 -0.034677
v -0.059698 -0.016186 -0.033827
v -0.059698 -0.015427 -0.034180
v -0.067698 -0.013498 -0.034987
v -0.063698 -0.013498 -0.034987
v -0.065698 -0.013498 -0.034987
v -0.062698 -0.013887 -0.034834
v -0.062698 -0.014275 -0.034677
v -0.061698 -0.014081 -0.034756
v -0.062698 -0.014081 -0.034756
v -0.059698 -0.013498 -0.034987
v -0.061698 -0.013498 -0.034987
v -0.061698 -0.014468 -0.034597
v -0.061698 -0.015427 -0.034180
v -0.059698 -0.015045 -0.034350
v -0.061698 -0.015045 -0.034350
v -0.065698 -0.014468 -0.034597
v -0.067698 -0.015045 -0.034350
v -0.065698 -0.015427 -0.034180
v -0.065698 -0.015045 -0.034350
v -0.061698 -0.014853 -0.034433
v -0.062198 -0.014661 -0.034515
v -0.062198 -0.014853 -0.034433
v -0.061698 -0.014757 -0.034474
v -0.062198 -0.014757 -0.034474
v -0.060698 -0.014661 -0.034515
v -0.060698 -0.015045 -0.034350
v -0.059698 -0.014853 -0.034433
v -0.060698 -0.014853 -0.034433
v -0.057698 -0.014661 -0.034515
v -0.057698 -0.015427 -0.034180
v -0.057698 -0.015045 -0.034350
v -0.062198 -0.014709 -0.034495
v -0.062198 -0.014468 -0.034597
v -0.061698 -0.014565 -0.034556
v -0.062198 -0.014565 -0.034556
v -0.060698 -0.014275 -0.034677
v -0.059698 -0.014468 -0.034597
v -0.060698 -0.014468 -0.034597
v -0.057698 -0.013887 -0.034834
v -0.057698 -0.014275 -0.034677
v -0.065698 -0.014853 -0.034433
v -0.062198 -0.014805 -0.034454
v -0.061698 -0.014949 -0.034391
v -0.061698 -0.015236 -0.034265
v -0.061698 -0.016186 -0.033827
v -0.059698 -0.015808 -0.034005
v -0.061698 -0.015808 -0.034005
v -0.059698 -0.017620 -0.033103
v -0.059698 -0.016907 -0.033473
v -0.061698 -0.015141 -0.034308
v -0.060698 -0.015427 -0.034180
v -0.059698 -0.015236 -0.034265
v -0.060698 -0.015236 -0.034265
v -0.061698 -0.015332 -0.034223
v -0.061698 -0.015618 -0.034093
v -0.067698 -0.015808 -0.034005
v -0.065698 -0.016186 -0.033827
v -0.065698 -0.015808 -0.034005
v -0.067698 -0.017620 -0.033103
v -0.067698 -0.016907 -0.033473
v -0.061698 -0.015523 -0.034136
v -0.060698 -0.015808 -0.034005
v -0.059698 -0.015618 -0.034093
v -0.060698 -0.015618 -0.034093
v -0.057698 -0.016186 -0.033827
v -0.057698 -0.015808 -0.034005
v -0.061698 -0.015997 -0.033917
v -0.061698 -0.016907 -0.033473
v -0.059698 -0.016547 -0.033652
v -0.061698 -0.016547 -0.033652
v -0.061698 -0.016367 -0.033740
v -0.067698 -0.016547 -0.033652
v -0.065698 -0.016907 -0.033473
v -0.065698 -0.016547 -0.033652
v -0.061698 -0.016457 -0.033696
v -0.061698 -0.016727 -0.033563
v -0.061698 -0.017620 -0.033103
v -0.059698 -0.017264 -0.033290
v -0.061698 -0.017264 -0.033290
v -0.063698 -0.018325 -0.032718
v -0.059698 -0.018325 -0.032718
v -0.060698 -0.016186 -0.033827
v -0.060698 -0.016547 -0.033652
v -0.059698 -0.016367 -0.033740
v -0.060698 -0.016367 -0.033740
v -0.057698 -0.016907 -0.033473
v -0.057698 -0.016547 -0.033652
v -0.061698 -0.016637 -0.033607
v -0.060698 -0.016907 -0.033473
v -0.059698 -0.016727 -0.033563
v -0.060698 -0.016727 -0.033563
v -0.062198 -0.016907 -0.033473
v -0.061698 -0.016817 -0.033518
v -0.062198 -0.016817 -0.033518
v -0.061698 -0.017086 -0.033382
v -0.067698 -0.017264 -0.033290
v -0.065698 -0.017620 -0.033103
v -0.065698 -0.017264 -0.033290
v -0.067698 -0.018325 -0.032718
v -0.062198 -0.017086 -0.033382
v -0.061698 -0.016996 -0.033427
v -0.062198 -0.016996 -0.033427
v -0.060698 -0.017264 -0.033290
v -0.059698 -0.017086 -0.033382
v -0.060698 -0.017086 -0.033382
v -0.057698 -0.017620 -0.033103
v -0.057698 -0.017264 -0.033290
v -0.062448 -0.017086 -0.033382
v -0.062198 -0.017041 -0.033404
v -0.062448 -0.017041 -0.033404
v -0.065698 -0.017086 -0.033382
v -0.064698 -0.017264 -0.033290
v -0.062198 -0.017264 -0.033290
v -0.061698 -0.017175 -0.033336
v -0.062198 -0.017175 -0.033336
v -0.062698 -0.017620 -0.033103
v -0.061698 -0.017442 -0.033197
v -0.062698 -0.017442 -0.033197
v -0.063698 -0.017973 -0.032912
v -0.061698 -0.018325 -0.032718
v -0.059698 -0.017973 -0.032912
v -0.061698 -0.017973 -0.032912
v -0.062448 -0.017175 -0.033336
v -0.062198 -0.017130 -0.033359
v -0.062448 -0.017130 -0.033359
v -0.065698 -0.017442 -0.033197
v -0.064698 -0.017620 -0.033103
v -0.064698 -0.017442 -0.033197
v -0.067698 -0.017973 -0.032912
v -0.065698 -0.018325 -0.032718
v -0.065698 -0.017973 -0.032912
v -0.063198 -0.017620 -0.033103
v -0.062698 -0.017531 -0.033150
v -0.063198 -0.017531 -0.033150
v -0.063698 -0.017797 -0.033008
v -0.062698 -0.017973 -0.032912
v -0.061698 -0.017797 -0.033008
v -0.062698 -0.017797 -0.033008
v -0.064046 -0.017496 -0.033168
v -0.064379 -0.017391 -0.033224
v -0.064456 -0.017356 -0.033242
v -0.064531 -0.017317 -0.033262
v -0.064674 -0.017229 -0.033308
v -0.064931 -0.017011 -0.033420
v -0.064986 -0.016952 -0.033450
v -0.065038 -0.016890 -0.033481
v -0.065132 -0.016760 -0.033546
v -0.065282 -0.016473 -0.033688
v -0.065375 -0.016169 -0.033835
v -0.065408 -0.015856 -0.033983
v -0.065381 -0.015538 -0.034130
v -0.065294 -0.015230 -0.034268
v -0.065226 -0.015079 -0.034335
v -0.065145 -0.014937 -0.034397
v -0.064941 -0.014677 -0.034509
v -0.064817 -0.014559 -0.034559
v -0.064682 -0.014454 -0.034602
v -0.064383 -0.014288 -0.034671
v -0.064217 -0.014226 -0.034697
v -0.064048 -0.014182 -0.034715
v -0.064698 -0.017353 -0.033243
v -0.064698 -0.017398 -0.033220
v -0.064448 -0.017442 -0.033197
v -0.064448 -0.017398 -0.033220
v -0.065198 -0.017264 -0.033290
v -0.065698 -0.017353 -0.033243
v -0.065198 -0.017442 -0.033197
v -0.065198 -0.017353 -0.033243
v -0.066698 -0.017264 -0.033290
v -0.067698 -0.017442 -0.033197
v -0.066698 -0.017620 -0.033103
v -0.066698 -0.017442 -0.033197
v -0.069698 -0.016907 -0.033473
v -0.069698 -0.017620 -0.033103
v -0.069698 -0.017264 -0.033290
v -0.064698 -0.017531 -0.033150
v -0.064198 -0.017620 -0.033103
v -0.064198 -0.017531 -0.033150
v -0.065698 -0.017797 -0.033008
v -0.064698 -0.017973 -0.032912
v -0.064698 -0.017797 -0.033008
v -0.064698 -0.017309 -0.033266
v -0.065198 -0.016907 -0.033473
v -0.065698 -0.016996 -0.033427
v -0.065198 -0.017086 -0.033382
v -0.065198 -0.016996 -0.033427
v -0.065698 -0.016727 -0.033563
v -0.066698 -0.016907 -0.033473
v -0.067698 -0.017086 -0.033382
v -0.066698 -0.017086 -0.033382
v -0.065198 -0.017041 -0.033404
v -0.064948 -0.017086 -0.033382
v -0.064948 -0.017041 -0.033404
v -0.065698 -0.017175 -0.033336
v -0.065198 -0.017175 -0.033336
v -0.065198 -0.016952 -0.033450
v -0.065698 -0.016817 -0.033518
v -0.065198 -0.016817 -0.033518
v -0.066698 -0.016547 -0.033652
v -0.067698 -0.016727 -0.033563
v -0.066698 -0.016727 -0.033563
v -0.069698 -0.016186 -0.033827
v -0.069698 -0.016547 -0.033652
v -0.065198 -0.016862 -0.033495
v -0.065698 -0.016367 -0.033740
v -0.065698 -0.015997 -0.033917
v -0.065698 -0.015618 -0.034093
v -0.065698 -0.015236 -0.034265
v -0.065698 -0.015141 -0.034308
v -0.066698 -0.015045 -0.034350
v -0.067698 -0.015236 -0.034265
v -0.066698 -0.015427 -0.034180
v -0.066698 -0.015236 -0.034265
v -0.069698 -0.014661 -0.034515
v -0.069698 -0.015427 -0.034180
v -0.069698 -0.015045 -0.034350
v -0.065198 -0.014853 -0.034433
v -0.065698 -0.014949 -0.034391
v -0.066698 -0.014661 -0.034515
v -0.067698 -0.014853 -0.034433
v -0.066698 -0.014853 -0.034433
v -0.065198 -0.014661 -0.034515
v -0.065698 -0.014757 -0.034474
v -0.065198 -0.014757 -0.034474
v -0.065198 -0.014468 -0.034597
v -0.065698 -0.014565 -0.034556
v -0.065198 -0.014565 -0.034556
v -0.066698 -0.014275 -0.034677
v -0.067698 -0.014468 -0.034597
v -0.066698 -0.014468 -0.034597
v -0.069698 -0.013887 -0.034834
v -0.069698 -0.014275 -0.034677
v -0.064198 -0.014081 -0.034756
v -0.064698 -0.014178 -0.034716
v -0.064198 -0.014178 -0.034716
v -0.069698 0.026676 -0.031791
v -0.057698 0.024105 -0.028727
v -0.063698 0.024105 -0.028727
v -0.063698 0.026676 -0.031791
v -0.057698 0.026676 -0.031791
v -0.057698 0.025390 -0.030259
v -0.069698 0.024105 -0.028727
v -0.069698 0.025390 -0.030259
v -0.063698 0.026199 -0.032185
v -0.062547 0.026020 -0.032330
v -0.062541 0.026018 -0.032331
v -0.062535 0.026016 -0.032333
v -0.062524 0.026012 -0.032336
v -0.062500 0.026004 -0.032343
v -0.062450 0.025987 -0.032357
v -0.062344 0.025947 -0.032389
v -0.062109 0.025843 -0.032472
v -0.061575 0.025509 -0.032735
v -0.061152 0.025086 -0.033060
v -0.060926 0.024734 -0.033324
v -0.060922 0.024726 -0.033329
v -0.060919 0.024719 -0.033335
v -0.060911 0.024705 -0.033346
v -0.060897 0.024676 -0.033367
v -0.060871 0.024618 -0.033410
v -0.060823 0.024501 -0.033496
v -0.060752 0.024266 -0.033666
v -0.060698 0.023801 -0.033996
v -0.060928 0.022852 -0.034642
v -0.060930 0.022847 -0.034645
v -0.060932 0.022842 -0.034648
v -0.060937 0.022832 -0.034655
v -0.060948 0.022812 -0.034668
v -0.060970 0.022770 -0.034695
v -0.061021 0.022681 -0.034753
v -0.061154 0.022483 -0.034882
v -0.061578 0.022033 -0.035168
v -0.062112 0.021673 -0.035391
v -0.062551 0.021480 -0.035509
v -0.062560 0.021476 -0.035511
v -0.062569 0.021473 -0.035513
v -0.062587 0.021467 -0.035516
v -0.062623 0.021455 -0.035524
v -0.062695 0.021432 -0.035537
v -0.062839 0.021392 -0.035562
v -0.063129 0.021331 -0.035599
v -0.063698 0.021284 -0.035627
v -0.059698 0.024834 -0.033250
v -0.059698 0.025765 -0.032533
v -0.061698 0.025765 -0.032533
v -0.059698 0.026223 -0.032165
v -0.061698 0.026223 -0.032165
v -0.067698 0.024834 -0.033250
v -0.067698 0.025765 -0.032533
v -0.061698 0.025995 -0.032350
v -0.062698 0.026223 -0.032165
v -0.065698 0.025765 -0.032533
v -0.067698 0.026223 -0.032165
v -0.065698 0.026223 -0.032165
v -0.059698 0.025302 -0.032895
v -0.059698 0.022912 -0.034602
v -0.059698 0.023883 -0.033939
v -0.063698 0.020903 -0.035852
v -0.062198 0.025995 -0.032350
v -0.061698 0.026109 -0.032258
v -0.062198 0.026223 -0.032165
v -0.062698 0.026109 -0.032258
v -0.062198 0.026109 -0.032258
v -0.060698 0.025765 -0.032533
v -0.059698 0.025995 -0.032350
v -0.060698 0.026223 -0.032165
v -0.060698 0.025995 -0.032350
v -0.057698 0.025765 -0.032533
v -0.057698 0.026223 -0.032165
v -0.061698 0.026450 -0.031979
v -0.062698 0.026450 -0.031979
v -0.062448 0.025995 -0.032350
v -0.062198 0.026052 -0.032304
v -0.062448 0.026109 -0.032258
v -0.062698 0.026052 -0.032304
v -0.062448 0.026052 -0.032304
v -0.064698 0.026223 -0.032165
v -0.065698 0.025995 -0.032350
v -0.067698 0.025302 -0.032895
v -0.067698 0.022912 -0.034602
v -0.067698 0.023883 -0.033939
v -0.061698 0.025880 -0.032442
v -0.062448 0.026023 -0.032327
v -0.062573 0.026052 -0.032304
v -0.062198 0.025937 -0.032396
v -0.062448 0.026009 -0.032339
v -0.062511 0.026023 -0.032327
v -0.062511 0.026009 -0.032339
v -0.062323 0.025995 -0.032350
v -0.062198 0.026023 -0.032327
v -0.062323 0.026052 -0.032304
v -0.062323 0.026023 -0.032327
v -0.061948 0.025995 -0.032350
v -0.061698 0.026052 -0.032304
v -0.061948 0.026109 -0.032258
v -0.061948 0.026052 -0.032304
v -0.061198 0.025995 -0.032350
v -0.060698 0.026109 -0.032258
v -0.061198 0.026223 -0.032165
v -0.061198 0.026109 -0.032258
v -0.059698 0.026450 -0.031979
v -0.060698 0.026450 -0.031979
v -0.062511 0.026016 -0.032333
v -0.062542 0.026023 -0.032327
v -0.062448 0.026038 -0.032316
v -0.062511 0.026052 -0.032304
v -0.062573 0.026038 -0.032316
v -0.062511 0.026038 -0.032316
v -0.062448 0.026080 -0.032281
v -0.062573 0.026109 -0.032258
v -0.062698 0.026080 -0.032281
v -0.062573 0.026080 -0.032281
v -0.062198 0.026166 -0.032212
v -0.062448 0.026223 -0.032165
v -0.062698 0.026166 -0.032212
v -0.062448 0.026166 -0.032212
v -0.061698 0.026337 -0.032072
v -0.062198 0.026450 -0.031979
v -0.062698 0.026337 -0.032072
v -0.062198 0.026337 -0.032072
v -0.062526 0.026016 -0.032333
v -0.062511 0.026020 -0.032330
v -0.062526 0.026023 -0.032327
v -0.062526 0.026020 -0.032330
v -0.062479 0.026009 -0.032339
v -0.062448 0.026016 -0.032333
v -0.062479 0.026023 -0.032327
v -0.062479 0.026016 -0.032333
v -0.062386 0.025995 -0.032350
v -0.062323 0.026009 -0.032339
v -0.062386 0.026023 -0.032327
v -0.062386 0.026009 -0.032339
v -0.062198 0.025966 -0.032373
v -0.062323 0.025966 -0.032373
v -0.061948 0.025880 -0.032442
v -0.061698 0.025937 -0.032396
v -0.061948 0.025937 -0.032396
v -0.061198 0.025765 -0.032533
v -0.060698 0.025880 -0.032442
v -0.061198 0.025880 -0.032442
v -0.060698 0.025302 -0.032895
v -0.059698 0.025534 -0.032715
v -0.060698 0.025534 -0.032715
v -0.057698 0.024834 -0.033250
v -0.057698 0.025302 -0.032895
v -0.062511 0.026030 -0.032321
v -0.062542 0.026038 -0.032316
v -0.062573 0.026030 -0.032321
v -0.062542 0.026030 -0.032321
v -0.062636 0.026052 -0.032304
v -0.062636 0.026038 -0.032316
v -0.062511 0.026013 -0.032336
v -0.059698 0.024361 -0.033598
v -0.060698 0.024361 -0.033598
v -0.059698 0.024598 -0.033425
v -0.060698 0.024834 -0.033250
v -0.060698 0.024598 -0.033425
v -0.057698 0.023883 -0.033939
v -0.057698 0.024361 -0.033598
v -0.060698 0.024716 -0.033337
v -0.059698 0.025069 -0.033073
v -0.060698 0.025069 -0.033073
v -0.067698 0.024361 -0.033598
v -0.060698 0.024775 -0.033293
v -0.060198 0.024598 -0.033425
v -0.059698 0.024716 -0.033337
v -0.060198 0.024834 -0.033250
v -0.060198 0.024716 -0.033337
v -0.058698 0.024361 -0.033598
v -0.057698 0.024598 -0.033425
v -0.058698 0.024834 -0.033250
v -0.058698 0.024598 -0.033425
v -0.060698 0.024951 -0.033161
v -0.060823 0.024716 -0.033337
v -0.060698 0.024745 -0.033315
v -0.060823 0.024775 -0.033293
v -0.060823 0.024745 -0.033315
v -0.060698 0.024657 -0.033381
v -0.060698 0.024479 -0.033511
v -0.059698 0.024122 -0.033769
v -0.059698 0.023400 -0.034274
v -0.059698 0.020903 -0.035852
v -0.059698 0.021916 -0.035241
v -0.060448 0.024716 -0.033337
v -0.060198 0.024775 -0.033293
v -0.060448 0.024834 -0.033250
v -0.060448 0.024775 -0.033293
v -0.059698 0.024951 -0.033161
v -0.060198 0.025069 -0.033073
v -0.060198 0.024951 -0.033161
v -0.057698 0.025069 -0.033073
v -0.058698 0.025302 -0.032895
v -0.058698 0.025069 -0.033073
v -0.060886 0.024716 -0.033337
v -0.060823 0.024731 -0.033326
v -0.060886 0.024745 -0.033315
v -0.060886 0.024731 -0.033326
v -0.060823 0.024657 -0.033381
v -0.060698 0.024686 -0.033359
v -0.060823 0.024686 -0.033359
v -0.060448 0.024598 -0.033425
v -0.060198 0.024657 -0.033381
v -0.060448 0.024657 -0.033381
v -0.060198 0.024361 -0.033598
v -0.059698 0.024479 -0.033511
v -0.060198 0.024479 -0.033511
v -0.060886 0.024723 -0.033332
v -0.060886 0.024686 -0.033359
v -0.060823 0.024701 -0.033348
v -0.060886 0.024701 -0.033348
v -0.059698 0.022417 -0.034925
v -0.067698 0.020903 -0.035852
v -0.067698 0.021916 -0.035241
v -0.060698 0.022417 -0.034925
v -0.059698 0.022665 -0.034764
v -0.060698 0.022912 -0.034602
v -0.060698 0.022665 -0.034764
v -0.057698 0.021916 -0.035241
v -0.057698 0.022912 -0.034602
v -0.057698 0.022417 -0.034925
v -0.060698 0.022789 -0.034683
v -0.059698 0.023157 -0.034439
v -0.060698 0.023157 -0.034439
v -0.057698 0.023400 -0.034274
v -0.067698 0.022417 -0.034925
v -0.060698 0.022851 -0.034643
v -0.060198 0.022665 -0.034764
v -0.059698 0.022789 -0.034683
v -0.060198 0.022912 -0.034602
v -0.060198 0.022789 -0.034683
v -0.058698 0.022417 -0.034925
v -0.057698 0.022665 -0.034764
v -0.058698 0.022912 -0.034602
v -0.058698 0.022665 -0.034764
v -0.060698 0.023035 -0.034520
v -0.067698 0.023400 -0.034274
v -0.060823 0.022851 -0.034643
v -0.060698 0.022881 -0.034622
v -0.060823 0.022912 -0.034602
v -0.060823 0.022881 -0.034622
v -0.060448 0.022789 -0.034683
v -0.060198 0.022851 -0.034643
v -0.060448 0.022912 -0.034602
v -0.060448 0.022851 -0.034643
v -0.059698 0.023035 -0.034520
v -0.060198 0.023157 -0.034439
v -0.060198 0.023035 -0.034520
v -0.057698 0.023157 -0.034439
v -0.058698 0.023400 -0.034274
v -0.058698 0.023157 -0.034439
v -0.060698 0.022973 -0.034561
v -0.060823 0.022789 -0.034683
v -0.060698 0.022820 -0.034663
v -0.060823 0.022820 -0.034663
v -0.060948 0.022665 -0.034764
v -0.060698 0.022727 -0.034724
v -0.060948 0.022727 -0.034724
v -0.060698 0.022541 -0.034845
v -0.060698 0.021916 -0.035241
v -0.059698 0.022167 -0.035084
v -0.060698 0.022167 -0.035084
v -0.061698 0.020903 -0.035852
v -0.059698 0.021412 -0.035550
v -0.061698 0.021412 -0.035550
v -0.063698 0.019872 -0.036433
v -0.059698 0.019872 -0.036433
v -0.060886 0.022820 -0.034663
v -0.060823 0.022835 -0.034653
v -0.060886 0.022851 -0.034643
v -0.060886 0.022835 -0.034653
v -0.060917 0.022835 -0.034653
v -0.060886 0.022843 -0.034648
v -0.060917 0.022851 -0.034643
v -0.060917 0.022843 -0.034648
v -0.060823 0.022866 -0.034632
v -0.060886 0.022881 -0.034622
v -0.060886 0.022866 -0.034632
v -0.060917 0.022847 -0.034645
v -0.060886 0.022858 -0.034637
v -0.060917 0.022866 -0.034632
v -0.060917 0.022858 -0.034637
v -0.060917 0.022839 -0.034650
v -0.060917 0.022820 -0.034663
v -0.060886 0.022827 -0.034658
v -0.060917 0.022827 -0.034658
v -0.060886 0.022789 -0.034683
v -0.060823 0.022804 -0.034673
v -0.060886 0.022804 -0.034673
v -0.060823 0.022727 -0.034724
v -0.060698 0.022758 -0.034703
v -0.060948 0.022758 -0.034703
v -0.060823 0.022758 -0.034703
v -0.060448 0.022665 -0.034764
v -0.060198 0.022727 -0.034724
v -0.060448 0.022727 -0.034724
v -0.060198 0.022417 -0.034925
v -0.059698 0.022541 -0.034845
v -0.060198 0.022541 -0.034845
v -0.062698 0.021412 -0.035550
v -0.061698 0.021664 -0.035396
v -0.065698 0.020903 -0.035852
v -0.067698 0.021412 -0.035550
v -0.065698 0.021412 -0.035550
v -0.067698 0.019872 -0.036433
v -0.062198 0.021412 -0.035550
v -0.061698 0.021538 -0.035473
v -0.062198 0.021538 -0.035473
v -0.062698 0.020903 -0.035852
v -0.061698 0.021158 -0.035702
v -0.063698 0.021158 -0.035702
v -0.062698 0.021158 -0.035702
v -0.061698 0.019872 -0.036433
v -0.059698 0.020389 -0.036146
v -0.063698 0.020389 -0.036146
v -0.061698 0.020389 -0.036146
v -0.060698 0.021412 -0.035550
v -0.059698 0.021664 -0.035396
v -0.060698 0.021664 -0.035396
v -0.057698 0.020903 -0.035852
v -0.057698 0.021412 -0.035550
v -0.062448 0.021412 -0.035550
v -0.062198 0.021475 -0.035512
v -0.062448 0.021475 -0.035512
v -0.064698 0.021412 -0.035550
v -0.065698 0.021664 -0.035396
v -0.062198 0.021158 -0.035702
v -0.061698 0.021285 -0.035626
v -0.062698 0.021285 -0.035626
v -0.062198 0.021285 -0.035626
v -0.060698 0.020903 -0.035852
v -0.059698 0.021158 -0.035702
v -0.060698 0.021158 -0.035702
v -0.062448 0.021507 -0.035493
v -0.063198 0.021158 -0.035702
v -0.063198 0.021285 -0.035626
v -0.064698 0.020903 -0.035852
v -0.065698 0.021158 -0.035702
v -0.064698 0.021158 -0.035702
v -0.065698 0.019872 -0.036433
v -0.067698 0.020389 -0.036146
v -0.065698 0.020389 -0.036146
v -0.062511 0.021475 -0.035512
v -0.062448 0.021491 -0.035502
v -0.062511 0.021491 -0.035502
v -0.062573 0.021412 -0.035550
v -0.062448 0.021443 -0.035531
v -0.062573 0.021443 -0.035531
v -0.062448 0.021285 -0.035626
v -0.062198 0.021348 -0.035588
v -0.062698 0.021348 -0.035588
v -0.062448 0.021348 -0.035588
v -0.062323 0.021475 -0.035512
v -0.062198 0.021507 -0.035493
v -0.062323 0.021538 -0.035473
v -0.062323 0.021507 -0.035493
v -0.061948 0.021412 -0.035550
v -0.061698 0.021475 -0.035512
v -0.061948 0.021538 -0.035473
v -0.061948 0.021475 -0.035512
v -0.061198 0.021412 -0.035550
v -0.060698 0.021538 -0.035473
v -0.061198 0.021664 -0.035396
v -0.061198 0.021538 -0.035473
v -0.062542 0.021475 -0.035512
v -0.062511 0.021483 -0.035507
v -0.062511 0.021443 -0.035531
v -0.062448 0.021459 -0.035521
v -0.062573 0.021459 -0.035521
v -0.062511 0.021459 -0.035521
v -0.062323 0.021412 -0.035550
v -0.062198 0.021443 -0.035531
v -0.062323 0.021443 -0.035531
v -0.062542 0.021459 -0.035521
v -0.062511 0.021467 -0.035516
v -0.062542 0.021467 -0.035516
v -0.062948 0.021285 -0.035626
v -0.062948 0.021348 -0.035588
v -0.057698 0.026676 -0.031791
v -0.063698 0.026676 -0.031791
v -0.069698 0.026676 -0.031791
v -0.055698 0.018825 -0.036985
v -0.055698 0.022057 -0.035153
v -0.055698 0.025113 -0.033039
v -0.055850 0.025718 -0.032571
v -0.056034 0.025988 -0.032355
v -0.056283 0.026224 -0.032165
v -0.056586 0.026416 -0.032007
v -0.056754 0.026494 -0.031943
v -0.056931 0.026558 -0.031889
v -0.056698 0.025302 -0.032895
v -0.056698 0.025765 -0.032533
v -0.057698 0.025534 -0.032715
v -0.056698 0.025534 -0.032715
v -0.056698 0.026223 -0.032165
v -0.057698 0.025995 -0.032350
v -0.056698 0.025995 -0.032350
v -0.057698 0.026450 -0.031979
v -0.057198 0.026450 -0.031979
v -0.057698 0.026563 -0.031885
v -0.057198 0.026563 -0.031885
v -0.058698 0.026223 -0.032165
v -0.058698 0.026450 -0.031979
v -0.070464 0.026559 -0.031889
v -0.070809 0.026417 -0.032006
v -0.071112 0.026225 -0.032164
v -0.071360 0.025989 -0.032355
v -0.071462 0.025857 -0.032460
v -0.071545 0.025719 -0.032570
v -0.071698 0.025113 -0.033039
v -0.069698 0.025765 -0.032533
v -0.069698 0.026223 -0.032165
v -0.070698 0.026223 -0.032165
v -0.069698 0.026450 -0.031979
v -0.070698 0.025765 -0.032533
v -0.069698 0.025995 -0.032350
v -0.070698 0.025995 -0.032350
v -0.069698 0.024834 -0.033250
v -0.069698 0.025302 -0.032895
v -0.071198 0.025765 -0.032533
v -0.070698 0.025880 -0.032442
v -0.071198 0.025995 -0.032350
v -0.071198 0.025880 -0.032442
v -0.070698 0.025302 -0.032895
v -0.069698 0.025534 -0.032715
v -0.070698 0.025534 -0.032715
v -0.071198 0.025534 -0.032715
v -0.070698 0.025650 -0.032624
v -0.071198 0.025650 -0.032624
v -0.071698 0.022057 -0.035153
v -0.071698 0.018825 -0.036985
v -0.066365 0.018825 -0.036985
v -0.061031 0.018825 -0.036985
v -0.064846 0.021480 -0.035509
v -0.064852 0.021482 -0.035507
v -0.064858 0.021484 -0.035506
v -0.064870 0.021488 -0.035504
v -0.064894 0.021497 -0.035498
v -0.064943 0.021516 -0.035487
v -0.065050 0.021560 -0.035460
v -0.065286 0.021674 -0.035391
v -0.065820 0.022035 -0.035167
v -0.066244 0.022486 -0.034880
v -0.066470 0.022855 -0.034640
v -0.066474 0.022862 -0.034635
v -0.066478 0.022870 -0.034630
v -0.066485 0.022885 -0.034620
v -0.066499 0.022915 -0.034600
v -0.066525 0.022975 -0.034560
v -0.066573 0.023095 -0.034480
v -0.066644 0.023336 -0.034318
v -0.066698 0.023804 -0.033994
v -0.066470 0.024735 -0.033323
v -0.066467 0.024740 -0.033320
v -0.066465 0.024744 -0.033316
v -0.066460 0.024754 -0.033309
v -0.066449 0.024773 -0.033295
v -0.066427 0.024813 -0.033265
v -0.066376 0.024898 -0.033201
v -0.066243 0.025087 -0.033059
v -0.065820 0.025510 -0.032734
v -0.065286 0.025844 -0.032471
v -0.064847 0.026020 -0.032329
v -0.064838 0.026023 -0.032327
v -0.064829 0.026026 -0.032325
v -0.064811 0.026032 -0.032320
v -0.064775 0.026043 -0.032311
v -0.064703 0.026064 -0.032295
v -0.064558 0.026101 -0.032265
v -0.064268 0.026156 -0.032220
v -0.065198 0.021412 -0.035550
v -0.065698 0.021538 -0.035473
v -0.065198 0.021538 -0.035473
v -0.066698 0.021412 -0.035550
v -0.066698 0.021916 -0.035241
v -0.067698 0.021664 -0.035396
v -0.066698 0.021664 -0.035396
v -0.069698 0.020903 -0.035852
v -0.069698 0.021916 -0.035241
v -0.069698 0.021412 -0.035550
v -0.064948 0.021412 -0.035550
v -0.065198 0.021475 -0.035512
v -0.064948 0.021475 -0.035512
v -0.065198 0.021158 -0.035702
v -0.064698 0.021285 -0.035626
v -0.065698 0.021285 -0.035626
v -0.065198 0.021285 -0.035626
v -0.066698 0.020903 -0.035852
v -0.067698 0.021158 -0.035702
v -0.066698 0.021158 -0.035702
v -0.064823 0.021475 -0.035512
v -0.064948 0.021507 -0.035493
v -0.064198 0.021158 -0.035702
v -0.064198 0.021285 -0.035626
v -0.064886 0.021475 -0.035512
v -0.064948 0.021491 -0.035502
v -0.064886 0.021491 -0.035502
v -0.065073 0.021475 -0.035512
v -0.065073 0.021538 -0.035473
v -0.065198 0.021507 -0.035493
v -0.065073 0.021507 -0.035493
v -0.065448 0.021412 -0.035550
v -0.065448 0.021538 -0.035473
v -0.065698 0.021475 -0.035512
v -0.065448 0.021475 -0.035512
v -0.066198 0.021412 -0.035550
v -0.066198 0.021664 -0.035396
v -0.066698 0.021538 -0.035473
v -0.066198 0.021538 -0.035473
v -0.064823 0.021412 -0.035550
v -0.064698 0.021443 -0.035531
v -0.064948 0.021443 -0.035531
v -0.064823 0.021443 -0.035531
v -0.064948 0.021285 -0.035626
v -0.064698 0.021348 -0.035588
v -0.065198 0.021348 -0.035588
v -0.064948 0.021348 -0.035588
v -0.064854 0.021475 -0.035512
v -0.064886 0.021483 -0.035507
v -0.064886 0.021443 -0.035531
v -0.064823 0.021459 -0.035521
v -0.064948 0.021459 -0.035521
v -0.064886 0.021459 -0.035521
v -0.065073 0.021412 -0.035550
v -0.065198 0.021443 -0.035531
v -0.065073 0.021443 -0.035531
v -0.064839 0.021475 -0.035512
v -0.064854 0.021459 -0.035521
v -0.064823 0.021467 -0.035516
v -0.064886 0.021467 -0.035516
v -0.064854 0.021467 -0.035516
v -0.064761 0.021443 -0.035531
v -0.064761 0.021459 -0.035521
v -0.064448 0.021285 -0.035626
v -0.064198 0.021348 -0.035588
v -0.064448 0.021348 -0.035588
v -0.064870 0.021483 -0.035507
v -0.064886 0.021487 -0.035505
v -0.064870 0.021487 -0.035505
v -0.064917 0.021475 -0.035512
v -0.064917 0.021491 -0.035502
v -0.064948 0.021483 -0.035507
v -0.064917 0.021483 -0.035507
v -0.065011 0.021475 -0.035512
v -0.065011 0.021507 -0.035493
v -0.065073 0.021491 -0.035502
v -0.065011 0.021491 -0.035502
v -0.066698 0.022417 -0.034925
v -0.066698 0.022912 -0.034602
v -0.067698 0.022665 -0.034764
v -0.066698 0.022665 -0.034764
v -0.069698 0.022912 -0.034602
v -0.069698 0.022417 -0.034925
v -0.066698 0.022789 -0.034683
v -0.067698 0.023157 -0.034439
v -0.066698 0.023157 -0.034439
v -0.069698 0.023883 -0.033939
v -0.069698 0.023400 -0.034274
v -0.066698 0.022851 -0.034643
v -0.066698 0.023035 -0.034520
v -0.067198 0.022665 -0.034764
v -0.067198 0.022912 -0.034602
v -0.067698 0.022789 -0.034683
v -0.067198 0.022789 -0.034683
v -0.068698 0.022417 -0.034925
v -0.068698 0.022912 -0.034602
v -0.069698 0.022665 -0.034764
v -0.068698 0.022665 -0.034764
v -0.066573 0.022851 -0.034643
v -0.066573 0.022912 -0.034602
v -0.066698 0.022881 -0.034622
v -0.066573 0.022881 -0.034622
v -0.066698 0.022973 -0.034561
v -0.067198 0.023157 -0.034439
v -0.067698 0.023035 -0.034520
v -0.067198 0.023035 -0.034520
v -0.068698 0.023400 -0.034274
v -0.069698 0.023157 -0.034439
v -0.068698 0.023157 -0.034439
v -0.066948 0.022789 -0.034683
v -0.066948 0.022912 -0.034602
v -0.067198 0.022851 -0.034643
v -0.066948 0.022851 -0.034643
v -0.066511 0.022851 -0.034643
v -0.066511 0.022881 -0.034622
v -0.066573 0.022866 -0.034632
v -0.066511 0.022866 -0.034632
v -0.066573 0.022789 -0.034683
v -0.066698 0.022820 -0.034663
v -0.066573 0.022820 -0.034663
v -0.066448 0.022665 -0.034764
v -0.066698 0.022727 -0.034724
v -0.066448 0.022727 -0.034724
v -0.066698 0.022541 -0.034845
v -0.067698 0.022167 -0.035084
v -0.066698 0.022167 -0.035084
v -0.066479 0.022851 -0.034643
v -0.066511 0.022858 -0.034637
v -0.066479 0.022858 -0.034637
v -0.066511 0.022820 -0.034663
v -0.066573 0.022835 -0.034653
v -0.066511 0.022835 -0.034653
v -0.066511 0.022874 -0.034627
v -0.066573 0.022897 -0.034612
v -0.066511 0.022897 -0.034612
v -0.066698 0.022943 -0.034581
v -0.066573 0.022943 -0.034581
v -0.066948 0.023035 -0.034520
v -0.067198 0.022973 -0.034561
v -0.066948 0.022973 -0.034561
v -0.066698 0.024361 -0.033598
v -0.066698 0.024834 -0.033250
v -0.067698 0.024598 -0.033425
v -0.066698 0.024598 -0.033425
v -0.069698 0.024361 -0.033598
v -0.066698 0.024716 -0.033337
v -0.066698 0.025302 -0.032895
v -0.067698 0.025069 -0.033073
v -0.066698 0.025069 -0.033073
v -0.066448 0.024834 -0.033250
v -0.066698 0.024775 -0.033293
v -0.066698 0.024951 -0.033161
v -0.067198 0.024598 -0.033425
v -0.067198 0.024834 -0.033250
v -0.067698 0.024716 -0.033337
v -0.067198 0.024716 -0.033337
v -0.068698 0.024361 -0.033598
v -0.068698 0.024834 -0.033250
v -0.069698 0.024598 -0.033425
v -0.068698 0.024598 -0.033425
v -0.066573 0.024716 -0.033337
v -0.066573 0.024775 -0.033293
v -0.066698 0.024745 -0.033315
v -0.066573 0.024745 -0.033315
v -0.066948 0.024716 -0.033337
v -0.066948 0.024834 -0.033250
v -0.067198 0.024775 -0.033293
v -0.066948 0.024775 -0.033293
v -0.067198 0.025069 -0.033073
v -0.067698 0.024951 -0.033161
v -0.067198 0.024951 -0.033161
v -0.068698 0.025302 -0.032895
v -0.069698 0.025069 -0.033073
v -0.068698 0.025069 -0.033073
v -0.066698 0.024657 -0.033381
v -0.066698 0.024479 -0.033511
v -0.067698 0.024122 -0.033769
v -0.066511 0.024716 -0.033337
v -0.066511 0.024745 -0.033315
v -0.066573 0.024731 -0.033326
v -0.066511 0.024731 -0.033326
v -0.066573 0.024657 -0.033381
v -0.066698 0.024686 -0.033359
v -0.066573 0.024686 -0.033359
v -0.066948 0.024598 -0.033425
v -0.067198 0.024657 -0.033381
v -0.066948 0.024657 -0.033381
v -0.067198 0.024361 -0.033598
v -0.067698 0.024479 -0.033511
v -0.067198 0.024479 -0.033511
v -0.066479 0.024731 -0.033326
v -0.066479 0.024745 -0.033315
v -0.066511 0.024738 -0.033321
v -0.066479 0.024738 -0.033321
v -0.066511 0.024775 -0.033293
v -0.066573 0.024760 -0.033304
v -0.066511 0.024760 -0.033304
v -0.066573 0.024834 -0.033250
v -0.066698 0.024804 -0.033272
v -0.066573 0.024804 -0.033272
v -0.066448 0.024951 -0.033161
v -0.066698 0.024893 -0.033206
v -0.066448 0.024893 -0.033206
v -0.066479 0.024742 -0.033318
v -0.066479 0.024760 -0.033304
v -0.066511 0.024753 -0.033310
v -0.066479 0.024753 -0.033310
v -0.065198 0.025995 -0.032350
v -0.064698 0.026109 -0.032258
v -0.065198 0.026223 -0.032165
v -0.065698 0.026109 -0.032258
v -0.065198 0.026109 -0.032258
v -0.065698 0.026450 -0.031979
v -0.064698 0.026450 -0.031979
v -0.066698 0.025765 -0.032533
v -0.066698 0.026223 -0.032165
v -0.067698 0.025995 -0.032350
v -0.066698 0.025995 -0.032350
v -0.064948 0.025995 -0.032350
v -0.064948 0.026109 -0.032258
v -0.065198 0.026052 -0.032304
v -0.064948 0.026052 -0.032304
v -0.065698 0.025880 -0.032442
v -0.064823 0.026052 -0.032304
v -0.064948 0.026023 -0.032327
v -0.064886 0.026023 -0.032327
v -0.064948 0.026009 -0.032339
v -0.064886 0.026009 -0.032339
v -0.065073 0.025995 -0.032350
v -0.065073 0.026052 -0.032304
v -0.065198 0.026023 -0.032327
v -0.065073 0.026023 -0.032327
v -0.065448 0.025995 -0.032350
v -0.065448 0.026109 -0.032258
v -0.065698 0.026052 -0.032304
v -0.065448 0.026052 -0.032304
v -0.066198 0.025995 -0.032350
v -0.066198 0.026223 -0.032165
v -0.066698 0.026109 -0.032258
v -0.066198 0.026109 -0.032258
v -0.067698 0.026450 -0.031979
v -0.066698 0.026450 -0.031979
v -0.064854 0.026023 -0.032327
v -0.064886 0.026016 -0.032333
v -0.064823 0.026038 -0.032316
v -0.064886 0.026052 -0.032304
v -0.064948 0.026038 -0.032316
v -0.064886 0.026038 -0.032316
v -0.064698 0.026080 -0.032281
v -0.064823 0.026109 -0.032258
v -0.064948 0.026080 -0.032281
v -0.064823 0.026080 -0.032281
v -0.064698 0.026166 -0.032212
v -0.064948 0.026223 -0.032165
v -0.065198 0.026166 -0.032212
v -0.064948 0.026166 -0.032212
v -0.064698 0.026337 -0.032072
v -0.065198 0.026450 -0.031979
v -0.065698 0.026337 -0.032072
v -0.065198 0.026337 -0.032072
v -0.064854 0.026038 -0.032316
v -0.064886 0.026030 -0.032321
v -0.064854 0.026030 -0.032321
v -0.063698 -0.021284 -0.035627
v -0.062547 -0.021481 -0.035508
v -0.062541 -0.021483 -0.035507
v -0.062535 -0.021485 -0.035505
v -0.062524 -0.021489 -0.035503
v -0.062500 -0.021498 -0.035498
v -0.062450 -0.021517 -0.035486
v -0.062344 -0.021561 -0.035460
v -0.062109 -0.021675 -0.035390
v -0.061575 -0.022036 -0.035166
v -0.061152 -0.022486 -0.034880
v -0.060926 -0.022855 -0.034640
v -0.060922 -0.022862 -0.034635
v -0.060919 -0.022870 -0.034630
v -0.060911 -0.022885 -0.034620
v -0.060897 -0.022915 -0.034600
v -0.060871 -0.022975 -0.034560
v -0.060823 -0.023096 -0.034479
v -0.060752 -0.023336 -0.034317
v -0.060698 -0.023805 -0.033993
v -0.060928 -0.024737 -0.033322
v -0.060930 -0.024742 -0.033318
v -0.060932 -0.024746 -0.033315
v -0.060937 -0.024756 -0.033308
v -0.060948 -0.024775 -0.033293
v -0.060970 -0.024815 -0.033264
v -0.061021 -0.024900 -0.033200
v -0.061154 -0.025088 -0.033058
v -0.061578 -0.025511 -0.032733
v -0.062112 -0.025844 -0.032471
v -0.062551 -0.026021 -0.032329
v -0.062560 -0.026024 -0.032327
v -0.062569 -0.026027 -0.032324
v -0.062587 -0.026032 -0.032320
v -0.062623 -0.026043 -0.032311
v -0.062695 -0.026064 -0.032294
v -0.062839 -0.026101 -0.032264
v -0.063129 -0.026156 -0.032220
v -0.063698 -0.026199 -0.032185
v -0.063698 -0.020903 -0.035851
v -0.067698 -0.022914 -0.034600
v -0.067698 -0.020903 -0.035851
v -0.067698 -0.021918 -0.035240
v -0.059698 -0.022914 -0.034600
v -0.059698 -0.020903 -0.035851
v -0.059698 -0.021918 -0.035240
v -0.059698 -0.021413 -0.035549
v -0.061698 -0.020903 -0.035851
v -0.061698 -0.021413 -0.035549
v -0.063698 -0.019872 -0.036433
v -0.059698 -0.019872 -0.036433
v -0.061698 -0.021666 -0.035395
v -0.062698 -0.021413 -0.035549
v -0.065698 -0.020903 -0.035851
v -0.067698 -0.021413 -0.035549
v -0.065698 -0.021413 -0.035549
v -0.067698 -0.019872 -0.036433
v -0.059698 -0.022418 -0.034924
v -0.059698 -0.024835 -0.033249
v -0.059698 -0.023884 -0.033938
v -0.061698 -0.021539 -0.035473
v -0.062198 -0.021413 -0.035549
v -0.062198 -0.021539 -0.035473
v -0.060698 -0.021918 -0.035240
v -0.059698 -0.021666 -0.035395
v -0.060698 -0.021413 -0.035549
v -0.060698 -0.021666 -0.035395
v -0.057698 -0.021918 -0.035240
v -0.057698 -0.020903 -0.035851
v -0.057698 -0.021413 -0.035549
v -0.061698 -0.021159 -0.035701
v -0.062698 -0.020903 -0.035851
v -0.063698 -0.021159 -0.035701
v -0.062698 -0.021159 -0.035701
v -0.059698 -0.020390 -0.036146
v -0.061698 -0.019872 -0.036433
v -0.063698 -0.020390 -0.036146
v -0.061698 -0.020390 -0.036146
v -0.062198 -0.021476 -0.035511
v -0.062448 -0.021413 -0.035549
v -0.062448 -0.021476 -0.035511
v -0.061698 -0.021286 -0.035625
v -0.062198 -0.021159 -0.035701
v -0.062698 -0.021286 -0.035625
v -0.062198 -0.021286 -0.035625
v -0.059698 -0.021159 -0.035701
v -0.060698 -0.020903 -0.035851
v -0.060698 -0.021159 -0.035701
v -0.064698 -0.021413 -0.035549
v -0.065698 -0.021666 -0.035395
v -0.067698 -0.022418 -0.034924
v -0.067698 -0.024835 -0.033249
v -0.067698 -0.023884 -0.033938
v -0.062448 -0.021508 -0.035492
v -0.063198 -0.021159 -0.035701
v -0.063198 -0.021286 -0.035625
v -0.064698 -0.020903 -0.035851
v -0.065698 -0.021159 -0.035701
v -0.064698 -0.021159 -0.035701
v -0.065698 -0.019872 -0.036433
v -0.067698 -0.020390 -0.036146
v -0.065698 -0.020390 -0.036146
v -0.062448 -0.021492 -0.035501
v -0.062511 -0.021476 -0.035511
v -0.062511 -0.021492 -0.035501
v -0.062323 -0.021539 -0.035473
v -0.062198 -0.021508 -0.035492
v -0.062323 -0.021476 -0.035511
v -0.062323 -0.021508 -0.035492
v -0.061948 -0.021539 -0.035473
v -0.061698 -0.021476 -0.035511
v -0.061948 -0.021413 -0.035549
v -0.061948 -0.021476 -0.035511
v -0.061198 -0.021666 -0.035395
v -0.060698 -0.021539 -0.035473
v -0.061198 -0.021413 -0.035549
v -0.061198 -0.021539 -0.035473
v -0.062448 -0.021444 -0.035530
v -0.062573 -0.021413 -0.035549
v -0.062698 -0.021444 -0.035530
v -0.062573 -0.021444 -0.035530
v -0.062198 -0.021349 -0.035587
v -0.062448 -0.021286 -0.035625
v -0.062698 -0.021349 -0.035587
v -0.062448 -0.021349 -0.035587
v -0.062511 -0.021484 -0.035506
v -0.062542 -0.021476 -0.035511
v -0.062448 -0.021460 -0.035520
v -0.062511 -0.021444 -0.035530
v -0.062573 -0.021460 -0.035520
v -0.062511 -0.021460 -0.035520
v -0.062198 -0.021444 -0.035530
v -0.062323 -0.021413 -0.035549
v -0.062323 -0.021444 -0.035530
v -0.062526 -0.021484 -0.035506
v -0.062511 -0.021480 -0.035509
v -0.062526 -0.021476 -0.035511
v -0.062526 -0.021480 -0.035509
v -0.062479 -0.021492 -0.035501
v -0.062448 -0.021484 -0.035506
v -0.062479 -0.021476 -0.035511
v -0.062479 -0.021484 -0.035506
v -0.062386 -0.021508 -0.035492
v -0.062323 -0.021492 -0.035501
v -0.062386 -0.021476 -0.035511
v -0.062386 -0.021492 -0.035501
v -0.062511 -0.021468 -0.035516
v -0.062542 -0.021460 -0.035520
v -0.062573 -0.021468 -0.035516
v -0.062542 -0.021468 -0.035516
v -0.062636 -0.021444 -0.035530
v -0.062636 -0.021460 -0.035520
v -0.062948 -0.021286 -0.035625
v -0.063198 -0.021349 -0.035587
v -0.062948 -0.021349 -0.035587
v -0.062511 -0.021488 -0.035504
v -0.060698 -0.022914 -0.034600
v -0.059698 -0.022667 -0.034763
v -0.060698 -0.022418 -0.034924
v -0.060698 -0.022667 -0.034763
v -0.059698 -0.023401 -0.034273
v -0.057698 -0.022914 -0.034600
v -0.057698 -0.022418 -0.034924
v -0.060698 -0.022791 -0.034682
v -0.059698 -0.023158 -0.034437
v -0.060698 -0.023158 -0.034437
v -0.057698 -0.023884 -0.033938
v -0.057698 -0.023401 -0.034273
v -0.060698 -0.022852 -0.034641
v -0.060698 -0.023036 -0.034519
v -0.067698 -0.023401 -0.034273
v -0.060198 -0.022914 -0.034600
v -0.059698 -0.022791 -0.034682
v -0.060198 -0.022667 -0.034763
v -0.060198 -0.022791 -0.034682
v -0.058698 -0.022914 -0.034600
v -0.057698 -0.022667 -0.034763
v -0.058698 -0.022418 -0.034924
v -0.058698 -0.022667 -0.034763
v -0.060823 -0.022914 -0.034600
v -0.060698 -0.022883 -0.034621
v -0.060823 -0.022852 -0.034641
v -0.060823 -0.022883 -0.034621
v -0.060698 -0.022975 -0.034560
v -0.060198 -0.023158 -0.034437
v -0.059698 -0.023036 -0.034519
v -0.060198 -0.023036 -0.034519
v -0.058698 -0.023401 -0.034273
v -0.057698 -0.023158 -0.034437
v -0.058698 -0.023158 -0.034437
v -0.060448 -0.022914 -0.034600
v -0.060198 -0.022852 -0.034641
v -0.060448 -0.022791 -0.034682
v -0.060448 -0.022852 -0.034641
v -0.060886 -0.022883 -0.034621
v -0.060823 -0.022868 -0.034631
v -0.060886 -0.022852 -0.034641
v -0.060886 -0.022868 -0.034631
v -0.060698 -0.022822 -0.034662
v -0.060823 -0.022791 -0.034682
v -0.060823 -0.022822 -0.034662
v -0.060698 -0.022729 -0.034723
v -0.060948 -0.022667 -0.034763
v -0.060948 -0.022729 -0.034723
v -0.060698 -0.022543 -0.034844
v -0.059698 -0.022169 -0.035083
v -0.060698 -0.022169 -0.035083
v -0.060886 -0.022860 -0.034636
v -0.060917 -0.022852 -0.034641
v -0.060917 -0.022860 -0.034636
v -0.060823 -0.022837 -0.034651
v -0.060886 -0.022822 -0.034662
v -0.060886 -0.022837 -0.034651
v -0.060886 -0.022876 -0.034626
v -0.060823 -0.022899 -0.034611
v -0.060886 -0.022899 -0.034611
v -0.060823 -0.022975 -0.034560
v -0.060698 -0.022945 -0.034580
v -0.060823 -0.022945 -0.034580
v -0.060448 -0.023036 -0.034519
v -0.060198 -0.022975 -0.034560
v -0.060448 -0.022975 -0.034560
v -0.059698 -0.024362 -0.033597
v -0.059698 -0.025765 -0.032533
v -0.060698 -0.024835 -0.033249
v -0.059698 -0.024599 -0.033424
v -0.060698 -0.024362 -0.033597
v -0.060698 -0.024599 -0.033424
v -0.061698 -0.025765 -0.032533
v -0.059698 -0.025303 -0.032894
v -0.067698 -0.025765 -0.032533
v -0.057698 -0.024835 -0.033249
v -0.057698 -0.024362 -0.033597
v -0.060698 -0.024717 -0.033337
v -0.067698 -0.024362 -0.033597
v -0.060698 -0.025303 -0.032894
v -0.059698 -0.025069 -0.033072
v -0.060698 -0.025069 -0.033072
v -0.057698 -0.025765 -0.032533
v -0.057698 -0.025303 -0.032894
v -0.060948 -0.024835 -0.033249
v -0.060698 -0.024776 -0.033293
v -0.060698 -0.024952 -0.033161
v -0.065698 -0.025765 -0.032533
v -0.067698 -0.025303 -0.032894
v -0.060198 -0.024835 -0.033249
v -0.059698 -0.024717 -0.033337
v -0.060198 -0.024599 -0.033424
v -0.060198 -0.024717 -0.033337
v -0.058698 -0.024835 -0.033249
v -0.057698 -0.024599 -0.033424
v -0.058698 -0.024362 -0.033597
v -0.058698 -0.024599 -0.033424
v -0.060823 -0.024776 -0.033293
v -0.060698 -0.024746 -0.033315
v -0.060823 -0.024717 -0.033337
v -0.060823 -0.024746 -0.033315
v -0.060448 -0.024835 -0.033249
v -0.060198 -0.024776 -0.033293
v -0.060448 -0.024717 -0.033337
v -0.060448 -0.024776 -0.033293
v -0.060198 -0.025069 -0.033072
v -0.059698 -0.024952 -0.033161
v -0.060198 -0.024952 -0.033161
v -0.058698 -0.025303 -0.032894
v -0.057698 -0.025069 -0.033072
v -0.058698 -0.025069 -0.033072
v -0.060698 -0.024658 -0.033380
v -0.060698 -0.024480 -0.033511
v -0.059698 -0.024124 -0.033768
v -0.060886 -0.024746 -0.033315
v -0.060823 -0.024732 -0.033326
v -0.060886 -0.024717 -0.033337
v -0.060886 -0.024732 -0.033326
v -0.060698 -0.024687 -0.033358
v -0.060823 -0.024658 -0.033380
v -0.060823 -0.024687 -0.033358
v -0.060198 -0.024658 -0.033380
v -0.060448 -0.024599 -0.033424
v -0.060448 -0.024658 -0.033380
v -0.059698 -0.024480 -0.033511
v -0.060198 -0.024362 -0.033597
v -0.060198 -0.024480 -0.033511
v -0.060917 -0.024746 -0.033315
v -0.060886 -0.024739 -0.033320
v -0.060917 -0.024732 -0.033326
v -0.060917 -0.024739 -0.033320
v -0.060886 -0.024776 -0.033293
v -0.060823 -0.024761 -0.033304
v -0.060886 -0.024761 -0.033304
v -0.060823 -0.024835 -0.033249
v -0.060698 -0.024805 -0.033271
v -0.060823 -0.024805 -0.033271
v -0.060948 -0.024952 -0.033161
v -0.060698 -0.024893 -0.033205
v -0.060948 -0.024893 -0.033205
v -0.060917 -0.024743 -0.033317
v -0.060917 -0.024761 -0.033304
v -0.060886 -0.024754 -0.033309
v -0.060917 -0.024754 -0.033309
v -0.059698 -0.026223 -0.032165
v -0.061698 -0.026223 -0.032165
v -0.062698 -0.026223 -0.032165
v -0.061698 -0.025995 -0.032350
v -0.067698 -0.026223 -0.032165
v -0.065698 -0.026223 -0.032165
v -0.062198 -0.026223 -0.032165
v -0.061698 -0.026109 -0.032258
v -0.062198 -0.025995 -0.032350
v -0.062698 -0.026109 -0.032258
v -0.062198 -0.026109 -0.032258
v -0.061698 -0.026450 -0.031979
v -0.062698 -0.026450 -0.031979
v -0.060698 -0.026223 -0.032165
v -0.059698 -0.025995 -0.032350
v -0.060698 -0.025765 -0.032533
v -0.060698 -0.025995 -0.032350
v -0.057698 -0.026223 -0.032165
v -0.062448 -0.026109 -0.032258
v -0.062198 -0.026052 -0.032304
v -0.062448 -0.025995 -0.032350
v -0.062448 -0.026052 -0.032304
v -0.061698 -0.025880 -0.032442
v -0.064698 -0.026223 -0.032165
v -0.065698 -0.025995 -0.032350
v -0.062573 -0.026052 -0.032304
v -0.062448 -0.026024 -0.032327
v -0.062511 -0.026024 -0.032327
v -0.062448 -0.026009 -0.032338
v -0.062511 -0.026009 -0.032338
v -0.062323 -0.026052 -0.032304
v -0.062198 -0.026024 -0.032327
v -0.062323 -0.025995 -0.032350
v -0.062323 -0.026024 -0.032327
v -0.061948 -0.026109 -0.032258
v -0.061698 -0.026052 -0.032304
v -0.061948 -0.025995 -0.032350
v -0.061948 -0.026052 -0.032304
v -0.061198 -0.026223 -0.032165
v -0.060698 -0.026109 -0.032258
v -0.061198 -0.025995 -0.032350
v -0.061198 -0.026109 -0.032258
v -0.059698 -0.026450 -0.031979
v -0.060698 -0.026450 -0.031979
v -0.062511 -0.026052 -0.032304
v -0.062448 -0.026038 -0.032315
v -0.062573 -0.026038 -0.032315
v -0.062511 -0.026038 -0.032315
v -0.062573 -0.026109 -0.032258
v -0.062448 -0.026081 -0.032281
v -0.062698 -0.026081 -0.032281
v -0.062573 -0.026081 -0.032281
v -0.062448 -0.026223 -0.032165
v -0.062198 -0.026166 -0.032211
v -0.062698 -0.026166 -0.032211
v -0.062448 -0.026166 -0.032211
v -0.062198 -0.026450 -0.031979
v -0.061698 -0.026337 -0.032072
v -0.062698 -0.026337 -0.032072
v -0.062198 -0.026337 -0.032072
v -0.062542 -0.026038 -0.032315
v -0.062511 -0.026031 -0.032321
v -0.062542 -0.026031 -0.032321
v -0.069698 -0.026676 -0.031791
v -0.063698 -0.026676 -0.031791
v -0.057698 -0.026676 -0.031791
v -0.056933 -0.026559 -0.031889
v -0.056587 -0.026417 -0.032006
v -0.056284 -0.026224 -0.032164
v -0.056036 -0.025989 -0.032355
v -0.055935 -0.025857 -0.032460
v -0.055851 -0.025719 -0.032570
v -0.055698 -0.025113 -0.033039
v -0.056698 -0.026223 -0.032165
v -0.056698 -0.025765 -0.032533
v -0.057698 -0.025995 -0.032350
v -0.056698 -0.025995 -0.032350
v -0.056198 -0.025995 -0.032350
v -0.056198 -0.025765 -0.032533
v -0.056698 -0.025880 -0.032442
v -0.056198 -0.025880 -0.032442
v -0.056698 -0.025303 -0.032894
v -0.057698 -0.025535 -0.032714
v -0.056698 -0.025535 -0.032714
v -0.056198 -0.025535 -0.032714
v -0.056698 -0.025650 -0.032624
v -0.056198 -0.025650 -0.032624
v -0.055698 -0.022057 -0.035153
v -0.055698 -0.018825 -0.036985
v -0.061031 -0.018825 -0.036985
v -0.066365 -0.018825 -0.036985
v -0.071698 -0.018825 -0.036985
v -0.071698 -0.022057 -0.035153
v -0.071698 -0.025113 -0.033039
v -0.071546 -0.025718 -0.032571
v -0.071362 -0.025988 -0.032355
v -0.071113 -0.026224 -0.032165
v -0.070810 -0.026416 -0.032007
v -0.070642 -0.026494 -0.031943
v -0.070465 -0.026558 -0.031889
v -0.069698 -0.025765 -0.032533
v -0.069698 -0.024835 -0.033249
v -0.069698 -0.025303 -0.032894
v -0.070698 -0.025765 -0.032533
v -0.069698 -0.025535 -0.032714
v -0.070698 -0.025303 -0.032894
v -0.070698 -0.025535 -0.032714
v -0.069698 -0.026223 -0.032165
v -0.070698 -0.026223 -0.032165
v -0.069698 -0.025995 -0.032350
v -0.070698 -0.025995 -0.032350
v -0.069698 -0.026450 -0.031979
v -0.069698 -0.026563 -0.031885
v -0.070198 -0.026450 -0.031979
v -0.070198 -0.026563 -0.031885
v -0.067698 -0.026450 -0.031979
v -0.068698 -0.026223 -0.032165
v -0.068698 -0.026450 -0.031979
v -0.064846 -0.026021 -0.032329
v -0.064852 -0.026019 -0.032331
v -0.064858 -0.026017 -0.032332
v -0.064870 -0.026013 -0.032335
v -0.064894 -0.026005 -0.032342
v -0.064943 -0.025988 -0.032356
v -0.065050 -0.025948 -0.032388
v -0.065286 -0.025844 -0.032471
v -0.065820 -0.025510 -0.032734
v -0.066244 -0.025086 -0.033059
v -0.066470 -0.024734 -0.033324
v -0.066474 -0.024727 -0.033329
v -0.066478 -0.024719 -0.033335
v -0.066485 -0.024705 -0.033345
v -0.066499 -0.024676 -0.033367
v -0.066525 -0.024618 -0.033410
v -0.066573 -0.024501 -0.033495
v -0.066644 -0.024267 -0.033666
v -0.066698 -0.023803 -0.033995
v -0.066470 -0.022853 -0.034641
v -0.066467 -0.022849 -0.034644
v -0.066465 -0.022844 -0.034647
v -0.066460 -0.022834 -0.034653
v -0.066449 -0.022814 -0.034667
v -0.066427 -0.022772 -0.034694
v -0.066376 -0.022683 -0.034752
v -0.066243 -0.022485 -0.034881
v -0.065820 -0.022035 -0.035167
v -0.065286 -0.021674 -0.035391
v -0.064847 -0.021480 -0.035508
v -0.064838 -0.021477 -0.035510
v -0.064829 -0.021474 -0.035512
v -0.064811 -0.021468 -0.035516
v -0.064775 -0.021456 -0.035523
v -0.064703 -0.021433 -0.035537
v -0.064558 -0.021392 -0.035562
v -0.064268 -0.021331 -0.035599
v -0.065198 -0.026223 -0.032165
v -0.064698 -0.026109 -0.032258
v -0.065198 -0.025995 -0.032350
v -0.065698 -0.026109 -0.032258
v -0.065198 -0.026109 -0.032258
v -0.066698 -0.026223 -0.032165
v -0.066698 -0.025765 -0.032533
v -0.067698 -0.025995 -0.032350
v -0.066698 -0.025995 -0.032350
v -0.065698 -0.026450 -0.031979
v -0.064698 -0.026450 -0.031979
v -0.064948 -0.026109 -0.032258
v -0.064698 -0.026052 -0.032304
v -0.064948 -0.025995 -0.032350
v -0.065198 -0.026052 -0.032304
v -0.064948 -0.026052 -0.032304
v -0.065698 -0.025880 -0.032442
v -0.064823 -0.026052 -0.032304
v -0.064948 -0.026024 -0.032327
v -0.065198 -0.025938 -0.032396
v -0.064886 -0.026024 -0.032327
v -0.064948 -0.026009 -0.032338
v -0.064886 -0.026009 -0.032338
v -0.065073 -0.026052 -0.032304
v -0.065073 -0.025995 -0.032350
v -0.065198 -0.026024 -0.032327
v -0.065073 -0.026024 -0.032327
v -0.065448 -0.026109 -0.032258
v -0.065448 -0.025995 -0.032350
v -0.065698 -0.026052 -0.032304
v -0.065448 -0.026052 -0.032304
v -0.066198 -0.026223 -0.032165
v -0.066198 -0.025995 -0.032350
v -0.066698 -0.026109 -0.032258
v -0.066198 -0.026109 -0.032258
v -0.066698 -0.026450 -0.031979
v -0.064854 -0.026024 -0.032327
v -0.064886 -0.026016 -0.032333
v -0.064886 -0.026052 -0.032304
v -0.064823 -0.026038 -0.032315
v -0.064948 -0.026038 -0.032315
v -0.064886 -0.026038 -0.032315
v -0.064823 -0.026109 -0.032258
v -0.064698 -0.026081 -0.032281
v -0.064948 -0.026081 -0.032281
v -0.064823 -0.026081 -0.032281
v -0.064948 -0.026223 -0.032165
v -0.064698 -0.026166 -0.032211
v -0.065198 -0.026166 -0.032211
v -0.064948 -0.026166 -0.032211
v -0.065198 -0.026450 -0.031979
v -0.064698 -0.026337 -0.032072
v -0.065698 -0.026337 -0.032072
v -0.065198 -0.026337 -0.032072
v -0.064854 -0.026020 -0.032330
v -0.064854 -0.026038 -0.032315
v -0.064823 -0.026031 -0.032321
v -0.064886 -0.026031 -0.032321
v -0.064854 -0.026031 -0.032321
v -0.064761 -0.026052 -0.032304
v -0.064761 -0.026038 -0.032315
v -0.064870 -0.026024 -0.032327
v -0.064870 -0.026016 -0.032333
v -0.064886 -0.026020 -0.032330
v -0.064870 -0.026020 -0.032330
v -0.064917 -0.026024 -0.032327
v -0.064917 -0.026009 -0.032338
v -0.064948 -0.026016 -0.032333
v -0.064917 -0.026016 -0.032333
v -0.065011 -0.026024 -0.032327
v -0.065011 -0.025995 -0.032350
v -0.065073 -0.026009 -0.032338
v -0.065011 -0.026009 -0.032338
v -0.065198 -0.025966 -0.032373
v -0.065073 -0.025966 -0.032373
v -0.065448 -0.025880 -0.032442
v -0.065698 -0.025938 -0.032396
v -0.065448 -0.025938 -0.032396
v -0.066198 -0.025765 -0.032533
v -0.066698 -0.025880 -0.032442
v -0.066198 -0.025880 -0.032442
v -0.066698 -0.025303 -0.032894
v -0.067698 -0.025535 -0.032714
v -0.066698 -0.025535 -0.032714
v -0.066698 -0.024835 -0.033249
v -0.066698 -0.024362 -0.033597
v -0.067698 -0.024599 -0.033424
v -0.066698 -0.024599 -0.033424
v -0.069698 -0.023884 -0.033938
v -0.069698 -0.024362 -0.033597
v -0.066698 -0.024717 -0.033337
v -0.067698 -0.025069 -0.033072
v -0.066698 -0.025069 -0.033072
v -0.066698 -0.024776 -0.033293
v -0.067198 -0.024835 -0.033249
v -0.067198 -0.024599 -0.033424
v -0.067698 -0.024717 -0.033337
v -0.067198 -0.024717 -0.033337
v -0.068698 -0.024835 -0.033249
v -0.068698 -0.024362 -0.033597
v -0.069698 -0.024599 -0.033424
v -0.068698 -0.024599 -0.033424
v -0.066698 -0.024952 -0.033161
v -0.066573 -0.024776 -0.033293
v -0.066573 -0.024717 -0.033337
v -0.066698 -0.024746 -0.033315
v -0.066573 -0.024746 -0.033315
v -0.066698 -0.024658 -0.033380
v -0.066698 -0.024480 -0.033511
v -0.067698 -0.024124 -0.033768
v -0.066948 -0.024835 -0.033249
v -0.066948 -0.024717 -0.033337
v -0.067198 -0.024776 -0.033293
v -0.066948 -0.024776 -0.033293
v -0.067198 -0.025069 -0.033072
v -0.067698 -0.024952 -0.033161
v -0.067198 -0.024952 -0.033161
v -0.068698 -0.025303 -0.032894
v -0.069698 -0.025069 -0.033072
v -0.068698 -0.025069 -0.033072
v -0.066511 -0.024746 -0.033315
v -0.066511 -0.024717 -0.033337
v -0.066573 -0.024732 -0.033326
v -0.066511 -0.024732 -0.033326
v -0.066573 -0.024658 -0.033380
v -0.066698 -0.024687 -0.033358
v -0.066573 -0.024687 -0.033358
v -0.066948 -0.024599 -0.033424
v -0.067198 -0.024658 -0.033380
v -0.066948 -0.024658 -0.033380
v -0.067198 -0.024362 -0.033597
v -0.067698 -0.024480 -0.033511
v -0.067198 -0.024480 -0.033511
v -0.066511 -0.024724 -0.033331
v -0.066511 -0.024687 -0.033358
v -0.066573 -0.024702 -0.033347
v -0.066511 -0.024702 -0.033347
v -0.066698 -0.022914 -0.034600
v -0.066698 -0.022418 -0.034924
v -0.067698 -0.022667 -0.034763
v -0.066698 -0.022667 -0.034763
v -0.069698 -0.022914 -0.034600
v -0.069698 -0.021918 -0.035240
v -0.069698 -0.022418 -0.034924
v -0.066698 -0.022791 -0.034682
v -0.067698 -0.023158 -0.034437
v -0.066698 -0.023158 -0.034437
v -0.069698 -0.023401 -0.034273
v -0.066698 -0.022852 -0.034641
v -0.067198 -0.022914 -0.034600
v -0.067198 -0.022667 -0.034763
v -0.067698 -0.022791 -0.034682
v -0.067198 -0.022791 -0.034682
v -0.068698 -0.022914 -0.034600
v -0.068698 -0.022418 -0.034924
v -0.069698 -0.022667 -0.034763
v -0.068698 -0.022667 -0.034763
v -0.066698 -0.023036 -0.034519
v -0.066573 -0.022914 -0.034600
v -0.066573 -0.022852 -0.034641
v -0.066698 -0.022883 -0.034621
v -0.066573 -0.022883 -0.034621
v -0.066948 -0.022914 -0.034600
v -0.066948 -0.022791 -0.034682
v -0.067198 -0.022852 -0.034641
v -0.066948 -0.022852 -0.034641
v -0.067198 -0.023158 -0.034437
v -0.067698 -0.023036 -0.034519
v -0.067198 -0.023036 -0.034519
v -0.068698 -0.023401 -0.034273
v -0.069698 -0.023158 -0.034437
v -0.068698 -0.023158 -0.034437
v -0.066698 -0.022975 -0.034560
v -0.066511 -0.022883 -0.034621
v -0.066511 -0.022852 -0.034641
v -0.066573 -0.022868 -0.034631
v -0.066511 -0.022868 -0.034631
v -0.066573 -0.022791 -0.034682
v -0.066698 -0.022822 -0.034662
v -0.066573 -0.022822 -0.034662
v -0.066448 -0.022667 -0.034763
v -0.066698 -0.022729 -0.034723
v -0.066448 -0.022729 -0.034723
v -0.066698 -0.022543 -0.034844
v -0.066698 -0.021918 -0.035240
v -0.067698 -0.022169 -0.035083
v -0.066698 -0.022169 -0.035083
v -0.066511 -0.022822 -0.034662
v -0.066573 -0.022837 -0.034651
v -0.066511 -0.022837 -0.034651
v -0.066479 -0.022852 -0.034641
v -0.066479 -0.022837 -0.034651
v -0.066511 -0.022845 -0.034646
v -0.066479 -0.022845 -0.034646
v -0.066479 -0.022849 -0.034644
v -0.066479 -0.022868 -0.034631
v -0.066511 -0.022860 -0.034636
v -0.066479 -0.022860 -0.034636
v -0.066479 -0.022841 -0.034649
v -0.066479 -0.022822 -0.034662
v -0.066511 -0.022829 -0.034656
v -0.066479 -0.022829 -0.034656
v -0.066511 -0.022791 -0.034682
v -0.066573 -0.022806 -0.034672
v -0.066511 -0.022806 -0.034672
v -0.066448 -0.022760 -0.034702
v -0.066573 -0.022729 -0.034723
v -0.066698 -0.022760 -0.034702
v -0.066573 -0.022760 -0.034702
v -0.066948 -0.022667 -0.034763
v -0.067198 -0.022729 -0.034723
v -0.066948 -0.022729 -0.034723
v -0.067198 -0.022418 -0.034924
v -0.067698 -0.022543 -0.034844
v -0.067198 -0.022543 -0.034844
v -0.065198 -0.021413 -0.035549
v -0.065698 -0.021539 -0.035473
v -0.065198 -0.021539 -0.035473
v -0.066698 -0.021413 -0.035549
v -0.067698 -0.021666 -0.035395
v -0.066698 -0.021666 -0.035395
v -0.069698 -0.020903 -0.035851
v -0.069698 -0.021413 -0.035549
v -0.064948 -0.021413 -0.035549
v -0.065198 -0.021476 -0.035511
v -0.064948 -0.021476 -0.035511
v -0.064698 -0.021286 -0.035625
v -0.065198 -0.021159 -0.035701
v -0.065698 -0.021286 -0.035625
v -0.065198 -0.021286 -0.035625
v -0.066698 -0.020903 -0.035851
v -0.067698 -0.021159 -0.035701
v -0.066698 -0.021159 -0.035701
v -0.064948 -0.021508 -0.035492
v -0.064198 -0.021159 -0.035701
v -0.064198 -0.021286 -0.035625
v -0.064886 -0.021476 -0.035511
v -0.064948 -0.021492 -0.035501
v -0.064886 -0.021492 -0.035501
v -0.064823 -0.021413 -0.035549
v -0.064948 -0.021444 -0.035530
v -0.064823 -0.021444 -0.035530
v -0.064698 -0.021349 -0.035587
v -0.064948 -0.021286 -0.035625
v -0.065198 -0.021349 -0.035587
v -0.064948 -0.021349 -0.035587
v -0.065073 -0.021539 -0.035473
v -0.065073 -0.021476 -0.035511
v -0.065198 -0.021508 -0.035492
v -0.065073 -0.021508 -0.035492
v -0.065448 -0.021539 -0.035473
v -0.065448 -0.021413 -0.035549
v -0.065698 -0.021476 -0.035511
v -0.065448 -0.021476 -0.035511
v -0.066198 -0.021666 -0.035395
v -0.066198 -0.021413 -0.035549
v -0.066698 -0.021539 -0.035473
v -0.066198 -0.021539 -0.035473
v -0.064854 -0.021476 -0.035511
v -0.064886 -0.021484 -0.035506
v -0.064823 -0.021460 -0.035520
v -0.064886 -0.021444 -0.035530
v -0.064948 -0.021460 -0.035520
v -0.064886 -0.021460 -0.035520
v -0.065073 -0.021413 -0.035549
v -0.065198 -0.021444 -0.035530
v -0.065073 -0.021444 -0.035530
v -0.064854 -0.021460 -0.035520
v -0.064886 -0.021468 -0.035516
v -0.064854 -0.021468 -0.035516
v -0.064448 -0.021286 -0.035625
v -0.064448 -0.021349 -0.035587
v -0.069698 -0.024105 -0.028727
v -0.063698 -0.024105 -0.028727
v -0.057698 -0.026676 -0.031791
v -0.063698 -0.026676 -0.031791
v -0.057698 -0.024105 -0.028727
v -0.057698 -0.024962 -0.029748
v -0.057698 -0.025819 -0.030769
v -0.063698 -0.025390 -0.030259
v -0.063698 -0.024747 -0.029493
v -0.060698 -0.025390 -0.030259
v -0.060698 -0.024747 -0.029493
v -0.063698 -0.026033 -0.031025
v -0.060698 -0.026033 -0.031025
v -0.069698 -0.026676 -0.031791
v -0.069698 -0.025390 -0.030259
v -0.055736 -0.015000 -0.056865
v -0.057940 -0.012000 -0.082050
v -0.057695 -0.012000 -0.079251
v -0.057450 -0.012000 -0.076453
v -0.057205 -0.012000 -0.073655
v -0.056715 -0.012000 -0.068058
v -0.056471 -0.012000 -0.065260
v -0.056226 -0.012000 -0.062462
v -0.055981 -0.012000 -0.059663
v -0.057940 -0.009000 -0.082050
v -0.057695 -0.009000 -0.079251
v -0.057450 -0.009000 -0.076453
v -0.057205 -0.009000 -0.073655
v -0.056715 -0.009000 -0.068058
v -0.056471 -0.009000 -0.065260
v -0.056226 -0.009000 -0.062462
v -0.055981 -0.009000 -0.059663
v -0.057940 -0.006000 -0.082050
v -0.057695 -0.006000 -0.079251
v -0.057450 -0.006000 -0.076453
v -0.056471 -0.006000 -0.065260
v -0.056226 -0.006000 -0.062462
v -0.055981 -0.006000 -0.059663
v -0.057450 -0.003000 -0.076453
v -0.056471 -0.003000 -0.065260
v -0.056226 -0.003000 -0.062462
v -0.055736 -0.000000 -0.056865
v -0.057450 0.003000 -0.076453
v -0.056471 0.003000 -0.065260
v -0.057940 0.006000 -0.082050
v -0.057695 0.006000 -0.079251
v -0.057450 0.006000 -0.076453
v -0.056471 0.006000 -0.065260
v -0.056226 0.006000 -0.062462
v -0.055981 0.006000 -0.059663
v -0.057940 0.009000 -0.082050
v -0.057695 0.009000 -0.079251
v -0.057450 0.009000 -0.076453
v -0.057205 0.009000 -0.073655
v -0.056715 0.009000 -0.068058
v -0.056471 0.009000 -0.065260
v -0.056226 0.009000 -0.062462
v -0.055981 0.009000 -0.059663
v -0.058184 0.012000 -0.084848
v -0.057940 0.012000 -0.082050
v -0.057695 0.012000 -0.079251
v -0.057450 0.012000 -0.076453
v -0.057205 0.012000 -0.073655
v -0.056715 0.012000 -0.068058
v -0.056471 0.012000 -0.065260
v -0.056226 0.012000 -0.062462
v -0.055981 0.012000 -0.059663
v -0.055736 0.015000 -0.056865
v -0.058031 -0.000973 -0.083098
v -0.057972 -0.001992 -0.082424
v -0.057881 -0.002617 -0.081376
v -0.057774 -0.002724 -0.080161
v -0.057675 -0.002291 -0.079021
v -0.057601 -0.001405 -0.078180
v -0.057568 -0.000240 -0.077806
v -0.057583 0.000973 -0.077973
v -0.056047 -0.002743 -0.060416
v -0.055945 -0.002386 -0.059250
v -0.055866 -0.001557 -0.058353
v -0.055827 -0.000419 -0.057904
v -0.055835 0.000802 -0.057991
v -0.055888 0.001864 -0.058597
v -0.055976 0.002557 -0.059602
v -0.056081 0.002743 -0.060807
v -0.056183 0.002386 -0.061973
v -0.056262 0.001557 -0.062870
v -0.056301 0.000419 -0.063319
v -0.056293 -0.000802 -0.063232
v -0.056240 -0.001864 -0.062626
v -0.056152 -0.002557 -0.061621
v -0.057642 0.001992 -0.078647
v -0.057734 0.002618 -0.079695
v -0.057840 0.002724 -0.080910
v -0.057940 0.002291 -0.082050
v -0.058013 0.001405 -0.082891
v -0.058046 0.000240 -0.083265
v -0.055918 -0.015000 -0.058948
v -0.056101 -0.015000 -0.061031
v -0.056283 -0.015000 -0.063114
v -0.056465 -0.015000 -0.065196
v -0.056647 -0.015000 -0.067279
v -0.056830 -0.015000 -0.069362
v -0.057012 -0.015000 -0.071445
v -0.057194 -0.015000 -0.073528
v -0.057376 -0.015000 -0.075611
v -0.057558 -0.015000 -0.077694
v -0.057741 -0.015000 -0.079776
v -0.055736 0.012857 -0.056865
v -0.055736 0.010714 -0.056865
v -0.055736 0.008571 -0.056865
v -0.055736 0.006429 -0.056865
v -0.055736 0.004286 -0.056865
v -0.055736 0.002143 -0.056865
v -0.055736 -0.002143 -0.056865
v -0.055736 -0.004286 -0.056865
v -0.055736 -0.006429 -0.056865
v -0.055736 -0.008571 -0.056865
v -0.055736 -0.010714 -0.056865
v -0.055736 -0.012857 -0.056865
v -0.057923 0.015000 -0.081859
v -0.057741 0.015000 -0.079776
v -0.057558 0.015000 -0.077694
v -0.057376 0.015000 -0.075611
v -0.057194 0.015000 -0.073528
v -0.057012 0.015000 -0.071445
v -0.056830 0.015000 -0.069362
v -0.056647 0.015000 -0.067279
v -0.056465 0.015000 -0.065196
v -0.056283 0.015000 -0.063114
v -0.056101 0.015000 -0.061031
v -0.055918 0.015000 -0.058948
v -0.058184 -0.012000 -0.084848
v -0.058184 -0.009818 -0.084848
v -0.058184 -0.007636 -0.084848
v -0.058184 -0.005455 -0.084848
v -0.058184 -0.003273 -0.084848
v -0.058184 -0.001091 -0.084848
v -0.058184 0.001091 -0.084848
v -0.058184 0.003273 -0.084848
v -0.058184 0.005455 -0.084848
v -0.058184 0.007636 -0.084848
v -0.058184 0.009818 -0.084848
v -0.056587 -0.005000 -0.066589
v -0.056587 -0.003000 -0.066589
v -0.056587 -0.001000 -0.066589
v -0.056587 0.001000 -0.066589
v -0.056587 0.003000 -0.066589
v -0.056587 0.005000 -0.066589
v -0.057284 0.005000 -0.074558
v -0.057284 0.003000 -0.074558
v -0.057284 0.001000 -0.074558
v -0.057284 -0.001000 -0.074558
v -0.057284 -0.003000 -0.074558
v -0.057284 -0.005000 -0.074558
v -0.057923 -0.015000 -0.081859
v -0.058023 -0.014772 -0.083003
v -0.058108 -0.014121 -0.083972
v -0.058164 -0.013148 -0.084620
v -0.058164 0.013148 -0.084620
v -0.058108 0.014121 -0.083972
v -0.058023 0.014772 -0.083003
v -0.057258 -0.006531 -0.074255
v -0.057182 -0.007828 -0.073391
v -0.057069 -0.008695 -0.072098
v -0.056936 -0.009000 -0.070574
v -0.056802 -0.008695 -0.069049
v -0.056689 -0.007828 -0.067756
v -0.056613 -0.006531 -0.066892
v -0.056613 0.006531 -0.066892
v -0.056689 0.007828 -0.067756
v -0.056802 0.008696 -0.069049
v -0.056936 0.009000 -0.070574
v -0.057069 0.008696 -0.072098
v -0.057182 0.007828 -0.073391
v -0.057258 0.006531 -0.074255
v -0.071698 0.012556 -0.043647
v -0.071698 0.012556 -0.039088
v -0.071698 -0.000000 -0.043647
v -0.071698 -0.000000 -0.039088
v -0.071698 -0.012556 -0.043647
v -0.071698 -0.012556 -0.039088
v -0.071698 -0.012556 -0.045926
v -0.071698 -0.015000 -0.043223
v -0.071698 0.015000 -0.043223
v -0.071698 -0.022538 -0.029971
v -0.071698 -0.018497 -0.032621
v -0.071698 -0.014148 -0.034729
v -0.071698 -0.009565 -0.036260
v -0.071698 -0.004822 -0.037189
v -0.071698 -0.000000 -0.037500
v -0.071698 0.004822 -0.037189
v -0.071698 0.009565 -0.036260
v -0.071698 0.014148 -0.034729
v -0.071698 0.018497 -0.032621
v -0.071698 0.022538 -0.029971
v -0.071698 0.025113 -0.033039
v -0.071698 0.022057 -0.035153
v -0.071698 0.018825 -0.036985
v -0.071698 -0.018825 -0.036985
v -0.071698 -0.022057 -0.035153
v -0.071698 -0.025113 -0.033039
v -0.071698 -0.012556 -0.047066
v -0.071698 -0.006278 -0.043647
v -0.071698 -0.000000 -0.045926
v -0.071698 -0.006278 -0.045926
v -0.071698 -0.014126 -0.047066
v -0.071698 -0.012556 -0.047636
v -0.071698 -0.014126 -0.047636
v -0.071698 -0.009417 -0.045926
v -0.071698 -0.006278 -0.047066
v -0.071698 -0.009417 -0.047066
v -0.071698 -0.014126 -0.047921
v -0.071698 -0.013341 -0.047636
v -0.071698 -0.012556 -0.047921
v -0.071698 -0.013341 -0.047921
v -0.071698 -0.010987 -0.047066
v -0.071698 -0.009417 -0.047636
v -0.071698 -0.010987 -0.047636
v -0.071698 0.012556 -0.045926
v -0.071698 0.012556 -0.047066
v -0.071698 0.006278 -0.043647
v -0.071698 0.006278 -0.045926
v -0.071698 0.012556 -0.047636
v -0.071698 0.014126 -0.047066
v -0.071698 0.014126 -0.047636
v -0.071698 0.006278 -0.047066
v -0.071698 0.009417 -0.045926
v -0.071698 0.009417 -0.047066
v -0.071698 0.012556 -0.047921
v -0.071698 0.013341 -0.047636
v -0.071698 0.014126 -0.047921
v -0.071698 0.013341 -0.047921
v -0.071698 0.009417 -0.047636
v -0.071698 0.010987 -0.047066
v -0.071698 0.010987 -0.047636
v -0.071698 -0.023825 -0.031505
v -0.071698 0.023825 -0.031505
v -0.071698 -0.015263 -0.041322
v -0.071698 -0.016032 -0.039564
v -0.071698 -0.017250 -0.038081
v -0.071698 -0.012556 -0.041368
v -0.071698 0.017250 -0.038081
v -0.071698 0.016032 -0.039564
v -0.071698 0.015263 -0.041322
v -0.071698 0.012556 -0.041368
v -0.060675 0.012000 -0.084630
v -0.058184 -0.012000 -0.084848
v -0.060675 -0.012000 -0.084630
v -0.060675 -0.006000 -0.084630
v -0.060675 -0.000000 -0.084630
v -0.060675 0.006000 -0.084630
v -0.058184 0.012000 -0.084848
v -0.058184 0.009818 -0.084848
v -0.058184 0.007636 -0.084848
v -0.058184 0.005455 -0.084848
v -0.058184 0.003273 -0.084848
v -0.058184 0.001091 -0.084848
v -0.058184 -0.001091 -0.084848
v -0.058184 -0.003273 -0.084848
v -0.058184 -0.005455 -0.084848
v -0.058184 -0.007636 -0.084848
v -0.058184 -0.009818 -0.084848
v -0.059430 0.006000 -0.084739
v -0.059430 -0.006000 -0.084739
v -0.059430 -0.012000 -0.084739
v -0.059430 -0.009000 -0.084739
v -0.058807 -0.006000 -0.084793
v -0.058807 -0.009000 -0.084793
v -0.060052 -0.006000 -0.084684
v -0.060052 -0.009000 -0.084684
v -0.059430 0.012000 -0.084739
v -0.060052 0.006000 -0.084684
v -0.059430 0.009000 -0.084739
v -0.060052 0.009000 -0.084684
v -0.058807 0.006000 -0.084793
v -0.058807 0.009000 -0.084793
v -0.060675 -0.012000 -0.084630
v -0.057923 -0.015000 -0.081859
v -0.058184 -0.012000 -0.084848
v -0.059430 -0.012000 -0.084739
v -0.060655 -0.013148 -0.084402
v -0.060598 -0.014121 -0.083755
v -0.060513 -0.014772 -0.082785
v -0.060413 -0.015000 -0.081641
v -0.059168 -0.015000 -0.081750
v -0.058023 -0.014772 -0.083003
v -0.058108 -0.014121 -0.083972
v -0.058164 -0.013148 -0.084620
v -0.057923 0.015000 -0.081859
v -0.060675 0.012000 -0.084630
v -0.058184 0.012000 -0.084848
v -0.058164 0.013148 -0.084620
v -0.058108 0.014121 -0.083972
v -0.058023 0.014772 -0.083003
v -0.059168 0.015000 -0.081750
v -0.060413 0.015000 -0.081641
v -0.060513 0.014772 -0.082785
v -0.060598 0.014121 -0.083755
v -0.060655 0.013148 -0.084402
v -0.059430 0.012000 -0.084739
v -0.063698 -0.017500 -0.037000
v -0.063698 -0.017500 -0.033488
v -0.064290 -0.017378 -0.035244
v -0.064769 -0.017050 -0.035244
v -0.065087 -0.016567 -0.035244
v -0.065198 -0.016000 -0.037000
v -0.065198 -0.016000 -0.035244
v -0.065077 -0.015409 -0.035244
v -0.064748 -0.014929 -0.035244
v -0.064265 -0.014611 -0.035244
v -0.063698 -0.014500 -0.037000
v -0.063698 -0.017500 -0.034658
v -0.063698 -0.017500 -0.035829
v -0.063698 -0.014500 -0.036042
v -0.063699 -0.014500 -0.035083
v -0.064272 -0.017386 -0.037000
v -0.064759 -0.017061 -0.037000
v -0.065084 -0.016574 -0.037000
v -0.065084 -0.015426 -0.037000
v -0.064759 -0.014939 -0.037000
v -0.064272 -0.014614 -0.037000
v -0.064005 -0.014532 -0.035069
v -0.064299 -0.014625 -0.035025
v -0.064365 -0.014657 -0.035010
v -0.064431 -0.014691 -0.034994
v -0.064558 -0.014771 -0.034956
v -0.064789 -0.014970 -0.034860
v -0.064837 -0.015024 -0.034834
v -0.064883 -0.015080 -0.034806
v -0.064969 -0.015203 -0.034746
v -0.065004 -0.015263 -0.034716
v -0.065038 -0.015326 -0.034685
v -0.065098 -0.015461 -0.034617
v -0.065110 -0.015492 -0.034601
v -0.065121 -0.015524 -0.034585
v -0.065141 -0.015591 -0.034551
v -0.065174 -0.015734 -0.034477
v -0.065177 -0.015749 -0.034469
v -0.065180 -0.015764 -0.034461
v -0.065184 -0.015796 -0.034444
v -0.065192 -0.015864 -0.034409
v -0.065198 -0.016015 -0.034329
v -0.065198 -0.016030 -0.034321
v -0.065197 -0.016046 -0.034313
v -0.065196 -0.016080 -0.034295
v -0.065190 -0.016155 -0.034255
v -0.065187 -0.016179 -0.034242
v -0.065185 -0.016201 -0.034230
v -0.065179 -0.016239 -0.034209
v -0.065169 -0.016293 -0.034180
v -0.065167 -0.016303 -0.034174
v -0.065165 -0.016313 -0.034169
v -0.065161 -0.016333 -0.034158
v -0.065151 -0.016372 -0.034137
v -0.065131 -0.016443 -0.034098
v -0.065089 -0.016563 -0.034031
v -0.065081 -0.016580 -0.034021
v -0.065074 -0.016598 -0.034011
v -0.065059 -0.016632 -0.033992
v -0.065027 -0.016697 -0.033956
v -0.064959 -0.016813 -0.033890
v -0.064938 -0.016845 -0.033872
v -0.064916 -0.016875 -0.033854
v -0.064872 -0.016934 -0.033821
v -0.064780 -0.017039 -0.033760
v -0.064753 -0.017066 -0.033744
v -0.064726 -0.017092 -0.033729
v -0.064671 -0.017141 -0.033700
v -0.064558 -0.017229 -0.033649
v -0.064526 -0.017251 -0.033636
v -0.064494 -0.017271 -0.033624
v -0.064429 -0.017310 -0.033601
v -0.064296 -0.017376 -0.033562
v -0.064224 -0.017405 -0.033545
v -0.064152 -0.017430 -0.033530
v -0.064005 -0.017468 -0.033507
v -0.063852 -0.017492 -0.033492
v -0.063987 -0.014528 -0.035244
v -0.064522 -0.014747 -0.035244
v -0.064397 -0.014673 -0.035244
v -0.064265 -0.014611 -0.036122
v -0.064748 -0.014929 -0.036122
v -0.064522 -0.014747 -0.036122
v -0.064332 -0.014640 -0.035244
v -0.064265 -0.014611 -0.035683
v -0.064522 -0.014747 -0.035683
v -0.064397 -0.014673 -0.036122
v -0.064397 -0.014673 -0.035683
v -0.063987 -0.014528 -0.036122
v -0.064128 -0.014563 -0.035244
v -0.064522 -0.014747 -0.035024
v -0.064461 -0.014708 -0.035244
v -0.064461 -0.014708 -0.035024
v -0.064640 -0.014832 -0.035244
v -0.064936 -0.015153 -0.035244
v -0.064848 -0.015036 -0.035244
v -0.065077 -0.015409 -0.036122
v -0.064936 -0.015153 -0.036122
v -0.064748 -0.014929 -0.035024
v -0.064848 -0.015036 -0.035024
v -0.064799 -0.014981 -0.035244
v -0.064799 -0.014981 -0.035024
v -0.064748 -0.014929 -0.035683
v -0.064936 -0.015153 -0.035683
v -0.064848 -0.015036 -0.036122
v -0.064848 -0.015036 -0.035683
v -0.064936 -0.015153 -0.035024
v -0.064893 -0.015093 -0.035244
v -0.064893 -0.015093 -0.035024
v -0.065077 -0.015409 -0.034805
v -0.065012 -0.015277 -0.035244
v -0.065012 -0.015277 -0.034805
v -0.065198 -0.016000 -0.034366
v -0.065167 -0.015698 -0.035244
v -0.065046 -0.015342 -0.034805
v -0.065167 -0.015698 -0.034805
v -0.065129 -0.015551 -0.035244
v -0.065129 -0.015551 -0.034805
v -0.065198 -0.016000 -0.036122
v -0.065167 -0.015698 -0.036122
v -0.065105 -0.015479 -0.034805
v -0.065077 -0.015409 -0.034695
v -0.065105 -0.015479 -0.034695
v -0.065091 -0.015444 -0.034805
v -0.065091 -0.015444 -0.034695
v -0.065077 -0.015409 -0.035024
v -0.065129 -0.015551 -0.035024
v -0.065105 -0.015479 -0.035244
v -0.065105 -0.015479 -0.035024
v -0.065077 -0.015409 -0.035683
v -0.065167 -0.015698 -0.035683
v -0.065129 -0.015551 -0.036122
v -0.065129 -0.015551 -0.035683
v -0.065129 -0.015551 -0.034695
v -0.065118 -0.015515 -0.034805
v -0.065118 -0.015515 -0.034695
v -0.065167 -0.015698 -0.034585
v -0.065150 -0.015624 -0.034805
v -0.065150 -0.015624 -0.034585
v -0.065198 -0.016000 -0.034805
v -0.065190 -0.015848 -0.035244
v -0.065190 -0.015848 -0.034805
v -0.065087 -0.016567 -0.034366
v -0.065170 -0.016289 -0.035244
v -0.065170 -0.016289 -0.034366
v -0.065190 -0.015848 -0.034585
v -0.065181 -0.015773 -0.034805
v -0.065181 -0.015773 -0.034585
v -0.065181 -0.015773 -0.034475
v -0.065175 -0.015735 -0.034585
v -0.065167 -0.015698 -0.034530
v -0.065175 -0.015735 -0.034530
v -0.065171 -0.015717 -0.034585
v -0.065171 -0.015717 -0.034530
v -0.065167 -0.015698 -0.034695
v -0.065181 -0.015773 -0.034695
v -0.065175 -0.015735 -0.034805
v -0.065175 -0.015735 -0.034695
v -0.065167 -0.015698 -0.035024
v -0.065190 -0.015848 -0.035024
v -0.065181 -0.015773 -0.035244
v -0.065181 -0.015773 -0.035024
v -0.065198 -0.016000 -0.035683
v -0.065190 -0.015848 -0.036122
v -0.065190 -0.015848 -0.035683
v -0.065087 -0.016567 -0.036122
v -0.065170 -0.016289 -0.036122
v -0.065159 -0.015661 -0.034585
v -0.065190 -0.015848 -0.034475
v -0.065186 -0.015811 -0.034585
v -0.065186 -0.015811 -0.034475
v -0.065198 -0.016000 -0.034585
v -0.065196 -0.015924 -0.034805
v -0.065196 -0.015924 -0.034585
v -0.065191 -0.016145 -0.034366
v -0.065170 -0.016289 -0.034805
v -0.065191 -0.016145 -0.035244
v -0.065191 -0.016145 -0.034805
v -0.065196 -0.016073 -0.034366
v -0.065198 -0.016036 -0.034366
v -0.065191 -0.016145 -0.034585
v -0.065196 -0.016073 -0.034805
v -0.065196 -0.016073 -0.034585
v -0.065198 -0.016018 -0.034366
v -0.065198 -0.016000 -0.034475
v -0.065196 -0.016073 -0.034475
v -0.065198 -0.016036 -0.034585
v -0.065198 -0.016036 -0.034475
v -0.065197 -0.016054 -0.034366
v -0.065194 -0.016109 -0.034366
v -0.065182 -0.016217 -0.034366
v -0.065135 -0.016430 -0.034366
v -0.064769 -0.017050 -0.034366
v -0.064951 -0.016824 -0.035244
v -0.064951 -0.016824 -0.034366
v -0.065182 -0.016217 -0.034256
v -0.065187 -0.016181 -0.034366
v -0.065187 -0.016181 -0.034256
v -0.065170 -0.016289 -0.034585
v -0.065182 -0.016217 -0.034805
v -0.065182 -0.016217 -0.034585
v -0.065087 -0.016567 -0.034805
v -0.065135 -0.016430 -0.035244
v -0.065135 -0.016430 -0.034805
v -0.065185 -0.016199 -0.034256
v -0.065170 -0.016289 -0.034256
v -0.065177 -0.016253 -0.034366
v -0.065177 -0.016253 -0.034256
v -0.065154 -0.016360 -0.034366
v -0.065154 -0.016360 -0.034256
v -0.065163 -0.016325 -0.034366
v -0.065163 -0.016325 -0.034256
v -0.065135 -0.016430 -0.034585
v -0.065154 -0.016360 -0.034805
v -0.065154 -0.016360 -0.034585
v -0.065170 -0.016289 -0.034201
v -0.065163 -0.016325 -0.034201
v -0.065166 -0.016307 -0.034256
v -0.065166 -0.016307 -0.034201
v -0.065168 -0.016298 -0.034201
v -0.065173 -0.016271 -0.034256
v -0.065173 -0.016271 -0.034201
v -0.065163 -0.016325 -0.034174
v -0.065165 -0.016316 -0.034201
v -0.065165 -0.016316 -0.034174
v -0.065154 -0.016360 -0.034201
v -0.065159 -0.016342 -0.034256
v -0.065159 -0.016342 -0.034201
v -0.065145 -0.016395 -0.034146
v -0.065135 -0.016430 -0.034256
v -0.065145 -0.016395 -0.034366
v -0.065145 -0.016395 -0.034256
v -0.065087 -0.016567 -0.034146
v -0.065113 -0.016499 -0.034366
v -0.065113 -0.016499 -0.034146
v -0.064951 -0.016824 -0.033927
v -0.065025 -0.016699 -0.034366
v -0.065100 -0.016533 -0.034146
v -0.065025 -0.016699 -0.034146
v -0.065058 -0.016634 -0.034366
v -0.065058 -0.016634 -0.034146
v -0.064951 -0.016824 -0.034805
v -0.065025 -0.016699 -0.035244
v -0.065025 -0.016699 -0.034805
v -0.064769 -0.017050 -0.036122
v -0.064951 -0.016824 -0.036122
v -0.065058 -0.016634 -0.034036
v -0.065073 -0.016601 -0.034146
v -0.065073 -0.016601 -0.034036
v -0.064769 -0.017050 -0.033927
v -0.064866 -0.016942 -0.034366
v -0.064866 -0.016942 -0.033927
v -0.064290 -0.017378 -0.034366
v -0.064545 -0.017238 -0.035244
v -0.064545 -0.017238 -0.034366
v -0.064910 -0.016884 -0.033927
v -0.064951 -0.016824 -0.034146
v -0.064990 -0.016762 -0.034366
v -0.064990 -0.016762 -0.034146
v -0.064931 -0.016854 -0.033927
v -0.064866 -0.016942 -0.034146
v -0.064910 -0.016884 -0.034366
v -0.064910 -0.016884 -0.034146
v -0.064769 -0.017050 -0.034805
v -0.064866 -0.016942 -0.035244
v -0.064866 -0.016942 -0.034805
v -0.064819 -0.016997 -0.033927
v -0.064545 -0.017238 -0.033927
v -0.064662 -0.017149 -0.034366
v -0.064662 -0.017149 -0.033927
v -0.064819 -0.016997 -0.033817
v -0.064769 -0.017050 -0.033817
v -0.064794 -0.017024 -0.033927
v -0.064794 -0.017024 -0.033817
v -0.064717 -0.017101 -0.033927
v -0.064769 -0.017050 -0.034146
v -0.064819 -0.016997 -0.034366
v -0.064819 -0.016997 -0.034146
v -0.064717 -0.017101 -0.033817
v -0.064743 -0.017076 -0.033927
v -0.064743 -0.017076 -0.033817
v -0.064662 -0.017149 -0.034146
v -0.064717 -0.017101 -0.034366
v -0.064717 -0.017101 -0.034146
v -0.064545 -0.017238 -0.034805
v -0.064662 -0.017149 -0.035244
v -0.064662 -0.017149 -0.034805
v -0.064290 -0.017378 -0.036122
v -0.064545 -0.017238 -0.036122
v -0.064545 -0.017238 -0.033707
v -0.064605 -0.017195 -0.033927
v -0.064605 -0.017195 -0.033707
v -0.064290 -0.017378 -0.033927
v -0.064421 -0.017314 -0.034366
v -0.064421 -0.017314 -0.033927
v -0.064000 -0.017469 -0.035244
v -0.064000 -0.017469 -0.034366
v -0.064575 -0.017217 -0.033707
v -0.064421 -0.017314 -0.033707
v -0.064484 -0.017278 -0.033927
v -0.064484 -0.017278 -0.033707
v -0.064515 -0.017258 -0.033707
v -0.064290 -0.017378 -0.033707
v -0.064356 -0.017348 -0.033927
v -0.064356 -0.017348 -0.033707
v -0.064000 -0.017469 -0.033927
v -0.064147 -0.017431 -0.034366
v -0.064147 -0.017431 -0.033927
v -0.064147 -0.017431 -0.033707
v -0.064219 -0.017407 -0.033927
v -0.064219 -0.017407 -0.033707
v -0.063850 -0.017492 -0.034366
v -0.063850 -0.017492 -0.033927
v -0.063698 -0.017500 -0.037000
v -0.063698 -0.016000 -0.037901
v -0.063994 -0.016689 -0.037451
v -0.063698 -0.016000 -0.037901
v -0.064234 -0.016525 -0.037451
v -0.063698 -0.016000 -0.037901
v -0.064392 -0.016284 -0.037451
v -0.063698 -0.016000 -0.037901
v -0.064448 -0.016000 -0.037451
v -0.063698 -0.016000 -0.037901
v -0.064387 -0.015704 -0.037451
v -0.063698 -0.016000 -0.037901
v -0.064223 -0.015464 -0.037451
v -0.063982 -0.015306 -0.037451
v -0.063698 -0.016000 -0.037901
v -0.063698 -0.017000 -0.037300
v -0.063698 -0.016500 -0.037601
v -0.063698 -0.015500 -0.037601
v -0.063698 -0.015000 -0.037300
v -0.063698 -0.014500 -0.037000
v -0.064272 -0.014614 -0.037000
v -0.064759 -0.014939 -0.037000
v -0.065084 -0.015426 -0.037000
v -0.065198 -0.016000 -0.037000
v -0.065084 -0.016574 -0.037000
v -0.064759 -0.017061 -0.037000
v -0.064272 -0.017386 -0.037000
v -0.063698 0.014500 -0.037000
v -0.064290 0.014622 -0.035244
v -0.064769 0.014950 -0.035244
v -0.065087 0.015433 -0.035244
v -0.065198 0.016000 -0.035244
v -0.065077 0.016592 -0.035244
v -0.064748 0.017071 -0.035244
v -0.064265 0.017389 -0.035244
v -0.063698 0.017500 -0.033488
v -0.064001 0.017469 -0.033506
v -0.064297 0.017375 -0.033562
v -0.064364 0.017344 -0.033581
v -0.064430 0.017309 -0.033602
v -0.064559 0.017228 -0.033649
v -0.064588 0.017208 -0.033662
v -0.064617 0.017186 -0.033674
v -0.064673 0.017140 -0.033701
v -0.064782 0.017037 -0.033761
v -0.064805 0.017012 -0.033776
v -0.064829 0.016986 -0.033791
v -0.064874 0.016931 -0.033822
v -0.064960 0.016810 -0.033892
v -0.064978 0.016783 -0.033907
v -0.064995 0.016754 -0.033924
v -0.065028 0.016693 -0.033958
v -0.065090 0.016558 -0.034034
v -0.065096 0.016545 -0.034041
v -0.065101 0.016531 -0.034049
v -0.065112 0.016502 -0.034065
v -0.065133 0.016439 -0.034100
v -0.065170 0.016289 -0.034182
v -0.065170 0.016288 -0.034182
v -0.065170 0.016288 -0.034182
v -0.065170 0.016287 -0.034183
v -0.065171 0.016284 -0.034185
v -0.065173 0.016275 -0.034189
v -0.065178 0.016247 -0.034205
v -0.065191 0.016150 -0.034257
v -0.065192 0.016140 -0.034263
v -0.065193 0.016130 -0.034268
v -0.065194 0.016110 -0.034279
v -0.065196 0.016073 -0.034299
v -0.065198 0.016010 -0.034332
v -0.065198 0.016000 -0.034337
v -0.065198 0.015990 -0.034343
v -0.065198 0.015970 -0.034353
v -0.065197 0.015932 -0.034373
v -0.065192 0.015860 -0.034411
v -0.065174 0.015730 -0.034479
v -0.065170 0.015712 -0.034488
v -0.065166 0.015693 -0.034498
v -0.065158 0.015657 -0.034517
v -0.065140 0.015587 -0.034553
v -0.065096 0.015457 -0.034619
v -0.065082 0.015421 -0.034637
v -0.065066 0.015385 -0.034655
v -0.065034 0.015317 -0.034689
v -0.064960 0.015189 -0.034753
v -0.064787 0.014968 -0.034861
v -0.064760 0.014941 -0.034874
v -0.064733 0.014914 -0.034887
v -0.064676 0.014862 -0.034912
v -0.064556 0.014770 -0.034956
v -0.064298 0.014625 -0.035025
v -0.064226 0.014596 -0.035039
v -0.064152 0.014570 -0.035050
v -0.064003 0.014531 -0.035069
v -0.063698 0.014500 -0.035083
v -0.064265 0.017389 -0.034366
v -0.063987 0.017472 -0.035244
v -0.063987 0.017472 -0.034366
v -0.064748 0.017071 -0.034366
v -0.064522 0.017254 -0.035244
v -0.064522 0.017254 -0.034366
v -0.064265 0.017389 -0.033927
v -0.064522 0.017254 -0.033927
v -0.064397 0.017327 -0.034366
v -0.064397 0.017327 -0.033927
v -0.064265 0.017389 -0.033707
v -0.064397 0.017327 -0.033707
v -0.064332 0.017360 -0.033927
v -0.064332 0.017360 -0.033707
v -0.063987 0.017472 -0.033927
v -0.064128 0.017437 -0.034366
v -0.064128 0.017437 -0.033927
v -0.064522 0.017254 -0.033707
v -0.064460 0.017292 -0.033927
v -0.064460 0.017292 -0.033707
v -0.064748 0.017071 -0.033927
v -0.064639 0.017168 -0.034366
v -0.064639 0.017168 -0.033927
v -0.065077 0.016592 -0.034366
v -0.064936 0.016848 -0.035244
v -0.064936 0.016848 -0.034366
v -0.064582 0.017212 -0.033927
v -0.064582 0.017212 -0.033707
v -0.064552 0.017233 -0.033707
v -0.064695 0.017121 -0.033927
v -0.064936 0.016848 -0.033927
v -0.064847 0.016964 -0.034366
v -0.064847 0.016964 -0.033927
v -0.064799 0.017019 -0.033927
v -0.064748 0.017071 -0.033817
v -0.064799 0.017019 -0.033817
v -0.064774 0.017045 -0.033927
v -0.064774 0.017045 -0.033817
v -0.064748 0.017071 -0.034146
v -0.064847 0.016964 -0.034146
v -0.064799 0.017019 -0.034366
v -0.064799 0.017019 -0.034146
v -0.064748 0.017071 -0.034805
v -0.064936 0.016848 -0.034805
v -0.064847 0.016964 -0.035244
v -0.064847 0.016964 -0.034805
v -0.064748 0.017071 -0.036122
v -0.065077 0.016592 -0.036122
v -0.064936 0.016848 -0.036122
v -0.064823 0.016992 -0.033927
v -0.064893 0.016907 -0.033927
v -0.065012 0.016723 -0.034366
v -0.065198 0.016000 -0.034366
v -0.065167 0.016302 -0.035244
v -0.065167 0.016302 -0.034366
v -0.064936 0.016848 -0.034146
v -0.065012 0.016723 -0.034146
v -0.064976 0.016786 -0.034366
v -0.064976 0.016786 -0.034146
v -0.065077 0.016592 -0.034805
v -0.065012 0.016723 -0.035244
v -0.065012 0.016723 -0.034805
v -0.065129 0.016449 -0.034366
v -0.065077 0.016592 -0.034146
v -0.065046 0.016658 -0.034366
v -0.065046 0.016658 -0.034146
v -0.065105 0.016521 -0.034366
v -0.065105 0.016521 -0.034146
v -0.065167 0.016302 -0.034805
v -0.065129 0.016449 -0.035244
v -0.065129 0.016449 -0.034805
v -0.065198 0.016000 -0.036122
v -0.065167 0.016302 -0.036122
v -0.065077 0.016592 -0.034036
v -0.065091 0.016557 -0.034146
v -0.065046 0.016658 -0.034036
v -0.065062 0.016625 -0.034146
v -0.065062 0.016625 -0.034036
v -0.065091 0.016557 -0.034091
v -0.065105 0.016521 -0.034091
v -0.065098 0.016539 -0.034146
v -0.065098 0.016539 -0.034091
v -0.065150 0.016376 -0.034366
v -0.065190 0.016152 -0.034366
v -0.065170 0.015711 -0.035244
v -0.065077 0.016592 -0.034256
v -0.065105 0.016521 -0.034256
v -0.065091 0.016557 -0.034366
v -0.065091 0.016557 -0.034256
v -0.065077 0.016592 -0.034585
v -0.065129 0.016449 -0.034585
v -0.065105 0.016521 -0.034805
v -0.065105 0.016521 -0.034585
v -0.065181 0.016227 -0.034366
v -0.065198 0.016000 -0.034805
v -0.065190 0.016152 -0.035244
v -0.065190 0.016152 -0.034805
v -0.065167 0.016302 -0.034256
v -0.065181 0.016227 -0.034256
v -0.065175 0.016265 -0.034366
v -0.065175 0.016265 -0.034256
v -0.065167 0.016302 -0.034585
v -0.065190 0.016152 -0.034585
v -0.065181 0.016227 -0.034805
v -0.065181 0.016227 -0.034585
v -0.065167 0.016302 -0.034201
v -0.065175 0.016265 -0.034201
v -0.065171 0.016283 -0.034256
v -0.065171 0.016283 -0.034201
v -0.065150 0.016376 -0.034256
v -0.065159 0.016339 -0.034366
v -0.065159 0.016339 -0.034256
v -0.065150 0.016376 -0.034805
v -0.065150 0.016376 -0.034585
v -0.065169 0.016293 -0.034201
v -0.065159 0.016339 -0.034201
v -0.065163 0.016321 -0.034256
v -0.065163 0.016321 -0.034201
v -0.065169 0.016293 -0.034187
v -0.065171 0.016283 -0.034187
v -0.065170 0.016288 -0.034201
v -0.065170 0.016288 -0.034187
v -0.065173 0.016274 -0.034201
v -0.065178 0.016246 -0.034256
v -0.065186 0.016190 -0.034366
v -0.065186 0.016190 -0.034256
v -0.065196 0.016076 -0.034366
v -0.065167 0.016302 -0.034228
v -0.065171 0.016283 -0.034228
v -0.065169 0.016293 -0.034256
v -0.065169 0.016293 -0.034228
v -0.065167 0.016302 -0.034311
v -0.065175 0.016265 -0.034311
v -0.065171 0.016283 -0.034366
v -0.065171 0.016283 -0.034311
v -0.065167 0.016302 -0.034475
v -0.065181 0.016227 -0.034475
v -0.065175 0.016265 -0.034585
v -0.065175 0.016265 -0.034475
v -0.065170 0.016290 -0.034187
v -0.065167 0.016302 -0.034187
v -0.065168 0.016297 -0.034201
v -0.065168 0.016297 -0.034187
v -0.065163 0.016321 -0.034174
v -0.065165 0.016311 -0.034201
v -0.065165 0.016311 -0.034174
v -0.065170 0.016290 -0.034184
v -0.065170 0.016289 -0.034187
v -0.065170 0.016289 -0.034184
v -0.065171 0.016286 -0.034187
v -0.065172 0.016279 -0.034201
v -0.065175 0.016265 -0.034228
v -0.065173 0.016274 -0.034256
v -0.065173 0.016274 -0.034228
v -0.065169 0.016293 -0.034194
v -0.065170 0.016288 -0.034194
v -0.065170 0.016290 -0.034201
v -0.065170 0.016290 -0.034194
v -0.065169 0.016293 -0.034215
v -0.065171 0.016283 -0.034215
v -0.065170 0.016288 -0.034228
v -0.065170 0.016288 -0.034215
v -0.065170 0.016289 -0.034184
v -0.065170 0.016287 -0.034187
v -0.065171 0.016283 -0.034194
v -0.065171 0.016286 -0.034201
v -0.065171 0.016286 -0.034194
v -0.065170 0.016289 -0.034183
v -0.065170 0.016288 -0.034184
v -0.065170 0.016288 -0.034183
v -0.065170 0.016287 -0.034184
v -0.065170 0.016289 -0.034186
v -0.065170 0.016288 -0.034186
v -0.065170 0.016289 -0.034187
v -0.065170 0.016289 -0.034186
v -0.065170 0.016290 -0.034191
v -0.065170 0.016288 -0.034191
v -0.065170 0.016289 -0.034194
v -0.065170 0.016289 -0.034191
v -0.065170 0.016287 -0.034183
v -0.065170 0.016288 -0.034184
v -0.065170 0.016288 -0.034183
v -0.065170 0.016287 -0.034186
v -0.065170 0.016287 -0.034187
v -0.065170 0.016287 -0.034186
v -0.065171 0.016286 -0.034191
v -0.065170 0.016287 -0.034194
v -0.065170 0.016287 -0.034191
v -0.065194 0.016114 -0.034366
v -0.065198 0.016000 -0.034585
v -0.065196 0.016076 -0.034805
v -0.065196 0.016076 -0.034585
v -0.065170 0.015711 -0.034805
v -0.065191 0.015855 -0.035244
v -0.065191 0.015855 -0.034805
v -0.065087 0.015433 -0.036122
v -0.065170 0.015711 -0.036122
v -0.065190 0.016152 -0.034311
v -0.065194 0.016114 -0.034311
v -0.065192 0.016133 -0.034366
v -0.065192 0.016133 -0.034311
v -0.065190 0.016152 -0.034475
v -0.065196 0.016076 -0.034475
v -0.065194 0.016114 -0.034585
v -0.065194 0.016114 -0.034475
v -0.065190 0.016152 -0.034283
v -0.065192 0.016133 -0.034283
v -0.065191 0.016142 -0.034311
v -0.065191 0.016142 -0.034283
v -0.065186 0.016190 -0.034311
v -0.065188 0.016171 -0.034256
v -0.065188 0.016171 -0.034366
v -0.065188 0.016171 -0.034311
v -0.065186 0.016190 -0.034585
v -0.065186 0.016190 -0.034475
v -0.065193 0.016123 -0.034311
v -0.065193 0.016123 -0.034283
v -0.065195 0.016095 -0.034366
v -0.065195 0.016095 -0.034311
v -0.065198 0.016038 -0.034366
v -0.065198 0.016019 -0.034366
v -0.065191 0.015855 -0.034585
v -0.065196 0.015927 -0.034805
v -0.065196 0.015927 -0.034585
v -0.065198 0.016000 -0.034475
v -0.065198 0.016038 -0.034585
v -0.065198 0.016038 -0.034475
v -0.065198 0.016019 -0.034338
v -0.065198 0.016010 -0.034366
v -0.065198 0.015982 -0.034366
v -0.065196 0.015927 -0.034475
v -0.065198 0.015964 -0.034585
v -0.065198 0.015964 -0.034475
v -0.065198 0.016038 -0.034421
v -0.065198 0.016000 -0.034421
v -0.065198 0.016019 -0.034475
v -0.065198 0.016019 -0.034421
v -0.065198 0.015991 -0.034366
v -0.065198 0.015964 -0.034421
v -0.065198 0.015982 -0.034475
v -0.065198 0.015982 -0.034421
v -0.065170 0.015711 -0.034585
v -0.065182 0.015783 -0.034805
v -0.065182 0.015783 -0.034585
v -0.065087 0.015433 -0.034805
v -0.065135 0.015570 -0.035244
v -0.065135 0.015570 -0.034805
v -0.064952 0.015176 -0.035244
v -0.065177 0.015747 -0.034585
v -0.065154 0.015640 -0.034805
v -0.065154 0.015640 -0.034585
v -0.065177 0.015747 -0.034530
v -0.065170 0.015711 -0.034530
v -0.065173 0.015729 -0.034585
v -0.065173 0.015729 -0.034530
v -0.065163 0.015676 -0.034585
v -0.065182 0.015783 -0.034695
v -0.065170 0.015711 -0.034695
v -0.065177 0.015747 -0.034805
v -0.065177 0.015747 -0.034695
v -0.065191 0.015855 -0.035024
v -0.065170 0.015711 -0.035024
v -0.065182 0.015783 -0.035244
v -0.065182 0.015783 -0.035024
v -0.065198 0.016000 -0.035683
v -0.065170 0.015711 -0.035683
v -0.065191 0.015855 -0.036122
v -0.065191 0.015855 -0.035683
v -0.065163 0.015676 -0.034530
v -0.065166 0.015693 -0.034585
v -0.065166 0.015693 -0.034530
v -0.065154 0.015640 -0.034695
v -0.065163 0.015676 -0.034805
v -0.065163 0.015676 -0.034695
v -0.065135 0.015570 -0.035024
v -0.065154 0.015640 -0.035244
v -0.065154 0.015640 -0.035024
v -0.065087 0.015433 -0.035683
v -0.065135 0.015570 -0.036122
v -0.065135 0.015570 -0.035683
v -0.064769 0.014950 -0.036122
v -0.064952 0.015176 -0.036122
v -0.065113 0.015501 -0.034805
v -0.065025 0.015301 -0.035244
v -0.065025 0.015301 -0.034805
v -0.065113 0.015501 -0.034695
v -0.065087 0.015433 -0.034695
v -0.065100 0.015467 -0.034805
v -0.065100 0.015467 -0.034695
v -0.065058 0.015366 -0.034805
v -0.065087 0.015433 -0.035024
v -0.065113 0.015501 -0.035244
v -0.065113 0.015501 -0.035024
v -0.065058 0.015366 -0.034695
v -0.065073 0.015400 -0.034805
v -0.065073 0.015400 -0.034695
v -0.065025 0.015301 -0.035024
v -0.065058 0.015366 -0.035244
v -0.065058 0.015366 -0.035024
v -0.064952 0.015176 -0.035683
v -0.065025 0.015301 -0.036122
v -0.065025 0.015301 -0.035683
v -0.064866 0.015059 -0.035244
v -0.064546 0.014762 -0.035244
v -0.064866 0.015059 -0.035024
v -0.064769 0.014950 -0.035024
v -0.064819 0.015003 -0.035244
v -0.064819 0.015003 -0.035024
v -0.064662 0.014851 -0.035244
v -0.064290 0.014622 -0.036122
v -0.064546 0.014762 -0.036122
v -0.064769 0.014950 -0.035683
v -0.064866 0.015059 -0.036122
v -0.064866 0.015059 -0.035683
v -0.064819 0.015003 -0.034914
v -0.064769 0.014950 -0.034914
v -0.064794 0.014976 -0.035024
v -0.064794 0.014976 -0.034914
v -0.064662 0.014851 -0.035024
v -0.064717 0.014899 -0.035244
v -0.064717 0.014899 -0.035024
v -0.064546 0.014762 -0.035683
v -0.064662 0.014851 -0.036122
v -0.064662 0.014851 -0.035683
v -0.064743 0.014924 -0.035024
v -0.064743 0.014924 -0.034914
v -0.064421 0.014686 -0.035244
v -0.064000 0.014531 -0.035244
v -0.064356 0.014652 -0.035244
v -0.064147 0.014569 -0.035244
v -0.064000 0.014531 -0.036122
v -0.064290 0.014622 -0.035683
v -0.064421 0.014686 -0.036122
v -0.064421 0.014686 -0.035683
v -0.064219 0.014593 -0.035244
v -0.064000 0.014531 -0.035683
v -0.064147 0.014569 -0.036122
v -0.064147 0.014569 -0.035683
v -0.063698 0.017500 -0.037000
v -0.063698 0.017500 -0.035829
v -0.063698 0.017500 -0.034658
v -0.063698 0.014500 -0.036042
v -0.064272 0.014614 -0.037000
v -0.064759 0.014939 -0.037000
v -0.065084 0.015426 -0.037000
v -0.065198 0.016000 -0.037000
v -0.065084 0.016574 -0.037000
v -0.064759 0.017061 -0.037000
v -0.064272 0.017386 -0.037000
v -0.063698 0.016000 -0.037901
v -0.063994 0.015311 -0.037451
v -0.063698 0.016000 -0.037901
v -0.064234 0.015475 -0.037451
v -0.063698 0.016000 -0.037901
v -0.064392 0.015716 -0.037451
v -0.063698 0.016000 -0.037901
v -0.064448 0.016000 -0.037451
v -0.063698 0.016000 -0.037901
v -0.064387 0.016296 -0.037451
v -0.063698 0.016000 -0.037901
v -0.064223 0.016536 -0.037451
v -0.063982 0.016694 -0.037451
v -0.063698 0.016000 -0.037901
v -0.063698 0.017500 -0.037000
v -0.063698 0.014500 -0.037000
v -0.063698 0.015000 -0.037300
v -0.063698 0.015500 -0.037601
v -0.063698 0.016500 -0.037601
v -0.063698 0.017000 -0.037300
v -0.064272 0.017386 -0.037000
v -0.064759 0.017061 -0.037000
v -0.065084 0.016574 -0.037000
v -0.065198 0.016000 -0.037000
v -0.065084 0.015426 -0.037000
v -0.064759 0.014939 -0.037000
v -0.064272 0.014614 -0.037000
v -0.071698 -0.022538 -0.029971
v -0.071545 -0.023147 -0.029504
v -0.071462 -0.023285 -0.029395
v -0.071361 -0.023417 -0.029290
v -0.071112 -0.023653 -0.029100
v -0.070809 -0.023846 -0.028942
v -0.070464 -0.023988 -0.028824
v -0.069698 -0.024105 -0.028727
v -0.071550 -0.024420 -0.031038
v -0.071661 -0.024136 -0.031276
v -0.071126 -0.024913 -0.030624
v -0.071369 -0.024683 -0.030818
v -0.071550 -0.023769 -0.030262
v -0.071369 -0.024031 -0.030041
v -0.071468 -0.024555 -0.030925
v -0.071468 -0.023903 -0.030149
v -0.071550 -0.023443 -0.029873
v -0.071468 -0.023578 -0.029760
v -0.071511 -0.023837 -0.030204
v -0.071511 -0.023511 -0.029816
v -0.071661 -0.023485 -0.030500
v -0.071614 -0.024280 -0.031155
v -0.071614 -0.023629 -0.030379
v -0.071369 -0.023706 -0.029653
v -0.071421 -0.023968 -0.030094
v -0.071421 -0.023643 -0.029706
v -0.071126 -0.024262 -0.029848
v -0.071255 -0.024803 -0.030717
v -0.071255 -0.024151 -0.029941
v -0.070487 -0.025249 -0.030342
v -0.070828 -0.025105 -0.030463
v -0.071255 -0.023825 -0.029553
v -0.071314 -0.024092 -0.029990
v -0.071314 -0.023767 -0.029602
v -0.070828 -0.024454 -0.029687
v -0.070983 -0.025015 -0.030539
v -0.070983 -0.024363 -0.029763
v -0.070487 -0.024597 -0.029566
v -0.070662 -0.025183 -0.030397
v -0.070662 -0.024532 -0.029621
v -0.070101 -0.025342 -0.030265
v -0.070101 -0.024690 -0.029488
v -0.070297 -0.025303 -0.030297
v -0.070297 -0.024651 -0.029521
v -0.069698 -0.026676 -0.031791
v -0.070465 -0.026558 -0.031889
v -0.070642 -0.026494 -0.031943
v -0.070810 -0.026416 -0.032007
v -0.071113 -0.026224 -0.032165
v -0.071362 -0.025988 -0.032355
v -0.071546 -0.025718 -0.032571
v -0.071698 -0.025113 -0.033039
v -0.070487 -0.025900 -0.031119
v -0.070101 -0.025993 -0.031041
v -0.070297 -0.025954 -0.031074
v -0.070487 -0.026226 -0.031507
v -0.070393 -0.025929 -0.031095
v -0.070297 -0.026280 -0.031462
v -0.070393 -0.026255 -0.031483
v -0.070828 -0.025756 -0.031239
v -0.070662 -0.025835 -0.031174
v -0.070662 -0.026160 -0.031562
v -0.070575 -0.025869 -0.031145
v -0.070575 -0.026195 -0.031533
v -0.070828 -0.026082 -0.031627
v -0.070746 -0.025797 -0.031205
v -0.070746 -0.026123 -0.031593
v -0.071126 -0.025565 -0.031400
v -0.070983 -0.025666 -0.031315
v -0.071369 -0.025334 -0.031594
v -0.071255 -0.025454 -0.031493
v -0.071550 -0.025072 -0.031814
v -0.071468 -0.025206 -0.031701
v -0.069698 -0.025390 -0.030259
v -0.071698 -0.023825 -0.031505
v -0.071698 0.022538 -0.029971
v -0.069698 0.024105 -0.028727
v -0.070465 0.023987 -0.028825
v -0.070642 0.023923 -0.028878
v -0.070810 0.023845 -0.028943
v -0.071113 0.023652 -0.029100
v -0.071362 0.023416 -0.029290
v -0.071546 0.023145 -0.029505
v -0.070487 0.025249 -0.030342
v -0.070101 0.025342 -0.030265
v -0.070487 0.024598 -0.029566
v -0.070297 0.025303 -0.030297
v -0.070101 0.024690 -0.029488
v -0.070297 0.024651 -0.029521
v -0.071126 0.024913 -0.030624
v -0.070828 0.025105 -0.030463
v -0.070487 0.024272 -0.029178
v -0.070393 0.024626 -0.029542
v -0.070297 0.024326 -0.029133
v -0.070393 0.024301 -0.029154
v -0.070828 0.024454 -0.029687
v -0.070662 0.025183 -0.030397
v -0.070662 0.024532 -0.029621
v -0.070662 0.024206 -0.029233
v -0.070575 0.024566 -0.029592
v -0.070575 0.024241 -0.029204
v -0.070828 0.024128 -0.029299
v -0.070746 0.024494 -0.029653
v -0.070746 0.024169 -0.029265
v -0.071126 0.024262 -0.029848
v -0.070983 0.025015 -0.030539
v -0.070983 0.024364 -0.029763
v -0.071550 0.024420 -0.031038
v -0.071369 0.024683 -0.030818
v -0.071369 0.024031 -0.030041
v -0.071255 0.024803 -0.030717
v -0.071255 0.024151 -0.029941
v -0.071550 0.023769 -0.030262
v -0.071468 0.024555 -0.030925
v -0.071468 0.023903 -0.030149
v -0.071661 0.024136 -0.031276
v -0.069698 0.026676 -0.031791
v -0.069698 0.025390 -0.030259
v -0.071698 0.025113 -0.033039
v -0.071545 0.025719 -0.032570
v -0.071462 0.025857 -0.032460
v -0.071360 0.025989 -0.032355
v -0.071112 0.026225 -0.032164
v -0.070809 0.026417 -0.032006
v -0.070464 0.026559 -0.031889
v -0.071550 0.025072 -0.031814
v -0.071369 0.025334 -0.031594
v -0.071468 0.025206 -0.031701
v -0.071550 0.025397 -0.032202
v -0.071468 0.025532 -0.032089
v -0.071511 0.025140 -0.031757
v -0.071511 0.025465 -0.032145
v -0.071661 0.024787 -0.032052
v -0.071614 0.024280 -0.031155
v -0.071614 0.024932 -0.031932
v -0.071369 0.025660 -0.031982
v -0.071421 0.025271 -0.031647
v -0.071421 0.025597 -0.032035
v -0.071126 0.025565 -0.031400
v -0.071255 0.025454 -0.031493
v -0.071255 0.025780 -0.031881
v -0.071314 0.025395 -0.031543
v -0.071314 0.025721 -0.031931
v -0.070828 0.025757 -0.031239
v -0.070983 0.025666 -0.031315
v -0.070487 0.025900 -0.031119
v -0.070662 0.025835 -0.031174
v -0.070101 0.025993 -0.031041
v -0.070297 0.025954 -0.031074
v -0.071698 0.023825 -0.031505
v -0.063699 -0.014500 -0.035083
v -0.063699 -0.014323 -0.034906
v -0.063699 -0.014146 -0.034729
v -0.063698 -0.017531 -0.033150
v -0.063698 -0.017500 -0.033488
v -0.063348 -0.014182 -0.034715
v -0.063012 -0.014288 -0.034671
v -0.062858 -0.014365 -0.034640
v -0.062713 -0.014455 -0.034602
v -0.062455 -0.014677 -0.034509
v -0.062400 -0.014738 -0.034483
v -0.062348 -0.014801 -0.034456
v -0.062253 -0.014934 -0.034398
v -0.062105 -0.015227 -0.034269
v -0.062053 -0.015380 -0.034201
v -0.062016 -0.015535 -0.034131
v -0.061988 -0.015851 -0.033985
v -0.062020 -0.016166 -0.033837
v -0.062111 -0.016469 -0.033690
v -0.062180 -0.016616 -0.033618
v -0.062261 -0.016756 -0.033548
v -0.062462 -0.017008 -0.033421
v -0.062523 -0.017068 -0.033390
v -0.062586 -0.017125 -0.033362
v -0.062720 -0.017227 -0.033309
v -0.063016 -0.017390 -0.033224
v -0.063181 -0.017452 -0.033192
v -0.063350 -0.017496 -0.033168
v -0.062566 -0.014788 -0.034700
v -0.062506 -0.014851 -0.034672
v -0.062535 -0.014819 -0.034686
v -0.063395 -0.017469 -0.033506
v -0.063099 -0.017375 -0.033562
v -0.063068 -0.017361 -0.033571
v -0.063036 -0.017346 -0.033580
v -0.062972 -0.017313 -0.033600
v -0.062848 -0.017236 -0.033645
v -0.062614 -0.017037 -0.033761
v -0.062603 -0.017026 -0.033768
v -0.062593 -0.017014 -0.033775
v -0.062572 -0.016991 -0.033788
v -0.062530 -0.016941 -0.033817
v -0.062448 -0.016829 -0.033881
v -0.062306 -0.016559 -0.034033
v -0.062293 -0.016526 -0.034051
v -0.062282 -0.016493 -0.034070
v -0.062260 -0.016427 -0.034106
v -0.062226 -0.016290 -0.034181
v -0.062198 -0.016011 -0.034331
v -0.062198 -0.015990 -0.034342
v -0.062198 -0.015969 -0.034353
v -0.062200 -0.015929 -0.034375
v -0.062206 -0.015850 -0.034416
v -0.062228 -0.015704 -0.034492
v -0.062299 -0.015458 -0.034618
v -0.062306 -0.015440 -0.034627
v -0.062314 -0.015423 -0.034636
v -0.062329 -0.015387 -0.034654
v -0.062362 -0.015319 -0.034688
v -0.062435 -0.015191 -0.034752
v -0.062607 -0.014970 -0.034860
v -0.062634 -0.014943 -0.034874
v -0.062662 -0.014916 -0.034887
v -0.062718 -0.014864 -0.034911
v -0.062838 -0.014771 -0.034956
v -0.063096 -0.014626 -0.035024
v -0.063168 -0.014597 -0.035038
v -0.063242 -0.014571 -0.035050
v -0.063392 -0.014532 -0.035068
v -0.063000 -0.017357 -0.033408
v -0.063081 -0.017393 -0.033387
v -0.063040 -0.017375 -0.033397
v -0.063062 -0.017372 -0.033482
v -0.063061 -0.017384 -0.033392
v -0.063102 -0.017389 -0.033472
v -0.063082 -0.017380 -0.033477
v -0.063023 -0.017354 -0.033492
v -0.063020 -0.017366 -0.033402
v -0.063042 -0.017363 -0.033487
v -0.062960 -0.017337 -0.033419
v -0.062984 -0.017334 -0.033503
v -0.062980 -0.017347 -0.033413
v -0.063003 -0.017344 -0.033498
v -0.062513 -0.016995 -0.033606
v -0.062572 -0.017057 -0.033573
v -0.062542 -0.017027 -0.033589
v -0.062552 -0.017003 -0.033691
v -0.062527 -0.017011 -0.033597
v -0.062580 -0.017033 -0.033674
v -0.062566 -0.017018 -0.033683
v -0.062484 -0.016964 -0.033623
v -0.062585 -0.017022 -0.033725
v -0.062573 -0.017026 -0.033678
v -0.062599 -0.017037 -0.033717
v -0.062592 -0.017030 -0.033721
v -0.062557 -0.017042 -0.033581
v -0.062609 -0.017063 -0.033658
v -0.062594 -0.017048 -0.033666
v -0.062571 -0.017007 -0.033734
v -0.062559 -0.017011 -0.033687
v -0.062578 -0.017015 -0.033730
v -0.062524 -0.016972 -0.033708
v -0.062498 -0.016980 -0.033614
v -0.062538 -0.016988 -0.033700
v -0.062203 -0.016498 -0.033870
v -0.062219 -0.016539 -0.033849
v -0.062251 -0.016521 -0.033956
v -0.062211 -0.016518 -0.033859
v -0.062267 -0.016560 -0.033935
v -0.062259 -0.016541 -0.033945
v -0.062174 -0.016420 -0.033910
v -0.062188 -0.016459 -0.033890
v -0.062237 -0.016483 -0.033976
v -0.062195 -0.016479 -0.033880
v -0.062244 -0.016502 -0.033966
v -0.062224 -0.016445 -0.033996
v -0.062181 -0.016440 -0.033900
v -0.062231 -0.016464 -0.033986
v -0.062093 -0.015931 -0.034158
v -0.062094 -0.015973 -0.034137
v -0.062146 -0.015971 -0.034245
v -0.062094 -0.015952 -0.034148
v -0.062147 -0.016011 -0.034224
v -0.062146 -0.015991 -0.034235
v -0.062095 -0.015849 -0.034199
v -0.062094 -0.015890 -0.034179
v -0.062172 -0.015991 -0.034288
v -0.062146 -0.015981 -0.034240
v -0.062172 -0.016011 -0.034278
v -0.062172 -0.016001 -0.034283
v -0.062146 -0.015931 -0.034265
v -0.062093 -0.015910 -0.034169
v -0.062146 -0.015951 -0.034255
v -0.062172 -0.015952 -0.034309
v -0.062146 -0.015941 -0.034260
v -0.062172 -0.015971 -0.034299
v -0.062172 -0.015962 -0.034304
v -0.062147 -0.015891 -0.034286
v -0.062094 -0.015869 -0.034189
v -0.062146 -0.015911 -0.034276
v -0.062097 -0.015808 -0.034219
v -0.062173 -0.015932 -0.034319
v -0.062146 -0.015921 -0.034270
v -0.062172 -0.015942 -0.034314
v -0.062150 -0.015851 -0.034306
v -0.062096 -0.015828 -0.034209
v -0.062148 -0.015871 -0.034296
v -0.062227 -0.015281 -0.034473
v -0.062195 -0.015360 -0.034436
v -0.062211 -0.015320 -0.034454
v -0.062259 -0.015379 -0.034542
v -0.062203 -0.015340 -0.034445
v -0.062244 -0.015417 -0.034523
v -0.062252 -0.015398 -0.034532
v -0.062181 -0.015400 -0.034416
v -0.062276 -0.015427 -0.034576
v -0.062248 -0.015407 -0.034528
v -0.062269 -0.015446 -0.034567
v -0.062272 -0.015436 -0.034571
v -0.062188 -0.015380 -0.034426
v -0.062230 -0.015456 -0.034504
v -0.062237 -0.015436 -0.034513
v -0.062283 -0.015408 -0.034585
v -0.062255 -0.015388 -0.034537
v -0.062280 -0.015417 -0.034581
v -0.062275 -0.015341 -0.034560
v -0.062219 -0.015301 -0.034464
v -0.062267 -0.015360 -0.034551
v -0.062245 -0.015242 -0.034491
v -0.062291 -0.015389 -0.034595
v -0.062263 -0.015369 -0.034546
v -0.062287 -0.015399 -0.034590
v -0.062292 -0.015303 -0.034579
v -0.062236 -0.015262 -0.034482
v -0.062284 -0.015322 -0.034569
v -0.062573 -0.014893 -0.034774
v -0.062520 -0.014835 -0.034679
v -0.062545 -0.014924 -0.034760
v -0.062559 -0.014908 -0.034767
v -0.062603 -0.014862 -0.034788
v -0.062551 -0.014803 -0.034693
v -0.062588 -0.014877 -0.034781
v -0.062597 -0.014758 -0.034714
v -0.062633 -0.014833 -0.034802
v -0.062582 -0.014773 -0.034707
v -0.062618 -0.014848 -0.034795
v -0.062566 0.014788 -0.034700
v -0.062506 0.014851 -0.034672
v -0.062449 0.014917 -0.034642
v -0.062229 0.015278 -0.034474
v -0.062195 0.015360 -0.034436
v -0.062168 0.015439 -0.034398
v -0.062095 0.015849 -0.034199
v -0.062093 0.015933 -0.034157
v -0.062096 0.016015 -0.034117
v -0.062115 0.016178 -0.034034
v -0.062130 0.016260 -0.033992
v -0.062150 0.016341 -0.033951
v -0.062174 0.016419 -0.033911
v -0.062203 0.016498 -0.033870
v -0.062235 0.016575 -0.033830
v -0.062272 0.016652 -0.033790
v -0.062457 0.016931 -0.033641
v -0.062513 0.016995 -0.033606
v -0.062572 0.017057 -0.033573
v -0.062635 0.017115 -0.033541
v -0.063000 0.017356 -0.033408
v -0.063078 0.017392 -0.033388
v -0.063165 0.017425 -0.033370
v -0.063698 0.014146 -0.034729
v -0.063698 0.014264 -0.034847
v -0.063698 0.014382 -0.034965
v -0.063698 0.014500 -0.035083
v -0.063697 0.017531 -0.033150
v -0.063521 0.017522 -0.033155
v -0.063348 0.017496 -0.033169
v -0.063179 0.017451 -0.033192
v -0.063013 0.017389 -0.033224
v -0.062936 0.017354 -0.033243
v -0.062861 0.017315 -0.033263
v -0.062719 0.017226 -0.033309
v -0.062586 0.017124 -0.033362
v -0.062463 0.017009 -0.033421
v -0.062408 0.016949 -0.033451
v -0.062356 0.016887 -0.033483
v -0.062261 0.016757 -0.033548
v -0.062180 0.016618 -0.033617
v -0.062112 0.016471 -0.033689
v -0.062059 0.016320 -0.033763
v -0.062021 0.016168 -0.033836
v -0.061997 0.016012 -0.033910
v -0.061989 0.015853 -0.033984
v -0.061995 0.015694 -0.034058
v -0.062016 0.015536 -0.034130
v -0.062052 0.015381 -0.034200
v -0.062103 0.015229 -0.034269
v -0.062171 0.015078 -0.034335
v -0.062252 0.014936 -0.034397
v -0.062347 0.014802 -0.034455
v -0.062455 0.014677 -0.034509
v -0.062580 0.014558 -0.034559
v -0.062715 0.014454 -0.034603
v -0.062859 0.014364 -0.034640
v -0.063014 0.014287 -0.034672
v -0.063180 0.014226 -0.034697
v -0.063349 0.014182 -0.034715
v -0.063522 0.014155 -0.034726
v -0.063698 0.017500 -0.033488
v -0.063698 0.017516 -0.033319
v -0.063545 0.014508 -0.035080
v -0.063393 0.014531 -0.035069
v -0.063244 0.014571 -0.035050
v -0.063098 0.014625 -0.035025
v -0.063032 0.014656 -0.035010
v -0.062966 0.014691 -0.034994
v -0.062839 0.014770 -0.034956
v -0.062719 0.014864 -0.034912
v -0.062608 0.014970 -0.034860
v -0.062585 0.014995 -0.034848
v -0.062562 0.015021 -0.034836
v -0.062518 0.015075 -0.034809
v -0.062435 0.015191 -0.034752
v -0.062361 0.015320 -0.034688
v -0.062299 0.015459 -0.034618
v -0.062293 0.015474 -0.034610
v -0.062288 0.015489 -0.034603
v -0.062277 0.015519 -0.034588
v -0.062258 0.015581 -0.034556
v -0.062226 0.015714 -0.034487
v -0.062205 0.015858 -0.034412
v -0.062198 0.016013 -0.034330
v -0.062199 0.016048 -0.034312
v -0.062200 0.016083 -0.034293
v -0.062206 0.016153 -0.034255
v -0.062227 0.016291 -0.034181
v -0.062231 0.016312 -0.034169
v -0.062235 0.016332 -0.034159
v -0.062244 0.016370 -0.034138
v -0.062264 0.016441 -0.034099
v -0.062307 0.016560 -0.034032
v -0.062311 0.016570 -0.034027
v -0.062314 0.016579 -0.034022
v -0.062322 0.016598 -0.034012
v -0.062339 0.016634 -0.033991
v -0.062373 0.016703 -0.033952
v -0.062449 0.016830 -0.033880
v -0.062530 0.016941 -0.033817
v -0.062614 0.017037 -0.033761
v -0.062628 0.017051 -0.033753
v -0.062642 0.017065 -0.033745
v -0.062670 0.017092 -0.033729
v -0.062727 0.017143 -0.033699
v -0.062847 0.017235 -0.033646
v -0.062971 0.017312 -0.033600
v -0.063097 0.017374 -0.033563
v -0.063133 0.017390 -0.033554
v -0.063170 0.017404 -0.033545
v -0.063244 0.017430 -0.033530
v -0.063394 0.017469 -0.033506
v -0.063546 0.017492 -0.033492
v -0.062545 0.014924 -0.034760
v -0.062535 0.014819 -0.034686
v -0.062603 0.014863 -0.034788
v -0.062573 0.014893 -0.034774
v -0.062490 0.014988 -0.034730
v -0.062477 0.014884 -0.034657
v -0.062517 0.014955 -0.034745
v -0.062244 0.015417 -0.034523
v -0.062211 0.015319 -0.034455
v -0.062277 0.015338 -0.034562
v -0.062260 0.015377 -0.034542
v -0.062269 0.015446 -0.034567
v -0.062252 0.015397 -0.034533
v -0.062284 0.015406 -0.034586
v -0.062276 0.015426 -0.034576
v -0.062218 0.015494 -0.034485
v -0.062181 0.015399 -0.034417
v -0.062230 0.015456 -0.034504
v -0.062255 0.015484 -0.034548
v -0.062237 0.015436 -0.034514
v -0.062262 0.015465 -0.034557
v -0.062146 0.015973 -0.034244
v -0.062094 0.015891 -0.034178
v -0.062147 0.015892 -0.034286
v -0.062146 0.015932 -0.034265
v -0.062149 0.016052 -0.034203
v -0.062094 0.015974 -0.034137
v -0.062147 0.016013 -0.034224
v -0.062182 0.016290 -0.034079
v -0.062122 0.016219 -0.034013
v -0.062166 0.016211 -0.034120
v -0.062173 0.016251 -0.034100
v -0.062207 0.016305 -0.034122
v -0.062177 0.016271 -0.034089
v -0.062199 0.016266 -0.034143
v -0.062203 0.016286 -0.034132
v -0.062201 0.016368 -0.034037
v -0.062140 0.016301 -0.033972
v -0.062191 0.016330 -0.034058
v -0.062216 0.016344 -0.034101
v -0.062186 0.016310 -0.034068
v -0.062212 0.016325 -0.034111
v -0.062283 0.016596 -0.033916
v -0.062218 0.016537 -0.033850
v -0.062251 0.016521 -0.033956
v -0.062267 0.016559 -0.033936
v -0.062291 0.016569 -0.033978
v -0.062259 0.016540 -0.033946
v -0.062276 0.016533 -0.033999
v -0.062283 0.016551 -0.033989
v -0.062188 0.016459 -0.033890
v -0.062224 0.016444 -0.033997
v -0.062237 0.016483 -0.033976
v -0.062295 0.016557 -0.034010
v -0.062280 0.016542 -0.033994
v -0.062288 0.016538 -0.034020
v -0.062292 0.016547 -0.034015
v -0.062244 0.016502 -0.033966
v -0.062262 0.016495 -0.034019
v -0.062269 0.016514 -0.034009
v -0.062303 0.016575 -0.034000
v -0.062287 0.016560 -0.033984
v -0.062299 0.016566 -0.034005
v -0.062307 0.016606 -0.033958
v -0.062275 0.016577 -0.033926
v -0.062299 0.016588 -0.033968
v -0.062319 0.016670 -0.033875
v -0.062253 0.016613 -0.033810
v -0.062300 0.016633 -0.033895
v -0.062609 0.017063 -0.033658
v -0.062542 0.017026 -0.033589
v -0.062551 0.017003 -0.033691
v -0.062580 0.017033 -0.033674
v -0.062599 0.017037 -0.033717
v -0.062565 0.017018 -0.033683
v -0.062571 0.017007 -0.033734
v -0.062585 0.017022 -0.033725
v -0.062484 0.016963 -0.033623
v -0.062497 0.016941 -0.033726
v -0.062524 0.016972 -0.033708
v -0.062627 0.017066 -0.033700
v -0.062594 0.017048 -0.033666
v -0.062613 0.017051 -0.033709
v -0.062670 0.017120 -0.033626
v -0.062603 0.017086 -0.033556
v -0.062639 0.017092 -0.033642
v -0.063098 0.017388 -0.033473
v -0.063039 0.017375 -0.033398
v -0.063022 0.017353 -0.033492
v -0.063060 0.017371 -0.033482
v -0.063182 0.017420 -0.033454
v -0.063121 0.017409 -0.033379
v -0.063140 0.017404 -0.033463
v -0.063611 0.014325 -0.034905
v -0.063425 0.014346 -0.034896
v -0.063250 0.014387 -0.034879
v -0.063164 0.014414 -0.034867
v -0.063338 0.014364 -0.034889
v -0.063080 0.014446 -0.034853
v -0.062998 0.014483 -0.034836
v -0.062918 0.014524 -0.034818
v -0.062697 0.014672 -0.034753
v -0.062303 0.015130 -0.034544
v -0.062348 0.015057 -0.034578
v -0.062840 0.014570 -0.034798
v -0.062769 0.014618 -0.034777
v -0.062125 0.015601 -0.034320
v -0.062111 0.015683 -0.034280
v -0.062628 0.014730 -0.034727
v -0.062263 0.015204 -0.034509
v -0.062101 0.015766 -0.034240
v -0.062772 0.017223 -0.033482
v -0.063339 0.017475 -0.033341
v -0.062845 0.017271 -0.033455
v -0.062406 0.016865 -0.033676
v -0.062920 0.017315 -0.033431
v -0.063607 0.017513 -0.033320
v -0.063426 0.017492 -0.033332
v -0.062355 0.016793 -0.033715
v -0.063516 0.017505 -0.033324
v -0.055698 0.012556 -0.049488
v -0.055698 0.012556 -0.042982
v -0.055698 -0.000000 -0.049488
v -0.055698 -0.000000 -0.042982
v -0.055698 -0.012556 -0.049488
v -0.055698 -0.012556 -0.042982
v -0.055698 -0.015000 -0.055993
v -0.055698 -0.015000 -0.049608
v -0.055698 -0.015000 -0.043223
v -0.055698 0.015000 -0.043223
v -0.055698 0.015000 -0.049608
v -0.055698 0.015000 -0.055993
v -0.055698 -0.022538 -0.029971
v -0.055698 -0.018497 -0.032621
v -0.055698 -0.014148 -0.034729
v -0.055698 -0.009565 -0.036260
v -0.055698 -0.004822 -0.037189
v -0.055698 -0.000000 -0.037500
v -0.055698 0.004822 -0.037189
v -0.055698 0.009565 -0.036260
v -0.055698 0.014148 -0.034729
v -0.055698 0.018497 -0.032621
v -0.055698 0.022538 -0.029971
v -0.055698 0.025113 -0.033039
v -0.055698 0.022057 -0.035153
v -0.055698 0.018825 -0.036985
v -0.055698 -0.018825 -0.036985
v -0.055698 -0.022057 -0.035153
v -0.055698 -0.025113 -0.033039
v -0.055698 0.012000 -0.055993
v -0.055698 0.009000 -0.055993
v -0.055698 0.006000 -0.055993
v -0.055698 0.003000 -0.055993
v -0.055698 -0.000000 -0.055993
v -0.055698 -0.003000 -0.055993
v -0.055698 -0.006000 -0.055993
v -0.055698 -0.009000 -0.055993
v -0.055698 -0.012000 -0.055993
v -0.055698 0.012556 -0.052741
v -0.055698 -0.000000 -0.052741
v -0.055698 0.006278 -0.049488
v -0.055698 0.006278 -0.052741
v -0.055698 -0.012556 -0.052741
v -0.055698 -0.006278 -0.049488
v -0.055698 -0.006278 -0.052741
v -0.055698 -0.015263 -0.041322
v -0.055698 -0.016032 -0.039564
v -0.055698 -0.017250 -0.038081
v -0.055698 -0.012556 -0.046235
v -0.055698 0.017250 -0.038081
v -0.055698 0.016032 -0.039564
v -0.055698 0.015263 -0.041322
v -0.055698 0.012556 -0.046235
v -0.055698 -0.024254 -0.032017
v -0.055698 -0.023396 -0.030994
v -0.055698 0.023825 -0.031505
v -0.063698 -0.017294 -0.038042
v -0.063698 -0.016062 -0.039516
v -0.063698 -0.015271 -0.041295
v -0.071698 -0.015000 -0.043223
v -0.055698 -0.015000 -0.043223
v -0.066365 -0.015000 -0.043223
v -0.061031 -0.015000 -0.043223
v -0.055698 -0.018825 -0.036985
v -0.061031 -0.018825 -0.036985
v -0.066365 -0.018825 -0.036985
v -0.071698 -0.018825 -0.036985
v -0.071698 -0.017250 -0.038081
v -0.071698 -0.016032 -0.039564
v -0.071698 -0.015263 -0.041322
v -0.067698 -0.017294 -0.038042
v -0.063698 -0.018024 -0.037462
v -0.067698 -0.018024 -0.037462
v -0.067698 -0.016062 -0.039516
v -0.063698 -0.016627 -0.038736
v -0.067698 -0.016627 -0.038736
v -0.067698 -0.015271 -0.041295
v -0.063698 -0.015604 -0.040378
v -0.067698 -0.015604 -0.040378
v -0.063698 -0.015068 -0.042250
v -0.067698 -0.015068 -0.042250
v -0.055698 -0.015263 -0.041322
v -0.055698 -0.016032 -0.039564
v -0.055698 -0.017250 -0.038081
v -0.059698 -0.015271 -0.041295
v -0.059698 -0.015068 -0.042250
v -0.059698 -0.016062 -0.039516
v -0.059698 -0.015604 -0.040378
v -0.059698 -0.017294 -0.038042
v -0.059698 -0.016627 -0.038736
v -0.059698 -0.018024 -0.037462
v -0.071698 0.015000 -0.043223
v -0.055698 0.015000 -0.043223
v -0.063698 0.015298 -0.041203
v -0.063698 0.016085 -0.039480
v -0.063698 0.017287 -0.038048
v -0.061031 0.015000 -0.043223
v -0.066365 0.015000 -0.043223
v -0.071698 0.018825 -0.036985
v -0.066365 0.018825 -0.036985
v -0.061031 0.018825 -0.036985
v -0.071698 0.015263 -0.041322
v -0.071698 0.016032 -0.039564
v -0.071698 0.017250 -0.038081
v -0.067698 0.015298 -0.041203
v -0.063698 0.015075 -0.042202
v -0.067698 0.015075 -0.042202
v -0.067698 0.016085 -0.039480
v -0.063698 0.015633 -0.040315
v -0.067698 0.015633 -0.040315
v -0.067698 0.017287 -0.038048
v -0.063698 0.016638 -0.038723
v -0.067698 0.016638 -0.038723
v -0.063698 0.018020 -0.037465
v -0.067698 0.018020 -0.037465
v -0.055698 0.018825 -0.036985
v -0.055698 0.017250 -0.038081
v -0.055698 0.016032 -0.039564
v -0.055698 0.015263 -0.041322
v -0.059698 0.017287 -0.038048
v -0.059698 0.018020 -0.037465
v -0.059698 0.016085 -0.039480
v -0.059698 0.016638 -0.038723
v -0.059698 0.015298 -0.041203
v -0.059698 0.015633 -0.040315
v -0.059698 0.015075 -0.042202
v -0.057284 -0.005000 -0.074558
v -0.058529 -0.005000 -0.074449
v -0.056587 -0.005000 -0.066589
v -0.056613 -0.006531 -0.066892
v -0.056689 -0.007828 -0.067756
v -0.056802 -0.008695 -0.069049
v -0.056936 -0.009000 -0.070574
v -0.057069 -0.008695 -0.072098
v -0.057182 -0.007828 -0.073391
v -0.057258 -0.006531 -0.074255
v -0.059077 -0.005000 -0.066371
v -0.057832 -0.005000 -0.066480
v -0.059368 -0.008944 -0.069690
v -0.059253 -0.008474 -0.068380
v -0.059160 -0.007581 -0.067312
v -0.059099 -0.006374 -0.066613
v -0.059484 -0.008944 -0.071022
v -0.059775 -0.005000 -0.074340
v -0.059753 -0.006374 -0.074098
v -0.059692 -0.007581 -0.073400
v -0.059599 -0.008474 -0.072331
v -0.059775 0.005000 -0.074340
v -0.057284 0.005000 -0.074558
v -0.057284 -0.005000 -0.074558
v -0.057284 -0.003000 -0.074558
v -0.057284 -0.001000 -0.074558
v -0.057284 0.001000 -0.074558
v -0.057284 0.003000 -0.074558
v -0.059775 -0.005000 -0.074340
v -0.058529 -0.005000 -0.074449
v -0.058529 0.005000 -0.074449
v -0.059775 0.001667 -0.074340
v -0.059775 -0.001667 -0.074340
v -0.057284 0.005000 -0.074558
v -0.059775 0.005000 -0.074340
v -0.058529 0.005000 -0.074449
v -0.056587 0.005000 -0.066589
v -0.057832 0.005000 -0.066480
v -0.057258 0.006531 -0.074255
v -0.057182 0.007828 -0.073391
v -0.057069 0.008696 -0.072098
v -0.056936 0.009000 -0.070574
v -0.056802 0.008696 -0.069049
v -0.056689 0.007828 -0.067756
v -0.056613 0.006531 -0.066892
v -0.059484 0.008944 -0.071022
v -0.059599 0.008474 -0.072331
v -0.059692 0.007581 -0.073400
v -0.059753 0.006374 -0.074098
v -0.059368 0.008944 -0.069690
v -0.059077 0.005000 -0.066371
v -0.059099 0.006374 -0.066613
v -0.059160 0.007581 -0.067312
v -0.059253 0.008474 -0.068380
v -0.056587 0.005000 -0.066589
v -0.056587 0.003000 -0.066589
v -0.056587 0.001000 -0.066589
v -0.056587 -0.001000 -0.066589
v -0.056587 -0.003000 -0.066589
v -0.056587 -0.005000 -0.066589
v -0.057832 -0.005000 -0.066480
v -0.059077 0.005000 -0.066371
v -0.057832 0.005000 -0.066480
v -0.059077 -0.005000 -0.066371
v -0.059077 -0.001667 -0.066371
v -0.059077 0.001667 -0.066371
v -0.055736 -0.015000 -0.056865
v -0.055736 0.002143 -0.056865
v -0.055736 0.015000 -0.056865
v -0.055698 -0.015000 -0.055993
v -0.055698 0.015000 -0.055993
v -0.055736 0.012857 -0.056865
v -0.055736 0.010714 -0.056865
v -0.055736 0.008571 -0.056865
v -0.055736 0.006429 -0.056865
v -0.055736 0.004286 -0.056865
v -0.055736 -0.000000 -0.056865
v -0.055736 -0.002143 -0.056865
v -0.055736 -0.004286 -0.056865
v -0.055736 -0.006429 -0.056865
v -0.055736 -0.008571 -0.056865
v -0.055736 -0.010714 -0.056865
v -0.055736 -0.012857 -0.056865
v -0.055698 -0.012000 -0.055993
v -0.055698 -0.009000 -0.055993
v -0.055698 -0.006000 -0.055993
v -0.055698 -0.003000 -0.055993
v -0.055698 -0.000000 -0.055993
v -0.055698 0.003000 -0.055993
v -0.055698 0.006000 -0.055993
v -0.055698 0.009000 -0.055993
v -0.055698 0.012000 -0.055993
v -0.056910 -0.025249 -0.030342
v -0.056270 -0.024913 -0.030624
v -0.055847 -0.024420 -0.031038
v -0.055698 -0.022538 -0.029971
v -0.057698 -0.024105 -0.028727
v -0.056931 -0.023987 -0.028825
v -0.056754 -0.023923 -0.028878
v -0.056586 -0.023845 -0.028943
v -0.056283 -0.023652 -0.029100
v -0.056034 -0.023416 -0.029290
v -0.055850 -0.023145 -0.029505
v -0.056910 -0.024597 -0.029566
v -0.057296 -0.025342 -0.030265
v -0.057296 -0.024690 -0.029488
v -0.056910 -0.024272 -0.029178
v -0.057100 -0.024651 -0.029521
v -0.057296 -0.024365 -0.029100
v -0.057100 -0.024326 -0.029133
v -0.056270 -0.024262 -0.029848
v -0.056568 -0.025105 -0.030463
v -0.056568 -0.024454 -0.029687
v -0.056568 -0.024128 -0.029299
v -0.056734 -0.024532 -0.029621
v -0.056734 -0.024206 -0.029233
v -0.055847 -0.023769 -0.030262
v -0.056027 -0.024683 -0.030818
v -0.056027 -0.024031 -0.030041
v -0.055698 -0.025113 -0.033039
v -0.055851 -0.025719 -0.032570
v -0.055935 -0.025857 -0.032460
v -0.056036 -0.025989 -0.032355
v -0.056284 -0.026224 -0.032164
v -0.056587 -0.026417 -0.032006
v -0.056933 -0.026559 -0.031889
v -0.057698 -0.026676 -0.031791
v -0.055847 -0.025072 -0.031814
v -0.056270 -0.025565 -0.031400
v -0.056027 -0.025334 -0.031594
v -0.055847 -0.025397 -0.032202
v -0.056027 -0.025660 -0.031982
v -0.055928 -0.025206 -0.031701
v -0.055928 -0.025532 -0.032089
v -0.055736 -0.024136 -0.031276
v -0.055736 -0.024787 -0.032052
v -0.056270 -0.025891 -0.031788
v -0.056141 -0.025454 -0.031493
v -0.056141 -0.025780 -0.031881
v -0.056910 -0.025900 -0.031119
v -0.056568 -0.025756 -0.031239
v -0.057296 -0.025993 -0.031041
v -0.057698 -0.025819 -0.030769
v -0.057698 -0.024962 -0.029748
v -0.055698 -0.023396 -0.030994
v -0.055698 -0.024254 -0.032017
v -0.055698 0.022538 -0.029971
v -0.055851 0.023147 -0.029504
v -0.055935 0.023285 -0.029395
v -0.056036 0.023417 -0.029290
v -0.056284 0.023653 -0.029100
v -0.056587 0.023846 -0.028942
v -0.056933 0.023988 -0.028824
v -0.055847 0.024420 -0.031038
v -0.055736 0.024136 -0.031276
v -0.056270 0.024913 -0.030624
v -0.056027 0.024683 -0.030818
v -0.055847 0.023769 -0.030262
v -0.056027 0.024031 -0.030041
v -0.055928 0.024555 -0.030925
v -0.055928 0.023903 -0.030149
v -0.055847 0.023443 -0.029873
v -0.055928 0.023578 -0.029760
v -0.055885 0.023837 -0.030204
v -0.055885 0.023511 -0.029816
v -0.055736 0.023485 -0.030500
v -0.055782 0.024280 -0.031155
v -0.055782 0.023629 -0.030379
v -0.056027 0.023706 -0.029653
v -0.055976 0.023968 -0.030094
v -0.055976 0.023643 -0.029706
v -0.056270 0.024262 -0.029848
v -0.056141 0.024803 -0.030717
v -0.056141 0.024151 -0.029941
v -0.056910 0.025249 -0.030342
v -0.056568 0.025105 -0.030463
v -0.056141 0.023826 -0.029553
v -0.056082 0.024092 -0.029990
v -0.056082 0.023767 -0.029602
v -0.056568 0.024454 -0.029687
v -0.056413 0.025015 -0.030539
v -0.056413 0.024364 -0.029763
v -0.056910 0.024598 -0.029566
v -0.056734 0.025183 -0.030397
v -0.056734 0.024532 -0.029621
v -0.057296 0.025342 -0.030265
v -0.057296 0.024690 -0.029488
v -0.057100 0.025303 -0.030297
v -0.057100 0.024651 -0.029521
v -0.057698 0.024105 -0.028727
v -0.057698 0.025390 -0.030259
v -0.057698 0.026676 -0.031791
v -0.056931 0.026558 -0.031889
v -0.056754 0.026494 -0.031943
v -0.056586 0.026416 -0.032007
v -0.056283 0.026224 -0.032165
v -0.056034 0.025988 -0.032355
v -0.055850 0.025718 -0.032571
v -0.055698 0.025113 -0.033039
v -0.056910 0.025900 -0.031119
v -0.057296 0.025993 -0.031041
v -0.057100 0.025954 -0.031074
v -0.056910 0.026226 -0.031507
v -0.057004 0.025929 -0.031095
v -0.057100 0.026280 -0.031462
v -0.057004 0.026255 -0.031483
v -0.056568 0.025757 -0.031239
v -0.056734 0.025835 -0.031174
v -0.056734 0.026160 -0.031562
v -0.056821 0.025869 -0.031145
v -0.056821 0.026195 -0.031533
v -0.056568 0.026082 -0.031627
v -0.056650 0.025797 -0.031205
v -0.056650 0.026123 -0.031593
v -0.056270 0.025565 -0.031400
v -0.056413 0.025666 -0.031315
v -0.056027 0.025334 -0.031594
v -0.056141 0.025454 -0.031493
v -0.055847 0.025072 -0.031814
v -0.055928 0.025206 -0.031701
v -0.055698 0.023825 -0.031505
v -0.059726 0.010500 -0.049052
v -0.059726 0.007875 -0.049052
v -0.059726 0.005250 -0.049052
v -0.059726 0.002625 -0.049052
v -0.059726 -0.000000 -0.049052
v -0.059726 -0.002625 -0.049052
v -0.059726 -0.005250 -0.049052
v -0.059726 -0.007875 -0.049052
v -0.059726 -0.010500 -0.049052
v -0.069688 -0.010500 -0.048181
v -0.069688 -0.007875 -0.048181
v -0.069688 -0.005250 -0.048181
v -0.069688 -0.002625 -0.048181
v -0.069688 -0.000000 -0.048181
v -0.069688 0.002625 -0.048181
v -0.069688 0.005250 -0.048181
v -0.069688 0.007875 -0.048181
v -0.069688 0.010500 -0.048181
v -0.067696 -0.012500 -0.048355
v -0.068458 -0.012348 -0.048288
v -0.069105 -0.011914 -0.048232
v -0.069537 -0.011265 -0.048194
v -0.069831 -0.009643 -0.048168
v -0.069537 0.011265 -0.048194
v -0.069105 0.011914 -0.048232
v -0.068458 0.012348 -0.048288
v -0.067696 0.012500 -0.048355
v -0.069831 0.009643 -0.048168
v -0.061719 0.012500 -0.048878
v -0.060956 0.012348 -0.048945
v -0.060310 0.011914 -0.049001
v -0.059878 0.011265 -0.049039
v -0.059878 -0.011265 -0.049039
v -0.060310 -0.011914 -0.049001
v -0.060956 -0.012348 -0.048945
v -0.061719 -0.012500 -0.048878
v -0.059584 -0.009643 -0.049065
v -0.059584 -0.011571 -0.049065
v -0.070685 0.010500 -0.048094
v -0.070685 0.010063 -0.048094
v -0.070685 0.009625 -0.048094
v -0.070685 0.009188 -0.048094
v -0.070685 0.008750 -0.048094
v -0.070685 0.008313 -0.048094
v -0.070685 0.007875 -0.048094
v -0.070685 0.007438 -0.048094
v -0.070685 0.007000 -0.048094
v -0.070685 0.006563 -0.048094
v -0.070685 0.006125 -0.048094
v -0.070685 0.005688 -0.048094
v -0.070685 0.005250 -0.048094
v -0.070685 0.004813 -0.048094
v -0.070685 0.004375 -0.048094
v -0.070685 0.003938 -0.048094
v -0.070685 0.003500 -0.048094
v -0.070685 0.003063 -0.048094
v -0.070685 0.002625 -0.048094
v -0.070685 0.002188 -0.048094
v -0.070685 0.001750 -0.048094
v -0.070685 0.001313 -0.048094
v -0.070685 0.000875 -0.048094
v -0.070685 0.000438 -0.048094
v -0.070685 -0.000000 -0.048094
v -0.070685 -0.000437 -0.048094
v -0.070685 -0.000875 -0.048094
v -0.070685 -0.001312 -0.048094
v -0.070685 -0.001750 -0.048094
v -0.070685 -0.002187 -0.048094
v -0.070685 -0.002625 -0.048094
v -0.070685 -0.003062 -0.048094
v -0.070685 -0.003500 -0.048094
v -0.070685 -0.003937 -0.048094
v -0.070685 -0.004375 -0.048094
v -0.070685 -0.004812 -0.048094
v -0.070685 -0.005250 -0.048094
v -0.070685 -0.005687 -0.048094
v -0.070685 -0.006125 -0.048094
v -0.070685 -0.006562 -0.048094
v -0.070685 -0.007000 -0.048094
v -0.070685 -0.007437 -0.048094
v -0.070685 -0.007875 -0.048094
v -0.070685 -0.008312 -0.048094
v -0.070685 -0.008750 -0.048094
v -0.070685 -0.009187 -0.048094
v -0.070685 -0.009625 -0.048094
v -0.070685 -0.010062 -0.048094
v -0.070685 -0.010500 -0.048094
v -0.070258 0.009643 -0.048131
v -0.070258 0.010607 -0.048131
v -0.069831 0.005786 -0.048168
v -0.070258 0.007714 -0.048131
v -0.069831 0.008679 -0.048168
v -0.070258 0.008679 -0.048131
v -0.070258 0.005786 -0.048131
v -0.069831 0.006750 -0.048168
v -0.070258 0.006750 -0.048131
v -0.069831 0.001929 -0.048168
v -0.069831 0.003857 -0.048168
v -0.070258 0.003857 -0.048131
v -0.070258 0.004821 -0.048131
v -0.070258 0.001929 -0.048131
v -0.070258 0.002893 -0.048131
v -0.069831 -0.001929 -0.048168
v -0.070258 -0.000000 -0.048131
v -0.069831 0.000964 -0.048168
v -0.070258 0.000964 -0.048131
v -0.070258 -0.001929 -0.048131
v -0.069831 -0.000964 -0.048168
v -0.070258 -0.000964 -0.048131
v -0.069831 -0.005786 -0.048168
v -0.069831 -0.003857 -0.048168
v -0.070258 -0.003857 -0.048131
v -0.070258 -0.002893 -0.048131
v -0.070258 -0.005786 -0.048131
v -0.070258 -0.004821 -0.048131
v -0.070258 -0.007714 -0.048131
v -0.069831 -0.006750 -0.048168
v -0.070258 -0.006750 -0.048131
v -0.070258 -0.009643 -0.048131
v -0.069831 -0.008679 -0.048168
v -0.070258 -0.008679 -0.048131
v -0.070258 -0.010607 -0.048131
v -0.067696 -0.013500 -0.048355
v -0.065704 -0.013500 -0.048529
v -0.063711 -0.013500 -0.048704
v -0.061719 -0.013500 -0.048878
v -0.058730 -0.010500 -0.049139
v -0.058730 -0.009625 -0.049139
v -0.058730 -0.008750 -0.049139
v -0.058730 -0.007875 -0.049139
v -0.058730 -0.007000 -0.049139
v -0.058730 -0.006125 -0.049139
v -0.058730 -0.005250 -0.049139
v -0.058730 -0.004375 -0.049139
v -0.058730 -0.003500 -0.049139
v -0.058730 -0.002625 -0.049139
v -0.058730 -0.001750 -0.049139
v -0.058730 -0.000875 -0.049139
v -0.058730 -0.000000 -0.049139
v -0.058730 0.000875 -0.049139
v -0.058730 0.001750 -0.049139
v -0.058730 0.002625 -0.049139
v -0.058730 0.003500 -0.049139
v -0.058730 0.004375 -0.049139
v -0.058730 0.005250 -0.049139
v -0.058730 0.006125 -0.049139
v -0.058730 0.007000 -0.049139
v -0.058730 0.007875 -0.049139
v -0.058730 0.008750 -0.049139
v -0.058730 0.009625 -0.049139
v -0.058730 0.010500 -0.049139
v -0.061719 0.013500 -0.048878
v -0.063711 0.013500 -0.048704
v -0.065704 0.013500 -0.048529
v -0.065704 0.012500 -0.048529
v -0.063711 0.012500 -0.048704
v -0.063711 -0.012500 -0.048704
v -0.065704 -0.012500 -0.048529
v -0.067696 0.013500 -0.048355
v -0.068469 0.013398 -0.048287
v -0.069190 0.013098 -0.048224
v -0.069809 0.012621 -0.048170
v -0.070284 0.012000 -0.048129
v -0.070583 0.011276 -0.048102
v -0.058832 0.011276 -0.049130
v -0.059131 0.012000 -0.049104
v -0.059606 0.012621 -0.049063
v -0.060224 0.013098 -0.049009
v -0.060945 0.013398 -0.048946
v -0.061293 -0.013469 -0.048915
v -0.060877 -0.013378 -0.048952
v -0.060477 -0.013229 -0.048987
v -0.060103 -0.013024 -0.049019
v -0.059762 -0.012767 -0.049049
v -0.059460 -0.012465 -0.049076
v -0.059205 -0.012122 -0.049098
v -0.059000 -0.011746 -0.049116
v -0.058851 -0.011345 -0.049129
v -0.058761 -0.010927 -0.049137
v -0.059157 -0.011571 -0.049102
v -0.059157 -0.009643 -0.049102
v -0.059157 -0.010607 -0.049102
v -0.070583 -0.011276 -0.048102
v -0.070284 -0.012000 -0.048129
v -0.069809 -0.012621 -0.048170
v -0.069190 -0.013098 -0.048224
v -0.068469 -0.013398 -0.048287
v -0.067696 0.013500 -0.048355
v -0.070685 0.010500 -0.048094
v -0.068469 0.013398 -0.048287
v -0.069190 0.013098 -0.048224
v -0.069809 0.012621 -0.048170
v -0.070284 0.012000 -0.048129
v -0.070583 0.011276 -0.048102
v -0.061719 0.013500 -0.048878
v -0.063711 0.013500 -0.048704
v -0.065704 0.013500 -0.048529
v -0.067696 0.013500 -0.048355
v -0.058730 0.010500 -0.049139
v -0.061719 0.013500 -0.048878
v -0.058832 0.011276 -0.049130
v -0.059131 0.012000 -0.049104
v -0.059606 0.012621 -0.049063
v -0.060224 0.013098 -0.049009
v -0.060945 0.013398 -0.048946
v -0.058730 0.010500 -0.049139
v -0.058730 0.007000 -0.049139
v -0.058730 -0.000000 -0.049139
v -0.058730 -0.010500 -0.049139
v -0.058730 -0.009625 -0.049139
v -0.058730 -0.008750 -0.049139
v -0.058730 -0.007875 -0.049139
v -0.058730 -0.007000 -0.049139
v -0.058730 -0.006125 -0.049139
v -0.058730 -0.005250 -0.049139
v -0.058730 -0.004375 -0.049139
v -0.058730 -0.003500 -0.049139
v -0.058730 -0.002625 -0.049139
v -0.058730 -0.001750 -0.049139
v -0.058730 -0.000875 -0.049139
v -0.058730 0.000875 -0.049139
v -0.058730 0.001750 -0.049139
v -0.058730 0.002625 -0.049139
v -0.058730 0.003500 -0.049139
v -0.058730 0.004375 -0.049139
v -0.058730 0.005250 -0.049139
v -0.058730 0.006125 -0.049139
v -0.058730 0.007875 -0.049139
v -0.058730 0.008750 -0.049139
v -0.058730 0.009625 -0.049139
v -0.058730 -0.010500 -0.049139
v -0.061719 -0.013500 -0.048878
v -0.061293 -0.013469 -0.048915
v -0.060877 -0.013378 -0.048952
v -0.060477 -0.013229 -0.048987
v -0.060103 -0.013024 -0.049019
v -0.059762 -0.012767 -0.049049
v -0.059460 -0.012465 -0.049076
v -0.059205 -0.012122 -0.049098
v -0.059000 -0.011746 -0.049116
v -0.058851 -0.011345 -0.049129
v -0.058761 -0.010927 -0.049137
v -0.061116 -0.013437 -0.049031
v -0.060037 -0.012974 -0.049126
v -0.059593 -0.012600 -0.049164
v -0.059230 -0.012148 -0.049196
v -0.058961 -0.011634 -0.049220
v -0.058795 -0.011078 -0.049234
v -0.067696 -0.013500 -0.048355
v -0.065704 -0.013500 -0.048529
v -0.063711 -0.013500 -0.048704
v -0.061719 -0.013500 -0.048878
v -0.067696 -0.013500 -0.048355
v -0.070685 -0.010500 -0.048094
v -0.070583 -0.011276 -0.048102
v -0.070284 -0.012000 -0.048129
v -0.069809 -0.012621 -0.048170
v -0.069190 -0.013098 -0.048224
v -0.068469 -0.013398 -0.048287
v -0.070685 -0.010500 -0.048094
v -0.070685 0.010500 -0.048094
v -0.070685 0.010063 -0.048094
v -0.070685 0.009625 -0.048094
v -0.070685 0.009188 -0.048094
v -0.070685 0.008750 -0.048094
v -0.070685 0.008313 -0.048094
v -0.070685 0.007875 -0.048094
v -0.070685 0.007438 -0.048094
v -0.070685 0.007000 -0.048094
v -0.070685 0.006563 -0.048094
v -0.070685 0.006125 -0.048094
v -0.070685 0.005688 -0.048094
v -0.070685 0.005250 -0.048094
v -0.070685 0.004813 -0.048094
v -0.070685 0.004375 -0.048094
v -0.070685 0.003938 -0.048094
v -0.070685 0.003500 -0.048094
v -0.070685 0.003063 -0.048094
v -0.070685 0.002625 -0.048094
v -0.070685 0.002188 -0.048094
v -0.070685 0.001750 -0.048094
v -0.070685 0.001313 -0.048094
v -0.070685 0.000875 -0.048094
v -0.070685 0.000438 -0.048094
v -0.070685 -0.000000 -0.048094
v -0.070685 -0.000437 -0.048094
v -0.070685 -0.000875 -0.048094
v -0.070685 -0.001312 -0.048094
v -0.070685 -0.001750 -0.048094
v -0.070685 -0.002187 -0.048094
v -0.070685 -0.002625 -0.048094
v -0.070685 -0.003062 -0.048094
v -0.070685 -0.003500 -0.048094
v -0.070685 -0.003937 -0.048094
v -0.070685 -0.004375 -0.048094
v -0.070685 -0.004812 -0.048094
v -0.070685 -0.005250 -0.048094
v -0.070685 -0.005687 -0.048094
v -0.070685 -0.006125 -0.048094
v -0.070685 -0.006562 -0.048094
v -0.070685 -0.007000 -0.048094
v -0.070685 -0.007437 -0.048094
v -0.070685 -0.007875 -0.048094
v -0.070685 -0.008312 -0.048094
v -0.070685 -0.008750 -0.048094
v -0.070685 -0.009187 -0.048094
v -0.070685 -0.009625 -0.048094
v -0.070685 -0.010062 -0.048094
v -0.070702 0.010500 -0.048291
v -0.070702 -0.010500 -0.048291
v -0.070702 -0.010062 -0.048291
v -0.070702 -0.009625 -0.048291
v -0.070702 -0.009187 -0.048291
v -0.070702 -0.008750 -0.048291
v -0.070702 -0.008312 -0.048291
v -0.070702 -0.007875 -0.048291
v -0.070702 -0.007437 -0.048291
v -0.070702 -0.007000 -0.048291
v -0.070702 -0.006562 -0.048291
v -0.070702 -0.006125 -0.048291
v -0.070702 -0.005687 -0.048291
v -0.070702 -0.005250 -0.048291
v -0.070702 -0.004812 -0.048291
v -0.070702 -0.004375 -0.048291
v -0.070702 -0.003937 -0.048291
v -0.070702 -0.003500 -0.048291
v -0.070702 -0.003062 -0.048291
v -0.070702 -0.002625 -0.048291
v -0.070702 -0.002187 -0.048291
v -0.070702 -0.001750 -0.048291
v -0.070702 -0.001312 -0.048291
v -0.070702 -0.000875 -0.048291
v -0.070702 -0.000437 -0.048291
v -0.070702 -0.000000 -0.048291
v -0.070702 0.000438 -0.048291
v -0.070702 0.000875 -0.048291
v -0.070702 0.001313 -0.048291
v -0.070702 0.001750 -0.048291
v -0.070702 0.002188 -0.048291
v -0.070702 0.002625 -0.048291
v -0.070702 0.003063 -0.048291
v -0.070702 0.003500 -0.048291
v -0.070702 0.003938 -0.048291
v -0.070702 0.004375 -0.048291
v -0.070702 0.004813 -0.048291
v -0.070702 0.005250 -0.048291
v -0.070702 0.005688 -0.048291
v -0.070702 0.006125 -0.048291
v -0.070702 0.006563 -0.048291
v -0.070702 0.007000 -0.048291
v -0.070702 0.007438 -0.048291
v -0.070702 0.007875 -0.048291
v -0.070702 0.008313 -0.048291
v -0.070702 0.008750 -0.048291
v -0.070702 0.009188 -0.048291
v -0.070702 0.009625 -0.048291
v -0.070702 0.010063 -0.048291
v -0.070693 -0.009917 -0.048192
v -0.070693 -0.008167 -0.048192
v -0.070693 -0.008750 -0.048192
v -0.070693 -0.007583 -0.048192
v -0.070693 -0.006417 -0.048192
v -0.070693 -0.007000 -0.048192
v -0.070693 -0.005833 -0.048192
v -0.070693 -0.004667 -0.048192
v -0.070693 -0.005250 -0.048192
v -0.070693 -0.003500 -0.048192
v -0.070693 -0.004083 -0.048192
v -0.070693 -0.002917 -0.048192
v -0.070693 -0.002333 -0.048192
v -0.070693 -0.001750 -0.048192
v -0.070693 -0.001167 -0.048192
v -0.070693 -0.000583 -0.048192
v -0.070693 -0.000000 -0.048192
v -0.070693 0.000583 -0.048192
v -0.070693 0.001750 -0.048192
v -0.070693 0.001167 -0.048192
v -0.070693 0.002333 -0.048192
v -0.070693 0.003500 -0.048192
v -0.070693 0.002917 -0.048192
v -0.070693 0.004083 -0.048192
v -0.070693 0.004667 -0.048192
v -0.070693 0.005833 -0.048192
v -0.070693 0.005250 -0.048192
v -0.070693 0.007000 -0.048192
v -0.070693 0.006417 -0.048192
v -0.070693 0.007583 -0.048192
v -0.070693 0.008167 -0.048192
v -0.070693 0.008750 -0.048192
v -0.070693 0.009333 -0.048192
v -0.070693 0.009917 -0.048192
v -0.059484 0.008944 -0.071022
v -0.059484 -0.008944 -0.071022
v -0.057585 0.015000 -0.049469
v -0.057581 0.015000 -0.049421
v -0.057606 0.015000 -0.049701
v -0.057577 0.015000 -0.049374
v -0.057585 -0.015000 -0.049469
v -0.057606 -0.015000 -0.049701
v -0.057581 -0.015000 -0.049421
v -0.057577 -0.015000 -0.049374
v -0.057629 0.015000 -0.049954
v -0.057609 0.015000 -0.049731
v -0.057629 -0.015000 -0.049954
v -0.057609 -0.015000 -0.049731
v -0.059135 -0.006749 -0.066829
v -0.059449 0.011249 -0.070348
v -0.059450 0.011250 -0.070354
v -0.059449 0.008751 -0.070348
v -0.059509 0.008941 -0.071015
v -0.059509 0.008944 -0.071020
v -0.059450 0.008750 -0.070354
v -0.059390 -0.008944 -0.069688
v -0.058872 -0.021000 -0.063878
v -0.058870 -0.021000 -0.063864
v -0.058872 -0.021000 -0.063886
v -0.059450 -0.021000 -0.070354
v -0.059451 -0.021000 -0.070369
v -0.059391 -0.008942 -0.069692
v -0.059509 -0.008942 -0.071015
v -0.059509 -0.008945 -0.071021
v -0.061317 0.013012 -0.091269
v -0.061317 0.013000 -0.091271
v -0.062281 0.015000 -0.048954
v -0.062243 0.015000 -0.048957
v -0.062354 0.015000 -0.048947
v -0.062134 0.015000 -0.048967
v -0.057714 0.015000 -0.049361
v -0.057636 0.015000 -0.049368
v -0.065524 0.015000 -0.048664
v -0.071698 0.004739 -0.048113
v -0.071698 0.004489 -0.048113
v -0.071698 0.004160 -0.048113
v -0.071698 -0.004162 -0.048113
v -0.071698 -0.004487 -0.048113
v -0.071698 -0.012431 -0.048113
v -0.071698 -0.005141 -0.048113
v -0.071698 -0.012680 -0.048113
v -0.071698 -0.012858 -0.048113
v -0.062243 -0.015000 -0.048957
v -0.062281 -0.015000 -0.048954
v -0.062134 -0.015000 -0.048967
v -0.057714 -0.015000 -0.049361
v -0.057636 -0.015000 -0.049368
v -0.062354 -0.015000 -0.048947
v -0.066987 -0.015000 -0.048533
v -0.067077 -0.015000 -0.048525
v -0.071698 -0.015000 -0.048113
v -0.071698 -0.014929 -0.048113
v -0.071698 -0.015000 -0.048113
v -0.071698 -0.014857 -0.048113
v -0.071698 -0.014715 -0.048113
v -0.071698 -0.013535 -0.048113
v -0.071698 -0.013278 -0.048113
v -0.071698 -0.013109 -0.048113
v -0.070687 0.006419 -0.048203
v -0.070693 0.006401 -0.048197
v -0.070693 0.006408 -0.048192
v -0.070694 0.005864 -0.048203
v -0.070694 0.005818 -0.048203
v -0.070694 0.005297 -0.048203
v -0.070694 0.005250 -0.048203
v -0.070694 0.005204 -0.048203
v -0.070694 0.004683 -0.048203
v -0.070694 0.004114 -0.048203
v -0.070694 0.004636 -0.048203
v -0.070694 0.003547 -0.048203
v -0.070694 0.004068 -0.048203
v -0.070694 0.003500 -0.048203
v -0.070694 0.003454 -0.048203
v -0.070694 0.002933 -0.048203
v -0.070694 0.002886 -0.048203
v -0.070694 0.002364 -0.048203
v -0.070694 0.002318 -0.048203
v -0.070694 0.001797 -0.048203
v -0.070694 0.001750 -0.048203
v -0.070694 0.001703 -0.048203
v -0.070694 0.001183 -0.048203
v -0.070694 0.001136 -0.048203
v -0.070694 0.000614 -0.048203
v -0.070694 0.000568 -0.048203
v -0.070694 0.000047 -0.048203
v -0.070694 -0.000000 -0.048203
v -0.070694 -0.000047 -0.048203
v -0.070694 -0.000567 -0.048203
v -0.070694 -0.000614 -0.048203
v -0.070694 -0.001136 -0.048203
v -0.070694 -0.001182 -0.048203
v -0.070694 -0.001703 -0.048203
v -0.070694 -0.001750 -0.048203
v -0.070694 -0.001797 -0.048203
v -0.070694 -0.002317 -0.048203
v -0.070694 -0.002364 -0.048203
v -0.070694 -0.002886 -0.048203
v -0.070694 -0.002932 -0.048203
v -0.070694 -0.003453 -0.048203
v -0.070694 -0.003500 -0.048203
v -0.070694 -0.003547 -0.048203
v -0.070694 -0.004067 -0.048203
v -0.070694 -0.004636 -0.048203
v -0.070694 -0.004114 -0.048203
v -0.070694 -0.004682 -0.048203
v -0.070694 -0.005203 -0.048203
v -0.070694 -0.005250 -0.048203
v -0.070694 -0.005297 -0.048203
v -0.070694 -0.005817 -0.048203
v -0.070694 -0.005864 -0.048203
v -0.070694 -0.006386 -0.048203
v -0.070694 -0.006953 -0.048203
v -0.070694 -0.007000 -0.048203
v -0.070694 -0.006432 -0.048203
v -0.070694 -0.007567 -0.048203
v -0.070694 -0.007047 -0.048203
v -0.070694 -0.007614 -0.048203
v -0.070694 -0.008136 -0.048203
v -0.070694 -0.008182 -0.048203
v -0.070694 -0.008703 -0.048203
v -0.070694 -0.008750 -0.048203
v -0.070694 -0.008797 -0.048203
v -0.070694 -0.009839 -0.048203
v -0.070694 -0.009886 -0.048203
v -0.070694 -0.009932 -0.048203
v -0.070694 -0.009979 -0.048203
v -0.070694 -0.010500 -0.048202
v -0.070644 -0.010903 -0.048207
v -0.070598 -0.011251 -0.048211
v -0.070694 -0.010500 -0.048202
v -0.067706 -0.013500 -0.048469
v -0.066874 -0.013500 -0.048544
v -0.068055 -0.013464 -0.048438
v -0.068388 -0.013420 -0.048408
v -0.067706 -0.013500 -0.048469
v -0.068720 -0.013313 -0.048379
v -0.069034 -0.013182 -0.048351
v -0.069289 -0.013043 -0.048328
v -0.069872 -0.012564 -0.048276
v -0.069560 -0.012834 -0.048304
v -0.070452 -0.011632 -0.048224
v -0.070319 -0.011955 -0.048236
v -0.070082 -0.012290 -0.048257
v -0.061344 0.013460 -0.049037
v -0.061057 0.013422 -0.049063
v -0.061730 0.013500 -0.049003
v -0.062955 0.013500 -0.048893
v -0.061730 0.013500 -0.049003
v -0.063722 0.013500 -0.048825
v -0.064910 0.013500 -0.048719
v -0.065714 0.013500 -0.048647
v -0.066427 0.013500 -0.048583
v -0.061730 -0.013500 -0.049003
v -0.061279 -0.013454 -0.049043
v -0.061730 -0.013500 -0.049003
v -0.062955 -0.013500 -0.048893
v -0.063722 -0.013500 -0.048825
v -0.064910 -0.013500 -0.048719
v -0.065714 -0.013500 -0.048647
v -0.058741 0.010500 -0.049270
v -0.058741 0.009923 -0.049270
v -0.058741 0.009625 -0.049270
v -0.058741 0.009048 -0.049270
v -0.058741 0.008750 -0.049270
v -0.058741 0.008173 -0.049270
v -0.058801 0.010982 -0.049264
v -0.058836 0.011246 -0.049261
v -0.058741 0.010500 -0.049270
v -0.059010 0.011698 -0.049246
v -0.059113 0.011946 -0.049236
v -0.059389 0.012339 -0.049212
v -0.059555 0.012555 -0.049197
v -0.059916 0.012867 -0.049165
v -0.060134 0.013035 -0.049145
v -0.060685 0.013303 -0.049096
v -0.060423 0.013194 -0.049119
v -0.058741 0.007298 -0.049270
v -0.058741 0.007000 -0.049270
v -0.058741 0.006125 -0.049270
v -0.058741 0.005548 -0.049270
v -0.058741 0.004375 -0.049270
v -0.058741 0.003798 -0.049270
v -0.058741 0.005250 -0.049270
v -0.058741 0.004673 -0.049270
v -0.058741 0.003500 -0.049270
v -0.058741 0.002923 -0.049270
v -0.058741 0.007875 -0.049270
v -0.058741 0.006423 -0.049270
v -0.058741 0.002625 -0.049270
v -0.058741 0.000875 -0.049270
v -0.058741 0.000298 -0.049270
v -0.058741 -0.000000 -0.049270
v -0.058741 -0.001452 -0.049270
v -0.058741 -0.001750 -0.049270
v -0.058741 0.002048 -0.049270
v -0.058741 0.001750 -0.049270
v -0.058741 -0.004952 -0.049270
v -0.058741 -0.005250 -0.049270
v -0.058741 -0.004375 -0.049270
v -0.058741 -0.000577 -0.049270
v -0.058741 -0.000875 -0.049270
v -0.058741 -0.002327 -0.049270
v -0.058741 -0.002625 -0.049270
v -0.058741 0.001173 -0.049270
v -0.058741 -0.003202 -0.049270
v -0.058741 -0.003500 -0.049270
v -0.058741 -0.004077 -0.049270
v -0.058741 -0.007000 -0.049270
v -0.058741 -0.007577 -0.049270
v -0.058741 -0.007875 -0.049270
v -0.058741 -0.008452 -0.049270
v -0.058741 -0.008750 -0.049270
v -0.058741 -0.009327 -0.049270
v -0.058741 -0.010202 -0.049270
v -0.058741 -0.010500 -0.049270
v -0.058741 -0.005827 -0.049270
v -0.058741 -0.006125 -0.049270
v -0.058741 -0.006702 -0.049270
v -0.058741 -0.009625 -0.049270
v -0.058780 -0.010898 -0.049266
v -0.058741 -0.010500 -0.049270
v -0.058787 -0.011013 -0.049265
v -0.058808 -0.011126 -0.049264
v -0.058923 -0.011511 -0.049253
v -0.058957 -0.011618 -0.049250
v -0.059004 -0.011720 -0.049246
v -0.059191 -0.012078 -0.049229
v -0.059250 -0.012173 -0.049224
v -0.059320 -0.012261 -0.049218
v -0.059573 -0.012576 -0.049195
v -0.059652 -0.012653 -0.049188
v -0.059966 -0.012917 -0.049160
v -0.060050 -0.012981 -0.049153
v -0.060113 -0.013019 -0.049147
v -0.060175 -0.013050 -0.049142
v -0.060961 -0.013386 -0.049071
v -0.061065 -0.013424 -0.049062
v -0.061171 -0.013446 -0.049053
v -0.066987 0.015000 -0.048533
v -0.067077 0.015000 -0.048525
v -0.071698 0.015000 -0.048113
v -0.071698 0.013278 -0.048113
v -0.071698 0.013535 -0.048113
v -0.071698 0.015000 -0.048113
v -0.071698 0.014929 -0.048113
v -0.071698 0.014857 -0.048113
v -0.071698 0.014714 -0.048113
v -0.071698 0.013110 -0.048113
v -0.071698 0.012857 -0.048113
v -0.071698 0.012677 -0.048113
v -0.071698 0.005148 -0.048113
v -0.071698 0.012425 -0.048113
v -0.066874 0.013500 -0.048544
v -0.067706 0.013500 -0.048469
v -0.068388 0.013420 -0.048408
v -0.068055 0.013464 -0.048438
v -0.067706 0.013500 -0.048469
v -0.068720 0.013313 -0.048379
v -0.069034 0.013182 -0.048351
v -0.069289 0.013043 -0.048328
v -0.069560 0.012834 -0.048304
v -0.069872 0.012564 -0.048276
v -0.070082 0.012290 -0.048257
v -0.070319 0.011955 -0.048236
v -0.070452 0.011632 -0.048224
v -0.070598 0.011251 -0.048211
v -0.070644 0.010903 -0.048207
v -0.070694 0.010500 -0.048202
v -0.070694 0.009979 -0.048203
v -0.070694 0.010500 -0.048202
v -0.070694 0.009933 -0.048203
v -0.070694 0.009886 -0.048203
v -0.070694 0.009364 -0.048203
v -0.070694 0.009318 -0.048203
v -0.070694 0.008797 -0.048203
v -0.070694 0.008704 -0.048203
v -0.070694 0.008183 -0.048203
v -0.070694 0.008750 -0.048203
v -0.070694 0.008136 -0.048203
v -0.070694 0.007614 -0.048203
v -0.070694 0.007568 -0.048203
v -0.070694 0.007047 -0.048203
v -0.070694 0.007000 -0.048203
v -0.070694 0.006954 -0.048203
v -0.058536 -0.015000 -0.060118
vn 0.3152 -0.9407 0.1257
vn 0.2152 -0.9709 0.1052
vn 0.2150 -0.9711 0.1034
vn 0.4090 -0.9014 0.1421
vn 0.4096 -0.9012 0.1414
vn 0.3155 -0.9407 0.1244
vn 0.4100 -0.9012 0.1404
vn 0.6395 -0.7351 0.2251
vn 0.5718 -0.7971 0.1939
vn 0.5727 -0.7967 0.1929
vn 0.6969 -0.6706 0.2542
vn 0.6981 -0.6690 0.2552
vn 0.6993 -0.6682 0.2540
vn 0.6444 -0.7297 0.2287
vn 0.7877 -0.5401 0.2964
vn 0.8462 -0.3784 0.3751
vn 0.8458 -0.3826 0.3718
vn 0.7866 -0.5222 0.3296
vn 0.8822 -0.2283 0.4117
vn 0.8701 -0.0427 0.4910
vn 0.8725 -0.0485 0.4863
vn 0.8744 -0.2095 0.4376
vn 0.8405 0.1267 0.5268
vn 0.7388 0.3122 0.5972
vn 0.7441 0.3073 0.5932
vn 0.8288 0.1436 0.5407
vn 0.6267 0.4633 0.6266
vn 0.4359 0.5934 0.6766
vn 0.4413 0.5922 0.6742
vn 0.6131 0.4626 0.6404
vn 0.2289 0.6781 0.6984
vn 0.2320 0.6777 0.6978
vn 0.3408 -0.9233 0.1770
vn 0.4089 -0.9016 0.1411
vn 0.4087 -0.9016 0.1417
vn 0.2181 -0.9675 0.1280
vn 0.2811 -0.9574 0.0667
vn 0.1982 -0.9774 0.0737
vn 0.6693 -0.7075 0.2268
vn 0.6936 -0.6729 0.2571
vn 0.6931 -0.6733 0.2573
vn 0.6237 -0.7487 0.2248
vn 0.6637 -0.7197 0.2037
vn 0.6962 -0.6724 0.2514
vn 0.6384 -0.7376 0.2200
vn 0.6455 -0.7374 0.1988
vn 0.5828 -0.7917 0.1833
vn 0.5735 -0.7933 0.2041
vn 0.4948 -0.8527 0.1676
vn 0.5242 -0.8347 0.1687
vn 0.5713 -0.7986 0.1892
vn 0.4984 -0.8426 0.2041
vn 0.5276 -0.8328 0.1676
vn 0.4853 -0.8616 0.1491
vn 0.8378 -0.3831 0.3890
vn 0.8423 -0.3906 0.3714
vn 0.8470 -0.3853 0.3664
vn 0.8335 -0.4232 0.3551
vn 0.8502 -0.4115 0.3284
vn 0.8448 -0.3892 0.3673
vn 0.8314 -0.4271 0.3555
vn 0.8390 -0.4149 0.3521
vn 0.8171 -0.4822 0.3161
vn 0.8453 -0.3869 0.3684
vn 0.8192 -0.4622 0.3396
vn 0.8260 -0.4574 0.3295
vn 0.8025 -0.5009 0.3241
vn 0.7854 -0.5354 0.3105
vn 0.7853 -0.5372 0.3078
vn 0.8098 -0.5041 0.3001
vn 0.8179 -0.4656 0.3380
vn 0.7943 -0.5094 0.3310
vn 0.8130 -0.4890 0.3162
vn 0.8049 -0.4983 0.3222
vn 0.7845 -0.5175 0.3418
vn 0.7445 -0.6055 0.2812
vn 0.7622 -0.5722 0.3027
vn 0.7441 -0.6136 0.2641
vn 0.7625 -0.5776 0.2915
vn 0.7433 -0.6094 0.2759
vn 0.7208 -0.6404 0.2653
vn 0.7199 -0.6282 0.2952
vn 0.8757 -0.0562 0.4796
vn 0.8775 -0.0806 0.4728
vn 0.8762 -0.0570 0.4785
vn 0.8763 -0.0810 0.4749
vn 0.8774 -0.1050 0.4681
vn 0.8743 -0.0583 0.4819
vn 0.8783 -0.1013 0.4673
vn 0.8852 -0.1434 0.4426
vn 0.8738 -0.0548 0.4833
vn 0.8792 -0.1408 0.4551
vn 0.8762 -0.1600 0.4546
vn 0.8756 -0.1872 0.4453
vn 0.8761 -0.2249 0.4265
vn 0.8760 -0.2279 0.4251
vn 0.8841 -0.1755 0.4331
vn 0.8732 -0.2101 0.4398
vn 0.8760 -0.2295 0.4243
vn 0.8811 -0.1914 0.4324
vn 0.8835 -0.1871 0.4294
vn 0.8633 -0.2237 0.4524
vn 0.8814 -0.2289 0.4131
vn 0.8617 -0.2217 0.4565
vn 0.8876 -0.2063 0.4117
vn 0.8716 -0.2065 0.4447
vn 0.8646 -0.3075 0.3975
vn 0.8737 -0.2496 0.4176
vn 0.8749 -0.2789 0.3959
vn 0.8854 -0.2666 0.3807
vn 0.8711 -0.2694 0.4107
vn 0.8860 -0.2381 0.3979
vn 0.8686 -0.2910 0.4011
vn 0.8642 -0.3101 0.3962
vn 0.8645 -0.3117 0.3943
vn 0.8780 -0.3077 0.3667
vn 0.8654 -0.3193 0.3861
vn 0.8555 -0.3500 0.3817
vn 0.8594 -0.3344 0.3868
vn 0.8574 -0.3421 0.3845
vn 0.8625 -0.3256 0.3874
vn 0.8552 -0.3513 0.3811
vn 0.8551 -0.3520 0.3807
vn 0.8655 -0.3594 0.3490
vn 0.8597 -0.3323 0.3878
vn 0.8550 -0.3454 0.3869
vn 0.8501 -0.3709 0.3739
vn 0.8612 -0.3415 0.3765
vn 0.8427 -0.3531 0.4063
vn 0.8594 -0.3673 0.3556
vn 0.8847 -0.3671 0.2873
vn 0.8525 -0.3618 0.3772
vn 0.8784 -0.3112 0.3628
vn 0.8512 -0.3669 0.3752
vn 0.8499 -0.3715 0.3736
vn 0.8498 -0.3719 0.3735
vn 0.8175 -0.3174 0.4806
vn 0.8612 -0.3615 0.3573
vn 0.9032 -0.1650 0.3963
vn 0.8041 -0.3483 0.4817
vn 0.8243 -0.4223 0.3771
vn 0.8505 -0.3696 0.3743
vn 0.8585 -0.3616 0.3635
vn 0.8760 -0.3545 0.3270
vn 0.8027 -0.4179 0.4255
vn 0.9035 -0.1642 0.3959
vn 0.8503 -0.3690 0.3752
vn 0.8505 -0.3683 0.3756
vn 0.8504 -0.3685 0.3756
vn 0.8504 -0.3697 0.3743
vn 0.8506 -0.3691 0.3745
vn 0.8505 -0.3702 0.3737
vn 0.8032 -0.4174 0.4251
vn 0.8509 -0.3693 0.3737
vn 0.8500 -0.3698 0.3750
vn 0.8508 -0.3685 0.3747
vn 0.8506 -0.3692 0.3744
vn 0.8505 -0.3697 0.3741
vn 0.8501 -0.3705 0.3744
vn 0.8611 -0.3582 0.3609
vn 0.8504 -0.3698 0.3742
vn 0.8504 -0.3700 0.3741
vn 0.8501 -0.3698 0.3748
vn 0.8503 -0.3695 0.3748
vn 0.8501 -0.3696 0.3752
vn 0.8503 -0.3703 0.3740
vn 0.8503 -0.3718 0.3725
vn 0.8501 -0.3709 0.3738
vn 0.8506 -0.3696 0.3739
vn 0.8500 -0.3706 0.3743
vn 0.8497 -0.3722 0.3734
vn 0.8390 -0.3896 0.3799
vn 0.8388 -0.3857 0.3843
vn 0.8273 -0.3976 0.3968
vn 0.8359 -0.3773 0.3986
vn 0.8408 -0.3769 0.3886
vn 0.8148 -0.3111 0.4891
vn 0.8755 -0.3602 0.3222
vn 0.8001 0.2092 0.5622
vn 0.7478 0.3008 0.5919
vn 0.7502 0.2978 0.5904
vn 0.8371 0.1337 0.5305
vn 0.8178 0.2095 0.5360
vn 0.8295 0.1288 0.5434
vn 0.8585 0.0344 0.5116
vn 0.8503 0.0730 0.5213
vn 0.8349 0.1189 0.5375
vn 0.8516 0.0391 0.5228
vn 0.8620 0.0705 0.5020
vn 0.8617 0.0382 0.5060
vn 0.8666 -0.0149 0.4988
vn 0.8680 -0.0192 0.4962
vn 0.5176 0.5376 0.6656
vn 0.4464 0.5892 0.6735
vn 0.4494 0.5896 0.6711
vn 0.6210 0.4724 0.6255
vn 0.5621 0.5304 0.6345
vn 0.6126 0.4601 0.6427
vn 0.6888 0.3823 0.6159
vn 0.6583 0.4205 0.6244
vn 0.6232 0.4549 0.6362
vn 0.6901 0.3799 0.6160
vn 0.6738 0.4242 0.6051
vn 0.6891 0.3811 0.6164
vn 0.7213 0.3387 0.6042
vn 0.6808 0.3344 0.6517
vn 0.6852 0.3096 0.6593
vn 0.3430 0.6385 0.6890
vn 0.2340 0.6758 0.6990
vn 0.3540 0.6403 0.6817
vn 0.2356 0.6761 0.6982
vn 0.1848 -0.9781 0.0960
vn 0.1890 -0.9766 0.1028
vn 0.2799 -0.9531 0.1148
vn 0.3238 -0.9381 0.1227
vn 0.3667 -0.9210 0.1317
vn 0.5159 -0.8387 0.1746
vn 0.0005 -0.9959 0.0909
vn 0.0005 -0.9958 0.0917
vn 0.5389 -0.8178 0.2019
vn 0.5814 -0.7891 0.1983
vn 0.6119 -0.7622 0.2110
vn 0.6410 -0.7341 0.2242
vn 0.7747 -0.5549 0.3032
vn 0.7359 -0.6177 0.2773
vn 0.8076 -0.4886 0.3302
vn 0.0005 -0.9958 0.0916
vn 0.4436 -0.8834 0.1512
vn 0.3666 -0.9210 0.1317
vn 0.5478 -0.8159 0.1850
vn 0.6495 -0.7254 0.2279
vn 0.5785 -0.7916 0.1968
vn 0.1886 -0.9767 0.1020
vn 0.6858 -0.6848 0.2464
vn 0.7315 -0.6249 0.2727
vn 0.7680 -0.5674 0.2970
vn 0.8021 -0.5018 0.3237
vn 0.7499 -0.5972 0.2846
vn 0.8051 -0.4953 0.3262
vn 0.8265 -0.4438 0.3463
vn 0.8142 -0.4746 0.3344
vn 0.5161 -0.8387 0.1738
vn 0.8540 -0.3526 0.3827
vn 0.8763 -0.2085 0.4343
vn 0.8727 -0.0584 0.4847
vn 0.8606 0.0172 0.5089
vn 0.7776 0.2460 0.5787
vn 0.7340 0.3186 0.5998
vn 0.8411 0.0935 0.5327
vn 0.6817 0.3886 0.6199
vn 0.5498 0.5173 0.6558
vn 0.4728 0.5715 0.6707
vn 0.3884 0.6182 0.6833
vn 0.2005 0.6843 0.7011
vn 0.0008 0.7070 0.7072
vn 0.0007 0.7076 0.7066
vn 0.0007 0.7078 0.7064
vn 0.8760 -0.1429 0.4606
vn 0.8316 -0.4294 0.3522
vn 0.8510 0.0671 0.5208
vn 0.8673 -0.0064 0.4977
vn 0.8452 0.0878 0.5272
vn 0.5677 0.5048 0.6503
vn 0.4055 0.6107 0.6802
vn 0.8246 0.1486 0.5458
vn 0.7010 0.3679 0.6109
vn 0.3100 0.6522 0.6918
vn 0.6384 0.4398 0.6317
vn 0.6708 0.4046 0.6215
vn 0.7904 0.2264 0.5693
vn 0.0009 0.7072 0.7070
vn 0.8481 -0.3774 0.3720
vn 0.8488 -0.3771 0.3707
vn 0.8488 -0.3743 0.3734
vn 0.8498 -0.3711 0.3744
vn 0.8501 -0.3712 0.3736
vn 0.8500 -0.3710 0.3738
vn 0.8502 -0.3707 0.3739
vn 0.8081 -0.4887 0.3289
vn 0.8512 -0.3682 0.3740
vn 0.7750 -0.4444 0.4493
vn 0.8521 -0.3636 0.3765
vn 0.8505 -0.3697 0.3742
vn 0.8506 -0.3691 0.3744
vn 0.8505 -0.3695 0.3743
vn 0.8504 -0.3690 0.3751
vn 0.8501 -0.3700 0.3748
vn 0.8502 -0.3696 0.3749
vn 0.8509 -0.3679 0.3749
vn 0.4056 -0.9031 0.1411
vn 0.6369 -0.7383 0.2220
vn 0.6617 -0.7123 0.2340
vn 0.5321 -0.8275 0.1793
vn 0.8504 -0.3690 0.3752
vn 0.8505 -0.3684 0.3754
vn 0.8501 -0.3699 0.3749
vn 0.7408 -0.6113 0.2785
vn 0.8694 -0.2815 0.4060
vn 0.8759 -0.2308 0.4237
vn 0.8659 -0.3019 0.3988
vn 0.8560 -0.3497 0.3809
vn 0.8722 -0.2628 0.4126
vn 0.8776 -0.2107 0.4306
vn 0.8764 -0.2257 0.4255
vn 0.8797 -0.1535 0.4500
vn 0.8772 -0.0849 0.4726
vn 0.8763 -0.0748 0.4758
vn 0.8788 -0.1911 0.4373
vn 0.8388 0.1083 0.5335
vn 0.3585 0.6328 0.6864
vn 0.2093 0.6825 0.7002
vn 0.8768 -0.2207 0.4272
vn 0.8678 -0.2914 0.4025
vn 0.8669 -0.2966 0.4007
vn 0.8731 -0.0451 0.4854
vn 0.6862 0.3865 0.6163
vn 0.8754 -0.0649 0.4791
vn 0.4465 -0.5901 0.6726
vn 0.3411 -0.6387 0.6897
vn 0.4437 -0.5895 0.6750
vn 0.3342 -0.6438 0.6884
vn 0.2330 -0.6766 0.6985
vn 0.7561 -0.2892 0.5871
vn 0.6910 -0.3778 0.6162
vn 0.7505 -0.2940 0.5918
vn 0.6990 -0.3763 0.6081
vn 0.6202 -0.4558 0.6384
vn 0.6155 -0.4541 0.6442
vn 0.5372 -0.5269 0.6586
vn 0.5478 -0.5237 0.6524
vn 0.8748 0.0566 0.4812
vn 0.8686 0.0138 0.4953
vn 0.8739 0.0565 0.4827
vn 0.8694 0.0149 0.4938
vn 0.8577 -0.0294 0.5133
vn 0.8727 0.0500 0.4858
vn 0.8576 -0.0360 0.5131
vn 0.8495 -0.0726 0.5225
vn 0.8321 -0.1231 0.5409
vn 0.8353 -0.1163 0.5374
vn 0.8624 -0.0222 0.5057
vn 0.8538 -0.0672 0.5163
vn 0.7961 -0.2094 0.5678
vn 0.8037 -0.2011 0.5601
vn 0.8431 0.3893 0.3710
vn 0.8477 0.3711 0.3791
vn 0.8463 0.3813 0.3720
vn 0.8499 0.3702 0.3751
vn 0.8532 0.3633 0.3742
vn 0.8481 0.3810 0.3681
vn 0.8522 0.3617 0.3780
vn 0.8571 0.3424 0.3849
vn 0.8479 0.3782 0.3715
vn 0.8575 0.3398 0.3864
vn 0.8655 0.3011 0.4002
vn 0.8489 0.3736 0.3739
vn 0.8664 0.2960 0.4022
vn 0.8722 0.2619 0.4130
vn 0.8764 0.2162 0.4303
vn 0.8765 0.2221 0.4272
vn 0.8664 0.3037 0.3964
vn 0.8750 0.2453 0.4173
vn 0.8689 0.2794 0.4085
vn 0.8760 0.2249 0.4266
vn 0.8737 0.2639 0.4086
vn 0.8730 0.2413 0.4238
vn 0.8769 0.1809 0.4454
vn 0.8743 0.1793 0.4511
vn 0.8798 0.1401 0.4542
vn 0.8787 0.1338 0.4583
vn 0.8776 0.0984 0.4691
vn 0.8819 0.1444 0.4487
vn 0.8770 0.0810 0.4736
vn 0.8728 0.1067 0.4762
vn 0.8795 0.1013 0.4650
vn 0.8757 0.0856 0.4752
vn 0.6970 0.6737 0.2456
vn 0.7211 0.6376 0.2710
vn 0.6965 0.6731 0.2485
vn 0.7183 0.6429 0.2659
vn 0.7461 0.6039 0.2803
vn 0.6973 0.6713 0.2512
vn 0.7472 0.6012 0.2833
vn 0.7677 0.5680 0.2966
vn 0.7889 0.5286 0.3135
vn 0.7873 0.5317 0.3122
vn 0.7468 0.6037 0.2790
vn 0.7665 0.5735 0.2892
vn 0.7881 0.5321 0.3094
vn 0.7950 0.5145 0.3213
vn 0.7741 0.5492 0.3149
vn 0.7937 0.5155 0.3229
vn 0.8048 0.4966 0.3251
vn 0.8052 0.4945 0.3272
vn 0.8211 0.4563 0.3428
vn 0.8227 0.4528 0.3437
vn 0.8358 0.4178 0.3562
vn 0.8200 0.4592 0.3417
vn 0.8393 0.3993 0.3689
vn 0.8323 0.4249 0.3559
vn 0.8349 0.4220 0.3534
vn 0.8404 0.4059 0.3592
vn 0.4034 0.9045 0.1386
vn 0.4507 0.8794 0.1532
vn 0.4061 0.9027 0.1420
vn 0.4507 0.8793 0.1537
vn 0.4931 0.8535 0.1687
vn 0.4062 0.9028 0.1412
vn 0.4937 0.8533 0.1677
vn 0.5329 0.8270 0.1792
vn 0.5708 0.7980 0.1932
vn 0.5698 0.7987 0.1937
vn 0.4906 0.8546 0.1705
vn 0.5411 0.8209 0.1827
vn 0.4941 0.8531 0.1676
vn 0.4062 0.9030 0.1401
vn 0.5716 0.7973 0.1938
vn 0.6390 0.7357 0.2247
vn 0.6393 0.7367 0.2202
vn 0.6984 0.6694 0.2533
vn 0.5703 0.7967 0.1999
vn 0.6049 0.7696 0.2045
vn 0.6034 0.7702 0.2066
vn 0.6365 0.7376 0.2255
vn 0.2168 0.9715 0.0960
vn 0.3140 0.9417 0.1205
vn 0.2144 0.9710 0.1056
vn 0.3101 0.9435 0.1169
vn 0.2147 0.9711 0.1038
vn 0.3100 0.9437 0.1154
vn 0.2009 -0.6842 0.7010
vn 0.2973 -0.6568 0.6929
vn 0.3890 -0.6179 0.6833
vn 0.5507 -0.5166 0.6556
vn 0.0012 -0.7071 0.7071
vn 0.6204 -0.4553 0.6386
vn 0.7785 -0.2443 0.5782
vn 0.8141 -0.1688 0.5557
vn 0.8418 -0.0911 0.5320
vn 0.8731 0.0609 0.4838
vn 0.6827 -0.3875 0.6196
vn 0.0012 -0.7072 0.7070
vn 0.2068 -0.6983 0.6852
vn 0.4906 -0.5615 0.6663
vn 0.5687 -0.5040 0.6500
vn 0.4062 -0.6103 0.6801
vn 0.7279 -0.3314 0.6003
vn 0.8266 -0.1434 0.5443
vn 0.8306 -0.1246 0.5428
vn 0.7945 -0.2181 0.5668
vn 0.7020 -0.3667 0.6106
vn 0.8517 -0.0646 0.5200
vn 0.8761 0.2111 0.4334
vn 0.8677 0.0087 0.4971
vn 0.8609 0.0423 0.5071
vn 0.8798 0.1557 0.4492
vn 0.8562 -0.0467 0.5145
vn 0.2105 -0.6822 0.7002
vn 0.6906 0.6788 0.2495
vn 0.7350 0.6194 0.2757
vn 0.6661 0.7073 0.2366
vn 0.6399 0.7351 0.2237
vn 0.8535 0.3544 0.3820
vn 0.8067 0.4907 0.3293
vn 0.4442 0.8830 0.1514
vn 0.4061 0.9029 0.1412
vn 0.3663 0.9211 0.1317
vn 0.1897 0.9765 0.1022
vn 0.5155 0.8391 0.1736
vn 0.0008 0.9958 0.0918
vn 0.8579 0.3473 0.3787
vn 0.8121 0.4892 0.3181
vn 0.6454 0.7330 0.2147
vn 0.7669 0.5692 0.2963
vn 0.2805 0.9530 0.1148
vn 0.0007 0.9958 0.0913
vn 0.0963 0.9910 0.0935
vn 0.8828 0.2023 0.4240
vn 0.8779 0.0949 0.4693
vn 0.7520 -0.2948 0.5896
vn 0.4491 -0.5871 0.6735
vn 0.8114 -0.1813 0.5557
vn 0.8773 0.0868 0.4720
vn 0.8604 -0.0285 0.5088
vn 0.8655 0.3040 0.3981
vn 0.8739 0.2494 0.4173
vn 0.8566 0.3460 0.3829
vn 0.8612 0.3610 0.3579
vn 0.8748 0.2413 0.4201
vn 0.8632 0.3160 0.3938
vn 0.8792 0.1201 0.4610
vn 0.8497 0.3725 0.3732
vn 0.8756 0.2336 0.4227
vn 0.8784 0.1031 0.4666
vn 0.8609 0.3270 0.3898
vn 0.8717 0.2664 0.4114
vn 0.8483 0.3775 0.3713
vn 0.8469 0.3825 0.3695
vn 0.7081 0.6570 0.2588
vn 0.8257 0.4459 0.3455
vn 0.8380 0.4111 0.3588
vn 0.8010 0.5042 0.3228
vn 0.7306 0.6262 0.2722
vn 0.7928 0.5212 0.3159
vn 0.8440 0.3923 0.3658
vn 0.6847 0.6861 0.2459
vn 0.5775 0.7924 0.1964
vn 0.5155 0.8392 0.1735
vn 0.4429 0.8838 0.1510
vn 0.3660 0.9213 0.1316
vn 0.4798 0.8623 0.1619
vn 0.1914 0.9762 0.1024
vn 0.3238 0.9381 0.1227
vn 0.4979 0.8511 0.1664
vn 0.6217 0.7532 0.2150
vn 0.7195 0.6418 0.2652
vn 0.7844 0.5377 0.3092
vn 0.7970 0.5126 0.3193
vn 0.6072 0.7667 0.2087
vn 0.6357 0.7395 0.2215
vn -0.3685 -0.3591 0.8575
vn -0.2033 -0.4728 0.8574
vn -0.2031 -0.4733 0.8572
vn -0.4766 -0.1946 0.8573
vn -0.3683 -0.3600 0.8572
vn -0.5148 0.0004 0.8573
vn -0.4771 -0.1940 0.8572
vn -0.4724 0.2039 0.8575
vn -0.5150 0.0008 0.8572
vn -0.3598 0.3676 0.8576
vn -0.4730 0.2038 0.8572
vn -0.1934 0.4773 0.8572
vn -0.3600 0.3683 0.8572
vn -0.0008 -0.5150 0.8572
vn -0.3647 -0.3645 0.8568
vn -0.1964 -0.4768 0.8568
vn -0.4763 -0.1970 0.8569
vn -0.5154 0.0001 0.8569
vn -0.4765 0.1969 0.8568
vn -0.3654 0.3638 0.8568
vn -0.0008 0.5150 0.8572
vn -0.1966 0.4763 0.8570
vn -0.3471 -0.9378 -0.0008
vn -0.3714 -0.9285 -0.0000
vn -0.3708 -0.9287 0.0005
vn -0.3940 -0.9191 -0.0000
vn -0.3943 -0.9190 -0.0000
vn -0.2982 -0.9545 -0.0051
vn -0.3472 -0.9378 -0.0001
vn -0.3407 -0.9402 -0.0000
vn -0.3954 -0.9185 0.0007
vn -0.2013 -0.9795 0.0003
vn -0.2992 -0.9542 0.0001
vn -0.2675 -0.9636 -0.0000
vn -0.1012 -0.9949 0.0002
vn -0.2012 -0.9796 -0.0000
vn -0.2013 -0.9795 -0.0000
vn -0.3943 -0.9190 -0.0001
vn -0.6430 -0.7658 0.0004
vn -0.5649 -0.8252 -0.0000
vn -0.7141 -0.7000 0.0002
vn -0.7140 -0.7002 -0.0000
vn -0.6977 -0.7164 0.0004
vn -0.7057 -0.7085 0.0001
vn -0.7065 -0.7077 -0.0000
vn -0.7140 -0.7001 -0.0000
vn -0.6791 -0.7340 -0.0015
vn -0.6966 -0.7174 0.0003
vn -0.7033 -0.7109 -0.0000
vn -0.7141 -0.7001 0.0001
vn -0.6425 -0.7663 -0.0000
vn -0.6425 -0.7663 0.0001
vn -0.5650 -0.8251 -0.0000
vn -0.5647 -0.8253 -0.0000
vn -0.6755 -0.7374 0.0049
vn -0.6790 -0.7342 0.0004
vn -0.7140 -0.7002 0.0004
vn -0.6792 -0.7340 0.0003
vn -0.7139 -0.7002 -0.0000
vn -0.4166 -0.9091 0.0001
vn -0.4166 -0.9091 -0.0000
vn -0.4386 -0.8987 -0.0000
vn -0.4387 -0.8987 0.0001
vn -0.4819 -0.8762 -0.0000
vn -0.4821 -0.8761 0.0003
vn -0.6425 -0.7663 0.0002
vn -0.7141 -0.7001 -0.0000
vn -0.8848 -0.4659 -0.0000
vn -0.8357 -0.5492 -0.0000
vn -0.8356 -0.5494 -0.0000
vn -0.9258 -0.3781 0.0001
vn -0.7788 -0.6273 0.0005
vn -0.8353 -0.5498 -0.0035
vn -0.8610 -0.5087 0.0004
vn -0.8612 -0.5083 -0.0000
vn -0.8850 -0.4657 -0.0000
vn -0.8850 -0.4656 0.0001
vn -0.9163 -0.4005 -0.0000
vn -0.9163 -0.4006 -0.0000
vn -0.9063 -0.4226 -0.0000
vn -0.9063 -0.4227 -0.0000
vn -0.9164 -0.4003 -0.0000
vn -0.9234 -0.3838 0.0001
vn -0.9211 -0.3894 -0.0000
vn -0.9211 -0.3894 0.0001
vn -0.9258 -0.3780 0.0003
vn -0.9211 -0.3893 -0.0000
vn -0.9258 -0.3781 -0.0000
vn -0.9064 -0.4225 -0.0000
vn -0.9063 -0.4225 -0.0000
vn -0.9163 -0.4006 0.0002
vn -0.9257 -0.3782 0.0004
vn -0.9163 -0.4005 0.0001
vn -0.9257 -0.3782 -0.0000
vn -0.7224 -0.6914 0.0001
vn -0.7310 -0.6824 0.0003
vn -0.7308 -0.6826 -0.0000
vn -0.7472 -0.6646 -0.0000
vn -0.7471 -0.6647 -0.0000
vn -0.7785 -0.6277 -0.0000
vn -0.7440 -0.6681 -0.0041
vn -0.7470 -0.6648 0.0002
vn -0.8355 -0.5495 0.0004
vn -0.8230 -0.5680 -0.0000
vn -0.7787 -0.6274 0.0021
vn -0.9063 -0.4227 0.0001
vn -0.8836 -0.4682 0.0078
vn -0.9059 -0.4235 0.0002
vn -0.9259 -0.3777 -0.0000
vn -0.8794 -0.4759 -0.0113
vn -0.9953 -0.0968 0.0001
vn -0.9813 -0.1927 -0.0000
vn -0.9999 -0.0154 -0.0054
vn -1.0000 -0.0000 -0.0000
vn -0.9580 -0.2867 0.0001
vn -0.9813 -0.1925 0.0006
vn -0.9856 -0.1689 0.0001
vn -0.9857 -0.1688 -0.0000
vn -0.9895 -0.1443 -0.0000
vn -0.9895 -0.1448 -0.0000
vn -0.9303 -0.3669 0.0001
vn -0.9345 -0.3560 -0.0000
vn -0.9347 -0.3556 -0.0000
vn -0.9430 -0.3328 -0.0000
vn -0.9430 -0.3327 -0.0000
vn -0.9387 -0.3446 0.0094
vn -0.9346 -0.3556 0.0001
vn -0.9580 -0.2868 -0.0000
vn -0.9647 -0.2632 -0.0000
vn -0.9647 -0.2634 -0.0000
vn -0.9647 -0.2634 -0.0002
vn -0.9707 -0.2401 0.0002
vn -0.9708 -0.2400 -0.0000
vn -0.9759 -0.2182 -0.0015
vn -0.9789 -0.2044 0.0001
vn -0.9788 -0.2047 -0.0002
vn -0.9813 -0.1926 -0.0000
vn -0.9707 -0.2402 0.0023
vn -0.9737 -0.2278 0.0001
vn -0.9736 -0.2282 -0.0000
vn -0.9748 -0.2231 -0.0068
vn -0.9763 -0.2165 0.0001
vn -0.9817 -0.1906 0.0021
vn -0.9707 -0.2403 0.0003
vn -0.9814 -0.1922 0.0001
vn -0.9578 -0.2874 -0.0000
vn -0.9707 -0.2404 0.0002
vn -0.9814 -0.1922 -0.0000
vn -0.9437 -0.3307 0.0030
vn -0.9430 -0.3328 0.0002
vn -0.9573 -0.2892 -0.0026
vn -0.9997 -0.0242 -0.0000
vn -0.9988 -0.0485 0.0001
vn -0.9989 -0.0479 0.0005
vn -0.9973 -0.0730 -0.0003
vn -0.9953 -0.0968 -0.0000
vn -0.9953 -0.0970 0.0005
vn -0.9988 -0.0484 0.0002
vn -0.9895 -0.1442 -0.0000
vn -0.9895 -0.1442 0.0002
vn -0.9953 -0.0967 -0.0000
vn -0.9377 0.3474 -0.0002
vn -0.9542 0.2993 -0.0000
vn -0.9541 0.2995 0.0014
vn -0.9190 0.3943 -0.0000
vn -0.9796 0.2011 0.0004
vn -0.9808 0.1940 0.0184
vn -0.9949 0.1013 0.0003
vn -0.9855 0.1697 -0.0079
vn -0.9948 0.1020 0.0004
vn -0.9795 0.2013 -0.0000
vn -0.9471 0.3210 -0.0000
vn -0.9421 0.3353 0.0001
vn -0.9422 0.3351 -0.0001
vn -0.9378 0.3471 -0.0000
vn -0.9378 0.3472 -0.0002
vn -0.9543 0.2989 -0.0010
vn -0.9463 0.3233 0.0001
vn -0.9511 0.3088 -0.0000
vn -0.9378 0.3472 -0.0000
vn -0.9333 0.3591 0.0001
vn -0.9333 0.3592 -0.0001
vn -0.9287 0.3709 -0.0000
vn -0.9286 0.3710 0.0004
vn -0.9682 0.2503 0.0005
vn -0.9681 0.2506 -0.0000
vn -0.9559 0.2936 -0.0000
vn -0.9378 0.3473 -0.0001
vn -0.7344 0.6788 0.0003
vn -0.7661 0.6427 -0.0001
vn -0.7663 0.6425 0.0002
vn -0.7001 0.7140 0.0007
vn -0.7000 0.7141 0.0004
vn -0.7959 0.6055 0.0003
vn -0.8252 0.5649 -0.0000
vn -0.7663 0.6425 -0.0000
vn -0.7000 0.7141 -0.0003
vn -0.8762 0.4819 0.0001
vn -0.8988 0.4384 0.0001
vn -0.8762 0.4819 -0.0000
vn -0.8252 0.5648 -0.0042
vn -0.7967 0.6044 -0.0000
vn -0.7339 0.6793 -0.0027
vn -0.7172 0.6969 0.0001
vn -0.7173 0.6968 -0.0000
vn -0.7001 0.7140 -0.0000
vn -0.7001 0.7141 -0.0000
vn -0.7660 0.6429 0.0008
vn -0.7504 0.6610 0.0001
vn -0.7505 0.6608 -0.0000
vn -0.7403 0.6722 -0.0092
vn -0.4226 0.9063 -0.0000
vn -0.4660 0.8848 0.0001
vn -0.4659 0.8848 -0.0000
vn -0.3781 0.9258 -0.0000
vn -0.5084 0.8611 -0.0000
vn -0.5494 0.8356 -0.0000
vn -0.6275 0.7786 0.0045
vn -0.6648 0.7470 0.0003
vn -0.6273 0.7788 0.0025
vn -0.6277 0.7785 -0.0000
vn -0.5578 0.8299 0.0095
vn -0.6646 0.7472 -0.0001
vn -0.6277 0.7784 -0.0000
vn -0.5477 0.8366 0.0036
vn -0.5083 0.8612 -0.0000
vn -0.2866 0.9580 0.0002
vn -0.1927 0.9813 0.0001
vn -0.1927 0.9813 -0.0000
vn -0.3043 -0.9525 -0.0114
vn -0.0009 -1.0000 0.0001
vn -0.0008 -1.0000 -0.0025
vn -0.0002 -1.0000 -0.0000
vn -0.1036 -0.9946 0.0011
vn -0.3827 -0.9239 -0.0000
vn -0.7071 -0.7071 -0.0000
vn -0.9239 -0.3827 -0.0000
vn -0.8833 -0.4688 -0.0000
vn -0.9173 -0.3983 -0.0000
vn -0.8329 -0.5534 -0.0000
vn -0.9753 -0.2210 -0.0000
vn -0.9782 -0.2078 -0.0000
vn -0.9810 -0.1942 -0.0000
vn -0.9691 -0.2466 -0.0000
vn -1.0000 0.0061 0.0020
vn -0.9276 -0.3735 -0.0000
vn -0.9558 -0.2939 -0.0000
vn -0.9225 -0.3860 -0.0000
vn -0.2029 -0.9792 -0.0000
vn -0.5676 -0.8233 -0.0000
vn -0.4850 -0.8745 -0.0000
vn -0.6472 -0.7623 -0.0000
vn -0.3522 -0.9359 -0.0000
vn -0.3029 -0.9530 -0.0000
vn -0.1016 -0.9948 -0.0000
vn -0.0004 -1.0000 -0.0000
vn -0.3765 -0.9264 -0.0001
vn -0.4007 -0.9162 -0.0000
vn -0.7787 -0.6274 -0.0000
vn -0.9251 -0.3798 -0.0000
vn -0.7133 -0.7008 -0.0000
vn -0.7042 -0.7100 -0.0000
vn -0.6855 -0.7280 -0.0000
vn -0.7225 -0.6913 -0.0000
vn -0.9189 0.3944 0.0045
vn -0.8504 0.5260 0.0124
vn -0.7071 0.7071 -0.0000
vn -0.7871 0.6168 -0.0000
vn -0.6527 0.7577 -0.0000
vn -0.7424 0.6699 -0.0000
vn -0.5726 0.8198 -0.0000
vn -0.7576 0.6528 -0.0000
vn -0.3827 0.9239 -0.0000
vn -0.4880 0.8728 -0.0000
vn -0.4443 0.8959 -0.0000
vn -0.0008 1.0000 0.0001
vn -0.0008 1.0000 -0.0000
vn -0.3999 0.9166 -0.0000
vn -0.2034 0.9791 -0.0000
vn -0.0000 1.0000 -0.0000
vn -0.1020 0.9948 0.0008
vn -0.3031 0.9530 -0.0000
vn -0.9955 0.0945 -0.0000
vn -0.9816 0.1908 -0.0000
vn -0.9601 0.2795 -0.0000
vn -0.9471 0.3209 -0.0000
vn -0.9948 -0.1019 -0.0000
vn -0.9985 -0.0553 -0.0000
vn -0.9995 -0.0320 -0.0000
vn -1.0000 -0.0086 -0.0000
vn -0.8423 0.5390 -0.0000
vn -0.8913 0.4534 -0.0000
vn -0.7270 0.6866 -0.0000
vn -0.9401 0.3409 -0.0000
vn -0.9365 0.3507 -0.0000
vn -0.9328 0.3604 -0.0000
vn -0.2032 -0.4728 0.8574
vn -0.4768 -0.1942 0.8573
vn -0.3683 -0.3599 0.8572
vn -0.3592 0.3683 0.8575
vn -0.3640 -0.3649 0.8569
vn -0.1965 -0.4763 0.8570
vn -0.4758 -0.1974 0.8571
vn -0.3648 0.3648 0.8567
vn -0.1972 0.4760 0.8571
vn -0.3103 -0.9506 -0.0000
vn -0.2671 -0.9637 -0.0000
vn -0.2667 -0.9638 0.0005
vn -0.3530 -0.9356 0.0001
vn -0.3530 -0.9356 -0.0000
vn -0.1793 -0.9838 -0.0078
vn -0.1624 -0.9865 0.0229
vn -0.2732 -0.9620 -0.0023
vn -0.3529 -0.9356 -0.0000
vn -0.5096 -0.8604 -0.0000
vn -0.6510 -0.7591 -0.0000
vn -0.5833 -0.8123 0.0015
vn -0.5137 -0.8578 0.0188
vn -0.4341 -0.9008 0.0035
vn -0.3933 -0.9194 0.0001
vn -0.4333 -0.9012 0.0015
vn -0.4333 -0.9012 0.0003
vn -0.7715 -0.6362 -0.0000
vn -0.8692 -0.4945 -0.0000
vn -0.8234 -0.5675 -0.0000
vn -0.8692 -0.4945 0.0002
vn -0.7758 -0.6305 0.0238
vn -0.7435 -0.6687 0.0005
vn -0.7149 -0.6992 0.0007
vn -0.7150 -0.6992 0.0015
vn -0.6834 -0.7301 0.0005
vn -0.6854 -0.7282 -0.0013
vn -0.6988 -0.7154 0.0001
vn -0.6986 -0.7155 0.0002
vn -0.7141 -0.7000 -0.0000
vn -0.7140 -0.7002 0.0003
vn -0.6505 -0.7595 -0.0038
vn -0.6772 -0.7358 0.0013
vn -0.7288 -0.6847 0.0001
vn -0.7287 -0.6849 -0.0000
vn -0.7433 -0.6689 -0.0000
vn -0.7434 -0.6688 -0.0000
vn -0.9666 -0.2562 0.0007
vn -0.9411 -0.3381 -0.0000
vn -0.9852 -0.1717 -0.0000
vn -0.9851 -0.1721 0.0003
vn -0.9258 -0.3780 -0.0000
vn -0.9085 -0.4178 -0.0000
vn -0.9085 -0.4178 0.0002
vn -0.9091 -0.4165 -0.0024
vn -0.9173 -0.3983 0.0002
vn -0.9173 -0.3982 -0.0000
vn -0.9216 -0.3882 -0.0000
vn -0.9257 -0.3783 -0.0000
vn -0.9257 -0.3783 0.0001
vn -0.9278 -0.3730 0.0106
vn -0.9336 -0.3583 -0.0000
vn -0.9336 -0.3584 -0.0000
vn -0.9263 -0.3768 0.0003
vn -0.9336 -0.3582 0.0002
vn -0.9084 -0.4180 0.0001
vn -0.9042 -0.4272 -0.0000
vn -0.8897 -0.4566 -0.0001
vn -0.9259 -0.3777 0.0005
vn -0.9548 -0.2972 -0.0000
vn -0.9667 -0.2558 -0.0000
vn -0.9851 -0.1717 -0.0000
vn -0.9955 0.0945 0.0001
vn -1.0000 0.0056 0.0001
vn -1.0000 0.0057 0.0005
vn -0.9832 0.1826 -0.0000
vn -0.9832 0.1827 -0.0000
vn -0.9965 -0.0832 0.0004
vn -1.0000 -0.0055 -0.0000
vn -0.9999 -0.0167 -0.0000
vn -0.9999 -0.0166 0.0003
vn -1.0000 0.0056 -0.0000
vn -1.0000 0.0055 -0.0000
vn -0.9992 -0.0392 -0.0019
vn -0.9999 -0.0167 0.0001
vn -0.9966 -0.0829 -0.0019
vn -0.9981 -0.0611 0.0001
vn -0.9981 -0.0613 -0.0000
vn -0.9990 -0.0445 -0.0056
vn -0.9965 -0.0831 -0.0013
vn -0.9965 -0.0834 0.0004
vn -0.9992 -0.0390 -0.0000
vn -0.9854 -0.1704 -0.0015
vn -0.9919 -0.1269 0.0002
vn -0.9918 -0.1277 -0.0001
vn -0.9832 0.1825 -0.0000
vn -0.9987 0.0503 -0.0000
vn -0.9987 0.0501 -0.0000
vn -0.9996 0.0291 0.0038
vn -0.9999 0.0167 -0.0000
vn -0.9996 0.0294 0.0039
vn -0.9996 0.0278 0.0001
vn -0.9986 0.0521 0.0002
vn -0.9011 0.4335 -0.0000
vn -0.9358 0.3525 -0.0000
vn -0.9358 0.3524 0.0001
vn -0.8577 0.5142 -0.0015
vn -0.8594 0.5112 -0.0000
vn -0.9634 0.2682 0.0003
vn -0.9279 0.3729 -0.0000
vn -0.9358 0.3526 0.0001
vn -0.9193 0.3936 0.0002
vn -0.9194 0.3933 -0.0000
vn -0.9012 0.4335 -0.0000
vn -0.9434 0.3317 -0.0001
vn -0.9505 0.3108 -0.0000
vn -0.9506 0.3105 0.0002
vn -0.9633 0.2685 -0.0000
vn -0.9633 0.2683 0.0002
vn -0.9358 0.3526 0.0013
vn -0.8594 0.5113 -0.0000
vn -0.8592 0.5117 -0.0002
vn -0.9006 0.4346 0.0024
vn -0.7000 0.7141 0.0003
vn -0.7590 0.6511 -0.0000
vn -0.7547 0.6561 -0.0028
vn -0.6361 0.7716 -0.0000
vn -0.7588 0.6513 -0.0013
vn -0.7450 0.6671 0.0001
vn -0.7445 0.6676 0.0002
vn -0.7376 0.6752 -0.0001
vn -0.7303 0.6831 -0.0001
vn -0.7302 0.6832 0.0001
vn -0.7228 0.6910 0.0001
vn -0.7155 0.6986 0.0001
vn -0.7154 0.6987 -0.0000
vn -0.7002 0.7140 -0.0000
vn -0.7303 0.6832 -0.0000
vn -0.7623 0.6472 0.0063
vn -0.7300 0.6834 0.0001
vn -0.6687 0.7435 -0.0000
vn -0.6359 0.7717 0.0003
vn -0.7863 0.6178 -0.0000
vn -0.8122 0.5833 -0.0000
vn -0.8122 0.5833 -0.0001
vn -0.7662 0.6425 -0.0112
vn -0.6994 0.7147 0.0023
vn -0.4176 0.9086 0.0001
vn -0.3980 0.9174 0.0001
vn -0.3980 0.9174 -0.0000
vn -0.3779 0.9259 -0.0000
vn -0.3782 0.9257 -0.0000
vn -0.4175 0.9087 0.0001
vn -0.3783 0.9257 -0.0001
vn -0.3379 0.9412 -0.0000
vn -0.4952 0.8688 -0.0044
vn -0.4569 0.8895 0.0004
vn -0.4564 0.8898 -0.0000
vn -0.4371 0.8994 0.0002
vn -0.5080 0.8612 0.0159
vn -0.4950 0.8689 0.0010
vn -0.4178 0.9086 0.0001
vn -0.3378 0.9412 0.0001
vn -0.5674 0.8234 -0.0001
vn -0.5674 0.8234 -0.0000
vn -0.4944 0.8693 0.0001
vn -0.3379 0.9412 0.0001
vn -0.2552 0.9669 0.0003
vn -0.2557 0.9668 -0.0005
vn -0.1715 0.9852 -0.0000
vn 0.0002 -1.0000 -0.0000
vn 0.0030 -1.0000 0.0016
vn -0.1335 -0.9910 0.0098
vn -0.3777 -0.9259 0.0022
vn 0.0004 -1.0000 -0.0000
vn -0.7058 -0.7084 0.0008
vn -0.3044 -0.9526 -0.0000
vn -0.2043 -0.9789 -0.0000
vn -0.3535 -0.9354 -0.0001
vn -0.4016 -0.9158 -0.0000
vn -0.6095 -0.7927 0.0145
vn -0.8522 -0.5229 -0.0179
vn -0.5735 -0.8192 -0.0000
vn -0.6531 -0.7573 -0.0000
vn -0.8421 -0.5393 -0.0000
vn -0.7092 -0.7050 -0.0000
vn -0.6909 -0.7229 -0.0000
vn -0.7272 -0.6865 -0.0000
vn -0.8910 -0.4540 -0.0000
vn -0.9128 -0.4084 -0.0000
vn -0.9229 -0.3850 0.0001
vn -0.9278 -0.3731 -0.0000
vn -0.9325 -0.3611 -0.0000
vn -0.9803 -0.1974 -0.0000
vn -0.9950 -0.0999 -0.0000
vn -0.9989 -0.0474 -0.0000
vn -0.9998 -0.0203 -0.0000
vn -1.0000 -0.0066 -0.0000
vn -0.9256 0.3785 0.0019
vn -1.0000 0.0074 -0.0000
vn -0.9812 0.1931 -0.0000
vn -0.9587 0.2844 -0.0000
vn -0.9444 0.3289 -0.0001
vn -0.7084 0.7058 0.0007
vn -0.9364 0.3508 -0.0000
vn -0.9280 0.3725 -0.0000
vn -0.8333 0.5529 -0.0000
vn -0.7789 0.6271 -0.0000
vn -0.7509 0.6604 -0.0000
vn -0.7368 0.6761 -0.0001
vn -0.7297 0.6837 -0.0000
vn -0.7227 0.6912 -0.0000
vn -0.5670 0.8237 -0.0000
vn -0.4839 0.8751 -0.0000
vn -0.2019 0.9794 -0.0000
vn -0.4203 0.9074 -0.0000
vn -0.4417 0.8972 -0.0000
vn -0.3991 0.9169 -0.0000
vn -0.0008 1.0000 -0.0001
vn -0.0000 -1.0000 0.0002
vn -0.0000 -1.0000 0.0005
vn -0.0000 -1.0000 -0.0000
vn -0.9962 -0.0000 0.0872
vn -0.9962 -0.0000 0.0871
vn -0.9962 -0.0000 0.0873
vn -0.9962 -0.0000 0.0874
vn -0.9962 0.0001 0.0870
vn -0.9962 -0.0000 0.0870
vn -0.9962 -0.0000 0.0875
vn 0.9962 -0.0000 -0.0870
vn 0.9962 -0.0000 -0.0872
vn 0.9962 -0.0001 -0.0870
vn 0.9962 0.0001 -0.0870
vn 0.9962 -0.0000 -0.0871
vn 0.9962 -0.0001 -0.0871
vn 0.9962 -0.0000 -0.0869
vn 0.9961 -0.0005 -0.0879
vn 0.9962 -0.0002 -0.0869
vn 0.9962 0.0001 -0.0871
vn 0.9962 -0.0005 -0.0876
vn 0.3915 0.9195 -0.0357
vn 0.2003 0.9796 -0.0171
vn 0.3928 0.9190 -0.0344
vn 0.2978 0.9543 -0.0266
vn 0.3446 0.9383 -0.0300
vn 0.3454 0.9380 -0.0302
vn 0.4079 0.9128 -0.0190
vn 0.2003 0.9795 -0.0195
vn 0.2501 0.9680 -0.0218
vn 0.2510 0.9677 -0.0221
vn 0.2959 0.9548 -0.0285
vn 0.1897 0.9818 -0.0048
vn 0.2019 0.9793 -0.0171
vn 0.2981 0.9542 -0.0259
vn 0.3927 0.9191 -0.0337
vn 0.1011 0.9948 -0.0086
vn 0.2004 0.9796 -0.0171
vn 0.3928 0.9190 -0.0343
vn 0.7103 0.7011 -0.0622
vn 0.5628 0.8252 -0.0482
vn 0.7114 0.7000 -0.0622
vn 0.5630 0.8250 -0.0493
vn 0.5627 0.8252 -0.0492
vn 0.6424 0.7634 -0.0671
vn 0.5629 0.8251 -0.0492
vn 0.6399 0.7664 -0.0556
vn 0.7122 0.6992 -0.0622
vn 0.7115 0.6999 -0.0623
vn 0.4873 0.8721 -0.0436
vn 0.4799 0.8763 -0.0419
vn 0.5479 0.8343 -0.0611
vn 0.7127 0.6990 -0.0596
vn 0.8325 0.5493 -0.0730
vn 0.9224 0.3778 -0.0806
vn 0.9225 0.3776 -0.0808
vn 0.8317 0.5506 -0.0720
vn 0.8314 0.5511 -0.0711
vn 0.8821 0.4644 -0.0787
vn 0.8319 0.5501 -0.0727
vn 0.8814 0.4660 -0.0770
vn 0.9319 0.3581 -0.0569
vn 0.9224 0.3778 -0.0807
vn 0.7751 0.6281 -0.0690
vn 0.7753 0.6280 -0.0677
vn 0.8324 0.5494 -0.0727
vn 0.9224 0.3779 -0.0797
vn 0.9775 0.1928 -0.0856
vn 0.9776 0.1924 -0.0853
vn 0.9774 0.1925 -0.0875
vn 0.9775 0.1928 -0.0855
vn 0.0008 1.0000 -0.0001
vn 0.0009 1.0000 -0.0000
vn 0.3812 0.9239 -0.0334
vn 0.2007 0.9795 -0.0175
vn 0.1011 0.9948 -0.0094
vn 0.7044 0.7071 -0.0616
vn 0.2012 0.9794 -0.0176
vn 0.2971 0.9545 -0.0260
vn 0.3902 0.9201 -0.0341
vn 0.9204 0.3827 -0.0805
vn 0.9962 0.0008 -0.0872
vn 0.9962 0.0010 -0.0871
vn 0.9962 0.0003 -0.0873
vn 0.7112 0.7002 -0.0622
vn 0.8322 0.5496 -0.0728
vn 0.9221 0.3785 -0.0807
vn 0.9962 0.0009 -0.0871
vn 0.9759 -0.2009 -0.0854
vn 0.9155 -0.3944 -0.0801
vn 0.9157 -0.3939 -0.0801
vn 0.9492 -0.2955 -0.1078
vn 0.9758 -0.2013 -0.0854
vn 0.9505 -0.2994 -0.0830
vn 0.9343 -0.3471 -0.0819
vn 0.9155 -0.3942 -0.0800
vn 0.9154 -0.3945 -0.0801
vn 0.9758 -0.2011 -0.0852
vn 0.8219 -0.5651 -0.0718
vn 0.6975 -0.7140 -0.0610
vn 0.6971 -0.7144 -0.0609
vn 0.8228 -0.5639 -0.0709
vn 0.8232 -0.5635 -0.0698
vn 0.6974 -0.7141 -0.0611
vn 0.7295 -0.6806 -0.0680
vn 0.7634 -0.6425 -0.0668
vn 0.7307 -0.6797 -0.0637
vn 0.6937 -0.7179 -0.0590
vn 0.6978 -0.7137 -0.0609
vn 0.8221 -0.5651 -0.0698
vn 0.7636 -0.6423 -0.0663
vn 0.8956 -0.4379 -0.0786
vn 0.8728 -0.4822 -0.0754
vn 0.8729 -0.4818 -0.0763
vn 0.8481 -0.5245 -0.0745
vn 0.8217 -0.5653 -0.0716
vn 0.5469 -0.8358 -0.0480
vn 0.3765 -0.9258 -0.0330
vn 0.3776 -0.9254 -0.0331
vn 0.5490 -0.8344 -0.0478
vn 0.5473 -0.8356 -0.0479
vn 0.3769 -0.9257 -0.0327
vn 0.4634 -0.8851 -0.0429
vn 0.4213 -0.9062 -0.0369
vn 0.4210 -0.9063 -0.0366
vn 0.3747 -0.9266 -0.0306
vn 0.3766 -0.9258 -0.0330
vn 0.5479 -0.8353 -0.0458
vn 0.4640 -0.8849 -0.0405
vn 0.4852 -0.8734 -0.0422
vn 0.3767 -0.9258 -0.0329
vn 0.6258 -0.7781 -0.0550
vn 0.5868 -0.8081 -0.0513
vn 0.5872 -0.8077 -0.0521
vn 0.5389 -0.8417 -0.0353
vn 0.6623 -0.7471 -0.0577
vn 0.6621 -0.7472 -0.0583
vn 0.6247 -0.7790 -0.0545
vn 0.6254 -0.7784 -0.0545
vn 0.5469 -0.8359 -0.0473
vn 0.1915 -0.9814 -0.0168
vn 0.1916 -0.9813 -0.0164
vn 0.0950 -0.9954 -0.0080
vn 0.1919 -0.9813 -0.0167
vn 0.0963 -0.9953 -0.0082
vn 0.2849 -0.9582 -0.0253
vn 0.2392 -0.9707 -0.0209
vn 0.2397 -0.9706 -0.0211
vn 0.1668 -0.9859 -0.0146
vn 0.1922 -0.9812 -0.0168
vn 0.3295 -0.9437 -0.0278
vn 0.3316 -0.9430 -0.0287
vn 0.2888 -0.9570 -0.0285
vn 0.2854 -0.9581 -0.0238
vn 0.1918 -0.9813 -0.0165
vn 0.9759 -0.2014 -0.0847
vn 0.9962 -0.0008 -0.0872
vn 0.9962 -0.0008 -0.0870
vn 0.9204 -0.3827 -0.0805
vn 0.9962 -0.0008 -0.0874
vn 0.7044 -0.7071 -0.0616
vn 0.9835 -0.1422 -0.1117
vn 0.9218 -0.3792 -0.0806
vn 0.8812 -0.4665 -0.0771
vn 0.8321 -0.5498 -0.0728
vn 0.7687 -0.6366 -0.0622
vn 0.7110 -0.7005 -0.0622
vn 0.6386 -0.7675 -0.0559
vn 0.3812 -0.9239 -0.0333
vn 0.0010 -1.0000 -0.0000
vn 0.5609 -0.8264 -0.0491
vn 0.3895 -0.9204 -0.0341
vn 0.2951 -0.9551 -0.0258
vn 0.1987 -0.9799 -0.0174
vn -0.2004 -0.9796 0.0175
vn -0.3928 -0.9190 0.0344
vn -0.3926 -0.9191 0.0344
vn -0.2007 -0.9795 0.0167
vn -0.3927 -0.9190 0.0344
vn -0.3915 -0.9195 0.0343
vn -0.5630 -0.8250 0.0493
vn -0.7111 -0.7004 0.0623
vn -0.7110 -0.7005 0.0622
vn -0.5620 -0.8256 0.0502
vn -0.5627 -0.8252 0.0493
vn -0.7113 -0.7001 0.0624
vn -0.5639 -0.8246 0.0452
vn -0.6400 -0.7663 0.0561
vn -0.6401 -0.7663 0.0560
vn -0.7064 -0.7059 0.0519
vn -0.7118 -0.6996 0.0627
vn -0.5191 -0.8535 0.0454
vn -0.9225 -0.3774 0.0806
vn -0.8324 -0.5494 0.0728
vn -0.9225 -0.3775 0.0808
vn -0.8322 -0.5497 0.0727
vn -0.8322 -0.5495 0.0738
vn -0.9222 -0.3781 0.0807
vn -0.8608 -0.5034 0.0750
vn -0.8314 -0.5508 0.0731
vn -0.8581 -0.5079 0.0755
vn -0.8812 -0.4663 0.0772
vn -0.8815 -0.4659 0.0771
vn -0.8323 -0.5494 0.0730
vn -0.8816 -0.4657 0.0775
vn -0.9225 -0.3775 0.0806
vn -0.9223 -0.3779 0.0812
vn -0.7746 -0.6288 0.0676
vn -0.8050 -0.5891 0.0705
vn -0.8047 -0.5895 0.0703
vn -0.8307 -0.5516 0.0751
vn -0.7433 -0.6658 0.0645
vn -0.7448 -0.6640 0.0654
vn -0.7761 -0.6269 0.0681
vn -0.7754 -0.6277 0.0683
vn -0.9774 -0.1930 0.0859
vn -0.9776 -0.1923 0.0855
vn -0.9775 -0.1924 0.0862
vn -0.9915 -0.0968 0.0869
vn -0.9915 -0.0968 0.0868
vn -0.9541 -0.2875 0.0835
vn -0.9548 -0.2854 0.0833
vn -0.9773 -0.1947 0.0837
vn -0.9776 -0.1922 0.0861
vn -0.0008 -1.0000 0.0001
vn -0.2004 -0.9795 0.0182
vn -0.3812 -0.9239 0.0334
vn -0.2004 -0.9796 0.0176
vn -0.7044 -0.7071 0.0616
vn -0.3882 -0.9210 0.0339
vn -0.0008 -1.0000 -0.0000
vn -0.7121 -0.6993 0.0623
vn -0.7109 -0.7003 0.0649
vn -0.7767 -0.6261 0.0680
vn -0.9204 -0.3827 0.0805
vn -0.9962 -0.0009 0.0873
vn -0.9962 -0.0008 0.0872
vn -0.8334 -0.5478 0.0729
vn -0.9233 -0.3754 0.0808
vn -0.9778 -0.1912 0.0855
vn -0.9962 -0.0002 0.0873
vn -0.9161 0.3927 0.0802
vn -0.9759 0.2010 0.0855
vn -0.9158 0.3936 0.0801
vn -0.9758 0.2030 0.0812
vn -0.9509 0.2981 0.0833
vn -0.9504 0.2999 0.0830
vn -0.9158 0.3936 0.0796
vn -0.9155 0.3942 0.0801
vn -0.9782 0.1749 0.1119
vn -0.9155 0.3943 0.0801
vn -0.6977 0.7138 0.0610
vn -0.8220 0.5648 0.0729
vn -0.6969 0.7145 0.0610
vn -0.8218 0.5652 0.0718
vn -0.8220 0.5649 0.0721
vn -0.8223 0.5644 0.0723
vn -0.7631 0.6427 0.0670
vn -0.7627 0.6434 0.0662
vn -0.6975 0.7140 0.0611
vn -0.6972 0.7143 0.0608
vn -0.8727 0.4823 0.0763
vn -0.8731 0.4814 0.0765
vn -0.8207 0.5666 0.0736
vn -0.6965 0.7149 0.0615
vn -0.3774 0.9255 0.0330
vn -0.5470 0.8358 0.0483
vn -0.3770 0.9256 0.0329
vn -0.5472 0.8356 0.0479
vn -0.5475 0.8354 0.0482
vn -0.3767 0.9257 0.0331
vn -0.4628 0.8857 0.0357
vn -0.5470 0.8358 0.0479
vn -0.4636 0.8851 0.0407
vn -0.3758 0.9261 0.0329
vn -0.3756 0.9262 0.0332
vn -0.1920 0.9812 0.0169
vn -0.1924 0.9812 0.0168
vn -0.0953 0.9954 0.0078
vn -0.1921 0.9812 0.0168
vn -0.0962 0.9953 0.0087
vn -0.2859 0.9579 0.0251
vn -0.2855 0.9580 0.0251
vn -0.1927 0.9811 0.0170
vn -0.1917 0.9813 0.0180
vn -0.9962 0.0008 0.0872
vn -0.9962 0.0008 0.0873
vn -0.9204 0.3827 0.0805
vn -0.9758 0.2013 0.0855
vn -0.9962 0.0011 0.0872
vn -0.7044 0.7071 0.0616
vn -0.9962 0.0008 0.0869
vn -0.9231 0.3760 0.0808
vn -0.8331 0.5484 0.0729
vn -0.7116 0.6998 0.0623
vn -0.3812 0.9239 0.0333
vn -0.5498 0.8334 0.0555
vn -0.3874 0.9213 0.0339
vn -0.1972 0.9802 0.0172
vn -0.0001 1.0000 -0.0000
vn -0.0000 0.6105 0.7920
vn -0.0000 0.6025 0.7981
vn -0.0000 0.5936 0.8048
vn -0.0000 0.5940 0.8045
vn 0.0001 0.6025 0.7981
vn 0.0005 0.5853 0.8108
vn -0.0000 0.5777 0.8162
vn -0.0000 0.5772 0.8166
vn -0.0001 0.5854 0.8108
vn -0.0002 0.6184 0.7859
vn -0.0000 0.6161 0.7877
vn -0.0000 0.6166 0.7873
vn -0.0000 0.6146 0.7888
vn 0.0020 0.6171 0.7868
vn -0.0001 0.6186 0.7857
vn 0.0004 0.6101 0.7923
vn 0.0008 0.6229 0.7823
vn -0.0000 0.6203 0.7843
vn -0.0000 0.6207 0.7840
vn 0.0005 0.6269 0.7791
vn -0.0000 0.6253 0.7804
vn 0.0002 0.6249 0.7807
vn -0.0000 0.6228 0.7824
vn -0.0038 0.6295 0.7770
vn -0.0002 0.6270 0.7790
vn -0.0003 0.6228 0.7824
vn -0.0001 0.6264 0.7795
vn -0.0001 0.6183 0.7859
vn -0.0002 0.6349 0.7726
vn -0.0000 0.6304 0.7763
vn -0.0000 0.6308 0.7759
vn -0.0000 0.6350 0.7725
vn -0.0000 0.6342 0.7731
vn -0.0000 0.6184 0.7859
vn -0.0000 0.6264 0.7795
vn 0.0001 0.6183 0.7859
vn -0.0001 0.6105 0.7920
vn -0.0000 0.6342 0.7732
vn -0.0000 0.6344 0.7730
vn 0.0001 0.6265 0.7795
vn 0.0002 0.6351 0.7724
vn -0.0000 0.6300 0.7766
vn -0.0000 0.6269 0.7791
vn -0.0000 0.6349 0.7726
vn -0.0000 0.6384 0.7697
vn -0.0000 0.6368 0.7710
vn 0.0001 0.6385 0.7697
vn -0.0000 0.6388 0.7693
vn 0.0038 0.6396 0.7687
vn -0.0004 0.6269 0.7791
vn -0.0000 0.6347 0.7728
vn -0.0010 0.6300 0.7766
vn -0.0000 0.6139 0.7894
vn -0.0000 0.6187 0.7856
vn -0.0000 0.6186 0.7857
vn -0.0003 0.6101 0.7923
vn -0.0003 0.6138 0.7895
vn -0.0006 0.5939 0.8045
vn -0.0005 0.5853 0.8108
vn -0.0003 0.5854 0.8108
vn -0.0001 0.5772 0.8166
vn 0.0004 0.5777 0.8163
vn -0.0000 0.6066 0.7950
vn -0.0001 0.6065 0.7951
vn -0.0003 0.6025 0.7981
vn -0.0000 0.6024 0.7982
vn 0.0001 0.5979 0.8015
vn -0.0001 0.5935 0.8048
vn 0.0003 0.5330 0.8461
vn -0.0000 0.5248 0.8512
vn -0.0000 0.5251 0.8510
vn -0.0000 0.5380 0.8429
vn -0.0000 0.5336 0.8458
vn -0.0000 0.5427 0.8399
vn -0.0000 0.5423 0.8402
vn 0.0001 0.5335 0.8458
vn 0.0003 0.5380 0.8430
vn -0.0000 0.5339 0.8456
vn -0.0000 0.5072 0.8618
vn 0.0007 0.5076 0.8616
vn -0.0004 0.5643 0.8256
vn -0.0000 0.5600 0.8285
vn -0.0000 0.5686 0.8226
vn -0.0003 0.5686 0.8226
vn 0.0005 0.5734 0.8193
vn 0.0001 0.5471 0.8371
vn -0.0000 0.5514 0.8342
vn -0.0000 0.5515 0.8342
vn 0.0001 0.5553 0.8317
vn -0.0000 0.5598 0.8286
vn -0.0001 0.5516 0.8341
vn -0.0000 0.5476 0.8368
vn -0.0000 0.5426 0.8400
vn 0.0003 0.5644 0.8255
vn -0.0000 0.5687 0.8225
vn -0.0007 0.5076 0.8616
vn -0.0001 0.5335 0.8458
vn -0.0002 0.5427 0.8399
vn -0.0003 0.5380 0.8430
vn -0.0000 0.4452 0.8954
vn -0.0000 0.4413 0.8974
vn -0.0000 0.4508 0.8926
vn -0.0000 0.4509 0.8926
vn 0.0001 0.4312 0.9023
vn -0.0000 0.4316 0.9021
vn -0.0000 0.4650 0.8853
vn -0.0000 0.4603 0.8877
vn -0.0000 0.4604 0.8877
vn 0.0001 0.4699 0.8827
vn -0.0000 0.4699 0.8827
vn -0.0000 0.4562 0.8899
vn -0.0002 0.4503 0.8929
vn -0.0002 0.4561 0.8899
vn -0.0000 0.4591 0.8884
vn -0.0000 0.4556 0.8902
vn -0.0010 0.4610 0.8874
vn -0.0000 0.4605 0.8877
vn -0.0001 0.4534 0.8913
vn -0.0000 0.4510 0.8925
vn -0.0001 0.4650 0.8853
vn 0.0002 0.4709 0.8822
vn -0.0000 0.4646 0.8855
vn -0.0000 0.4631 0.8863
vn -0.0000 0.4629 0.8864
vn -0.0000 0.4638 0.8859
vn -0.0000 0.4628 0.8865
vn 0.0023 0.4632 0.8862
vn -0.0000 0.4651 0.8852
vn -0.0000 0.4616 0.8871
vn -0.0001 0.4604 0.8877
vn -0.0000 0.4670 0.8843
vn 0.0001 0.4677 0.8839
vn 0.0001 0.4639 0.8859
vn -0.0000 0.4521 0.8920
vn -0.0000 0.4532 0.8914
vn -0.0000 0.4544 0.8908
vn -0.0001 0.4545 0.8908
vn 0.0010 0.4592 0.8883
vn 0.0002 0.4402 0.8979
vn -0.0004 0.4413 0.8974
vn -0.0004 0.4362 0.8999
vn 0.0003 0.4316 0.9021
vn -0.0004 0.4472 0.8944
vn -0.0001 0.4459 0.8951
vn -0.0000 0.4495 0.8933
vn -0.0005 0.4477 0.8942
vn -0.0000 0.4889 0.8723
vn -0.0000 0.4887 0.8724
vn -0.0000 0.4746 0.8802
vn 0.0002 0.4794 0.8776
vn -0.0000 0.4808 0.8768
vn -0.0000 0.4794 0.8776
vn -0.0000 0.4796 0.8775
vn 0.0015 0.4759 0.8795
vn -0.0000 0.4747 0.8802
vn -0.0000 0.4747 0.8801
vn -0.0013 0.4805 0.8770
vn -0.0000 0.4759 0.8795
vn -0.0000 0.4899 0.8718
vn 0.0016 0.4808 0.8768
vn -0.0002 0.4794 0.8776
vn -0.0001 0.4704 0.8824
vn 0.0020 0.4904 0.8715
vn 0.0005 0.4506 0.8927
vn -0.0000 0.4483 0.8939
vn 0.0001 0.4483 0.8939
vn -0.0003 0.4434 0.8963
vn -0.0000 0.4461 0.8950
vn 0.0001 0.4452 0.8955
vn 0.0001 0.4413 0.8974
vn -0.0026 0.4532 0.8914
vn -0.0000 0.4507 0.8927
vn -0.0000 0.4412 0.8974
vn 0.0001 0.4364 0.8998
vn -0.0000 0.4317 0.9020
vn -0.0006 0.4316 0.9021
vn -0.0000 0.4388 0.8986
vn -0.0000 0.4362 0.8998
vn -0.0004 0.4578 0.8890
vn -0.0000 0.4568 0.8896
vn -0.0000 0.4611 0.8873
vn -0.0000 0.4583 0.8888
vn -0.0000 0.4571 0.8894
vn -0.0000 0.4555 0.8902
vn 0.0001 0.4545 0.8907
vn 0.0002 0.4533 0.8913
vn -0.0001 0.4670 0.8842
vn -0.0000 0.4676 0.8839
vn -0.0000 0.4603 0.8878
vn -0.0000 0.4617 0.8870
vn 0.0002 0.4561 0.8899
vn -0.0007 0.4502 0.8929
vn -0.0000 0.3859 0.9226
vn -0.0000 0.3805 0.9248
vn 0.0002 0.3811 0.9245
vn 0.0003 0.3910 0.9204
vn -0.0000 0.3919 0.9200
vn -0.0000 0.3706 0.9288
vn -0.0000 0.3702 0.9290
vn -0.0000 0.3804 0.9248
vn -0.0000 0.3808 0.9247
vn -0.0001 0.3752 0.9270
vn -0.0000 0.3700 0.9290
vn 0.0011 0.3869 0.9221
vn -0.0000 0.3884 0.9215
vn -0.0000 0.3861 0.9225
vn -0.0000 0.3910 0.9204
vn 0.0001 0.3859 0.9225
vn 0.0035 0.3905 0.9206
vn -0.0000 0.3695 0.9292
vn -0.0000 0.3781 0.9258
vn -0.0000 0.3772 0.9262
vn -0.0000 0.3806 0.9247
vn 0.0002 0.3759 0.9267
vn -0.0000 0.3755 0.9268
vn 0.0001 0.3596 0.9331
vn -0.0000 0.3490 0.9371
vn -0.0000 0.3496 0.9369
vn -0.0000 0.3596 0.9331
vn -0.0000 0.3493 0.9370
vn -0.0000 0.4066 0.9136
vn -0.0000 0.4017 0.9158
vn -0.0000 0.4012 0.9160
vn -0.0000 0.4114 0.9115
vn -0.0000 0.4120 0.9112
vn -0.0000 0.3959 0.9183
vn -0.0000 0.4168 0.9090
vn 0.0003 0.4104 0.9119
vn 0.0002 0.4115 0.9114
vn 0.0002 0.4210 0.9071
vn -0.0004 0.4215 0.9068
vn -0.0002 0.4262 0.9046
vn -0.0001 0.3949 0.9187
vn -0.0000 0.3987 0.9171
vn 0.0003 0.3966 0.9180
vn -0.0000 0.4015 0.9158
vn -0.0000 0.3931 0.9195
vn 0.0002 0.4067 0.9136
vn -0.0000 0.4063 0.9137
vn -0.0000 0.4039 0.9148
vn 0.0028 0.3915 0.9202
vn 0.0007 0.3915 0.9202
vn -0.0001 0.3947 0.9188
vn -0.0000 0.3961 0.9182
vn -0.0004 0.3968 0.9179
vn -0.0004 0.3928 0.9196
vn -0.0001 0.3935 0.9193
vn -0.0003 0.3923 0.9198
vn -0.0000 0.3909 0.9204
vn 0.0002 0.4036 0.9149
vn -0.0003 0.4066 0.9136
vn 0.0002 0.4013 0.9160
vn -0.0000 0.4088 0.9126
vn -0.0000 0.4116 0.9113
vn -0.0001 0.4107 0.9118
vn -0.0001 0.3960 0.9183
vn -0.0000 0.3985 0.9172
vn -0.0000 0.3960 0.9183
vn -0.0001 0.4224 0.9064
vn -0.0000 0.4259 0.9048
vn 0.0001 0.4211 0.9070
vn -0.0002 0.4141 0.9102
vn -0.0000 0.4165 0.9091
vn -0.0000 0.4166 0.9091
vn -0.0009 0.4106 0.9118
vn -0.0000 0.4247 0.9053
vn -0.0000 0.4215 0.9068
vn -0.0012 0.3913 0.9203
vn -0.0000 0.3698 0.9291
vn -0.0001 0.3596 0.9331
vn -0.0001 0.3793 0.9253
vn -0.0000 0.3751 0.9270
vn -0.0000 0.3883 0.9215
vn 0.0001 0.3885 0.9215
vn 0.0002 0.3862 0.9224
vn -0.0000 0.3807 0.9247
vn -0.0000 0.3800 0.9250
vn 0.0009 0.3870 0.9221
vn -0.0000 0.3703 0.9289
vn -0.0002 0.3811 0.9245
vn 0.0005 0.3045 0.9525
vn -0.0000 0.3023 0.9532
vn -0.0000 0.3020 0.9533
vn 0.0005 0.3089 0.9511
vn -0.0005 0.3075 0.9516
vn 0.0005 0.3144 0.9493
vn -0.0000 0.3132 0.9497
vn -0.0000 0.3391 0.9408
vn -0.0000 0.3390 0.9408
vn -0.0000 0.3495 0.9369
vn 0.0003 0.3319 0.9433
vn -0.0000 0.3287 0.9444
vn -0.0000 0.3285 0.9445
vn -0.0000 0.3341 0.9425
vn -0.0000 0.3348 0.9423
vn -0.0000 0.3312 0.9436
vn -0.0001 0.3284 0.9445
vn 0.0005 0.3344 0.9424
vn 0.0001 0.3396 0.9406
vn -0.0000 0.3397 0.9405
vn -0.0000 0.3394 0.9406
vn -0.0000 0.3388 0.9408
vn 0.0001 0.3389 0.9408
vn 0.0003 0.3181 0.9481
vn -0.0000 0.3127 0.9499
vn 0.0006 -0.3374 0.9414
vn -0.0000 -0.3404 0.9403
vn -0.0000 -0.3405 0.9403
vn 0.0002 -0.3326 0.9431
vn -0.0000 -0.3343 0.9425
vn -0.0000 -0.3325 0.9431
vn -0.0000 -0.3354 0.9421
vn -0.0000 -0.3305 0.9438
vn 0.0003 -0.3308 0.9437
vn -0.0000 -0.3417 0.9398
vn -0.0000 -0.3510 0.9364
vn -0.0000 -0.3504 0.9366
vn -0.0000 -0.3180 0.9481
vn -0.0000 -0.3207 0.9472
vn -0.0019 -0.3218 0.9468
vn -0.0005 -0.3157 0.9489
vn -0.0000 -0.3154 0.9489
vn 0.0005 -0.3132 0.9497
vn -0.0005 -0.3205 0.9472
vn -0.0040 -0.3197 0.9475
vn 0.0004 -0.3282 0.9446
vn -0.0000 -0.3226 0.9465
vn -0.0009 -0.3260 0.9454
vn -0.0000 -0.3260 0.9454
vn -0.0001 -0.3222 0.9467
vn -0.0000 -0.3403 0.9403
vn -0.0000 -0.3505 0.9365
vn -0.0000 -0.3351 0.9422
vn -0.0000 -0.3355 0.9420
vn 0.0003 -0.2966 0.9550
vn -0.0000 -0.3002 0.9539
vn 0.0010 -0.2909 0.9567
vn -0.0009 -0.2899 0.9571
vn 0.0001 -0.3073 0.9516
vn -0.0001 -0.3109 0.9504
vn -0.0000 -0.3053 0.9523
vn -0.0000 -0.3028 0.9531
vn -0.0000 -0.3412 0.9400
vn -0.0000 -0.3407 0.9402
vn 0.0002 -0.3208 0.9471
vn -0.0000 -0.3254 0.9456
vn 0.0001 -0.3258 0.9454
vn -0.0000 -0.3304 0.9438
vn -0.0000 -0.3307 0.9437
vn 0.0002 -0.3117 0.9502
vn -0.0000 -0.3104 0.9506
vn -0.0000 -0.3103 0.9506
vn -0.0000 -0.3154 0.9490
vn 0.0002 -0.3159 0.9488
vn -0.0000 -0.3179 0.9481
vn -0.0176 -0.3054 0.9521
vn -0.0001 -0.3404 0.9403
vn -0.0001 -0.3501 0.9367
vn -0.0068 -0.3312 0.9435
vn -0.0000 -0.4142 0.9102
vn -0.0000 -0.4189 0.9080
vn -0.0000 -0.4191 0.9080
vn -0.0000 -0.4094 0.9124
vn -0.0000 -0.4096 0.9122
vn -0.0000 -0.4289 0.9034
vn -0.0000 -0.4287 0.9034
vn -0.0000 -0.3942 0.9190
vn -0.0000 -0.4005 0.9163
vn 0.0001 -0.3997 0.9166
vn 0.0002 -0.3898 0.9209
vn -0.0000 -0.3900 0.9208
vn -0.0000 -0.4050 0.9143
vn 0.0001 -0.4097 0.9122
vn -0.0011 -0.4057 0.9140
vn -0.0001 -0.4005 0.9163
vn -0.0000 -0.4045 0.9146
vn 0.0002 -0.4066 0.9136
vn -0.0000 -0.3943 0.9190
vn -0.0000 -0.3921 0.9199
vn -0.0000 -0.3963 0.9181
vn -0.0014 -0.3882 0.9216
vn -0.0000 -0.3897 0.9209
vn -0.0002 -0.3965 0.9181
vn -0.0008 -0.3995 0.9167
vn -0.0000 -0.3973 0.9177
vn -0.0022 -0.3959 0.9183
vn -0.0004 -0.3915 0.9202
vn -0.0000 -0.4191 0.9079
vn 0.0004 -0.4187 0.9081
vn 0.0007 -0.4242 0.9056
vn -0.0000 -0.4286 0.9035
vn -0.0000 -0.4147 0.9099
vn 0.0001 -0.4120 0.9112
vn 0.0001 -0.4138 0.9104
vn 0.0002 -0.3600 0.9329
vn -0.0000 -0.3703 0.9289
vn 0.0003 -0.3701 0.9290
vn -0.0000 -0.3599 0.9330
vn -0.0000 -0.3702 0.9290
vn -0.0000 -0.3839 0.9234
vn 0.0001 -0.3804 0.9248
vn -0.0000 -0.3802 0.9249
vn -0.0000 -0.3752 0.9269
vn -0.0000 -0.3804 0.9248
vn -0.0014 -0.3766 0.9264
vn 0.0007 -0.3847 0.9230
vn -0.0000 -0.3875 0.9219
vn -0.0000 -0.3871 0.9220
vn -0.0002 -0.3901 0.9208
vn -0.0003 -0.3753 0.9269
vn -0.0000 -0.3776 0.9260
vn -0.0000 -0.3774 0.9260
vn -0.0000 -0.3699 0.9291
vn -0.0015 -0.3766 0.9264
vn -0.0000 -0.3766 0.9264
vn -0.0000 -0.3801 0.9249
vn -0.0007 -0.3808 0.9246
vn -0.0003 -0.3800 0.9250
vn -0.0028 -0.3677 0.9299
vn -0.0000 -0.3800 0.9250
vn -0.0035 -0.3818 0.9242
vn -0.0001 -0.3844 0.9232
vn -0.0001 -0.3899 0.9208
vn -0.0000 -0.3847 0.9230
vn -0.0000 -0.3899 0.9209
vn -0.0001 -0.3599 0.9330
vn -0.0000 -0.3803 0.9249
vn 0.0001 -0.3899 0.9209
vn 0.0001 -0.4167 0.9090
vn -0.0001 -0.4146 0.9100
vn -0.0002 -0.4190 0.9080
vn -0.0000 -0.4118 0.9113
vn -0.0001 -0.4097 0.9122
vn -0.0000 -0.4144 0.9101
vn -0.0002 -0.4266 0.9044
vn -0.0000 -0.4228 0.9062
vn -0.0002 -0.4239 0.9057
vn -0.0001 -0.4291 0.9032
vn -0.0000 -0.4288 0.9034
vn -0.0001 -0.4211 0.9070
vn -0.0000 -0.4240 0.9057
vn -0.0000 -0.4291 0.9033
vn -0.0000 -0.3925 0.9198
vn -0.0000 -0.3948 0.9188
vn 0.0001 -0.3964 0.9181
vn 0.0001 -0.3995 0.9167
vn -0.0001 -0.4069 0.9135
vn -0.0001 -0.4044 0.9146
vn -0.0002 -0.4057 0.9140
vn -0.0000 -0.4022 0.9155
vn -0.0000 -0.4048 0.9144
vn -0.0003 -0.3998 0.9166
vn -0.0001 -0.4191 0.9079
vn 0.0003 -0.4757 0.8796
vn -0.0000 -0.4856 0.8742
vn -0.0000 -0.4854 0.8743
vn 0.0001 -0.4671 0.8842
vn -0.0000 -0.4671 0.8842
vn -0.0000 -0.4719 0.8817
vn -0.0020 -0.4781 0.8783
vn -0.0000 -0.4667 0.8844
vn -0.0000 -0.4761 0.8794
vn 0.0006 -0.4666 0.8845
vn -0.0000 -0.4670 0.8842
vn -0.0000 -0.4690 0.8832
vn -0.0031 -0.4741 0.8805
vn -0.0000 -0.4714 0.8819
vn 0.0018 -0.4664 0.8846
vn -0.0000 -0.4715 0.8819
vn -0.0000 -0.5037 0.8639
vn 0.0004 -0.5041 0.8637
vn -0.0000 -0.4522 0.8919
vn -0.0000 -0.4572 0.8893
vn -0.0000 -0.4573 0.8893
vn -0.0000 -0.4478 0.8941
vn -0.0000 -0.4482 0.8939
vn -0.0000 -0.4624 0.8867
vn -0.0000 -0.4377 0.8991
vn -0.0000 -0.4383 0.8988
vn -0.0000 -0.4429 0.8966
vn -0.0001 -0.4482 0.8939
vn 0.0005 -0.4422 0.8969
vn -0.0000 -0.4406 0.8977
vn -0.0000 -0.4431 0.8965
vn -0.0002 -0.4363 0.8998
vn -0.0000 -0.4380 0.8990
vn 0.0001 -0.4454 0.8953
vn -0.0001 -0.4471 0.8945
vn 0.0007 -0.4335 0.9011
vn -0.0011 -0.4632 0.8863
vn -0.0000 -0.4597 0.8881
vn -0.0000 -0.4620 0.8869
vn 0.0001 -0.4572 0.8893
vn -0.0002 -0.4571 0.8894
vn -0.0000 -0.4648 0.8854
vn 0.0001 -0.4522 0.8919
vn -0.0000 -0.4501 0.8930
vn 0.0001 -0.4512 0.8924
vn -0.0000 -0.4548 0.8906
vn -0.0000 -0.4557 0.8901
vn -0.0000 -0.4549 0.8905
vn -0.0000 -0.4537 0.8912
vn -0.0000 -0.4525 0.8918
vn -0.0000 -0.4576 0.8892
vn -0.0006 -0.4541 0.8910
vn -0.0009 -0.4500 0.8930
vn 0.0003 -0.4649 0.8854
vn 0.0004 -0.4634 0.8861
vn -0.0000 -0.4644 0.8856
vn 0.0011 -0.4633 0.8862
vn -0.0000 -0.4670 0.8843
vn -0.0014 -0.4613 0.8873
vn -0.0008 -0.4667 0.8844
vn 0.0004 -0.4573 0.8893
vn -0.0000 -0.4623 0.8867
vn -0.0000 -0.4621 0.8868
vn 0.0004 -0.4649 0.8854
vn -0.0002 -0.4664 0.8846
vn -0.0000 -0.4651 0.8852
vn 0.0002 -0.4636 0.8861
vn -0.0000 -0.4617 0.8870
vn -0.0005 -0.4651 0.8853
vn -0.0000 -0.4651 0.8853
vn -0.0005 -0.4489 0.8936
vn -0.0001 -0.4512 0.8924
vn -0.0000 -0.4502 0.8929
vn -0.0003 -0.4517 0.8922
vn -0.0000 -0.4524 0.8918
vn -0.0000 -0.4526 0.8917
vn -0.0000 -0.4546 0.8907
vn -0.0000 -0.4549 0.8906
vn -0.0001 -0.4522 0.8919
vn -0.0001 -0.4572 0.8893
vn -0.0001 -0.4473 0.8944
vn 0.0001 -0.4482 0.8939
vn -0.0001 -0.4632 0.8863
vn -0.0000 -0.4668 0.8844
vn -0.0000 -0.4359 0.9000
vn -0.0000 -0.4335 0.9012
vn -0.0001 -0.4331 0.9014
vn -0.0001 -0.4382 0.8989
vn -0.0000 -0.4382 0.8989
vn -0.0002 -0.4311 0.9023
vn -0.0000 -0.4336 0.9011
vn -0.0000 -0.4381 0.8989
vn -0.0001 -0.4452 0.8955
vn -0.0000 -0.4436 0.8962
vn -0.0001 -0.4423 0.8969
vn -0.0000 -0.4405 0.8978
vn -0.0000 -0.4422 0.8969
vn -0.0000 -0.4857 0.8741
vn -0.0004 -0.5041 0.8637
vn -0.0000 -0.4765 0.8792
vn -0.0000 -0.4716 0.8818
vn -0.0006 -0.4682 0.8836
vn -0.0000 -0.4664 0.8846
vn -0.0000 -0.4691 0.8831
vn -0.0005 -0.4656 0.8850
vn -0.0003 -0.4757 0.8796
vn -0.0002 -0.5500 0.8352
vn -0.0000 -0.5578 0.8300
vn -0.0000 -0.5579 0.8299
vn -0.0007 -0.5403 0.8415
vn 0.0002 -0.5486 0.8361
vn -0.0003 -0.5709 0.8210
vn -0.0001 -0.5751 0.8181
vn 0.0007 -0.5753 0.8179
vn 0.0001 -0.5667 0.8239
vn -0.0003 -0.5665 0.8241
vn -0.0000 -0.5219 0.8530
vn 0.0001 -0.5221 0.8529
vn -0.0000 -0.5315 0.8470
vn 0.0001 -0.5311 0.8473
vn -0.0014 -0.5205 0.8539
vn -0.0000 -0.5312 0.8473
vn -0.0000 -0.5401 0.8416
vn -0.0000 -0.5399 0.8418
vn -0.0013 -0.5188 0.8549
vn -0.0000 -0.5574 0.8303
vn -0.0000 -0.5667 0.8239
vn 0.0006 -0.5667 0.8239
vn -0.0001 -0.5754 0.8179
vn -0.0003 -0.5448 0.8386
vn -0.0000 -0.5490 0.8358
vn -0.0004 -0.5495 0.8355
vn -0.0054 -0.5502 0.8350
vn 0.0004 -0.6346 0.7729
vn -0.0000 -0.6362 0.7715
vn -0.0000 -0.6390 0.7692
vn -0.0000 -0.6388 0.7694
vn 0.0007 -0.6265 0.7794
vn -0.0000 -0.6306 0.7761
vn -0.0000 -0.6346 0.7728
vn 0.0018 -0.6332 0.7740
vn -0.0002 -0.6343 0.7731
vn -0.0000 -0.6265 0.7794
vn -0.0001 -0.6264 0.7795
vn -0.0000 -0.6345 0.7729
vn -0.0000 -0.6387 0.7695
vn -0.0000 -0.6375 0.7705
vn 0.0001 -0.6180 0.7862
vn -0.0000 -0.6221 0.7829
vn 0.0004 -0.6208 0.7840
vn 0.0004 -0.6096 0.7927
vn -0.0000 -0.6139 0.7894
vn 0.0004 -0.6138 0.7895
vn -0.0000 -0.6179 0.7862
vn -0.0016 -0.6082 0.7938
vn -0.0000 -0.6096 0.7927
vn -0.0001 -0.6173 0.7867
vn -0.0000 -0.6264 0.7795
vn -0.0000 -0.6173 0.7867
vn -0.0000 -0.6097 0.7926
vn 0.0018 -0.6110 0.7916
vn -0.0000 -0.6347 0.7727
vn 0.0020 -0.5929 0.8053
vn 0.0002 -0.6010 0.7992
vn -0.0000 -0.6010 0.7993
vn -0.0000 -0.5889 0.8082
vn -0.0003 -0.5924 0.8056
vn 0.0001 -0.5931 0.8051
vn 0.0008 -0.5841 0.8117
vn -0.0002 -0.5848 0.8111
vn -0.0003 -0.5795 0.8149
vn -0.0000 -0.6052 0.7961
vn -0.0000 -0.6012 0.7991
vn -0.0002 -0.5967 0.8025
vn -0.0002 -0.6056 0.7958
vn -0.0000 -0.6098 0.7926
vn -0.0000 -0.6099 0.7925
vn -0.0001 -0.5968 0.8024
vn -0.0003 -0.5923 0.8057
vn -0.0001 -0.5931 0.8051
vn -0.0002 -0.6010 0.7992
vn -0.0008 -0.5841 0.8117
vn 0.0001 -0.5840 0.8118
vn -0.0000 -0.5887 0.8084
vn 0.0005 -0.6172 0.7868
vn 0.0001 -0.6173 0.7867
vn 0.0001 -0.6264 0.7795
vn 0.0001 -0.6219 0.7831
vn 0.0001 -0.6179 0.7863
vn -0.0000 -0.6167 0.7872
vn -0.0000 -0.6176 0.7865
vn -0.0000 -0.6136 0.7896
vn -0.0000 -0.6181 0.7861
vn -0.0005 -0.6171 0.7869
vn -0.0000 -0.6240 0.7815
vn -0.0000 -0.6222 0.7828
vn -0.0000 -0.6201 0.7845
vn -0.0004 -0.6223 0.7828
vn 0.0007 -0.6194 0.7851
vn 0.0020 -0.6218 0.7832
vn -0.0000 -0.6348 0.7727
vn -0.0016 -0.6321 0.7749
vn -0.0002 0.6354 0.7722
vn -0.0000 0.6307 0.7760
vn -0.0000 0.6380 0.7700
vn -0.0000 0.6244 0.7811
vn -0.0000 0.6171 0.7869
vn -0.0000 0.6010 0.7993
vn 0.0005 0.6388 0.7694
vn -0.0000 0.6428 0.7660
vn -0.0000 0.6396 0.7687
vn -0.0064 0.4692 0.8831
vn -0.0000 0.4932 0.8699
vn 0.0001 0.5980 0.8015
vn 0.0002 0.5870 0.8096
vn 0.0002 0.5602 0.8284
vn 0.0001 0.5736 0.8191
vn 0.0002 0.5539 0.8326
vn 0.0001 0.5484 0.8362
vn 0.0002 0.5444 0.8388
vn -0.0000 0.6080 0.7939
vn -0.0000 0.6055 0.7959
vn -0.0000 0.6023 0.7982
vn -0.0000 0.5409 0.8411
vn 0.0006 0.4567 0.8896
vn -0.0000 0.4551 0.8904
vn -0.0000 0.4595 0.8882
vn -0.0000 0.4673 0.8841
vn -0.0000 0.4637 0.8860
vn -0.0000 0.4654 0.8851
vn -0.0000 0.4665 0.8845
vn -0.0000 0.3773 0.9261
vn -0.0038 0.3549 0.9349
vn -0.0359 0.3230 0.9457
vn 0.0001 0.4467 0.8947
vn -0.0000 0.4432 0.8964
vn 0.0001 0.4391 0.8984
vn -0.0000 0.3335 0.9427
vn -0.0000 0.3324 0.9432
vn -0.0000 0.3291 0.9443
vn -0.0000 0.2551 0.9669
vn -0.0000 0.1286 0.9917
vn -0.0000 0.2118 0.9773
vn -0.0000 0.2800 0.9600
vn -0.0000 0.1421 0.9898
vn -0.0000 0.3001 0.9539
vn -0.0000 -0.1286 0.9917
vn -0.0000 -0.0713 0.9975
vn -0.0000 -0.0000 1.0000
vn -0.0000 -0.2119 0.9773
vn -0.0000 -0.2551 0.9669
vn -0.0000 -0.2800 0.9600
vn -0.0000 -0.2902 0.9570
vn -0.0000 0.0713 0.9975
vn -0.0000 -0.1422 0.9898
vn -0.0000 0.3173 0.9483
vn -0.0002 0.3090 0.9510
vn 0.0005 0.4314 0.9022
vn -0.0001 0.4227 0.9063
vn -0.0001 0.4142 0.9102
vn 0.0002 0.4099 0.9121
vn 0.0003 0.4059 0.9139
vn 0.0001 0.4535 0.8913
vn -0.0002 0.3986 0.9171
vn 0.0002 0.3946 0.9188
vn 0.0001 0.3927 0.9197
vn -0.0000 0.3914 0.9202
vn 0.0001 0.3854 0.9228
vn 0.0002 0.3827 0.9239
vn 0.0002 0.3773 0.9261
vn -0.0000 0.3811 0.9245
vn -0.0000 0.3772 0.9261
vn -0.0008 0.5875 0.8092
vn -0.0000 0.5736 0.8191
vn 0.0031 0.5390 0.8423
vn -0.0000 0.5441 0.8390
vn -0.0004 0.5493 0.8356
vn -0.0000 0.5601 0.8284
vn 0.0005 0.4656 0.8850
vn -0.0007 0.5989 0.8008
vn -0.0005 0.5665 0.8241
vn -0.0006 0.4590 0.8884
vn 0.0011 0.4401 0.8979
vn -0.0000 0.4536 0.8912
vn 0.0001 0.4522 0.8919
vn -0.0002 0.4505 0.8928
vn -0.0001 0.4468 0.8946
vn -0.0000 0.6428 0.7661
vn -0.0000 0.6395 0.7688
vn 0.0007 0.6356 0.7720
vn -0.0000 0.6307 0.7761
vn -0.0000 0.6010 0.7992
vn -0.0000 0.6245 0.7810
vn -0.0001 0.6211 0.7838
vn -0.0000 0.6172 0.7868
vn -0.0000 0.4933 0.8699
vn -0.0013 0.4399 0.8980
vn -0.0000 0.4312 0.9023
vn -0.0001 0.3982 0.9173
vn -0.0005 0.4021 0.9156
vn -0.0006 0.4073 0.9133
vn -0.0000 0.4140 0.9103
vn 0.0001 0.4228 0.9062
vn -0.0017 0.3928 0.9196
vn -0.0002 0.3855 0.9227
vn -0.0000 0.3794 0.9252
vn -0.0000 0.3882 0.9216
vn -0.0003 0.3913 0.9203
vn 0.0059 0.3762 0.9265
vn -0.0000 0.3782 0.9257
vn -0.0000 0.3338 0.9427
vn -0.0000 0.3323 0.9432
vn -0.0000 0.3309 0.9437
vn -0.0000 0.3289 0.9444
vn 0.0003 0.3208 0.9471
vn -0.0000 0.2999 0.9540
vn 0.0005 0.3091 0.9510
vn 0.0001 -0.2551 0.9669
vn -0.0000 -0.1421 0.9899
vn -0.0035 -0.2828 0.9592
vn -0.0000 0.2119 0.9773
vn -0.0000 0.1421 0.9899
vn -0.0001 -0.3001 0.9539
vn -0.0000 -0.3092 0.9510
vn -0.0001 -0.3135 0.9496
vn -0.0000 -0.3173 0.9483
vn -0.0000 -0.3773 0.9261
vn -0.0001 -0.3000 0.9539
vn -0.0000 -0.3291 0.9443
vn -0.0000 -0.3333 0.9428
vn 0.0015 -0.3337 0.9427
vn 0.0014 -0.3670 0.9302
vn -0.0000 -0.4933 0.8699
vn 0.0010 -0.3989 0.9170
vn 0.0006 -0.4011 0.9160
vn -0.0005 -0.4052 0.9142
vn -0.0000 -0.4102 0.9120
vn -0.0002 -0.4144 0.9101
vn 0.0003 -0.4184 0.9083
vn -0.0000 -0.3854 0.9227
vn 0.0002 -0.3895 0.9210
vn -0.0001 -0.3908 0.9205
vn -0.0000 -0.3946 0.9189
vn -0.0000 -0.3775 0.9260
vn -0.0000 -0.3779 0.9259
vn -0.0000 -0.3785 0.9256
vn -0.0001 -0.3828 0.9238
vn -0.0000 -0.3809 0.9246
vn -0.0000 -0.3792 0.9253
vn 0.0002 -0.4271 0.9042
vn 0.0002 -0.4221 0.9066
vn 0.0002 -0.4313 0.9022
vn -0.0000 -0.4351 0.9004
vn -0.0000 -0.4433 0.8964
vn 0.0004 -0.4394 0.8983
vn -0.0002 -0.4463 0.8949
vn 0.0001 -0.4503 0.8929
vn -0.0000 -0.6010 0.7992
vn 0.0042 -0.5782 0.8159
vn -0.0000 -0.5441 0.8390
vn 0.0001 -0.5484 0.8362
vn -0.0000 -0.5407 0.8412
vn 0.0001 -0.5736 0.8191
vn -0.0000 -0.5601 0.8284
vn -0.0000 -0.6172 0.7868
vn -0.0028 -0.6134 0.7897
vn -0.0007 -0.6211 0.7837
vn -0.0002 -0.6244 0.7811
vn -0.0003 -0.6308 0.7760
vn -0.0000 -0.6359 0.7718
vn -0.0021 -0.6088 0.7933
vn -0.0000 -0.6397 0.7686
vn -0.0000 -0.6428 0.7660
vn -0.0000 -0.4519 0.8921
vn 0.0003 -0.4535 0.8913
vn -0.0000 -0.4566 0.8897
vn 0.0010 -0.4585 0.8887
vn -0.0000 -0.4619 0.8869
vn -0.0000 -0.4631 0.8863
vn -0.0000 -0.4637 0.8860
vn -0.0000 -0.4655 0.8851
vn -0.0001 -0.4679 0.8838
vn -0.0000 -0.4666 0.8845
vn -0.0000 -0.4674 0.8840
vn 0.0001 -0.5868 0.8097
vn -0.0000 -0.5929 0.8053
vn -0.0000 -0.5981 0.8014
vn -0.0003 -0.6024 0.7982
vn -0.0000 -0.5381 0.8429
vn -0.0000 -0.6054 0.7959
vn -0.0000 -0.6081 0.7939
vn -0.0000 -0.3810 0.9246
vn -0.0000 -0.3830 0.9237
vn -0.0001 -0.3852 0.9228
vn -0.0001 -0.3913 0.9203
vn -0.0017 -0.3894 0.9211
vn -0.0002 -0.3984 0.9172
vn -0.0000 -0.3322 0.9432
vn -0.0002 -0.3329 0.9429
vn -0.0000 -0.3309 0.9437
vn -0.0002 -0.4099 0.9121
vn -0.0000 -0.4056 0.9140
vn 0.0006 -0.4149 0.9099
vn -0.0003 -0.4469 0.8946
vn -0.0000 -0.4432 0.8964
vn -0.0073 -0.4470 0.8945
vn -0.0000 -0.4391 0.8984
vn 0.0004 -0.4313 0.9022
vn -0.0001 -0.4227 0.9063
vn -0.0067 -0.3145 0.9492
vn -0.0000 -0.3093 0.9510
vn 0.0004 -0.3044 0.9526
vn -0.0000 -0.3209 0.9471
vn -0.0001 -0.3243 0.9460
vn 0.0004 -0.3295 0.9442
vn -0.0000 -0.4932 0.8699
vn -0.0001 -0.4639 0.8859
vn -0.0000 -0.4596 0.8881
vn -0.0002 -0.4648 0.8854
vn 0.0004 -0.4646 0.8855
vn -0.0000 -0.4568 0.8896
vn -0.0000 -0.4665 0.8845
vn -0.0003 -0.4535 0.8913
vn -0.0000 -0.4550 0.8905
vn -0.0027 -0.4628 0.8864
vn -0.0006 -0.5385 0.8426
vn -0.0002 -0.5601 0.8284
vn -0.0001 -0.5736 0.8192
vn -0.0000 -0.5409 0.8411
vn 0.0002 -0.6056 0.7958
vn -0.0000 -0.6056 0.7958
vn 0.0003 -0.6023 0.7983
vn -0.0000 -0.5978 0.8016
vn -0.0000 -0.5485 0.8361
vn -0.0000 -0.5869 0.8097
vn -0.0010 -0.5804 0.8143
vn 0.0001 -0.6010 0.7992
vn -0.0000 -0.6427 0.7661
vn -0.0000 -0.6395 0.7688
vn -0.0000 -0.6380 0.7700
vn 0.0003 -0.6243 0.7812
vn 0.0001 -0.6306 0.7761
vn -0.0000 -0.6357 0.7719
vn -0.0000 0.7660 0.6428
vn -0.0000 0.7659 0.6429
vn -0.0000 0.7662 0.6426
vn -0.0000 0.5639 -0.8258
vn -0.0004 0.5758 -0.8176
vn -0.0001 0.5639 -0.8259
vn -0.0003 0.5749 -0.8182
vn -0.0000 0.5512 -0.8344
vn -0.0000 0.5580 -0.8298
vn 0.0001 0.5521 -0.8338
vn -0.0000 0.5578 -0.8300
vn -0.0000 0.5574 -0.8302
vn -0.0000 0.5551 -0.8318
vn 0.0001 0.5522 -0.8337
vn 0.0017 0.5858 -0.8105
vn -0.0003 0.5927 -0.8054
vn -0.0000 0.5870 -0.8096
vn -0.0002 0.5926 -0.8055
vn 0.0005 0.5985 -0.8011
vn -0.0002 0.5957 -0.8032
vn -0.0000 0.5927 -0.8054
vn -0.0002 0.5987 -0.8010
vn -0.0000 0.5985 -0.8011
vn -0.0000 0.5896 -0.8077
vn -0.0000 0.5873 -0.8094
vn -0.0002 0.5806 -0.8142
vn -0.0006 0.5875 -0.8092
vn -0.0000 0.5922 -0.8058
vn -0.0002 0.5898 -0.8076
vn 0.0004 0.5924 -0.8056
vn 0.0011 0.5918 -0.8061
vn -0.0013 0.5863 -0.8101
vn -0.0000 0.5941 -0.8044
vn -0.0000 0.5956 -0.8033
vn -0.0000 0.5968 -0.8024
vn -0.0000 0.5988 -0.8009
vn -0.0030 0.5968 -0.8024
vn -0.0013 0.5967 -0.8024
vn 0.0080 0.5920 -0.8059
vn 0.0018 0.5972 -0.8021
vn -0.0000 0.5963 -0.8028
vn -0.0000 0.5955 -0.8033
vn 0.0013 0.5945 -0.8041
vn -0.0000 0.5952 -0.8036
vn -0.0000 0.5940 -0.8045
vn -0.0065 0.5992 -0.8006
vn 0.0052 0.5976 -0.8018
vn -0.0000 0.5957 -0.8032
vn -0.0030 0.6131 -0.7900
vn -0.0009 0.5916 -0.8062
vn -0.0000 0.5959 -0.8030
vn -0.0000 0.5959 -0.8031
vn -0.0008 0.5839 -0.8118
vn -0.0000 0.5960 -0.8030
vn -0.0047 0.5551 -0.8318
vn -0.0004 0.5551 -0.8318
vn 0.0024 0.5533 -0.8330
vn 0.0004 0.5537 -0.8327
vn 0.0001 0.5524 -0.8336
vn -0.0000 0.5522 -0.8337
vn -0.0000 0.6159 -0.7878
vn -0.0001 0.6209 -0.7839
vn 0.0004 0.6156 -0.7881
vn -0.0000 0.6100 -0.7924
vn 0.0007 0.6101 -0.7923
vn -0.0000 0.6153 -0.7883
vn -0.0000 0.6207 -0.7840
vn 0.0001 0.6043 -0.7967
vn -0.0002 0.6043 -0.7968
vn 0.0018 0.6029 -0.7978
vn -0.0000 0.6016 -0.7988
vn -0.0000 0.6264 -0.7795
vn -0.0007 0.6319 -0.7750
vn -0.0000 0.6261 -0.7797
vn 0.0006 0.6368 -0.7710
vn 0.0003 0.6401 -0.7683
vn -0.0000 0.6367 -0.7711
vn -0.0000 0.6319 -0.7750
vn 0.0001 0.6320 -0.7750
vn 0.0002 0.6264 -0.7795
vn 0.0001 0.6207 -0.7840
vn -0.0000 0.6234 -0.7819
vn -0.0000 0.6208 -0.7840
vn -0.0000 0.6301 -0.7765
vn -0.0000 0.6319 -0.7751
vn -0.0001 0.6263 -0.7796
vn 0.0003 0.6292 -0.7772
vn -0.0009 0.6299 -0.7767
vn 0.0002 0.6327 -0.7744
vn -0.0000 0.6280 -0.7782
vn -0.0000 0.6263 -0.7796
vn 0.0009 0.6201 -0.7845
vn -0.0003 0.6235 -0.7818
vn -0.0000 0.6247 -0.7808
vn -0.0000 0.6236 -0.7817
vn 0.0012 0.6208 -0.7840
vn 0.0009 0.6367 -0.7711
vn -0.0000 0.6345 -0.7729
vn 0.0001 0.6321 -0.7749
vn -0.0000 0.6375 -0.7705
vn -0.0028 0.6335 -0.7737
vn -0.0003 0.6345 -0.7729
vn -0.0001 0.6339 -0.7734
vn -0.0000 0.6323 -0.7747
vn -0.0018 0.6259 -0.7799
vn -0.0000 0.6247 -0.7809
vn 0.0002 0.6258 -0.7800
vn -0.0000 0.6250 -0.7806
vn -0.0003 0.6236 -0.7817
vn 0.0002 0.6267 -0.7793
vn -0.0078 0.6323 -0.7747
vn -0.0003 0.6279 -0.7783
vn 0.0035 0.6255 -0.7802
vn 0.0004 0.6298 -0.7768
vn -0.0000 0.6271 -0.7790
vn -0.0000 0.6305 -0.7762
vn -0.0012 0.6281 -0.7782
vn 0.0056 0.6260 -0.7798
vn 0.0006 0.6306 -0.7761
vn -0.0019 0.6316 -0.7753
vn -0.0000 0.6293 -0.7772
vn -0.0001 0.6293 -0.7772
vn -0.0000 0.6267 -0.7792
vn -0.0086 0.6195 -0.7849
vn -0.0000 0.6271 -0.7789
vn -0.0000 0.6275 -0.7786
vn -0.0000 0.6272 -0.7789
vn 0.0023 0.6258 -0.7800
vn -0.0000 0.6278 -0.7783
vn 0.0048 0.6263 -0.7796
vn 0.0028 0.6271 -0.7789
vn -0.0000 0.6268 -0.7792
vn -0.0000 0.6265 -0.7794
vn -0.0141 0.6383 -0.7697
vn -0.0001 0.6281 -0.7781
vn -0.0000 0.6281 -0.7781
vn -0.0000 0.6279 -0.7783
vn 0.0001 0.6284 -0.7779
vn -0.0000 0.6278 -0.7784
vn -0.0073 0.6343 -0.7730
vn 0.0091 0.6269 -0.7790
vn -0.0071 0.6378 -0.7701
vn -0.0000 0.6270 -0.7790
vn -0.0004 0.6262 -0.7797
vn 0.0168 0.6035 -0.7972
vn 0.0085 0.6294 -0.7770
vn -0.0000 0.6269 -0.7791
vn -0.0691 0.6777 -0.7321
vn -0.0000 0.6273 -0.7787
vn -0.0000 0.6274 -0.7787
vn 0.0093 0.6413 -0.7672
vn 0.0218 0.6048 -0.7961
vn -0.0010 0.6008 -0.7994
vn 0.0018 0.6025 -0.7981
vn -0.0037 0.6018 -0.7986
vn -0.0023 0.6025 -0.7981
vn 0.0003 0.6154 -0.7882
vn -0.0068 0.6037 -0.7972
vn -0.0000 0.6013 -0.7990
vn 0.0001 0.5998 -0.8001
vn -0.0000 0.5986 -0.8011
vn -0.0000 0.5984 -0.8012
vn -0.0000 0.6041 -0.7969
vn -0.0000 0.6098 -0.7925
vn -0.0000 0.6097 -0.7926
vn -0.0001 0.5987 -0.8010
vn -0.0001 0.6017 -0.7988
vn -0.0053 0.6054 -0.7959
vn -0.0000 0.5983 -0.8012
vn 0.0002 0.5993 -0.8005
vn -0.0000 0.6273 -0.7788
vn 0.0430 0.6016 -0.7976
vn -0.0300 0.6440 -0.7644
vn -0.0447 0.5914 -0.8051
vn 0.0107 0.6239 -0.7814
vn -0.0012 0.6282 -0.7780
vn -0.0000 0.6285 -0.7778
vn 0.0001 0.6281 -0.7781
vn 0.0059 0.6247 -0.7808
vn 0.0194 0.6427 -0.7659
vn -0.0001 0.6277 -0.7784
vn -0.0000 0.6291 -0.7773
vn -0.0012 0.6278 -0.7783
vn -0.0049 0.6289 -0.7774
vn -0.0001 0.6305 -0.7762
vn -0.0000 0.6307 -0.7761
vn -0.0000 0.6320 -0.7750
vn -0.0024 0.6342 -0.7732
vn -0.0004 0.6294 -0.7771
vn -0.0001 0.6321 -0.7749
vn -0.0029 0.6342 -0.7732
vn -0.0000 0.6293 -0.7771
vn 0.0003 0.6279 -0.7783
vn -0.0001 0.6262 -0.7796
vn 0.0003 0.6346 -0.7729
vn -0.0000 0.6343 -0.7731
vn 0.0001 0.6374 -0.7705
vn 0.0009 0.6340 -0.7733
vn -0.0002 0.6327 -0.7744
vn -0.0000 0.6372 -0.7707
vn -0.0003 0.6375 -0.7705
vn -0.0001 0.6320 -0.7750
vn -0.0002 0.6235 -0.7818
vn -0.0002 0.6257 -0.7801
vn -0.0001 0.6206 -0.7841
vn -0.0000 0.6262 -0.7797
vn -0.0000 0.6209 -0.7839
vn -0.0000 0.6292 -0.7772
vn 0.0020 0.6198 -0.7848
vn 0.0001 0.6264 -0.7795
vn 0.0002 0.6207 -0.7840
vn 0.0005 0.6321 -0.7749
vn 0.0001 0.6373 -0.7706
vn -0.0000 0.6235 -0.7818
vn -0.0000 0.6211 -0.7838
vn 0.0002 0.6273 -0.7788
vn 0.0003 0.6208 -0.7840
vn -0.0004 0.6236 -0.7817
vn 0.0002 0.6043 -0.7968
vn 0.0002 0.5987 -0.8010
vn -0.0001 0.6043 -0.7967
vn -0.0013 0.6112 -0.7915
vn -0.0005 0.5985 -0.8011
vn 0.0001 0.6159 -0.7878
vn 0.0003 0.6100 -0.7924
vn -0.0003 0.6098 -0.7925
vn -0.0000 0.6182 -0.7860
vn -0.0000 0.6151 -0.7884
vn 0.0003 0.6136 -0.7896
vn 0.0001 0.6178 -0.7863
vn -0.0004 0.5530 -0.8332
vn 0.0001 0.5530 -0.8331
vn -0.0000 0.5528 -0.8333
vn -0.0005 0.5518 -0.8340
vn 0.0001 0.5547 -0.8321
vn -0.0000 0.5521 -0.8338
vn -0.0000 0.5546 -0.8321
vn -0.0010 0.5545 -0.8322
vn 0.0033 0.5524 -0.8336
vn -0.0066 0.5562 -0.8310
vn -0.0002 0.5571 -0.8304
vn -0.0032 0.5524 -0.8336
vn 0.0013 0.5542 -0.8324
vn -0.0001 0.5522 -0.8337
vn 0.0104 0.5914 -0.8063
vn 0.0001 0.5978 -0.8017
vn 0.0097 0.5912 -0.8065
vn -0.0000 0.5971 -0.8022
vn -0.0000 0.5961 -0.8029
vn 0.0001 0.5963 -0.8028
vn 0.0001 0.5960 -0.8030
vn 0.0115 0.5887 -0.8083
vn -0.0000 0.5962 -0.8028
vn 0.0049 0.5925 -0.8055
vn 0.0047 0.5927 -0.8054
vn 0.0001 0.5968 -0.8024
vn 0.0001 0.5965 -0.8026
vn 0.0029 0.5919 -0.8060
vn -0.0000 0.5970 -0.8023
vn -0.0000 0.6457 -0.7636
vn -0.0000 0.5964 -0.8027
vn -0.0035 0.5971 -0.8022
vn -0.0002 0.5949 -0.8038
vn -0.0086 0.5991 -0.8006
vn -0.0000 0.5918 -0.8061
vn 0.0001 0.5926 -0.8055
vn 0.0007 0.5941 -0.8044
vn -0.0045 0.5968 -0.8024
vn 0.0011 0.5921 -0.8059
vn -0.0000 0.5969 -0.8023
vn 0.0043 0.5944 -0.8042
vn 0.0007 0.5958 -0.8031
vn -0.0001 0.5956 -0.8033
vn -0.0000 0.5877 -0.8091
vn -0.0000 0.5899 -0.8075
vn -0.0007 0.5896 -0.8077
vn 0.0003 0.5806 -0.8142
vn -0.0000 0.5755 -0.8178
vn -0.0001 0.5869 -0.8096
vn 0.0002 0.5749 -0.8182
vn 0.0002 0.5926 -0.8055
vn -0.0006 0.5912 -0.8065
vn 0.0005 0.5574 -0.8302
vn -0.0000 0.5639 -0.8259
vn -0.0048 0.5538 -0.8327
vn -0.0021 0.5658 -0.8245
vn -0.0016 0.5492 -0.8357
vn -0.0059 0.5740 -0.8189
vn 0.0031 0.4767 -0.8791
vn -0.0000 0.4913 -0.8710
vn -0.0000 0.4788 -0.8779
vn -0.0000 0.5036 -0.8640
vn -0.0000 0.4909 -0.8712
vn -0.0000 0.5035 -0.8640
vn -0.0000 0.5037 -0.8639
vn -0.0000 0.5036 -0.8639
vn 0.0030 0.4767 -0.8791
vn 0.0001 0.5219 -0.8530
vn -0.0000 0.5159 -0.8566
vn 0.0001 0.5162 -0.8565
vn 0.0002 0.5280 -0.8493
vn -0.0000 0.5281 -0.8492
vn -0.0000 0.5103 -0.8600
vn 0.0004 0.5395 -0.8420
vn 0.0002 0.5461 -0.8377
vn -0.0000 0.5400 -0.8416
vn 0.0002 0.5465 -0.8375
vn 0.0001 0.5490 -0.8358
vn 0.0002 0.5468 -0.8373
vn -0.0000 0.5433 -0.8395
vn -0.0000 0.5400 -0.8417
vn 0.0001 0.5335 -0.8458
vn 0.0010 0.5273 -0.8497
vn -0.0000 0.5394 -0.8421
vn -0.0004 0.5337 -0.8456
vn -0.0001 0.5400 -0.8417
vn 0.0003 0.5436 -0.8393
vn -0.0000 0.5457 -0.8380
vn -0.0002 0.5433 -0.8396
vn -0.0000 0.5460 -0.8378
vn 0.0020 0.5445 -0.8388
vn -0.0000 0.5474 -0.8369
vn -0.0000 0.5490 -0.8358
vn -0.0000 0.5504 -0.8349
vn 0.0021 0.5470 -0.8372
vn -0.0003 0.5506 -0.8348
vn -0.0000 0.5513 -0.8343
vn -0.0000 0.5506 -0.8348
vn -0.0000 0.5499 -0.8352
vn -0.0000 0.5491 -0.8358
vn -0.0004 0.5471 -0.8371
vn -0.0000 0.5485 -0.8362
vn -0.0000 0.5475 -0.8368
vn -0.0000 0.5461 -0.8377
vn -0.0000 0.5476 -0.8367
vn 0.0010 0.5488 -0.8360
vn -0.0000 0.5495 -0.8355
vn -0.0006 0.5484 -0.8362
vn -0.0000 0.5500 -0.8352
vn -0.0000 0.5503 -0.8350
vn -0.0000 0.5500 -0.8351
vn -0.0000 0.5497 -0.8354
vn -0.0000 0.5501 -0.8351
vn -0.0000 0.5507 -0.8347
vn -0.0001 0.5501 -0.8351
vn -0.0001 0.5500 -0.8351
vn -0.0000 0.5505 -0.8348
vn 0.0001 0.5507 -0.8347
vn -0.0023 0.5546 -0.8321
vn 0.0032 0.5485 -0.8361
vn 0.0015 0.5485 -0.8362
vn -0.0023 0.5489 -0.8359
vn -0.0000 0.5510 -0.8345
vn -0.0000 0.5514 -0.8342
vn -0.0000 0.5509 -0.8346
vn 0.0118 0.5443 -0.8388
vn -0.0000 0.5162 -0.8565
vn -0.0000 0.5132 -0.8583
vn -0.0000 0.5150 -0.8572
vn -0.0016 0.5175 -0.8557
vn -0.0000 0.5191 -0.8547
vn -0.0000 0.5227 -0.8525
vn 0.0009 0.5191 -0.8547
vn -0.0055 0.5225 -0.8526
vn -0.0013 0.5231 -0.8523
vn -0.0000 0.5175 -0.8557
vn -0.0005 0.5146 -0.8574
vn 0.0012 0.5176 -0.8556
vn -0.0000 0.5183 -0.8552
vn -0.0000 0.5174 -0.8557
vn 0.0010 0.5281 -0.8492
vn -0.0000 0.5190 -0.8548
vn -0.0000 0.5165 -0.8563
vn -0.0000 0.5166 -0.8563
vn -0.0008 0.5163 -0.8564
vn -0.0008 0.5170 -0.8560
vn -0.0000 0.5170 -0.8560
vn -0.0000 0.5166 -0.8562
vn -0.0019 0.5034 -0.8640
vn 0.0025 0.5188 -0.8549
vn -0.0000 0.5178 -0.8555
vn -0.0000 0.5182 -0.8553
vn -0.0000 0.5173 -0.8558
vn -0.0000 0.5179 -0.8554
vn -0.0002 0.5159 -0.8566
vn 0.0001 0.5167 -0.8562
vn 0.0152 0.5299 -0.8479
vn -0.0146 0.5262 -0.8502
vn -0.0090 0.5163 -0.8564
vn -0.0000 0.5171 -0.8559
vn -0.0000 0.5140 -0.8578
vn 0.0024 0.5150 -0.8572
vn -0.0023 0.5144 -0.8575
vn -0.0000 0.5135 -0.8581
vn 0.0002 0.5134 -0.8581
vn -0.0024 0.5144 -0.8576
vn 0.0001 0.5129 -0.8584
vn 0.0001 0.5102 -0.8601
vn -0.0000 0.5129 -0.8585
vn -0.0000 0.5098 -0.8603
vn -0.0001 0.5102 -0.8601
vn -0.0000 0.5144 -0.8576
vn -0.0000 0.5129 -0.8584
vn -0.0028 0.5143 -0.8576
vn -0.0008 0.5156 -0.8568
vn -0.0000 0.5130 -0.8584
vn 0.0009 0.5135 -0.8581
vn 0.0001 0.5158 -0.8567
vn -0.0000 0.5141 -0.8577
vn -0.0000 0.5160 -0.8566
vn -0.0000 0.5167 -0.8562
vn -0.0152 0.5299 -0.8479
vn -0.0000 0.5172 -0.8559
vn -0.0325 0.4889 -0.8718
vn -0.0000 0.5176 -0.8556
vn 0.0318 0.4971 -0.8671
vn 0.0327 0.4890 -0.8717
vn -0.0108 0.5234 -0.8520
vn 0.0319 0.4966 -0.8674
vn 0.0004 0.5183 -0.8552
vn 0.0063 0.5366 -0.8438
vn -0.0002 0.5177 -0.8556
vn -0.0002 0.5176 -0.8556
vn 0.0017 0.5179 -0.8554
vn -0.0136 0.5264 -0.8501
vn 0.0090 0.5103 -0.8600
vn -0.0001 0.5173 -0.8558
vn -0.0000 0.5182 -0.8552
vn 0.0086 0.5125 -0.8586
vn 0.0012 0.5185 -0.8551
vn -0.0032 0.5194 -0.8545
vn -0.0083 0.5243 -0.8515
vn -0.0000 0.5147 -0.8574
vn 0.0003 0.5166 -0.8562
vn -0.0001 0.5191 -0.8547
vn -0.0119 0.5284 -0.8489
vn -0.0044 0.5203 -0.8540
vn -0.0057 0.5239 -0.8518
vn -0.0000 0.5158 -0.8567
vn -0.0000 0.5220 -0.8529
vn -0.0027 0.5208 -0.8537
vn -0.0008 0.5232 -0.8522
vn -0.0013 0.5171 -0.8559
vn -0.0000 0.5231 -0.8523
vn -0.0001 0.5160 -0.8566
vn 0.0019 0.5022 -0.8647
vn 0.0022 0.5023 -0.8647
vn -0.0485 0.5801 -0.8131
vn -0.0000 0.5508 -0.8346
vn -0.0001 0.5508 -0.8347
vn -0.0000 0.5511 -0.8344
vn 0.0031 0.6290 -0.7774
vn -0.0000 0.5506 -0.8347
vn 0.0001 0.5519 -0.8339
vn -0.0001 0.5517 -0.8340
vn 0.0091 0.5446 -0.8386
vn -0.0000 0.5502 -0.8350
vn 0.0016 0.5488 -0.8360
vn -0.0011 0.5495 -0.8355
vn -0.0000 0.5499 -0.8353
vn 0.0022 0.5474 -0.8368
vn -0.0000 0.5492 -0.8357
vn 0.0020 0.5450 -0.8384
vn 0.0001 0.5476 -0.8367
vn -0.0004 0.5462 -0.8377
vn 0.0001 0.5493 -0.8356
vn -0.0003 0.5461 -0.8377
vn 0.0006 0.5504 -0.8349
vn -0.0001 0.5500 -0.8352
vn 0.0002 0.5439 -0.8391
vn -0.0000 0.5406 -0.8413
vn 0.0001 0.5401 -0.8416
vn -0.0001 0.5335 -0.8458
vn 0.0003 0.5338 -0.8456
vn -0.0003 0.5278 -0.8494
vn -0.0003 0.5395 -0.8420
vn -0.0002 0.5280 -0.8493
vn -0.0001 0.5464 -0.8375
vn -0.0019 0.5452 -0.8383
vn -0.0003 0.5159 -0.8566
vn -0.0001 0.4912 -0.8710
vn 0.0015 0.4760 -0.8795
vn -0.0000 0.6364 -0.7713
vn -0.0000 0.6400 -0.7684
vn -0.0000 0.6428 -0.7660
vn -0.0000 0.6318 -0.7751
vn -0.0001 0.6361 -0.7716
vn 0.0005 0.6267 -0.7792
vn -0.0000 0.6226 -0.7826
vn -0.0000 0.6197 -0.7848
vn -0.0000 0.6228 -0.7824
vn -0.0000 0.6282 -0.7781
vn -0.0001 0.6273 -0.7788
vn -0.0000 0.6303 -0.7764
vn -0.0000 0.6289 -0.7775
vn -0.0000 0.6313 -0.7755
vn -0.0001 0.6269 -0.7791
vn -0.0000 0.6051 -0.7961
vn 0.0001 0.6047 -0.7965
vn -0.0000 0.6148 -0.7887
vn -0.0000 0.5979 -0.8016
vn -0.0000 0.6000 -0.8000
vn 0.0002 0.5965 -0.8026
vn -0.0002 0.5961 -0.8029
vn 0.0001 0.5736 -0.8191
vn -0.0001 0.6374 -0.7705
vn -0.0001 0.6267 -0.7793
vn 0.0001 0.6261 -0.7798
vn -0.0000 0.6395 -0.7688
vn -0.0000 0.6425 -0.7663
vn -0.0002 0.6401 -0.7683
vn -0.0000 0.6384 -0.7697
vn -0.0000 0.6365 -0.7713
vn -0.0000 0.6260 -0.7798
vn -0.0000 0.6252 -0.7804
vn -0.0000 0.6227 -0.7825
vn -0.0000 0.6147 -0.7888
vn 0.0001 0.5957 -0.8032
vn -0.0005 0.6054 -0.7959
vn 0.0008 0.5937 -0.8047
vn -0.0002 0.5944 -0.8042
vn -0.0000 0.5951 -0.8037
vn 0.0520 0.5909 -0.8051
vn -0.0000 0.5933 -0.8050
vn -0.0000 0.6197 -0.7849
vn 0.0001 0.5904 -0.8071
vn -0.0000 0.5848 -0.8112
vn -0.0000 0.5315 -0.8471
vn -0.0000 0.5624 -0.8269
vn -0.0000 0.5565 -0.8308
vn -0.0000 0.5418 -0.8405
vn -0.0000 0.5309 -0.8474
vn -0.0001 0.5536 -0.8328
vn -0.0001 0.5521 -0.8338
vn -0.0000 0.5515 -0.8342
vn 0.0001 0.5509 -0.8346
vn -0.0000 0.5222 -0.8528
vn -0.0000 0.5195 -0.8545
vn -0.0000 0.5184 -0.8551
vn -0.0000 0.4536 -0.8912
vn -0.0000 0.5180 -0.8554
vn 0.0002 0.5185 -0.8551
vn -0.0000 0.5177 -0.8556
vn 0.0001 0.5179 -0.8554
vn 0.0001 0.5177 -0.8556
vn -0.0000 0.5127 -0.8586
vn 0.0349 0.5711 -0.8201
vn -0.0000 0.5735 -0.8192
vn -0.0001 0.5504 -0.8349
vn -0.0013 0.5530 -0.8332
vn 0.0001 0.5503 -0.8350
vn -0.0213 0.5554 -0.8313
vn -0.0084 0.5555 -0.8315
vn -0.0000 0.5487 -0.8360
vn -0.0000 0.5465 -0.8374
vn -0.0000 0.5496 -0.8354
vn 0.0001 0.5314 -0.8471
vn 0.0001 0.5580 -0.8298
vn 0.0017 0.4498 -0.8931
vn 0.0001 0.5170 -0.8560
vn 0.0113 0.5105 -0.8598
vn -0.0000 0.5154 -0.8570
vn -0.0000 0.5309 -0.8475
vn 0.0101 0.5282 -0.8491
vn 0.0009 0.5247 -0.8513
vn 0.0001 -0.5343 -0.8453
vn -0.0000 -0.5403 -0.8415
vn 0.0001 -0.5406 -0.8413
vn 0.0003 -0.5280 -0.8493
vn -0.0000 -0.5400 -0.8417
vn -0.0000 -0.5278 -0.8493
vn 0.0012 -0.5529 -0.8333
vn -0.0000 -0.5462 -0.8377
vn -0.0000 -0.5522 -0.8337
vn 0.0002 -0.5468 -0.8373
vn -0.0014 -0.5453 -0.8382
vn -0.0000 -0.5492 -0.8357
vn 0.0001 -0.5522 -0.8337
vn -0.0000 -0.5095 -0.8605
vn -0.0000 -0.5160 -0.8566
vn 0.0001 -0.5166 -0.8562
vn -0.0000 -0.5037 -0.8639
vn -0.0000 -0.5035 -0.8640
vn 0.0002 -0.5220 -0.8529
vn -0.0012 -0.5275 -0.8496
vn -0.0000 -0.5199 -0.8542
vn -0.0018 -0.5236 -0.8519
vn 0.0022 -0.5240 -0.8517
vn -0.0000 -0.5172 -0.8558
vn -0.0001 -0.5144 -0.8575
vn 0.0029 -0.5236 -0.8520
vn -0.0019 -0.5020 -0.8648
vn -0.0000 -0.5135 -0.8581
vn -0.0000 -0.5161 -0.8565
vn -0.0000 -0.5166 -0.8562
vn -0.0000 -0.5129 -0.8585
vn -0.0000 -0.5099 -0.8602
vn -0.0000 -0.5130 -0.8584
vn -0.0000 -0.5166 -0.8563
vn -0.0000 -0.5157 -0.8567
vn -0.0006 -0.5137 -0.8580
vn -0.0005 -0.5163 -0.8564
vn -0.0018 -0.5020 -0.8648
vn -0.0000 -0.5032 -0.8641
vn 0.0003 -0.5094 -0.8606
vn -0.0000 -0.5036 -0.8639
vn -0.0001 -0.5155 -0.8569
vn -0.0039 -0.5092 -0.8606
vn 0.0024 -0.5150 -0.8572
vn -0.0016 -0.5155 -0.8569
vn 0.0005 -0.5193 -0.8546
vn -0.0000 -0.5162 -0.8565
vn -0.0000 -0.5175 -0.8557
vn -0.0000 -0.5182 -0.8552
vn 0.0002 -0.5188 -0.8549
vn -0.0041 -0.5168 -0.8561
vn -0.0000 -0.5179 -0.8554
vn 0.0138 -0.5064 -0.8622
vn -0.0099 -0.5141 -0.8576
vn 0.0026 -0.5176 -0.8556
vn -0.0000 -0.5177 -0.8556
vn -0.0000 -0.5178 -0.8555
vn -0.0034 -0.5166 -0.8562
vn 0.0049 -0.5240 -0.8517
vn -0.0003 -0.5166 -0.8562
vn 0.0109 -0.5236 -0.8519
vn -0.0000 -0.5171 -0.8559
vn -0.0000 -0.5173 -0.8558
vn -0.0000 -0.5176 -0.8556
vn 0.0114 -0.5263 -0.8502
vn -0.0262 -0.5095 -0.8601
vn -0.0000 -0.5167 -0.8562
vn -0.0307 -0.4861 -0.8734
vn -0.0097 -0.5029 -0.8643
vn -0.0039 -0.5197 -0.8543
vn 0.0002 -0.5178 -0.8555
vn 0.0471 -0.5585 -0.8282
vn -0.0019 -0.5185 -0.8551
vn -0.0000 -0.5507 -0.8347
vn -0.0000 -0.5493 -0.8356
vn -0.0000 -0.5476 -0.8367
vn 0.0001 -0.5489 -0.8359
vn -0.0000 -0.5490 -0.8358
vn 0.0004 -0.5456 -0.8381
vn -0.0000 -0.5460 -0.8378
vn -0.0017 -0.5502 -0.8350
vn -0.0013 -0.5512 -0.8344
vn -0.0000 -0.5499 -0.8352
vn -0.0000 -0.5506 -0.8348
vn 0.0001 -0.5514 -0.8343
vn -0.0001 -0.5522 -0.8337
vn -0.0003 -0.5429 -0.8398
vn -0.0001 -0.5400 -0.8416
vn -0.0000 -0.5517 -0.8340
vn -0.0000 -0.5523 -0.8336
vn -0.0000 -0.5513 -0.8343
vn -0.0000 -0.5510 -0.8345
vn -0.0000 -0.5515 -0.8342
vn -0.0000 -0.5512 -0.8344
vn -0.0000 -0.5508 -0.8346
vn -0.0423 -0.4959 -0.8674
vn -0.0004 -0.5521 -0.8337
vn -0.0000 -0.5503 -0.8350
vn -0.0000 -0.5498 -0.8353
vn -0.0086 -0.5534 -0.8329
vn -0.0044 -0.5533 -0.8330
vn -0.0004 -0.5344 -0.8452
vn -0.0000 -0.4913 -0.8710
vn -0.0000 -0.4916 -0.8708
vn 0.0001 -0.4787 -0.8780
vn -0.0037 -0.4755 -0.8797
vn -0.0014 -0.4910 -0.8712
vn -0.0001 -0.5343 -0.8453
vn -0.0000 -0.5282 -0.8491
vn 0.0002 -0.5343 -0.8453
vn -0.0000 -0.5401 -0.8416
vn -0.0000 -0.5402 -0.8416
vn -0.0000 -0.5475 -0.8368
vn -0.0001 -0.5477 -0.8367
vn -0.0000 -0.5480 -0.8365
vn 0.0033 -0.5507 -0.8347
vn -0.0000 -0.5484 -0.8362
vn 0.0035 -0.5506 -0.8348
vn -0.0072 -0.5439 -0.8391
vn -0.0000 -0.5491 -0.8358
vn -0.0001 -0.5505 -0.8348
vn -0.0000 -0.5504 -0.8349
vn 0.0001 -0.5506 -0.8348
vn -0.0000 -0.5503 -0.8349
vn -0.0000 -0.5505 -0.8349
vn 0.0498 -0.5798 -0.8132
vn -0.0000 -0.5501 -0.8351
vn -0.0003 -0.5500 -0.8352
vn -0.0000 -0.5500 -0.8352
vn 0.0512 -0.5913 -0.8048
vn -0.0082 -0.5443 -0.8389
vn 0.0001 -0.5496 -0.8354
vn -0.0237 -0.5358 -0.8440
vn -0.0001 -0.5509 -0.8346
vn -0.0101 -0.5448 -0.8385
vn 0.0072 -0.5560 -0.8311
vn -0.0000 -0.5514 -0.8342
vn -0.0006 -0.5518 -0.8340
vn 0.0026 -0.5540 -0.8325
vn -0.0000 -0.5521 -0.8338
vn 0.0002 -0.5430 -0.8398
vn -0.0000 -0.5430 -0.8397
vn -0.0000 -0.5461 -0.8377
vn -0.0002 -0.5468 -0.8373
vn -0.0005 -0.5521 -0.8338
vn 0.0045 -0.5536 -0.8328
vn 0.0006 -0.5522 -0.8337
vn 0.0004 -0.5471 -0.8371
vn -0.0005 -0.5470 -0.8371
vn -0.0019 -0.5494 -0.8356
vn -0.0001 -0.5494 -0.8355
vn -0.0000 -0.5180 -0.8554
vn -0.0004 -0.5163 -0.8564
vn -0.0000 -0.5168 -0.8561
vn -0.0000 -0.5172 -0.8559
vn -0.0317 -0.4968 -0.8673
vn -0.0000 -0.5174 -0.8557
vn 0.0324 -0.4888 -0.8718
vn -0.0097 -0.5128 -0.8585
vn 0.0008 -0.5170 -0.8560
vn -0.0078 -0.5125 -0.8586
vn -0.0000 -0.5183 -0.8552
vn -0.0020 -0.5171 -0.8559
vn 0.0020 -0.5204 -0.8539
vn -0.0000 -0.5190 -0.8548
vn -0.0008 -0.5188 -0.8549
vn -0.0000 -0.5159 -0.8566
vn 0.0009 -0.5166 -0.8562
vn -0.0010 -0.5168 -0.8561
vn 0.0008 -0.5197 -0.8544
vn -0.0000 -0.5097 -0.8604
vn -0.0000 -0.5129 -0.8584
vn -0.0014 -0.5136 -0.8580
vn -0.0000 -0.5145 -0.8575
vn -0.0000 -0.5139 -0.8578
vn -0.0008 -0.5137 -0.8580
vn 0.0023 -0.5150 -0.8572
vn -0.0024 -0.5150 -0.8572
vn 0.0014 -0.5150 -0.8572
vn -0.0001 -0.5166 -0.8562
vn 0.0026 -0.5234 -0.8521
vn -0.0000 -0.5220 -0.8529
vn -0.0001 -0.5194 -0.8546
vn 0.0009 -0.5197 -0.8543
vn 0.0016 -0.5232 -0.8522
vn -0.0002 -0.5220 -0.8529
vn 0.0003 -0.5279 -0.8493
vn -0.0003 -0.5280 -0.8493
vn -0.0003 -0.5469 -0.8372
vn -0.0002 -0.5526 -0.8334
vn -0.0005 -0.5392 -0.8422
vn -0.0001 -0.5486 -0.8361
vn -0.0011 -0.5560 -0.8312
vn -0.0004 -0.5389 -0.8424
vn -0.0000 -0.6226 -0.7825
vn -0.0003 -0.6208 -0.7840
vn 0.0001 -0.6225 -0.7826
vn 0.0013 -0.6271 -0.7789
vn -0.0000 -0.6265 -0.7794
vn -0.0002 -0.6205 -0.7842
vn -0.0000 -0.6205 -0.7842
vn -0.0001 -0.6264 -0.7795
vn 0.0013 -0.6329 -0.7742
vn 0.0001 -0.6320 -0.7750
vn 0.0001 -0.6263 -0.7796
vn -0.0000 -0.6184 -0.7858
vn -0.0000 -0.6153 -0.7883
vn -0.0003 -0.6183 -0.7860
vn 0.0002 -0.6156 -0.7881
vn 0.0001 -0.6095 -0.7928
vn -0.0000 -0.6143 -0.7891
vn 0.0002 -0.6102 -0.7923
vn -0.0000 -0.6044 -0.7967
vn -0.0000 -0.6092 -0.7930
vn 0.0001 -0.6044 -0.7967
vn 0.0001 -0.5984 -0.8012
vn -0.0000 -0.6013 -0.7990
vn -0.0000 -0.6041 -0.7969
vn 0.0002 -0.5995 -0.8004
vn -0.0000 -0.5987 -0.8010
vn 0.0011 -0.6103 -0.7922
vn 0.0021 -0.6191 -0.7853
vn -0.0000 -0.6042 -0.7968
vn -0.0000 -0.6098 -0.7925
vn -0.0007 -0.6014 -0.7990
vn -0.0000 -0.5984 -0.8012
vn -0.0000 -0.5999 -0.8001
vn -0.0000 -0.5982 -0.8014
vn -0.0000 -0.6017 -0.7988
vn 0.0013 -0.5995 -0.8004
vn 0.0001 -0.6014 -0.7989
vn 0.0004 -0.5981 -0.8014
vn -0.0003 -0.6025 -0.7981
vn 0.0001 -0.5985 -0.8011
vn -0.0000 -0.6367 -0.7711
vn -0.0000 -0.6374 -0.7705
vn 0.0002 -0.6327 -0.7744
vn -0.0000 -0.6345 -0.7729
vn -0.0001 -0.6321 -0.7749
vn -0.0000 -0.6375 -0.7705
vn -0.0000 -0.6330 -0.7742
vn -0.0000 -0.6293 -0.7771
vn -0.0000 -0.6263 -0.7796
vn 0.0002 -0.6237 -0.7817
vn 0.0002 -0.6257 -0.7801
vn -0.0000 -0.6264 -0.7795
vn -0.0017 -0.6191 -0.7853
vn -0.0000 -0.6209 -0.7839
vn -0.0002 -0.6294 -0.7771
vn -0.0000 -0.6280 -0.7782
vn -0.0000 -0.6291 -0.7773
vn 0.0001 -0.6294 -0.7771
vn -0.0000 -0.6307 -0.7761
vn -0.0000 -0.6318 -0.7751
vn 0.0003 -0.6282 -0.7781
vn -0.0000 -0.6272 -0.7788
vn -0.0000 -0.6279 -0.7783
vn 0.0004 -0.6264 -0.7795
vn -0.0000 -0.6281 -0.7782
vn 0.0001 -0.6281 -0.7782
vn -0.0000 -0.6293 -0.7772
vn -0.0004 -0.6267 -0.7793
vn -0.0000 -0.6267 -0.7792
vn -0.0000 -0.6270 -0.7790
vn -0.0029 -0.6222 -0.7829
vn -0.0000 -0.6275 -0.7786
vn -0.0101 -0.6218 -0.7831
vn -0.0000 -0.6273 -0.7788
vn -0.0090 -0.6344 -0.7730
vn -0.0000 -0.6271 -0.7790
vn 0.0087 -0.6325 -0.7745
vn -0.0053 -0.6274 -0.7787
vn 0.0001 -0.6275 -0.7786
vn 0.0001 -0.6279 -0.7783
vn 0.0077 -0.6337 -0.7735
vn -0.0007 -0.6277 -0.7784
vn 0.0066 -0.6350 -0.7725
vn -0.0027 -0.6307 -0.7760
vn -0.0006 -0.6307 -0.7760
vn 0.0001 -0.6307 -0.7760
vn -0.0019 -0.6303 -0.7764
vn 0.0003 -0.6346 -0.7728
vn -0.0000 -0.6339 -0.7734
vn -0.0001 -0.6374 -0.7705
vn -0.0003 -0.5807 -0.8141
vn -0.0000 -0.5869 -0.8096
vn -0.0000 -0.5868 -0.8097
vn -0.0004 -0.5758 -0.8176
vn -0.0000 -0.5870 -0.8096
vn -0.0000 -0.5752 -0.8180
vn -0.0002 -0.5927 -0.8054
vn 0.0001 -0.5926 -0.8055
vn -0.0000 -0.5896 -0.8077
vn -0.0001 -0.5923 -0.8057
vn -0.0002 -0.5955 -0.8033
vn 0.0005 -0.5646 -0.8254
vn -0.0000 -0.5580 -0.8298
vn -0.0001 -0.5639 -0.8258
vn 0.0001 -0.5575 -0.8302
vn -0.0000 -0.5551 -0.8318
vn -0.0000 -0.5581 -0.8298
vn -0.0000 -0.5647 -0.8253
vn -0.0000 -0.5585 -0.8295
vn -0.0000 -0.5531 -0.8331
vn -0.0032 -0.5578 -0.8300
vn 0.0027 -0.5572 -0.8304
vn 0.0002 -0.5532 -0.8330
vn -0.0000 -0.5529 -0.8332
vn -0.0000 -0.5534 -0.8329
vn 0.0032 -0.5564 -0.8309
vn 0.0003 -0.5582 -0.8297
vn 0.0029 -0.5555 -0.8315
vn 0.0012 -0.5531 -0.8331
vn -0.0000 -0.5975 -0.8019
vn -0.0000 -0.5956 -0.8033
vn -0.0000 -0.5934 -0.8049
vn -0.0000 -0.5927 -0.8054
vn -0.0034 -0.5945 -0.8041
vn -0.0000 -0.5940 -0.8045
vn 0.0085 -0.5991 -0.8006
vn 0.0021 -0.5940 -0.8045
vn -0.0000 -0.5949 -0.8038
vn -0.0003 -0.5971 -0.8022
vn -0.0000 -0.5963 -0.8028
vn -0.0000 -0.5972 -0.8021
vn -0.0001 -0.5979 -0.8016
vn -0.0034 -0.5926 -0.8055
vn -0.0010 -0.5862 -0.8101
vn -0.0026 -0.5919 -0.8060
vn 0.0007 -0.5977 -0.8017
vn -0.0000 -0.5967 -0.8025
vn -0.0011 -0.5979 -0.8016
vn -0.0000 -0.5963 -0.8027
vn -0.0000 -0.5959 -0.8030
vn -0.0000 -0.5955 -0.8034
vn -0.0000 -0.5962 -0.8029
vn -0.0000 -0.5965 -0.8026
vn -0.0000 -0.5962 -0.8028
vn -0.0022 -0.5968 -0.8024
vn -0.0000 -0.5964 -0.8027
vn 0.0127 -0.5863 -0.8100
vn -0.0016 -0.5952 -0.8036
vn 0.0033 -0.5977 -0.8017
vn 0.0012 -0.5964 -0.8027
vn -0.0258 -0.5793 -0.8147
vn 0.0001 -0.5947 -0.8039
vn -0.0000 -0.5951 -0.8036
vn -0.0231 -0.5784 -0.8154
vn -0.0059 -0.5903 -0.8072
vn 0.0001 -0.5940 -0.8045
vn -0.0031 -0.6029 -0.7978
vn -0.0000 -0.5958 -0.8031
vn -0.0000 -0.5960 -0.8030
vn -0.0000 -0.5961 -0.8029
vn 0.0100 -0.6024 -0.7981
vn -0.0026 -0.5952 -0.8036
vn 0.0002 -0.5969 -0.8023
vn -0.0000 -0.5924 -0.8056
vn -0.0001 -0.5899 -0.8075
vn -0.0000 -0.5926 -0.8055
vn -0.0001 -0.5869 -0.8096
vn -0.0003 -0.5868 -0.8097
vn -0.0008 -0.5920 -0.8059
vn -0.0000 -0.5995 -0.8004
vn 0.0003 -0.5977 -0.8017
vn 0.0008 -0.5976 -0.8018
vn 0.0009 -0.5993 -0.8006
vn 0.0006 -0.5938 -0.8046
vn 0.0085 -0.6013 -0.7990
vn 0.0008 -0.5954 -0.8035
vn 0.0002 -0.5955 -0.8033
vn -0.0000 -0.5988 -0.8009
vn 0.0006 -0.5585 -0.8295
vn 0.0002 -0.5536 -0.8328
vn -0.0001 -0.5555 -0.8315
vn 0.0006 -0.5553 -0.8316
vn 0.0004 -0.5584 -0.8295
vn -0.0000 -0.5641 -0.8257
vn -0.0000 -0.5755 -0.8178
vn -0.0000 -0.5639 -0.8258
vn 0.0001 -0.5646 -0.8254
vn -0.0001 -0.5575 -0.8302
vn -0.0039 -0.5620 -0.8272
vn -0.0001 -0.5926 -0.8055
vn -0.0002 -0.5995 -0.8004
vn -0.0000 -0.5862 -0.8101
vn -0.0015 -0.5936 -0.8047
vn 0.0006 -0.5993 -0.8005
vn -0.0000 -0.5807 -0.8141
vn -0.0006 -0.5817 -0.8134
vn 0.0001 -0.6339 -0.7734
vn 0.0001 -0.6374 -0.7705
vn -0.0000 -0.6322 -0.7748
vn 0.0011 -0.6338 -0.7735
vn -0.0000 -0.6319 -0.7751
vn -0.0011 -0.6341 -0.7733
vn -0.0044 -0.6224 -0.7827
vn -0.0000 -0.6257 -0.7801
vn -0.0010 -0.6307 -0.7760
vn 0.0003 -0.6249 -0.7807
vn -0.0001 -0.6251 -0.7806
vn -0.0005 -0.6248 -0.7808
vn -0.0000 -0.6236 -0.7818
vn 0.0020 -0.6276 -0.7786
vn -0.0000 -0.6306 -0.7761
vn -0.0020 -0.6321 -0.7749
vn 0.0001 -0.6293 -0.7772
vn 0.0015 -0.6317 -0.7752
vn 0.0001 -0.6285 -0.7778
vn -0.0000 -0.6281 -0.7781
vn -0.0000 -0.6278 -0.7784
vn -0.0000 -0.6285 -0.7778
vn -0.0000 -0.6274 -0.7787
vn -0.0017 -0.6262 -0.7797
vn 0.0001 -0.6269 -0.7791
vn -0.0000 -0.6272 -0.7789
vn -0.0325 -0.6078 -0.7934
vn -0.0000 -0.6269 -0.7791
vn 0.0069 -0.5683 -0.8228
vn -0.0014 -0.6260 -0.7798
vn -0.0000 -0.6268 -0.7792
vn -0.0451 -0.5879 -0.8077
vn -0.0001 -0.6270 -0.7790
vn -0.0438 -0.6000 -0.7988
vn -0.0068 -0.6293 -0.7772
vn -0.0000 -0.6258 -0.7800
vn 0.0091 -0.6344 -0.7729
vn -0.0153 -0.6706 -0.7417
vn -0.0001 -0.6284 -0.7779
vn -0.0130 -0.6166 -0.7872
vn -0.0061 -0.6227 -0.7824
vn 0.0145 -0.6402 -0.7681
vn 0.0002 -0.6271 -0.7789
vn 0.0043 -0.6304 -0.7762
vn -0.0039 -0.6320 -0.7749
vn 0.0018 -0.6301 -0.7765
vn -0.0003 -0.6282 -0.7781
vn 0.0012 -0.6298 -0.7768
vn 0.0001 -0.6321 -0.7749
vn -0.0002 -0.6327 -0.7744
vn -0.0002 -0.6292 -0.7773
vn 0.0010 -0.6299 -0.7767
vn 0.0005 -0.6329 -0.7743
vn -0.0001 -0.6225 -0.7826
vn -0.0034 -0.6210 -0.7838
vn -0.0003 -0.6199 -0.7847
vn -0.0011 -0.6229 -0.7823
vn -0.0014 -0.6197 -0.7848
vn -0.0001 -0.6209 -0.7839
vn -0.0018 -0.6195 -0.7850
vn -0.0002 -0.6264 -0.7795
vn -0.0001 -0.6320 -0.7750
vn -0.0000 -0.6373 -0.7706
vn -0.0008 -0.6369 -0.7710
vn 0.0013 -0.6051 -0.7961
vn -0.0025 -0.6033 -0.7975
vn 0.0017 -0.6028 -0.7979
vn 0.0016 -0.6050 -0.7962
vn 0.0001 -0.6091 -0.7931
vn -0.0000 -0.6157 -0.7880
vn -0.0002 -0.6158 -0.7879
vn -0.0000 -0.6097 -0.7927
vn -0.0001 -0.6044 -0.7967
vn -0.0003 -0.6207 -0.7841
vn -0.0003 -0.6154 -0.7882
vn -0.0006 -0.6368 -0.7710
vn -0.0007 -0.6368 -0.7710
vn -0.0000 -0.6319 -0.7750
vn 0.0007 -0.6319 -0.7750
vn -0.0000 -0.6261 -0.7797
vn -0.0003 -0.6401 -0.7683
vn 0.0001 -0.6402 -0.7682
vn -0.0045 -0.4775 -0.8786
vn -0.0000 -0.4536 -0.8912
vn -0.0000 -0.5315 -0.8471
vn -0.0000 -0.5310 -0.8474
vn -0.0001 -0.5221 -0.8529
vn 0.0001 -0.5416 -0.8406
vn -0.0000 -0.5155 -0.8569
vn -0.0000 -0.5164 -0.8564
vn -0.0000 -0.5127 -0.8586
vn -0.0000 -0.5140 -0.8578
vn -0.0000 -0.6051 -0.7961
vn 0.0001 -0.5734 -0.8193
vn -0.0000 -0.5848 -0.8112
vn -0.0001 -0.5498 -0.8353
vn -0.0000 -0.5487 -0.8360
vn 0.0002 -0.5501 -0.8351
vn -0.0000 -0.5466 -0.8374
vn -0.0002 -0.5178 -0.8555
vn 0.0001 -0.5176 -0.8556
vn -0.0000 -0.5185 -0.8551
vn -0.0000 -0.5181 -0.8553
vn 0.0001 -0.5314 -0.8471
vn -0.0000 -0.5196 -0.8544
vn -0.0000 -0.5222 -0.8528
vn -0.0000 -0.5309 -0.8474
vn -0.0001 -0.5418 -0.8405
vn -0.0038 -0.5433 -0.8395
vn 0.0208 -0.5741 -0.8185
vn 0.1262 -0.5277 -0.8400
vn -0.0024 -0.5464 -0.8375
vn -0.0000 -0.5509 -0.8346
vn -0.0001 -0.5515 -0.8342
vn 0.0001 -0.5536 -0.8328
vn 0.0002 -0.5566 -0.8308
vn -0.0000 -0.5625 -0.8268
vn -0.0001 -0.5736 -0.8191
vn -0.0082 -0.5718 -0.8204
vn 0.0002 -0.5904 -0.8071
vn -0.0002 -0.5933 -0.8049
vn -0.0001 -0.5947 -0.8040
vn -0.0005 -0.6097 -0.7926
vn -0.0000 -0.6196 -0.7849
vn -0.0000 -0.6259 -0.7799
vn -0.0000 -0.6045 -0.7966
vn 0.0001 -0.6163 -0.7875
vn 0.0001 -0.5953 -0.8035
vn -0.0000 -0.6227 -0.7825
vn -0.0000 -0.6252 -0.7804
vn -0.0000 -0.6318 -0.7752
vn -0.0000 -0.6365 -0.7713
vn -0.0000 -0.6384 -0.7697
vn 0.0001 -0.6401 -0.7683
vn -0.0000 -0.6427 -0.7661
vn -0.0000 -0.6428 -0.7660
vn -0.0001 -0.6272 -0.7788
vn -0.0001 -0.6271 -0.7790
vn 0.0001 -0.6268 -0.7792
vn -0.0000 -0.6313 -0.7755
vn -0.0317 -0.6119 -0.7903
vn 0.0037 -0.5968 -0.8024
vn 0.0066 -0.5927 -0.8054
vn -0.0002 -0.5968 -0.8024
vn -0.0000 -0.6000 -0.8000
vn -0.0001 -0.5980 -0.8015
vn -0.0000 -0.6046 -0.7966
vn -0.0001 -0.5970 -0.8022
vn -0.0000 -0.6147 -0.7888
vn -0.0000 -0.6197 -0.7848
vn -0.0000 -0.6271 -0.7789
vn -0.0050 -0.6318 -0.7751
vn -0.0000 -0.6227 -0.7824
vn -0.0000 -0.6289 -0.7775
vn -0.0144 -0.6229 -0.7822
vn -0.0000 -0.6303 -0.7763
vn 0.0001 -0.6260 -0.7798
vn -0.0000 -0.6226 -0.7826
vn -0.0000 -0.6317 -0.7752
vn -0.0000 -0.6365 -0.7712
vn -0.0000 -0.6400 -0.7684
vn -0.0000 -0.7659 0.6429
vn -0.0001 -0.7661 0.6427
vn -0.0000 -0.7662 0.6426
vn -0.0001 -0.7659 0.6429
vn -0.0002 -0.7661 0.6427
vn -0.0001 -0.7662 0.6426
vn -0.0002 -0.7659 0.6429
vn -0.0002 -0.7660 0.6428
vn -0.0000 -0.7661 0.6427
vn -0.0000 -0.7660 0.6428
vn 0.0001 -0.7662 0.6426
vn 0.9962 0.0001 -0.0872
vn 0.9962 0.0002 -0.0872
vn 0.9962 -0.0002 -0.0872
vn 0.9962 -0.0001 -0.0872
vn 0.9962 -0.0000 -0.0873
vn 0.9962 0.0001 -0.0869
vn 0.9962 0.0001 -0.0873
vn 0.9962 -0.0002 -0.0871
vn 0.9962 -0.0002 -0.0873
vn 0.9962 0.0002 -0.0874
vn 0.9962 -0.0003 -0.0872
vn 0.9962 0.0001 -0.0875
vn 0.9962 0.0001 -0.0876
vn 0.9962 0.0001 -0.0874
vn 0.9961 -0.0000 -0.0878
vn 0.9962 -0.0001 -0.0873
vn 0.9962 0.0002 -0.0871
vn 0.9962 0.0009 -0.0872
vn 0.9962 0.0003 -0.0872
vn 0.9962 -0.0001 -0.0869
vn 0.9962 -0.0000 -0.0875
vn 0.9962 -0.0001 -0.0874
vn -0.0872 -0.0000 -0.9962
vn -0.0872 0.0001 -0.9962
vn -0.0871 0.0001 -0.9962
vn -0.0872 -0.0001 -0.9962
vn -0.0871 -0.0000 -0.9962
vn -0.0873 -0.0001 -0.9962
vn -0.0880 -0.0000 -0.9961
vn -0.0879 -0.0000 -0.9961
vn -0.0872 -0.0002 -0.9962
vn -0.0867 -0.0000 -0.9962
vn -0.0871 -0.0002 -0.9962
vn -0.0871 -0.0001 -0.9962
vn -0.0873 -0.0000 -0.9962
vn -0.0876 -0.0000 -0.9962
vn -0.0873 0.0001 -0.9962
vn -0.0871 0.0002 -0.9962
vn -0.0872 -0.0010 -0.9962
vn -0.0804 -0.3827 -0.9203
vn -0.0871 -0.0008 -0.9962
vn -0.0616 -0.7069 -0.7046
vn -0.0805 -0.3829 -0.9203
vn -0.0872 -0.0009 -0.9962
vn -0.0001 -1.0000 -0.0008
vn -0.0333 -0.9239 -0.3812
vn -0.0334 -0.9238 -0.3814
vn -0.0001 1.0000 -0.0008
vn -0.0333 0.9239 -0.3812
vn -0.0616 0.7069 -0.7046
vn -0.0615 0.7071 -0.7045
vn -0.0334 0.9238 -0.3814
vn -0.0872 0.0010 -0.9962
vn -0.0872 0.0008 -0.9962
vn -0.0804 0.3827 -0.9203
vn -0.0805 0.3829 -0.9203
vn -0.0872 0.0009 -0.9962
vn 0.2980 0.9545 -0.0054
vn 0.3472 0.9378 -0.0000
vn 0.3478 0.9376 0.0006
vn 0.3950 0.9187 -0.0000
vn 0.3946 0.9188 0.0004
vn 0.2013 0.9795 0.0002
vn 0.2991 0.9542 0.0004
vn 0.2675 0.9635 -0.0000
vn 0.3943 0.9190 0.0003
vn 0.1011 0.9949 0.0005
vn 0.2012 0.9796 -0.0000
vn 0.2013 0.9795 -0.0000
vn 0.3943 0.9190 -0.0001
vn 0.6430 0.7658 0.0004
vn 0.5649 0.8252 -0.0000
vn 0.5649 0.8252 0.0001
vn 0.7034 0.7108 -0.0053
vn 0.7140 0.7002 -0.0000
vn 0.6792 0.7339 -0.0016
vn 0.6968 0.7173 0.0001
vn 0.6968 0.7173 -0.0000
vn 0.7136 0.7006 0.0009
vn 0.5848 0.8112 -0.0000
vn 0.5645 0.8255 0.0010
vn 0.6053 0.7960 0.0005
vn 0.6044 0.7967 -0.0000
vn 0.6425 0.7663 -0.0000
vn 0.6429 0.7659 -0.0002
vn 0.5649 0.8251 0.0002
vn 0.6755 0.7374 0.0049
vn 0.6790 0.7342 0.0004
vn 0.7140 0.7002 0.0007
vn 0.6792 0.7340 0.0003
vn 0.7139 0.7003 -0.0000
vn 0.4814 0.8765 -0.0008
vn 0.5223 0.8528 0.0005
vn 0.5240 0.8517 -0.0000
vn 0.5446 0.8387 0.0001
vn 0.4388 0.8986 0.0002
vn 0.4387 0.8986 -0.0001
vn 0.4799 0.8773 -0.0021
vn 0.4819 0.8762 0.0001
vn 0.7141 0.7000 -0.0000
vn 0.8848 0.4659 -0.0001
vn 0.8357 0.5492 -0.0000
vn 0.8307 0.5567 -0.0030
vn 0.9258 0.3781 0.0001
vn 0.9257 0.3784 -0.0000
vn 0.7788 0.6273 0.0005
vn 0.8356 0.5494 0.0006
vn 0.8611 0.5084 0.0002
vn 0.8612 0.5083 -0.0000
vn 0.8848 0.4659 -0.0000
vn 0.8848 0.4661 -0.0001
vn 0.9059 0.4234 -0.0026
vn 0.9164 0.4004 -0.0000
vn 0.9063 0.4226 0.0001
vn 0.8959 0.4443 -0.0000
vn 0.9258 0.3781 -0.0000
vn 0.9258 0.3781 -0.0001
vn 0.7307 0.6827 0.0001
vn 0.7308 0.6826 -0.0000
vn 0.7471 0.6647 -0.0000
vn 0.7788 0.6273 -0.0000
vn 0.7785 0.6276 -0.0001
vn 0.7440 0.6682 -0.0041
vn 0.7470 0.6648 0.0002
vn 0.8220 0.5695 -0.0001
vn 0.8080 0.5892 -0.0000
vn 0.8079 0.5893 0.0002
vn 0.8356 0.5494 -0.0000
vn 0.8081 0.5891 0.0002
vn 0.8362 0.5484 0.0010
vn 0.7785 0.6277 0.0001
vn 0.8356 0.5493 -0.0000
vn 0.8846 0.4663 0.0003
vn 0.9258 0.3780 0.0007
vn 1.0000 -0.0000 -0.0000
vn 0.9953 0.0965 0.0016
vn 0.9812 0.1928 0.0016
vn 0.9813 0.1927 -0.0000
vn 0.9580 0.2867 0.0003
vn 0.9816 0.1909 0.0008
vn 0.9835 0.1807 0.0001
vn 0.9835 0.1809 -0.0000
vn 0.9816 0.1909 -0.0016
vn 0.9813 0.1927 0.0001
vn 0.9857 0.1686 0.0003
vn 0.9856 0.1688 -0.0000
vn 0.9895 0.1448 -0.0001
vn 0.9894 0.1450 -0.0000
vn 0.9912 0.1327 -0.0002
vn 0.9926 0.1211 0.0002
vn 0.9927 0.1209 -0.0000
vn 0.9346 0.3556 -0.0000
vn 0.9430 0.3327 0.0001
vn 0.9430 0.3328 -0.0000
vn 0.9580 0.2867 -0.0000
vn 0.9647 0.2632 -0.0000
vn 0.9647 0.2634 -0.0000
vn 0.9647 0.2634 0.0001
vn 0.9707 0.2401 0.0002
vn 0.9707 0.2401 -0.0000
vn 0.9775 0.2110 -0.0014
vn 0.9775 0.2108 -0.0000
vn 0.9776 0.2104 -0.0000
vn 0.9745 0.2241 0.0066
vn 0.9763 0.2163 -0.0001
vn 0.9789 0.2045 -0.0002
vn 0.9788 0.2047 -0.0003
vn 0.9801 0.1986 0.0001
vn 0.9707 0.2404 -0.0057
vn 0.9736 0.2282 0.0001
vn 0.9736 0.2281 -0.0001
vn 0.9763 0.2165 0.0002
vn 0.9707 0.2401 0.0003
vn 0.9813 0.1925 0.0007
vn 0.9707 0.2403 0.0002
vn 0.9814 0.1921 -0.0000
vn 0.9550 0.2965 -0.0102
vn 0.9999 0.0121 -0.0000
vn 0.9997 0.0242 0.0003
vn 0.9997 0.0244 0.0001
vn 0.9993 0.0362 0.0001
vn 0.9988 0.0487 -0.0000
vn 0.9988 0.0484 -0.0000
vn 0.9997 0.0243 0.0001
vn 0.9974 0.0727 -0.0001
vn 0.9953 0.0965 -0.0002
vn 0.9953 0.0963 0.0007
vn 0.9980 0.0615 -0.0131
vn 0.9988 0.0487 0.0004
vn 0.9896 0.1439 0.0015
vn 0.9895 0.1442 0.0002
vn 0.9953 0.0968 -0.0000
vn 0.9378 -0.3472 -0.0001
vn 0.9542 -0.2992 -0.0000
vn 0.9542 -0.2993 -0.0000
vn 0.9190 -0.3943 -0.0000
vn 0.9794 -0.2021 0.0053
vn 0.9792 -0.2028 0.0003
vn 0.9542 -0.2992 0.0001
vn 0.9885 -0.1514 0.0003
vn 0.9949 -0.1011 -0.0000
vn 0.9949 -0.1011 0.0002
vn 0.9958 -0.0916 -0.0034
vn 0.9818 -0.1893 0.0149
vn 0.9839 -0.1785 0.0031
vn 0.9820 -0.1887 0.0001
vn 0.9820 -0.1890 -0.0000
vn 0.9795 -0.2012 -0.0000
vn 0.9795 -0.2014 -0.0000
vn 0.9950 -0.0997 -0.0006
vn 0.9920 -0.1262 0.0002
vn 0.9920 -0.1263 -0.0000
vn 0.9885 -0.1514 0.0001
vn 0.9885 -0.1513 -0.0000
vn 0.9885 -0.1514 -0.0000
vn 0.9956 -0.0929 0.0082
vn 0.9949 -0.1010 0.0002
vn 0.9824 -0.1864 -0.0102
vn 0.9843 -0.1766 -0.0001
vn 0.9843 -0.1763 0.0001
vn 0.9796 -0.2012 -0.0000
vn 0.9986 -0.0525 0.0005
vn 0.9987 -0.0505 -0.0003
vn 0.9949 -0.1012 -0.0000
vn 0.9886 -0.1506 0.0011
vn 0.9795 -0.2013 -0.0000
vn 0.9545 -0.2982 -0.0051
vn 0.9463 -0.3234 0.0001
vn 0.9378 -0.3471 -0.0000
vn 0.9378 -0.3473 -0.0000
vn 0.9285 -0.3713 -0.0000
vn 0.9287 -0.3710 -0.0000
vn 0.9183 -0.3958 -0.0000
vn 0.9741 -0.2260 -0.0000
vn 0.9681 -0.2504 0.0012
vn 0.9681 -0.2506 -0.0000
vn 0.9630 -0.2694 -0.0000
vn 0.9379 -0.3470 0.0001
vn 0.7340 -0.6792 0.0002
vn 0.7661 -0.6427 -0.0000
vn 0.7663 -0.6425 0.0003
vn 0.7001 -0.7141 -0.0000
vn 0.7001 -0.7140 -0.0000
vn 0.7967 -0.6043 0.0002
vn 0.8252 -0.5649 -0.0000
vn 0.7663 -0.6425 -0.0000
vn 0.8762 -0.4819 0.0001
vn 0.8987 -0.4385 0.0001
vn 0.8762 -0.4819 -0.0000
vn 0.8255 -0.5644 -0.0044
vn 0.7966 -0.6045 -0.0000
vn 0.7661 -0.6427 -0.0002
vn 0.7341 -0.6791 0.0002
vn 0.4226 -0.9063 0.0001
vn 0.4659 -0.8849 0.0002
vn 0.4662 -0.8847 0.0003
vn 0.3781 -0.9258 -0.0000
vn 0.5098 -0.8603 0.0008
vn 0.5494 -0.8356 -0.0000
vn 0.4659 -0.8848 -0.0000
vn 0.6281 -0.7781 -0.0003
vn 0.5481 -0.8364 0.0014
vn 0.5083 -0.8612 -0.0000
vn 0.2867 -0.9580 -0.0000
vn 0.1927 -0.9813 -0.0000
vn 0.1926 -0.9813 -0.0000
vn 0.3260 0.9441 0.0491
vn 0.0010 1.0000 -0.0030
vn 0.3827 0.9239 -0.0000
vn 0.0009 1.0000 0.0001
vn 0.7111 0.7031 0.0018
vn 0.9283 0.3717 0.0042
vn 0.1036 0.9946 0.0011
vn 0.8856 0.4644 -0.0000
vn 0.9270 0.3752 -0.0000
vn 0.9221 0.3870 -0.0000
vn 0.9554 0.2953 -0.0000
vn 0.9750 0.2222 -0.0000
vn 0.9872 0.1595 -0.0000
vn 0.9779 0.2089 -0.0000
vn 0.9688 0.2478 -0.0000
vn 0.9794 0.2020 -0.0000
vn 0.9808 0.1951 -0.0000
vn 1.0000 -0.0018 0.0005
vn 0.1013 0.9949 -0.0000
vn 0.3024 0.9532 -0.0000
vn 0.3507 0.9365 -0.0000
vn 0.2048 0.9788 -0.0000
vn 0.4871 0.8734 -0.0000
vn 0.5305 0.8477 -0.0000
vn 0.3983 0.9172 -0.0001
vn 0.5732 0.8194 -0.0000
vn 0.5520 0.8338 -0.0000
vn 0.6487 0.7610 -0.0000
vn 0.8121 0.5836 -0.0000
vn 0.8264 0.5631 -0.0000
vn 0.7826 0.6225 -0.0000
vn 0.9171 0.3986 -0.0000
vn 0.9069 0.4213 -0.0000
vn 0.8403 0.5421 -0.0000
vn 0.6854 0.7282 -0.0000
vn 0.7033 0.7109 -0.0000
vn 0.7210 0.6929 -0.0000
vn 0.9225 -0.3860 0.0013
vn 0.8515 -0.5241 0.0135
vn 0.7071 -0.7071 -0.0000
vn 0.5864 -0.8099 0.0129
vn 0.8933 -0.4494 -0.0000
vn 0.7901 -0.6130 -0.0000
vn 0.7594 -0.6507 -0.0001
vn 0.7272 -0.6864 -0.0000
vn 0.8470 -0.5316 -0.0000
vn 0.3827 -0.9239 -0.0000
vn 0.5730 -0.8196 -0.0000
vn 0.0011 -1.0000 0.0001
vn 0.4884 -0.8726 -0.0000
vn 0.4448 -0.8956 -0.0000
vn 0.4004 -0.9163 -0.0000
vn 0.2044 -0.9789 -0.0000
vn 0.0012 -1.0000 0.0004
vn 0.9947 0.1032 -0.0002
vn 0.9986 0.0532 -0.0000
vn 0.9995 0.0307 -0.0000
vn 0.9959 -0.0906 -0.0000
vn 0.9907 -0.1358 -0.0000
vn 0.9910 0.1339 -0.0000
vn 0.9929 0.1192 -0.0000
vn 0.9998 0.0202 -0.0000
vn 0.9999 0.0101 -0.0000
vn 0.9484 -0.3172 -0.0000
vn 0.9410 -0.3385 -0.0002
vn 0.9332 -0.3594 -0.0000
vn 0.8709 -0.4914 -0.0000
vn 0.9859 -0.1673 -0.0000
vn 0.9841 -0.1774 -0.0000
vn 0.9876 -0.1570 -0.0000
vn 0.9621 -0.2727 -0.0000
vn 0.3683 0.3592 0.8575
vn 0.2034 0.4729 0.8573
vn 0.2031 0.4733 0.8572
vn 0.4768 0.1943 0.8573
vn 0.3683 0.3599 0.8572
vn 0.5148 -0.0007 0.8573
vn 0.4771 0.1939 0.8572
vn 0.4724 -0.2039 0.8575
vn 0.5150 -0.0008 0.8572
vn 0.3591 -0.3684 0.8575
vn 0.4730 -0.2038 0.8572
vn 0.1938 -0.4771 0.8572
vn 0.3600 -0.3683 0.8572
vn 0.0008 0.5150 0.8572
vn 0.3648 0.3648 0.8567
vn 0.1965 0.4763 0.8570
vn 0.4766 0.1970 0.8568
vn 0.5154 -0.0001 0.8569
vn 0.3651 -0.3640 0.8569
vn 0.4765 -0.1969 0.8568
vn 0.0008 -0.5150 0.8572
vn 0.1973 -0.4759 0.8571
vn 0.3477 0.9376 0.0005
vn 0.2993 0.9542 -0.0000
vn 0.2984 0.9544 0.0013
vn 0.3943 0.9190 0.0002
vn 0.3943 0.9190 -0.0000
vn 0.1995 0.9799 -0.0083
vn 0.1847 0.9825 0.0237
vn 0.3941 0.9191 -0.0001
vn 0.6790 0.7342 0.0006
vn 0.6426 0.7662 -0.0000
vn 0.6428 0.7660 0.0001
vn 0.7141 0.7000 0.0003
vn 0.7140 0.7001 0.0004
vn 0.5652 0.8250 -0.0005
vn 0.5649 0.8251 -0.0000
vn 0.7141 0.7000 -0.0003
vn 0.4846 0.8747 0.0028
vn 0.4386 0.8987 -0.0000
vn 0.4795 0.8775 -0.0006
vn 0.4819 0.8762 -0.0000
vn 0.5564 0.8309 0.0085
vn 0.6969 0.7172 0.0034
vn 0.7139 0.7002 -0.0000
vn 0.7141 0.7000 0.0001
vn 0.6417 0.7670 -0.0043
vn 0.6791 0.7340 -0.0000
vn 0.7034 0.7108 0.0004
vn 0.9063 0.4226 0.0002
vn 0.8849 0.4658 -0.0000
vn 0.8848 0.4659 0.0011
vn 0.9258 0.3781 0.0004
vn 0.9259 0.3779 -0.0000
vn 0.8358 0.5491 -0.0002
vn 0.8358 0.5490 -0.0000
vn 0.9257 0.3783 0.0001
vn 0.7789 0.6271 0.0039
vn 0.7472 0.6646 0.0001
vn 0.7771 0.6294 -0.0001
vn 0.7785 0.6276 -0.0000
vn 0.8302 0.5574 0.0093
vn 0.7309 0.6825 0.0001
vn 0.7309 0.6825 -0.0000
vn 0.7472 0.6646 -0.0000
vn 0.9077 0.4195 -0.0010
vn 0.9165 0.4001 0.0001
vn 0.9164 0.4002 -0.0000
vn 0.9258 0.3780 -0.0000
vn 0.9258 0.3779 -0.0000
vn 0.9045 0.4264 0.0067
vn 0.9064 0.4225 0.0001
vn 0.9262 0.3771 0.0003
vn 0.8843 0.4668 -0.0045
vn 0.8804 0.4741 0.0134
vn 0.9954 0.0962 0.0033
vn 0.9953 0.0966 0.0017
vn 1.0000 0.0001 -0.0000
vn 0.9705 0.2409 0.0002
vn 0.9581 0.2866 0.0003
vn 0.9438 0.3306 0.0002
vn 0.9550 0.2967 -0.0036
vn 0.9787 0.2048 0.0160
vn 0.9768 0.2140 -0.0002
vn 0.9789 0.2044 -0.0000
vn 0.9789 0.2045 0.0001
vn 0.9813 0.1926 -0.0001
vn 0.9778 0.2095 -0.0084
vn 0.9762 0.2167 0.0001
vn 0.9813 0.1927 -0.0003
vn 0.9708 0.2397 -0.0030
vn 0.9690 0.2469 0.0113
vn 0.9762 0.2168 0.0001
vn 0.9347 0.3554 0.0001
vn 0.9346 0.3558 -0.0000
vn 0.9430 0.3327 -0.0000
vn 0.9580 0.2868 -0.0000
vn 0.9580 0.2867 -0.0001
vn 0.9437 0.3307 0.0022
vn 0.9676 0.2523 0.0128
vn 0.9707 0.2402 0.0002
vn 0.9813 0.1925 0.0008
vn 1.0000 0.0063 -0.0000
vn 0.9999 0.0123 -0.0000
vn 0.9999 0.0123 0.0001
vn 0.9997 0.0246 0.0010
vn 0.9999 0.0122 -0.0000
vn 0.9988 0.0498 -0.0031
vn 0.9997 0.0249 -0.0000
vn 0.9996 0.0287 -0.0000
vn 0.9953 0.0969 0.0003
vn 0.9988 0.0487 0.0007
vn 0.9972 0.0746 -0.0000
vn 0.9836 0.1806 0.0001
vn 0.9835 0.1810 -0.0000
vn 0.9857 0.1687 -0.0000
vn 0.9856 0.1691 -0.0000
vn 0.9895 0.1448 -0.0000
vn 0.9894 0.1449 -0.0000
vn 0.9865 0.1638 0.0025
vn 0.9857 0.1688 0.0001
vn 0.9895 0.1449 -0.0000
vn 0.9953 0.0967 -0.0000
vn 0.9896 0.1442 0.0019
vn 0.9541 -0.2994 -0.0000
vn 0.9795 -0.2013 0.0011
vn 0.9244 -0.3813 -0.0052
vn 0.9189 -0.3944 0.0004
vn 0.9949 -0.1012 0.0003
vn 0.9741 -0.2258 -0.0079
vn 0.9769 -0.2137 -0.0000
vn 0.9769 -0.2139 -0.0000
vn 0.9784 -0.2068 -0.0002
vn 0.9769 -0.2136 0.0001
vn 0.9740 -0.2267 -0.0000
vn 0.9741 -0.2262 -0.0000
vn 0.9795 -0.2015 -0.0000
vn 0.9742 -0.2258 0.0003
vn 0.9681 -0.2507 -0.0000
vn 0.9678 -0.2517 0.0002
vn 0.9373 -0.3484 0.0023
vn 0.9332 -0.3593 0.0001
vn 0.9332 -0.3593 -0.0001
vn 0.9286 -0.3711 -0.0000
vn 0.9286 -0.3710 -0.0000
vn 0.9541 -0.2995 -0.0000
vn 0.9377 -0.3474 -0.0000
vn 0.9397 -0.3420 0.0070
vn 0.9189 -0.3945 -0.0000
vn 0.9188 -0.3946 -0.0000
vn 0.9302 -0.3670 -0.0043
vn 0.9286 -0.3710 0.0001
vn 0.9189 -0.3944 -0.0000
vn 1.0000 -0.0064 -0.0000
vn 0.9999 -0.0127 -0.0000
vn 0.9987 -0.0507 -0.0000
vn 0.9980 -0.0633 0.0001
vn 0.9980 -0.0632 -0.0000
vn 0.9971 -0.0762 -0.0002
vn 0.9971 -0.0759 -0.0000
vn 0.9965 -0.0830 0.0064
vn 0.9955 -0.0948 -0.0000
vn 0.9955 -0.0949 -0.0000
vn 0.9948 -0.1019 -0.0000
vn 0.9966 -0.0823 -0.0000
vn 0.9944 -0.1047 0.0161
vn 0.9961 -0.0886 -0.0000
vn 0.9949 -0.1013 0.0001
vn 0.9937 -0.1119 0.0044
vn 0.9920 -0.1264 -0.0000
vn 0.9935 -0.1138 0.0001
vn 0.9954 -0.0957 -0.0000
vn 0.9920 -0.1265 -0.0000
vn 0.9816 -0.1912 -0.0000
vn 0.9814 -0.1919 -0.0000
vn 0.9815 -0.1916 -0.0000
vn 0.9815 -0.1915 -0.0000
vn 0.9816 -0.1911 -0.0000
vn 0.9815 -0.1916 0.0001
vn 0.9813 -0.1927 -0.0000
vn 0.9811 -0.1936 -0.0000
vn 0.9814 -0.1918 -0.0000
vn 0.9816 -0.1653 -0.0952
vn 0.9816 -0.1347 0.1352
vn 0.9816 -0.1910 -0.0000
vn 0.9816 -0.1908 -0.0000
vn 0.9816 -0.0000 -0.1911
vn 0.9816 -0.1909 -0.0000
vn 0.9812 -0.1929 -0.0000
vn 0.9819 -0.1892 0.0002
vn 0.9831 -0.1830 -0.0000
vn 0.9351 -0.3030 -0.1837
vn 0.9812 -0.1930 -0.0000
vn 0.9820 -0.1889 -0.0000
vn 0.9820 -0.1887 -0.0000
vn 0.9036 -0.3782 0.2011
vn 0.9817 -0.1906 -0.0000
vn 0.9811 -0.1937 -0.0000
vn 0.9811 -0.1935 -0.0000
vn 0.9808 -0.1948 -0.0000
vn 0.9808 -0.1951 0.0001
vn 0.9814 -0.1919 0.0001
vn 0.9814 -0.1921 -0.0000
vn 0.9810 -0.1938 -0.0000
vn 0.9807 -0.1953 -0.0000
vn 0.9801 -0.1983 -0.0000
vn 0.9802 -0.1982 -0.0000
vn 0.9985 -0.0549 -0.0000
vn 0.9826 -0.1859 -0.0000
vn 0.9831 -0.1828 -0.0000
vn 0.9832 -0.1826 -0.0000
vn 0.9819 -0.1893 -0.0000
vn 0.9836 -0.1802 0.0014
vn 0.9825 -0.1857 -0.0112
vn 0.9832 -0.1827 -0.0000
vn 0.9820 -0.1890 0.0001
vn 0.9808 -0.1952 -0.0000
vn 0.9815 -0.1917 -0.0001
vn 0.9843 -0.1765 -0.0000
vn 0.9805 -0.1964 -0.0000
vn 0.9865 -0.1640 0.0001
vn 0.9820 -0.1890 0.0002
vn 0.9820 -0.1888 0.0001
vn 0.9843 -0.1763 0.0003
vn 0.9891 -0.1471 0.0061
vn 0.9843 -0.1764 -0.0002
vn 0.9948 -0.1016 0.0002
vn 0.9928 -0.1196 -0.0072
vn 0.9920 -0.1263 0.0001
vn 0.9894 -0.1451 -0.0065
vn 0.9945 -0.1046 -0.0033
vn 0.9949 -0.1012 0.0001
vn 0.9885 -0.1514 0.0006
vn 0.9971 -0.0758 -0.0001
vn 0.9987 -0.0510 -0.0000
vn 0.9971 -0.0763 0.0001
vn 0.9997 -0.0262 -0.0000
vn 0.9997 -0.0254 -0.0002
vn 0.9999 -0.0000 -0.0126
vn 0.9999 -0.0128 0.0001
vn 0.9997 -0.0263 0.0002
vn 0.9986 -0.0525 0.0019
vn 0.9987 -0.0512 0.0006
vn 0.9548 -0.2974 0.0029
vn 0.9377 -0.3474 -0.0001
vn 0.9682 -0.2504 0.0002
vn 0.9682 -0.2503 0.0003
vn 0.9551 -0.2964 -0.0031
vn 0.7660 -0.6428 -0.0000
vn 0.8251 -0.5649 -0.0000
vn 0.8297 -0.5582 -0.0029
vn 0.6999 -0.7142 -0.0000
vn 0.8759 -0.4824 0.0004
vn 0.7503 -0.6611 -0.0002
vn 0.7342 -0.6789 -0.0000
vn 0.7339 -0.6793 -0.0000
vn 0.7172 -0.6969 0.0001
vn 0.7171 -0.6969 -0.0000
vn 0.8250 -0.5651 -0.0000
vn 0.7965 -0.6046 -0.0000
vn 0.7662 -0.6426 -0.0000
vn 0.8251 -0.5650 -0.0000
vn 0.8217 -0.5699 0.0110
vn 0.7339 -0.6793 0.0001
vn 0.7340 -0.6792 0.0003
vn 0.9129 -0.4081 -0.0072
vn 0.9090 -0.4167 0.0002
vn 0.9091 -0.4167 -0.0000
vn 0.8986 -0.4388 -0.0000
vn 0.8985 -0.4389 0.0003
vn 0.8763 -0.4817 -0.0000
vn 0.8516 -0.5242 -0.0003
vn 0.8516 -0.5242 -0.0000
vn 0.8762 -0.4820 0.0003
vn 0.8250 -0.5651 0.0001
vn 0.7814 -0.6241 -0.0000
vn 0.4660 -0.8848 -0.0012
vn 0.4224 -0.9064 -0.0001
vn 0.4224 -0.9064 -0.0000
vn 0.3779 -0.9259 -0.0000
vn 0.3779 -0.9258 -0.0000
vn 0.5467 -0.8373 0.0004
vn 0.5078 -0.8615 0.0002
vn 0.5081 -0.8613 -0.0000
vn 0.4692 -0.8831 -0.0038
vn 0.5485 -0.8362 -0.0010
vn 0.5492 -0.8357 0.0003
vn 0.4657 -0.8849 0.0002
vn 0.3779 -0.9259 0.0003
vn 0.5691 -0.8223 -0.0001
vn 0.5891 -0.8081 -0.0000
vn 0.5890 -0.8081 0.0001
vn 0.6651 -0.7467 0.0004
vn 0.6275 -0.7786 -0.0000
vn 0.6275 -0.7787 0.0003
vn 0.5492 -0.8357 -0.0000
vn 0.2866 -0.9580 -0.0003
vn 0.2865 -0.9581 -0.0000
vn 0.1924 -0.9813 -0.0000
vn 0.1923 -0.9813 0.0003
vn 0.1914 0.9812 0.0261
vn 0.0008 1.0000 0.0001
vn 0.0008 1.0000 -0.0000
vn 0.2033 0.9791 -0.0000
vn 0.3517 0.9361 -0.0000
vn 0.7071 0.7071 -0.0000
vn 0.3029 0.9530 -0.0000
vn 0.3997 0.9166 -0.0000
vn 0.5719 0.8203 -0.0000
vn 0.6518 0.7584 -0.0000
vn 0.6896 0.7242 -0.0000
vn 0.9246 0.3810 0.0006
vn 1.0000 -0.0037 0.0013
vn 0.7078 0.7064 -0.0000
vn 0.7260 0.6877 -0.0000
vn 0.8413 0.5406 -0.0000
vn 0.8904 0.4552 -0.0000
vn 0.9122 0.4097 -0.0000
vn 0.9321 0.3623 -0.0000
vn 0.9224 0.3862 -0.0000
vn 0.9613 0.2754 -0.0000
vn 0.9735 0.2287 -0.0000
vn 0.9789 0.2045 -0.0000
vn 0.9814 0.1922 -0.0000
vn 0.9956 0.0934 -0.0000
vn 0.9837 0.1797 -0.0000
vn 0.9990 0.0453 -0.0000
vn 0.9998 0.0199 -0.0001
vn 1.0000 0.0070 -0.0004
vn 0.9988 -0.0484 -0.0000
vn 0.9973 -0.0731 -0.0000
vn 0.9963 -0.0864 -0.0000
vn 0.9956 -0.0933 -0.0000
vn 0.9950 -0.1003 -0.0000
vn 0.9863 -0.1648 -0.0000
vn 0.9831 -0.1833 -0.0000
vn 0.9820 -0.1891 -0.0000
vn 0.9815 -0.1913 -0.0000
vn 0.9814 -0.1918 -0.0004
vn -0.0001 -0.0000 1.0000
vn 0.0001 -0.0000 -1.0000
vn -0.0000 -0.0000 -1.0000
vn -0.0000 -0.0000 -0.0000
vn 0.9218 -0.3876 0.0018
vn 0.6990 -0.7151 0.0041
vn 0.0007 -1.0000 0.0001
vn 0.0008 -1.0000 -0.0000
vn 0.0006 -1.0000 -0.0000
vn 0.9563 -0.2925 -0.0000
vn 0.9423 -0.3348 -0.0000
vn 0.9352 -0.3540 0.0001
vn 0.8645 -0.5026 -0.0000
vn 0.9317 -0.3631 -0.0000
vn 0.8415 -0.5403 -0.0000
vn 0.9282 -0.3720 -0.0000
vn 0.8869 -0.4620 -0.0000
vn 0.8531 -0.5218 -0.0000
vn 0.7839 -0.6209 -0.0000
vn 0.7533 -0.6577 -0.0002
vn 0.7381 -0.6747 -0.0000
vn 0.7225 -0.6914 -0.0000
vn 0.6500 -0.7600 -0.0000
vn 0.6124 -0.7906 0.0004
vn 0.2019 -0.9794 -0.0000
vn 0.5740 -0.8188 -0.0000
vn 0.4879 -0.8729 -0.0000
vn 0.5932 -0.8050 -0.0000
vn 0.4437 -0.8962 -0.0000
vn 0.3990 -0.9170 -0.0000
vn 0.0005 -1.0000 -0.0000
vn 0.3685 0.3593 0.8574
vn 0.2033 0.4729 0.8574
vn 0.4769 0.1937 0.8574
vn 0.3683 0.3600 0.8572
vn 0.5148 -0.0004 0.8573
vn 0.4771 0.1938 0.8572
vn 0.3592 -0.3684 0.8575
vn 0.4759 0.1974 0.8571
vn 0.0009 0.5150 0.8572
vn 0.3652 -0.3638 0.8569
vn 0.4768 -0.1964 0.8568
vn 0.1975 -0.4756 0.8572
vn -0.2979 -0.7312 0.6137
vn -0.2015 -0.7503 0.6296
vn -0.2997 -0.7308 0.6133
vn -0.3937 -0.7037 0.5914
vn -0.3931 -0.7044 0.5910
vn -0.3470 -0.7184 0.6029
vn -0.3949 -0.7038 0.5905
vn -0.2996 -0.7308 0.6133
vn -0.1754 -0.7705 0.6128
vn -0.3952 -0.7033 0.5909
vn -0.3462 -0.7194 0.6022
vn -0.6425 -0.5869 0.4926
vn -0.5648 -0.6321 0.5306
vn -0.5653 -0.6319 0.5302
vn -0.7134 -0.5365 0.4507
vn -0.7135 -0.5368 0.4502
vn -0.4812 -0.6711 0.5639
vn -0.4821 -0.6701 0.5643
vn -0.5246 -0.6520 0.5475
vn -0.5649 -0.6320 0.5305
vn -0.4819 -0.6711 0.5634
vn -0.4375 -0.6887 0.5781
vn -0.4393 -0.6882 0.5774
vn -0.5782 -0.6143 0.5370
vn -0.5233 -0.6528 0.5478
vn -0.7136 -0.5367 0.4503
vn -0.6441 -0.5857 0.4921
vn -0.9058 -0.3252 0.2714
vn -0.8851 -0.3563 0.2994
vn -0.9065 -0.3228 0.2723
vn -0.9256 -0.2879 0.2457
vn -0.8609 -0.3899 0.3267
vn -0.8355 -0.4210 0.3533
vn -0.8349 -0.4216 0.3538
vn -0.8609 -0.3908 0.3259
vn -0.8356 -0.4206 0.3533
vn -0.8843 -0.3584 0.2991
vn -0.8850 -0.3568 0.2990
vn -0.9258 -0.2896 0.2429
vn -0.9307 -0.2886 0.2249
vn -0.8078 -0.4519 0.3785
vn -0.7782 -0.4811 0.4037
vn -0.8076 -0.4518 0.3791
vn -0.7612 -0.4948 0.4192
vn -0.7779 -0.4819 0.4033
vn -0.7785 -0.4811 0.4030
vn -0.8847 -0.3571 0.2996
vn -0.9599 -0.2158 0.1790
vn -0.9580 -0.2197 0.1843
vn -0.9810 -0.1459 0.1276
vn -0.2102 -0.7846 0.5833
vn -0.3836 -0.7075 0.5936
vn -0.0008 -0.7661 0.6427
vn -0.1553 -0.7670 0.6226
vn -0.0008 -0.7660 0.6428
vn -0.5561 -0.6367 0.5342
vn -0.4719 -0.6754 0.5667
vn -0.6424 -0.5874 0.4923
vn -0.4810 -0.6715 0.5638
vn -0.7075 -0.5414 0.4543
vn -0.0008 -0.7659 0.6429
vn -0.3828 -0.7077 0.5938
vn -0.5556 -0.6369 0.5345
vn -0.7070 -0.5417 0.4546
vn -0.8317 -0.4254 0.3569
vn -0.8354 -0.4208 0.3535
vn -0.9240 -0.2930 0.2459
vn -0.9833 -0.1537 0.0974
vn -0.9384 -0.2495 0.2389
vn -1.0000 -0.0007 0.0005
vn -0.8313 -0.4258 0.3573
vn -0.8818 -0.3612 0.3031
vn -0.9236 -0.2936 0.2464
vn -1.0000 -0.0005 0.0006
vn -0.2987 0.7308 0.6138
vn -0.2005 0.7506 0.6296
vn -0.2016 0.7503 0.6296
vn -0.3932 0.7045 0.5909
vn -0.2977 0.7316 0.6134
vn -0.3464 0.7186 0.6030
vn -0.3952 0.7047 0.5892
vn -0.3943 0.7038 0.5910
vn -0.2997 0.7308 0.6133
vn -0.3955 0.7038 0.5901
vn -0.3475 0.7187 0.6023
vn -0.6434 0.5871 0.4912
vn -0.5657 0.6317 0.5300
vn -0.6426 0.5871 0.4923
vn -0.7134 0.5366 0.4507
vn -0.4825 0.6717 0.5621
vn -0.4811 0.6716 0.5635
vn -0.5655 0.6320 0.5299
vn -0.5244 0.6524 0.5472
vn -0.5642 0.6323 0.5309
vn -0.4816 0.6713 0.5634
vn -0.4399 0.6879 0.5774
vn -0.4827 0.6722 0.5614
vn -0.5767 0.6349 0.5141
vn -0.5242 0.6523 0.5476
vn -0.7135 0.5365 0.4506
vn -0.6427 0.5869 0.4925
vn -0.9059 0.3244 0.2723
vn -0.8851 0.3567 0.2990
vn -0.9065 0.3242 0.2706
vn -0.9295 0.2902 0.2276
vn -0.9257 0.2897 0.2431
vn -0.8603 0.3889 0.3296
vn -0.8355 0.4210 0.3533
vn -0.8612 0.3893 0.3267
vn -0.8356 0.4208 0.3531
vn -0.8343 0.4205 0.3565
vn -0.8847 0.3570 0.2998
vn -0.8850 0.3566 0.2994
vn -0.9258 0.2897 0.2429
vn -0.8089 0.4502 0.3780
vn -0.7785 0.4808 0.4035
vn -0.8080 0.4514 0.3786
vn -0.7778 0.4810 0.4047
vn -0.7641 0.4940 0.4149
vn -0.7786 0.4809 0.4032
vn -0.9335 0.2896 0.2115
vn -0.8847 0.3573 0.2994
vn -0.9578 0.2207 0.1843
vn -0.9810 0.1511 0.1215
vn -0.9601 0.2127 0.1815
vn -0.2098 0.7064 0.6760
vn -0.3836 0.7074 0.5936
vn -0.0010 0.7659 0.6430
vn -0.4409 0.6870 0.5777
vn -0.0007 0.7660 0.6428
vn -0.5562 0.6366 0.5342
vn -0.4719 0.6754 0.5667
vn -0.7075 0.5414 0.4543
vn -0.0008 0.7661 0.6427
vn -0.3827 0.7077 0.5938
vn -0.5555 0.6370 0.5345
vn -0.7070 0.5418 0.4546
vn -0.7146 0.5360 0.4496
vn -0.8317 0.4253 0.3569
vn -0.8354 0.4214 0.3528
vn -0.9240 0.2929 0.2458
vn -0.9833 0.1228 0.1346
vn -1.0000 0.0006 0.0006
vn -0.8313 0.4258 0.3573
vn -0.8818 0.3612 0.3031
vn -0.9236 0.2936 0.2464
vn -1.0000 0.0008 0.0004
vn -0.3889 0.9108 0.1386
vn -0.3974 0.9071 0.1387
vn -0.4000 0.9057 0.1405
vn -0.3722 0.9182 0.1356
vn -0.3723 0.9173 0.1409
vn -0.3625 0.9228 0.1306
vn -0.3672 0.9197 0.1390
vn -0.3539 0.9253 0.1362
vn -0.3720 0.9191 0.1299
vn -0.4118 0.9003 0.1408
vn -0.4183 0.8969 0.1438
vn -0.4223 0.8946 0.1462
vn -0.4071 0.9042 0.1295
vn -0.6441 0.7311 0.2250
vn -0.6519 0.7227 0.2297
vn -0.6503 0.7245 0.2285
vn -0.6416 0.7334 0.2245
vn -0.6469 0.7281 0.2267
vn -0.6509 0.7241 0.2281
vn -0.6450 0.7301 0.2258
vn -0.6427 0.7335 0.2211
vn -0.6387 0.7367 0.2222
vn -0.6358 0.7396 0.2207
vn -0.6383 0.7366 0.2238
vn -0.6398 0.7358 0.2219
vn -0.6349 0.7405 0.2206
vn -0.6315 0.7442 0.2179
vn -0.6201 0.7522 0.2227
vn -0.6306 0.7454 0.2161
vn -0.6589 0.7144 0.2356
vn -0.6658 0.7078 0.2360
vn -0.6659 0.7076 0.2366
vn -0.6438 0.7259 0.2419
vn -0.8014 0.5050 0.3205
vn -0.8071 0.4914 0.3272
vn -0.8076 0.4888 0.3298
vn -0.7943 0.5133 0.3249
vn -0.8121 0.4858 0.3233
vn -0.8193 0.4618 0.3399
vn -0.8235 0.4501 0.3453
vn -0.8214 0.4573 0.3408
vn -0.8163 0.4715 0.3336
vn -0.8163 0.4652 0.3424
vn -0.8119 0.4803 0.3319
vn -0.8185 0.4674 0.3340
vn -0.8119 0.4801 0.3320
vn -0.8774 0.2321 0.4200
vn -0.8755 0.2230 0.4287
vn -0.8761 0.2293 0.4241
vn -0.8723 0.2388 0.4266
vn -0.8837 0.2120 0.4172
vn -0.8762 0.2205 0.4285
vn -0.8749 0.2261 0.4283
vn -0.8771 0.2380 0.4172
vn -0.8699 0.2528 0.4235
vn -0.8788 0.2048 0.4309
vn -0.8783 0.1790 0.4434
vn -0.8787 0.1862 0.4396
vn -0.8792 0.2116 0.4269
vn -0.8779 0.1926 0.4384
vn -0.8775 0.1996 0.4360
vn -0.8776 0.2055 0.4331
vn -0.8780 0.1923 0.4383
vn -0.8765 0.1871 0.4435
vn -0.8769 0.2098 0.4325
vn -0.8765 0.2170 0.4298
vn -0.8764 0.2232 0.4268
vn -0.8761 0.2179 0.4301
vn -0.8770 0.2103 0.4321
vn -0.8791 0.2140 0.4259
vn -0.8799 0.1713 0.4432
vn -0.8794 0.1622 0.4475
vn -0.8785 0.1615 0.4496
vn -0.8795 0.1757 0.4423
vn -0.8528 -0.0551 0.5193
vn -0.8488 -0.0708 0.5240
vn -0.8504 -0.0670 0.5218
vn -0.8534 -0.0432 0.5195
vn -0.8553 -0.0344 0.5170
vn -0.8414 -0.0956 0.5319
vn -0.8360 -0.1130 0.5369
vn -0.8385 -0.1070 0.5344
vn -0.8419 -0.0938 0.5314
vn -0.8388 -0.0823 0.5381
vn -0.8426 -0.0921 0.5306
vn -0.8420 -0.0915 0.5316
vn -0.8471 -0.0832 0.5248
vn -0.8438 -0.0918 0.5288
vn -0.8495 -0.0750 0.5223
vn -0.8446 -0.0787 0.5297
vn -0.8497 -0.0723 0.5222
vn -0.8444 -0.0396 0.5343
vn -0.8457 -0.0816 0.5273
vn -0.8526 -0.0709 0.5178
vn -0.8464 -0.0777 0.5269
vn -0.8544 -0.0603 0.5162
vn -0.8374 -0.1126 0.5349
vn -0.8261 -0.1385 0.5463
vn -0.8346 -0.1231 0.5369
vn -0.8333 -0.1299 0.5373
vn -0.6897 -0.3830 0.6145
vn -0.6727 -0.4004 0.6222
vn -0.6796 -0.3938 0.6189
vn -0.6980 -0.3730 0.6113
vn -0.6782 -0.3971 0.6184
vn -0.7032 -0.3641 0.6107
vn -0.6834 -0.3923 0.6157
vn -0.7049 -0.3610 0.6106
vn -0.6986 -0.3620 0.6172
vn -0.6715 -0.4025 0.6222
vn -0.6571 -0.4185 0.6270
vn -0.6622 -0.4135 0.6249
vn -0.6678 -0.3949 0.6310
vn -0.2804 0.9530 0.1149
vn -0.1887 0.9767 0.1021
vn -0.3671 0.9208 0.1318
vn -0.3451 0.9306 0.1220
vn -0.1900 0.9765 0.1022
vn -0.6123 0.7619 0.2111
vn -0.6136 0.7581 0.2207
vn -0.7748 0.5548 0.3032
vn -0.7250 0.6342 0.2687
vn -0.5819 0.7887 0.1983
vn -0.6414 0.7337 0.2244
vn -0.5166 0.8384 0.1739
vn -0.4402 0.8852 0.1503
vn -0.8011 0.5027 0.3249
vn -0.8076 0.4887 0.3302
vn -0.7363 0.6175 0.2765
vn -0.5103 0.8427 0.1718
vn -0.3667 0.9210 0.1318
vn -0.3853 0.9127 0.1361
vn -0.4038 0.9040 0.1406
vn -0.6371 0.7381 0.2221
vn -0.6818 0.6895 0.2443
vn -0.6596 0.7146 0.2329
vn -0.8020 0.5021 0.3235
vn -0.0003 0.9958 0.0917
vn -0.8540 0.3526 0.3827
vn -0.8763 0.2089 0.4342
vn -0.8766 0.2802 0.3912
vn -0.8729 0.0595 0.4843
vn -0.8287 0.4379 0.3486
vn -0.8501 0.3708 0.3738
vn -0.8609 -0.0162 0.5086
vn -0.8619 -0.0494 0.5047
vn -0.7094 -0.3533 0.6098
vn -0.7171 -0.3586 0.5976
vn -0.7343 -0.3181 0.5997
vn -0.5510 -0.5164 0.6556
vn -0.6825 -0.3877 0.6196
vn -0.8413 -0.0928 0.5325
vn -0.0004 -0.7071 0.7071
vn -0.2104 -0.6822 0.7002
vn -0.2012 -0.6842 0.7010
vn -0.4075 -0.6097 0.6799
vn -0.4742 -0.5705 0.6705
vn -0.3899 -0.6175 0.6831
vn -0.5691 -0.5037 0.6499
vn -0.0000 -0.7071 0.7071
vn -0.7778 -0.2457 0.5786
vn -0.8798 0.1484 0.4516
vn -0.8760 0.0706 0.4772
vn -0.7910 -0.2252 0.5689
vn -0.8250 -0.1475 0.5455
vn -0.3115 -0.6516 0.6916
vn -0.6396 -0.4385 0.6313
vn -0.8091 0.4863 0.3299
vn -0.8160 0.4704 0.3360
vn -0.6428 0.7322 0.2251
vn -0.6483 0.7266 0.2275
vn -0.8758 0.2316 0.4235
vn -0.8768 0.2210 0.4270
vn -0.8776 0.2103 0.4308
vn -0.0001 0.9958 0.0917
vn -0.8789 0.1894 0.4379
vn -0.8513 -0.0660 0.5205
vn -0.8549 -0.0578 0.5155
vn -0.8392 -0.1071 0.5332
vn -0.7020 -0.3667 0.6106
vn -0.6872 -0.3852 0.6159
vn -0.6719 -0.4034 0.6212
vn -0.8485 -0.0763 0.5237
vn -0.8455 -0.0867 0.5269
vn -0.3601 -0.6320 0.6862
vn -0.7092 0.3544 0.6094
vn -0.6888 0.3809 0.6168
vn -0.7043 0.3614 0.6111
vn -0.6956 0.3759 0.6122
vn -0.6735 0.3997 0.6218
vn -0.7478 0.3156 0.5841
vn -0.7188 0.3417 0.6054
vn -0.7321 0.3222 0.6002
vn -0.7263 0.3357 0.5998
vn -0.8554 0.0575 0.5148
vn -0.8464 0.0775 0.5269
vn -0.8496 0.0662 0.5233
vn -0.8516 0.0702 0.5194
vn -0.8451 0.0862 0.5277
vn -0.8488 0.0709 0.5239
vn -0.8408 0.0949 0.5330
vn -0.8344 0.1163 0.5387
vn -0.8633 0.0224 0.5041
vn -0.8538 0.0505 0.5182
vn -0.8583 0.0299 0.5123
vn -0.8533 0.0541 0.5186
vn -0.8574 0.0290 0.5139
vn -0.8548 0.0441 0.5171
vn -0.8551 0.0528 0.5158
vn -0.8748 -0.2276 0.4277
vn -0.8770 -0.1986 0.4376
vn -0.8754 -0.2185 0.4311
vn -0.8778 -0.2089 0.4311
vn -0.8783 -0.1792 0.4432
vn -0.8724 -0.2695 0.4077
vn -0.8739 -0.2391 0.4232
vn -0.8715 -0.2582 0.4169
vn -0.8741 -0.2486 0.4173
vn -0.8499 -0.3842 0.3606
vn -0.8496 -0.3739 0.3720
vn -0.8469 -0.3831 0.3687
vn -0.8480 -0.3699 0.3794
vn -0.8522 -0.3622 0.3776
vn -0.8480 -0.3767 0.3728
vn -0.8532 -0.3576 0.3798
vn -0.8579 -0.3381 0.3869
vn -0.8378 -0.4195 0.3494
vn -0.8432 -0.3942 0.3656
vn -0.8365 -0.4130 0.3602
vn -0.8441 -0.3883 0.3697
vn -0.8401 -0.4049 0.3608
vn -0.8431 -0.3922 0.3678
vn -0.8444 -0.3947 0.3622
vn -0.8031 -0.5035 0.3187
vn -0.8107 -0.4825 0.3316
vn -0.8068 -0.4916 0.3277
vn -0.8130 -0.4795 0.3303
vn -0.8147 -0.4727 0.3358
vn -0.8082 -0.4878 0.3298
vn -0.8160 -0.4702 0.3362
vn -0.8244 -0.4501 0.3432
vn -0.7893 -0.5293 0.3112
vn -0.7940 -0.5192 0.3163
vn -0.7904 -0.5248 0.3161
vn -0.7934 -0.5223 0.3127
vn -0.7984 -0.5101 0.3200
vn -0.7913 -0.5237 0.3154
vn -0.8000 -0.5058 0.3227
vn -0.8029 -0.5001 0.3244
vn -0.8090 -0.4995 0.3098
vn -0.7996 -0.5077 0.3207
vn -0.7865 -0.5417 0.2965
vn -0.7953 -0.5087 0.3299
vn -0.8012 -0.5058 0.3197
vn -0.8037 -0.4994 0.3235
vn -0.8089 -0.4931 0.3203
vn -0.8079 -0.4905 0.3266
vn -0.7728 -0.5665 0.2862
vn -0.7825 -0.5404 0.3095
vn -0.7729 -0.5574 0.3032
vn -0.7801 -0.5462 0.3051
vn -0.6501 -0.7221 0.2363
vn -0.6665 -0.7067 0.2374
vn -0.6517 -0.7234 0.2279
vn -0.6653 -0.7077 0.2378
vn -0.6806 -0.6907 0.2444
vn -0.6175 -0.7541 0.2238
vn -0.6303 -0.7443 0.2207
vn -0.6212 -0.7536 0.2149
vn -0.6307 -0.7456 0.2152
vn -0.6353 -0.7403 0.2198
vn -0.6218 -0.7532 0.2146
vn -0.6374 -0.7377 0.2225
vn -0.6435 -0.7317 0.2247
vn -0.6345 -0.7412 0.2193
vn -0.6443 -0.7299 0.2283
vn -0.5889 -0.7863 0.1868
vn -0.6057 -0.7683 0.2071
vn -0.5908 -0.7811 0.2024
vn -0.6049 -0.7686 0.2082
vn -0.3533 -0.9265 0.1291
vn -0.3778 -0.9160 0.1349
vn -0.3551 -0.9259 0.1289
vn -0.3814 -0.9151 0.1311
vn -0.3990 -0.9062 0.1397
vn -0.3087 -0.9431 0.1237
vn -0.3329 -0.9346 0.1252
vn -0.3061 -0.9446 0.1184
vn -0.3316 -0.9349 0.1263
vn -0.0000 0.7071 0.7071
vn -0.1016 0.7013 0.7055
vn -0.0550 0.7054 0.7067
vn -0.1712 0.6906 0.7026
vn -0.2006 0.6843 0.7011
vn -0.2964 0.6565 0.6936
vn -0.2793 0.6625 0.6950
vn -0.3317 0.6435 0.6899
vn -0.3886 0.6181 0.6833
vn -0.1055 0.7009 0.7054
vn -0.2254 0.6784 0.6993
vn -0.2096 0.6825 0.7002
vn -0.3102 0.6521 0.6918
vn -0.4316 0.5965 0.6767
vn -0.3825 0.6215 0.6837
vn -0.4779 0.5689 0.6693
vn -0.4492 0.5860 0.6744
vn -0.4058 0.6105 0.6801
vn -0.4732 0.5713 0.6705
vn -0.5504 0.5169 0.6557
vn -0.6201 0.4555 0.6387
vn -0.6031 0.4728 0.6424
vn -0.8023 0.1991 0.5627
vn -0.7784 0.2449 0.5781
vn -0.8138 0.1694 0.5559
vn -0.7823 0.2394 0.5751
vn -0.7347 0.3176 0.5995
vn -0.5222 0.5387 0.6611
vn -0.6825 0.3876 0.6196
vn -0.5634 0.5073 0.6520
vn -0.5684 0.5043 0.6501
vn -0.8416 0.0919 0.5323
vn -0.8729 -0.0602 0.4841
vn -0.8733 -0.0557 0.4839
vn -0.8610 0.0156 0.5084
vn -0.8779 -0.1355 0.4592
vn -0.8762 -0.2100 0.4338
vn -0.8771 -0.0977 0.4703
vn -0.4902 0.5618 0.6664
vn -0.6407 0.4360 0.6320
vn -0.6392 0.4389 0.6314
vn -0.6661 0.4078 0.6244
vn -0.7018 0.3669 0.6106
vn -0.7265 0.3334 0.6009
vn -0.7911 0.2250 0.5689
vn -0.8204 0.1559 0.5501
vn -0.8252 0.1470 0.5454
vn -0.8404 0.1089 0.5309
vn -0.8667 -0.0031 0.4988
vn -0.8764 -0.0759 0.4755
vn -0.8788 -0.1388 0.4566
vn -0.8792 -0.1836 0.4397
vn -0.8798 -0.1526 0.4502
vn -0.8680 -0.2831 0.4080
vn -0.8537 -0.3536 0.3822
vn -0.8336 -0.4221 0.3563
vn -0.8072 -0.4896 0.3297
vn -0.8243 -0.4525 0.3402
vn -0.8657 -0.3031 0.3984
vn -0.7744 -0.5554 0.3029
vn -0.5200 -0.8360 0.1751
vn -0.5820 -0.7886 0.1983
vn -0.5171 -0.8380 0.1741
vn -0.2089 -0.9723 0.1044
vn -0.2817 -0.9526 0.1150
vn -0.1912 -0.9762 0.1022
vn -0.3684 -0.9202 0.1321
vn -0.4461 -0.8820 0.1519
vn -0.4814 -0.8613 0.1625
vn -0.6918 -0.6774 0.2502
vn -0.7059 -0.6595 0.2584
vn -0.7360 -0.6179 0.2764
vn -0.6671 -0.7066 0.2361
vn -0.4081 -0.9019 0.1417
vn -0.4415 -0.8845 0.1507
vn -0.6412 -0.7339 0.2243
vn -0.0535 -0.9943 0.0925
vn -0.0972 -0.9908 0.0944
vn -0.0004 -0.9958 0.0917
vn -0.1584 -0.9824 0.0990
vn -0.7309 -0.6255 0.2729
vn -0.6795 -0.6932 0.2403
vn -0.7247 -0.6346 0.2686
vn -0.5763 -0.7934 0.1959
vn -0.5108 -0.8423 0.1719
vn -0.4039 -0.9049 0.1339
vn -0.4412 -0.8847 0.1505
vn -0.2810 -0.9528 0.1149
vn -0.1064 -0.9898 0.0950
vn -0.0955 -0.9910 0.0943
vn -0.1896 -0.9765 0.1022
vn -0.0003 -0.9958 0.0917
vn -0.7497 0.2985 0.5906
vn -0.8429 0.1043 0.5278
vn -0.8515 0.0654 0.5203
vn -0.8557 0.0488 0.5151
vn -0.8737 -0.2504 0.4170
vn -0.8757 -0.2325 0.4231
vn -0.8597 0.0317 0.5098
vn -0.8634 -0.3215 0.3889
vn -0.8432 -0.3558 0.4029
vn -0.8499 -0.3716 0.3735
vn -0.8715 -0.2680 0.4108
vn -0.8471 -0.3815 0.3700
vn -0.8442 -0.3914 0.3662
vn -0.8384 -0.4102 0.3590
vn -0.7144 0.3504 0.6057
vn -0.8537 0.0571 0.5177
vn -0.8261 -0.4448 0.3459
vn -0.8159 -0.4704 0.3361
vn -0.7651 -0.5724 0.2949
vn -0.6816 -0.6897 0.2443
vn -0.8036 -0.4867 0.3426
vn -0.6586 -0.7147 0.2354
vn -0.7929 -0.5210 0.3160
vn -0.3681 -0.9204 0.1321
vn -0.6073 -0.7666 0.2088
vn -0.6369 -0.7383 0.2220
vn -0.3252 -0.9376 0.1230
vn -0.3472 -0.9290 0.1277
vn -0.6221 -0.7526 0.2156
vn -0.6298 -0.7452 0.2191
vn -0.7839 -0.5386 0.3089
vn -0.8016 -0.5029 0.3232
vn -0.7994 -0.5076 0.3213
vn -0.7973 -0.5120 0.3196
vn -0.0000 -0.5681 -0.8229
vn -0.0027 -0.6803 -0.7329
vn -0.0000 -0.6724 -0.7402
vn 0.0001 -0.5746 -0.8184
vn 0.0027 -0.6803 -0.7329
vn -0.0000 -0.7673 -0.6413
vn -0.0000 -0.8483 -0.5294
vn -0.0000 -0.8483 -0.5296
vn 0.0011 -0.7669 -0.6418
vn -0.0007 -0.7675 -0.6410
vn -0.0000 -0.9138 -0.4063
vn -0.0000 -0.9613 -0.2754
vn -0.0000 -0.9614 -0.2753
vn 0.0015 -0.9135 -0.4068
vn -0.0002 -0.9137 -0.4065
vn 0.0011 -0.9903 -0.1391
vn -0.0000 -0.9903 -0.1392
vn -0.0007 -0.9903 -0.1391
vn 0.0045 -0.4394 -0.8983
vn -0.0026 -0.5626 -0.8267
vn 0.0013 -0.6744 -0.7384
vn -0.0000 -0.8525 -0.5227
vn -0.0014 -0.6744 -0.7383
vn -0.0045 -0.4394 -0.8983
vn -0.0000 -0.9624 -0.2715
vn 0.0001 -1.0000 -0.0008
vn -0.0000 0.9893 -0.1460
vn -0.0024 0.9599 -0.2802
vn -0.0000 0.9575 -0.2885
vn -0.0002 0.9893 -0.1460
vn -0.0000 0.9575 -0.2886
vn -0.0000 0.9096 -0.4155
vn 0.0001 0.8448 -0.5350
vn -0.0000 0.8451 -0.5346
vn 0.0066 0.9111 -0.4122
vn -0.0007 0.9097 -0.4152
vn 0.0025 0.8501 -0.5266
vn -0.0000 0.7659 -0.6429
vn -0.0001 0.6730 -0.7397
vn -0.0000 0.6732 -0.7395
vn 0.0011 0.7670 -0.6417
vn 0.0017 0.7703 -0.6377
vn 0.0001 0.6730 -0.7397
vn 0.0014 0.5687 -0.8226
vn -0.0000 0.5686 -0.8226
vn 0.0001 1.0000 -0.0008
vn 0.0010 0.9894 -0.1452
vn 0.0012 0.9612 -0.2759
vn -0.0000 0.9624 -0.2715
vn -0.0012 0.8499 -0.5270
vn 0.0020 0.8486 -0.5290
vn -0.0000 0.6786 -0.7345
vn 0.0001 0.4544 -0.8908
vn -0.0021 0.6727 -0.7399
vn -0.0001 0.4544 -0.8908
vn 0.0871 0.0008 0.9962
vn 0.0872 0.0009 0.9962
vn 0.0903 0.3285 0.9402
vn 0.0636 0.8451 0.5309
vn 0.0495 0.7231 0.6889
vn 0.0824 0.6206 0.7798
vn 0.0221 0.9829 0.1828
vn 0.0163 0.9369 0.3492
vn 0.0779 0.3874 0.9186
vn 0.0872 0.0010 0.9962
vn -0.0100 0.9829 -0.1839
vn -0.0447 0.9369 -0.3466
vn -0.0210 0.9998 0.0018
vn -0.0543 0.6198 -0.7829
vn -0.0828 0.3874 -0.9182
vn -0.0707 0.7231 -0.6871
vn -0.0748 0.3307 -0.9408
vn -0.0296 0.8450 -0.5339
vn -0.0871 0.0008 -0.9962
vn 0.0872 -0.0000 0.9962
vn 0.0871 -0.0000 0.9962
vn -0.0872 -0.0008 -0.9962
vn -0.0873 -0.0009 -0.9962
vn -0.0745 -0.3287 -0.9415
vn -0.0295 -0.8450 -0.5340
vn -0.0707 -0.7230 -0.6872
vn -0.0544 -0.6207 -0.7822
vn -0.0100 -0.9829 -0.1839
vn -0.0446 -0.9369 -0.3467
vn -0.0828 -0.3874 -0.9182
vn 0.0222 -0.9829 0.1829
vn 0.0163 -0.9369 0.3492
vn -0.0217 -0.9998 0.0019
vn 0.0823 -0.6207 0.7797
vn 0.0778 -0.3874 0.9186
vn 0.0496 -0.7231 0.6890
vn 0.0871 -0.0008 0.9962
vn 0.0903 -0.3285 0.9402
vn 0.0872 -0.0008 0.9962
vn 0.0636 -0.8450 0.5310
vn 0.0872 -0.0010 0.9962
vn 0.2993 -0.7310 0.6132
vn 0.3942 -0.7041 0.5907
vn 0.3940 -0.7040 0.5908
vn 0.2010 -0.7506 0.6295
vn 0.2018 -0.7505 0.6293
vn 0.2993 -0.7309 0.6133
vn 0.3942 -0.7035 0.5913
vn 0.2015 -0.7503 0.6296
vn 0.7145 -0.5355 0.4502
vn 0.5649 -0.6321 0.5304
vn 0.5652 -0.6319 0.5303
vn 0.4814 -0.6714 0.5635
vn 0.5774 -0.6398 0.5073
vn 0.4820 -0.6718 0.5624
vn 0.5647 -0.6319 0.5308
vn 0.7139 -0.5364 0.4501
vn 0.9377 -0.2897 0.1920
vn 0.8356 -0.4208 0.3532
vn 0.9258 -0.2897 0.2430
vn 0.8358 -0.4211 0.3524
vn 0.8852 -0.3565 0.2988
vn 0.8354 -0.4210 0.3535
vn 0.8355 -0.4212 0.3530
vn 0.9317 -0.2932 0.2143
vn 0.9259 -0.2895 0.2428
vn 0.7779 -0.4816 0.4037
vn 0.7141 -0.5363 0.4500
vn 0.7787 -0.4800 0.4039
vn 0.8851 -0.3560 0.2998
vn 0.9809 -0.1489 0.1248
vn 0.1820 -0.7161 0.6739
vn 0.3836 -0.7074 0.5936
vn 0.0005 -0.7658 0.6431
vn 0.0009 -0.7660 0.6428
vn 0.3942 -0.7059 0.5885
vn 0.7075 -0.5413 0.4543
vn 0.5561 -0.6366 0.5342
vn 0.4719 -0.6752 0.5669
vn 0.7139 -0.5367 0.4497
vn 0.0009 -0.7661 0.6428
vn 0.0008 -0.7661 0.6427
vn 0.3827 -0.7077 0.5938
vn 0.5560 -0.6368 0.5342
vn 0.7070 -0.5418 0.4546
vn 0.9240 -0.2932 0.2454
vn 0.8317 -0.4253 0.3569
vn 1.0000 -0.0006 0.0006
vn 1.0000 -0.0007 0.0005
vn 0.9801 -0.1464 0.1342
vn 1.0000 -0.0006 0.0005
vn 0.8313 -0.4258 0.3573
vn 0.8818 -0.3614 0.3031
vn 0.9236 -0.2936 0.2464
vn 1.0000 -0.0007 0.0004
vn 0.2981 0.7310 0.6138
vn 0.2015 0.7503 0.6296
vn 0.2992 0.7308 0.6135
vn 0.3938 0.7043 0.5906
vn 0.3470 0.7184 0.6029
vn 0.3941 0.7027 0.5924
vn 0.3942 0.7040 0.5907
vn 0.2996 0.7308 0.6133
vn 0.1755 0.7704 0.6129
vn 0.3934 0.7050 0.5901
vn 0.3469 0.7183 0.6031
vn 0.6433 0.5861 0.4926
vn 0.5655 0.6314 0.5306
vn 0.5650 0.6320 0.5304
vn 0.7135 0.5365 0.4506
vn 0.7144 0.5362 0.4495
vn 0.4813 0.6709 0.5641
vn 0.4816 0.6710 0.5638
vn 0.5241 0.6522 0.5477
vn 0.5647 0.6321 0.5306
vn 0.4818 0.6712 0.5634
vn 0.4379 0.6886 0.5781
vn 0.4381 0.6889 0.5775
vn 0.5238 0.6529 0.5472
vn 0.7136 0.5367 0.4503
vn 0.6444 0.5856 0.4918
vn 0.9075 0.3197 0.2725
vn 0.8849 0.3565 0.2998
vn 0.9066 0.3232 0.2715
vn 0.9258 0.2877 0.2454
vn 0.8608 0.3900 0.3269
vn 0.8358 0.4206 0.3528
vn 0.8356 0.4209 0.3531
vn 0.8608 0.3906 0.3264
vn 0.8849 0.3569 0.2992
vn 0.8813 0.3623 0.3034
vn 0.9259 0.2895 0.2428
vn 0.9314 0.2884 0.2219
vn 0.8078 0.4517 0.3787
vn 0.7785 0.4808 0.4035
vn 0.8079 0.4514 0.3789
vn 0.7617 0.4949 0.4182
vn 0.7780 0.4819 0.4031
vn 0.7785 0.4811 0.4030
vn 0.8850 0.3569 0.2990
vn 0.9602 0.2151 0.1784
vn 0.9580 0.2197 0.1843
vn 0.9810 0.1458 0.1278
vn 0.2102 0.7844 0.5835
vn 0.3836 0.7075 0.5936
vn 0.0008 0.7661 0.6427
vn 0.1556 0.7669 0.6226
vn 0.0008 0.7660 0.6428
vn 0.5561 0.6367 0.5342
vn 0.4719 0.6755 0.5666
vn 0.5863 0.6117 0.5311
vn 0.6434 0.5868 0.4916
vn 0.4810 0.6719 0.5632
vn 0.7075 0.5414 0.4543
vn 0.0008 0.7659 0.6429
vn 0.3828 0.7077 0.5938
vn 0.5556 0.6369 0.5345
vn 0.7070 0.5417 0.4546
vn 0.8317 0.4254 0.3569
vn 0.8355 0.4208 0.3535
vn 0.9240 0.2930 0.2459
vn 0.9833 0.1542 0.0962
vn 0.9388 0.2475 0.2397
vn 1.0000 0.0007 0.0005
vn 0.8313 0.4258 0.3573
vn 0.8818 0.3612 0.3031
vn 0.9236 0.2936 0.2464
vn 1.0000 0.0005 0.0006
vn -0.0870 0.0002 -0.9962
vn -0.0863 -0.0000 -0.9963
vn -0.0869 0.0003 -0.9962
vn -0.0884 0.0001 -0.9961
vn -0.0875 -0.0000 -0.9962
vn -0.0884 -0.0001 -0.9961
vn -0.0884 -0.0000 -0.9961
vn -0.0868 -0.0000 -0.9962
vn -0.0872 0.0004 -0.9962
vn -0.0870 -0.0000 -0.9962
vn -0.0870 -0.0002 -0.9962
vn -0.0864 0.0001 -0.9963
vn -0.0874 0.0001 -0.9962
vn -0.0873 0.0002 -0.9962
vn -0.0869 -0.0000 -0.9962
vn -0.0869 0.0001 -0.9962
vn -0.0876 -0.0001 -0.9962
vn -0.0877 0.0001 -0.9961
vn -0.0880 0.0003 -0.9961
vn -0.0878 -0.0002 -0.9961
vn -0.0877 -0.0000 -0.9961
vn -0.0874 -0.0000 -0.9962
vn -0.0870 0.0003 -0.9962
vn -0.0873 0.0003 -0.9962
vn -0.0871 0.0003 -0.9962
vn -0.0871 -0.0003 -0.9962
vn -0.0865 -0.0002 -0.9963
vn -0.0870 -0.0001 -0.9962
vn -0.0878 0.0002 -0.9961
vn -0.0880 -0.0003 -0.9961
vn -0.0877 -0.0001 -0.9961
vn -0.0876 0.0001 -0.9962
vn -0.0869 -0.0001 -0.9962
vn -0.0870 0.0001 -0.9962
vn -0.0868 0.0001 -0.9962
vn -0.0874 0.0003 -0.9962
vn -0.0880 0.0001 -0.9961
vn -0.0874 -0.0002 -0.9962
vn -0.0870 -0.0003 -0.9962
vn -0.0873 -0.0003 -0.9962
vn -0.0875 -0.0001 -0.9962
vn -0.0866 0.0003 -0.9962
vn -0.0862 0.0001 -0.9963
vn -0.0077 -0.9995 0.0307
vn 0.2042 -0.9775 -0.0535
vn -0.0080 -0.9989 0.0464
vn 0.2423 -0.9700 0.0207
vn 0.4039 -0.9033 -0.1442
vn 0.2261 -0.9723 -0.0587
vn 0.5024 -0.8626 -0.0586
vn 0.5928 -0.7968 -0.1170
vn 0.3989 -0.9040 -0.1536
vn 0.8627 -0.5000 -0.0755
vn 0.8763 -0.4732 -0.0899
vn 0.7722 -0.6236 -0.1222
vn 0.9623 -0.2588 -0.0842
vn 0.9668 -0.2410 -0.0856
vn 0.9213 -0.3658 -0.1321
vn -0.8627 -0.5000 0.0755
vn -0.7820 -0.6232 0.0133
vn -0.8790 -0.4723 0.0655
vn 0.0128 -0.9995 0.0289
vn -0.0548 -0.9925 -0.1091
vn -0.1315 -0.9907 -0.0336
vn -0.2350 -0.9700 0.0627
vn -0.3326 -0.9409 -0.0644
vn -0.3926 -0.9189 -0.0387
vn -0.5050 -0.8626 0.0296
vn -0.9962 -0.0000 0.0869
vn -0.9964 -0.0011 0.0853
vn -0.9963 -0.0000 0.0856
vn -0.9963 -0.0015 0.0855
vn -0.9963 -0.0013 0.0856
vn -0.9962 -0.0000 0.0868
vn -0.9963 -0.0011 0.0856
vn -0.9963 -0.0000 0.0855
vn -0.9963 -0.0000 0.0859
vn -0.9963 -0.0018 0.0856
vn -0.2020 0.9790 0.0263
vn -0.0008 1.0000 0.0003
vn -0.1415 0.9899 0.0132
vn -0.4138 0.9096 0.0362
vn -0.2808 0.9594 0.0254
vn -0.5594 0.8287 0.0166
vn -0.5337 0.8455 0.0188
vn -0.6588 0.7445 0.1081
vn -0.7106 0.6999 0.0720
vn -0.4615 0.8520 -0.2472
vn -0.3517 0.9343 0.0580
vn -0.5464 0.8355 0.0586
vn -0.4356 0.8972 -0.0733
vn -0.3594 0.8998 -0.2474
vn -0.6730 0.7396 -0.0055
vn -0.6304 0.7762 -0.0075
vn -0.7415 0.6625 0.1061
vn -0.8363 0.5462 0.0469
vn -0.9050 0.4188 0.0740
vn -0.9205 0.3877 0.0489
vn -0.7598 0.6498 0.0200
vn -0.7630 0.6440 0.0554
vn -0.9547 0.2635 0.1383
vn -0.9774 0.1911 0.0902
vn -0.9962 0.0002 0.0873
vn -0.9860 0.1420 0.0870
vn -0.9304 0.3572 0.0827
vn -0.8795 0.4756 0.0166
vn -0.7919 0.6071 0.0653
vn -0.9558 0.2923 0.0318
vn -0.9931 0.0516 0.1056
vn -0.9985 0.0539 0.0070
vn 0.9623 0.2588 -0.0842
vn 0.9101 0.3953 -0.1243
vn 0.9667 0.2410 -0.0856
vn 0.8627 0.5000 -0.0755
vn 0.7722 0.6235 -0.1222
vn 0.8764 0.4732 -0.0899
vn -0.0077 0.9995 0.0307
vn 0.0353 0.9926 -0.1163
vn 0.1238 0.9907 -0.0557
vn 0.2423 0.9700 0.0207
vn 0.3161 0.9410 -0.1209
vn 0.3772 0.9199 -0.1069
vn 0.5024 0.8626 -0.0586
vn 0.9963 -0.0000 -0.0862
vn 0.9961 0.0009 -0.0880
vn 0.9960 -0.0021 -0.0898
vn 0.9960 -0.0015 -0.0892
vn 0.9957 0.0012 -0.0921
vn 0.9957 -0.0000 -0.0926
vn 0.9959 0.0022 -0.0904
vn 0.9960 -0.0013 -0.0889
vn 0.9957 -0.0000 -0.0923
vn 0.9962 0.0004 -0.0865
vn 0.9960 -0.0015 -0.0889
vn 0.9957 0.0010 -0.0926
vn 0.9963 -0.0011 -0.0860
vn 0.9961 -0.0000 -0.0882
vn 0.9957 -0.0000 -0.0928
vn 0.9959 0.0021 -0.0907
vn 0.9963 0.0009 -0.0859
vn 0.9963 0.0003 -0.0865
vn 0.9960 -0.0014 -0.0893
vn 0.9957 0.0010 -0.0925
vn 0.9961 -0.0000 -0.0883
vn 0.9962 0.0005 -0.0873
vn 0.9962 -0.0000 -0.0866
vn 0.9961 -0.0013 -0.0888
vn 0.9957 0.0001 -0.0928
vn 0.9959 0.0023 -0.0907
vn 0.9957 -0.0000 -0.0929
vn 0.9958 0.0013 -0.0917
vn 0.9959 0.0022 -0.0908
vn 0.9958 0.0012 -0.0917
vn 0.9958 -0.0019 -0.0915
vn 0.9961 0.0003 -0.0883
vn 0.9957 0.0010 -0.0923
vn 0.9958 0.0019 -0.0915
vn 0.9963 -0.0010 -0.0858
vn 0.9957 0.0012 -0.0922
vn 0.9958 0.0017 -0.0917
vn 0.9958 0.0015 -0.0920
vn 0.9960 0.0015 -0.0888
vn 0.9958 0.0020 -0.0917
vn 0.9957 0.0013 -0.0923
vn 0.9958 0.0018 -0.0917
vn 0.9957 0.0016 -0.0922
vn 0.9961 -0.0000 -0.0879
vn 0.9963 -0.0000 -0.0858
vn 0.9962 -0.0002 -0.0867
vn 0.9963 -0.0000 -0.0861
vn 0.9963 -0.0003 -0.0863
vn 0.9962 -0.0003 -0.0870
vn 0.9963 -0.0000 -0.0860
vn 0.9964 0.0009 -0.0853
vn 0.9957 0.0016 -0.0923
vn 0.9961 0.0016 -0.0888
vn 0.9962 0.0006 -0.0870
vn 0.9960 -0.0016 -0.0891
vn 0.9958 0.0005 -0.0915
vn 0.9958 -0.0017 -0.0914
vn 0.9963 -0.0007 -0.0854
vn 0.9957 -0.0010 -0.0924
vn 0.9961 -0.0010 -0.0886
vn 0.9957 0.0003 -0.0926
vn 0.9958 -0.0017 -0.0915
vn 0.9963 -0.0000 -0.0859
vn 0.9958 0.0015 -0.0921
vn 0.9960 0.0011 -0.0896
vn 0.9964 -0.0003 -0.0849
vn 0.9959 -0.0021 -0.0906
vn 0.9963 0.0003 -0.0863
vn 0.9957 0.0015 -0.0922
vn 0.9962 -0.0000 -0.0868
vn 0.9957 0.0001 -0.0927
vn 0.9961 -0.0000 -0.0881
vn 0.9957 -0.0000 -0.0927
vn 0.9959 0.0022 -0.0907
vn 0.9959 -0.0016 -0.0901
vn 0.9958 0.0023 -0.0918
vn 0.9959 0.0021 -0.0909
vn 0.9908 0.0071 -0.1350
vn 0.9988 0.0049 0.0485
vn 0.9969 -0.0365 0.0704
vn 0.9988 -0.0257 -0.0415
vn 0.9957 0.0010 -0.0924
vn 0.9958 0.0020 -0.0915
vn 0.9963 -0.0010 -0.0859
vn 0.9958 0.0017 -0.0918
vn 0.9960 0.0016 -0.0891
vn 0.9957 0.0016 -0.0921
vn 0.9958 0.0019 -0.0914
vn 0.9958 0.0015 -0.0919
vn 0.9960 0.0015 -0.0892
vn 0.9961 -0.0001 -0.0883
vn 0.9964 -0.0003 -0.0852
vn 0.9934 -0.0408 0.1074
vn 0.9971 -0.0001 -0.0765
vn 0.9964 0.0003 -0.0852
vn 0.9964 0.0003 -0.0849
vn 0.9962 0.0013 -0.0868
vn 0.0465 -0.8451 0.5325
vn 0.0052 -0.9011 0.4337
vn 0.0331 -0.8374 0.5456
vn 0.8027 -0.4179 0.4256
vn -0.0614 -0.7068 -0.7047
vn 0.9816 -0.1842 0.0495
vn -0.0595 0.4756 -0.8777
vn -0.1385 -0.9815 0.1322
vn -0.9963 0.0014 0.0856
vn -0.8435 0.5370 0.0127
vn 0.1586 0.9815 0.1069
vn 0.7344 0.6739 -0.0810
vn -1.0000 -0.0001 -0.0000
vn -0.9688 0.2442 0.0428
vn 0.5816 -0.8065 -0.1068
vn -0.7370 -0.6743 0.0458
vn 0.9735 0.1994 -0.1117
vn -0.1361 0.9882 -0.0709
vn -0.0808 0.9953 0.0530
vn -0.0035 0.9998 0.0214
vn -0.9805 0.0835 0.1778
vn 0.0446 0.8201 0.5705
vn 0.0336 0.8871 0.4603
vn 0.0469 0.8453 0.5323
vn 0.9735 -0.1994 -0.1117
vn 0.5426 0.8340 -0.1001
vn 0.5815 0.8065 -0.1068
vn -0.5913 -0.8064 -0.0032
vn -0.8680 0.4961 0.0194
vn -0.5541 -0.8325 0.0006
vn -0.9671 -0.2417 0.0799
vn -0.9779 -0.1993 0.0625
vn -0.9962 -0.0009 0.0872
vn -0.9622 -0.2589 0.0842
vn 0.7344 -0.6738 -0.0811
vn -0.9177 -0.3958 0.0345
vn 0.9913 -0.1258 0.0395
vn -0.2108 0.1023 -0.9722
vn -0.0756 0.1791 -0.9809
vn -0.0870 0.0008 -0.9962
vn 0.1231 0.9850 -0.1209
vn -0.0248 0.9981 -0.0562
vn 0.0316 -0.9435 -0.3300
vn 0.1306 -0.9891 -0.0677
vn -0.0001 -1.0000 -0.0007
vn -0.0560 -0.8201 -0.5695
vn -0.0478 -0.8868 -0.4597
vn -0.0466 -0.8451 -0.5326
vn -0.0000 -1.0000 -0.0003
vt 0.096234 0.302612
vt 0.097047 0.301319
vt 0.096234 0.301319
vt 0.097047 0.303905
vt 0.096234 0.303905
vt 0.095827 0.302612
vt 0.095827 0.303905
vt 0.096234 0.307866
vt 0.097047 0.306546
vt 0.096234 0.306546
vt 0.097047 0.309186
vt 0.096234 0.309186
vt 0.095827 0.309186
vt 0.095827 0.307866
vt 0.097047 0.311775
vt 0.096234 0.314364
vt 0.097047 0.314364
vt 0.096234 0.311775
vt 0.097047 0.317002
vt 0.096234 0.319640
vt 0.097047 0.319640
vt 0.096234 0.317002
vt 0.097047 0.322318
vt 0.096234 0.324995
vt 0.097047 0.324995
vt 0.096234 0.322318
vt 0.097047 0.327564
vt 0.096234 0.330134
vt 0.097047 0.330134
vt 0.096234 0.327564
vt 0.096234 0.332703
vt 0.097047 0.332703
vt 0.098267 0.302612
vt 0.097861 0.303905
vt 0.098267 0.303905
vt 0.098267 0.301319
vt 0.097861 0.302612
vt 0.097861 0.301319
vt 0.098471 0.308526
vt 0.098267 0.309186
vt 0.098471 0.309186
vt 0.098471 0.307866
vt 0.098267 0.308526
vt 0.097861 0.309186
vt 0.097861 0.307866
vt 0.098267 0.307866
vt 0.098267 0.306546
vt 0.097861 0.306546
vt 0.097861 0.305225
vt 0.098471 0.305885
vt 0.098471 0.306546
vt 0.098471 0.305225
vt 0.098267 0.305885
vt 0.098267 0.305225
vt 0.098572 0.314040
vt 0.098471 0.314364
vt 0.098572 0.314364
vt 0.098572 0.313717
vt 0.098471 0.314040
vt 0.098267 0.314364
vt 0.098267 0.313717
vt 0.098471 0.313717
vt 0.098471 0.313069
vt 0.097861 0.314364
vt 0.097861 0.313069
vt 0.098267 0.313069
vt 0.098267 0.312422
vt 0.097861 0.311775
vt 0.098267 0.311775
vt 0.098572 0.312746
vt 0.098572 0.313069
vt 0.098572 0.312422
vt 0.098471 0.312746
vt 0.098471 0.312422
vt 0.098471 0.311775
vt 0.097861 0.310481
vt 0.098471 0.311128
vt 0.098471 0.310481
vt 0.098267 0.311128
vt 0.098267 0.310481
vt 0.098267 0.309833
vt 0.098471 0.309833
vt 0.098572 0.319640
vt 0.098471 0.319310
vt 0.098471 0.319640
vt 0.098572 0.319310
vt 0.098471 0.318980
vt 0.098267 0.319640
vt 0.098267 0.318980
vt 0.098471 0.318321
vt 0.097861 0.319640
vt 0.097861 0.318321
vt 0.098267 0.318321
vt 0.098267 0.317661
vt 0.097861 0.317002
vt 0.098267 0.317002
vt 0.098471 0.317661
vt 0.098471 0.317332
vt 0.098471 0.317002
vt 0.098572 0.317332
vt 0.098572 0.317661
vt 0.098572 0.317167
vt 0.098572 0.317002
vt 0.098623 0.317167
vt 0.098623 0.317332
vt 0.098623 0.317002
vt 0.097861 0.315683
vt 0.098572 0.316672
vt 0.098572 0.316342
vt 0.098471 0.316672
vt 0.098267 0.316342
vt 0.098471 0.316342
vt 0.098471 0.316013
vt 0.098267 0.315683
vt 0.098471 0.315683
vt 0.098572 0.316013
vt 0.098572 0.315683
vt 0.098267 0.315023
vt 0.098572 0.315353
vt 0.098572 0.315188
vt 0.098471 0.315353
vt 0.098471 0.315023
vt 0.098572 0.315023
vt 0.098623 0.315188
vt 0.098623 0.315353
vt 0.098623 0.315023
vt 0.098471 0.314694
vt 0.098649 0.314941
vt 0.098649 0.315023
vt 0.098649 0.314859
vt 0.098623 0.314941
vt 0.098572 0.314859
vt 0.098623 0.314859
vt 0.098623 0.314776
vt 0.098572 0.314694
vt 0.098623 0.314694
vt 0.098661 0.314817
vt 0.098661 0.314859
vt 0.098661 0.314776
vt 0.098649 0.314817
vt 0.098649 0.314776
vt 0.098649 0.314735
vt 0.098649 0.314694
vt 0.098668 0.314776
vt 0.098661 0.314755
vt 0.098668 0.314745
vt 0.098668 0.314755
vt 0.098661 0.314735
vt 0.098668 0.314735
vt 0.098671 0.314755
vt 0.098671 0.314745
vt 0.098671 0.314735
vt 0.098661 0.314714
vt 0.098661 0.314694
vt 0.098672 0.314735
vt 0.098672 0.314730
vt 0.098671 0.314730
vt 0.098668 0.314725
vt 0.098671 0.314725
vt 0.098671 0.314714
vt 0.098668 0.314714
vt 0.098668 0.314694
vt 0.098572 0.314529
vt 0.098649 0.314652
vt 0.098661 0.314652
vt 0.098649 0.314611
vt 0.098623 0.314611
vt 0.098649 0.314529
vt 0.098623 0.314529
vt 0.098267 0.323656
vt 0.097861 0.324995
vt 0.098267 0.324995
vt 0.098267 0.322318
vt 0.097861 0.323656
vt 0.097861 0.322318
vt 0.097861 0.320979
vt 0.098471 0.321648
vt 0.098471 0.322318
vt 0.098471 0.320979
vt 0.098267 0.321648
vt 0.098267 0.320979
vt 0.098267 0.320309
vt 0.098471 0.320309
vt 0.098267 0.328849
vt 0.097861 0.330134
vt 0.098267 0.330134
vt 0.098267 0.327564
vt 0.097861 0.328849
vt 0.097861 0.327564
vt 0.097861 0.326280
vt 0.098471 0.326922
vt 0.098471 0.327564
vt 0.098471 0.326280
vt 0.098267 0.326922
vt 0.098267 0.326280
vt 0.098267 0.325638
vt 0.098471 0.325638
vt 0.098471 0.324995
vt 0.097861 0.331418
vt 0.097861 0.332703
vt 0.098267 0.331418
vt 0.098267 0.332703
vt 0.095827 0.301319
vt 0.095420 0.301006
vt 0.095421 0.302137
vt 0.095422 0.302714
vt 0.095422 0.303300
vt 0.095421 0.305552
vt 0.095422 0.298732
vt 0.097048 0.298733
vt 0.095827 0.306546
vt 0.095421 0.306698
vt 0.095422 0.307280
vt 0.095422 0.307867
vt 0.095422 0.311277
vt 0.095421 0.310131
vt 0.095422 0.312435
vt 0.098673 0.298733
vt 0.098673 0.304428
vt 0.098673 0.303304
vt 0.098673 0.306137
vt 0.098673 0.308139
vt 0.098673 0.306702
vt 0.098674 0.300991
vt 0.098673 0.308971
vt 0.098673 0.310154
vt 0.098673 0.311244
vt 0.098673 0.312437
vt 0.098673 0.310686
vt 0.098673 0.312553
vt 0.098673 0.313462
vt 0.098673 0.312920
vt 0.098673 0.305587
vt 0.095421 0.314716
vt 0.095422 0.317002
vt 0.095421 0.319303
vt 0.095422 0.320439
vt 0.095421 0.323879
vt 0.095422 0.325012
vt 0.095422 0.321570
vt 0.095422 0.326137
vt 0.095421 0.328446
vt 0.095422 0.329574
vt 0.095422 0.330705
vt 0.095421 0.332999
vt 0.095422 0.335272
vt 0.097589 0.335272
vt 0.096506 0.335272
vt 0.098572 0.318980
vt 0.098623 0.314364
vt 0.098673 0.321571
vt 0.098673 0.320477
vt 0.098673 0.321879
vt 0.098673 0.328483
vt 0.098673 0.330705
vt 0.098673 0.322788
vt 0.098673 0.326138
vt 0.098673 0.331865
vt 0.098673 0.327324
vt 0.098673 0.326733
vt 0.098673 0.323960
vt 0.098673 0.335272
vt 0.098661 0.314611
vt 0.098673 0.314721
vt 0.098673 0.312672
vt 0.098673 0.314838
vt 0.098673 0.314740
vt 0.098673 0.314766
vt 0.098673 0.303862
vt 0.098673 0.307871
vt 0.098673 0.308411
vt 0.098673 0.305860
vt 0.098673 0.310417
vt 0.098673 0.316194
vt 0.098673 0.317005
vt 0.098673 0.315863
vt 0.098673 0.315068
vt 0.098673 0.316494
vt 0.098673 0.317324
vt 0.098673 0.317085
vt 0.098673 0.318225
vt 0.098673 0.319288
vt 0.098673 0.319442
vt 0.098673 0.317634
vt 0.098673 0.322185
vt 0.098673 0.331286
vt 0.098673 0.333010
vt 0.098673 0.317166
vt 0.098673 0.316033
vt 0.098673 0.315949
vt 0.098673 0.319894
vt 0.098673 0.326436
vt 0.098673 0.319594
vt 0.833151 0.481533
vt 0.834444 0.480719
vt 0.833151 0.480719
vt 0.834444 0.481533
vt 0.835737 0.480719
vt 0.827871 0.481533
vt 0.829191 0.480719
vt 0.827871 0.480719
vt 0.829191 0.481533
vt 0.830511 0.480719
vt 0.830511 0.481533
vt 0.831831 0.480719
vt 0.831831 0.481533
vt 0.822695 0.481939
vt 0.823342 0.481533
vt 0.822695 0.481533
vt 0.823342 0.481939
vt 0.823989 0.481533
vt 0.822695 0.480719
vt 0.823989 0.480719
vt 0.824636 0.481533
vt 0.825283 0.480719
vt 0.825283 0.481533
vt 0.823989 0.481939
vt 0.824636 0.481939
vt 0.826577 0.480719
vt 0.826577 0.481533
vt 0.817597 0.482244
vt 0.817756 0.482143
vt 0.817597 0.482143
vt 0.817756 0.482244
vt 0.817916 0.482143
vt 0.817597 0.481939
vt 0.817916 0.481939
vt 0.818234 0.481939
vt 0.817597 0.481533
vt 0.818234 0.481533
vt 0.818872 0.481533
vt 0.817597 0.480719
vt 0.818872 0.480719
vt 0.819509 0.481533
vt 0.820146 0.480719
vt 0.820146 0.481533
vt 0.818872 0.481939
vt 0.819828 0.481939
vt 0.819509 0.481939
vt 0.820146 0.481939
vt 0.819509 0.482143
vt 0.819828 0.482143
vt 0.820784 0.481533
vt 0.820784 0.481939
vt 0.821421 0.481533
vt 0.821421 0.480719
vt 0.822058 0.481533
vt 0.821421 0.481939
vt 0.822377 0.481939
vt 0.822058 0.481939
vt 0.822058 0.482143
vt 0.822377 0.482143
vt 0.812263 0.481939
vt 0.812930 0.481533
vt 0.812263 0.481533
vt 0.812930 0.481939
vt 0.813597 0.481533
vt 0.812263 0.480719
vt 0.813597 0.480719
vt 0.814263 0.481533
vt 0.814930 0.480719
vt 0.814930 0.481533
vt 0.813597 0.481939
vt 0.814263 0.481939
vt 0.814930 0.482143
vt 0.815263 0.481939
vt 0.814930 0.481939
vt 0.815263 0.482143
vt 0.815597 0.481939
vt 0.815597 0.481533
vt 0.816264 0.481533
vt 0.816264 0.480719
vt 0.816930 0.481533
vt 0.816264 0.481939
vt 0.817264 0.481939
vt 0.816930 0.481939
vt 0.816930 0.482143
vt 0.817264 0.482143
vt 0.806929 0.481939
vt 0.807596 0.481533
vt 0.806929 0.481533
vt 0.807596 0.481939
vt 0.808263 0.481533
vt 0.806929 0.480719
vt 0.808263 0.480719
vt 0.808929 0.481533
vt 0.809596 0.480719
vt 0.809596 0.481533
vt 0.808263 0.481939
vt 0.808929 0.481939
vt 0.808263 0.479906
vt 0.806929 0.479906
vt 0.809596 0.479906
vt 0.810930 0.479906
vt 0.810930 0.480719
vt 0.812263 0.479906
vt 0.809596 0.481939
vt 0.810263 0.481533
vt 0.810263 0.481939
vt 0.810930 0.481533
vt 0.804361 0.480719
vt 0.805645 0.479906
vt 0.804361 0.479906
vt 0.805645 0.480719
vt 0.804361 0.481533
vt 0.805645 0.481533
vt 0.836046 0.479094
vt 0.834914 0.479094
vt 0.833756 0.479095
vt 0.831495 0.479094
vt 0.838322 0.480720
vt 0.838322 0.479095
vt 0.830351 0.479094
vt 0.826925 0.479094
vt 0.825780 0.479094
vt 0.824623 0.479095
vt 0.822346 0.479094
vt 0.829190 0.479095
vt 0.838322 0.482346
vt 0.835737 0.481533
vt 0.832653 0.482345
vt 0.831529 0.482345
vt 0.833756 0.482346
vt 0.828638 0.482346
vt 0.825790 0.482346
vt 0.825283 0.481939
vt 0.826907 0.482346
vt 0.829190 0.482346
vt 0.824623 0.482346
vt 0.820057 0.479095
vt 0.823526 0.482346
vt 0.822695 0.482143
vt 0.821280 0.482346
vt 0.824358 0.482346
vt 0.836049 0.482346
vt 0.812051 0.479095
vt 0.813177 0.479095
vt 0.811490 0.479095
vt 0.810925 0.479095
vt 0.817771 0.479095
vt 0.815492 0.479097
vt 0.807485 0.479094
vt 0.806924 0.479095
vt 0.806358 0.479095
vt 0.804058 0.479093
vt 0.808605 0.479093
vt 0.801792 0.479095
vt 0.818234 0.482143
vt 0.815597 0.482143
vt 0.810930 0.481939
vt 0.814294 0.482346
vt 0.805200 0.482346
vt 0.801792 0.482346
vt 0.802935 0.482346
vt 0.820146 0.482143
vt 0.822216 0.482346
vt 0.828073 0.482346
vt 0.833206 0.482346
vt 0.826354 0.482346
vt 0.822340 0.482346
vt 0.824086 0.482346
vt 0.818916 0.482346
vt 0.819805 0.482346
vt 0.818219 0.482346
vt 0.817916 0.482244
vt 0.819934 0.482346
vt 0.818718 0.482346
vt 0.821829 0.482346
vt 0.817774 0.482346
vt 0.820057 0.482346
vt 0.822090 0.482346
vt 0.818535 0.482346
vt 0.819530 0.482346
vt 0.817689 0.482346
vt 0.817604 0.482346
vt 0.812608 0.482346
vt 0.816521 0.482346
vt 0.817118 0.482346
vt 0.815491 0.482346
vt 0.813208 0.482346
vt 0.815182 0.482346
vt 0.817438 0.482346
vt 0.812030 0.482346
vt 0.809754 0.482346
vt 0.808641 0.482346
vt 0.807482 0.482346
vt 0.806358 0.482346
vt 0.808055 0.482346
vt 0.804075 0.482346
vt 0.805776 0.482346
vt 0.808346 0.482346
vt 0.810627 0.482346
vt 0.812905 0.482346
vt 0.814879 0.482346
vt 0.815335 0.482346
vt 0.810333 0.482346
vt 0.810925 0.482346
vt 0.032989 0.081408
vt 0.032989 0.077607
vt 0.038673 0.077607
vt 0.032989 0.085187
vt 0.038673 0.081408
vt 0.032989 0.088966
vt 0.038673 0.085187
vt 0.032989 0.092916
vt 0.038673 0.088966
vt 0.032989 0.096717
vt 0.038673 0.092916
vt 0.032989 0.100496
vt 0.038673 0.096717
vt 0.034884 0.073657
vt 0.027304 0.081312
vt 0.027304 0.077485
vt 0.027304 0.085139
vt 0.031094 0.073657
vt 0.027304 0.073657
vt 0.027304 0.088966
vt 0.027304 0.092793
vt 0.027304 0.096620
vt 0.038673 0.104275
vt 0.034884 0.104275
vt 0.027304 0.100448
vt 0.031094 0.104275
vt 0.027304 0.104275
vt 0.425301 0.429244
vt 0.426014 0.429491
vt 0.425301 0.429491
vt 0.426014 0.429738
vt 0.425301 0.429738
vt 0.426014 0.428751
vt 0.427441 0.429244
vt 0.426014 0.429244
vt 0.427441 0.429738
vt 0.427441 0.427763
vt 0.430293 0.428751
vt 0.427441 0.428751
vt 0.430293 0.429738
vt 0.427441 0.426776
vt 0.430293 0.427763
vt 0.435998 0.427763
vt 0.435998 0.429738
vt 0.435998 0.432589
vt 0.435998 0.431638
vt 0.441704 0.431638
vt 0.441704 0.433539
vt 0.435998 0.433539
vt 0.426371 0.433301
vt 0.426728 0.433420
vt 0.426371 0.433420
vt 0.426728 0.433539
vt 0.426728 0.433064
vt 0.427441 0.433301
vt 0.426728 0.433301
vt 0.427441 0.433539
vt 0.428867 0.432589
vt 0.427441 0.432589
vt 0.427441 0.431638
vt 0.430293 0.431638
vt 0.430293 0.432589
vt 0.427441 0.433064
vt 0.428867 0.433064
vt 0.428867 0.433539
vt 0.430293 0.433064
vt 0.430293 0.433539
vt 0.426014 0.429976
vt 0.425301 0.429976
vt 0.426014 0.430213
vt 0.425301 0.430213
vt 0.427441 0.430213
vt 0.427441 0.430688
vt 0.430293 0.430688
vt 0.433146 0.431638
vt 0.433146 0.432589
vt 0.433146 0.433539
vt 0.435998 0.436373
vt 0.435998 0.435428
vt 0.441704 0.435428
vt 0.441704 0.437318
vt 0.435998 0.437318
vt 0.435998 0.434484
vt 0.428867 0.435428
vt 0.430293 0.435901
vt 0.428867 0.435901
vt 0.430293 0.436373
vt 0.428867 0.436373
vt 0.428510 0.437082
vt 0.428154 0.437082
vt 0.428154 0.436845
vt 0.428867 0.436845
vt 0.428867 0.437082
vt 0.428154 0.437259
vt 0.428154 0.437200
vt 0.428510 0.437200
vt 0.428510 0.437318
vt 0.428154 0.437318
vt 0.428867 0.437200
vt 0.428867 0.437318
vt 0.429580 0.436845
vt 0.430293 0.436845
vt 0.429580 0.437082
vt 0.429580 0.437318
vt 0.430293 0.437082
vt 0.430293 0.437318
vt 0.426728 0.433657
vt 0.427441 0.433775
vt 0.426728 0.433775
vt 0.427441 0.434011
vt 0.426728 0.434011
vt 0.428867 0.434484
vt 0.427441 0.434484
vt 0.428867 0.434011
vt 0.430293 0.434011
vt 0.430293 0.434484
vt 0.433146 0.435428
vt 0.430293 0.435428
vt 0.433146 0.434484
vt 0.431720 0.436845
vt 0.431720 0.437318
vt 0.431720 0.436373
vt 0.433146 0.436845
vt 0.433146 0.437318
vt 0.433146 0.436373
vt 0.435998 0.440152
vt 0.435998 0.439207
vt 0.441704 0.439207
vt 0.441704 0.441097
vt 0.435998 0.441097
vt 0.435998 0.438263
vt 0.429580 0.439207
vt 0.430293 0.439444
vt 0.429580 0.439444
vt 0.430293 0.439680
vt 0.429580 0.439680
vt 0.428867 0.437436
vt 0.428510 0.437436
vt 0.428867 0.437554
vt 0.428510 0.437554
vt 0.429580 0.437790
vt 0.428867 0.437790
vt 0.429580 0.437554
vt 0.430293 0.437554
vt 0.430293 0.437790
vt 0.430293 0.438263
vt 0.429580 0.438263
vt 0.429580 0.438499
vt 0.428867 0.438499
vt 0.430293 0.438499
vt 0.430293 0.438735
vt 0.429580 0.438735
vt 0.429224 0.438971
vt 0.429580 0.439089
vt 0.429224 0.439089
vt 0.429224 0.439207
vt 0.429224 0.438735
vt 0.429580 0.438853
vt 0.429224 0.438853
vt 0.429580 0.438971
vt 0.430293 0.438971
vt 0.430293 0.439207
vt 0.431720 0.438735
vt 0.431720 0.439207
vt 0.431720 0.438263
vt 0.433146 0.438735
vt 0.433146 0.439207
vt 0.431720 0.437790
vt 0.433146 0.437790
vt 0.433146 0.438263
vt 0.430293 0.440861
vt 0.430293 0.440624
vt 0.431720 0.440624
vt 0.431720 0.441097
vt 0.430293 0.441097
vt 0.430293 0.440388
vt 0.430293 0.440152
vt 0.431720 0.440152
vt 0.433146 0.440624
vt 0.433146 0.441097
vt 0.431720 0.439680
vt 0.433146 0.439680
vt 0.433146 0.440152
vt 0.435998 0.444553
vt 0.435998 0.444059
vt 0.438851 0.444059
vt 0.438851 0.445047
vt 0.435998 0.445047
vt 0.435998 0.443072
vt 0.438851 0.443072
vt 0.441704 0.444059
vt 0.441704 0.445047
vt 0.435998 0.442084
vt 0.441704 0.443072
vt 0.433146 0.442084
vt 0.433146 0.443072
vt 0.432076 0.444306
vt 0.432433 0.444429
vt 0.432076 0.444429
vt 0.432433 0.444553
vt 0.432076 0.444553
vt 0.432433 0.444059
vt 0.433146 0.444306
vt 0.432433 0.444306
vt 0.433146 0.444553
vt 0.432433 0.444676
vt 0.432076 0.444676
vt 0.432433 0.444800
vt 0.432076 0.444800
vt 0.433146 0.444800
vt 0.433146 0.445047
vt 0.432433 0.445047
vt 0.433146 0.443565
vt 0.431720 0.443565
vt 0.434572 0.444059
vt 0.433146 0.444059
vt 0.434572 0.444553
vt 0.434572 0.445047
vt 0.435998 0.448372
vt 0.435998 0.447897
vt 0.438851 0.447897
vt 0.438851 0.448847
vt 0.435998 0.448847
vt 0.435998 0.447422
vt 0.435998 0.446947
vt 0.438851 0.446947
vt 0.441704 0.447897
vt 0.441704 0.448847
vt 0.435998 0.445997
vt 0.433146 0.445522
vt 0.433146 0.445997
vt 0.434572 0.446947
vt 0.434572 0.447422
vt 0.434572 0.447897
vt 0.433859 0.448372
vt 0.434572 0.448610
vt 0.433859 0.448610
vt 0.434572 0.448847
vt 0.433859 0.448847
vt 0.433859 0.447897
vt 0.434572 0.448135
vt 0.433859 0.448135
vt 0.434572 0.448372
vt 0.435998 0.452154
vt 0.435998 0.451682
vt 0.438851 0.451682
vt 0.438851 0.452626
vt 0.435998 0.452626
vt 0.435998 0.451209
vt 0.435998 0.450737
vt 0.438851 0.450737
vt 0.441704 0.451682
vt 0.441704 0.452626
vt 0.435998 0.449792
vt 0.435998 0.449320
vt 0.438851 0.449792
vt 0.441704 0.449792
vt 0.441704 0.450737
vt 0.434572 0.449320
vt 0.434572 0.449792
vt 0.434572 0.450737
vt 0.434572 0.451209
vt 0.435998 0.453571
vt 0.441704 0.454516
vt 0.435998 0.454516
vt 0.441704 0.429738
vt 0.439802 0.425789
vt 0.447409 0.425788
vt 0.432195 0.425790
vt 0.430293 0.426776
vt 0.447409 0.429615
vt 0.447409 0.433443
vt 0.447409 0.437270
vt 0.427608 0.436341
vt 0.427862 0.436846
vt 0.427993 0.437104
vt 0.427141 0.435381
vt 0.428948 0.438925
vt 0.429019 0.439057
vt 0.429091 0.439192
vt 0.428812 0.438669
vt 0.447409 0.441097
vt 0.428128 0.437367
vt 0.428559 0.438190
vt 0.428060 0.437235
vt 0.424711 0.427779
vt 0.425616 0.431671
vt 0.425320 0.430723
vt 0.425965 0.432649
vt 0.424963 0.429296
vt 0.424864 0.428788
vt 0.424619 0.426781
vt 0.424588 0.425791
vt 0.425018 0.429551
vt 0.425078 0.429806
vt 0.426727 0.434487
vt 0.428094 0.437301
vt 0.426314 0.433530
vt 0.426261 0.433403
vt 0.426159 0.433149
vt 0.426367 0.433658
vt 0.447409 0.444924
vt 0.441704 0.446947
vt 0.447409 0.448751
vt 0.433175 0.447575
vt 0.433840 0.449475
vt 0.433428 0.448252
vt 0.434130 0.450463
vt 0.433346 0.448028
vt 0.447409 0.452578
vt 0.434375 0.451437
vt 0.434481 0.451918
vt 0.447409 0.456406
vt 0.441182 0.456406
vt 0.434576 0.452396
vt 0.434861 0.454409
vt 0.434956 0.456406
vt 0.434932 0.455409
vt 0.434742 0.453404
vt 0.430596 0.442019
vt 0.431085 0.442968
vt 0.431529 0.443858
vt 0.431735 0.444281
vt 0.429577 0.440103
vt 0.429821 0.440558
vt 0.429942 0.440785
vt 0.430064 0.441013
vt 0.432802 0.446646
vt 0.432387 0.445684
vt 0.433507 0.448473
vt 0.431834 0.444487
vt 0.431883 0.444589
vt 0.431931 0.444690
vt 0.048511 0.331410
vt 0.048511 0.327609
vt 0.054195 0.327609
vt 0.048511 0.335189
vt 0.054195 0.331410
vt 0.048511 0.338968
vt 0.054195 0.335189
vt 0.048511 0.342918
vt 0.054195 0.338968
vt 0.048511 0.346718
vt 0.054195 0.342918
vt 0.048511 0.350497
vt 0.054195 0.346718
vt 0.050405 0.323659
vt 0.042826 0.331313
vt 0.042826 0.327486
vt 0.042826 0.335141
vt 0.046616 0.323659
vt 0.042826 0.323659
vt 0.042826 0.338968
vt 0.042826 0.342795
vt 0.042826 0.346622
vt 0.054195 0.354276
vt 0.050405 0.354276
vt 0.042826 0.350449
vt 0.046616 0.354276
vt 0.042826 0.354276
vt 0.479465 0.461351
vt 0.479465 0.460911
vt 0.482317 0.460911
vt 0.482317 0.461790
vt 0.479465 0.461790
vt 0.479465 0.460031
vt 0.482317 0.460031
vt 0.485170 0.460911
vt 0.485170 0.461790
vt 0.482317 0.463487
vt 0.482317 0.465183
vt 0.479465 0.464335
vt 0.479465 0.465183
vt 0.479465 0.463487
vt 0.485170 0.463487
vt 0.479465 0.462639
vt 0.479465 0.462215
vt 0.482317 0.462639
vt 0.485170 0.462639
vt 0.482317 0.466863
vt 0.482317 0.468543
vt 0.479465 0.467703
vt 0.479465 0.468543
vt 0.479465 0.466863
vt 0.485170 0.466863
vt 0.479465 0.466443
vt 0.479465 0.466023
vt 0.482317 0.466023
vt 0.479465 0.465603
vt 0.485170 0.466023
vt 0.477325 0.465603
vt 0.478038 0.465813
vt 0.477325 0.465813
vt 0.478038 0.466023
vt 0.477325 0.466023
vt 0.478038 0.465183
vt 0.478038 0.465603
vt 0.478038 0.466233
vt 0.477325 0.466233
vt 0.478038 0.466443
vt 0.477325 0.466443
vt 0.478038 0.466863
vt 0.479465 0.471063
vt 0.479465 0.470223
vt 0.482317 0.470223
vt 0.485170 0.470223
vt 0.485170 0.471902
vt 0.479465 0.471902
vt 0.479465 0.469803
vt 0.479465 0.469383
vt 0.482317 0.469383
vt 0.485170 0.469383
vt 0.475899 0.469383
vt 0.476612 0.469593
vt 0.475899 0.469593
vt 0.475899 0.469698
vt 0.476612 0.469803
vt 0.475899 0.469803
vt 0.475542 0.469908
vt 0.475899 0.470013
vt 0.475542 0.470013
vt 0.475899 0.469908
vt 0.476612 0.470013
vt 0.476612 0.470223
vt 0.475899 0.470223
vt 0.478038 0.469383
vt 0.476612 0.469383
vt 0.476612 0.468963
vt 0.476612 0.468543
vt 0.478038 0.469803
vt 0.478038 0.470223
vt 0.476612 0.470643
vt 0.476612 0.471063
vt 0.476612 0.471902
vt 0.479465 0.474506
vt 0.479465 0.473638
vt 0.485170 0.473638
vt 0.485170 0.475374
vt 0.479465 0.475374
vt 0.479465 0.472770
vt 0.473759 0.473530
vt 0.473759 0.473421
vt 0.474473 0.473421
vt 0.474473 0.473638
vt 0.473759 0.473638
vt 0.474473 0.473204
vt 0.475186 0.473421
vt 0.475186 0.473638
vt 0.474473 0.472770
vt 0.475186 0.472987
vt 0.474473 0.472987
vt 0.475186 0.473204
vt 0.475186 0.472770
vt 0.476612 0.472770
vt 0.476612 0.473204
vt 0.476612 0.473638
vt 0.475186 0.471902
vt 0.476612 0.472336
vt 0.475186 0.472336
vt 0.475186 0.474506
vt 0.476612 0.474506
vt 0.476612 0.475374
vt 0.473759 0.475374
vt 0.473759 0.474506
vt 0.474473 0.474072
vt 0.475186 0.474072
vt 0.473759 0.474072
vt 0.473759 0.473855
vt 0.473759 0.473747
vt 0.474473 0.473855
vt 0.475186 0.473855
vt 0.476612 0.474072
vt 0.479465 0.477954
vt 0.479465 0.477094
vt 0.485170 0.477094
vt 0.485170 0.478814
vt 0.479465 0.478814
vt 0.479465 0.476234
vt 0.472333 0.477309
vt 0.472333 0.477094
vt 0.473759 0.477094
vt 0.473759 0.477524
vt 0.472333 0.477524
vt 0.473759 0.477954
vt 0.472333 0.477954
vt 0.472333 0.476879
vt 0.472333 0.476664
vt 0.473759 0.476664
vt 0.473759 0.476234
vt 0.476612 0.476234
vt 0.476612 0.477094
vt 0.476612 0.478814
vt 0.473759 0.478814
vt 0.476612 0.477954
vt 0.479465 0.481334
vt 0.479465 0.480494
vt 0.485170 0.480494
vt 0.485170 0.482173
vt 0.479465 0.482173
vt 0.470194 0.480494
vt 0.470907 0.480704
vt 0.470194 0.480704
vt 0.470194 0.480809
vt 0.470907 0.480914
vt 0.470194 0.480914
vt 0.470194 0.481019
vt 0.470907 0.481124
vt 0.470194 0.481124
vt 0.470907 0.481334
vt 0.470194 0.481334
vt 0.472333 0.480914
vt 0.472333 0.481334
vt 0.470907 0.480494
vt 0.472333 0.480494
vt 0.473759 0.480914
vt 0.473759 0.481334
vt 0.470907 0.481753
vt 0.473759 0.482173
vt 0.470907 0.482173
vt 0.470907 0.480074
vt 0.470907 0.479654
vt 0.473759 0.479654
vt 0.473759 0.480494
vt 0.476612 0.480494
vt 0.476612 0.482173
vt 0.476612 0.481334
vt 0.469481 0.484693
vt 0.469481 0.484903
vt 0.468767 0.484903
vt 0.469481 0.485113
vt 0.468767 0.485113
vt 0.470907 0.484693
vt 0.470907 0.485113
vt 0.470907 0.485533
vt 0.469481 0.485533
vt 0.469481 0.483853
vt 0.470907 0.484273
vt 0.469481 0.484273
vt 0.469481 0.484483
vt 0.470907 0.483853
vt 0.473759 0.483853
vt 0.473759 0.484693
vt 0.473759 0.485533
vt 0.473759 0.483013
vt 0.470907 0.483013
vt 0.479465 0.483853
vt 0.479465 0.485533
vt 0.473759 0.486373
vt 0.470907 0.486373
vt 0.473759 0.487213
vt 0.470907 0.487213
vt 0.479465 0.487213
vt 0.484648 0.458274
vt 0.490875 0.458275
vt 0.485170 0.460031
vt 0.490875 0.462103
vt 0.478422 0.458272
vt 0.490875 0.465930
vt 0.478206 0.461290
vt 0.478326 0.460281
vt 0.478128 0.461796
vt 0.478039 0.462303
vt 0.485170 0.465183
vt 0.485170 0.468543
vt 0.490875 0.469757
vt 0.490875 0.473584
vt 0.477593 0.464227
vt 0.477305 0.465211
vt 0.476269 0.468032
vt 0.477059 0.465959
vt 0.477144 0.465709
vt 0.476972 0.466210
vt 0.475856 0.468992
vt 0.475633 0.469484
vt 0.475518 0.469732
vt 0.475460 0.469858
vt 0.475401 0.469983
vt 0.474582 0.471648
vt 0.474088 0.472609
vt 0.473820 0.473121
vt 0.473680 0.473386
vt 0.473609 0.473520
vt 0.490875 0.477411
vt 0.473537 0.473656
vt 0.472563 0.475477
vt 0.472075 0.476395
vt 0.471836 0.476850
vt 0.490875 0.481238
vt 0.490875 0.485065
vt 0.483268 0.488892
vt 0.490875 0.488892
vt 0.471717 0.477077
vt 0.471600 0.477304
vt 0.475661 0.488892
vt 0.470610 0.479293
vt 0.470195 0.480190
vt 0.470008 0.480614
vt 0.469919 0.480819
vt 0.469876 0.480921
vt 0.469834 0.481021
vt 0.469079 0.483017
vt 0.468783 0.483970
vt 0.468176 0.486911
vt 0.468596 0.484664
vt 0.468655 0.484434
vt 0.468540 0.484891
vt 0.468054 0.488892
vt 0.736380 0.487633
vt 0.736390 0.487716
vt 0.736341 0.487720
vt 0.222023 0.299846
vt 0.234968 0.298732
vt 0.236890 0.320330
vt 0.199829 0.343599
vt 0.209079 0.300960
vt 0.196134 0.302073
vt 0.197981 0.322836
vt 0.240733 0.363527
vt 0.201676 0.364362
vt 0.238811 0.341929
vt 0.242654 0.385125
vt 0.203523 0.385125
vt 0.826790 0.526515
vt 0.860900 0.547796
vt 0.826790 0.547796
vt 0.826790 0.505234
vt 0.860900 0.526515
vt 0.860900 0.505234
vt 0.895009 0.526515
vt 0.895009 0.547796
vt 0.929119 0.505234
vt 0.912515 0.488184
vt 0.929119 0.483952
vt 0.895009 0.505234
vt 0.878280 0.493112
vt 0.895528 0.491252
vt 0.929119 0.526515
vt 0.929119 0.547796
vt 0.826271 0.491252
vt 0.843519 0.493112
vt 0.792681 0.505234
vt 0.792681 0.483952
vt 0.809284 0.488184
vt 0.860900 0.493735
vt 0.792681 0.526515
vt 0.912064 0.569077
vt 0.877954 0.569077
vt 0.860900 0.569077
vt 0.929119 0.569077
vt 0.895009 0.569077
vt 0.843845 0.569077
vt 0.792681 0.547796
vt 0.809735 0.569077
vt 0.826790 0.569077
vt 0.792681 0.569077
vt 0.146677 0.322836
vt 0.135580 0.300960
vt 0.148525 0.302073
vt 0.144830 0.343599
vt 0.122635 0.299846
vt 0.107769 0.320330
vt 0.109691 0.298732
vt 0.103926 0.363527
vt 0.142983 0.364362
vt 0.141135 0.385125
vt 0.105847 0.341929
vt 0.102004 0.385125
vt 0.167247 0.058482
vt 0.201357 0.038988
vt 0.201357 0.058482
vt 0.133138 0.058482
vt 0.167247 0.038988
vt 0.133138 0.038988
vt 0.167247 0.019494
vt 0.201357 0.019494
vt 0.099028 0.019494
vt 0.099028 0.000000
vt 0.116083 0.000000
vt 0.099028 0.038988
vt 0.133138 0.019494
vt 0.133138 0.000000
vt 0.150192 0.000000
vt 0.167247 0.000000
vt 0.115631 0.073823
vt 0.099028 0.058482
vt 0.099028 0.077976
vt 0.149866 0.068985
vt 0.132618 0.070811
vt 0.167247 0.068374
vt 0.184302 0.000000
vt 0.235466 0.038988
vt 0.201357 0.000000
vt 0.218411 0.000000
vt 0.235466 0.019494
vt 0.235466 0.000000
vt 0.184628 0.068985
vt 0.201876 0.070811
vt 0.218863 0.073823
vt 0.235466 0.058482
vt 0.235466 0.077976
vt 0.481109 0.495632
vt 0.495240 0.493195
vt 0.495240 0.495632
vt 0.428121 0.494414
vt 0.431653 0.495023
vt 0.428121 0.495023
vt 0.428121 0.495632
vt 0.431653 0.495632
vt 0.428121 0.493195
vt 0.431653 0.493804
vt 0.428121 0.493804
vt 0.431653 0.494414
vt 0.431653 0.493195
vt 0.438718 0.493195
vt 0.438718 0.494414
vt 0.438718 0.495632
vt 0.438718 0.491977
vt 0.452849 0.493195
vt 0.452849 0.495632
vt 0.481109 0.500321
vt 0.495240 0.497977
vt 0.495240 0.500321
vt 0.481109 0.497977
vt 0.452849 0.497977
vt 0.431653 0.499149
vt 0.438718 0.497977
vt 0.438718 0.499149
vt 0.438718 0.500321
vt 0.431653 0.500321
vt 0.431653 0.496804
vt 0.438718 0.496804
vt 0.431653 0.497977
vt 0.452849 0.500321
vt 0.481109 0.502653
vt 0.495240 0.504984
vt 0.481109 0.504984
vt 0.495240 0.502653
vt 0.452849 0.502653
vt 0.431653 0.503818
vt 0.438718 0.502653
vt 0.438718 0.503818
vt 0.431653 0.504984
vt 0.438718 0.504984
vt 0.431653 0.501487
vt 0.438718 0.501487
vt 0.431653 0.502653
vt 0.452849 0.504984
vt 0.481109 0.507315
vt 0.495240 0.507315
vt 0.438718 0.507315
vt 0.452849 0.507315
vt 0.488175 0.490759
vt 0.509370 0.490759
vt 0.509370 0.495481
vt 0.481109 0.493195
vt 0.466979 0.490759
vt 0.445784 0.490759
vt 0.431653 0.491977
vt 0.509370 0.500203
vt 0.424588 0.490759
vt 0.424913 0.493204
vt 0.425136 0.494401
vt 0.425399 0.495597
vt 0.509370 0.504924
vt 0.489510 0.509646
vt 0.509370 0.509646
vt 0.449789 0.509646
vt 0.469650 0.509646
vt 0.426745 0.500320
vt 0.427531 0.502649
vt 0.428348 0.504979
vt 0.429929 0.509646
vt 0.481109 0.513548
vt 0.495240 0.515984
vt 0.481109 0.515984
vt 0.431653 0.514766
vt 0.438718 0.513548
vt 0.438718 0.514766
vt 0.431653 0.515375
vt 0.438718 0.515984
vt 0.431653 0.515984
vt 0.452849 0.513548
vt 0.452849 0.515984
vt 0.481109 0.518329
vt 0.495240 0.520674
vt 0.481109 0.520674
vt 0.495240 0.518329
vt 0.452849 0.518329
vt 0.452849 0.520674
vt 0.428121 0.520088
vt 0.431653 0.519501
vt 0.431653 0.520088
vt 0.428121 0.520674
vt 0.431653 0.520674
vt 0.431653 0.518329
vt 0.438718 0.519501
vt 0.438718 0.520674
vt 0.431653 0.516571
vt 0.438718 0.517157
vt 0.431653 0.517157
vt 0.431653 0.517743
vt 0.438718 0.518329
vt 0.481109 0.523005
vt 0.495240 0.525336
vt 0.481109 0.525336
vt 0.495240 0.523005
vt 0.452849 0.523005
vt 0.452849 0.525336
vt 0.428121 0.524171
vt 0.431653 0.524754
vt 0.428121 0.524754
vt 0.428121 0.525336
vt 0.431653 0.525336
vt 0.431653 0.523005
vt 0.438718 0.524171
vt 0.431653 0.524171
vt 0.438718 0.525336
vt 0.428121 0.521839
vt 0.431653 0.522422
vt 0.428121 0.522422
vt 0.428121 0.523005
vt 0.431653 0.521257
vt 0.428121 0.521257
vt 0.431653 0.521839
vt 0.438718 0.521839
vt 0.438718 0.523005
vt 0.481109 0.527668
vt 0.495240 0.527668
vt 0.431653 0.528833
vt 0.438718 0.527668
vt 0.438718 0.528833
vt 0.428121 0.526502
vt 0.431653 0.527085
vt 0.428121 0.527085
vt 0.431653 0.527668
vt 0.428121 0.527668
vt 0.428121 0.525919
vt 0.431653 0.525919
vt 0.431653 0.526502
vt 0.438718 0.526502
vt 0.452849 0.527668
vt 0.495240 0.513548
vt 0.489510 0.511111
vt 0.509370 0.511111
vt 0.509370 0.515833
vt 0.469650 0.511111
vt 0.449789 0.511111
vt 0.429929 0.511111
vt 0.509370 0.520555
vt 0.431653 0.513548
vt 0.428345 0.515788
vt 0.427937 0.516947
vt 0.427531 0.518111
vt 0.428121 0.519501
vt 0.426744 0.520443
vt 0.426367 0.521631
vt 0.509370 0.525277
vt 0.509370 0.529999
vt 0.488175 0.529999
vt 0.466979 0.529999
vt 0.445784 0.529999
vt 0.426016 0.522807
vt 0.425397 0.525168
vt 0.425130 0.526383
vt 0.424906 0.527584
vt 0.424588 0.529999
vt 0.483418 0.533900
vt 0.498140 0.536337
vt 0.483418 0.536337
vt 0.439253 0.533900
vt 0.453975 0.536337
vt 0.439253 0.536337
vt 0.483418 0.538682
vt 0.498140 0.541026
vt 0.483418 0.541026
vt 0.498140 0.538682
vt 0.453975 0.538682
vt 0.453975 0.541026
vt 0.431892 0.538682
vt 0.439253 0.539854
vt 0.431892 0.539854
vt 0.431892 0.541026
vt 0.439253 0.541026
vt 0.439253 0.538682
vt 0.483418 0.545689
vt 0.498140 0.543358
vt 0.498140 0.545689
vt 0.483418 0.543358
vt 0.453975 0.543358
vt 0.453975 0.545689
vt 0.428212 0.543940
vt 0.431892 0.543358
vt 0.431892 0.543940
vt 0.431892 0.544523
vt 0.428212 0.544523
vt 0.439253 0.543358
vt 0.439253 0.544523
vt 0.439253 0.545689
vt 0.431892 0.545689
vt 0.428212 0.542192
vt 0.431892 0.542775
vt 0.428212 0.542775
vt 0.428212 0.543358
vt 0.428212 0.541609
vt 0.431892 0.541609
vt 0.431892 0.542192
vt 0.439253 0.542192
vt 0.498140 0.548020
vt 0.483418 0.548020
vt 0.431892 0.548020
vt 0.439253 0.549186
vt 0.431892 0.549186
vt 0.439253 0.546854
vt 0.431892 0.546854
vt 0.439253 0.548020
vt 0.453975 0.548020
vt 0.490814 0.531464
vt 0.512862 0.531464
vt 0.498140 0.533900
vt 0.512862 0.536186
vt 0.453975 0.533900
vt 0.468765 0.531464
vt 0.512862 0.540908
vt 0.446717 0.531464
vt 0.424588 0.536277
vt 0.424669 0.531464
vt 0.425206 0.541039
vt 0.428212 0.541026
vt 0.425449 0.542215
vt 0.512862 0.545630
vt 0.512862 0.550351
vt 0.491580 0.550351
vt 0.470299 0.550351
vt 0.449018 0.550351
vt 0.425719 0.543381
vt 0.426336 0.545724
vt 0.427015 0.548038
vt 0.427737 0.550351
vt 0.483471 0.556689
vt 0.498193 0.554253
vt 0.498193 0.556689
vt 0.431945 0.554253
vt 0.439305 0.555471
vt 0.431945 0.555471
vt 0.431945 0.556689
vt 0.439305 0.556689
vt 0.439305 0.554253
vt 0.454027 0.554253
vt 0.454027 0.556689
vt 0.483471 0.561379
vt 0.498193 0.559034
vt 0.498193 0.561379
vt 0.483471 0.559034
vt 0.454027 0.559034
vt 0.431945 0.559034
vt 0.439305 0.560206
vt 0.431945 0.560206
vt 0.439305 0.561379
vt 0.431945 0.561379
vt 0.439305 0.557862
vt 0.431945 0.557862
vt 0.439305 0.559034
vt 0.454027 0.561379
vt 0.483471 0.566041
vt 0.498193 0.563710
vt 0.498193 0.566041
vt 0.483471 0.563710
vt 0.454027 0.563710
vt 0.454027 0.566041
vt 0.431945 0.564876
vt 0.439305 0.563710
vt 0.439305 0.564876
vt 0.439305 0.566041
vt 0.431945 0.566041
vt 0.498193 0.568373
vt 0.483471 0.568373
vt 0.431945 0.569538
vt 0.439305 0.568373
vt 0.439305 0.569538
vt 0.439305 0.567207
vt 0.431945 0.567207
vt 0.431945 0.568373
vt 0.454027 0.568373
vt 0.491633 0.551816
vt 0.512915 0.551816
vt 0.512915 0.556538
vt 0.483471 0.554253
vt 0.470352 0.551816
vt 0.512915 0.561260
vt 0.427790 0.551816
vt 0.449071 0.551816
vt 0.426387 0.556451
vt 0.425770 0.558796
vt 0.425257 0.561137
vt 0.512915 0.565982
vt 0.490866 0.570704
vt 0.512915 0.570704
vt 0.468818 0.570704
vt 0.446770 0.570704
vt 0.431945 0.563710
vt 0.424640 0.565901
vt 0.424588 0.568308
vt 0.424722 0.570704
vt 0.462840 0.322404
vt 0.478529 0.322404
vt 0.478529 0.325653
vt 0.478529 0.328901
vt 0.447151 0.328901
vt 0.447151 0.322404
vt 0.509906 0.341896
vt 0.525595 0.335399
vt 0.525595 0.341896
vt 0.509906 0.332150
vt 0.509906 0.328901
vt 0.525595 0.328901
vt 0.509906 0.335399
vt 0.502062 0.327277
vt 0.502062 0.325653
vt 0.509906 0.325653
vt 0.502062 0.328901
vt 0.494217 0.327277
vt 0.498140 0.325653
vt 0.498140 0.327277
vt 0.494217 0.325653
vt 0.494217 0.322404
vt 0.502062 0.322404
vt 0.509906 0.322404
vt 0.486373 0.325653
vt 0.486373 0.328901
vt 0.486373 0.322404
vt 0.525595 0.322404
vt 0.398523 0.320890
vt 0.412055 0.319706
vt 0.416238 0.335645
vt 0.384991 0.322074
vt 0.357926 0.324442
vt 0.371458 0.323258
vt 0.374719 0.339278
vt 0.425588 0.318522
vt 0.452653 0.316155
vt 0.439120 0.317339
vt 0.458315 0.315907
vt 0.499799 0.315907
vt 0.317329 0.327994
vt 0.333199 0.342910
vt 0.303796 0.329178
vt 0.330861 0.326810
vt 0.290972 0.338452
vt 0.290264 0.330362
vt 0.291680 0.346543
vt 0.344393 0.325626
vt 0.457758 0.332013
vt 0.431517 0.334308
vt 0.499004 0.328320
vt 0.497556 0.328450
vt 0.499198 0.328303
vt 0.500700 0.328169
vt 0.501358 0.328500
vt 0.501323 0.328114
vt 0.501014 0.328141
vt 0.541284 0.315907
vt 0.541284 0.350558
vt 0.541284 0.385209
vt 0.504095 0.359147
vt 0.504052 0.358674
vt 0.541284 0.419860
vt 0.506836 0.389838
vt 0.506784 0.389256
vt 0.387720 0.172576
vt 0.384471 0.188265
vt 0.387720 0.188265
vt 0.381223 0.188265
vt 0.381223 0.156887
vt 0.387720 0.156887
vt 0.374726 0.235331
vt 0.368228 0.219642
vt 0.368228 0.235331
vt 0.377974 0.219642
vt 0.381223 0.235331
vt 0.381223 0.219642
vt 0.374726 0.219642
vt 0.382847 0.211798
vt 0.384471 0.219642
vt 0.384471 0.211798
vt 0.381223 0.211798
vt 0.384471 0.207876
vt 0.382847 0.203954
vt 0.382847 0.207876
vt 0.387720 0.203954
vt 0.384471 0.203954
vt 0.387720 0.211798
vt 0.387720 0.219642
vt 0.384471 0.196109
vt 0.381223 0.196109
vt 0.387720 0.196109
vt 0.387720 0.235331
vt 0.389234 0.108259
vt 0.374479 0.125975
vt 0.390418 0.121791
vt 0.388050 0.094727
vt 0.385682 0.067662
vt 0.370846 0.084455
vt 0.386866 0.081194
vt 0.391602 0.135324
vt 0.393969 0.162389
vt 0.392786 0.148856
vt 0.394217 0.168051
vt 0.394217 0.209535
vt 0.382130 0.027065
vt 0.380946 0.013532
vt 0.367214 0.042935
vt 0.383314 0.040597
vt 0.371672 0.000708
vt 0.379762 0.000000
vt 0.363581 0.001416
vt 0.384498 0.054130
vt 0.378111 0.167494
vt 0.381674 0.207292
vt 0.381804 0.208740
vt 0.381821 0.208934
vt 0.381955 0.210436
vt 0.394217 0.251020
vt 0.381983 0.210750
vt 0.382010 0.211059
vt 0.381624 0.211094
vt 0.359566 0.251020
vt 0.351450 0.213788
vt 0.350977 0.213831
vt 0.324915 0.251020
vt 0.290264 0.251020
vt 0.320868 0.216520
vt 0.320286 0.216572
vt 0.282859 0.780315
vt 0.285355 0.767504
vt 0.285355 0.780315
vt 0.287851 0.767504
vt 0.287851 0.780315
vt 0.287851 0.754693
vt 0.282859 0.767504
vt 0.285355 0.754693
vt 0.290347 0.767504
vt 0.292842 0.754693
vt 0.292842 0.767504
vt 0.290347 0.754693
vt 0.280364 0.789923
vt 0.280987 0.786720
vt 0.280987 0.789923
vt 0.281611 0.786720
vt 0.281611 0.789923
vt 0.280364 0.786720
vt 0.280364 0.780315
vt 0.281611 0.780315
vt 0.282859 0.786720
vt 0.279116 0.789923
vt 0.279740 0.786720
vt 0.279740 0.789923
vt 0.277868 0.789923
vt 0.278492 0.786720
vt 0.278492 0.789923
vt 0.279116 0.786720
vt 0.277868 0.786720
vt 0.277868 0.780315
vt 0.279116 0.780315
vt 0.277868 0.767504
vt 0.280364 0.767504
vt 0.275372 0.786720
vt 0.276620 0.780315
vt 0.276620 0.786720
vt 0.275372 0.780315
vt 0.275372 0.767504
vt 0.280364 0.741882
vt 0.282859 0.754693
vt 0.282859 0.741882
vt 0.282859 0.735476
vt 0.280364 0.729071
vt 0.282859 0.729071
vt 0.277868 0.741882
vt 0.277868 0.729071
vt 0.280364 0.716260
vt 0.282859 0.716260
vt 0.275372 0.741882
vt 0.275372 0.729071
vt 0.277868 0.716260
vt 0.275372 0.709854
vt 0.275372 0.703449
vt 0.276620 0.703449
vt 0.277868 0.703449
vt 0.275372 0.716260
vt 0.274124 0.716260
vt 0.274748 0.703449
vt 0.274124 0.709854
vt 0.274124 0.703449
vt 0.275372 0.700246
vt 0.274748 0.700246
vt 0.277868 0.697043
vt 0.275372 0.697043
vt 0.276620 0.697043
vt 0.281611 0.703449
vt 0.282859 0.703449
vt 0.280364 0.703449
vt 0.279116 0.703449
vt 0.280364 0.697043
vt 0.279116 0.697043
vt 0.282859 0.697043
vt 0.281611 0.697043
vt 0.287851 0.729071
vt 0.290347 0.716260
vt 0.290347 0.729071
vt 0.292842 0.716260
vt 0.292842 0.729071
vt 0.284107 0.729071
vt 0.284107 0.735476
vt 0.285355 0.716260
vt 0.285355 0.729071
vt 0.286603 0.729071
vt 0.287851 0.716260
vt 0.287851 0.703449
vt 0.285355 0.703449
vt 0.305387 0.767504
vt 0.307895 0.754693
vt 0.307895 0.767504
vt 0.304132 0.754693
vt 0.305387 0.754693
vt 0.302878 0.767504
vt 0.302878 0.754693
vt 0.305387 0.748287
vt 0.304132 0.748287
vt 0.305387 0.741882
vt 0.307895 0.741882
vt 0.312913 0.741882
vt 0.312913 0.767504
vt 0.296606 0.754693
vt 0.297860 0.754693
vt 0.297860 0.767504
vt 0.295351 0.767504
vt 0.295351 0.754693
vt 0.294097 0.754693
vt 0.301623 0.754693
vt 0.300369 0.767504
vt 0.300369 0.754693
vt 0.299114 0.729071
vt 0.297860 0.729071
vt 0.297860 0.716260
vt 0.300369 0.716260
vt 0.300369 0.729071
vt 0.301623 0.729071
vt 0.302878 0.716260
vt 0.302878 0.729071
vt 0.296606 0.729071
vt 0.295351 0.729071
vt 0.295351 0.716260
vt 0.307895 0.729071
vt 0.307895 0.716260
vt 0.312913 0.716260
vt 0.305387 0.735476
vt 0.305387 0.729071
vt 0.302878 0.735476
vt 0.304132 0.729071
vt 0.304132 0.735476
vt 0.305387 0.716260
vt 0.329684 0.767504
vt 0.330974 0.767504
vt 0.330974 0.780315
vt 0.328393 0.780315
vt 0.328393 0.767504
vt 0.333554 0.767504
vt 0.333554 0.780315
vt 0.324523 0.767504
vt 0.325813 0.767504
vt 0.325813 0.780315
vt 0.323233 0.780315
vt 0.323233 0.767504
vt 0.327103 0.767504
vt 0.328393 0.761098
vt 0.327103 0.761098
vt 0.326458 0.754693
vt 0.327103 0.754693
vt 0.325813 0.761098
vt 0.325813 0.754693
vt 0.327748 0.754693
vt 0.328393 0.754693
vt 0.324523 0.761098
vt 0.323233 0.761098
vt 0.324523 0.754693
vt 0.325168 0.754693
vt 0.325813 0.751490
vt 0.325168 0.751490
vt 0.324846 0.748287
vt 0.325168 0.748287
vt 0.324523 0.751490
vt 0.324523 0.748287
vt 0.325491 0.748287
vt 0.325813 0.748287
vt 0.323878 0.748287
vt 0.323233 0.754693
vt 0.323233 0.748287
vt 0.323878 0.745084
vt 0.324846 0.746686
vt 0.328071 0.751490
vt 0.328393 0.751490
vt 0.327748 0.751490
vt 0.327426 0.751490
vt 0.327103 0.751490
vt 0.327426 0.749889
vt 0.326458 0.751490
vt 0.330974 0.761098
vt 0.330974 0.754693
vt 0.332264 0.754693
vt 0.333554 0.754693
vt 0.329684 0.761098
vt 0.329039 0.754693
vt 0.329684 0.754693
vt 0.328716 0.751490
vt 0.329039 0.751490
vt 0.318073 0.754693
vt 0.318073 0.767504
vt 0.318073 0.741882
vt 0.321943 0.754693
vt 0.320653 0.767504
vt 0.320653 0.754693
vt 0.320653 0.748287
vt 0.320653 0.741882
vt 0.321943 0.748287
vt 0.321943 0.741882
vt 0.323233 0.745084
vt 0.323233 0.741882
vt 0.323233 0.738679
vt 0.321943 0.735476
vt 0.323233 0.735476
vt 0.320653 0.735476
vt 0.321943 0.729071
vt 0.323233 0.729071
vt 0.318073 0.729071
vt 0.320653 0.729071
vt 0.320653 0.716260
vt 0.323233 0.716260
vt 0.318073 0.716260
vt 0.328393 0.732273
vt 0.329039 0.729071
vt 0.329039 0.732273
vt 0.330329 0.729071
vt 0.329684 0.729071
vt 0.329684 0.722665
vt 0.330974 0.722665
vt 0.330974 0.729071
vt 0.328393 0.729071
vt 0.328393 0.722665
vt 0.329684 0.716260
vt 0.330974 0.716260
vt 0.332264 0.729071
vt 0.333554 0.722665
vt 0.333554 0.729071
vt 0.331619 0.729071
vt 0.332264 0.722665
vt 0.332264 0.716260
vt 0.333554 0.716260
vt 0.326458 0.733875
vt 0.326781 0.732273
vt 0.326781 0.733875
vt 0.327103 0.732273
vt 0.327103 0.733875
vt 0.325813 0.732273
vt 0.326458 0.729071
vt 0.326458 0.732273
vt 0.327103 0.729071
vt 0.327426 0.732273
vt 0.327426 0.733875
vt 0.327748 0.729071
vt 0.327748 0.732273
vt 0.323878 0.735476
vt 0.323878 0.738679
vt 0.324523 0.729071
vt 0.324523 0.735476
vt 0.325813 0.722665
vt 0.325813 0.729071
vt 0.325813 0.716260
vt 0.327103 0.722665
vt 0.327103 0.716260
vt 0.328393 0.716260
vt 0.325813 0.703449
vt 0.328393 0.703449
vt 0.330974 0.703449
vt 0.333554 0.703449
vt 0.345651 0.767504
vt 0.346995 0.767504
vt 0.346995 0.780315
vt 0.344307 0.780315
vt 0.344307 0.767504
vt 0.349684 0.767504
vt 0.349684 0.780315
vt 0.346995 0.761098
vt 0.346995 0.754693
vt 0.348339 0.754693
vt 0.349684 0.754693
vt 0.345651 0.761098
vt 0.344979 0.754693
vt 0.345651 0.754693
vt 0.344307 0.761098
vt 0.344307 0.754693
vt 0.345651 0.751490
vt 0.344979 0.751490
vt 0.349684 0.748287
vt 0.347667 0.748287
vt 0.348339 0.748287
vt 0.346995 0.748287
vt 0.348339 0.745084
vt 0.348339 0.741882
vt 0.349684 0.741882
vt 0.352372 0.767504
vt 0.355060 0.754693
vt 0.355060 0.767504
vt 0.352372 0.754693
vt 0.352372 0.741882
vt 0.355060 0.741882
vt 0.340274 0.767504
vt 0.341619 0.767504
vt 0.341619 0.780315
vt 0.338930 0.780315
vt 0.338930 0.767504
vt 0.342963 0.767504
vt 0.337586 0.754693
vt 0.338930 0.754693
vt 0.338930 0.761098
vt 0.336242 0.767504
vt 0.336242 0.754693
vt 0.334898 0.754693
vt 0.342963 0.761098
vt 0.342291 0.754693
vt 0.342963 0.754693
vt 0.341619 0.761098
vt 0.341619 0.754693
vt 0.343635 0.754693
vt 0.340274 0.761098
vt 0.340274 0.754693
vt 0.340947 0.754693
vt 0.344307 0.751490
vt 0.343635 0.751490
vt 0.343299 0.732273
vt 0.342963 0.732273
vt 0.342963 0.729071
vt 0.343635 0.729071
vt 0.343635 0.732273
vt 0.343971 0.732273
vt 0.344307 0.729071
vt 0.344307 0.732273
vt 0.340947 0.729071
vt 0.340274 0.729071
vt 0.340274 0.722665
vt 0.341619 0.722665
vt 0.341619 0.729071
vt 0.339602 0.729071
vt 0.338930 0.729071
vt 0.338930 0.722665
vt 0.340274 0.716260
vt 0.341619 0.716260
vt 0.342963 0.722665
vt 0.344307 0.722665
vt 0.342291 0.729071
vt 0.342963 0.716260
vt 0.344307 0.716260
vt 0.336242 0.722665
vt 0.334898 0.729071
vt 0.336242 0.729071
vt 0.338258 0.729071
vt 0.337586 0.729071
vt 0.337586 0.722665
vt 0.337586 0.716260
vt 0.338930 0.716260
vt 0.336242 0.716260
vt 0.336242 0.703449
vt 0.338930 0.703449
vt 0.341619 0.703449
vt 0.344307 0.703449
vt 0.355060 0.729071
vt 0.349684 0.735476
vt 0.349684 0.729071
vt 0.352372 0.729071
vt 0.352372 0.716260
vt 0.355060 0.716260
vt 0.346995 0.735476
vt 0.348339 0.729071
vt 0.348339 0.735476
vt 0.344979 0.729071
vt 0.344979 0.732273
vt 0.345651 0.729071
vt 0.345651 0.732273
vt 0.346995 0.722665
vt 0.346995 0.729071
vt 0.345651 0.722665
vt 0.345651 0.716260
vt 0.346995 0.716260
vt 0.349684 0.716260
vt 0.349684 0.703449
vt 0.346995 0.703449
vt 0.365814 0.780315
vt 0.367158 0.773909
vt 0.367158 0.780315
vt 0.364469 0.780315
vt 0.365814 0.773909
vt 0.363125 0.780315
vt 0.364469 0.773909
vt 0.357749 0.773909
vt 0.357749 0.780315
vt 0.355060 0.780315
vt 0.357749 0.767504
vt 0.359093 0.780315
vt 0.360437 0.773909
vt 0.360437 0.780315
vt 0.359093 0.773909
vt 0.359093 0.767504
vt 0.359765 0.767504
vt 0.360437 0.767504
vt 0.359093 0.764301
vt 0.357749 0.761098
vt 0.357749 0.754693
vt 0.357749 0.741882
vt 0.357749 0.729071
vt 0.357749 0.722665
vt 0.357749 0.716260
vt 0.357749 0.703449
vt 0.363125 0.709854
vt 0.364469 0.703449
vt 0.364469 0.709854
vt 0.523511 0.780315
vt 0.524792 0.773909
vt 0.524792 0.780315
vt 0.522231 0.780315
vt 0.523511 0.773909
vt 0.522871 0.767504
vt 0.523511 0.767504
vt 0.522231 0.773909
vt 0.522231 0.767504
vt 0.524792 0.767504
vt 0.527353 0.767504
vt 0.527353 0.780315
vt 0.519030 0.773909
vt 0.519670 0.773909
vt 0.519670 0.780315
vt 0.518390 0.780315
vt 0.518390 0.773909
vt 0.517109 0.780315
vt 0.519670 0.770706
vt 0.519030 0.770706
vt 0.520951 0.780315
vt 0.520310 0.773909
vt 0.520951 0.773909
vt 0.520951 0.770706
vt 0.520310 0.770706
vt 0.524792 0.761098
vt 0.524792 0.754693
vt 0.527353 0.754693
vt 0.523511 0.764301
vt 0.523511 0.761098
vt 0.527353 0.741882
vt 0.513268 0.780315
vt 0.514549 0.773909
vt 0.514549 0.780315
vt 0.511988 0.780315
vt 0.513268 0.773909
vt 0.516469 0.773909
vt 0.517109 0.773909
vt 0.515829 0.780315
vt 0.515829 0.773909
vt 0.515189 0.773909
vt 0.524792 0.741882
vt 0.527353 0.729071
vt 0.524792 0.729071
vt 0.527353 0.716260
vt 0.519670 0.709854
vt 0.520951 0.703449
vt 0.520951 0.709854
vt 0.522231 0.703449
vt 0.522231 0.709854
vt 0.517750 0.709854
vt 0.517109 0.709854
vt 0.517109 0.703449
vt 0.518390 0.703449
vt 0.518390 0.709854
vt 0.519030 0.709854
vt 0.519670 0.703449
vt 0.524792 0.716260
vt 0.527353 0.703449
vt 0.524792 0.703449
vt 0.543998 0.767504
vt 0.545278 0.767504
vt 0.545278 0.780315
vt 0.542717 0.780315
vt 0.542717 0.767504
vt 0.547839 0.767504
vt 0.547839 0.780315
vt 0.538876 0.767504
vt 0.540157 0.767504
vt 0.540157 0.780315
vt 0.537596 0.780315
vt 0.537596 0.767504
vt 0.541437 0.767504
vt 0.542717 0.761098
vt 0.541437 0.761098
vt 0.540157 0.761098
vt 0.541437 0.754693
vt 0.542077 0.754693
vt 0.542717 0.754693
vt 0.538876 0.761098
vt 0.538236 0.754693
vt 0.538876 0.754693
vt 0.537596 0.761098
vt 0.537596 0.754693
vt 0.539516 0.754693
vt 0.540157 0.754693
vt 0.539516 0.751490
vt 0.538876 0.751490
vt 0.538236 0.751490
vt 0.545278 0.761098
vt 0.545278 0.754693
vt 0.546559 0.754693
vt 0.547839 0.754693
vt 0.543998 0.761098
vt 0.543358 0.754693
vt 0.543998 0.754693
vt 0.529913 0.767504
vt 0.532474 0.754693
vt 0.532474 0.767504
vt 0.529913 0.754693
vt 0.529913 0.741882
vt 0.532474 0.748287
vt 0.532474 0.741882
vt 0.536315 0.754693
vt 0.535035 0.767504
vt 0.535035 0.754693
vt 0.533755 0.754693
vt 0.535035 0.748287
vt 0.533755 0.748287
vt 0.533755 0.741882
vt 0.536315 0.732273
vt 0.536956 0.729071
vt 0.536956 0.732273
vt 0.537596 0.729071
vt 0.537596 0.732273
vt 0.533755 0.738679
vt 0.534395 0.735476
vt 0.534395 0.738679
vt 0.532474 0.735476
vt 0.533755 0.735476
vt 0.533755 0.729071
vt 0.535035 0.729071
vt 0.535035 0.735476
vt 0.535035 0.722665
vt 0.532474 0.729071
vt 0.532474 0.716260
vt 0.535035 0.716260
vt 0.536315 0.729071
vt 0.536315 0.722665
vt 0.537596 0.722665
vt 0.536315 0.716260
vt 0.537596 0.716260
vt 0.529913 0.729071
vt 0.529913 0.716260
vt 0.535035 0.703449
vt 0.537596 0.703449
vt 0.544638 0.729071
vt 0.543998 0.729071
vt 0.543998 0.722665
vt 0.545278 0.722665
vt 0.545278 0.729071
vt 0.543358 0.729071
vt 0.542717 0.729071
vt 0.542717 0.722665
vt 0.543998 0.716260
vt 0.545278 0.716260
vt 0.547199 0.729071
vt 0.546559 0.729071
vt 0.546559 0.722665
vt 0.547839 0.722665
vt 0.547839 0.729071
vt 0.545918 0.729071
vt 0.546559 0.716260
vt 0.547839 0.716260
vt 0.538236 0.729071
vt 0.538236 0.732273
vt 0.538876 0.729071
vt 0.538876 0.732273
vt 0.539516 0.729071
vt 0.539516 0.732273
vt 0.538876 0.722665
vt 0.540157 0.722665
vt 0.540157 0.729071
vt 0.538876 0.716260
vt 0.540157 0.716260
vt 0.542077 0.729071
vt 0.541437 0.729071
vt 0.541437 0.722665
vt 0.540797 0.729071
vt 0.541437 0.716260
vt 0.542717 0.716260
vt 0.540157 0.703449
vt 0.542717 0.703449
vt 0.545278 0.703449
vt 0.547839 0.703449
vt 0.560643 0.767504
vt 0.563204 0.754693
vt 0.563204 0.767504
vt 0.558082 0.761098
vt 0.558082 0.754693
vt 0.559363 0.754693
vt 0.560643 0.754693
vt 0.558082 0.767504
vt 0.560643 0.748287
vt 0.558082 0.751490
vt 0.558082 0.748287
vt 0.558722 0.748287
vt 0.559363 0.748287
vt 0.559363 0.745084
vt 0.558082 0.746686
vt 0.558082 0.745084
vt 0.558722 0.745084
vt 0.559363 0.741882
vt 0.560643 0.741882
vt 0.563204 0.741882
vt 0.568325 0.741882
vt 0.568325 0.767504
vt 0.554241 0.767504
vt 0.555521 0.767504
vt 0.555521 0.780315
vt 0.552961 0.780315
vt 0.552961 0.767504
vt 0.556802 0.767504
vt 0.558082 0.780315
vt 0.550400 0.767504
vt 0.550400 0.780315
vt 0.551680 0.767504
vt 0.552961 0.761098
vt 0.551680 0.761098
vt 0.551040 0.754693
vt 0.551680 0.754693
vt 0.550400 0.761098
vt 0.550400 0.754693
vt 0.552320 0.754693
vt 0.552961 0.754693
vt 0.549119 0.754693
vt 0.556802 0.761098
vt 0.556162 0.754693
vt 0.556802 0.754693
vt 0.555521 0.761098
vt 0.555521 0.754693
vt 0.557442 0.754693
vt 0.554241 0.761098
vt 0.553601 0.754693
vt 0.554241 0.754693
vt 0.554881 0.754693
vt 0.555201 0.751490
vt 0.555521 0.751490
vt 0.554881 0.751490
vt 0.554561 0.751490
vt 0.554241 0.751490
vt 0.555521 0.749889
vt 0.555201 0.749889
vt 0.553601 0.751490
vt 0.557442 0.751490
vt 0.557122 0.748287
vt 0.557442 0.748287
vt 0.556802 0.751490
vt 0.556802 0.748287
vt 0.557762 0.748287
vt 0.556162 0.751490
vt 0.557762 0.746686
vt 0.555521 0.732273
vt 0.556162 0.729071
vt 0.556162 0.732273
vt 0.556802 0.729071
vt 0.556802 0.732273
vt 0.557442 0.735476
vt 0.558082 0.732273
vt 0.558082 0.735476
vt 0.557122 0.735476
vt 0.556802 0.735476
vt 0.557442 0.732273
vt 0.557442 0.729071
vt 0.558082 0.729071
vt 0.552961 0.732273
vt 0.553601 0.729071
vt 0.553601 0.732273
vt 0.553921 0.732273
vt 0.554241 0.729071
vt 0.554241 0.732273
vt 0.554561 0.732273
vt 0.554881 0.729071
vt 0.554881 0.732273
vt 0.555521 0.729071
vt 0.554241 0.722665
vt 0.555521 0.722665
vt 0.552961 0.729071
vt 0.552961 0.722665
vt 0.554241 0.716260
vt 0.555521 0.716260
vt 0.556802 0.722665
vt 0.558082 0.722665
vt 0.556802 0.716260
vt 0.558082 0.716260
vt 0.549760 0.729071
vt 0.549119 0.729071
vt 0.549119 0.722665
vt 0.550400 0.722665
vt 0.550400 0.729071
vt 0.548479 0.729071
vt 0.549119 0.716260
vt 0.550400 0.716260
vt 0.552320 0.729071
vt 0.551680 0.729071
vt 0.551680 0.722665
vt 0.551040 0.729071
vt 0.551680 0.716260
vt 0.552961 0.716260
vt 0.550400 0.703449
vt 0.552961 0.703449
vt 0.555521 0.703449
vt 0.558082 0.703449
vt 0.563204 0.729071
vt 0.563204 0.716260
vt 0.568325 0.716260
vt 0.560643 0.735476
vt 0.560643 0.729071
vt 0.559363 0.738679
vt 0.559363 0.735476
vt 0.558722 0.741882
vt 0.558082 0.738679
vt 0.558722 0.735476
vt 0.558722 0.738679
vt 0.559363 0.729071
vt 0.560643 0.716260
vt 0.581129 0.767504
vt 0.583690 0.754693
vt 0.583690 0.767504
vt 0.578569 0.767504
vt 0.581129 0.754693
vt 0.587531 0.754693
vt 0.588812 0.754693
vt 0.588812 0.767504
vt 0.586251 0.767504
vt 0.586251 0.754693
vt 0.573447 0.741882
vt 0.573447 0.767504
vt 0.576008 0.729071
vt 0.576008 0.741882
vt 0.573447 0.729071
vt 0.576008 0.716260
vt 0.578569 0.716260
vt 0.578569 0.729071
vt 0.573447 0.716260
vt 0.583690 0.729071
vt 0.586251 0.716260
vt 0.586251 0.729071
vt 0.588812 0.716260
vt 0.579849 0.729071
vt 0.581129 0.716260
vt 0.581129 0.729071
vt 0.583690 0.716260
vt 0.606737 0.783517
vt 0.607378 0.780315
vt 0.607378 0.783517
vt 0.608018 0.780315
vt 0.608018 0.783517
vt 0.604177 0.786720
vt 0.605457 0.780315
vt 0.605457 0.786720
vt 0.606737 0.786720
vt 0.606737 0.780315
vt 0.606737 0.773909
vt 0.604177 0.780315
vt 0.604177 0.767504
vt 0.606737 0.767504
vt 0.608018 0.773909
vt 0.608018 0.767504
vt 0.601616 0.786720
vt 0.602896 0.780315
vt 0.602896 0.786720
vt 0.599055 0.786720
vt 0.600335 0.780315
vt 0.600335 0.786720
vt 0.601616 0.780315
vt 0.599055 0.780315
vt 0.599055 0.767504
vt 0.601616 0.767504
vt 0.604177 0.754693
vt 0.601616 0.754693
vt 0.599055 0.748287
vt 0.599055 0.741882
vt 0.601616 0.741882
vt 0.599055 0.754693
vt 0.604177 0.741882
vt 0.606737 0.754693
vt 0.606737 0.741882
vt 0.593933 0.780315
vt 0.596494 0.767504
vt 0.596494 0.780315
vt 0.592653 0.754693
vt 0.593933 0.754693
vt 0.593933 0.767504
vt 0.591373 0.767504
vt 0.591373 0.754693
vt 0.590092 0.754693
vt 0.597775 0.754693
vt 0.596494 0.754693
vt 0.595214 0.754693
vt 0.597775 0.735476
vt 0.599055 0.729071
vt 0.599055 0.735476
vt 0.595214 0.729071
vt 0.593933 0.729071
vt 0.593933 0.716260
vt 0.596494 0.716260
vt 0.596494 0.729071
vt 0.597775 0.729071
vt 0.599055 0.716260
vt 0.591373 0.716260
vt 0.591373 0.729071
vt 0.592653 0.729071
vt 0.599055 0.703449
vt 0.596494 0.703449
vt 0.604177 0.729071
vt 0.601616 0.729071
vt 0.601616 0.716260
vt 0.604177 0.716260
vt 0.602896 0.703449
vt 0.604177 0.703449
vt 0.601616 0.703449
vt 0.600335 0.703449
vt 0.600976 0.697043
vt 0.601616 0.697043
vt 0.600335 0.697043
vt 0.601616 0.693841
vt 0.600976 0.693841
vt 0.603536 0.697043
vt 0.604177 0.697043
vt 0.602896 0.697043
vt 0.602256 0.697043
vt 0.602896 0.693841
vt 0.602256 0.693841
vt 0.604177 0.693841
vt 0.603536 0.693841
vt 0.605457 0.703449
vt 0.606737 0.703449
vt 0.606737 0.716260
vt 0.606737 0.697043
vt 0.605457 0.697043
vt 0.275048 0.696325
vt 0.276645 0.694385
vt 0.274397 0.697404
vt 0.278591 0.692792
vt 0.280813 0.691612
vt 0.285733 0.690638
vt 0.274124 0.700246
vt 0.272876 0.703449
vt 0.273859 0.698534
vt 0.272876 0.741882
vt 0.323233 0.703449
vt 0.316804 0.690638
vt 0.286627 0.734640
vt 0.289959 0.732417
vt 0.297832 0.732411
vt 0.293894 0.731633
vt 0.299610 0.733355
vt 0.301168 0.734630
vt 0.302447 0.736182
vt 0.283619 0.741882
vt 0.284402 0.745803
vt 0.285351 0.736193
vt 0.284401 0.737963
vt 0.303399 0.737950
vt 0.304186 0.741882
vt 0.326822 0.734761
vt 0.327230 0.734356
vt 0.326082 0.735616
vt 0.323878 0.741882
vt 0.324900 0.737511
vt 0.324453 0.738569
vt 0.324134 0.739650
vt 0.347874 0.690638
vt 0.355060 0.703449
vt 0.363125 0.703449
vt 0.329481 0.732675
vt 0.330479 0.732154
vt 0.331536 0.731718
vt 0.359205 0.721625
vt 0.359475 0.719087
vt 0.360277 0.716655
vt 0.378945 0.690638
vt 0.410016 0.690638
vt 0.389652 0.709490
vt 0.372709 0.709126
vt 0.406725 0.709753
vt 0.367660 0.709942
vt 0.472158 0.690638
vt 0.458290 0.709913
vt 0.441087 0.690638
vt 0.492522 0.709490
vt 0.503229 0.690638
vt 0.509466 0.709126
vt 0.512030 0.709297
vt 0.423884 0.709913
vt 0.475449 0.709753
vt 0.363285 0.712554
vt 0.365333 0.711041
vt 0.441087 0.709967
vt 0.333701 0.731135
vt 0.335936 0.730931
vt 0.338172 0.731109
vt 0.339264 0.731344
vt 0.340339 0.731676
vt 0.327662 0.733967
vt 0.342396 0.732627
vt 0.343329 0.733231
vt 0.343771 0.733565
vt 0.344198 0.733920
vt 0.345744 0.735574
vt 0.346371 0.736498
vt 0.347641 0.739636
vt 0.346900 0.737486
vt 0.347888 0.741886
vt 0.289972 0.751352
vt 0.293906 0.752131
vt 0.302878 0.748287
vt 0.302453 0.747579
vt 0.303402 0.745807
vt 0.301172 0.749130
vt 0.297838 0.751350
vt 0.324523 0.746686
vt 0.324133 0.744109
vt 0.324895 0.746244
vt 0.286634 0.749130
vt 0.295911 0.751932
vt 0.325152 0.746739
vt 0.325434 0.747219
vt 0.326071 0.748133
vt 0.327103 0.749889
vt 0.327640 0.749778
vt 0.328070 0.750132
vt 0.328515 0.750465
vt 0.329451 0.751069
vt 0.272876 0.780315
vt 0.273855 0.785219
vt 0.275040 0.787433
vt 0.276639 0.789372
vt 0.285733 0.793126
vt 0.278586 0.790963
vt 0.279668 0.791611
vt 0.280803 0.792147
vt 0.316804 0.793126
vt 0.331505 0.752030
vt 0.333673 0.752622
vt 0.342379 0.751150
vt 0.341379 0.751670
vt 0.340317 0.752101
vt 0.338153 0.752660
vt 0.335902 0.752833
vt 0.342963 0.751490
vt 0.345747 0.748185
vt 0.346905 0.746266
vt 0.347335 0.745207
vt 0.345020 0.749048
vt 0.344195 0.749846
vt 0.347667 0.745084
vt 0.347643 0.744124
vt 0.359205 0.760204
vt 0.359486 0.762810
vt 0.359825 0.764058
vt 0.360293 0.765272
vt 0.363125 0.773909
vt 0.363280 0.769502
vt 0.347874 0.793126
vt 0.378945 0.793126
vt 0.367626 0.772340
vt 0.365316 0.771121
vt 0.372709 0.773426
vt 0.509466 0.773426
vt 0.503229 0.793126
vt 0.492522 0.773789
vt 0.472158 0.793126
vt 0.475449 0.774053
vt 0.511988 0.773909
vt 0.389652 0.773789
vt 0.410016 0.793126
vt 0.406725 0.774053
vt 0.423884 0.774213
vt 0.441087 0.793126
vt 0.458290 0.774213
vt 0.441087 0.774266
vt 0.514558 0.772336
vt 0.516834 0.711036
vt 0.517893 0.711740
vt 0.518883 0.712548
vt 0.534300 0.690638
vt 0.514506 0.709939
vt 0.521892 0.716645
vt 0.522969 0.721625
vt 0.523511 0.754693
vt 0.522969 0.760204
vt 0.532474 0.703449
vt 0.565371 0.690638
vt 0.539789 0.732617
vt 0.540787 0.732098
vt 0.541846 0.731666
vt 0.542918 0.731338
vt 0.544013 0.731106
vt 0.545126 0.730970
vt 0.536425 0.735581
vt 0.537151 0.734718
vt 0.537977 0.733920
vt 0.538852 0.733225
vt 0.534347 0.740751
vt 0.534531 0.739644
vt 0.534286 0.741882
vt 0.534531 0.744119
vt 0.535796 0.736509
vt 0.535267 0.737502
vt 0.534838 0.738561
vt 0.547382 0.730987
vt 0.546255 0.730931
vt 0.548490 0.731138
vt 0.549575 0.731381
vt 0.551705 0.732159
vt 0.550652 0.731723
vt 0.552700 0.732679
vt 0.553637 0.733282
vt 0.596442 0.690638
vt 0.593933 0.703449
vt 0.579720 0.736193
vt 0.580996 0.734640
vt 0.578770 0.737963
vt 0.588263 0.731633
vt 0.584329 0.732417
vt 0.601372 0.691616
vt 0.600335 0.693841
vt 0.602506 0.692152
vt 0.603589 0.692800
vt 0.605536 0.694391
vt 0.607135 0.696330
vt 0.599055 0.697043
vt 0.608319 0.698545
vt 0.609298 0.703449
vt 0.609298 0.741882
vt 0.554083 0.733615
vt 0.554515 0.733969
vt 0.555350 0.734759
vt 0.556087 0.735609
vt 0.556726 0.736521
vt 0.557008 0.737000
vt 0.557266 0.737494
vt 0.557716 0.738554
vt 0.558231 0.740745
vt 0.558038 0.739638
vt 0.558296 0.741877
vt 0.592201 0.732411
vt 0.593979 0.733355
vt 0.595537 0.734630
vt 0.596816 0.736182
vt 0.577988 0.741882
vt 0.597768 0.737950
vt 0.598555 0.741882
vt 0.535265 0.746259
vt 0.535793 0.747249
vt 0.536419 0.748175
vt 0.538839 0.750529
vt 0.537965 0.749833
vt 0.537596 0.751490
vt 0.539773 0.751137
vt 0.522698 0.762778
vt 0.522871 0.764301
vt 0.522359 0.764032
vt 0.542894 0.752420
vt 0.541824 0.752090
vt 0.543985 0.752654
vt 0.552696 0.751087
vt 0.551696 0.751609
vt 0.552961 0.751490
vt 0.550637 0.752046
vt 0.548473 0.752629
vt 0.546231 0.752833
vt 0.518390 0.770706
vt 0.516859 0.771116
vt 0.518898 0.769498
vt 0.515734 0.771780
vt 0.519808 0.768540
vt 0.520609 0.767515
vt 0.521885 0.765264
vt 0.534300 0.793126
vt 0.565371 0.793126
vt 0.557277 0.746248
vt 0.556096 0.748142
vt 0.557516 0.745722
vt 0.557442 0.746686
vt 0.555357 0.748997
vt 0.557724 0.745189
vt 0.558042 0.744108
vt 0.554518 0.749792
vt 0.554950 0.749402
vt 0.554881 0.749889
vt 0.578569 0.754693
vt 0.584342 0.751352
vt 0.588275 0.752131
vt 0.578771 0.745803
vt 0.597775 0.748287
vt 0.597771 0.745807
vt 0.596822 0.747579
vt 0.595541 0.749130
vt 0.581003 0.749130
vt 0.592207 0.751350
vt 0.590280 0.751932
vt 0.596442 0.793126
vt 0.609298 0.780315
vt 0.608315 0.785229
vt 0.607777 0.786360
vt 0.601361 0.792152
vt 0.603583 0.790972
vt 0.605529 0.789379
vt 0.607126 0.787439
vt 0.831663 0.634383
vt 0.870645 0.621389
vt 0.831663 0.621389
vt 0.831663 0.647377
vt 0.870645 0.647377
vt 0.909627 0.634383
vt 0.909627 0.647377
vt 0.909627 0.621389
vt 0.629980 0.753280
vt 0.623574 0.749464
vt 0.623574 0.753280
vt 0.636385 0.749464
vt 0.636385 0.753280
vt 0.629980 0.757097
vt 0.623574 0.755189
vt 0.623574 0.757097
vt 0.629980 0.755189
vt 0.636385 0.755189
vt 0.636385 0.756143
vt 0.636385 0.757097
vt 0.629980 0.745647
vt 0.623574 0.743739
vt 0.623574 0.745647
vt 0.629980 0.743739
vt 0.623574 0.741830
vt 0.636385 0.742785
vt 0.636385 0.743739
vt 0.629980 0.741830
vt 0.636385 0.741830
vt 0.636385 0.744693
vt 0.636385 0.745647
vt 0.636385 0.747555
vt 0.639588 0.745647
vt 0.639588 0.744693
vt 0.641189 0.743739
vt 0.642791 0.744693
vt 0.642791 0.743739
vt 0.639588 0.743739
vt 0.642791 0.745647
vt 0.639588 0.743262
vt 0.639588 0.742785
vt 0.639588 0.742307
vt 0.639588 0.741830
vt 0.641189 0.742785
vt 0.641189 0.742307
vt 0.642791 0.742307
vt 0.641189 0.741830
vt 0.642791 0.742546
vt 0.642791 0.742785
vt 0.641189 0.743262
vt 0.642791 0.743023
vt 0.642791 0.743262
vt 0.643591 0.743262
vt 0.643591 0.742904
vt 0.643591 0.743023
vt 0.643591 0.742785
vt 0.643992 0.743023
vt 0.643992 0.742904
vt 0.643591 0.742665
vt 0.643591 0.742546
vt 0.643992 0.742725
vt 0.643992 0.742785
vt 0.643992 0.742665
vt 0.639588 0.757097
vt 0.639588 0.756143
vt 0.642791 0.756143
vt 0.639588 0.755189
vt 0.642791 0.756620
vt 0.641189 0.757097
vt 0.642791 0.757097
vt 0.623574 0.736105
vt 0.617169 0.734197
vt 0.617169 0.736105
vt 0.623574 0.738014
vt 0.617169 0.738014
vt 0.629980 0.738014
vt 0.636385 0.736105
vt 0.636385 0.738014
vt 0.623574 0.734197
vt 0.623574 0.739922
vt 0.629980 0.739922
vt 0.636385 0.739922
vt 0.636385 0.740876
vt 0.623574 0.732289
vt 0.617169 0.730380
vt 0.617169 0.732289
vt 0.623574 0.728472
vt 0.620371 0.727518
vt 0.620371 0.728472
vt 0.629980 0.730380
vt 0.623574 0.730380
vt 0.636385 0.730380
vt 0.629980 0.728472
vt 0.636385 0.732289
vt 0.636385 0.734197
vt 0.642791 0.733243
vt 0.642791 0.734197
vt 0.642791 0.732289
vt 0.642791 0.731335
vt 0.642791 0.730380
vt 0.645993 0.732289
vt 0.645993 0.731335
vt 0.649196 0.731335
vt 0.645993 0.730380
vt 0.649196 0.731812
vt 0.649196 0.732289
vt 0.645993 0.734197
vt 0.645993 0.733243
vt 0.649196 0.732766
vt 0.649196 0.733243
vt 0.649196 0.734197
vt 0.636385 0.728472
vt 0.649196 0.729426
vt 0.649196 0.730380
vt 0.642791 0.728472
vt 0.649196 0.728472
vt 0.652399 0.730380
vt 0.652399 0.729426
vt 0.655602 0.729426
vt 0.652399 0.728472
vt 0.654000 0.730380
vt 0.655602 0.730380
vt 0.650797 0.733243
vt 0.650797 0.732766
vt 0.652399 0.732527
vt 0.652399 0.732766
vt 0.650797 0.732289
vt 0.652399 0.732289
vt 0.653199 0.732527
vt 0.650797 0.731812
vt 0.652399 0.731812
vt 0.650797 0.731335
vt 0.652399 0.732050
vt 0.652399 0.730858
vt 0.652399 0.731335
vt 0.654000 0.731335
vt 0.654000 0.730858
vt 0.655602 0.730858
vt 0.654801 0.731335
vt 0.655602 0.731335
vt 0.653199 0.732170
vt 0.653199 0.732289
vt 0.653199 0.732050
vt 0.654000 0.731931
vt 0.653600 0.732050
vt 0.654000 0.732050
vt 0.653199 0.731812
vt 0.654000 0.731812
vt 0.653600 0.732289
vt 0.653600 0.732170
vt 0.654000 0.732110
vt 0.654000 0.732170
vt 0.654000 0.732289
vt 0.654000 0.731573
vt 0.654400 0.731812
vt 0.654801 0.731573
vt 0.654801 0.731812
vt 0.655602 0.731573
vt 0.655201 0.731812
vt 0.655602 0.731812
vt 0.654200 0.732170
vt 0.654200 0.732110
vt 0.654400 0.732080
vt 0.654400 0.732110
vt 0.654200 0.732050
vt 0.654400 0.732050
vt 0.654400 0.732140
vt 0.654400 0.732170
vt 0.654501 0.732110
vt 0.654501 0.732080
vt 0.654601 0.732050
vt 0.654501 0.732050
vt 0.654400 0.731991
vt 0.654400 0.731931
vt 0.654601 0.731931
vt 0.654801 0.731931
vt 0.654601 0.731991
vt 0.654801 0.731991
vt 0.655201 0.731931
vt 0.639588 0.740876
vt 0.642791 0.740876
vt 0.639588 0.739922
vt 0.642791 0.741830
vt 0.642791 0.738014
vt 0.642791 0.739922
vt 0.642791 0.736105
vt 0.681224 0.741353
vt 0.679622 0.740876
vt 0.679622 0.741353
vt 0.680423 0.741830
vt 0.679622 0.741830
vt 0.681224 0.741830
vt 0.684426 0.739922
vt 0.681224 0.738014
vt 0.681224 0.739922
vt 0.687629 0.738014
vt 0.687629 0.739922
vt 0.682825 0.741830
vt 0.684426 0.740876
vt 0.681224 0.740876
vt 0.684426 0.741830
vt 0.687629 0.740876
vt 0.687629 0.741830
vt 0.669213 0.731931
vt 0.669413 0.731991
vt 0.669413 0.731931
vt 0.669614 0.731991
vt 0.669614 0.732050
vt 0.669413 0.732050
vt 0.669213 0.731812
vt 0.669614 0.731812
vt 0.669614 0.731931
vt 0.670014 0.731931
vt 0.670014 0.732050
vt 0.669614 0.732110
vt 0.670014 0.732170
vt 0.669614 0.732170
vt 0.669213 0.731573
vt 0.668413 0.731335
vt 0.668413 0.731573
vt 0.670014 0.731573
vt 0.669213 0.731335
vt 0.670014 0.731812
vt 0.670815 0.731812
vt 0.671615 0.731335
vt 0.670014 0.731335
vt 0.671615 0.731812
vt 0.670815 0.732050
vt 0.670815 0.732289
vt 0.670014 0.732289
vt 0.671615 0.732050
vt 0.671615 0.732289
vt 0.668413 0.730858
vt 0.670014 0.730858
vt 0.668413 0.730380
vt 0.671615 0.730858
vt 0.670014 0.730380
vt 0.673217 0.731335
vt 0.674818 0.730380
vt 0.671615 0.730380
vt 0.674818 0.731335
vt 0.673217 0.731812
vt 0.673217 0.732289
vt 0.674818 0.731812
vt 0.674818 0.732289
vt 0.668413 0.729426
vt 0.671615 0.729426
vt 0.668413 0.728472
vt 0.674818 0.729426
vt 0.671615 0.728472
vt 0.678021 0.730380
vt 0.681224 0.728472
vt 0.674818 0.728472
vt 0.681224 0.730380
vt 0.687629 0.730380
vt 0.674818 0.733243
vt 0.678021 0.732289
vt 0.681224 0.734197
vt 0.681224 0.732289
vt 0.674818 0.734197
vt 0.678021 0.731335
vt 0.681224 0.731335
vt 0.687629 0.732289
vt 0.687629 0.734197
vt 0.700440 0.732289
vt 0.700440 0.734197
vt 0.706846 0.730380
vt 0.700440 0.728472
vt 0.700440 0.730380
vt 0.706846 0.733243
vt 0.706846 0.734197
vt 0.706846 0.732289
vt 0.710048 0.734197
vt 0.710048 0.733243
vt 0.694035 0.739922
vt 0.694035 0.741830
vt 0.700440 0.739922
vt 0.694035 0.738014
vt 0.700440 0.741830
vt 0.700440 0.736105
vt 0.700440 0.738014
vt 0.706846 0.738014
vt 0.706846 0.735151
vt 0.706846 0.736105
vt 0.710048 0.736105
vt 0.710048 0.735151
vt 0.681224 0.756620
vt 0.680423 0.756858
vt 0.681224 0.756858
vt 0.681224 0.757097
vt 0.680423 0.757097
vt 0.682825 0.756620
vt 0.682825 0.757097
vt 0.681224 0.756143
vt 0.684426 0.756620
vt 0.682825 0.756143
vt 0.684426 0.757097
vt 0.681224 0.755189
vt 0.684426 0.755189
vt 0.684426 0.756143
vt 0.687629 0.756143
vt 0.687629 0.757097
vt 0.681224 0.742069
vt 0.680423 0.742069
vt 0.681224 0.742307
vt 0.680423 0.742307
vt 0.679822 0.742576
vt 0.680022 0.742546
vt 0.679822 0.742546
vt 0.680022 0.742606
vt 0.679822 0.742606
vt 0.680022 0.742665
vt 0.679822 0.742665
vt 0.680423 0.742546
vt 0.680423 0.742665
vt 0.680423 0.742785
vt 0.680022 0.742785
vt 0.680022 0.742486
vt 0.679822 0.742427
vt 0.679822 0.742486
vt 0.680423 0.742427
vt 0.680022 0.742307
vt 0.680022 0.742427
vt 0.681224 0.742546
vt 0.681224 0.742785
vt 0.681224 0.743023
vt 0.680423 0.743023
vt 0.681224 0.743262
vt 0.680423 0.743262
vt 0.682825 0.743739
vt 0.681224 0.743739
vt 0.682825 0.742785
vt 0.682825 0.743262
vt 0.684426 0.743262
vt 0.684426 0.743739
vt 0.682825 0.742307
vt 0.684426 0.742307
vt 0.684426 0.742785
vt 0.687629 0.742785
vt 0.687629 0.743739
vt 0.684426 0.745647
vt 0.681224 0.744693
vt 0.681224 0.745647
vt 0.684426 0.744693
vt 0.687629 0.744693
vt 0.687629 0.745647
vt 0.687629 0.747555
vt 0.694035 0.745647
vt 0.700440 0.749464
vt 0.700440 0.745647
vt 0.687629 0.749464
vt 0.694035 0.743739
vt 0.700440 0.743739
vt 0.694035 0.755189
vt 0.687629 0.755189
vt 0.694035 0.757097
vt 0.687629 0.753280
vt 0.700440 0.755189
vt 0.694035 0.753280
vt 0.700440 0.757097
vt 0.700440 0.753280
vt 0.649196 0.780164
vt 0.636385 0.776319
vt 0.636385 0.780164
vt 0.642791 0.772475
vt 0.649196 0.776319
vt 0.649196 0.772475
vt 0.636385 0.772475
vt 0.655602 0.772475
vt 0.662007 0.776319
vt 0.662007 0.772475
vt 0.662007 0.780164
vt 0.636385 0.766708
vt 0.623574 0.768630
vt 0.636385 0.768630
vt 0.623574 0.764786
vt 0.636385 0.764786
vt 0.636385 0.770552
vt 0.623574 0.772475
vt 0.629980 0.760941
vt 0.623574 0.759019
vt 0.623574 0.760941
vt 0.629980 0.759019
vt 0.636385 0.758058
vt 0.636385 0.759019
vt 0.636385 0.759980
vt 0.636385 0.760941
vt 0.636385 0.762864
vt 0.642791 0.764786
vt 0.639588 0.760941
vt 0.642791 0.762864
vt 0.642791 0.760941
vt 0.639588 0.759980
vt 0.641189 0.759019
vt 0.642791 0.759980
vt 0.642791 0.759019
vt 0.639588 0.759019
vt 0.639588 0.758539
vt 0.639588 0.758058
vt 0.639588 0.757577
vt 0.641189 0.758058
vt 0.641189 0.757577
vt 0.642791 0.757337
vt 0.642791 0.757577
vt 0.642791 0.757818
vt 0.642791 0.758058
vt 0.641189 0.758539
vt 0.642791 0.758298
vt 0.642791 0.758539
vt 0.643591 0.758539
vt 0.644392 0.759019
vt 0.644392 0.758539
vt 0.643591 0.758298
vt 0.643591 0.757938
vt 0.643591 0.758058
vt 0.643591 0.757818
vt 0.643591 0.757698
vt 0.643591 0.757577
vt 0.643992 0.757758
vt 0.643992 0.757818
vt 0.643992 0.757698
vt 0.643992 0.757638
vt 0.643992 0.757577
vt 0.644192 0.757668
vt 0.644192 0.757698
vt 0.644192 0.757638
vt 0.644192 0.757607
vt 0.644192 0.757577
vt 0.644192 0.757818
vt 0.644192 0.757758
vt 0.643992 0.758058
vt 0.643992 0.757938
vt 0.643591 0.757457
vt 0.643591 0.757337
vt 0.643992 0.757517
vt 0.643992 0.757457
vt 0.644192 0.757517
vt 0.642791 0.770552
vt 0.645993 0.768630
vt 0.649196 0.769591
vt 0.649196 0.768630
vt 0.649196 0.770552
vt 0.642791 0.768630
vt 0.642791 0.767669
vt 0.642791 0.766708
vt 0.645993 0.767669
vt 0.649196 0.767669
vt 0.645993 0.766708
vt 0.649196 0.768150
vt 0.650797 0.768630
vt 0.650797 0.768150
vt 0.652399 0.767909
vt 0.652399 0.768150
vt 0.650797 0.767669
vt 0.652399 0.767669
vt 0.652399 0.768390
vt 0.652399 0.768630
vt 0.653199 0.768630
vt 0.653199 0.768390
vt 0.654000 0.768270
vt 0.654000 0.768390
vt 0.653199 0.768150
vt 0.654000 0.768150
vt 0.654000 0.768630
vt 0.653199 0.767909
vt 0.654000 0.768030
vt 0.654000 0.767909
vt 0.654400 0.768090
vt 0.654400 0.768150
vt 0.654400 0.768030
vt 0.654400 0.768390
vt 0.654801 0.768630
vt 0.654801 0.768390
vt 0.654400 0.768210
vt 0.654400 0.768270
vt 0.654601 0.768270
vt 0.654601 0.768210
vt 0.654801 0.768270
vt 0.652399 0.770552
vt 0.655602 0.770552
vt 0.652399 0.769111
vt 0.652399 0.769591
vt 0.654000 0.769591
vt 0.654000 0.769111
vt 0.655602 0.769111
vt 0.655602 0.768630
vt 0.655602 0.769591
vt 0.657203 0.769591
vt 0.658804 0.770552
vt 0.658804 0.769591
vt 0.662007 0.770552
vt 0.665210 0.770552
vt 0.668413 0.772475
vt 0.668413 0.770552
vt 0.666811 0.769591
vt 0.665210 0.769111
vt 0.665210 0.769591
vt 0.668413 0.769591
vt 0.666811 0.769111
vt 0.670014 0.769591
vt 0.671615 0.770552
vt 0.671615 0.769591
vt 0.668413 0.769111
vt 0.669213 0.768630
vt 0.670014 0.769111
vt 0.670014 0.768630
vt 0.668413 0.768630
vt 0.670815 0.768630
vt 0.671615 0.769111
vt 0.671615 0.768630
vt 0.673217 0.768630
vt 0.674818 0.769591
vt 0.674818 0.768630
vt 0.674818 0.770552
vt 0.674818 0.772475
vt 0.668813 0.768390
vt 0.669213 0.768390
vt 0.668413 0.768390
vt 0.668813 0.768270
vt 0.669413 0.768270
vt 0.669614 0.768390
vt 0.669614 0.768270
vt 0.669213 0.768270
vt 0.669213 0.768210
vt 0.669313 0.768150
vt 0.669413 0.768210
vt 0.669413 0.768150
vt 0.669213 0.768150
vt 0.669614 0.768210
vt 0.669814 0.768150
vt 0.669614 0.768150
vt 0.670014 0.768270
vt 0.670014 0.768150
vt 0.670014 0.768390
vt 0.669614 0.768090
vt 0.669513 0.768060
vt 0.669513 0.768090
vt 0.669614 0.768060
vt 0.669814 0.768030
vt 0.669614 0.768030
vt 0.669814 0.768090
vt 0.670014 0.768090
vt 0.670414 0.768030
vt 0.670014 0.768030
vt 0.670414 0.768150
vt 0.670014 0.767909
vt 0.670815 0.768030
vt 0.670414 0.767909
vt 0.670815 0.768150
vt 0.671615 0.767909
vt 0.670815 0.767669
vt 0.670815 0.767909
vt 0.671615 0.768150
vt 0.670815 0.768390
vt 0.671615 0.768390
vt 0.673217 0.768150
vt 0.673217 0.767669
vt 0.671615 0.767669
vt 0.674818 0.768150
vt 0.678021 0.767669
vt 0.674818 0.767669
vt 0.678021 0.768630
vt 0.674818 0.766708
vt 0.681224 0.767669
vt 0.678021 0.766708
vt 0.681224 0.768630
vt 0.687629 0.766708
vt 0.681224 0.764786
vt 0.681224 0.766708
vt 0.687629 0.768630
vt 0.681224 0.772475
vt 0.681224 0.770552
vt 0.687629 0.770552
vt 0.687629 0.772475
vt 0.680022 0.757577
vt 0.679822 0.757517
vt 0.679822 0.757577
vt 0.680022 0.757397
vt 0.680423 0.757337
vt 0.680022 0.757337
vt 0.680423 0.757457
vt 0.680022 0.757457
vt 0.680022 0.757517
vt 0.680423 0.757577
vt 0.680022 0.757217
vt 0.680423 0.757217
vt 0.681224 0.757337
vt 0.681224 0.757577
vt 0.680423 0.757698
vt 0.680022 0.757698
vt 0.680423 0.757818
vt 0.680022 0.757818
vt 0.681224 0.757818
vt 0.681224 0.758058
vt 0.680423 0.758058
vt 0.681224 0.759019
vt 0.679622 0.758539
vt 0.679622 0.759019
vt 0.681224 0.758539
vt 0.682825 0.758058
vt 0.684426 0.759019
vt 0.684426 0.758058
vt 0.682825 0.757577
vt 0.684426 0.757577
vt 0.687629 0.758058
vt 0.687629 0.759019
vt 0.681224 0.759980
vt 0.687629 0.760941
vt 0.681224 0.760941
vt 0.687629 0.762864
vt 0.681224 0.762864
vt 0.687629 0.764786
vt 0.694035 0.760941
vt 0.700440 0.764786
vt 0.700440 0.760941
vt 0.694035 0.759019
vt 0.700440 0.759019
vt 0.700440 0.768630
vt 0.700440 0.772475
vt 0.674818 0.780164
vt 0.674818 0.776319
vt 0.687629 0.776319
vt 0.687629 0.780164
vt 0.707558 0.728751
vt 0.705344 0.727553
vt 0.700440 0.726564
vt 0.709497 0.730368
vt 0.687629 0.728472
vt 0.662007 0.726564
vt 0.710048 0.732289
vt 0.711088 0.732336
vt 0.711737 0.733431
vt 0.712272 0.734578
vt 0.672179 0.733546
vt 0.668444 0.731713
vt 0.668906 0.731887
vt 0.669137 0.731979
vt 0.665657 0.730941
vt 0.667515 0.731405
vt 0.662007 0.730585
vt 0.669252 0.732027
vt 0.669367 0.732075
vt 0.669309 0.732051
vt 0.713251 0.739562
vt 0.678310 0.739771
vt 0.675598 0.736307
vt 0.679488 0.741996
vt 0.679161 0.741306
vt 0.679630 0.742320
vt 0.679697 0.742477
vt 0.679728 0.742554
vt 0.679744 0.742592
vt 0.679760 0.742629
vt 0.681224 0.750085
vt 0.655602 0.728472
vt 0.654633 0.732081
vt 0.654596 0.732096
vt 0.654484 0.732144
vt 0.654559 0.732112
vt 0.623574 0.727518
vt 0.623574 0.726564
vt 0.618660 0.727558
vt 0.617529 0.728102
vt 0.616450 0.728760
vt 0.654330 0.732211
vt 0.654013 0.732356
vt 0.614510 0.730375
vt 0.612917 0.732342
vt 0.653335 0.732687
vt 0.651826 0.733552
vt 0.648409 0.736314
vt 0.644226 0.742700
vt 0.644250 0.742641
vt 0.645699 0.739780
vt 0.643591 0.742307
vt 0.644066 0.743109
vt 0.644156 0.742875
vt 0.644203 0.742758
vt 0.643992 0.742546
vt 0.643895 0.743578
vt 0.611737 0.734588
vt 0.610763 0.739562
vt 0.643593 0.744519
vt 0.643138 0.746404
vt 0.713251 0.763707
vt 0.680875 0.753785
vt 0.680420 0.755668
vt 0.678313 0.760407
vt 0.675598 0.763877
vt 0.680118 0.756609
vt 0.679947 0.757077
vt 0.679857 0.757311
vt 0.679811 0.757428
vt 0.679787 0.757486
vt 0.679763 0.757545
vt 0.672176 0.766640
vt 0.670663 0.767505
vt 0.669983 0.767836
vt 0.713251 0.787852
vt 0.679088 0.787852
vt 0.669665 0.767981
vt 0.669511 0.768048
vt 0.669435 0.768080
vt 0.669398 0.768096
vt 0.669361 0.768112
vt 0.662007 0.769599
vt 0.644261 0.757569
vt 0.644192 0.757457
vt 0.642791 0.750108
vt 0.644276 0.757607
vt 0.644292 0.757645
vt 0.643992 0.757337
vt 0.644324 0.757721
vt 0.642791 0.755189
vt 0.644392 0.758298
vt 0.644532 0.758201
vt 0.644859 0.758891
vt 0.645711 0.760424
vt 0.644390 0.757878
vt 0.610763 0.763707
vt 0.643591 0.757097
vt 0.654773 0.768162
vt 0.654715 0.768138
vt 0.654601 0.768150
vt 0.654658 0.768114
vt 0.655118 0.768300
vt 0.654888 0.768209
vt 0.651844 0.766644
vt 0.658362 0.769244
vt 0.657203 0.769111
vt 0.656507 0.768781
vt 0.655580 0.768474
vt 0.648428 0.763889
vt 0.653199 0.767669
vt 0.649196 0.766708
vt 0.610763 0.787852
vt 0.644926 0.787852
vt 0.636385 0.876829
vt 0.629980 0.878752
vt 0.636385 0.878752
vt 0.623574 0.874905
vt 0.623574 0.878752
vt 0.636385 0.874905
vt 0.629980 0.882598
vt 0.623574 0.880675
vt 0.623574 0.882598
vt 0.629980 0.880675
vt 0.636385 0.880675
vt 0.636385 0.881637
vt 0.636385 0.882598
vt 0.636385 0.869136
vt 0.623574 0.871059
vt 0.636385 0.871059
vt 0.623574 0.867213
vt 0.636385 0.867213
vt 0.636385 0.872982
vt 0.642791 0.874905
vt 0.642791 0.872021
vt 0.642791 0.872982
vt 0.642791 0.871059
vt 0.645993 0.872982
vt 0.645993 0.872021
vt 0.649196 0.871540
vt 0.649196 0.872021
vt 0.645993 0.871059
vt 0.649196 0.871059
vt 0.649196 0.872982
vt 0.642791 0.869136
vt 0.649196 0.869136
vt 0.642791 0.867213
vt 0.649196 0.870098
vt 0.652399 0.870578
vt 0.650797 0.871059
vt 0.652399 0.871059
vt 0.652399 0.870098
vt 0.654000 0.870098
vt 0.652399 0.869136
vt 0.655602 0.869136
vt 0.655602 0.870098
vt 0.653199 0.871059
vt 0.654000 0.870578
vt 0.654000 0.871059
vt 0.655602 0.870578
vt 0.654801 0.871059
vt 0.655602 0.871059
vt 0.649196 0.867213
vt 0.655602 0.867213
vt 0.658804 0.869136
vt 0.662007 0.867213
vt 0.662007 0.869136
vt 0.657203 0.870578
vt 0.658804 0.870578
vt 0.657203 0.870098
vt 0.658804 0.870098
vt 0.650797 0.872021
vt 0.650797 0.871540
vt 0.652399 0.871300
vt 0.652399 0.871540
vt 0.652399 0.871780
vt 0.652399 0.872021
vt 0.653199 0.872021
vt 0.653199 0.871660
vt 0.653199 0.871780
vt 0.653199 0.871540
vt 0.653600 0.871780
vt 0.653600 0.871660
vt 0.654000 0.871600
vt 0.654000 0.871660
vt 0.653600 0.871540
vt 0.654000 0.871540
vt 0.654000 0.871780
vt 0.653199 0.871300
vt 0.654000 0.871300
vt 0.654000 0.871420
vt 0.654400 0.871480
vt 0.654200 0.871540
vt 0.654400 0.871540
vt 0.654400 0.871420
vt 0.654601 0.871420
vt 0.654400 0.871300
vt 0.654801 0.871300
vt 0.654801 0.871420
vt 0.654501 0.871540
vt 0.654601 0.871480
vt 0.654601 0.871540
vt 0.654801 0.871480
vt 0.655201 0.871300
vt 0.655602 0.871300
vt 0.655201 0.871420
vt 0.654200 0.871660
vt 0.654200 0.871600
vt 0.654400 0.871570
vt 0.654400 0.871600
vt 0.654400 0.871630
vt 0.654400 0.871660
vt 0.654501 0.871600
vt 0.654501 0.871570
vt 0.639588 0.882117
vt 0.639588 0.882598
vt 0.639588 0.881637
vt 0.642791 0.881156
vt 0.641189 0.881637
vt 0.642791 0.881637
vt 0.639588 0.880675
vt 0.642791 0.880675
vt 0.641189 0.882598
vt 0.641189 0.882117
vt 0.642791 0.881877
vt 0.642791 0.882117
vt 0.642791 0.882358
vt 0.642791 0.882598
vt 0.642791 0.879713
vt 0.642791 0.878752
vt 0.643591 0.882478
vt 0.643591 0.882598
vt 0.643591 0.882358
vt 0.643591 0.882238
vt 0.643591 0.882117
vt 0.643992 0.882298
vt 0.643992 0.882358
vt 0.643992 0.882238
vt 0.643992 0.882177
vt 0.643992 0.882117
vt 0.644192 0.882177
vt 0.643992 0.882478
vt 0.643591 0.881997
vt 0.643591 0.881877
vt 0.643992 0.881997
vt 0.644392 0.881156
vt 0.642791 0.876829
vt 0.636385 0.863366
vt 0.649196 0.863366
vt 0.636385 0.859520
vt 0.662007 0.863366
vt 0.649196 0.859520
vt 0.668413 0.867213
vt 0.674818 0.863366
vt 0.674818 0.867213
vt 0.662007 0.859520
vt 0.687629 0.863366
vt 0.674818 0.859520
vt 0.681224 0.867213
vt 0.687629 0.867213
vt 0.687629 0.876829
vt 0.681224 0.874905
vt 0.681224 0.876829
vt 0.684426 0.878752
vt 0.681224 0.878752
vt 0.687629 0.878752
vt 0.680423 0.881156
vt 0.679622 0.880675
vt 0.679622 0.881156
vt 0.681224 0.880675
vt 0.681224 0.881156
vt 0.680423 0.881396
vt 0.679622 0.881396
vt 0.681224 0.881396
vt 0.681224 0.881637
vt 0.680423 0.881637
vt 0.679822 0.882027
vt 0.680022 0.881997
vt 0.679822 0.881997
vt 0.680022 0.882057
vt 0.679822 0.882057
vt 0.679822 0.882087
vt 0.680022 0.882117
vt 0.679822 0.882117
vt 0.680022 0.881937
vt 0.679822 0.881877
vt 0.679822 0.881937
vt 0.680423 0.881877
vt 0.680022 0.881877
vt 0.680423 0.881997
vt 0.680423 0.882117
vt 0.680423 0.881757
vt 0.680022 0.881637
vt 0.680022 0.881757
vt 0.681224 0.881877
vt 0.681224 0.882117
vt 0.680022 0.882177
vt 0.679822 0.882177
vt 0.680022 0.882238
vt 0.679822 0.882238
vt 0.680423 0.882238
vt 0.680423 0.882358
vt 0.680022 0.882358
vt 0.681224 0.882358
vt 0.681224 0.882598
vt 0.680423 0.882598
vt 0.682825 0.880675
vt 0.681224 0.879713
vt 0.684426 0.879713
vt 0.684426 0.880675
vt 0.687629 0.879713
vt 0.687629 0.880675
vt 0.682825 0.882117
vt 0.682825 0.882598
vt 0.682825 0.881637
vt 0.684426 0.882117
vt 0.684426 0.882598
vt 0.682825 0.881156
vt 0.684426 0.881156
vt 0.684426 0.881637
vt 0.687629 0.881637
vt 0.687629 0.882598
vt 0.669614 0.871600
vt 0.670014 0.871540
vt 0.669614 0.871540
vt 0.670014 0.871660
vt 0.669614 0.871660
vt 0.669614 0.871300
vt 0.669213 0.871059
vt 0.669213 0.871300
vt 0.670014 0.871059
vt 0.670014 0.871300
vt 0.669213 0.871420
vt 0.669413 0.871480
vt 0.669413 0.871420
vt 0.669614 0.871480
vt 0.669413 0.871540
vt 0.669614 0.871420
vt 0.670014 0.871420
vt 0.670815 0.871300
vt 0.670815 0.871540
vt 0.671615 0.871300
vt 0.670815 0.871059
vt 0.671615 0.871540
vt 0.670815 0.871780
vt 0.670014 0.871780
vt 0.671615 0.871780
vt 0.671615 0.872021
vt 0.670815 0.872021
vt 0.673217 0.871540
vt 0.673217 0.872021
vt 0.673217 0.871059
vt 0.671615 0.871059
vt 0.674818 0.871540
vt 0.674818 0.872021
vt 0.666811 0.870098
vt 0.665210 0.869136
vt 0.665210 0.870098
vt 0.668413 0.869136
vt 0.668413 0.870098
vt 0.668413 0.870578
vt 0.666811 0.870578
vt 0.671615 0.869136
vt 0.674818 0.869136
vt 0.668413 0.871059
vt 0.670014 0.870578
vt 0.671615 0.870578
vt 0.670014 0.870098
vt 0.671615 0.870098
vt 0.674818 0.870098
vt 0.674818 0.871059
vt 0.678021 0.871059
vt 0.681224 0.869136
vt 0.681224 0.871059
vt 0.687629 0.869136
vt 0.687629 0.871059
vt 0.678021 0.872982
vt 0.674818 0.872982
vt 0.678021 0.872021
vt 0.681224 0.872021
vt 0.681224 0.872982
vt 0.687629 0.872982
vt 0.687629 0.874905
vt 0.700440 0.871059
vt 0.700440 0.874905
vt 0.700440 0.867213
vt 0.694035 0.880675
vt 0.694035 0.882598
vt 0.694035 0.878752
vt 0.700440 0.880675
vt 0.700440 0.882598
vt 0.700440 0.878752
vt 0.617169 0.906440
vt 0.613966 0.905486
vt 0.613966 0.906440
vt 0.617169 0.907394
vt 0.613966 0.907394
vt 0.623574 0.905486
vt 0.617169 0.905486
vt 0.623574 0.907394
vt 0.623574 0.909301
vt 0.617169 0.909301
vt 0.636385 0.907394
vt 0.636385 0.909301
vt 0.617169 0.904533
vt 0.613966 0.903579
vt 0.613966 0.904533
vt 0.623574 0.903579
vt 0.617169 0.901672
vt 0.617169 0.903579
vt 0.629980 0.901672
vt 0.623574 0.899764
vt 0.623574 0.901672
vt 0.629980 0.899764
vt 0.623574 0.897857
vt 0.636385 0.898811
vt 0.636385 0.899764
vt 0.629980 0.897857
vt 0.636385 0.897857
vt 0.636385 0.901672
vt 0.636385 0.905486
vt 0.639588 0.899764
vt 0.642791 0.901672
vt 0.642791 0.899764
vt 0.639588 0.898811
vt 0.641189 0.897857
vt 0.642791 0.898334
vt 0.642791 0.897857
vt 0.642791 0.898811
vt 0.639588 0.897857
vt 0.644392 0.898811
vt 0.643591 0.897857
vt 0.644392 0.898334
vt 0.644392 0.897857
vt 0.642791 0.911208
vt 0.636385 0.911208
vt 0.645993 0.909301
vt 0.649196 0.910255
vt 0.649196 0.909301
vt 0.649196 0.911208
vt 0.642791 0.909301
vt 0.642791 0.908347
vt 0.642791 0.907394
vt 0.649196 0.906440
vt 0.645993 0.907394
vt 0.649196 0.907394
vt 0.642791 0.905486
vt 0.649196 0.905486
vt 0.645993 0.908347
vt 0.649196 0.907871
vt 0.649196 0.908347
vt 0.650797 0.908347
vt 0.652399 0.908824
vt 0.652399 0.908347
vt 0.652399 0.909301
vt 0.650797 0.907871
vt 0.652399 0.907632
vt 0.652399 0.907871
vt 0.650797 0.907394
vt 0.652399 0.907394
vt 0.653199 0.907871
vt 0.654000 0.908109
vt 0.654000 0.907871
vt 0.654000 0.908347
vt 0.653199 0.907632
vt 0.654000 0.907513
vt 0.654000 0.907632
vt 0.653199 0.907394
vt 0.654000 0.907394
vt 0.654000 0.907751
vt 0.654400 0.907871
vt 0.654400 0.907692
vt 0.654400 0.907751
vt 0.654400 0.907632
vt 0.654601 0.907751
vt 0.654601 0.907692
vt 0.654801 0.907751
vt 0.654801 0.907871
vt 0.654801 0.908347
vt 0.654801 0.908109
vt 0.655602 0.908347
vt 0.654000 0.909301
vt 0.654000 0.908824
vt 0.655602 0.908824
vt 0.655602 0.909301
vt 0.652399 0.911208
vt 0.652399 0.910255
vt 0.655602 0.910255
vt 0.655602 0.911208
vt 0.636385 0.892135
vt 0.629980 0.894042
vt 0.636385 0.894042
vt 0.623574 0.890228
vt 0.623574 0.894042
vt 0.636385 0.890228
vt 0.623574 0.895950
vt 0.629980 0.895950
vt 0.636385 0.894996
vt 0.636385 0.895950
vt 0.636385 0.896903
vt 0.629980 0.886413
vt 0.623574 0.884506
vt 0.623574 0.886413
vt 0.629980 0.884506
vt 0.636385 0.883552
vt 0.636385 0.884506
vt 0.636385 0.886413
vt 0.639588 0.884506
vt 0.639588 0.883075
vt 0.639588 0.883552
vt 0.641189 0.883552
vt 0.641189 0.883075
vt 0.642791 0.882837
vt 0.642791 0.883075
vt 0.642791 0.883552
vt 0.642791 0.884506
vt 0.643591 0.883075
vt 0.643591 0.882837
vt 0.639588 0.897380
vt 0.639588 0.896903
vt 0.639588 0.896426
vt 0.639588 0.895950
vt 0.641189 0.896903
vt 0.641189 0.896426
vt 0.642791 0.896426
vt 0.641189 0.895950
vt 0.642791 0.896665
vt 0.642791 0.896903
vt 0.641189 0.897380
vt 0.642791 0.897142
vt 0.642791 0.897380
vt 0.642791 0.897619
vt 0.639588 0.894996
vt 0.642791 0.894996
vt 0.639588 0.894042
vt 0.642791 0.895950
vt 0.643591 0.897619
vt 0.643591 0.897261
vt 0.643591 0.897380
vt 0.643591 0.897142
vt 0.643591 0.897023
vt 0.643591 0.896903
vt 0.643992 0.897082
vt 0.643992 0.897142
vt 0.643992 0.897023
vt 0.644192 0.897112
vt 0.644192 0.897142
vt 0.644192 0.897082
vt 0.643992 0.897380
vt 0.643992 0.897201
vt 0.643992 0.897261
vt 0.644192 0.897261
vt 0.644192 0.897201
vt 0.643591 0.896665
vt 0.680423 0.896784
vt 0.680022 0.896665
vt 0.680022 0.896784
vt 0.680423 0.896903
vt 0.680022 0.896903
vt 0.681224 0.896665
vt 0.680423 0.896426
vt 0.680423 0.896665
vt 0.681224 0.896903
vt 0.680022 0.896963
vt 0.680423 0.897023
vt 0.680022 0.897023
vt 0.680423 0.897142
vt 0.680022 0.897142
vt 0.681224 0.897142
vt 0.681224 0.897380
vt 0.680423 0.897380
vt 0.682825 0.895950
vt 0.681224 0.894996
vt 0.681224 0.895950
vt 0.684426 0.894996
vt 0.684426 0.895950
vt 0.681224 0.894042
vt 0.687629 0.894996
vt 0.684426 0.894042
vt 0.687629 0.895950
vt 0.682825 0.897857
vt 0.681224 0.897857
vt 0.682825 0.896903
vt 0.682825 0.897380
vt 0.684426 0.897380
vt 0.684426 0.897857
vt 0.682825 0.896426
vt 0.681224 0.896426
vt 0.684426 0.896426
vt 0.684426 0.896903
vt 0.687629 0.896903
vt 0.687629 0.897857
vt 0.684426 0.884506
vt 0.681224 0.883552
vt 0.681224 0.884506
vt 0.681224 0.883075
vt 0.684426 0.883552
vt 0.687629 0.883552
vt 0.687629 0.884506
vt 0.694035 0.886413
vt 0.700440 0.890228
vt 0.700440 0.886413
vt 0.687629 0.890228
vt 0.687629 0.886413
vt 0.694035 0.884506
vt 0.700440 0.884506
vt 0.694035 0.895950
vt 0.694035 0.897857
vt 0.694035 0.894042
vt 0.687629 0.894042
vt 0.700440 0.895950
vt 0.700440 0.897857
vt 0.687629 0.892135
vt 0.700440 0.894042
vt 0.671615 0.911208
vt 0.668413 0.910255
vt 0.668413 0.911208
vt 0.670014 0.909301
vt 0.671615 0.910255
vt 0.671615 0.909301
vt 0.668413 0.909301
vt 0.674818 0.910255
vt 0.674818 0.911208
vt 0.671615 0.907394
vt 0.670815 0.907155
vt 0.670815 0.907394
vt 0.671615 0.907155
vt 0.673217 0.906917
vt 0.671615 0.906917
vt 0.673217 0.907394
vt 0.674818 0.906917
vt 0.673217 0.906440
vt 0.674818 0.907394
vt 0.668413 0.908824
vt 0.669213 0.908347
vt 0.670014 0.908824
vt 0.670014 0.908347
vt 0.668413 0.908347
vt 0.671615 0.908824
vt 0.668413 0.908109
vt 0.668813 0.907871
vt 0.669213 0.908109
vt 0.669213 0.907871
vt 0.668413 0.907871
vt 0.669614 0.907871
vt 0.670014 0.908109
vt 0.670014 0.907871
vt 0.668813 0.907751
vt 0.669513 0.907632
vt 0.669413 0.907602
vt 0.669413 0.907632
vt 0.669614 0.907602
vt 0.669513 0.907573
vt 0.669513 0.907602
vt 0.669614 0.907632
vt 0.669814 0.907573
vt 0.669614 0.907573
vt 0.669814 0.907632
vt 0.669614 0.907513
vt 0.670014 0.907573
vt 0.669814 0.907513
vt 0.670014 0.907632
vt 0.669413 0.907751
vt 0.669614 0.907751
vt 0.669213 0.907751
vt 0.669213 0.907692
vt 0.669614 0.907692
vt 0.669413 0.907692
vt 0.670014 0.907751
vt 0.670414 0.907632
vt 0.670815 0.907871
vt 0.670815 0.907632
vt 0.670414 0.907513
vt 0.670014 0.907513
vt 0.670014 0.907394
vt 0.670815 0.907513
vt 0.670414 0.907394
vt 0.671615 0.907632
vt 0.671615 0.907871
vt 0.671615 0.908347
vt 0.673217 0.908347
vt 0.673217 0.907871
vt 0.674818 0.907871
vt 0.674818 0.908347
vt 0.674818 0.909301
vt 0.678021 0.909301
vt 0.678021 0.907394
vt 0.678021 0.908347
vt 0.681224 0.908347
vt 0.681224 0.909301
vt 0.678021 0.906440
vt 0.674818 0.906440
vt 0.674818 0.905486
vt 0.681224 0.906440
vt 0.678021 0.905486
vt 0.681224 0.907394
vt 0.687629 0.905486
vt 0.681224 0.905486
vt 0.687629 0.907394
vt 0.687629 0.909301
vt 0.681224 0.911208
vt 0.687629 0.911208
vt 0.684426 0.899764
vt 0.681224 0.898811
vt 0.681224 0.899764
vt 0.684426 0.898811
vt 0.687629 0.898811
vt 0.687629 0.899764
vt 0.687629 0.901672
vt 0.681224 0.901672
vt 0.687629 0.903579
vt 0.681224 0.903579
vt 0.700440 0.903579
vt 0.694035 0.901672
vt 0.700440 0.901672
vt 0.700440 0.905486
vt 0.694035 0.899764
vt 0.700440 0.899764
vt 0.706846 0.905486
vt 0.706846 0.903579
vt 0.694035 0.911208
vt 0.700440 0.911208
vt 0.694035 0.909301
vt 0.700440 0.907394
vt 0.700440 0.909301
vt 0.706846 0.909301
vt 0.706846 0.907394
vt 0.703643 0.912162
vt 0.700440 0.912162
vt 0.687629 0.859520
vt 0.713251 0.851827
vt 0.679088 0.851827
vt 0.713251 0.875972
vt 0.675598 0.875803
vt 0.672179 0.873042
vt 0.678310 0.879267
vt 0.667515 0.870901
vt 0.668444 0.871209
vt 0.662007 0.870081
vt 0.665657 0.870437
vt 0.669252 0.871522
vt 0.669367 0.871571
vt 0.668906 0.871383
vt 0.669137 0.871475
vt 0.669309 0.871546
vt 0.644926 0.851827
vt 0.713251 0.900117
vt 0.681224 0.889581
vt 0.680875 0.893281
vt 0.679630 0.881816
vt 0.679488 0.881492
vt 0.679697 0.881973
vt 0.679161 0.880801
vt 0.679728 0.882050
vt 0.679744 0.882088
vt 0.679760 0.882125
vt 0.654633 0.871576
vt 0.654596 0.871592
vt 0.654559 0.871608
vt 0.654484 0.871640
vt 0.654330 0.871707
vt 0.654013 0.871852
vt 0.610763 0.851827
vt 0.610763 0.875972
vt 0.653335 0.872183
vt 0.651826 0.873048
vt 0.648409 0.875810
vt 0.645699 0.879276
vt 0.644392 0.880675
vt 0.644250 0.882137
vt 0.643992 0.881877
vt 0.644192 0.882117
vt 0.643591 0.881637
vt 0.644226 0.882195
vt 0.644203 0.882254
vt 0.644156 0.882371
vt 0.644066 0.882605
vt 0.643895 0.883074
vt 0.643593 0.884015
vt 0.643138 0.885900
vt 0.642791 0.889603
vt 0.610763 0.900117
vt 0.642791 0.894042
vt 0.680420 0.895164
vt 0.680118 0.896105
vt 0.679947 0.896573
vt 0.706846 0.901672
vt 0.712277 0.905091
vt 0.711097 0.907338
vt 0.678313 0.899903
vt 0.675598 0.903373
vt 0.679857 0.896807
vt 0.679811 0.896924
vt 0.679763 0.897041
vt 0.679787 0.896982
vt 0.672176 0.906136
vt 0.670663 0.907000
vt 0.709504 0.909305
vt 0.703643 0.911208
vt 0.707564 0.910920
vt 0.669983 0.907332
vt 0.706485 0.911578
vt 0.705354 0.912122
vt 0.700440 0.913116
vt 0.662007 0.913116
vt 0.669665 0.907477
vt 0.669511 0.907544
vt 0.669435 0.907576
vt 0.669398 0.907592
vt 0.669361 0.907608
vt 0.662007 0.909095
vt 0.644261 0.897065
vt 0.644192 0.897023
vt 0.643591 0.896426
vt 0.644276 0.897103
vt 0.644292 0.897141
vt 0.643992 0.896903
vt 0.644324 0.897217
vt 0.644859 0.898387
vt 0.644532 0.897697
vt 0.645711 0.899920
vt 0.644390 0.897373
vt 0.648428 0.903385
vt 0.611742 0.905102
vt 0.654773 0.907657
vt 0.654715 0.907634
vt 0.654658 0.907610
vt 0.655118 0.907796
vt 0.654888 0.907705
vt 0.654400 0.907513
vt 0.651844 0.906140
vt 0.656507 0.908277
vt 0.655602 0.908109
vt 0.658362 0.908740
vt 0.655580 0.907970
vt 0.612926 0.907344
vt 0.612278 0.906249
vt 0.623574 0.913116
vt 0.614517 0.909312
vt 0.616456 0.910928
vt 0.618670 0.912126
vt 0.053652 0.112640
vt 0.047155 0.093149
vt 0.047155 0.112640
vt 0.060149 0.112640
vt 0.053652 0.093149
vt 0.057983 0.073657
vt 0.060149 0.093149
vt 0.066646 0.073657
vt 0.066646 0.112640
vt 0.049320 0.073657
vt 0.040658 0.073657
vt 0.040658 0.112640
vt 0.066646 0.151622
vt 0.053652 0.151622
vt 0.040658 0.151622
vt 0.292367 0.830798
vt 0.311859 0.812694
vt 0.311859 0.830798
vt 0.292367 0.848901
vt 0.311859 0.848901
vt 0.292367 0.867005
vt 0.311859 0.867005
vt 0.292367 0.921315
vt 0.311859 0.903212
vt 0.311859 0.921315
vt 0.292367 0.939419
vt 0.311859 0.939419
vt 0.292367 0.957522
vt 0.311859 0.957522
vt 0.331350 0.812694
vt 0.331350 0.830798
vt 0.331350 0.848901
vt 0.331350 0.921315
vt 0.331350 0.939419
vt 0.331350 0.957522
vt 0.350841 0.848901
vt 0.350841 0.921315
vt 0.350841 0.939419
vt 0.409314 0.830798
vt 0.409314 0.848901
vt 0.389823 0.848901
vt 0.389823 0.921315
vt 0.409314 0.921315
vt 0.409314 0.939419
vt 0.428805 0.812694
vt 0.428805 0.830798
vt 0.428805 0.848901
vt 0.428805 0.921315
vt 0.428805 0.939419
vt 0.409314 0.957522
vt 0.428805 0.957522
vt 0.448297 0.812694
vt 0.448297 0.830798
vt 0.448297 0.848901
vt 0.428805 0.867005
vt 0.448297 0.867005
vt 0.448297 0.903212
vt 0.448297 0.921315
vt 0.448297 0.939419
vt 0.448297 0.957522
vt 0.292367 0.812694
vt 0.272876 0.813925
vt 0.274360 0.806526
vt 0.272876 0.827400
vt 0.278585 0.800254
vt 0.306543 0.794591
vt 0.292367 0.794591
vt 0.284908 0.796062
vt 0.320718 0.794591
vt 0.272876 0.854350
vt 0.272876 0.840875
vt 0.272876 0.867825
vt 0.272876 0.881301
vt 0.313837 0.877073
vt 0.319470 0.868709
vt 0.292367 0.903212
vt 0.327901 0.863121
vt 0.311859 0.886938
vt 0.334894 0.794591
vt 0.352633 0.824911
vt 0.349069 0.794591
vt 0.357388 0.810273
vt 0.364013 0.805911
vt 0.353326 0.817054
vt 0.363244 0.794591
vt 0.355445 0.832289
vt 0.337847 0.861158
vt 0.350841 0.861158
vt 0.361206 0.837726
vt 0.376651 0.839067
vt 0.368774 0.840145
vt 0.363835 0.861158
vt 0.371890 0.804833
vt 0.272876 0.908251
vt 0.272876 0.894776
vt 0.272876 0.921726
vt 0.313837 0.896803
vt 0.319470 0.905167
vt 0.272876 0.935201
vt 0.272876 0.948676
vt 0.272876 0.962151
vt 0.272876 0.975626
vt 0.286798 0.975626
vt 0.314643 0.975626
vt 0.300721 0.975626
vt 0.327901 0.910755
vt 0.337847 0.912718
vt 0.350841 0.912718
vt 0.363835 0.912718
vt 0.358223 0.938355
vt 0.365122 0.934434
vt 0.376829 0.912718
vt 0.373053 0.933870
vt 0.352511 0.952653
vt 0.353722 0.944857
vt 0.342487 0.975626
vt 0.328565 0.975626
vt 0.354829 0.960198
vt 0.367610 0.968904
vt 0.356410 0.975626
vt 0.360218 0.965998
vt 0.370332 0.975626
vt 0.376829 0.861158
vt 0.379458 0.807252
vt 0.377420 0.794591
vt 0.391595 0.794591
vt 0.385219 0.812689
vt 0.409314 0.812694
vt 0.405770 0.794591
vt 0.388031 0.820067
vt 0.419946 0.794591
vt 0.383276 0.834705
vt 0.389823 0.861158
vt 0.387338 0.827924
vt 0.412763 0.863121
vt 0.402817 0.861158
vt 0.434121 0.794591
vt 0.467788 0.827400
vt 0.448297 0.794591
vt 0.455756 0.796062
vt 0.462079 0.800254
vt 0.466304 0.806526
vt 0.467788 0.813925
vt 0.467788 0.840875
vt 0.426827 0.877073
vt 0.421194 0.868709
vt 0.467788 0.854350
vt 0.467788 0.867825
vt 0.467788 0.881301
vt 0.428805 0.886938
vt 0.467788 0.894776
vt 0.380446 0.936776
vt 0.389823 0.912718
vt 0.402817 0.912718
vt 0.412763 0.910755
vt 0.385835 0.942576
vt 0.398176 0.975626
vt 0.384254 0.975626
vt 0.382441 0.964419
vt 0.375542 0.968340
vt 0.386942 0.957917
vt 0.388153 0.950121
vt 0.412099 0.975626
vt 0.426827 0.896803
vt 0.428805 0.903212
vt 0.421194 0.905167
vt 0.467788 0.908251
vt 0.467788 0.935201
vt 0.467788 0.921726
vt 0.426021 0.975626
vt 0.439943 0.975626
vt 0.453866 0.975626
vt 0.467788 0.948676
vt 0.467788 0.962151
vt 0.467788 0.975626
vt 0.349356 0.575825
vt 0.354455 0.575825
vt 0.354455 0.579482
vt 0.344258 0.579482
vt 0.344258 0.575825
vt 0.354455 0.573997
vt 0.349356 0.573997
vt 0.395245 0.601420
vt 0.436034 0.586794
vt 0.436034 0.601420
vt 0.374850 0.586794
vt 0.395245 0.586794
vt 0.354455 0.601420
vt 0.354455 0.586794
vt 0.395245 0.579482
vt 0.364653 0.579482
vt 0.374850 0.579482
vt 0.374850 0.575825
vt 0.364653 0.575825
vt 0.354455 0.616045
vt 0.436034 0.630671
vt 0.354455 0.630671
vt 0.497218 0.586794
vt 0.517613 0.586794
vt 0.517613 0.601420
vt 0.476824 0.601420
vt 0.476824 0.586794
vt 0.507416 0.579482
vt 0.517613 0.579482
vt 0.497218 0.579482
vt 0.517613 0.575825
vt 0.507416 0.575825
vt 0.517613 0.616045
vt 0.517613 0.630671
vt 0.522712 0.575825
vt 0.527810 0.575825
vt 0.527810 0.579482
vt 0.527810 0.573997
vt 0.522712 0.573997
vt 0.339506 0.572766
vt 0.340434 0.572766
vt 0.344258 0.573997
vt 0.352501 0.572766
vt 0.353671 0.572765
vt 0.338578 0.604139
vt 0.338578 0.572766
vt 0.339042 0.572766
vt 0.402582 0.572766
vt 0.405244 0.572766
vt 0.406869 0.572766
vt 0.344112 0.658647
vt 0.315860 0.672172
vt 0.292728 0.655923
vt 0.323960 0.637133
vt 0.373892 0.648822
vt 0.313729 0.644169
vt 0.281239 0.679329
vt 0.272876 0.669486
vt 0.289603 0.689173
vt 0.331871 0.627616
vt 0.336869 0.616336
vt 0.404703 0.642862
vt 0.436034 0.640864
vt 0.476824 0.579482
vt 0.465189 0.572760
vt 0.469437 0.572761
vt 0.497218 0.575825
vt 0.516797 0.572762
vt 0.518418 0.572762
vt 0.519575 0.572763
vt 0.517613 0.573997
vt 0.521204 0.572763
vt 0.522303 0.572766
vt 0.533026 0.572766
vt 0.533490 0.572766
vt 0.533490 0.604139
vt 0.540197 0.627616
vt 0.467366 0.642862
vt 0.558339 0.644169
vt 0.527956 0.658647
vt 0.498177 0.648822
vt 0.548109 0.637133
vt 0.535199 0.616336
vt 0.579340 0.655923
vt 0.599192 0.669486
vt 0.556208 0.672172
vt 0.590829 0.679329
vt 0.582466 0.689173
vt 0.118519 0.144141
vt 0.138010 0.140446
vt 0.138010 0.144141
vt 0.118519 0.140446
vt 0.138010 0.136752
vt 0.215975 0.144141
vt 0.235466 0.140446
vt 0.235466 0.144141
vt 0.215975 0.140446
vt 0.235466 0.136752
vt 0.118519 0.136752
vt 0.099028 0.133058
vt 0.113203 0.133058
vt 0.127379 0.133058
vt 0.099028 0.140446
vt 0.141554 0.133058
vt 0.155730 0.133058
vt 0.169905 0.133058
vt 0.138010 0.147835
vt 0.099028 0.147835
vt 0.176993 0.147835
vt 0.184080 0.133058
vt 0.215975 0.136752
vt 0.198256 0.133058
vt 0.212431 0.133058
vt 0.226606 0.133058
vt 0.240782 0.133058
vt 0.254957 0.140446
vt 0.254957 0.133058
vt 0.215975 0.147835
vt 0.254957 0.147835
vt 0.393944 0.425788
vt 0.402066 0.433420
vt 0.402066 0.425788
vt 0.385823 0.441053
vt 0.385823 0.433420
vt 0.385823 0.425788
vt 0.393944 0.456317
vt 0.402066 0.456317
vt 0.402066 0.448685
vt 0.385823 0.448685
vt 0.385823 0.456317
vt 0.355179 0.425788
vt 0.363301 0.433420
vt 0.363301 0.425788
vt 0.347058 0.441053
vt 0.363301 0.441053
vt 0.347058 0.425788
vt 0.347058 0.433420
vt 0.355179 0.456317
vt 0.363301 0.456317
vt 0.363301 0.448685
vt 0.347058 0.448685
vt 0.347058 0.456317
vt 0.469481 0.428751
vt 0.470907 0.429244
vt 0.469481 0.429244
vt 0.470907 0.429738
vt 0.469481 0.429738
vt 0.470907 0.427763
vt 0.473759 0.428751
vt 0.470907 0.428751
vt 0.473759 0.429738
vt 0.470907 0.426776
vt 0.473759 0.427763
vt 0.479465 0.427763
vt 0.479465 0.429738
vt 0.479465 0.432589
vt 0.479465 0.431638
vt 0.485170 0.431638
vt 0.485170 0.433539
vt 0.479465 0.433539
vt 0.470194 0.433064
vt 0.470907 0.433301
vt 0.470194 0.433301
vt 0.470907 0.433539
vt 0.470194 0.433539
vt 0.469481 0.431876
vt 0.469481 0.431638
vt 0.470907 0.431638
vt 0.470907 0.432113
vt 0.469481 0.432113
vt 0.472333 0.432589
vt 0.470907 0.432589
vt 0.473759 0.431638
vt 0.473759 0.432589
vt 0.470907 0.433064
vt 0.472333 0.433064
vt 0.472333 0.433539
vt 0.473759 0.433064
vt 0.473759 0.433539
vt 0.469481 0.430688
vt 0.470907 0.431163
vt 0.469481 0.431163
vt 0.469481 0.431401
vt 0.470907 0.430213
vt 0.469481 0.430213
vt 0.470907 0.430688
vt 0.473759 0.430688
vt 0.476612 0.431638
vt 0.476612 0.432589
vt 0.476612 0.433539
vt 0.479465 0.436373
vt 0.479465 0.435428
vt 0.485170 0.435428
vt 0.485170 0.437318
vt 0.479465 0.437318
vt 0.479465 0.434484
vt 0.472333 0.435428
vt 0.473759 0.435901
vt 0.472333 0.435901
vt 0.473759 0.436373
vt 0.472333 0.436373
vt 0.471620 0.436845
vt 0.472333 0.437082
vt 0.471620 0.437082
vt 0.473759 0.436845
vt 0.472333 0.436845
vt 0.473759 0.437318
vt 0.472333 0.437318
vt 0.470907 0.433775
vt 0.470194 0.433775
vt 0.470907 0.434011
vt 0.470194 0.434011
vt 0.472333 0.434484
vt 0.470907 0.434484
vt 0.472333 0.434011
vt 0.473759 0.434011
vt 0.473759 0.434484
vt 0.470907 0.435192
vt 0.470907 0.434956
vt 0.472333 0.434956
vt 0.470907 0.435428
vt 0.473759 0.434956
vt 0.473759 0.435428
vt 0.476612 0.434484
vt 0.476612 0.435428
vt 0.476612 0.436373
vt 0.476612 0.437318
vt 0.482317 0.441097
vt 0.479465 0.441097
vt 0.479465 0.440152
vt 0.479465 0.439207
vt 0.485170 0.439207
vt 0.485170 0.441097
vt 0.479465 0.438263
vt 0.472690 0.439207
vt 0.473046 0.439325
vt 0.472690 0.439325
vt 0.473046 0.439207
vt 0.473759 0.439207
vt 0.473759 0.439444
vt 0.473046 0.439444
vt 0.473759 0.439680
vt 0.473046 0.439680
vt 0.473046 0.439798
vt 0.473759 0.439916
vt 0.473046 0.439916
vt 0.472333 0.437554
vt 0.473759 0.437790
vt 0.472333 0.437790
vt 0.473759 0.438263
vt 0.473046 0.438263
vt 0.473046 0.438499
vt 0.472333 0.438499
vt 0.473759 0.438499
vt 0.473759 0.438735
vt 0.473046 0.438735
vt 0.472511 0.438971
vt 0.472690 0.439030
vt 0.472511 0.439030
vt 0.472690 0.438971
vt 0.473046 0.438971
vt 0.473046 0.439089
vt 0.472690 0.439089
vt 0.472690 0.439148
vt 0.472690 0.438735
vt 0.473046 0.438853
vt 0.472690 0.438853
vt 0.473759 0.438971
vt 0.475186 0.438735
vt 0.475186 0.439207
vt 0.475186 0.438263
vt 0.476612 0.438735
vt 0.476612 0.439207
vt 0.476612 0.438263
vt 0.473759 0.440979
vt 0.473759 0.440861
vt 0.474473 0.440861
vt 0.474473 0.441097
vt 0.473759 0.441097
vt 0.473759 0.440743
vt 0.473759 0.440624
vt 0.474473 0.440624
vt 0.475186 0.440861
vt 0.475186 0.441097
vt 0.473759 0.440388
vt 0.473759 0.440152
vt 0.475186 0.440152
vt 0.475186 0.440624
vt 0.476612 0.440624
vt 0.476612 0.441097
vt 0.475186 0.439680
vt 0.476612 0.439680
vt 0.476612 0.440152
vt 0.479465 0.444553
vt 0.479465 0.444059
vt 0.482317 0.444059
vt 0.482317 0.445047
vt 0.479465 0.445047
vt 0.479465 0.443072
vt 0.482317 0.443072
vt 0.485170 0.444059
vt 0.485170 0.445047
vt 0.479465 0.442578
vt 0.479465 0.442084
vt 0.482317 0.442084
vt 0.485170 0.442084
vt 0.485170 0.443072
vt 0.474829 0.442825
vt 0.475186 0.442948
vt 0.474829 0.442948
vt 0.475186 0.443072
vt 0.474829 0.443072
vt 0.474473 0.442084
vt 0.475186 0.442331
vt 0.474473 0.442331
vt 0.475186 0.442578
vt 0.474473 0.442578
vt 0.475899 0.442578
vt 0.475186 0.442084
vt 0.476612 0.442084
vt 0.476612 0.442578
vt 0.475186 0.442825
vt 0.475899 0.442825
vt 0.475899 0.443072
vt 0.476612 0.442825
vt 0.476612 0.443072
vt 0.476612 0.441591
vt 0.475186 0.441591
vt 0.478038 0.442084
vt 0.478038 0.442578
vt 0.478038 0.443072
vt 0.475899 0.444059
vt 0.476612 0.444306
vt 0.475899 0.444306
vt 0.476612 0.444553
vt 0.475899 0.444553
vt 0.476612 0.444800
vt 0.475899 0.444800
vt 0.476612 0.445047
vt 0.475899 0.445047
vt 0.475186 0.443319
vt 0.476612 0.443565
vt 0.475186 0.443565
vt 0.478038 0.444059
vt 0.476612 0.444059
vt 0.478038 0.444553
vt 0.478038 0.445047
vt 0.479465 0.448372
vt 0.479465 0.447897
vt 0.482317 0.447897
vt 0.482317 0.448847
vt 0.479465 0.448847
vt 0.479465 0.447422
vt 0.479465 0.446947
vt 0.482317 0.446947
vt 0.485170 0.447897
vt 0.485170 0.448847
vt 0.479465 0.445997
vt 0.476612 0.445522
vt 0.476612 0.445997
vt 0.478038 0.446947
vt 0.478038 0.447422
vt 0.478038 0.447897
vt 0.478038 0.448372
vt 0.478038 0.448847
vt 0.479465 0.452154
vt 0.479465 0.451682
vt 0.482317 0.451682
vt 0.482317 0.452626
vt 0.479465 0.452626
vt 0.479465 0.451209
vt 0.479465 0.450737
vt 0.482317 0.450737
vt 0.485170 0.451682
vt 0.485170 0.452626
vt 0.479465 0.449792
vt 0.478038 0.450737
vt 0.478038 0.451209
vt 0.479465 0.453571
vt 0.485170 0.454516
vt 0.479465 0.454516
vt 0.485170 0.429738
vt 0.490875 0.425788
vt 0.490875 0.429615
vt 0.483268 0.425788
vt 0.475661 0.425788
vt 0.490875 0.433443
vt 0.490875 0.437270
vt 0.473759 0.426776
vt 0.471098 0.436390
vt 0.471585 0.437349
vt 0.471521 0.437225
vt 0.472017 0.438176
vt 0.472408 0.438913
vt 0.472741 0.439536
vt 0.472479 0.439046
vt 0.472272 0.438656
vt 0.472515 0.439113
vt 0.472551 0.439182
vt 0.490875 0.441097
vt 0.468085 0.426791
vt 0.468329 0.428782
vt 0.468426 0.429280
vt 0.468179 0.427799
vt 0.468792 0.430746
vt 0.468941 0.431238
vt 0.468538 0.429781
vt 0.468054 0.425788
vt 0.469103 0.431737
vt 0.469020 0.431487
vt 0.469438 0.432668
vt 0.470438 0.435024
vt 0.470552 0.435267
vt 0.470221 0.434548
vt 0.471458 0.437101
vt 0.471334 0.436859
vt 0.470669 0.435514
vt 0.469624 0.433148
vt 0.469723 0.433391
vt 0.469824 0.433636
vt 0.490875 0.444924
vt 0.485170 0.446947
vt 0.490875 0.448751
vt 0.485170 0.450737
vt 0.475834 0.445639
vt 0.476623 0.447528
vt 0.476803 0.448002
vt 0.476972 0.448470
vt 0.476233 0.446560
vt 0.490875 0.452578
vt 0.477595 0.450459
vt 0.490875 0.456406
vt 0.484648 0.456404
vt 0.477840 0.451432
vt 0.477946 0.451914
vt 0.478041 0.452391
vt 0.478326 0.454400
vt 0.478422 0.456402
vt 0.473038 0.440090
vt 0.473299 0.440579
vt 0.473416 0.440797
vt 0.474041 0.441981
vt 0.474271 0.442424
vt 0.472876 0.439788
vt 0.472953 0.439933
vt 0.473470 0.440900
vt 0.473523 0.440999
vt 0.475183 0.444242
vt 0.475289 0.444463
vt 0.475392 0.444680
vt 0.476039 0.446104
vt 0.474432 0.442735
vt 0.474483 0.442835
vt 0.474379 0.442633
vt 0.474962 0.443789
vt 0.807477 0.436957
vt 0.807477 0.433156
vt 0.813162 0.433156
vt 0.807477 0.440736
vt 0.813162 0.436957
vt 0.807477 0.444515
vt 0.813162 0.440736
vt 0.807477 0.448465
vt 0.813162 0.444515
vt 0.807477 0.452265
vt 0.813162 0.448465
vt 0.807477 0.456045
vt 0.813162 0.452265
vt 0.809372 0.429206
vt 0.801792 0.436861
vt 0.801792 0.433033
vt 0.801792 0.440688
vt 0.805582 0.429206
vt 0.801792 0.429206
vt 0.801792 0.444515
vt 0.801792 0.452169
vt 0.801792 0.448342
vt 0.813162 0.459824
vt 0.809372 0.459824
vt 0.805582 0.459824
vt 0.801792 0.455996
vt 0.801792 0.459824
vt 0.435998 0.461728
vt 0.435998 0.461234
vt 0.438851 0.461234
vt 0.438851 0.462222
vt 0.435998 0.462222
vt 0.435998 0.460247
vt 0.438851 0.460247
vt 0.441704 0.461234
vt 0.441704 0.462222
vt 0.435998 0.465548
vt 0.435998 0.465073
vt 0.438851 0.465073
vt 0.438851 0.466023
vt 0.435998 0.466023
vt 0.435998 0.464122
vt 0.438851 0.464122
vt 0.441704 0.465073
vt 0.441704 0.466023
vt 0.435998 0.463172
vt 0.435998 0.462697
vt 0.438851 0.463172
vt 0.441704 0.463172
vt 0.441704 0.464122
vt 0.433859 0.465785
vt 0.434572 0.466023
vt 0.433859 0.466023
vt 0.434572 0.465073
vt 0.434572 0.465548
vt 0.434572 0.465785
vt 0.435998 0.469330
vt 0.435998 0.468857
vt 0.438851 0.468857
vt 0.438851 0.469802
vt 0.435998 0.469802
vt 0.435998 0.467913
vt 0.438851 0.467913
vt 0.441704 0.468857
vt 0.441704 0.469802
vt 0.435998 0.466968
vt 0.435998 0.466495
vt 0.438851 0.466968
vt 0.441704 0.466968
vt 0.441704 0.467913
vt 0.434572 0.466259
vt 0.433859 0.466259
vt 0.434572 0.466495
vt 0.433859 0.466495
vt 0.434572 0.466968
vt 0.432433 0.469330
vt 0.433146 0.469566
vt 0.432433 0.469566
vt 0.433146 0.469802
vt 0.432433 0.469802
vt 0.433146 0.469330
vt 0.434572 0.469330
vt 0.434572 0.469802
vt 0.433146 0.468857
vt 0.434572 0.468857
vt 0.435998 0.472636
vt 0.438851 0.473580
vt 0.435998 0.473580
vt 0.435998 0.472163
vt 0.435998 0.471691
vt 0.438851 0.471691
vt 0.438851 0.472636
vt 0.441704 0.472636
vt 0.441704 0.473580
vt 0.435998 0.471219
vt 0.435998 0.470747
vt 0.438851 0.470747
vt 0.435998 0.470274
vt 0.441704 0.470747
vt 0.441704 0.471691
vt 0.431363 0.471455
vt 0.431720 0.471573
vt 0.431363 0.471573
vt 0.431720 0.471691
vt 0.431363 0.471691
vt 0.431720 0.471455
vt 0.432433 0.471455
vt 0.432433 0.471691
vt 0.431720 0.471219
vt 0.432433 0.471219
vt 0.433146 0.471455
vt 0.433146 0.471691
vt 0.433146 0.470038
vt 0.432433 0.470038
vt 0.433146 0.470274
vt 0.432433 0.470274
vt 0.434572 0.470747
vt 0.433146 0.470747
vt 0.434572 0.470274
vt 0.433146 0.471219
vt 0.434572 0.471219
vt 0.434572 0.471691
vt 0.430293 0.473521
vt 0.430293 0.473462
vt 0.430650 0.473462
vt 0.430650 0.473580
vt 0.430293 0.473580
vt 0.430650 0.473344
vt 0.431006 0.473462
vt 0.431006 0.473580
vt 0.431006 0.473108
vt 0.431720 0.473344
vt 0.431006 0.473344
vt 0.431720 0.473580
vt 0.431720 0.472636
vt 0.433146 0.473108
vt 0.431720 0.473108
vt 0.433146 0.473580
vt 0.431720 0.471809
vt 0.431363 0.471809
vt 0.431720 0.471927
vt 0.431363 0.471927
vt 0.432433 0.472163
vt 0.431720 0.472163
vt 0.432433 0.471927
vt 0.433146 0.471927
vt 0.433146 0.472163
vt 0.433146 0.472636
vt 0.434572 0.472636
vt 0.434572 0.472163
vt 0.435998 0.476544
vt 0.435998 0.475556
vt 0.441704 0.475556
vt 0.441704 0.477532
vt 0.435998 0.477532
vt 0.435998 0.474568
vt 0.429045 0.475618
vt 0.429224 0.475679
vt 0.429045 0.475679
vt 0.429224 0.475618
vt 0.429224 0.475556
vt 0.429402 0.475556
vt 0.429580 0.475556
vt 0.429580 0.475679
vt 0.429580 0.475803
vt 0.429224 0.475803
vt 0.429937 0.475556
vt 0.430293 0.475556
vt 0.430293 0.475803
vt 0.430293 0.476050
vt 0.429580 0.476050
vt 0.428510 0.477038
vt 0.428867 0.477161
vt 0.428510 0.477161
vt 0.428867 0.477285
vt 0.428510 0.477285
vt 0.430293 0.476544
vt 0.430293 0.477038
vt 0.429580 0.477038
vt 0.428867 0.477038
vt 0.429580 0.477532
vt 0.428867 0.477532
vt 0.429580 0.477285
vt 0.430293 0.477285
vt 0.430293 0.477532
vt 0.430293 0.473642
vt 0.430293 0.473704
vt 0.430115 0.473704
vt 0.430293 0.474074
vt 0.430293 0.474198
vt 0.429937 0.474198
vt 0.430293 0.474321
vt 0.429937 0.474321
vt 0.429758 0.474445
vt 0.429937 0.474506
vt 0.429758 0.474506
vt 0.429937 0.474568
vt 0.429758 0.474568
vt 0.429937 0.474383
vt 0.429758 0.474383
vt 0.429937 0.474445
vt 0.430293 0.474445
vt 0.430293 0.474568
vt 0.429580 0.474692
vt 0.429937 0.474815
vt 0.429580 0.474815
vt 0.430293 0.474692
vt 0.429937 0.474692
vt 0.430293 0.474815
vt 0.430293 0.475062
vt 0.429580 0.475062
vt 0.429107 0.475465
vt 0.429112 0.475467
vt 0.429107 0.475467
vt 0.429123 0.475467
vt 0.429112 0.475465
vt 0.429123 0.475463
vt 0.429134 0.475467
vt 0.429123 0.475471
vt 0.429134 0.475471
vt 0.429134 0.475479
vt 0.429112 0.475479
vt 0.429112 0.475471
vt 0.429107 0.475459
vt 0.429112 0.475461
vt 0.429107 0.475461
vt 0.429112 0.475459
vt 0.429123 0.475459
vt 0.429134 0.475463
vt 0.429157 0.475463
vt 0.429134 0.475459
vt 0.429157 0.475456
vt 0.429134 0.475448
vt 0.429134 0.475456
vt 0.429157 0.475448
vt 0.429179 0.475456
vt 0.429179 0.475463
vt 0.429134 0.475432
vt 0.429179 0.475432
vt 0.429179 0.475448
vt 0.429224 0.475448
vt 0.429224 0.475463
vt 0.429157 0.475479
vt 0.429179 0.475479
vt 0.429179 0.475494
vt 0.429134 0.475494
vt 0.429157 0.475471
vt 0.429179 0.475471
vt 0.429224 0.475479
vt 0.429224 0.475494
vt 0.429224 0.475525
vt 0.429134 0.475525
vt 0.429134 0.475556
vt 0.429313 0.475432
vt 0.429224 0.475432
vt 0.429224 0.475402
vt 0.429224 0.475371
vt 0.429402 0.475371
vt 0.429402 0.475432
vt 0.429224 0.475309
vt 0.429402 0.475309
vt 0.429580 0.475371
vt 0.429580 0.475432
vt 0.429313 0.475494
vt 0.429402 0.475494
vt 0.429313 0.475463
vt 0.429402 0.475463
vt 0.429580 0.475494
vt 0.429937 0.475309
vt 0.429580 0.475309
vt 0.429580 0.475185
vt 0.430293 0.475309
vt 0.429937 0.475432
vt 0.430293 0.475432
vt 0.431006 0.475309
vt 0.431006 0.475556
vt 0.431006 0.475062
vt 0.431720 0.475309
vt 0.431720 0.475556
vt 0.431006 0.474568
vt 0.431006 0.474815
vt 0.431720 0.474815
vt 0.431720 0.475062
vt 0.431720 0.474568
vt 0.433146 0.474568
vt 0.433146 0.475062
vt 0.433146 0.475556
vt 0.431006 0.474321
vt 0.431006 0.474074
vt 0.431720 0.474321
vt 0.430650 0.473827
vt 0.431006 0.473827
vt 0.430293 0.473827
vt 0.430650 0.473704
vt 0.431006 0.473704
vt 0.431720 0.473827
vt 0.431720 0.474074
vt 0.433146 0.474074
vt 0.431720 0.477038
vt 0.431720 0.477532
vt 0.431720 0.476544
vt 0.433146 0.477038
vt 0.433146 0.477532
vt 0.431720 0.476050
vt 0.433146 0.476050
vt 0.433146 0.476544
vt 0.435998 0.480383
vt 0.435998 0.479432
vt 0.441704 0.479432
vt 0.441704 0.481333
vt 0.435998 0.481333
vt 0.435998 0.478482
vt 0.427441 0.480620
vt 0.427441 0.480858
vt 0.426728 0.480858
vt 0.427441 0.481095
vt 0.426728 0.481095
vt 0.427441 0.481333
vt 0.426728 0.481333
vt 0.428867 0.479432
vt 0.428867 0.480383
vt 0.427441 0.479907
vt 0.427441 0.480383
vt 0.427441 0.479432
vt 0.430293 0.479432
vt 0.428867 0.480858
vt 0.428867 0.481333
vt 0.430293 0.480858
vt 0.430293 0.481333
vt 0.428154 0.477532
vt 0.428867 0.477769
vt 0.428154 0.477769
vt 0.428867 0.478007
vt 0.428154 0.478007
vt 0.430293 0.478007
vt 0.430293 0.478482
vt 0.428867 0.478482
vt 0.430293 0.478957
vt 0.428867 0.478957
vt 0.433146 0.478482
vt 0.433146 0.479432
vt 0.430293 0.480383
vt 0.433146 0.480383
vt 0.433146 0.481333
vt 0.426014 0.484167
vt 0.427441 0.484640
vt 0.426014 0.484640
vt 0.427441 0.485112
vt 0.426014 0.485112
vt 0.426014 0.483223
vt 0.427441 0.483695
vt 0.426014 0.483695
vt 0.427441 0.484167
vt 0.427441 0.483223
vt 0.430293 0.483223
vt 0.430293 0.484167
vt 0.430293 0.485112
vt 0.426014 0.482986
vt 0.426014 0.482750
vt 0.427441 0.482750
vt 0.427441 0.481805
vt 0.430293 0.482278
vt 0.427441 0.482278
vt 0.435998 0.483223
vt 0.435998 0.485112
vt 0.430293 0.486057
vt 0.427441 0.486057
vt 0.430293 0.487002
vt 0.427441 0.487002
vt 0.435998 0.487002
vt 0.441704 0.460247
vt 0.447409 0.462099
vt 0.447409 0.458272
vt 0.441182 0.458272
vt 0.434956 0.458272
vt 0.434861 0.460266
vt 0.434665 0.461774
vt 0.447409 0.465926
vt 0.434742 0.461270
vt 0.434576 0.462278
vt 0.434132 0.464205
vt 0.433844 0.465190
vt 0.433683 0.465688
vt 0.447409 0.469753
vt 0.447409 0.473580
vt 0.433599 0.465938
vt 0.433512 0.466190
vt 0.432809 0.468014
vt 0.432396 0.468974
vt 0.432173 0.469466
vt 0.431940 0.469967
vt 0.432058 0.469716
vt 0.431509 0.470861
vt 0.431275 0.471332
vt 0.431153 0.471573
vt 0.431091 0.471696
vt 0.430590 0.472668
vt 0.431028 0.471819
vt 0.430342 0.473139
vt 0.430211 0.473387
vt 0.430144 0.473514
vt 0.430110 0.473578
vt 0.429857 0.474052
vt 0.430076 0.473642
vt 0.429728 0.474294
vt 0.429659 0.474423
vt 0.429623 0.474490
vt 0.429586 0.474559
vt 0.429247 0.475194
vt 0.429149 0.475377
vt 0.429118 0.475435
vt 0.429123 0.475456
vt 0.429107 0.475455
vt 0.429102 0.475464
vt 0.429099 0.475470
vt 0.429102 0.475463
vt 0.447409 0.477407
vt 0.447409 0.481234
vt 0.447409 0.485062
vt 0.439802 0.488890
vt 0.447409 0.488889
vt 0.432195 0.488891
vt 0.428566 0.476473
vt 0.428338 0.476906
vt 0.428234 0.477106
vt 0.427421 0.478712
vt 0.428184 0.477202
vt 0.427213 0.479143
vt 0.428136 0.477295
vt 0.427645 0.478261
vt 0.427315 0.478930
vt 0.426764 0.480108
vt 0.426559 0.480571
vt 0.426461 0.480797
vt 0.426367 0.481020
vt 0.425977 0.481993
vt 0.425802 0.482466
vt 0.424709 0.486908
vt 0.425640 0.482930
vt 0.425329 0.483922
vt 0.425720 0.482699
vt 0.425194 0.484408
vt 0.425074 0.484888
vt 0.424588 0.488892
vt 0.071516 0.331410
vt 0.071516 0.327609
vt 0.077200 0.327609
vt 0.071516 0.335189
vt 0.077200 0.331410
vt 0.071516 0.338968
vt 0.077200 0.335189
vt 0.071516 0.342918
vt 0.077200 0.338968
vt 0.071516 0.346718
vt 0.077200 0.342918
vt 0.071516 0.350497
vt 0.077200 0.346718
vt 0.073411 0.323659
vt 0.065831 0.331313
vt 0.065831 0.327486
vt 0.065831 0.335141
vt 0.069621 0.323659
vt 0.065831 0.323659
vt 0.065831 0.338968
vt 0.065831 0.346622
vt 0.065831 0.342795
vt 0.077200 0.354276
vt 0.073411 0.354276
vt 0.069621 0.354276
vt 0.065831 0.350449
vt 0.065831 0.354276
vt 0.388288 0.550809
vt 0.386976 0.557392
vt 0.388288 0.557392
vt 0.389601 0.550809
vt 0.389601 0.557392
vt 0.388945 0.544225
vt 0.389601 0.544225
vt 0.388288 0.544225
vt 0.386976 0.550809
vt 0.389601 0.540933
vt 0.388945 0.540933
vt 0.393391 0.557392
vt 0.392128 0.550809
vt 0.392128 0.557392
vt 0.394654 0.550809
vt 0.394654 0.557392
vt 0.390864 0.557392
vt 0.390864 0.550809
vt 0.391496 0.544225
vt 0.392128 0.544225
vt 0.390864 0.544225
vt 0.390233 0.544225
vt 0.390233 0.540933
vt 0.392128 0.540933
vt 0.391496 0.540933
vt 0.394654 0.544225
vt 0.393391 0.550809
vt 0.399050 0.557392
vt 0.398422 0.560684
vt 0.399050 0.560684
vt 0.399678 0.560684
vt 0.397794 0.560684
vt 0.397166 0.557392
vt 0.397166 0.560684
vt 0.397794 0.557392
vt 0.397166 0.550809
vt 0.398422 0.550809
vt 0.398422 0.557392
vt 0.399678 0.550809
vt 0.399678 0.557392
vt 0.396538 0.557392
vt 0.395910 0.560684
vt 0.396538 0.560684
vt 0.395910 0.557392
vt 0.395910 0.550809
vt 0.395910 0.544225
vt 0.398422 0.544225
vt 0.400934 0.550809
vt 0.400934 0.557392
vt 0.402191 0.557392
vt 0.388288 0.540933
vt 0.389451 0.537643
vt 0.384350 0.537641
vt 0.386976 0.544225
vt 0.384350 0.550635
vt 0.391991 0.537650
vt 0.390717 0.537646
vt 0.393391 0.544225
vt 0.390864 0.540933
vt 0.394533 0.537668
vt 0.384350 0.563629
vt 0.389440 0.563631
vt 0.391982 0.563639
vt 0.394525 0.563659
vt 0.397076 0.537703
vt 0.397166 0.544225
vt 0.399617 0.537761
vt 0.402191 0.550809
vt 0.399678 0.544225
vt 0.404703 0.537954
vt 0.404703 0.550965
vt 0.397067 0.563698
vt 0.398340 0.563726
vt 0.399606 0.563761
vt 0.404703 0.563976
vt 0.348050 0.557392
vt 0.346738 0.550809
vt 0.346738 0.557392
vt 0.349363 0.557392
vt 0.348050 0.550809
vt 0.348707 0.544225
vt 0.349363 0.550809
vt 0.349363 0.544225
vt 0.348050 0.544225
vt 0.346738 0.544225
vt 0.349363 0.540933
vt 0.348707 0.540933
vt 0.353153 0.550809
vt 0.351890 0.557392
vt 0.353153 0.557392
vt 0.354416 0.557392
vt 0.350627 0.550809
vt 0.350627 0.557392
vt 0.351890 0.550809
vt 0.351258 0.544225
vt 0.351890 0.544225
vt 0.350627 0.544225
vt 0.349995 0.544225
vt 0.350627 0.540933
vt 0.351890 0.540933
vt 0.351258 0.540933
vt 0.354416 0.550809
vt 0.353153 0.544225
vt 0.358812 0.557392
vt 0.358184 0.560684
vt 0.358812 0.560684
vt 0.359440 0.557392
vt 0.359440 0.560684
vt 0.357556 0.557392
vt 0.356928 0.560684
vt 0.357556 0.560684
vt 0.356928 0.550809
vt 0.356928 0.557392
vt 0.358184 0.550809
vt 0.358184 0.557392
vt 0.359440 0.550809
vt 0.356300 0.557392
vt 0.355672 0.560684
vt 0.356300 0.560684
vt 0.355672 0.550809
vt 0.355672 0.557392
vt 0.355672 0.544225
vt 0.359440 0.544225
vt 0.358184 0.544225
vt 0.360697 0.557392
vt 0.361953 0.557392
vt 0.360697 0.550809
vt 0.348050 0.540933
vt 0.349213 0.537986
vt 0.344112 0.537988
vt 0.349995 0.540933
vt 0.344112 0.550982
vt 0.351754 0.537978
vt 0.350479 0.537983
vt 0.354296 0.537958
vt 0.344112 0.563976
vt 0.349201 0.563974
vt 0.351744 0.563967
vt 0.354286 0.563949
vt 0.354416 0.544225
vt 0.356838 0.537919
vt 0.356928 0.544225
vt 0.359380 0.537856
vt 0.361953 0.550809
vt 0.364465 0.537641
vt 0.364465 0.550652
vt 0.356828 0.563914
vt 0.358102 0.563889
vt 0.359368 0.563857
vt 0.364465 0.563663
vt 0.863508 0.473779
vt 0.863352 0.472966
vt 0.863352 0.473779
vt 0.863664 0.473779
vt 0.863508 0.472966
vt 0.863820 0.473779
vt 0.863664 0.472966
vt 0.863975 0.473779
vt 0.863820 0.472966
vt 0.863195 0.473779
vt 0.863039 0.472966
vt 0.863039 0.473779
vt 0.863195 0.472966
vt 0.859032 0.474186
vt 0.858954 0.473779
vt 0.858954 0.474186
vt 0.859111 0.474186
vt 0.859032 0.473779
vt 0.858954 0.472966
vt 0.859111 0.472966
vt 0.859111 0.473779
vt 0.859190 0.473779
vt 0.859269 0.472966
vt 0.859269 0.473779
vt 0.859190 0.474186
vt 0.859269 0.474186
vt 0.859426 0.473779
vt 0.859584 0.473779
vt 0.859426 0.472966
vt 0.858796 0.473779
vt 0.858637 0.472966
vt 0.858637 0.473779
vt 0.858796 0.472966
vt 0.854699 0.473779
vt 0.854534 0.472966
vt 0.854534 0.473779
vt 0.854865 0.473779
vt 0.854699 0.472966
vt 0.854058 0.473779
vt 0.853899 0.472966
vt 0.853899 0.473779
vt 0.854216 0.473779
vt 0.854058 0.472966
vt 0.854375 0.473779
vt 0.854216 0.472966
vt 0.854375 0.472966
vt 0.850173 0.474186
vt 0.850093 0.473779
vt 0.850093 0.474186
vt 0.850254 0.474186
vt 0.850173 0.473779
vt 0.850093 0.472966
vt 0.850254 0.472966
vt 0.850254 0.473779
vt 0.850415 0.473779
vt 0.849621 0.473779
vt 0.849464 0.472966
vt 0.849464 0.473779
vt 0.849700 0.473779
vt 0.849621 0.472966
vt 0.849778 0.472966
vt 0.849778 0.473779
vt 0.849700 0.474186
vt 0.849621 0.474186
vt 0.849778 0.474186
vt 0.849857 0.474186
vt 0.849936 0.474186
vt 0.849857 0.473779
vt 0.849936 0.472966
vt 0.849936 0.473779
vt 0.849305 0.473779
vt 0.849146 0.472966
vt 0.849146 0.473779
vt 0.849305 0.472966
vt 0.845826 0.473779
vt 0.845663 0.472966
vt 0.845663 0.473779
vt 0.845988 0.473779
vt 0.845826 0.472966
vt 0.845186 0.473779
vt 0.845027 0.472966
vt 0.845027 0.473779
vt 0.845265 0.473779
vt 0.845186 0.472966
vt 0.845345 0.472966
vt 0.845345 0.473779
vt 0.845265 0.474186
vt 0.845186 0.474186
vt 0.845345 0.474186
vt 0.845424 0.474186
vt 0.845504 0.474186
vt 0.845424 0.473779
vt 0.845504 0.472966
vt 0.845504 0.473779
vt 0.845584 0.473779
vt 0.845584 0.474186
vt 0.844866 0.473779
vt 0.844705 0.472966
vt 0.844705 0.473779
vt 0.844866 0.472966
vt 0.840757 0.473779
vt 0.840599 0.472966
vt 0.840599 0.473779
vt 0.840916 0.473779
vt 0.840757 0.472966
vt 0.841075 0.473779
vt 0.840916 0.472966
vt 0.841234 0.472966
vt 0.841075 0.472966
vt 0.840441 0.473779
vt 0.840282 0.472966
vt 0.840282 0.473779
vt 0.840441 0.472966
vt 0.864955 0.471340
vt 0.866116 0.474592
vt 0.863795 0.471341
vt 0.863975 0.472966
vt 0.866096 0.471339
vt 0.859816 0.471340
vt 0.859584 0.472966
vt 0.855823 0.471340
vt 0.857119 0.474593
vt 0.860393 0.471340
vt 0.859227 0.471341
vt 0.861537 0.471339
vt 0.862728 0.474592
vt 0.854865 0.472966
vt 0.854660 0.471341
vt 0.856960 0.471339
vt 0.861607 0.474592
vt 0.863795 0.474591
vt 0.863534 0.474591
vt 0.863269 0.474592
vt 0.859229 0.474591
vt 0.858218 0.474592
vt 0.858734 0.474592
vt 0.854662 0.474591
vt 0.868362 0.471341
vt 0.852379 0.471340
vt 0.850093 0.471341
vt 0.850415 0.472966
vt 0.847809 0.471341
vt 0.853524 0.474591
vt 0.852378 0.474591
vt 0.846674 0.471343
vt 0.845988 0.472966
vt 0.841525 0.471341
vt 0.841234 0.473779
vt 0.842091 0.471341
vt 0.838662 0.471340
vt 0.840958 0.471341
vt 0.845523 0.471344
vt 0.831823 0.472966
vt 0.834092 0.474591
vt 0.834100 0.471340
vt 0.836394 0.474591
vt 0.837531 0.471340
vt 0.836391 0.471341
vt 0.838629 0.474591
vt 0.831823 0.471341
vt 0.843217 0.471341
vt 0.848781 0.474591
vt 0.847590 0.474590
vt 0.843150 0.474591
vt 0.844309 0.474591
vt 0.835234 0.474591
vt 0.839775 0.474591
vt 0.854378 0.474591
vt 0.854094 0.474591
vt 0.859107 0.474591
vt 0.858984 0.474591
vt 0.850094 0.474591
vt 0.849924 0.474591
vt 0.849755 0.474591
vt 0.868362 0.474591
vt 0.849423 0.474591
vt 0.845528 0.474591
vt 0.845663 0.474186
vt 0.844911 0.474591
vt 0.840961 0.474591
vt 0.840661 0.474591
vt 0.840364 0.474591
vt 0.845373 0.474591
vt 0.845218 0.474591
vt 0.835811 0.474591
vt 0.831823 0.474591
vt 0.091277 0.308140
vt 0.090463 0.307826
vt 0.090463 0.308140
vt 0.091277 0.307826
vt 0.090463 0.307513
vt 0.091277 0.308771
vt 0.090463 0.308456
vt 0.090463 0.308771
vt 0.091277 0.308456
vt 0.091683 0.312557
vt 0.091277 0.312392
vt 0.091277 0.312557
vt 0.091683 0.312392
vt 0.091277 0.312226
vt 0.090463 0.312557
vt 0.090463 0.312226
vt 0.090463 0.311895
vt 0.091277 0.313192
vt 0.090463 0.312875
vt 0.090463 0.313192
vt 0.091277 0.312716
vt 0.091277 0.312875
vt 0.091683 0.312875
vt 0.091683 0.312716
vt 0.091277 0.316997
vt 0.090463 0.316675
vt 0.090463 0.316997
vt 0.091277 0.316675
vt 0.090463 0.316352
vt 0.091277 0.317623
vt 0.090463 0.317310
vt 0.090463 0.317623
vt 0.091277 0.317310
vt 0.091683 0.319521
vt 0.091277 0.319362
vt 0.091277 0.319521
vt 0.091683 0.319362
vt 0.091277 0.319204
vt 0.090463 0.319521
vt 0.090463 0.319204
vt 0.090463 0.318887
vt 0.091277 0.320152
vt 0.090463 0.319836
vt 0.090463 0.320152
vt 0.091277 0.319679
vt 0.091277 0.319836
vt 0.091683 0.319836
vt 0.091683 0.319679
vt 0.091683 0.321421
vt 0.091277 0.321260
vt 0.091277 0.321421
vt 0.091683 0.321260
vt 0.091277 0.321099
vt 0.090463 0.321421
vt 0.090463 0.321099
vt 0.090463 0.320776
vt 0.091683 0.322057
vt 0.091277 0.321898
vt 0.091277 0.322057
vt 0.091683 0.321898
vt 0.091277 0.321739
vt 0.090463 0.322057
vt 0.090463 0.321739
vt 0.091277 0.321580
vt 0.091887 0.321739
vt 0.091683 0.321660
vt 0.091683 0.321739
vt 0.091887 0.321660
vt 0.091683 0.321580
vt 0.091683 0.321501
vt 0.091887 0.321580
vt 0.091887 0.321501
vt 0.091277 0.322705
vt 0.090463 0.322381
vt 0.090463 0.322705
vt 0.091277 0.322381
vt 0.091277 0.325849
vt 0.090463 0.325532
vt 0.090463 0.325849
vt 0.091277 0.325532
vt 0.090463 0.325214
vt 0.091683 0.326484
vt 0.091277 0.326325
vt 0.091277 0.326484
vt 0.091683 0.326325
vt 0.091277 0.326166
vt 0.090463 0.326484
vt 0.090463 0.326166
vt 0.091277 0.326008
vt 0.091683 0.326166
vt 0.091683 0.326008
vt 0.091277 0.327118
vt 0.090463 0.326801
vt 0.090463 0.327118
vt 0.091277 0.326801
vt 0.091277 0.330873
vt 0.090463 0.330568
vt 0.090463 0.330873
vt 0.091277 0.330568
vt 0.090463 0.330263
vt 0.091277 0.331526
vt 0.090463 0.331199
vt 0.090463 0.331526
vt 0.091277 0.331199
vt 0.088838 0.298732
vt 0.088837 0.299878
vt 0.090463 0.299337
vt 0.090463 0.300622
vt 0.088837 0.301004
vt 0.088837 0.302143
vt 0.090463 0.301862
vt 0.090463 0.302492
vt 0.088838 0.303299
vt 0.089922 0.298732
vt 0.092089 0.299865
vt 0.090463 0.301234
vt 0.092089 0.300994
vt 0.092089 0.302141
vt 0.090463 0.303745
vt 0.090463 0.303120
vt 0.090463 0.304369
vt 0.092089 0.303845
vt 0.092089 0.303299
vt 0.091005 0.298732
vt 0.088837 0.304429
vt 0.088837 0.305564
vt 0.088837 0.306708
vt 0.090463 0.306258
vt 0.090463 0.310667
vt 0.088837 0.310134
vt 0.088838 0.311271
vt 0.090463 0.310036
vt 0.088838 0.308999
vt 0.090463 0.305011
vt 0.088838 0.307865
vt 0.090463 0.305616
vt 0.092088 0.305529
vt 0.088838 0.312431
vt 0.088838 0.314711
vt 0.090463 0.314459
vt 0.088838 0.313574
vt 0.088838 0.315846
vt 0.088838 0.316997
vt 0.090463 0.315088
vt 0.092089 0.304398
vt 0.090463 0.306900
vt 0.092089 0.306688
vt 0.091277 0.307513
vt 0.092089 0.298732
vt 0.092089 0.307865
vt 0.092089 0.308393
vt 0.092088 0.310056
vt 0.090463 0.311289
vt 0.092088 0.311218
vt 0.091277 0.311895
vt 0.092089 0.313459
vt 0.092089 0.314562
vt 0.090463 0.315719
vt 0.091277 0.316352
vt 0.092090 0.315736
vt 0.088837 0.318149
vt 0.088837 0.319284
vt 0.088837 0.320410
vt 0.088838 0.321563
vt 0.091277 0.320776
vt 0.092088 0.318142
vt 0.088837 0.322728
vt 0.090463 0.328375
vt 0.088837 0.327302
vt 0.088836 0.328439
vt 0.090463 0.332782
vt 0.088837 0.331865
vt 0.088836 0.332998
vt 0.088838 0.330696
vt 0.088837 0.329563
vt 0.090463 0.329002
vt 0.088837 0.324992
vt 0.090463 0.324594
vt 0.088837 0.323866
vt 0.088838 0.325560
vt 0.088838 0.330128
vt 0.090463 0.329623
vt 0.088838 0.326130
vt 0.090463 0.334640
vt 0.088837 0.334126
vt 0.088838 0.335262
vt 0.090463 0.333396
vt 0.090463 0.323935
vt 0.091277 0.325214
vt 0.092090 0.324023
vt 0.092089 0.327349
vt 0.092090 0.328508
vt 0.091277 0.330263
vt 0.092089 0.329621
vt 0.092089 0.331875
vt 0.090463 0.334019
vt 0.092089 0.334149
vt 0.090463 0.335263
vt 0.092090 0.333020
vt 0.092089 0.335263
vt 0.092088 0.308935
vt 0.091683 0.312226
vt 0.092089 0.312431
vt 0.092089 0.312681
vt 0.092088 0.317284
vt 0.092089 0.316997
vt 0.092089 0.312935
vt 0.091277 0.318887
vt 0.091683 0.319204
vt 0.092089 0.319280
vt 0.092088 0.317570
vt 0.092089 0.319448
vt 0.092089 0.319613
vt 0.092089 0.319932
vt 0.092089 0.308127
vt 0.092089 0.312555
vt 0.092089 0.320531
vt 0.091683 0.321099
vt 0.092089 0.322843
vt 0.092089 0.325116
vt 0.091887 0.321421
vt 0.091683 0.325849
vt 0.092089 0.321892
vt 0.092089 0.330696
vt 0.092089 0.326747
vt 0.092089 0.326130
vt 0.092089 0.331290
vt 0.092089 0.330994
vt 0.092089 0.326440
vt 0.092089 0.326285
vt 0.092089 0.322215
vt 0.092089 0.321563
vt 0.092089 0.321646
vt 0.092089 0.321728
vt 0.758697 0.163158
vt 0.737563 0.122368
vt 0.737563 0.163158
vt 0.758697 0.122368
vt 0.737563 0.081579
vt 0.716430 0.081579
vt 0.695296 0.163158
vt 0.695296 0.081579
vt 0.758697 0.244737
vt 0.737563 0.203947
vt 0.737563 0.244737
vt 0.758697 0.203947
vt 0.716430 0.244737
vt 0.695296 0.244737
vt 0.738346 0.065702
vt 0.758697 0.081579
vt 0.779830 0.065702
vt 0.779830 0.085193
vt 0.696861 0.065702
vt 0.779830 0.104684
vt 0.779830 0.124176
vt 0.779830 0.143667
vt 0.779830 0.163158
vt 0.779830 0.182649
vt 0.644429 0.019852
vt 0.630697 0.000000
vt 0.627977 0.042983
vt 0.641671 0.071236
vt 0.610763 0.016726
vt 0.620730 0.008363
vt 0.656330 0.040853
vt 0.684512 0.063993
vt 0.673090 0.058995
vt 0.651619 0.101015
vt 0.657654 0.131826
vt 0.663455 0.051083
vt 0.779830 0.202140
vt 0.779830 0.221631
vt 0.738346 0.260614
vt 0.779830 0.260614
vt 0.779830 0.241123
vt 0.684512 0.262323
vt 0.696861 0.260614
vt 0.657654 0.194489
vt 0.651619 0.225300
vt 0.663455 0.275232
vt 0.673090 0.267321
vt 0.659677 0.163158
vt 0.641671 0.255080
vt 0.656330 0.285463
vt 0.627977 0.283332
vt 0.644429 0.306464
vt 0.630697 0.326316
vt 0.617408 0.315165
vt 0.610763 0.309589
vt 0.624052 0.320740
vt 0.853768 0.166518
vt 0.879757 0.172570
vt 0.853768 0.172570
vt 0.827780 0.166518
vt 0.827780 0.172570
vt 0.853768 0.178821
vt 0.879757 0.185072
vt 0.853768 0.185072
vt 0.879757 0.178821
vt 0.827780 0.178821
vt 0.827780 0.185072
vt 0.853768 0.191409
vt 0.879757 0.197747
vt 0.853768 0.197747
vt 0.879757 0.191409
vt 0.827780 0.191409
vt 0.827780 0.197747
vt 0.879757 0.204084
vt 0.853768 0.204084
vt 0.827780 0.204084
vt 0.871094 0.160465
vt 0.905745 0.160465
vt 0.879757 0.166518
vt 0.905745 0.172954
vt 0.905745 0.185443
vt 0.836443 0.160465
vt 0.801792 0.172954
vt 0.801792 0.160465
vt 0.801792 0.185443
vt 0.905745 0.197932
vt 0.905745 0.210421
vt 0.871094 0.210421
vt 0.801792 0.197932
vt 0.836443 0.210421
vt 0.801792 0.210421
vt 0.853768 0.092486
vt 0.879757 0.099135
vt 0.853768 0.099135
vt 0.827780 0.092486
vt 0.827780 0.099135
vt 0.853768 0.105299
vt 0.879757 0.111462
vt 0.853768 0.111462
vt 0.879757 0.105299
vt 0.827780 0.105299
vt 0.827780 0.111462
vt 0.853768 0.117545
vt 0.879757 0.123628
vt 0.853768 0.123628
vt 0.879757 0.117545
vt 0.827780 0.117545
vt 0.827780 0.123628
vt 0.879757 0.129711
vt 0.853768 0.129711
vt 0.827780 0.129711
vt 0.871094 0.085837
vt 0.905745 0.085837
vt 0.879757 0.092486
vt 0.905745 0.098326
vt 0.836443 0.085837
vt 0.801792 0.098326
vt 0.801792 0.085837
vt 0.801792 0.110815
vt 0.905745 0.110815
vt 0.905745 0.123304
vt 0.905745 0.135793
vt 0.871094 0.135793
vt 0.801792 0.123304
vt 0.836443 0.135793
vt 0.801792 0.135793
vt 0.042826 0.410221
vt 0.042826 0.402832
vt 0.051941 0.402832
vt 0.070171 0.402832
vt 0.063237 0.417610
vt 0.061056 0.402832
vt 0.079286 0.402832
vt 0.073443 0.417610
vt 0.053032 0.417610
vt 0.042826 0.417610
vt 0.088012 0.402832
vt 0.093855 0.417610
vt 0.083649 0.417610
vt 0.106242 0.402832
vt 0.114266 0.417610
vt 0.104061 0.417610
vt 0.124472 0.410221
vt 0.115357 0.402832
vt 0.124472 0.402832
vt 0.097127 0.402832
vt 0.124472 0.417610
vt 0.161727 0.124204
vt 0.161727 0.116815
vt 0.183384 0.116815
vt 0.200710 0.131593
vt 0.187715 0.131593
vt 0.174721 0.131593
vt 0.161727 0.131593
vt 0.205041 0.116815
vt 0.226698 0.124204
vt 0.226698 0.116815
vt 0.213704 0.131593
vt 0.226698 0.131593
vt 0.027155 0.298732
vt 0.035276 0.298732
vt 0.035276 0.307847
vt 0.035276 0.326077
vt 0.019034 0.319144
vt 0.035276 0.316962
vt 0.035276 0.335192
vt 0.019034 0.329350
vt 0.019034 0.308938
vt 0.019034 0.298732
vt 0.035276 0.343919
vt 0.019034 0.349761
vt 0.019034 0.339556
vt 0.035276 0.362149
vt 0.019034 0.370173
vt 0.019034 0.359967
vt 0.027155 0.380379
vt 0.035276 0.371264
vt 0.035276 0.380379
vt 0.035276 0.353034
vt 0.019034 0.380379
vt 0.042826 0.393978
vt 0.042826 0.386589
vt 0.055820 0.386589
vt 0.068814 0.386589
vt 0.042826 0.401367
vt 0.064483 0.401367
vt 0.086140 0.401367
vt 0.081808 0.386589
vt 0.107796 0.393978
vt 0.094802 0.386589
vt 0.107796 0.386589
vt 0.107796 0.401367
vt 0.079564 0.013922
vt 0.084750 0.000000
vt 0.079564 0.000000
vt 0.084750 0.019491
vt 0.079564 0.027845
vt 0.084750 0.058473
vt 0.079564 0.041767
vt 0.079564 0.055689
vt 0.079564 0.069611
vt 0.084750 0.038982
vt 0.084750 0.097456
vt 0.079564 0.083534
vt 0.079564 0.097456
vt 0.079564 0.111378
vt 0.084750 0.136438
vt 0.079564 0.125300
vt 0.079564 0.139223
vt 0.084750 0.155929
vt 0.079564 0.153145
vt 0.079564 0.167067
vt 0.084750 0.116947
vt 0.084750 0.077965
vt 0.084750 0.194912
vt 0.079564 0.180989
vt 0.079564 0.194912
vt 0.084750 0.175420
vt 0.389761 0.470516
vt 0.391074 0.477100
vt 0.391074 0.470516
vt 0.388449 0.477100
vt 0.388449 0.470516
vt 0.389761 0.467224
vt 0.391074 0.483683
vt 0.388449 0.483683
vt 0.396127 0.477100
vt 0.393601 0.470516
vt 0.393601 0.477100
vt 0.392337 0.470516
vt 0.393601 0.467224
vt 0.392337 0.467224
vt 0.393601 0.483683
vt 0.396127 0.483683
vt 0.401151 0.470516
vt 0.398639 0.477100
vt 0.401151 0.477100
vt 0.398639 0.470516
vt 0.399895 0.486975
vt 0.398639 0.483683
vt 0.398639 0.486975
vt 0.401151 0.483683
vt 0.401151 0.486975
vt 0.397383 0.486975
vt 0.396127 0.486975
vt 0.397383 0.483683
vt 0.399895 0.483683
vt 0.403664 0.483683
vt 0.388449 0.467224
vt 0.390924 0.464277
vt 0.385823 0.464279
vt 0.385823 0.472942
vt 0.391074 0.467224
vt 0.396007 0.464249
vt 0.393464 0.464269
vt 0.392190 0.464274
vt 0.396127 0.470516
vt 0.385823 0.481604
vt 0.385823 0.490267
vt 0.390912 0.490265
vt 0.393454 0.490258
vt 0.395997 0.490240
vt 0.401091 0.464147
vt 0.398549 0.464210
vt 0.406176 0.472606
vt 0.406176 0.463932
vt 0.403664 0.477100
vt 0.406176 0.481280
vt 0.398539 0.490205
vt 0.399813 0.490180
vt 0.401079 0.490148
vt 0.406176 0.489954
vt 0.350996 0.477100
vt 0.349684 0.483683
vt 0.350996 0.483683
vt 0.352309 0.483683
vt 0.351653 0.470516
vt 0.352309 0.477100
vt 0.352309 0.470516
vt 0.350996 0.470516
vt 0.349684 0.477100
vt 0.352309 0.467224
vt 0.351653 0.467224
vt 0.356099 0.483683
vt 0.354836 0.477100
vt 0.354836 0.483683
vt 0.357362 0.477100
vt 0.357362 0.483683
vt 0.353572 0.477100
vt 0.353572 0.483683
vt 0.354204 0.470516
vt 0.354836 0.470516
vt 0.353572 0.470516
vt 0.352941 0.470516
vt 0.352941 0.467224
vt 0.354204 0.467224
vt 0.357362 0.470516
vt 0.356099 0.477100
vt 0.361758 0.483683
vt 0.361130 0.486975
vt 0.361758 0.486975
vt 0.362386 0.486975
vt 0.360502 0.486975
vt 0.359874 0.483683
vt 0.359874 0.486975
vt 0.360502 0.483683
vt 0.359874 0.477100
vt 0.361130 0.477100
vt 0.361130 0.483683
vt 0.362386 0.477100
vt 0.362386 0.483683
vt 0.359246 0.483683
vt 0.358618 0.486975
vt 0.359246 0.486975
vt 0.358618 0.483683
vt 0.358618 0.477100
vt 0.358618 0.470516
vt 0.361130 0.470516
vt 0.363642 0.477100
vt 0.363642 0.483683
vt 0.364899 0.483683
vt 0.350996 0.467224
vt 0.352159 0.463934
vt 0.347058 0.463932
vt 0.349684 0.470516
vt 0.347058 0.476926
vt 0.354699 0.463941
vt 0.353425 0.463937
vt 0.354836 0.467224
vt 0.356099 0.470516
vt 0.353572 0.467224
vt 0.357241 0.463959
vt 0.347058 0.489920
vt 0.352148 0.489922
vt 0.354690 0.489930
vt 0.357233 0.489950
vt 0.359784 0.463994
vt 0.359874 0.470516
vt 0.362325 0.464052
vt 0.364899 0.477100
vt 0.362386 0.470516
vt 0.367411 0.464245
vt 0.367411 0.477256
vt 0.359775 0.489989
vt 0.361048 0.490017
vt 0.362314 0.490052
vt 0.367411 0.490267
vt 0.820587 0.237877
vt 0.826852 0.240662
vt 0.826852 0.237877
vt 0.833117 0.240662
vt 0.839382 0.237877
vt 0.833117 0.237877
vt 0.851912 0.237877
vt 0.845647 0.240662
vt 0.851912 0.240662
vt 0.845647 0.237877
vt 0.858177 0.237877
vt 0.864442 0.240662
vt 0.864442 0.237877
vt 0.870707 0.237877
vt 0.876972 0.240662
vt 0.876972 0.237877
vt 0.883237 0.240662
vt 0.889502 0.237877
vt 0.883237 0.237877
vt 0.902032 0.237877
vt 0.895767 0.240662
vt 0.902032 0.240662
vt 0.895767 0.237877
vt 0.908297 0.237877
vt 0.914562 0.240662
vt 0.914562 0.237877
vt 0.920827 0.237877
vt 0.927092 0.240662
vt 0.927092 0.237877
vt 0.933357 0.240662
vt 0.939622 0.237877
vt 0.933357 0.237877
vt 0.952152 0.237877
vt 0.945887 0.240662
vt 0.952152 0.240662
vt 0.945887 0.237877
vt 0.958417 0.237877
vt 0.958417 0.310273
vt 0.952152 0.307489
vt 0.952152 0.310273
vt 0.964682 0.307489
vt 0.964682 0.310273
vt 0.824126 0.235093
vt 0.821283 0.235093
vt 0.829811 0.235093
vt 0.826968 0.235093
vt 0.832653 0.235093
vt 0.838338 0.235093
vt 0.835496 0.235093
vt 0.841180 0.235093
vt 0.846865 0.235093
vt 0.844023 0.235093
vt 0.849708 0.235093
vt 0.816239 0.235757
vt 0.811538 0.237704
vt 0.816311 0.242579
vt 0.821283 0.241590
vt 0.838338 0.241590
vt 0.855393 0.241590
vt 0.852550 0.235093
vt 0.855393 0.235093
vt 0.861078 0.235093
vt 0.858235 0.235093
vt 0.863920 0.235093
vt 0.869605 0.235093
vt 0.866763 0.235093
vt 0.872447 0.235093
vt 0.878132 0.235093
vt 0.875290 0.235093
vt 0.880975 0.235093
vt 0.872447 0.241590
vt 0.886660 0.235093
vt 0.889502 0.235093
vt 0.892345 0.235093
vt 0.889502 0.241590
vt 0.883817 0.235093
vt 0.808289 0.254584
vt 0.802456 0.249539
vt 0.801792 0.254584
vt 0.801792 0.267578
vt 0.801792 0.280572
vt 0.808289 0.267578
vt 0.809278 0.249611
vt 0.804403 0.244838
vt 0.812095 0.245396
vt 0.807501 0.240802
vt 0.808289 0.280572
vt 0.808289 0.293566
vt 0.801792 0.293566
vt 0.802456 0.298611
vt 0.804403 0.303312
vt 0.809278 0.298539
vt 0.812095 0.302755
vt 0.807501 0.307349
vt 0.811538 0.310446
vt 0.816311 0.305571
vt 0.816239 0.312393
vt 0.821283 0.306560
vt 0.821283 0.313057
vt 0.826968 0.313057
vt 0.838338 0.306560
vt 0.844023 0.313057
vt 0.855393 0.306560
vt 0.866763 0.313057
vt 0.872447 0.306560
vt 0.878132 0.313057
vt 0.889502 0.306560
vt 0.832653 0.313057
vt 0.838338 0.313057
vt 0.849708 0.313057
vt 0.855393 0.313057
vt 0.872447 0.313057
vt 0.883817 0.313057
vt 0.889502 0.313057
vt 0.861078 0.313057
vt 0.895187 0.313057
vt 0.900872 0.235093
vt 0.898030 0.235093
vt 0.906557 0.235093
vt 0.903715 0.235093
vt 0.909400 0.235093
vt 0.915084 0.235093
vt 0.912242 0.235093
vt 0.917927 0.235093
vt 0.923612 0.235093
vt 0.920769 0.235093
vt 0.926454 0.235093
vt 0.906557 0.241590
vt 0.923612 0.241590
vt 0.929297 0.235093
vt 0.895187 0.235093
vt 0.932139 0.235093
vt 0.934982 0.235093
vt 0.940667 0.235093
vt 0.937824 0.235093
vt 0.943509 0.235093
vt 0.949194 0.235093
vt 0.946351 0.235093
vt 0.952036 0.235093
vt 0.957721 0.235093
vt 0.954879 0.235093
vt 0.962766 0.235757
vt 0.940667 0.241590
vt 0.962694 0.242579
vt 0.957721 0.241590
vt 0.967467 0.237704
vt 0.971504 0.240802
vt 0.912242 0.313057
vt 0.923612 0.306560
vt 0.906557 0.306560
vt 0.940667 0.306560
vt 0.957721 0.306560
vt 0.929297 0.313057
vt 0.946351 0.313057
vt 0.962694 0.305571
vt 0.960495 0.312859
vt 0.963213 0.312268
vt 0.957721 0.313057
vt 0.900872 0.313057
vt 0.906557 0.313057
vt 0.917927 0.313057
vt 0.923612 0.313057
vt 0.934982 0.313057
vt 0.940667 0.313057
vt 0.952036 0.313057
vt 0.974601 0.244838
vt 0.966910 0.245396
vt 0.969726 0.249611
vt 0.976548 0.249539
vt 0.970715 0.254584
vt 0.977212 0.280572
vt 0.970715 0.267578
vt 0.970715 0.280572
vt 0.977212 0.293566
vt 0.970715 0.293566
vt 0.977212 0.267578
vt 0.977212 0.254584
vt 0.977014 0.296340
vt 0.968259 0.309963
vt 0.970485 0.308297
vt 0.972452 0.306330
vt 0.966910 0.302755
vt 0.965818 0.311296
vt 0.975451 0.301663
vt 0.969726 0.298539
vt 0.976423 0.299058
vt 0.974118 0.304104
vt 0.077811 0.000000
vt 0.077071 0.002286
vt 0.077065 0.000000
vt 0.077811 0.005088
vt 0.077076 0.006754
vt 0.077074 0.004479
vt 0.077811 0.010176
vt 0.077083 0.010859
vt 0.077079 0.008967
vt 0.077811 0.020353
vt 0.077097 0.020688
vt 0.077093 0.018024
vt 0.077811 0.025441
vt 0.077098 0.025608
vt 0.077096 0.022952
vt 0.272876 0.435838
vt 0.280907 0.435938
vt 0.272947 0.436650
vt 0.298766 0.433573
vt 0.306369 0.433667
vt 0.303464 0.433926
vt 0.298833 0.434338
vt 0.285821 0.434706
vt 0.293608 0.434803
vt 0.024025 0.083834
vt 0.023184 0.086563
vt 0.023181 0.083437
vt 0.024025 0.104186
vt 0.023207 0.101659
vt 0.023204 0.099775
vt 0.024025 0.099098
vt 0.023198 0.097227
vt 0.023195 0.095380
vt 0.024025 0.094010
vt 0.071181 0.000000
vt 0.072030 0.003749
vt 0.072030 0.005685
vt 0.071181 0.005685
vt 0.072030 0.009434
vt 0.072030 0.011370
vt 0.071181 0.011370
vt 0.071181 0.017055
vt 0.072030 0.020804
vt 0.072030 0.022740
vt 0.071181 0.022740
vt 0.072030 0.026489
vt 0.072030 0.028425
vt 0.071181 0.028425
vt 0.072030 0.015119
vt 0.072030 0.017055
vt 0.071181 0.034110
vt 0.072030 0.037858
vt 0.072030 0.039794
vt 0.071181 0.039794
vt 0.072030 0.043543
vt 0.072030 0.045479
vt 0.071181 0.045479
vt 0.071181 0.051164
vt 0.072030 0.054913
vt 0.072030 0.056849
vt 0.071181 0.056849
vt 0.072030 0.060598
vt 0.072030 0.062534
vt 0.071181 0.062534
vt 0.072030 0.049228
vt 0.072030 0.051164
vt 0.072030 0.032174
vt 0.072030 0.034110
vt 0.071181 0.068219
vt 0.072030 0.071968
vt 0.072030 0.073904
vt 0.071181 0.073904
vt 0.072030 0.077653
vt 0.072030 0.079589
vt 0.071181 0.079589
vt 0.071181 0.085274
vt 0.072030 0.089023
vt 0.072030 0.090959
vt 0.071181 0.090959
vt 0.072030 0.094708
vt 0.072030 0.096644
vt 0.071181 0.096644
vt 0.072030 0.083338
vt 0.072030 0.085274
vt 0.071181 0.102329
vt 0.072030 0.106078
vt 0.072030 0.108014
vt 0.071181 0.108014
vt 0.072030 0.111762
vt 0.072030 0.113698
vt 0.071181 0.113698
vt 0.071181 0.119383
vt 0.072030 0.123132
vt 0.072030 0.125068
vt 0.071181 0.125068
vt 0.071181 0.130753
vt 0.072030 0.134502
vt 0.072030 0.136438
vt 0.071181 0.136438
vt 0.072030 0.128817
vt 0.072030 0.130753
vt 0.072030 0.117447
vt 0.072030 0.119383
vt 0.072030 0.100393
vt 0.072030 0.102329
vt 0.072030 0.066283
vt 0.072030 0.068219
vt 0.024901 0.077660
vt 0.025551 0.073657
vt 0.025551 0.076433
vt 0.025551 0.081983
vt 0.025551 0.079208
vt 0.024901 0.085346
vt 0.025551 0.084759
vt 0.025551 0.087534
vt 0.024901 0.089114
vt 0.024727 0.078738
vt 0.024728 0.078020
vt 0.024721 0.085260
vt 0.024720 0.084787
vt 0.024721 0.084331
vt 0.024710 0.088611
vt 0.024718 0.085947
vt 0.025551 0.090309
vt 0.024901 0.092882
vt 0.025551 0.095860
vt 0.024901 0.096650
vt 0.024708 0.091954
vt 0.024710 0.089329
vt 0.025551 0.098635
vt 0.024901 0.100418
vt 0.025551 0.104186
vt 0.025551 0.101411
vt 0.024706 0.096759
vt 0.024708 0.096032
vt 0.024708 0.092682
vt 0.024706 0.097490
vt 0.024702 0.101593
vt 0.024703 0.100846
vt 0.272876 0.427083
vt 0.272947 0.426271
vt 0.280908 0.426983
vt 0.285821 0.428215
vt 0.285890 0.427429
vt 0.293608 0.428118
vt 0.298766 0.429348
vt 0.298833 0.428583
vt 0.306369 0.429254
vt 0.079337 0.005088
vt 0.078623 0.007577
vt 0.078625 0.004921
vt 0.079337 0.010176
vt 0.078621 0.012506
vt 0.078624 0.009841
vt 0.079337 0.030529
vt 0.078597 0.028243
vt 0.078600 0.026050
vt 0.079337 0.025441
vt 0.078602 0.023775
vt 0.078605 0.021562
vt 0.079337 0.020353
vt 0.835613 0.476843
vt 0.835210 0.476775
vt 0.835512 0.476775
vt 0.835815 0.476775
vt 0.836117 0.476775
vt 0.846036 0.476200
vt 0.843496 0.476775
vt 0.843193 0.476775
vt 0.843193 0.476200
vt 0.850773 0.476843
vt 0.850571 0.476775
vt 0.850874 0.476775
vt 0.846983 0.476843
vt 0.846882 0.476775
vt 0.847185 0.476775
vt 0.843193 0.476843
vt 0.842891 0.476775
vt 0.840351 0.477487
vt 0.837508 0.477487
vt 0.848878 0.477487
vt 0.846036 0.477487
vt 0.843193 0.477487
vt 0.857405 0.476200
vt 0.854865 0.476775
vt 0.854563 0.476775
vt 0.854563 0.476200
vt 0.854563 0.476843
vt 0.857405 0.477487
vt 0.854563 0.477487
vt 0.858353 0.476843
vt 0.858252 0.476775
vt 0.858555 0.476775
vt 0.854260 0.476775
vt 0.851720 0.477487
vt 0.831823 0.477487
vt 0.831823 0.476778
vt 0.862143 0.476843
vt 0.861941 0.476775
vt 0.862244 0.476775
vt 0.868775 0.476200
vt 0.866235 0.476775
vt 0.865933 0.476775
vt 0.865933 0.476200
vt 0.863090 0.476200
vt 0.865630 0.476775
vt 0.871618 0.476200
vt 0.869925 0.476775
vt 0.869622 0.476775
vt 0.874460 0.476200
vt 0.877001 0.476775
vt 0.873614 0.476775
vt 0.873311 0.476775
vt 0.882987 0.476200
vt 0.881295 0.476775
vt 0.880992 0.476775
vt 0.880145 0.476200
vt 0.865933 0.476843
vt 0.863090 0.477487
vt 0.885830 0.476200
vt 0.884984 0.476775
vt 0.884681 0.476775
vt 0.877605 0.476775
vt 0.877303 0.476775
vt 0.877303 0.476200
vt 0.888370 0.476775
vt 0.894357 0.476200
vt 0.892664 0.476775
vt 0.892361 0.476775
vt 0.891515 0.476200
vt 0.897200 0.476200
vt 0.896353 0.476775
vt 0.896050 0.476775
vt 0.888975 0.476775
vt 0.888672 0.476775
vt 0.888672 0.476200
vt 0.899740 0.476775
vt 0.860248 0.477487
vt 0.834666 0.477487
vt 0.868775 0.477487
vt 0.865933 0.477487
vt 0.869723 0.476843
vt 0.871618 0.477487
vt 0.873513 0.476843
vt 0.877303 0.476843
vt 0.874460 0.477487
vt 0.882987 0.477487
vt 0.881093 0.476843
vt 0.884883 0.476843
vt 0.880145 0.477487
vt 0.877303 0.477487
vt 0.888672 0.476843
vt 0.891515 0.477487
vt 0.888672 0.477487
vt 0.900042 0.476843
vt 0.897200 0.477487
vt 0.896252 0.476843
vt 0.892462 0.476843
vt 0.894357 0.477487
vt 0.885830 0.477487
vt 0.902885 0.476200
vt 0.900344 0.476775
vt 0.900042 0.476775
vt 0.900042 0.476200
vt 0.903832 0.476843
vt 0.903731 0.476775
vt 0.904034 0.476775
vt 0.908570 0.476200
vt 0.911110 0.476775
vt 0.907723 0.476775
vt 0.907622 0.476843
vt 0.907420 0.476775
vt 0.915202 0.476843
vt 0.915101 0.476775
vt 0.915404 0.476775
vt 0.919940 0.476200
vt 0.922480 0.476775
vt 0.919093 0.476775
vt 0.918992 0.476843
vt 0.918790 0.476775
vt 0.914255 0.476200
vt 0.911714 0.476775
vt 0.911412 0.476775
vt 0.911412 0.476200
vt 0.905727 0.477487
vt 0.902885 0.477487
vt 0.911412 0.476843
vt 0.914255 0.477487
vt 0.911412 0.477487
vt 0.908570 0.477487
vt 0.917097 0.476200
vt 0.922782 0.476843
vt 0.925624 0.477487
vt 0.922782 0.477487
vt 0.923084 0.476775
vt 0.926471 0.476775
vt 0.926572 0.476843
vt 0.926774 0.476775
vt 0.919940 0.477487
vt 0.917097 0.477487
vt 0.900042 0.477487
vt 0.930362 0.476843
vt 0.930160 0.476775
vt 0.930463 0.476775
vt 0.936994 0.476200
vt 0.934454 0.476775
vt 0.934152 0.476775
vt 0.934152 0.476200
vt 0.931309 0.476200
vt 0.933850 0.476775
vt 0.939837 0.476200
vt 0.938144 0.476775
vt 0.937841 0.476775
vt 0.942679 0.476200
vt 0.945220 0.476775
vt 0.941774 0.476815
vt 0.941628 0.476808
vt 0.951207 0.476200
vt 0.949514 0.476775
vt 0.949211 0.476775
vt 0.948364 0.476200
vt 0.934152 0.476843
vt 0.931309 0.477487
vt 0.954049 0.476200
vt 0.953203 0.476775
vt 0.952900 0.476775
vt 0.945824 0.476775
vt 0.945522 0.476775
vt 0.945522 0.476200
vt 0.956589 0.476775
vt 0.962576 0.476200
vt 0.960883 0.476775
vt 0.960580 0.476775
vt 0.959734 0.476200
vt 0.965419 0.476200
vt 0.964572 0.476775
vt 0.964269 0.476775
vt 0.957193 0.476775
vt 0.956891 0.476775
vt 0.956891 0.476200
vt 0.968261 0.476200
vt 0.964874 0.476775
vt 0.928467 0.477487
vt 0.936994 0.477487
vt 0.934152 0.477487
vt 0.937942 0.476843
vt 0.939837 0.477487
vt 0.941671 0.476843
vt 0.941732 0.476843
vt 0.945522 0.476843
vt 0.942679 0.477487
vt 0.948364 0.477487
vt 0.945522 0.477487
vt 0.949312 0.476843
vt 0.951207 0.477487
vt 0.956891 0.476843
vt 0.959734 0.477487
vt 0.956891 0.477487
vt 0.954049 0.477487
vt 0.953102 0.476843
vt 0.960681 0.476843
vt 0.962576 0.477487
vt 0.964471 0.476843
vt 0.965419 0.477487
vt 0.968261 0.477487
vt 0.968261 0.476778
vt 0.792681 0.671765
vt 0.792839 0.671732
vt 0.792839 0.671772
vt 0.402066 0.441053
vt 0.112524 0.402832
vt 0.023210 0.104186
vt 0.072030 0.000000
vt 0.025551 0.093085
vt 0.078591 0.030529
vt 0.922782 0.476200
vt 0.922782 0.476775
vt 0.848878 0.476200
vt 0.290264 0.219254
vt 0.078617 0.014756
vt 0.079337 0.015264
vt 0.348100 0.572766
vt 0.349765 0.572766
vt 0.851720 0.476200
vt 0.355306 0.572765
vt 0.024703 0.100101
vt 0.409006 0.572766
vt 0.925624 0.476200
vt 0.928467 0.476200
vt 0.077087 0.013085
vt 0.077811 0.015264
vt 0.504030 0.358425
vt 0.503967 0.357718
vt 0.023187 0.088332
vt 0.024025 0.088922
vt 0.351699 0.213766
vt 0.078628 0.002638
vt 0.079337 0.000000
vt 0.330373 0.215671
vt 0.024730 0.077310
vt 0.024731 0.076610
vt 0.024736 0.073657
vt 0.532562 0.572766
vt 0.905727 0.476200
vt 0.311775 0.429737
vt 0.311710 0.430480
vt 0.840351 0.476200
vt 0.024702 0.104186
vt 0.311775 0.433184
vt 0.311710 0.432441
vt 0.792839 0.642317
vt 0.792839 0.642357
vt 0.792681 0.642321
vt 0.860248 0.476200
vt 0.350859 0.572766
vt 0.077101 0.027892
vt 0.077811 0.030529
vt 0.078611 0.019670
vt 0.078615 0.017444
vt 0.352406 0.213703
vt 0.501402 0.329004
vt 0.078628 0.000000
vt 0.509518 0.419860
vt 0.736480 0.487708
vt 0.834666 0.476200
vt 0.837508 0.476200
vt 0.523968 0.572766
vt 0.023190 0.091435
vt 0.831823 0.476200
vt 0.024708 0.093408
vt 0.023193 0.093229
vt 0.463074 0.572760
vt 0.023176 0.078546
vt 0.023176 0.076811
vt 0.024025 0.073657
vt 0.024025 0.078746
vt 0.381120 0.211138
vt 0.077089 0.015773
vt 0.023179 0.081690
vt 0.285890 0.435492
vt 0.077102 0.030529
vt 0.531635 0.572766
vt 0.276056 0.296874
vt 0.275976 0.296874
vt 0.276056 0.297268
vt 0.000155 0.000000
vt 0.000155 0.000039
vt 0.000000 0.000000
vt 0.023176 0.073657
vt 0.000155 0.025476
vt 0.000155 0.025514
vt 0.000000 0.025514
vt 0.119957 0.118277
vt 0.119992 0.118277
vt 0.119960 0.118423
vt 0.694521 0.491469
vt 0.694423 0.491477
vt 0.694508 0.491314
s 1
usemtl metal_aluminum
f 289/1/1 66/2/2 288/3/3
f 1/4/4 289/1/1 282/5/5
f 66/2/2 289/1/1 1/4/4
f 282/5/5 292/6/6 290/7/7
f 288/3/3 292/6/6 289/1/1
f 284/8/8 73/9/9 283/10/10
f 2/11/11 284/8/8 280/12/12
f 73/9/9 284/8/8 2/11/11
f 284/8/8 285/13/13 280/12/12
f 283/10/10 287/14/14 284/8/8
f 1/4/4 283/10/10 73/9/9
f 86/15/15 278/16/16 3/17/17
f 2/11/11 281/18/18 86/15/15
f 105/19/19 276/20/20 4/21/21
f 3/17/17 279/22/22 105/19/19
f 141/23/23 274/24/24 5/25/25
f 4/21/21 277/26/26 141/23/23
f 225/27/27 248/28/28 6/29/29
f 5/25/25 275/30/30 225/27/27
f 6/29/29 249/31/31 240/32/32
f 71/33/33 65/34/34 68/35/35
f 70/36/36 69/37/37 71/33/33
f 69/37/37 1/4/4 65/34/34
f 66/2/2 69/37/37 67/38/38
f 1/4/4 69/37/37 66/2/2
f 91/39/39 82/40/40 88/41/41
f 90/42/42 89/43/43 91/39/39
f 89/43/43 72/44/44 82/40/40
f 83/45/45 89/43/43 84/46/46
f 72/44/44 89/43/43 83/45/45
f 75/47/47 83/45/45 84/46/46
f 83/45/45 2/11/11 72/44/44
f 73/9/9 83/45/45 74/48/48
f 2/11/11 83/45/45 73/9/9
f 76/49/49 73/9/9 74/48/48
f 1/4/4 76/49/49 65/34/34
f 73/9/9 76/49/49 1/4/4
f 81/50/50 75/47/47 78/51/51
f 80/52/52 79/53/53 81/50/50
f 79/53/53 74/48/48 75/47/47
f 76/49/49 79/53/53 77/54/54
f 74/48/48 79/53/53 76/49/49
f 68/35/35 76/49/49 77/54/54
f 152/55/55 114/56/56 125/57/57
f 151/58/58 150/59/59 152/55/55
f 150/59/59 101/60/60 114/56/56
f 115/61/61 150/59/59 116/62/62
f 101/60/60 150/59/59 115/61/61
f 107/63/63 115/61/61 116/62/62
f 115/61/61 85/64/64 101/60/60
f 102/65/65 115/61/61 103/66/66
f 85/64/64 115/61/61 102/65/65
f 108/67/67 102/65/65 103/66/66
f 87/68/68 108/67/67 92/69/69
f 102/65/65 108/67/67 87/68/68
f 113/70/70 107/63/63 110/71/71
f 112/72/72 111/73/73 113/70/70
f 111/73/73 103/66/66 107/63/63
f 108/67/67 111/73/73 109/74/74
f 103/66/66 111/73/73 108/67/67
f 98/75/75 108/67/67 109/74/74
f 102/65/65 3/17/17 85/64/64
f 86/15/15 102/65/65 87/68/68
f 3/17/17 102/65/65 86/15/15
f 93/76/76 86/15/15 87/68/68
f 2/11/11 93/76/76 72/44/44
f 86/15/15 93/76/76 2/11/11
f 100/77/77 92/69/69 98/75/75
f 95/78/78 99/79/79 100/77/77
f 99/79/79 87/68/68 92/69/69
f 93/76/76 99/79/79 94/80/80
f 87/68/68 99/79/79 93/76/76
f 96/81/81 93/76/76 94/80/80
f 72/44/44 96/81/81 82/40/40
f 93/76/76 96/81/81 72/44/44
f 97/82/82 94/80/80 95/78/78
f 88/41/41 96/81/81 97/82/82
f 211/83/83 212/84/84 205/85/85
f 214/86/86 207/87/87 212/84/84
f 212/84/84 137/88/88 205/85/85
f 206/89/89 212/84/84 207/87/87
f 137/88/88 212/84/84 206/89/89
f 192/90/90 206/89/89 207/87/87
f 206/89/89 104/91/91 137/88/88
f 138/92/92 206/89/89 139/93/93
f 104/91/91 206/89/89 138/92/92
f 193/94/94 138/92/92 139/93/93
f 106/95/95 193/94/94 117/96/96
f 138/92/92 193/94/94 106/95/95
f 194/97/97 139/93/93 192/90/90
f 196/98/98 193/94/94 194/97/97
f 117/96/96 196/98/98 134/99/99
f 193/94/94 196/98/98 117/96/96
f 198/100/100 194/97/97 195/101/101
f 200/102/102 196/98/98 198/100/100
f 134/99/99 200/102/102 197/103/103
f 196/98/98 200/102/102 134/99/99
f 202/104/104 198/100/100 199/105/105
f 201/106/106 200/102/102 202/104/104
f 138/92/92 4/21/21 104/91/91
f 105/19/19 138/92/92 106/95/95
f 4/21/21 138/92/92 105/19/19
f 118/107/107 105/19/19 106/95/95
f 3/17/17 118/107/107 85/64/64
f 105/19/19 118/107/107 3/17/17
f 204/108/108 134/99/99 197/103/103
f 189/109/109 203/110/110 204/108/108
f 203/110/110 117/96/96 134/99/99
f 135/111/111 203/110/110 136/112/112
f 117/96/96 203/110/110 135/111/111
f 190/113/113 135/111/111 136/112/112
f 119/114/114 190/113/113 120/115/115
f 135/111/111 190/113/113 119/114/114
f 191/116/116 136/112/112 189/109/109
f 131/117/117 190/113/113 191/116/116
f 135/111/111 106/95/95 117/96/96
f 118/107/107 135/111/111 119/114/114
f 106/95/95 135/111/111 118/107/107
f 121/118/118 118/107/107 119/114/114
f 85/64/64 121/118/118 101/60/60
f 118/107/107 121/118/118 85/64/64
f 133/119/119 120/115/115 131/117/117
f 181/120/120 132/121/121 133/119/119
f 122/122/122 181/120/120 123/123/123
f 132/121/121 181/120/120 122/122/122
f 182/124/124 133/119/119 180/125/125
f 127/126/126 181/120/120 182/124/124
f 132/121/121 119/114/114 120/115/115
f 121/118/118 132/121/121 122/122/122
f 119/114/114 132/121/121 121/118/118
f 124/127/127 121/118/118 122/122/122
f 101/60/60 124/127/127 114/56/56
f 121/118/118 124/127/127 101/60/60
f 179/128/128 127/126/126 177/129/129
f 143/130/130 178/131/131 179/128/128
f 178/131/131 123/123/123 127/126/126
f 128/132/132 178/131/131 130/133/133
f 123/123/123 178/131/131 128/132/132
f 144/134/134 128/132/132 130/133/133
f 126/135/135 144/134/134 129/136/136
f 128/132/132 144/134/134 126/135/135
f 176/137/137 143/130/130 174/138/138
f 153/139/139 175/140/140 176/137/137
f 175/140/140 130/133/133 143/130/130
f 144/134/134 175/140/140 146/141/141
f 130/133/133 175/140/140 144/134/134
f 154/142/142 144/134/134 146/141/141
f 129/136/136 154/142/142 145/143/143
f 144/134/134 154/142/142 129/136/136
s 0
f 171/144/144 172/145/145 153/139/146
f 187/146/147 172/145/148 173/147/149
f 156/148/150 187/146/151 160/149/152
s 1
f 172/145/153 187/146/154 156/148/155
s 0
f 186/150/156 188/151/151 173/147/156
f 188/151/157 167/152/150 160/149/158
s 1
f 172/145/153 146/141/141 153/139/139
f 154/142/142 172/145/153 156/148/155
f 146/141/141 172/145/153 154/142/142
f 161/153/159 154/142/142 156/148/155
f 145/143/143 161/153/159 155/154/160
f 154/142/142 161/153/159 145/143/143
s 0
f 183/155/161 185/156/162 167/152/161
f 184/157/163 160/149/164 167/152/165
f 168/158/166 184/157/162 170/159/167
f 160/149/158 184/157/162 168/158/166
s 1
f 170/159/166 169/160/168 168/158/166
s 0
f 168/158/166 156/148/150 160/149/169
s 1
f 161/153/159 168/158/166 163/161/170
f 156/148/155 168/158/166 161/153/159
f 163/161/170 162/162/171 161/153/159
f 128/132/132 122/122/122 123/123/123
f 124/127/127 128/132/132 126/135/135
f 122/122/122 128/132/132 124/127/127
f 147/163/172 124/127/127 126/135/135
f 114/56/56 147/163/172 125/57/57
f 124/127/127 147/163/172 114/56/56
f 155/154/160 164/164/173 145/143/143
f 166/165/174 159/166/175 164/164/173
f 164/164/173 129/136/136 145/143/143
f 157/167/176 164/164/173 159/166/175
f 129/136/136 164/164/173 157/167/176
f 158/168/177 157/167/176 159/166/175
f 157/167/176 126/135/135 129/136/136
f 147/163/172 157/167/176 149/169/178
f 126/135/135 157/167/176 147/163/172
f 149/169/178 125/57/57 147/163/172
f 223/170/179 140/171/180 221/172/181
f 208/173/182 222/174/183 223/170/179
f 222/174/183 5/25/25 140/171/180
f 141/23/23 222/174/183 142/175/184
f 5/25/25 222/174/183 141/23/23
f 209/176/185 141/23/23 142/175/184
f 4/21/21 209/176/185 104/91/91
f 141/23/23 209/176/185 4/21/21
f 220/177/186 208/173/182 218/178/187
f 215/179/188 219/180/189 220/177/186
f 219/180/189 142/175/184 208/173/182
f 209/176/185 219/180/189 210/181/190
f 142/175/184 219/180/189 209/176/185
f 216/182/191 209/176/185 210/181/190
f 104/91/91 216/182/191 137/88/88
f 209/176/185 216/182/191 104/91/91
f 217/183/192 210/181/190 215/179/188
f 205/85/85 216/182/191 217/183/192
f 239/184/193 224/185/194 237/186/195
f 227/187/196 238/188/197 239/184/193
f 238/188/197 6/29/29 224/185/194
f 225/27/27 238/188/197 226/189/198
f 6/29/29 238/188/197 225/27/27
f 228/190/199 225/27/27 226/189/198
f 5/25/25 228/190/199 140/171/180
f 225/27/27 228/190/199 5/25/25
f 236/191/200 227/187/196 234/192/201
f 230/193/202 235/194/203 236/191/200
f 235/194/203 226/189/198 227/187/196
f 228/190/199 235/194/203 229/195/204
f 226/189/198 235/194/203 228/190/199
f 231/196/205 228/190/199 229/195/204
f 140/171/180 231/196/205 221/172/181
f 228/190/199 231/196/205 140/171/180
f 233/197/206 229/195/204 230/193/202
f 232/198/207 231/196/205 233/197/206
f 243/199/208 240/32/32 241/200/209
f 6/29/29 243/199/208 224/185/194
f 240/32/32 243/199/208 6/29/29
f 244/201/210 241/200/209 242/202/211
f 237/186/195 243/199/208 244/201/210
f 291/203/212 272/204/213 271/205/214
f 292/6/6 271/205/214 270/206/215
f 270/206/215 269/207/216 292/6/6
f 290/7/7 269/207/216 268/208/217
f 272/204/213 291/203/212 273/209/218
f 273/209/218 291/203/212 288/3/3
f 288/3/3 66/2/2 293/210/219
f 286/211/220 290/7/7 268/208/217
f 269/207/216 290/7/7 292/6/6
f 271/205/214 292/6/6 291/203/212
f 293/210/219 273/209/218 288/3/3
f 290/7/7 283/10/10 282/5/5
f 286/211/220 267/212/221 266/213/222
f 287/14/14 266/213/222 265/214/223
f 263/215/224 285/13/13 264/216/225
f 281/18/18 263/215/224 262/217/226
f 265/214/223 264/216/225 285/13/13
f 266/213/222 287/14/14 286/211/220
f 281/18/18 280/12/12 285/13/13
f 263/215/224 281/18/18 285/13/13
f 265/214/223 285/13/13 287/14/14
f 286/211/220 268/208/217 267/212/221
f 281/18/18 262/217/226 278/16/16
f 70/36/36 7/218/227 67/38/38
f 293/210/219 67/38/38 7/218/227
f 11/219/228 68/35/35 80/52/52
f 80/52/52 68/35/35 77/54/54
f 9/220/229 71/33/33 68/35/35
f 81/50/50 78/51/51 14/221/230
f 78/51/51 84/46/46 90/42/42
f 90/42/42 91/39/39 17/222/231
f 15/223/232 78/51/51 90/42/42
f 8/224/233 70/36/36 71/33/33
f 88/41/41 97/82/82 19/225/234
f 97/82/82 95/78/78 20/226/235
f 100/77/77 98/75/75 23/227/236
f 24/228/237 98/75/75 112/72/72
f 22/229/238 95/78/78 100/77/77
f 98/75/75 109/74/74 112/72/72
f 25/230/239 112/72/72 113/70/70
f 116/62/62 110/71/71 107/63/63
f 28/231/240 110/71/71 151/58/58
f 110/71/71 27/232/241 113/70/70
f 91/39/39 88/41/41 19/225/234
f 12/233/242 80/52/52 81/50/50
f 293/210/219 66/2/2 67/38/38
f 279/22/22 261/234/243 260/235/244
f 276/20/20 259/236/245 258/237/246
f 274/24/24 256/238/247 255/239/248
f 260/235/244 259/236/245 279/22/22
f 279/22/22 259/236/245 276/20/20
f 276/20/20 258/237/246 277/26/26
f 256/238/247 274/24/24 277/26/26
f 277/26/26 258/237/246 257/240/249
f 257/240/249 256/238/247 277/26/26
f 278/16/16 261/234/243 279/22/22
f 278/16/16 262/217/226 261/234/243
f 254/241/250 274/24/24 255/239/248
f 248/28/28 253/242/251 252/243/252
f 248/28/28 252/243/252 251/244/253
f 249/31/31 250/245/254 247/246/255
f 250/245/254 249/31/31 251/244/253
f 253/242/251 275/30/30 254/241/250
f 253/242/251 248/28/28 275/30/30
f 251/244/253 249/31/31 248/28/28
f 245/247/256 240/32/32 246/248/257
f 249/31/31 246/248/257 240/32/32
f 242/202/211 241/200/209 245/247/256
f 247/246/255 246/248/257 249/31/31
f 275/30/30 274/24/24 254/241/250
f 194/97/97 192/90/90 195/101/101
f 192/90/90 207/87/87 213/249/258
f 205/85/85 217/183/192 211/83/83
f 148/250/259 152/55/55 125/57/57
f 50/251/260 215/179/188 220/177/186
f 217/183/192 215/179/188 49/252/261
f 51/253/262 220/177/186 218/178/187
f 131/117/117 180/125/125 133/119/119
f 232/198/207 223/170/179 221/172/181
f 239/184/193 237/186/195 59/254/263
f 237/186/195 244/201/210 60/255/264
f 239/184/193 234/192/201 227/187/196
f 223/170/179 53/256/265 218/178/187
f 232/198/207 233/197/206 55/257/266
f 242/202/211 62/258/267 244/201/210
f 236/191/200 234/192/201 58/259/268
f 57/260/269 230/193/202 236/191/200
f 59/254/263 234/192/201 239/184/193
f 55/257/266 233/197/206 230/193/202
f 223/170/179 232/198/207 54/261/270
f 218/178/187 208/173/182 223/170/179
f 64/262/271 242/202/211 245/247/256
f 152/55/55 28/231/240 151/58/58
f 149/169/178 158/168/177 148/250/259
f 158/168/177 165/263/272 28/231/240
f 158/168/177 159/166/175 165/263/272
s 0
f 162/162/171 165/263/273 166/165/274
s 1
f 148/250/259 158/168/177 28/231/240
f 28/231/240 165/263/272 29/264/275
f 162/162/171 29/264/275 165/263/272
s 0
f 162/162/276 169/160/277 29/264/278
s 1
f 25/230/239 113/70/70 26/265/279
f 112/72/72 25/230/239 24/228/237
f 186/150/280 173/147/281 171/144/144
f 171/144/144 153/139/139 176/137/137
f 32/266/282 171/144/144 176/137/137
s 0
f 167/152/283 188/151/284 30/267/285
f 186/150/286 30/267/287 188/151/288
s 1
f 31/268/289 186/150/280 171/144/144
f 10/269/290 68/35/35 11/219/228
f 8/224/233 71/33/33 9/220/229
f 11/219/228 80/52/52 12/233/242
f 15/223/232 14/221/230 78/51/51
f 16/270/291 15/223/232 90/42/42
f 18/271/292 91/39/39 19/225/234
f 10/269/290 9/220/229 68/35/35
f 17/222/231 91/39/39 18/271/292
f 17/222/231 16/270/291 90/42/42
f 13/272/293 12/233/242 81/50/50
f 19/225/234 97/82/82 20/226/235
f 100/77/77 23/227/236 22/229/238
f 110/71/71 28/231/240 27/232/241
f 27/232/241 26/265/279 113/70/70
s 0
f 186/150/294 31/268/295 30/267/296
s 1
f 95/78/78 22/229/238 21/273/297
f 98/75/75 24/228/237 23/227/236
f 152/55/55 148/250/259 28/231/240
f 21/273/297 20/226/235 95/78/78
f 171/144/144 32/266/282 31/268/289
f 14/221/230 13/272/293 81/50/50
f 32/266/282 176/137/137 174/138/138
f 177/129/129 127/126/126 182/124/124
f 191/116/116 189/109/109 37/274/298
f 204/108/108 201/106/106 39/275/299
f 204/108/108 197/103/103 201/106/106
f 180/125/125 131/117/117 34/276/300
f 33/277/301 179/128/128 177/129/129
f 182/124/124 33/277/301 177/129/129
f 180/125/125 33/277/301 182/124/124
f 38/278/302 189/109/109 204/108/108
f 191/116/116 34/276/300 131/117/117
f 199/105/105 42/279/303 202/104/104
f 201/106/106 202/104/104 40/280/304
f 179/128/128 174/138/138 143/130/130
f 195/101/101 199/105/105 198/100/100
f 213/249/258 44/281/305 192/90/90
f 214/86/86 45/282/306 213/249/258
f 211/83/83 46/283/307 214/86/86
f 44/281/305 43/284/308 195/101/101
f 195/101/101 192/90/90 44/281/305
f 223/170/179 54/261/270 53/256/265
f 52/285/309 218/178/187 53/256/265
f 55/257/266 54/261/270 232/198/207
f 62/258/267 61/286/310 244/201/210
f 242/202/211 63/287/311 62/258/267
f 237/186/195 60/255/264 59/254/263
f 234/192/201 59/254/263 58/259/268
f 44/281/305 213/249/258 45/282/306
f 58/259/268 57/260/269 236/191/200
f 199/105/105 195/101/101 43/284/308
f 242/202/211 64/262/271 63/287/311
f 174/138/138 179/128/128 32/266/282
f 37/274/298 189/109/109 38/278/302
f 38/278/302 204/108/108 39/275/299
f 43/284/308 42/279/303 199/105/105
f 41/288/312 202/104/104 42/279/303
f 39/275/299 201/106/106 40/280/304
f 37/274/298 36/289/313 191/116/116
f 191/116/116 36/289/313 35/290/314
f 180/125/125 34/276/300 33/277/301
f 40/280/304 202/104/104 41/288/312
f 191/116/116 35/290/314 34/276/300
f 46/283/307 45/282/306 214/86/86
f 220/177/186 51/253/262 50/251/260
f 49/252/261 48/291/315 217/183/192
f 218/178/187 52/285/309 51/253/262
f 230/193/202 56/292/316 55/257/266
f 61/286/310 60/255/264 244/201/210
f 215/179/188 50/251/260 49/252/261
f 47/293/317 211/83/83 48/291/315
f 57/260/269 56/292/316 230/193/202
f 211/83/83 47/293/317 46/283/307
f 179/128/128 33/277/301 32/266/282
f 211/83/83 217/183/192 48/291/315
f 7/218/227 70/36/36 8/224/233
f 399/294/318 400/295/319 340/296/320
f 402/297/321 342/298/322 400/295/319
f 406/299/323 407/300/324 338/301/325
f 408/302/326 341/303/327 407/300/324
f 403/304/328 404/305/329 341/303/327
f 405/306/330 340/296/320 404/305/329
f 425/307/331 431/308/332 412/309/333
f 432/310/334 414/311/335 431/308/332
f 431/308/332 337/312/336 412/309/333
f 413/313/337 431/308/332 414/311/335
f 337/312/336 431/308/332 413/313/337
f 417/314/338 413/313/337 414/311/335
f 339/315/339 417/314/338 409/316/340
f 413/313/337 417/314/338 339/315/339
f 416/317/341 417/314/338 414/311/335
f 419/318/342 409/316/340 417/314/338
f 409/316/340 410/319/343 339/315/339
f 411/320/344 338/301/325 410/319/343
f 459/321/345 460/322/346 452/323/347
f 462/324/348 455/325/349 460/322/346
f 460/322/346 446/326/350 452/323/347
f 453/327/351 460/322/346 455/325/349
f 446/326/350 460/322/346 453/327/351
f 455/325/349 448/328/352 453/327/351
f 453/327/351 433/329/353 446/326/350
f 447/330/354 453/327/351 448/328/352
f 433/329/353 453/327/351 447/330/354
f 448/328/352 435/331/355 447/330/354
f 447/330/354 335/332/356 433/329/353
f 434/333/357 447/330/354 435/331/355
f 335/332/356 447/330/354 434/333/357
f 437/334/358 434/333/357 435/331/355
f 415/335/359 437/334/358 420/336/360
f 434/333/357 437/334/358 415/335/359
f 436/337/361 437/334/358 435/331/355
f 441/338/362 437/334/358 439/339/363
f 420/336/360 441/338/362 438/340/364
f 437/334/358 441/338/362 420/336/360
f 440/341/365 441/338/362 439/339/363
f 443/342/366 438/340/364 441/338/362
f 438/340/364 444/343/367 420/336/360
f 445/344/368 422/345/369 444/343/367
f 444/343/367 415/335/359 420/336/360
f 421/346/370 444/343/367 422/345/369
f 415/335/359 444/343/367 421/346/370
f 424/347/371 421/346/370 422/345/369
f 337/312/336 424/347/371 412/309/333
f 421/346/370 424/347/371 337/312/336
f 423/348/372 424/347/371 422/345/369
f 428/349/373 424/347/371 426/350/374
f 412/309/333 428/349/373 425/307/331
f 424/347/371 428/349/373 412/309/333
f 427/351/375 428/349/373 426/350/374
f 430/352/376 425/307/331 428/349/373
f 479/353/377 480/354/378 469/355/379
f 481/356/380 471/357/381 480/354/378
f 480/354/378 327/358/382 469/355/379
f 470/359/383 480/354/378 471/357/381
f 327/358/382 480/354/378 470/359/383
f 477/360/384 470/359/383 471/357/381
f 336/361/385 477/360/384 449/362/386
f 470/359/383 477/360/384 336/361/385
f 476/363/387 477/360/384 471/357/381
f 478/364/388 449/362/386 477/360/384
f 472/365/389 473/366/390 466/367/391
f 475/368/392 468/369/393 473/366/390
f 473/366/390 449/362/386 466/367/391
f 467/370/394 473/366/390 468/369/393
f 449/362/386 473/366/390 467/370/394
f 468/369/393 451/371/395 467/370/394
f 467/370/394 336/361/385 449/362/386
f 450/372/396 467/370/394 451/371/395
f 336/361/385 467/370/394 450/372/396
f 457/373/397 450/372/396 451/371/395
f 335/332/356 457/373/397 433/329/353
f 450/372/396 457/373/397 335/332/356
f 456/374/398 457/373/397 451/371/395
f 464/375/399 457/373/397 458/376/400
f 433/329/353 464/375/399 446/326/350
f 457/373/397 464/375/399 433/329/353
f 463/377/401 464/375/399 458/376/400
f 465/378/402 446/326/350 464/375/399
f 493/379/403 494/380/404 488/381/405
f 495/382/406 489/383/407 494/380/404
f 494/380/404 321/384/408 488/381/405
f 329/385/409 494/380/404 489/383/407
f 321/384/408 494/380/404 329/385/409
f 491/386/410 329/385/409 489/383/407
f 328/387/411 491/386/410 482/388/412
f 329/385/409 491/386/410 328/387/411
f 490/389/413 491/386/410 489/383/407
f 492/390/414 482/388/412 491/386/410
f 321/384/408 331/391/415 325/392/416
f 329/385/409 330/393/417 331/391/415
f 328/387/411 334/394/418 330/393/417
f 332/395/419 333/396/420 334/394/418
f 484/397/421 485/398/422 482/388/412
f 487/399/423 483/400/424 485/398/422
f 485/398/422 328/387/411 482/388/412
f 332/395/419 485/398/422 483/400/424
f 328/387/411 485/398/422 332/395/419
f 483/400/424 327/358/382 332/395/419
f 322/401/425 326/402/426 324/403/427
f 323/404/428 325/392/416 326/402/426
f 496/405/429 323/404/428 322/401/425
f 497/406/430 321/384/408 323/404/428
f 342/298/322 320/407/431 319/408/432
f 319/408/432 318/409/433 400/295/319
f 340/296/320 318/409/433 317/410/434
f 320/407/431 342/298/322 295/411/435
f 319/408/432 400/295/319 342/298/322
f 317/410/434 404/305/329 340/296/320
f 317/410/434 341/303/327 404/305/329
f 318/409/433 340/296/320 400/295/319
f 295/411/435 294/412/435 320/407/431
f 316/413/436 341/303/327 317/410/434
f 410/319/343 314/414/437 313/415/438
f 313/415/438 312/416/439 339/315/339
f 413/313/337 312/416/439 311/417/440
f 338/301/325 407/300/324 315/418/441
f 316/413/436 315/418/441 407/300/324
f 314/414/437 410/319/343 338/301/325
f 410/319/343 313/415/438 339/315/339
f 339/315/339 312/416/439 413/313/337
f 314/414/437 338/301/325 315/418/441
f 407/300/324 341/303/327 316/413/436
f 337/312/336 413/313/337 311/417/440
f 296/419/442 295/411/435 401/420/443
f 399/294/318 405/306/330 346/421/444
f 405/306/330 403/304/328 347/422/445
f 344/423/446 402/297/321 399/294/318
f 408/302/326 406/299/323 349/424/447
f 353/425/448 411/320/344 418/426/449
f 418/426/449 411/320/344 409/316/340
f 351/427/450 406/299/323 411/320/344
f 348/428/451 403/304/328 408/302/326
f 354/429/452 418/426/449 419/318/342
f 311/417/440 421/346/370 337/312/336
f 310/430/453 421/346/370 311/417/440
f 357/431/454 416/317/341 432/310/334
f 429/432/455 432/310/334 425/307/331
f 427/351/375 426/350/374 423/348/372
f 362/433/456 423/348/372 445/344/368
f 416/317/341 355/434/457 419/318/342
f 343/435/458 401/420/443 402/297/321
f 401/420/443 295/411/435 342/298/322
f 415/335/359 421/346/370 310/430/453
f 306/436/459 333/396/420 307/437/460
f 306/436/459 305/438/461 333/396/420
f 305/438/461 304/439/462 334/394/418
f 450/372/396 309/440/463 308/441/464
f 310/430/453 309/440/463 434/333/357
f 305/438/461 334/394/418 333/396/420
f 307/437/460 336/361/385 308/441/464
f 307/437/460 333/396/420 470/359/383
f 310/430/453 434/333/357 415/335/359
f 330/393/417 334/394/418 304/439/462
f 325/392/416 302/442/465 301/443/466
f 325/392/416 301/443/466 300/444/467
f 326/402/426 300/444/467 299/445/468
f 331/391/415 303/446/469 302/442/465
f 331/391/415 302/442/465 325/392/416
f 325/392/416 300/444/467 326/402/426
f 298/447/470 324/403/427 299/445/468
f 324/403/427 326/402/426 299/445/468
f 322/401/425 324/403/427 298/447/470
f 330/393/417 303/446/469 331/391/415
f 330/393/417 304/439/462 303/446/469
f 434/333/357 309/440/463 335/332/356
f 309/440/463 450/372/396 335/332/356
f 308/441/464 336/361/385 450/372/396
f 454/448/471 436/337/361 448/328/352
f 463/377/401 458/376/400 456/374/398
f 474/449/472 456/374/398 468/369/393
f 436/337/361 440/341/365 439/339/363
f 333/396/420 327/358/382 470/359/383
f 486/450/473 469/355/379 483/400/424
f 472/365/389 466/367/391 478/364/388
f 381/451/474 478/364/388 476/363/387
f 488/381/405 497/406/430 493/379/403
f 497/406/430 496/405/429 396/452/475
f 297/453/476 322/401/425 298/447/470
f 307/437/460 470/359/383 336/361/385
f 496/405/429 322/401/425 398/454/477
f 438/340/364 442/455/478 445/344/368
f 346/421/444 405/306/330 347/422/445
f 427/351/375 359/456/479 430/352/376
f 348/428/451 347/422/445 403/304/328
f 350/457/480 406/299/323 351/427/450
f 408/302/326 349/424/447 348/428/451
f 346/421/444 345/458/481 399/294/318
f 353/425/448 418/426/449 354/429/452
f 352/459/482 351/427/450 411/320/344
f 432/310/334 429/432/455 357/431/454
f 354/429/452 419/318/342 355/434/457
f 357/431/454 429/432/455 358/460/483
f 356/461/484 416/317/341 357/431/454
f 352/459/482 411/320/344 353/425/448
f 430/352/376 358/460/483 429/432/455
f 442/455/478 362/433/456 445/344/368
f 367/462/485 440/341/365 436/337/361
f 443/342/366 440/341/365 365/463/486
f 370/464/487 454/448/471 461/465/488
f 364/466/489 442/455/478 443/342/366
f 367/462/485 436/337/361 368/467/490
f 362/433/456 361/468/491 423/348/372
f 461/465/488 454/448/471 455/325/349
f 461/465/488 462/324/348 371/469/492
f 363/470/493 362/433/456 442/455/478
f 360/471/494 427/351/375 361/468/491
f 359/456/479 427/351/375 360/471/494
f 423/348/372 361/468/491 427/351/375
f 430/352/376 359/456/479 358/460/483
f 406/299/323 350/457/480 349/424/447
f 355/434/457 416/317/341 356/461/484
f 345/458/481 344/423/446 399/294/318
f 343/435/458 402/297/321 344/423/446
f 436/337/361 369/472/495 368/467/490
f 440/341/365 366/473/496 365/463/486
f 454/448/471 370/464/487 369/472/495
f 371/469/492 370/464/487 461/465/488
f 365/463/486 364/466/489 443/342/366
f 366/473/496 440/341/365 367/462/485
f 459/321/345 372/474/497 462/324/348
f 462/324/348 372/474/497 371/469/492
f 442/455/478 364/466/489 363/470/493
f 369/472/495 436/337/361 454/448/471
f 373/475/498 372/474/497 459/321/345
f 459/321/345 452/323/347 465/378/402
f 481/356/380 479/353/377 384/476/499
f 456/374/398 376/477/500 463/377/401
f 375/478/501 465/378/402 463/377/401
f 474/449/472 475/368/392 377/479/502
f 456/374/398 474/449/472 376/477/500
f 476/363/387 382/480/503 381/451/474
f 472/365/389 379/481/504 475/368/392
f 481/356/380 382/480/503 476/363/387
f 472/365/389 478/364/388 381/451/474
f 465/378/402 374/482/505 459/321/345
f 385/483/506 479/353/377 486/450/473
f 487/399/423 484/397/421 389/484/507
f 389/484/507 492/390/414 390/485/508
f 390/485/508 492/390/414 490/389/413
f 389/484/507 484/397/421 492/390/414
f 393/486/509 493/379/403 394/487/510
f 495/382/406 392/488/511 490/389/413
f 493/379/403 393/486/509 495/382/406
f 496/405/429 398/454/477 397/489/512
f 497/406/430 395/490/513 394/487/510
f 322/401/425 297/453/476 398/454/477
f 496/405/429 397/489/512 396/452/475
f 490/389/413 391/491/514 390/485/508
f 394/487/510 493/379/403 497/406/430
f 486/450/473 487/399/423 387/492/515
f 382/480/503 481/356/380 383/493/516
f 374/482/505 465/378/402 375/478/501
f 380/494/517 379/481/504 472/365/389
f 379/481/504 378/495/518 475/368/392
f 376/477/500 375/478/501 463/377/401
f 383/493/516 481/356/380 384/476/499
f 381/451/474 380/494/517 472/365/389
f 376/477/500 474/449/472 377/479/502
f 384/476/499 479/353/377 385/483/506
f 388/496/519 387/492/515 487/399/423
f 388/496/519 487/399/423 389/484/507
f 495/382/406 393/486/509 392/488/511
f 386/497/520 486/450/473 387/492/515
f 497/406/430 396/452/475 395/490/513
f 386/497/520 385/483/506 486/450/473
f 490/389/413 392/488/511 391/491/514
f 378/495/518 377/479/502 475/368/392
f 374/482/505 373/475/498 459/321/345
f 343/435/458 296/419/442 401/420/443
f 505/498/521 503/499/522 502/500/523
f 507/501/524 505/498/521 504/502/525
f 509/503/526 507/501/524 506/504/527
f 511/505/528 509/503/526 508/506/529
f 513/507/530 511/505/528 510/508/531
f 514/509/532 513/507/530 512/510/533
f 519/511/534 502/500/523 503/499/522
f 503/499/522 526/512/535 527/513/536
f 505/498/521 525/514/537 526/512/535
f 518/515/534 519/511/534 503/499/522
f 501/516/534 518/515/534 527/513/536
f 527/513/536 518/515/534 503/499/522
f 524/517/538 507/501/524 509/503/526
f 509/503/526 523/518/539 524/517/538
f 511/505/528 522/519/540 523/518/539
f 515/520/541 516/521/541 514/509/532
f 521/522/542 513/507/530 514/509/532
f 521/522/542 517/523/541 520/524/541
f 516/521/541 517/523/541 514/509/532
f 514/509/532 517/523/541 521/522/542
f 829/525/543 830/526/544 831/527/545
f 831/527/545 816/528/546 823/529/547
f 826/530/548 827/531/549 828/532/550
f 830/526/544 828/532/550 827/531/549
f 811/533/551 816/528/546 830/526/544
f 827/531/549 811/533/551 830/526/544
f 819/534/552 820/535/553 821/536/554
f 827/531/549 821/536/554 820/535/553
f 777/537/547 811/533/551 827/531/549
f 820/535/553 777/537/547 827/531/549
f 833/538/555 815/539/556 819/534/552
f 820/535/553 815/539/556 814/540/557
f 529/541/558 777/537/547 820/535/553
f 814/540/557 529/541/558 820/535/553
f 804/542/559 778/543/560 807/544/560
f 744/545/561 530/546/562 804/542/559
f 807/544/560 744/545/561 804/542/559
f 529/541/558 807/544/560 778/543/560
f 808/547/563 809/548/564 810/549/565
f 810/549/565 809/548/564 785/550/566
f 797/551/567 798/552/568 799/553/569
f 809/548/564 799/553/569 798/552/568
f 774/554/570 785/550/566 809/548/564
f 798/552/568 774/554/570 809/548/564
f 800/555/571 783/556/572 781/557/573
f 779/558/574 782/559/571 800/555/571
f 781/557/573 779/558/574 800/555/571
f 798/552/568 788/560/575 802/561/576
f 790/562/577 774/554/570 798/552/568
f 802/561/576 790/562/577 798/552/568
f 783/556/572 802/561/576 788/560/575
f 800/555/571 801/563/578 802/561/576
f 802/561/576 701/564/579 790/562/577
f 823/529/547 824/565/580 825/566/581
f 825/566/581 818/567/582 822/568/582
f 824/565/580 816/528/546 811/533/551
f 817/569/583 818/567/582 824/565/580
f 811/533/551 817/569/583 824/565/580
f 818/567/582 817/569/583 813/570/584
f 817/569/583 811/533/551 777/537/547
f 812/571/585 813/570/584 817/569/583
f 777/537/547 812/571/585 817/569/583
f 813/570/584 779/558/574 781/557/573
f 803/572/560 779/558/574 812/571/585
f 812/571/585 777/537/547 529/541/558
f 529/541/558 778/543/560 803/572/560
f 803/572/560 812/571/585 529/541/558
f 801/563/578 782/559/571 805/573/586
f 793/574/587 701/564/579 801/563/578
f 805/573/586 793/574/587 801/563/578
f 779/558/574 805/573/586 782/559/571
f 803/572/560 804/542/559 805/573/586
f 805/573/586 530/546/562 793/574/587
f 742/575/588 702/576/589 745/577/590
f 691/578/591 531/579/591 742/575/588
f 745/577/590 691/578/591 742/575/588
f 794/580/592 530/546/562 744/545/561
f 745/577/590 702/576/589 794/580/592
f 744/545/561 745/577/590 794/580/592
f 771/581/593 772/582/594 773/583/595
f 773/583/595 735/584/596 738/585/597
f 762/586/598 748/587/599 746/588/600
f 740/589/601 747/590/602 762/586/598
f 746/588/600 740/589/601 762/586/598
f 761/591/603 749/592/604 764/593/605
f 751/594/606 736/595/591 761/591/603
f 764/593/605 751/594/606 761/591/603
f 748/587/599 764/593/605 749/592/604
f 762/586/598 763/596/607 764/593/605
f 764/593/605 732/597/608 751/594/606
f 765/598/609 740/589/601 738/585/597
f 735/584/596 739/599/610 765/598/609
f 738/585/597 735/584/596 765/598/609
f 763/596/607 747/590/602 767/600/611
f 755/601/612 732/597/608 763/596/607
f 767/600/611 755/601/612 763/596/607
f 740/589/601 767/600/611 747/590/602
f 765/598/609 766/602/613 767/600/611
f 767/600/611 680/603/614 755/601/612
f 796/604/615 785/550/566 774/554/570
f 786/605/616 787/606/617 796/604/615
f 774/554/570 786/605/616 796/604/615
f 787/606/617 780/607/618 784/608/619
f 780/607/618 789/609/620 776/610/620
f 786/605/616 774/554/570 790/562/577
f 792/611/621 780/607/618 786/605/616
f 790/562/577 792/611/621 786/605/616
f 790/562/577 791/612/622 792/611/621
f 792/611/621 775/613/620 789/609/620
f 775/613/620 741/614/623 703/615/624
f 791/612/622 701/564/579 793/574/587
f 795/616/625 775/613/620 791/612/622
f 793/574/587 795/616/625 791/612/622
f 793/574/587 794/580/592 795/616/625
f 795/616/625 702/576/589 741/614/623
f 766/602/613 739/599/610 770/617/626
f 758/618/608 680/603/614 766/602/613
f 770/617/626 758/618/608 766/602/613
f 735/584/596 770/617/626 739/599/610
f 768/619/627 769/620/628 770/617/626
f 770/617/626 705/621/629 758/618/608
f 768/619/627 735/584/596 772/582/594
f 772/582/594 703/615/624 741/614/623
f 741/614/623 743/622/630 768/619/627
f 768/619/627 772/582/594 741/614/623
f 741/614/623 742/575/588 743/622/630
f 769/620/628 743/622/630 742/575/588
f 531/579/591 705/621/629 769/620/628
f 742/575/588 531/579/591 769/620/628
f 689/623/631 681/624/632 692/625/632
f 652/626/633 532/627/634 689/623/631
f 692/625/632 652/626/633 689/623/631
f 706/628/635 531/579/591 691/578/591
f 692/625/632 681/624/632 706/628/635
f 691/578/591 692/625/632 706/628/635
f 708/629/636 721/630/637 722/631/638
f 722/631/638 699/632/639 720/633/640
f 751/594/606 752/634/641 753/635/641
f 753/635/641 737/636/642 750/637/643
f 737/636/642 754/638/644 734/639/645
f 752/634/641 732/597/608 755/601/612
f 757/640/646 737/636/642 752/634/641
f 755/601/612 757/640/646 752/634/641
f 755/601/612 756/641/647 757/640/646
f 757/640/646 733/642/644 754/638/644
f 734/639/645 754/638/644 700/643/648
f 754/638/644 733/642/644 700/643/648
f 729/644/648 731/645/649 728/646/650
f 729/644/648 730/647/651 731/645/649
f 731/645/649 704/648/652 709/649/653
f 717/650/654 718/651/655 719/652/656
f 719/652/656 708/629/636 716/653/657
f 725/654/658 726/655/659 727/656/660
f 727/656/660 711/657/661 717/650/654
f 726/655/659 709/649/653 704/648/652
f 710/658/662 711/657/661 726/655/659
f 704/648/652 710/658/662 726/655/659
f 718/651/655 711/657/661 710/658/662
f 682/659/663 708/629/636 718/651/655
f 710/658/662 682/659/663 718/651/655
f 710/658/662 704/648/652 715/660/664
f 712/661/665 682/659/663 710/658/662
f 715/660/664 712/661/665 710/658/662
f 730/647/651 700/643/648 713/662/666
f 715/660/664 704/648/652 730/647/651
f 713/662/666 715/660/664 730/647/651
f 713/662/666 714/663/667 715/660/664
f 715/660/664 688/664/668 712/661/665
f 733/642/644 713/662/666 700/643/648
f 756/641/647 680/603/614 758/618/608
f 760/665/669 733/642/644 756/641/647
f 758/618/608 760/665/669 756/641/647
f 758/618/608 759/666/670 760/665/669
f 760/665/669 707/667/671 713/662/666
f 759/666/670 705/621/629 531/579/591
f 706/628/635 707/667/671 759/666/670
f 531/579/591 706/628/635 759/666/670
f 714/663/667 707/667/671 706/628/635
f 681/624/632 688/664/668 714/663/667
f 706/628/635 681/624/632 714/663/667
f 693/668/672 687/669/673 697/670/674
f 694/671/634 647/672/634 693/668/672
f 697/670/674 694/671/634 693/668/672
f 698/673/675 686/674/676 695/675/677
f 697/670/674 687/669/673 698/673/675
f 695/675/677 697/670/674 698/673/675
f 695/675/677 696/676/678 697/670/674
f 697/670/674 677/677/634 694/671/634
f 699/632/639 695/675/677 686/674/676
f 721/630/637 682/659/663 712/661/665
f 724/678/679 699/632/639 721/630/637
f 712/661/665 724/678/679 721/630/637
f 712/661/665 723/679/680 724/678/679
f 724/678/679 690/680/681 695/675/677
f 723/679/680 688/664/668 681/624/632
f 689/623/631 690/680/681 723/679/680
f 681/624/632 689/623/631 723/679/680
f 696/676/678 690/680/681 689/623/631
f 532/627/634 677/677/634 696/676/678
f 689/623/631 532/627/634 696/676/678
f 661/681/682 650/682/683 666/683/684
f 663/684/685 533/685/685 661/681/682
f 666/683/684 663/684/685 661/681/682
f 648/686/686 666/683/684 650/682/683
f 664/687/687 665/688/683 666/683/684
f 666/683/684 619/689/685 663/684/685
f 664/687/687 648/686/686 678/690/688
f 678/690/688 532/627/634 652/626/633
f 652/626/633 653/691/689 664/687/687
f 664/687/687 678/690/688 652/626/633
f 677/677/634 678/690/688 679/692/690
f 679/692/690 648/686/686 649/693/691
f 683/694/692 684/695/693 685/696/694
f 685/696/694 656/697/695 669/698/696
f 672/699/697 673/700/698 674/701/699
f 684/695/693 674/701/699 673/700/698
f 654/702/700 656/697/695 684/695/693
f 673/700/698 654/702/700 684/695/693
f 669/698/696 670/703/701 671/704/702
f 671/704/702 658/705/703 668/706/703
f 670/703/701 656/697/695 654/702/700
f 657/707/704 658/705/703 670/703/701
f 654/702/700 657/707/704 670/703/701
f 658/705/703 644/708/685 655/709/685
f 649/693/691 675/710/705 676/711/706
f 660/712/683 651/713/707 675/710/705
f 675/710/705 649/693/691 648/686/686
f 648/686/686 650/682/683 660/712/683
f 660/712/683 675/710/705 648/686/686
f 657/707/704 654/702/700 662/714/708
f 659/715/685 644/708/685 657/707/704
f 662/714/708 659/715/685 657/707/704
f 673/700/698 651/713/707 660/712/683
f 662/714/708 654/702/700 673/700/698
f 660/712/683 662/714/708 673/700/698
f 660/712/683 661/681/682 662/714/708
f 662/714/708 533/685/685 659/715/685
f 623/716/709 618/717/710 628/718/711
f 625/719/712 534/720/713 623/716/709
f 628/718/711 625/719/712 623/716/709
f 642/721/714 617/722/715 626/723/715
f 628/718/711 618/717/710 642/721/714
f 626/723/715 628/718/711 642/721/714
f 626/723/715 627/724/716 628/718/711
f 628/718/711 606/725/717 625/719/712
f 663/684/685 626/723/715 645/726/718
f 626/723/715 617/722/715 645/726/718
f 645/726/718 533/685/685 663/684/685
f 619/689/685 626/723/715 663/684/685
f 667/727/719 644/708/685 659/715/685
f 659/715/685 533/685/685 645/726/718
f 645/726/718 646/728/720 667/727/719
f 667/727/719 659/715/685 645/726/718
f 641/729/721 642/721/714 643/730/722
f 643/730/722 618/717/710 622/731/716
f 630/732/723 631/733/724 632/734/725
f 632/734/725 621/735/726 629/736/727
f 638/737/728 639/738/729 640/739/730
f 640/739/730 624/740/731 630/732/723
f 639/738/729 622/731/716 618/717/710
f 623/716/709 624/740/731 639/738/729
f 618/717/710 623/716/709 639/738/729
f 631/733/724 624/740/731 623/716/709
f 534/720/713 621/735/726 631/733/724
f 623/716/709 534/720/713 631/733/724
f 608/741/732 605/742/733 612/743/734
f 609/744/735 535/745/735 608/741/732
f 612/743/734 609/744/735 608/741/732
f 614/746/736 604/747/737 610/748/737
f 612/743/734 605/742/733 614/746/736
f 610/748/737 612/743/734 614/746/736
f 610/748/737 611/749/734 612/743/734
f 612/743/734 601/750/735 609/744/735
f 616/751/738 610/748/737 604/747/737
f 634/752/739 534/720/713 625/719/712
f 637/753/740 616/751/738 634/752/739
f 625/719/712 637/753/740 634/752/739
f 625/719/712 636/754/741 637/753/740
f 637/753/740 607/755/742 610/748/737
f 621/735/726 634/752/739 635/756/743
f 635/756/743 616/751/738 633/757/744
f 613/758/745 614/746/736 615/759/746
f 603/760/747 535/745/735 609/744/735
f 609/744/735 601/750/735 602/761/748
f 602/761/748 600/762/749 603/760/747
f 603/760/747 609/744/735 602/761/748
f 806/763/750 545/764/751 528/765/752
f 544/766/753 545/764/751 814/540/557
f 545/764/751 806/763/750 814/540/557
f 814/540/557 832/767/754 544/766/753
f 536/768/755 806/763/750 528/765/752
f 806/763/750 536/768/755 807/544/560
f 537/769/756 807/544/560 536/768/755
f 744/545/561 807/544/560 537/769/756
f 537/769/756 745/577/590 744/545/561
f 745/577/590 537/769/756 538/770/757
f 814/540/557 806/763/750 529/541/558
f 814/540/557 815/539/556 832/767/754
f 771/581/593 775/613/620 703/615/624
f 771/581/593 776/610/620 789/609/620
f 738/585/597 584/771/758 773/583/595
f 746/588/600 738/585/597 740/589/601
f 583/772/609 746/588/600 748/587/599
f 582/773/759 748/587/599 749/592/604
f 585/774/760 771/581/593 773/583/595
f 746/588/600 584/771/758 738/585/597
f 833/538/555 544/766/753 832/767/754
f 725/654/658 731/645/649 709/649/653
f 692/625/632 691/578/591 538/770/757
f 729/644/648 734/639/645 700/643/648
f 576/775/761 727/656/660 717/650/654
f 575/776/762 717/650/654 719/652/656
f 574/777/763 719/652/656 716/653/657
f 577/778/764 725/654/658 727/656/660
f 692/625/632 538/770/757 539/779/765
f 725/654/658 728/646/650 731/645/649
f 734/639/645 750/637/643 737/636/642
f 751/594/606 753/635/641 579/780/766
f 753/635/641 750/637/643 579/780/766
f 750/637/643 734/639/645 578/781/767
f 576/775/761 717/650/654 575/776/762
f 727/656/660 576/775/761 577/778/764
f 577/778/764 578/781/767 728/646/650
f 729/644/648 578/781/767 734/639/645
f 577/778/764 728/646/650 725/654/658
f 728/646/650 578/781/767 729/644/648
f 574/777/763 575/776/762 719/652/656
f 578/781/767 579/780/766 750/637/643
f 538/770/757 691/578/591 745/577/590
f 581/782/768 749/592/604 761/591/603
f 819/534/552 598/783/769 833/538/555
f 826/530/548 819/534/552 821/536/554
f 828/532/550 829/525/543 826/530/548
f 826/530/548 598/783/769 819/534/552
f 592/784/770 813/570/584 781/557/573
f 592/784/770 781/557/573 783/556/572
f 593/785/771 813/570/584 592/784/770
f 591/786/772 592/784/770 783/556/572
f 591/786/772 783/556/572 797/551/567
f 818/567/582 813/570/584 593/785/771
f 818/567/582 593/785/771 822/568/582
f 596/787/773 597/788/774 829/525/543
f 826/530/548 597/788/774 598/783/769
f 831/527/545 596/787/773 829/525/543
f 833/538/555 599/789/775 543/790/776
f 599/789/775 833/538/555 598/783/769
f 826/530/548 829/525/543 597/788/774
f 595/791/777 831/527/545 823/529/547
f 594/792/778 823/529/547 825/566/581
f 595/791/777 823/529/547 594/792/778
f 822/568/582 594/792/778 825/566/581
f 593/785/771 594/792/778 822/568/582
f 596/787/773 831/527/545 595/791/777
f 544/766/753 833/538/555 543/790/776
f 773/583/595 584/771/758 585/774/760
f 780/607/618 776/610/620 784/608/619
f 585/774/760 776/610/620 771/581/593
f 585/774/760 586/793/779 776/610/620
f 783/556/572 788/560/575 797/551/567
f 579/780/766 580/794/780 736/595/591
f 761/591/603 580/794/780 581/782/768
f 751/594/606 579/780/766 736/595/591
f 748/587/599 582/773/759 583/772/609
f 582/773/759 749/592/604 581/782/768
f 583/772/609 584/771/758 746/588/600
f 785/550/566 588/795/781 810/549/565
f 589/796/782 808/547/563 810/549/565
f 797/551/567 808/547/563 590/797/783
f 590/797/783 808/547/563 589/796/782
f 588/795/781 589/796/782 810/549/565
f 799/553/569 808/547/563 797/551/567
f 587/798/784 785/550/566 796/604/615
f 587/798/784 796/604/615 787/606/617
f 586/793/779 587/798/784 784/608/619
f 787/606/617 784/608/619 587/798/784
f 776/610/620 586/793/779 784/608/619
f 588/795/781 785/550/566 587/798/784
f 591/786/772 797/551/567 590/797/783
f 736/595/591 580/794/780 761/591/603
f 539/779/765 653/691/689 652/626/633
f 540/799/785 665/688/683 653/691/689
f 665/688/683 540/799/785 619/689/685
f 619/689/685 540/799/785 620/800/786
f 541/801/787 620/800/786 540/799/785
f 627/724/716 620/800/786 541/801/787
f 541/801/787 606/725/717 627/724/716
f 541/801/787 636/754/741 606/725/717
f 636/754/741 541/801/787 607/755/742
f 641/729/721 645/726/718 617/722/715
f 638/737/728 643/730/722 622/731/716
f 560/802/788 641/729/721 643/730/722
f 638/737/728 560/802/788 643/730/722
f 629/736/727 621/735/726 635/756/743
f 635/756/743 633/757/744 556/803/789
f 558/804/790 640/739/730 630/732/723
f 633/757/744 616/751/738 555/805/791
f 559/806/792 638/737/728 640/739/730
f 641/729/721 646/728/720 645/726/718
f 542/807/793 611/749/734 607/755/742
f 616/751/738 604/747/737 555/805/791
f 554/808/794 614/746/736 605/742/733
f 553/809/795 605/742/733 608/741/732
f 602/761/748 601/750/735 542/807/793
f 546/810/796 602/761/748 542/807/793
f 546/810/796 547/811/797 602/761/748
f 547/811/797 600/762/749 602/761/748
f 542/807/793 601/750/735 611/749/734
f 542/807/793 607/755/742 541/801/787
f 552/812/798 608/741/732 535/745/735
f 554/808/794 605/742/733 553/809/795
f 553/809/795 608/741/732 552/812/798
f 555/805/791 613/758/745 615/759/746
f 615/759/746 554/808/794 555/805/791
f 614/746/736 554/808/794 615/759/746
f 604/747/737 613/758/745 555/805/791
f 600/762/749 550/813/799 603/760/747
f 548/814/800 549/815/801 547/811/797
f 549/815/801 600/762/749 547/811/797
f 603/760/747 550/813/799 551/816/802
f 600/762/749 549/815/801 550/813/799
f 535/745/735 551/816/802 552/812/798
f 551/816/802 535/745/735 603/760/747
f 633/757/744 555/805/791 556/803/789
f 694/671/634 677/677/634 679/692/690
f 569/817/803 694/671/634 679/692/690
f 568/818/804 569/817/803 679/692/690
f 569/817/803 647/672/634 694/671/634
f 568/818/804 679/692/690 649/693/691
f 672/699/697 675/710/705 651/713/707
f 567/819/805 676/711/706 672/699/697
f 675/710/705 672/699/697 676/711/706
f 566/820/806 567/819/805 672/699/697
f 568/818/804 676/711/706 567/819/805
f 568/818/804 649/693/691 676/711/706
f 573/821/807 699/632/639 686/674/676
f 698/673/675 573/821/807 686/674/676
f 574/777/763 720/633/640 573/821/807
f 720/633/640 574/777/763 722/631/638
f 573/821/807 720/633/640 699/632/639
f 573/821/807 698/673/675 572/822/808
f 722/631/638 716/653/657 708/629/636
f 571/823/809 687/669/673 693/668/672
f 570/824/810 693/668/672 647/672/634
f 572/822/808 687/669/673 571/823/809
f 570/824/810 571/823/809 693/668/672
f 570/824/810 647/672/634 569/817/803
f 698/673/675 687/669/673 572/822/808
f 641/729/721 560/802/788 561/825/811
f 667/727/719 655/709/685 644/708/685
f 667/727/719 646/728/720 562/826/812
f 561/825/811 646/728/720 641/729/721
f 646/728/720 561/825/811 562/826/812
f 629/736/727 557/827/813 632/734/725
f 635/756/743 556/803/789 629/736/727
f 556/803/789 557/827/813 629/736/727
f 558/804/790 559/806/792 640/739/730
f 557/827/813 558/804/790 630/732/723
f 638/737/728 559/806/792 560/802/788
f 566/820/806 683/694/692 685/696/694
f 565/828/814 685/696/694 669/698/696
f 685/696/694 565/828/814 566/820/806
f 669/698/696 564/829/815 565/828/814
f 564/829/815 669/698/696 671/704/702
f 683/694/692 566/820/806 672/699/697
f 655/709/685 668/706/703 658/705/703
f 667/727/719 562/826/812 655/709/685
f 562/826/812 668/706/703 655/709/685
f 563/830/816 671/704/702 668/706/703
f 562/826/812 563/830/816 668/706/703
f 564/829/815 671/704/702 563/830/816
f 674/701/699 683/694/692 672/699/697
f 630/732/723 632/734/725 557/827/813
f 716/653/657 722/631/638 574/777/763
f 539/779/765 652/626/633 692/625/632
f 837/831/521 835/832/817 834/833/523
f 839/834/818 837/831/521 836/835/819
f 841/836/526 839/834/818 838/837/527
f 843/838/528 841/836/526 840/839/529
f 845/840/820 843/838/528 842/841/531
f 846/842/532 845/840/820 844/843/533
f 853/844/534 834/833/523 835/832/817
f 835/832/817 859/845/821 860/846/822
f 837/831/521 858/847/823 859/845/821
f 852/848/534 853/844/534 835/832/817
f 851/849/534 852/848/534 860/846/822
f 860/846/822 852/848/534 835/832/817
f 857/850/538 839/834/818 841/836/526
f 841/836/526 856/851/539 857/850/538
f 843/838/528 855/852/824 856/851/539
f 847/853/541 849/854/541 846/842/532
f 854/855/825 845/840/820 846/842/532
f 854/855/825 850/856/541 848/857/541
f 849/854/541 850/856/541 846/842/532
f 846/842/532 850/856/541 854/855/825
f 1104/858/826 1098/859/827 1107/860/828
f 1101/861/829 861/862/830 1104/858/826
f 1107/860/828 1101/861/829 1104/858/826
f 1096/863/831 1107/860/828 1098/859/827
f 1105/864/832 1106/865/833 1107/860/828
f 1107/860/828 1082/866/834 1101/861/829
f 1100/867/835 1079/868/836 1091/869/837
f 1079/868/836 862/870/836 1091/869/837
f 1091/869/837 1073/871/835 1100/867/835
f 1083/872/838 1079/868/836 1100/867/835
f 1095/873/839 1100/867/835 1073/871/835
f 1097/874/840 861/862/830 1101/861/829
f 1103/875/841 1095/873/839 1097/874/840
f 1101/861/829 1103/875/841 1097/874/840
f 1101/861/829 1102/876/842 1103/875/841
f 1103/875/841 1083/872/838 1100/867/835
f 1078/877/843 1057/878/844 1070/879/845
f 1057/878/844 863/880/846 1070/879/845
f 1070/879/845 1046/881/843 1078/877/843
f 1061/882/847 1057/878/844 1078/877/843
f 1076/883/848 1072/884/849 1081/885/850
f 1078/877/843 1046/881/843 1076/883/848
f 1081/885/850 1078/877/843 1076/883/848
f 1089/886/851 862/870/836 1079/868/836
f 1081/885/850 1072/884/849 1089/886/851
f 1079/868/836 1081/885/850 1089/886/851
f 1079/868/836 1080/887/566 1081/885/850
f 1081/885/850 1061/882/847 1078/877/843
f 1092/888/852 1093/889/853 1094/890/854
f 1094/890/854 1075/891/855 1085/892/856
f 1088/893/857 1089/886/851 1090/894/858
f 1093/889/853 1090/894/858 1089/886/851
f 1072/884/849 1075/891/855 1093/889/853
f 1089/886/851 1072/884/849 1093/889/853
f 1085/892/856 1086/895/859 1087/896/860
f 1087/896/860 1077/897/861 1084/898/862
f 1086/895/859 1075/891/855 1072/884/849
f 1076/883/848 1077/897/861 1086/895/859
f 1072/884/849 1076/883/848 1086/895/859
f 1077/897/861 1046/881/843 1074/899/843
f 1039/900/863 1005/901/864 1056/902/864
f 1056/902/864 1042/903/864 1009/904/865
f 1009/904/865 864/905/866 1039/900/863
f 1039/900/863 1056/902/864 1009/904/865
f 1054/906/867 1044/907/868 1059/908/869
f 1056/902/864 1005/901/864 1054/906/867
f 1059/908/869 1056/902/864 1054/906/867
f 863/880/846 1059/908/869 1044/907/868
f 1057/878/844 1058/909/868 1059/908/869
f 1059/908/869 1042/903/864 1056/902/864
f 1066/910/870 1067/911/871 1068/912/872
f 1071/913/873 1068/912/872 1067/911/871
f 1047/914/874 1049/915/875 1071/913/873
f 1067/911/871 1047/914/874 1071/913/873
f 1065/916/876 1051/917/877 1063/918/878
f 1064/919/879 1049/915/875 1047/914/874
f 1050/920/880 1051/917/877 1064/919/879
f 1047/914/874 1050/920/880 1064/919/879
f 1051/917/877 1038/921/864 1048/922/864
f 1053/923/881 1045/924/882 1069/925/883
f 1069/925/883 1043/926/844 863/880/846
f 863/880/846 1044/907/868 1053/923/881
f 1053/923/881 1069/925/883 863/880/846
f 1050/920/880 1047/914/874 1055/927/884
f 1052/928/864 1038/921/864 1050/920/880
f 1055/927/884 1052/928/864 1050/920/880
f 1067/911/871 1045/924/882 1053/923/881
f 1055/927/884 1047/914/874 1067/911/871
f 1053/923/881 1055/927/884 1067/911/871
f 1053/923/881 1054/906/867 1055/927/884
f 1055/927/884 1005/901/864 1052/928/864
f 1062/929/885 1038/921/864 1052/928/864
f 1052/928/864 1005/901/864 1039/900/863
f 1039/900/863 1040/930/886 1062/929/885
f 1062/929/885 1052/928/864 1039/900/863
f 1040/930/886 864/905/866 1012/931/887
f 1007/932/888 988/933/889 1010/934/890
f 994/935/891 865/936/892 1007/932/888
f 1010/934/890 994/935/891 1007/932/888
f 1013/937/893 864/905/866 1009/904/865
f 1010/934/890 988/933/889 1013/937/893
f 1009/904/865 1010/934/890 1013/937/893
f 1028/938/894 1020/939/895 1031/940/896
f 1025/941/897 989/942/898 1028/938/894
f 1031/940/896 1025/941/897 1028/938/894
f 1029/943/899 1030/944/900 1031/940/896
f 1031/940/896 1016/945/898 1025/941/897
f 1032/946/901 1033/947/902 1034/948/903
f 1034/948/903 1023/949/904 1029/943/899
f 1033/947/902 1021/950/905 1014/951/906
f 1022/952/907 1023/949/904 1033/947/902
f 1014/951/906 1022/952/907 1033/947/902
f 1030/944/900 1023/949/904 1022/952/907
f 1006/953/897 1016/945/898 1030/944/900
f 1022/952/907 1006/953/897 1030/944/900
f 1035/954/908 1036/955/909 1037/956/910
f 1037/956/910 1014/951/906 1021/950/905
f 1036/955/909 1012/931/887 864/905/866
f 1013/937/893 1014/951/906 1036/955/909
f 864/905/866 1013/937/893 1036/955/909
f 1022/952/907 1014/951/906 1013/937/893
f 988/933/889 1006/953/897 1022/952/907
f 1013/937/893 988/933/889 1022/952/907
f 1015/957/803 1008/958/803 999/959/892
f 957/960/911 1003/961/803 1015/957/803
f 999/959/892 957/960/911 1015/957/803
f 1024/962/912 1018/963/913 1015/957/803
f 1003/961/803 1004/964/913 1024/962/912
f 1015/957/803 1003/961/803 1024/962/912
f 1011/965/914 1024/962/912 1004/964/913
f 1019/966/915 989/942/898 1025/941/897
f 1027/967/916 1011/965/914 1019/966/915
f 1025/941/897 1027/967/916 1019/966/915
f 1025/941/897 1026/968/917 1027/967/916
f 1027/967/916 1018/963/913 1024/962/912
f 1026/968/917 1016/945/898 1006/953/897
f 1017/969/918 1018/963/913 1026/968/917
f 1006/953/897 1017/969/918 1026/968/917
f 1018/963/913 1008/958/803 1015/957/803
f 1017/969/918 1006/953/897 988/933/889
f 1007/932/888 1008/958/803 1017/969/918
f 988/933/889 1007/932/888 1017/969/918
f 1008/958/803 865/936/892 999/959/892
f 992/970/919 958/971/920 995/972/921
f 973/973/922 866/974/923 992/970/919
f 995/972/921 973/973/922 992/970/919
f 1000/975/924 865/936/892 994/935/891
f 995/972/921 958/971/920 1000/975/924
f 994/935/891 995/972/921 1000/975/924
f 996/976/925 984/977/920 959/978/926
f 985/979/927 986/980/928 996/976/925
f 959/978/926 985/979/927 996/976/925
f 986/980/928 982/981/929 983/982/919
f 1002/983/930 998/984/931 997/985/932
f 959/978/926 984/977/920 1002/983/930
f 997/985/932 959/978/926 1002/983/930
f 997/985/932 987/986/933 1001/987/934
f 991/988/935 959/978/926 997/985/932
f 1001/987/934 991/988/935 997/985/932
f 957/960/911 1001/987/934 987/986/933
f 999/959/892 1000/975/924 1001/987/934
f 1001/987/934 958/971/920 991/988/935
f 982/981/929 990/989/936 947/990/937
f 985/979/927 959/978/926 991/988/935
f 993/991/938 982/981/929 985/979/927
f 991/988/935 993/991/938 985/979/927
f 991/988/935 992/970/919 993/991/938
f 993/991/938 866/974/923 990/989/936
f 970/992/939 948/993/940 974/994/941
f 972/995/942 867/996/942 970/992/939
f 974/994/941 972/995/942 970/992/939
f 866/974/923 974/994/941 948/993/940
f 977/997/943 978/998/944 979/999/945
f 981/1000/946 979/999/945 978/998/944
f 954/1001/947 961/1002/948 981/1000/946
f 978/998/944 954/1001/947 981/1000/946
f 976/1003/949 961/1002/948 954/1001/947
f 962/1004/950 963/1005/951 976/1003/949
f 954/1001/947 962/1004/950 976/1003/949
f 963/1005/951 953/1006/952 960/1007/727
f 962/1004/950 954/1001/947 967/1008/953
f 964/1009/726 953/1006/952 962/1004/950
f 967/1008/953 964/1009/726 962/1004/950
f 978/998/944 951/1010/954 965/1011/940
f 967/1008/953 954/1001/947 978/998/944
f 965/1011/940 967/1008/953 978/998/944
f 965/1011/940 966/1012/955 967/1008/953
f 967/1008/953 952/1013/726 964/1009/726
f 975/1014/956 953/1006/952 964/1009/726
f 964/1009/726 952/1013/726 924/1015/957
f 924/1015/957 944/1016/942 975/1014/956
f 975/1014/956 964/1009/726 924/1015/957
f 965/1011/940 951/1010/954 980/1017/958
f 980/1017/958 956/1018/959 955/1019/960
f 955/1019/960 949/1020/961 965/1011/940
f 965/1011/940 980/1017/958 955/1019/960
f 990/989/936 969/1021/940 955/1019/960
f 969/1021/940 949/1020/961 955/1019/960
f 955/1019/960 947/990/937 990/989/936
f 866/974/923 969/1021/940 990/989/936
f 952/1013/726 968/1022/942 924/1015/957
f 966/1012/955 949/1020/961 969/1021/940
f 971/1023/962 952/1013/726 966/1012/955
f 969/1021/940 971/1023/962 966/1012/955
f 969/1021/940 970/992/939 971/1023/962
f 971/1023/962 867/996/942 968/1022/942
f 932/1024/963 939/1025/964 940/1026/965
f 940/1026/965 934/1027/966 938/1028/967
f 939/1025/964 932/1024/963 930/1029/968
f 933/1030/969 934/1027/966 939/1025/964
f 930/1029/968 933/1030/969 939/1025/964
f 934/1027/966 927/1031/970 931/1032/970
f 941/1033/971 942/1034/972 943/1035/973
f 950/1036/974 943/1035/973 942/1034/972
f 930/1029/968 932/1024/963 950/1036/974
f 942/1034/972 930/1029/968 950/1036/974
f 942/1034/972 928/1037/975 926/1038/976
f 929/1039/977 930/1029/968 942/1034/972
f 926/1038/976 929/1039/977 942/1034/972
f 933/1030/969 930/1029/968 929/1039/977
f 921/1040/978 927/1031/970 933/1030/969
f 929/1039/977 921/1040/978 933/1030/969
f 944/1016/942 945/1041/979 946/1042/980
f 946/1042/980 926/1038/976 928/1037/975
f 945/1041/979 924/1015/957 968/1022/942
f 968/1022/942 867/996/942 925/1043/981
f 925/1043/981 926/1038/976 945/1041/979
f 945/1041/979 968/1022/942 925/1043/981
f 929/1039/977 926/1038/976 925/1043/981
f 868/1044/982 921/1040/978 929/1039/977
f 925/1043/981 868/1044/982 929/1039/977
f 927/1031/970 936/1045/983 937/1046/984
f 937/1046/984 923/1047/985 935/1048/985
f 936/1045/983 921/1040/978 868/1044/982
f 922/1049/985 923/1047/985 936/1045/983
f 868/1044/982 922/1049/985 936/1045/983
f 882/1050/986 870/1051/987 1099/1052/988
f 871/1053/989 1099/1052/988 870/1051/987
f 1105/864/832 881/1054/990 882/1050/986
f 1099/1052/988 1105/864/832 882/1050/986
f 1096/863/831 881/1054/990 1105/864/832
f 1082/866/834 1106/865/833 871/1053/989
f 871/1053/989 1102/876/842 1082/866/834
f 871/1053/989 1083/872/838 1102/876/842
f 872/1055/991 1083/872/838 871/1053/989
f 919/1056/992 1098/859/827 1104/858/826
f 920/1057/993 881/1054/990 1096/863/831
f 1098/859/827 919/1056/992 920/1057/993
f 919/1056/992 1104/858/826 918/1058/994
f 1098/859/827 920/1057/993 1096/863/831
f 918/1058/994 861/862/830 1097/874/840
f 918/1058/994 1097/874/840 917/1059/995
f 1095/873/839 917/1059/995 1097/874/840
f 1073/871/835 917/1059/995 1095/873/839
f 1104/858/826 861/862/830 918/1058/994
f 1080/887/566 1060/1060/996 872/1055/991
f 872/1055/991 1061/882/847 1080/887/566
f 1061/882/847 872/1055/991 1041/1061/997
f 1058/909/868 1041/1061/997 873/1062/757
f 872/1055/991 873/1062/757 1041/1061/997
f 873/1062/757 1042/903/864 1058/909/868
f 873/1062/757 1009/904/865 1042/903/864
f 1009/904/865 873/1062/757 874/1063/634
f 1088/893/857 1091/869/837 862/870/836
f 916/1064/998 1088/893/857 915/1065/999
f 1091/869/837 1088/893/857 916/1064/998
f 1088/893/857 1090/894/858 915/1065/999
f 1073/871/835 1091/869/837 916/1064/998
f 1074/899/843 1046/881/843 1070/879/845
f 911/1066/1000 1074/899/843 1070/879/845
f 1074/899/843 1084/898/862 1077/897/861
f 911/1066/1000 1070/879/845 863/880/846
f 917/1059/995 1073/871/835 916/1064/998
f 915/1065/999 1090/894/858 1092/888/852
f 913/1067/1001 1094/890/854 1085/892/856
f 914/1068/1002 915/1065/999 1092/888/852
f 1094/890/854 913/1067/1001 914/1068/1002
f 913/1067/1001 1085/892/856 912/1069/1003
f 1094/890/854 914/1068/1002 1092/888/852
f 912/1069/1003 1087/896/860 1084/898/862
f 911/1066/1000 912/1069/1003 1084/898/862
f 911/1066/1000 863/880/846 1043/926/844
f 910/1070/1004 1043/926/844 1069/925/883
f 911/1066/1000 1084/898/862 1074/899/843
f 1085/892/856 1087/896/860 912/1069/1003
f 911/1066/1000 1043/926/844 910/1070/1004
f 1045/924/882 910/1070/1004 1069/925/883
f 909/1071/1005 910/1070/1004 1066/910/870
f 1045/924/882 1066/910/870 910/1070/1004
f 1066/910/870 1068/912/872 909/1071/1005
f 908/1072/1006 1068/912/872 1071/913/873
f 907/1073/1007 908/1072/1006 1049/915/875
f 1071/913/873 1049/915/875 908/1072/1006
f 1065/916/876 907/1073/1007 1049/915/875
f 909/1071/1005 1068/912/872 908/1072/1006
f 906/1074/1008 1065/916/876 1063/918/878
f 1048/922/864 906/1074/1008 1063/918/878
f 907/1073/1007 1065/916/876 906/1074/1008
f 1063/918/878 1051/917/877 1048/922/864
f 1049/915/875 1064/919/879 1065/916/876
f 1048/922/864 1038/921/864 1062/929/885
f 1062/929/885 1040/930/886 905/1075/1009
f 1048/922/864 1062/929/885 905/1075/1009
f 906/1074/1008 1048/922/864 905/1075/1009
f 1012/931/887 905/1075/1009 1040/930/886
f 904/1076/1010 1035/954/908 1037/956/910
f 905/1075/1009 1035/954/908 904/1076/1010
f 1021/950/905 904/1076/1010 1037/956/910
f 1032/946/901 904/1076/1010 1021/950/905
f 1012/931/887 1035/954/908 905/1075/1009
f 903/1077/1011 1032/946/901 1034/948/903
f 903/1077/1011 1034/948/903 1029/943/899
f 903/1077/1011 1029/943/899 902/1078/1012
f 1031/940/896 902/1078/1012 1029/943/899
f 1020/939/895 902/1078/1012 1031/940/896
f 904/1076/1010 1032/946/901 903/1077/1011
f 994/935/891 1010/934/890 874/1063/634
f 901/1079/1013 1020/939/895 1028/938/894
f 901/1079/1013 1028/938/894 989/942/898
f 874/1063/634 1010/934/890 1009/904/865
f 994/935/891 875/1080/1014 995/972/921
f 900/1081/1015 1019/966/915 1011/965/914
f 900/1081/1015 1011/965/914 1004/964/913
f 875/1080/1014 994/935/891 874/1063/634
f 900/1081/1015 989/942/898 1019/966/915
f 899/1082/1016 1003/961/803 957/960/911
f 900/1081/1015 901/1079/1013 989/942/898
f 899/1082/1016 900/1081/1015 1004/964/913
f 899/1082/1016 957/960/911 987/986/933
f 899/1082/1016 1004/964/913 1003/961/803
f 898/1083/1017 987/986/933 997/985/932
f 998/984/931 897/1084/1018 898/1083/1017
f 997/985/932 998/984/931 898/1083/1017
f 998/984/931 1002/983/930 897/1084/1018
f 899/1082/1016 987/986/933 898/1083/1017
f 902/1078/1012 1020/939/895 901/1079/1013
f 876/1085/1019 973/973/922 875/1080/1014
f 876/1085/1019 972/995/942 974/994/941
f 972/995/942 876/1085/1019 877/1086/793
f 879/1087/796 877/1086/793 878/1088/797
f 972/995/942 925/1043/981 867/996/942
f 877/1086/793 868/1044/982 925/1043/981
f 879/1087/796 922/1049/985 877/1086/793
f 877/1086/793 925/1043/981 972/995/942
f 996/976/925 896/1089/1020 984/977/920
f 986/980/928 895/1090/1021 996/976/925
f 983/982/919 982/981/929 947/990/937
f 984/977/920 896/1089/1020 1002/983/930
f 877/1086/793 922/1049/985 868/1044/982
f 879/1087/796 880/1091/800 922/1049/985
f 880/1091/800 923/1047/985 922/1049/985
f 894/1092/1022 983/982/919 947/990/937
f 955/1019/960 894/1092/1022 947/990/937
f 923/1047/985 880/1091/800 935/1048/985
f 983/982/919 895/1090/1021 986/980/928
f 875/1080/1014 973/973/922 995/972/921
f 996/976/925 895/1090/1021 896/1089/1020
f 895/1090/1021 983/982/919 894/1092/1022
f 956/1018/959 894/1092/1022 955/1019/960
f 893/1093/1023 894/1092/1022 956/1018/959
f 896/1089/1020 897/1084/1018 1002/983/930
f 893/1093/1023 980/1017/958 951/1010/954
f 893/1093/1023 951/1010/954 977/997/943
f 975/1014/956 960/1007/727 953/1006/952
f 956/1018/959 980/1017/958 893/1093/1023
f 892/1094/1024 977/997/943 979/999/945
f 892/1094/1024 979/999/945 891/1095/1025
f 981/1000/946 891/1095/1025 979/999/945
f 961/1002/948 891/1095/1025 981/1000/946
f 893/1093/1023 977/997/943 892/1094/1024
f 890/1096/1026 961/1002/948 976/1003/949
f 889/1097/1027 976/1003/949 963/1005/951
f 890/1096/1026 976/1003/949 889/1097/1027
f 960/1007/727 889/1097/1027 963/1005/951
f 888/1098/1028 889/1097/1027 960/1007/727
f 891/1095/1025 961/1002/948 890/1096/1026
f 960/1007/727 975/1014/956 944/1016/942
f 946/1042/980 888/1098/1028 944/1016/942
f 887/1099/1029 941/1033/971 943/1035/973
f 946/1042/980 928/1037/975 941/1033/971
f 941/1033/971 888/1098/1028 946/1042/980
f 927/1031/970 937/1046/984 931/1032/970
f 935/1048/985 883/1100/1030 937/1046/984
f 885/1101/1031 950/1036/974 932/1024/963
f 886/1102/1032 943/1035/973 950/1036/974
f 943/1035/973 886/1102/1032 887/1099/1029
f 884/1103/1033 885/1101/1031 940/1026/965
f 886/1102/1032 950/1036/974 885/1101/1031
f 887/1099/1029 888/1098/1028 941/1033/971
f 932/1024/963 940/1026/965 885/1101/1031
f 931/1032/970 938/1028/967 934/1027/966
f 938/1028/967 931/1032/970 883/1100/1030
f 883/1100/1030 931/1032/970 937/1046/984
f 938/1028/967 883/1100/1030 884/1103/1033
f 883/1100/1030 935/1048/985 869/1104/1034
f 940/1026/965 938/1028/967 884/1103/1033
f 869/1104/1034 935/1048/985 880/1091/800
f 960/1007/727 944/1016/942 888/1098/1028
f 1109/1105/1035 6571/1106/1035 6573/1107/1036
f 1122/1108/1037 1117/1109/1037 1118/1110/1037
f 1122/1108/1037 1114/1111/1037 1121/1112/1037
f 1116/1113/1037 1121/1112/1037 1115/1114/1037
f 1121/1112/1037 1114/1111/1037 1115/1114/1037
f 1114/1111/1037 1122/1108/1037 1118/1110/1037
f 1120/1115/1037 1113/1116/1037 1119/1117/1037
f 1111/1118/1037 1112/1119/1037 1120/1115/1037
f 1119/1117/1037 1113/1116/1037 1114/1111/1037
f 1120/1115/1037 1112/1119/1037 1113/1116/1037
f 1118/1110/1037 1119/1117/1037 1114/1111/1037
f 1140/1120/1038 1137/1121/1038 1141/1122/1038
f 1153/1123/1038 1136/1124/1038 1140/1120/1038
f 1152/1125/1039 1138/1126/1038 1136/1124/1038
f 1136/1124/1038 1139/1127/1038 1137/1121/1038
f 1142/1128/1038 1150/1129/1040 1123/1130/1040
f 1154/1131/1038 1148/1132/1040 1149/1133/1041
f 1149/1133/1041 1150/1129/1040 1154/1131/1038
f 1138/1126/1038 1142/1128/1038 1135/1134/1038
f 1152/1125/1039 1148/1132/1040 1154/1131/1038
f 1138/1126/1038 1143/1135/1038 1139/1127/1038
f 1150/1129/1040 1142/1128/1038 1154/1131/1038
f 1153/1123/1038 1145/1136/1041 1146/1137/1040
f 1151/1138/1038 1124/1139/1042 1144/1140/1040
f 1144/1140/1040 1145/1136/1041 1153/1123/1038
f 1146/1137/1040 1152/1125/1039 1153/1123/1038
f 1148/1132/1040 1152/1125/1039 1147/1141/1043
f 1153/1123/1038 1151/1138/1038 1144/1140/1040
f 1153/1123/1038 1134/1142/1038 1151/1138/1038
f 1152/1125/1039 1146/1137/1040 1147/1141/1043
f 1127/1143/1044 1139/1127/1038 1143/1135/1038
f 1137/1121/1038 1129/1144/1044 1130/1145/1044
f 1125/1146/1044 1127/1143/1044 1143/1135/1038
f 1139/1127/1038 1127/1143/1044 1128/1147/1044
f 1139/1127/1038 1128/1147/1044 1129/1144/1044
f 1131/1148/1044 1137/1121/1038 1130/1145/1044
f 1141/1122/1038 1134/1142/1038 1140/1120/1038
f 1155/1149/1038 1141/1122/1038 1133/1150/1044
f 1141/1122/1038 1131/1148/1044 1132/1151/1044
f 1155/1149/1038 1133/1150/1044 1126/1152/1044
f 1141/1122/1038 1132/1151/1044 1133/1150/1044
f 1141/1122/1038 1137/1121/1038 1131/1148/1044
f 1159/1153/800 1167/1154/800 1158/1155/800
f 1160/1156/800 1166/1157/800 1167/1154/800
f 1164/1158/800 1165/1159/800 1166/1157/800
f 1166/1157/800 1160/1156/800 1164/1158/800
f 1159/1153/800 1160/1156/800 1167/1154/800
f 1162/1160/800 1161/1161/800 1157/1162/800
f 1163/1163/800 1160/1156/800 1161/1161/800
f 1163/1163/800 1161/1161/800 1162/1160/800
f 1156/1164/800 1162/1160/800 1157/1162/800
f 1164/1158/800 1160/1156/800 1163/1163/800
f 1197/1165/1045 1185/1166/1046 1198/1167/1047
f 1199/1168/1048 1180/1169/1046 1197/1165/1045
f 1182/1170/1046 1181/1171/1046 1180/1169/1046
f 1180/1169/1046 1186/1172/1046 1185/1166/1046
f 1189/1173/1046 1171/1174/1045 1172/1175/1045
f 1189/1173/1046 1182/1170/1046 1188/1176/1046
f 1172/1175/1045 1183/1177/1046 1189/1173/1046
f 1183/1177/1046 1172/1175/1045 1173/1178/1045
f 1183/1177/1046 1174/1179/1045 1181/1171/1046
f 1181/1171/1046 1174/1179/1045 1175/1180/1045
f 1199/1168/1048 1196/1181/1049 1187/1182/1050
f 1187/1182/1050 1196/1181/1049 1168/1183/1046
f 1188/1176/1046 1199/1168/1048 1187/1182/1050
f 1194/1184/1051 1199/1168/1048 1197/1165/1045
f 1199/1168/1048 1194/1184/1051 1195/1185/1052
f 1194/1184/1051 1197/1165/1045 1193/1186/1045
f 1196/1181/1049 1199/1168/1048 1195/1185/1052
f 1181/1171/1046 1176/1187/1045 1186/1172/1046
f 1186/1172/1046 1179/1188/1046 1185/1166/1046
f 1186/1172/1046 1176/1187/1045 1177/1189/1045
f 1186/1172/1046 1178/1190/1045 1184/1191/1046
f 1178/1190/1045 1169/1192/1045 1184/1191/1046
f 1193/1186/1045 1197/1165/1045 1192/1193/1051
f 1197/1165/1045 1198/1167/1047 1192/1193/1051
f 1198/1167/1047 1191/1194/1053 1192/1193/1051
f 1191/1194/1053 1198/1167/1047 1190/1195/1049
f 1198/1167/1047 1200/1196/1054 1190/1195/1049
f 1200/1196/1054 1170/1197/1055 1190/1195/1049
f 1185/1166/1046 1200/1196/1054 1198/1167/1047
f 1202/1198/1056 1219/1199/1057 1217/1200/1058
f 1263/1201/1059 1264/1202/1060 1265/1203/1061
f 1262/1204/1062 1264/1202/1060 1258/1205/1058
f 1268/1206/1063 1269/1207/1064 1270/1208/1065
f 1263/1201/1059 1269/1207/1064 1261/1209/1066
f 1269/1207/1064 1259/1210/1067 1257/1211/1068
f 1260/1212/1069 1261/1209/1066 1269/1207/1064
f 1257/1211/1068 1260/1212/1069 1269/1207/1064
f 1264/1202/1060 1261/1209/1066 1260/1212/1069
f 1250/1213/1070 1258/1205/1058 1264/1202/1060
f 1260/1212/1069 1250/1213/1070 1264/1202/1060
f 1259/1210/1067 1271/1214/1071 1257/1211/1068
f 1260/1212/1069 1257/1211/1068 1256/1215/1072
f 1203/1216/1073 1250/1213/1070 1260/1212/1069
f 1256/1215/1072 1203/1216/1073 1260/1212/1069
f 1204/1217/1074 1222/1218/1075 1220/1219/1076
f 1202/1198/1056 1222/1218/1075 1221/1220/1077
f 1203/1216/1073 1221/1220/1077 1251/1221/1078
f 1204/1217/1074 1251/1221/1078 1221/1220/1077
f 1255/1222/1079 1252/1223/1080 1254/1224/1081
f 1255/1222/1079 1240/1225/1082 1247/1226/1083
f 1267/1227/1084 1250/1213/1070 1266/1228/1085
f 1267/1227/1084 1252/1223/1080 1253/1229/1086
f 1266/1228/1085 1250/1213/1070 1203/1216/1073
f 1251/1221/1078 1252/1223/1080 1266/1228/1085
f 1203/1216/1073 1251/1221/1078 1266/1228/1085
f 1254/1224/1081 1252/1223/1080 1251/1221/1078
f 1205/1230/1087 1240/1225/1082 1254/1224/1081
f 1251/1221/1078 1205/1230/1087 1254/1224/1081
f 1224/1231/1088 1223/1232/1089 1206/1233/1090
f 1224/1231/1088 1220/1219/1076 1225/1234/1091
f 1241/1235/1092 1204/1217/1074 1224/1231/1088
f 1206/1233/1090 1241/1235/1092 1224/1231/1088
f 1246/1236/1093 1242/1237/1094 1245/1238/1095
f 1243/1239/1096 1245/1238/1095 1237/1240/1097
f 1249/1241/1098 1240/1225/1082 1248/1242/1099
f 1244/1243/1100 1248/1242/1099 1242/1237/1094
f 1248/1242/1099 1240/1225/1082 1205/1230/1087
f 1241/1235/1092 1242/1237/1094 1248/1242/1099
f 1205/1230/1087 1241/1235/1092 1248/1242/1099
f 1245/1238/1095 1242/1237/1094 1241/1235/1092
f 1207/1244/1101 1237/1240/1097 1245/1238/1095
f 1241/1235/1092 1207/1244/1101 1245/1238/1095
f 1226/1245/1102 1223/1232/1089 1227/1246/1103
f 1239/1247/1104 1207/1244/1101 1238/1248/1105
f 1230/1249/1106 1213/1250/1107 1219/1199/1057
f 1214/1251/1108 1219/1199/1057 1213/1250/1107
f 1218/1252/1109 1229/1253/1106 1230/1249/1106
f 1271/1214/1071 1228/1254/800 1256/1215/1072
f 1228/1254/800 1229/1253/1106 1256/1215/1072
f 1272/1255/1110 1228/1254/800 1271/1214/1071
f 1219/1199/1057 1218/1252/1109 1230/1249/1106
f 1217/1200/1058 1214/1251/1108 1222/1218/1075
f 1215/1256/1111 1222/1218/1075 1214/1251/1108
f 1229/1253/1106 1218/1252/1109 1256/1215/1072
f 1218/1252/1109 1203/1216/1073 1256/1215/1072
f 1257/1211/1068 1271/1214/1071 1256/1215/1072
f 1214/1251/1108 1217/1200/1058 1219/1199/1057
f 1268/1206/1063 1272/1255/1110 1259/1210/1067
f 1201/1257/1106 1272/1255/1110 1236/1258/1112
f 1268/1206/1063 1236/1258/1112 1272/1255/1110
f 1235/1259/1113 1236/1258/1112 1270/1208/1065
f 1268/1206/1063 1270/1208/1065 1236/1258/1112
f 1228/1254/800 1272/1255/1110 1201/1257/1106
f 1267/1227/1084 1262/1204/1062 1258/1205/1058
f 1234/1260/1114 1235/1259/1113 1265/1203/1061
f 1263/1201/1059 1265/1203/1061 1235/1259/1113
f 1267/1227/1084 1234/1260/1114 1262/1204/1062
f 1265/1203/1061 1262/1204/1062 1234/1260/1114
f 1234/1260/1114 1267/1227/1084 1253/1229/1086
f 1270/1208/1065 1263/1201/1059 1235/1259/1113
f 1225/1234/1091 1220/1219/1076 1215/1256/1111
f 1216/1261/1115 1225/1234/1091 1215/1256/1111
f 1216/1261/1115 1223/1232/1089 1225/1234/1091
f 1223/1232/1089 1216/1261/1115 1227/1246/1103
f 1209/1262/1116 1227/1246/1103 1208/1263/1117
f 1216/1261/1115 1208/1263/1117 1227/1246/1103
f 1226/1245/1102 1227/1246/1103 1209/1262/1116
f 1238/1248/1105 1206/1233/1090 1226/1245/1102
f 1211/1264/1118 1238/1248/1105 1210/1265/1116
f 1226/1245/1102 1210/1265/1116 1238/1248/1105
f 1210/1265/1116 1226/1245/1102 1209/1262/1116
f 1233/1266/1119 1253/1229/1086 1255/1222/1079
f 1233/1266/1119 1255/1222/1079 1247/1226/1083
f 1232/1267/1120 1233/1266/1119 1249/1241/1098
f 1247/1226/1083 1249/1241/1098 1233/1266/1119
f 1246/1236/1093 1232/1267/1120 1244/1243/1100
f 1249/1241/1098 1244/1243/1100 1232/1267/1120
f 1234/1260/1114 1253/1229/1086 1233/1266/1119
f 1211/1264/1118 1239/1247/1104 1238/1248/1105
f 1243/1239/1096 1237/1240/1097 1239/1247/1104
f 1232/1267/1120 1246/1236/1093 1231/1268/1121
f 1243/1239/1096 1231/1268/1121 1246/1236/1093
f 1243/1239/1096 1239/1247/1104 1231/1268/1121
f 1212/1269/1122 1231/1268/1121 1239/1247/1104
f 1215/1256/1111 1220/1219/1076 1222/1218/1075
f 1289/1270/1123 1288/1271/1124 1274/1272/1125
f 1365/1273/1126 1360/1274/1127 1364/1275/1128
f 1366/1276/1129 1365/1273/1126 1364/1275/1128
f 1340/1277/1130 1356/1278/1131 1366/1276/1129
f 1364/1275/1128 1340/1277/1130 1366/1276/1129
f 1364/1275/1128 1360/1274/1127 1359/1279/1132
f 1275/1280/1130 1340/1277/1130 1364/1275/1128
f 1359/1279/1132 1275/1280/1130 1364/1275/1128
f 1292/1281/1133 1291/1282/1134 1276/1283/1135
f 1292/1281/1133 1288/1271/1124 1293/1284/1136
f 1341/1285/1137 1274/1272/1125 1292/1281/1133
f 1292/1281/1133 1277/1286/1138 1341/1285/1137
f 1355/1287/1139 1352/1288/1140 1354/1289/1141
f 1347/1290/1142 1354/1289/1141 1337/1291/1143
f 1350/1292/1144 1351/1293/1145 1352/1288/1140
f 1354/1289/1141 1352/1288/1140 1351/1293/1145
f 1321/1294/1138 1337/1291/1143 1354/1289/1141
f 1351/1293/1145 1321/1294/1138 1354/1289/1141
f 1362/1295/1146 1356/1278/1131 1340/1277/1130
f 1357/1296/1147 1358/1297/1148 1362/1295/1146
f 1340/1277/1130 1357/1296/1147 1362/1295/1146
f 1361/1298/1149 1358/1297/1148 1357/1296/1147
f 1342/1299/1150 1350/1292/1144 1361/1298/1149
f 1357/1296/1147 1342/1299/1150 1361/1298/1149
f 1357/1296/1147 1340/1277/1130 1275/1280/1130
f 1341/1285/1137 1342/1299/1150 1357/1296/1147
f 1275/1280/1130 1341/1285/1137 1357/1296/1147
f 1351/1293/1145 1342/1299/1150 1341/1285/1137
f 1277/1286/1138 1321/1294/1138 1351/1293/1145
f 1341/1285/1137 1277/1286/1138 1351/1293/1145
f 1295/1300/1151 1294/1301/1152 1278/1302/1153
f 1295/1300/1151 1291/1282/1134 1296/1303/1154
f 1277/1286/1138 1295/1300/1151 1322/1304/1155
f 1295/1300/1151 1279/1305/1156 1322/1304/1155
f 1334/1306/1157 1335/1307/1158 1336/1308/1159
f 1328/1309/1160 1335/1307/1158 1318/1310/1161
f 1331/1311/1162 1332/1312/1163 1333/1313/1164
f 1335/1307/1158 1333/1313/1164 1332/1312/1163
f 1312/1314/1165 1318/1310/1161 1335/1307/1158
f 1332/1312/1163 1312/1314/1165 1335/1307/1158
f 1344/1315/1166 1345/1316/1167 1346/1317/1168
f 1343/1318/1169 1345/1316/1167 1331/1311/1162
f 1347/1290/1142 1348/1319/1170 1349/1320/1171
f 1344/1315/1166 1348/1319/1170 1339/1321/1172
f 1348/1319/1170 1337/1291/1143 1321/1294/1138
f 1338/1322/1173 1339/1321/1172 1348/1319/1170
f 1321/1294/1138 1338/1322/1173 1348/1319/1170
f 1345/1316/1167 1339/1321/1172 1338/1322/1173
f 1323/1323/1174 1331/1311/1162 1345/1316/1167
f 1338/1322/1173 1323/1323/1174 1345/1316/1167
f 1338/1322/1173 1321/1294/1138 1277/1286/1138
f 1322/1304/1155 1323/1323/1174 1338/1322/1173
f 1277/1286/1138 1322/1304/1155 1338/1322/1173
f 1332/1312/1163 1323/1323/1174 1322/1304/1155
f 1279/1305/1156 1312/1314/1165 1332/1312/1163
f 1322/1304/1155 1279/1305/1156 1332/1312/1163
f 1297/1324/1175 1294/1301/1152 1298/1325/1176
f 1317/1326/1177 1314/1327/1178 1316/1328/1179
f 1325/1329/1180 1326/1330/1181 1327/1331/1182
f 1327/1331/1182 1315/1332/1183 1324/1333/1184
f 1330/1334/1185 1318/1310/1161 1329/1335/1186
f 1330/1334/1185 1320/1336/1187 1325/1329/1180
f 1329/1335/1186 1318/1310/1161 1312/1314/1165
f 1319/1337/1188 1320/1336/1187 1329/1335/1186
f 1312/1314/1165 1319/1337/1188 1329/1335/1186
f 1326/1330/1181 1320/1336/1187 1319/1337/1188
f 1314/1327/1178 1315/1332/1183 1326/1330/1181
f 1319/1337/1188 1314/1327/1178 1326/1330/1181
f 1319/1337/1188 1312/1314/1165 1279/1305/1156
f 1313/1338/1189 1314/1327/1178 1319/1337/1188
f 1279/1305/1156 1313/1338/1189 1319/1337/1188
f 1290/1339/1190 1284/1340/1191 1273/1341/1192
f 1284/1340/1191 1290/1339/1190 1289/1270/1123
f 1290/1339/1190 1273/1341/1192 1285/1342/1193
f 1283/1343/1191 1284/1340/1191 1289/1270/1123
f 1359/1279/1132 1282/1344/1191 1283/1343/1191
f 1282/1344/1191 1359/1279/1132 1360/1274/1127
f 1359/1279/1132 1283/1343/1191 1289/1270/1123
f 1360/1274/1127 1281/1345/1194 1282/1344/1191
f 1289/1270/1123 1275/1280/1130 1359/1279/1132
f 1293/1284/1136 1288/1271/1124 1285/1342/1193
f 1291/1282/1134 1293/1284/1136 1286/1346/1195
f 1285/1342/1193 1286/1346/1195 1293/1284/1136
f 1285/1342/1193 1288/1271/1124 1290/1339/1190
f 1363/1347/1196 1281/1345/1194 1360/1274/1127
f 1311/1348/1197 1365/1273/1126 1366/1276/1129
f 1311/1348/1197 1356/1278/1131 1362/1295/1146
f 1311/1348/1197 1366/1276/1129 1356/1278/1131
f 1281/1345/1194 1363/1347/1196 1311/1348/1197
f 1361/1298/1149 1310/1349/1198 1358/1297/1148
f 1362/1295/1146 1310/1349/1198 1311/1348/1197
f 1362/1295/1146 1358/1297/1148 1310/1349/1198
f 1365/1273/1126 1311/1348/1197 1363/1347/1196
f 1350/1292/1144 1309/1350/1199 1361/1298/1149
f 1350/1292/1144 1352/1288/1140 1353/1351/1200
f 1353/1351/1200 1309/1350/1199 1350/1292/1144
f 1309/1350/1199 1353/1351/1200 1308/1352/1201
f 1355/1287/1139 1308/1352/1201 1353/1351/1200
f 1349/1320/1171 1308/1352/1201 1347/1290/1142
f 1355/1287/1139 1347/1290/1142 1308/1352/1201
f 1307/1353/1202 1308/1352/1201 1349/1320/1171
f 1310/1349/1198 1361/1298/1149 1309/1350/1199
f 1296/1303/1154 1291/1282/1134 1286/1346/1195
f 1294/1301/1152 1296/1303/1154 1287/1354/1203
f 1286/1346/1195 1287/1354/1203 1296/1303/1154
f 1287/1354/1203 1298/1325/1176 1294/1301/1152
f 1298/1325/1176 1287/1354/1203 1299/1355/1204
f 1333/1313/1164 1343/1318/1169 1331/1311/1162
f 1279/1305/1156 1297/1324/1175 1313/1338/1189
f 1297/1324/1175 1298/1325/1176 1300/1356/1037
f 1299/1355/1204 1300/1356/1037 1298/1325/1176
f 1297/1324/1175 1300/1356/1037 1301/1357/990
f 1313/1338/1189 1297/1324/1175 1301/1357/990
f 1316/1328/1179 1314/1327/1178 1313/1338/1189
f 1313/1338/1189 1302/1358/1037 1316/1328/1179
f 1302/1358/1037 1317/1326/1177 1316/1328/1179
f 1302/1358/1037 1313/1338/1189 1301/1357/990
f 1307/1353/1202 1344/1315/1166 1346/1317/1168
f 1306/1359/1205 1343/1318/1169 1334/1306/1157
f 1306/1359/1205 1346/1317/1168 1343/1318/1169
f 1306/1359/1205 1307/1353/1202 1346/1317/1168
f 1334/1306/1157 1305/1360/1206 1306/1359/1205
f 1328/1309/1160 1305/1360/1206 1336/1308/1159
f 1334/1306/1157 1336/1308/1159 1305/1360/1206
f 1344/1315/1166 1307/1353/1202 1349/1320/1171
f 1305/1360/1206 1330/1334/1185 1304/1361/1207
f 1304/1361/1207 1330/1334/1185 1325/1329/1180
f 1303/1362/1208 1304/1361/1207 1327/1331/1182
f 1325/1329/1180 1327/1331/1182 1304/1361/1207
f 1303/1362/1208 1324/1333/1184 1317/1326/1177
f 1327/1331/1182 1324/1333/1184 1303/1362/1208
f 1280/1363/1037 1303/1362/1208 1317/1326/1177
f 1280/1363/1037 1317/1326/1177 1302/1358/1037
f 1328/1309/1160 1330/1334/1185 1305/1360/1206
f 1317/1326/1177 1324/1333/1184 1315/1332/1183
f 1383/1364/1209 1382/1365/1210 1367/1366/1211
f 1438/1367/1212 1368/1368/1213 1425/1369/1214
f 1386/1370/1215 1385/1371/1216 1369/1372/1217
f 1386/1370/1215 1382/1365/1210 1387/1373/1218
f 1368/1368/1213 1386/1370/1215 1426/1374/1219
f 1386/1370/1215 1370/1375/1220 1426/1374/1219
f 1434/1376/1221 1435/1377/1222 1436/1378/1223
f 1422/1379/1224 1435/1377/1222 1412/1380/1225
f 1425/1369/1214 1426/1374/1219 1427/1381/1226
f 1435/1377/1222 1427/1381/1226 1426/1374/1219
f 1370/1375/1220 1412/1380/1225 1435/1377/1222
f 1426/1374/1219 1370/1375/1220 1435/1377/1222
f 1371/1382/1227 1390/1383/1228 1388/1384/1229
f 1369/1372/1217 1390/1383/1228 1389/1385/1230
f 1370/1375/1220 1389/1385/1230 1413/1386/1231
f 1389/1385/1230 1372/1387/1232 1413/1386/1231
f 1421/1388/1233 1415/1389/1234 1420/1390/1235
f 1421/1388/1233 1417/1391/1236 1418/1392/1237
f 1420/1390/1235 1415/1389/1234 1414/1393/1238
f 1416/1394/1239 1417/1391/1236 1420/1390/1235
f 1414/1393/1238 1416/1394/1239 1420/1390/1235
f 1417/1391/1236 1403/1395/1240 1409/1396/1241
f 1428/1397/1242 1429/1398/1243 1430/1399/1244
f 1430/1399/1244 1415/1389/1234 1419/1400/1245
f 1433/1401/1246 1422/1379/1224 1432/1402/1247
f 1428/1397/1242 1432/1402/1247 1424/1403/1248
f 1432/1402/1247 1422/1379/1224 1412/1380/1225
f 1423/1404/1249 1424/1403/1248 1432/1402/1247
f 1412/1380/1225 1423/1404/1249 1432/1402/1247
f 1429/1398/1243 1424/1403/1248 1423/1404/1249
f 1414/1393/1238 1415/1389/1234 1429/1398/1243
f 1423/1404/1249 1414/1393/1238 1429/1398/1243
f 1423/1404/1249 1412/1380/1225 1370/1375/1220
f 1413/1386/1231 1414/1393/1238 1423/1404/1249
f 1370/1375/1220 1413/1386/1231 1423/1404/1249
f 1416/1394/1239 1414/1393/1238 1413/1386/1231
f 1372/1387/1232 1403/1395/1240 1416/1394/1239
f 1413/1386/1231 1372/1387/1232 1416/1394/1239
f 1371/1382/1227 1392/1405/1250 1391/1406/1251
f 1406/1407/1252 1407/1408/1253 1408/1409/1254
f 1409/1396/1241 1410/1410/1255 1411/1411/1256
f 1406/1407/1252 1410/1410/1255 1405/1412/1257
f 1410/1410/1255 1403/1395/1240 1372/1387/1232
f 1404/1413/1258 1405/1412/1257 1410/1410/1255
f 1372/1387/1232 1404/1413/1258 1410/1410/1255
f 1396/1414/1259 1378/1415/1259 1384/1416/1260
f 1379/1417/1261 1384/1416/1260 1378/1415/1259
f 1383/1364/1209 1396/1414/1259 1384/1416/1260
f 1437/1418/1262 1395/1419/1259 1383/1364/1209
f 1396/1414/1259 1383/1364/1209 1395/1419/1259
f 1383/1364/1209 1368/1368/1213 1437/1418/1262
f 1387/1373/1218 1382/1365/1210 1379/1417/1261
f 1380/1420/1263 1387/1373/1218 1379/1417/1261
f 1380/1420/1263 1385/1371/1216 1387/1373/1218
f 1382/1365/1210 1384/1416/1260 1379/1417/1261
f 1394/1421/1259 1437/1418/1262 1438/1367/1212
f 1402/1422/1264 1438/1367/1212 1425/1369/1214
f 1393/1423/1265 1394/1421/1259 1438/1367/1212
f 1402/1422/1264 1393/1423/1265 1438/1367/1212
f 1425/1369/1214 1434/1376/1221 1402/1422/1264
f 1425/1369/1214 1427/1381/1226 1434/1376/1221
f 1401/1424/1266 1402/1422/1264 1434/1376/1221
f 1431/1425/1267 1436/1378/1223 1422/1379/1224
f 1401/1424/1266 1436/1378/1223 1431/1425/1267
f 1400/1426/1268 1401/1424/1266 1433/1401/1246
f 1431/1425/1267 1433/1401/1246 1401/1424/1266
f 1433/1401/1246 1428/1397/1242 1400/1426/1268
f 1430/1399/1244 1400/1426/1268 1428/1397/1242
f 1434/1376/1221 1436/1378/1223 1401/1424/1266
f 1390/1383/1228 1385/1371/1216 1380/1420/1263
f 1388/1384/1229 1390/1383/1228 1381/1427/1269
f 1380/1420/1263 1381/1427/1269 1390/1383/1228
f 1392/1405/1250 1388/1384/1229 1381/1427/1269
f 1372/1387/1232 1391/1406/1251 1404/1413/1258
f 1392/1405/1250 1381/1427/1269 1373/1428/1270
f 1391/1406/1251 1392/1405/1250 1374/1429/1271
f 1373/1428/1270 1374/1429/1271 1392/1405/1250
f 1375/1430/1271 1391/1406/1251 1374/1429/1271
f 1404/1413/1258 1407/1408/1253 1405/1412/1257
f 1404/1413/1258 1375/1430/1271 1376/1431/1038
f 1375/1430/1271 1404/1413/1258 1391/1406/1251
f 1376/1431/1038 1407/1408/1253 1404/1413/1258
f 1409/1396/1241 1418/1392/1237 1417/1391/1236
f 1430/1399/1244 1419/1400/1245 1399/1432/1272
f 1421/1388/1233 1399/1432/1272 1419/1400/1245
f 1399/1432/1272 1421/1388/1233 1418/1392/1237
f 1398/1433/1273 1399/1432/1272 1418/1392/1237
f 1418/1392/1237 1409/1396/1241 1398/1433/1273
f 1400/1426/1268 1430/1399/1244 1399/1432/1272
f 1397/1434/1274 1411/1411/1256 1406/1407/1252
f 1397/1434/1274 1398/1433/1273 1411/1411/1256
f 1397/1434/1274 1408/1409/1254 1377/1435/1275
f 1407/1408/1253 1377/1435/1275 1408/1409/1254
f 1397/1434/1274 1406/1407/1252 1408/1409/1254
f 1377/1435/1275 1407/1408/1253 1376/1431/1038
f 1409/1396/1241 1411/1411/1256 1398/1433/1273
f 1439/1436/1276 1456/1437/1277 1454/1438/1278
f 1501/1439/1279 1502/1440/1280 1503/1441/1281
f 1496/1442/1282 1502/1440/1280 1489/1443/1283
f 1502/1440/1280 1500/1444/1284 1499/1445/1277
f 1440/1446/1285 1489/1443/1283 1502/1440/1280
f 1499/1445/1277 1440/1446/1285 1502/1440/1280
f 1441/1447/1286 1459/1448/1287 1457/1449/1288
f 1439/1436/1276 1459/1448/1287 1458/1450/1289
f 1440/1446/1285 1458/1450/1289 1490/1451/1290
f 1441/1447/1286 1490/1451/1290 1458/1450/1289
f 1493/1452/1291 1494/1453/1292 1495/1454/1293
f 1495/1454/1293 1483/1455/1294 1492/1456/1295
f 1496/1442/1282 1497/1457/1296 1498/1458/1297
f 1498/1458/1297 1491/1459/1298 1493/1452/1291
f 1497/1457/1296 1489/1443/1283 1440/1446/1285
f 1490/1451/1290 1491/1459/1298 1497/1457/1296
f 1440/1446/1285 1490/1451/1290 1497/1457/1296
f 1494/1453/1292 1491/1459/1298 1490/1451/1290
f 1442/1460/1299 1483/1455/1294 1494/1453/1292
f 1490/1451/1290 1442/1460/1299 1494/1453/1292
f 1443/1461/1300 1462/1462/1301 1460/1463/1302
f 1441/1447/1286 1462/1462/1301 1461/1464/1303
f 1442/1460/1299 1461/1464/1303 1484/1465/1304
f 1461/1464/1303 1444/1466/1305 1484/1465/1304
f 1488/1467/1306 1485/1468/1307 1487/1469/1308
f 1488/1467/1306 1474/1470/1309 1480/1471/1310
f 1483/1455/1294 1484/1465/1304 1485/1468/1307
f 1487/1469/1308 1485/1468/1307 1484/1465/1304
f 1444/1466/1305 1474/1470/1309 1487/1469/1308
f 1484/1465/1304 1444/1466/1305 1487/1469/1308
f 1443/1461/1300 1464/1472/1311 1463/1473/1312
f 1479/1474/1313 1476/1475/1314 1478/1476/1315
f 1480/1471/1310 1481/1477/1316 1482/1478/1317
f 1482/1478/1317 1476/1475/1314 1477/1479/1318
f 1481/1477/1316 1474/1470/1309 1444/1466/1305
f 1475/1480/1319 1476/1475/1314 1481/1477/1316
f 1444/1466/1305 1475/1480/1319 1481/1477/1316
f 1449/1481/1320 1450/1482/1321 1456/1437/1277
f 1451/1483/1322 1456/1437/1277 1450/1482/1321
f 1455/1484/1323 1449/1481/1320 1456/1437/1277
f 1499/1445/1277 1448/1485/1324 1455/1484/1323
f 1449/1481/1320 1455/1484/1323 1448/1485/1324
f 1455/1484/1323 1440/1446/1285 1499/1445/1277
f 1459/1448/1287 1454/1438/1278 1451/1483/1322
f 1452/1486/1325 1459/1448/1287 1451/1483/1322
f 1452/1486/1325 1457/1449/1288 1459/1448/1287
f 1457/1449/1288 1452/1486/1325 1462/1462/1301
f 1451/1483/1322 1454/1438/1278 1456/1437/1277
f 1446/1487/1326 1500/1444/1284 1501/1439/1279
f 1500/1444/1284 1447/1488/1320 1499/1445/1277
f 1446/1487/1326 1501/1439/1279 1473/1489/1327
f 1503/1441/1281 1473/1489/1327 1501/1439/1279
f 1503/1441/1281 1496/1442/1282 1473/1489/1327
f 1473/1489/1327 1498/1458/1297 1472/1490/1328
f 1495/1454/1293 1472/1490/1328 1493/1452/1291
f 1498/1458/1297 1493/1452/1291 1472/1490/1328
f 1472/1490/1328 1495/1454/1293 1471/1491/1329
f 1495/1454/1293 1492/1456/1295 1471/1491/1329
f 1496/1442/1282 1498/1458/1297 1473/1489/1327
f 1460/1463/1302 1462/1462/1301 1453/1492/1330
f 1452/1486/1325 1453/1492/1330 1462/1462/1301
f 1464/1472/1311 1460/1463/1302 1453/1492/1330
f 1444/1466/1305 1463/1473/1312 1475/1480/1319
f 1465/1493/796 1464/1472/1311 1445/1494/796
f 1453/1492/1330 1445/1494/796 1464/1472/1311
f 1463/1473/1312 1464/1472/1311 1465/1493/796
f 1475/1480/1319 1466/1495/796 1467/1496/800
f 1466/1495/796 1463/1473/1312 1465/1493/796
f 1475/1480/1319 1467/1496/800 1478/1476/1315
f 1486/1497/1331 1483/1455/1294 1485/1468/1307
f 1471/1491/1329 1486/1497/1331 1470/1498/1332
f 1470/1498/1332 1488/1467/1306 1480/1471/1310
f 1482/1478/1317 1470/1498/1332 1480/1471/1310
f 1486/1497/1331 1488/1467/1306 1470/1498/1332
f 1492/1456/1295 1486/1497/1331 1471/1491/1329
f 1475/1480/1319 1478/1476/1315 1476/1475/1314
f 1479/1474/1313 1469/1499/1333 1477/1479/1318
f 1482/1478/1317 1477/1479/1318 1469/1499/1333
f 1469/1499/1333 1479/1474/1313 1468/1500/1334
f 1478/1476/1315 1468/1500/1334 1479/1474/1313
f 1468/1500/1334 1478/1476/1315 1467/1496/800
f 1470/1498/1332 1482/1478/1317 1469/1499/1333
f 1536/1501/1037 1513/1502/1037 1532/1503/1037
f 1532/1503/1037 1510/1504/1037 1536/1501/1037
f 1515/1505/1037 1535/1506/1037 1536/1501/1037
f 1509/1507/1037 1530/1508/1037 1529/1509/1037
f 1528/1510/1037 1511/1511/1037 1521/1512/1037
f 1530/1508/1037 1523/1513/1037 1528/1510/1037
f 1521/1512/1037 1530/1508/1037 1528/1510/1037
f 1524/1514/1037 1520/1515/1037 1516/1516/1037
f 1511/1511/1037 1517/1517/1037 1524/1514/1037
f 1516/1516/1037 1511/1511/1037 1524/1514/1037
f 1525/1518/1037 1526/1519/1037 1527/1520/1037
f 1527/1520/1037 1520/1515/1037 1524/1514/1037
f 1526/1519/1037 1518/1521/1037 1514/1522/1037
f 1519/1523/1037 1520/1515/1037 1526/1519/1037
f 1514/1522/1037 1519/1523/1037 1526/1519/1037
f 1520/1515/1037 1512/1524/1037 1516/1516/1037
f 1510/1504/1037 1534/1525/1037 1531/1526/1037
f 1532/1503/1037 1533/1527/1037 1534/1525/1037
f 1534/1525/1037 1514/1522/1037 1518/1521/1037
f 1516/1516/1037 1512/1524/1037 1522/1528/1037
f 1521/1512/1037 1511/1511/1037 1516/1516/1037
f 1522/1528/1037 1521/1512/1037 1516/1516/1037
f 1551/1529/1037 1552/1530/1037 1505/1531/1037
f 1551/1529/1037 1505/1531/1037 1550/1532/1037
f 1548/1533/1037 1549/1534/1037 1506/1535/1037
f 1549/1534/1037 1550/1532/1037 1506/1535/1037
f 1552/1530/1037 1553/1536/1037 1505/1531/1037
f 1555/1537/1037 1535/1506/1037 1554/1538/1037
f 1537/1539/1037 1536/1501/1037 1555/1537/1037
f 1553/1536/1037 1535/1506/1037 1515/1505/1037
f 1555/1537/1037 1536/1501/1037 1535/1506/1037
f 1513/1502/1037 1538/1540/1037 1533/1527/1037
f 1513/1502/1037 1536/1501/1037 1537/1539/1037
f 1538/1540/1037 1513/1502/1037 1537/1539/1037
f 1553/1536/1037 1554/1538/1037 1535/1506/1037
f 1545/1541/1037 1507/1542/1037 1544/1543/1037
f 1546/1544/1037 1507/1542/1037 1545/1541/1037
f 1556/1545/1037 1543/1546/1037 1544/1543/1037
f 1556/1545/1037 1507/1542/1037 1508/1547/1037
f 1556/1545/1037 1544/1543/1037 1507/1542/1037
f 1507/1542/1037 1546/1544/1037 1547/1548/1037
f 1553/1536/1037 1515/1505/1037 1505/1531/1037
f 1536/1501/1037 1510/1504/1037 1504/1549/1037
f 1550/1532/1037 1505/1531/1037 1506/1535/1037
f 1506/1535/1037 1547/1548/1037 1548/1533/1037
f 1510/1504/1037 1531/1526/1037 1504/1549/1037
f 1515/1505/1037 1504/1549/1037 6839/1550/1037 1505/1531/1037
f 1536/1501/1037 1504/1549/1037 1515/1505/1037
f 1507/1542/1037 1547/1548/1037 1506/1535/1037
f 1518/1521/1037 1525/1518/1037 1534/1525/1037
f 1534/1525/1037 1525/1518/1037 1531/1526/1037
f 1531/1526/1037 1525/1518/1037 6562/1551/1037 6561/1552/1037
f 1527/1520/1037 6556/1553/1037 6562/1551/1037 1525/1518/1037
f 1527/1520/1037 6555/1554/1037 6556/1553/1037
f 1517/1517/1037 1523/1513/1037 1509/1507/1037
f 1512/1524/1037 1519/1523/1037 1538/1540/1037
f 1538/1540/1037 1522/1528/1037 1512/1524/1037
f 1524/1514/1037 1517/1517/1037 6601/1555/1037 6558/1556/1037 6557/1557/1037
f 1524/1514/1037 6557/1557/1037 6555/1554/1037 1527/1520/1037
f 1522/1528/1037 1540/1558/1037 1521/1512/1037
f 1538/1540/1037 1519/1523/1037 1514/1522/1037
f 1514/1522/1037 1533/1527/1037 1538/1540/1037
f 1528/1510/1037 1517/1517/1037 1511/1511/1037
f 1523/1513/1037 1517/1517/1037 1528/1510/1037
f 1530/1508/1037 1521/1512/1037 1540/1558/1037
f 1541/1559/1037 1542/1560/1037 6602/1561/1037 6598/1562/1037
f 1530/1508/1037 1541/1559/1037 1529/1509/1037
f 1539/1563/1037 6604/1564/1037 6603/1565/1037 1542/1560/1037
f 1530/1508/1037 1540/1558/1037 1541/1559/1037
f 1589/1566/800 1585/1567/800 1566/1568/800
f 1585/1567/800 1589/1566/800 1563/1569/800
f 1568/1570/800 1589/1566/800 1588/1571/800
f 1583/1572/800 1562/1573/800 1582/1574/800
f 1581/1575/800 1574/1576/800 1564/1577/800
f 1583/1572/800 1581/1575/800 1576/1578/800
f 1574/1576/800 1581/1575/800 1583/1572/800
f 1577/1579/800 1569/1580/800 1573/1581/800
f 1564/1577/800 1577/1579/800 1570/1582/800
f 1569/1580/800 1577/1579/800 1564/1577/800
f 1579/1583/800 1578/1584/800 1580/1585/800
f 1573/1581/800 1580/1585/800 1577/1579/800
f 1579/1583/800 1567/1586/800 1571/1587/800
f 1572/1588/800 1579/1583/800 1573/1581/800
f 1567/1586/800 1579/1583/800 1572/1588/800
f 1565/1589/800 1573/1581/800 1569/1580/800
f 1587/1590/800 1563/1569/800 1584/1591/800
f 1586/1592/800 1585/1567/800 1587/1590/800
f 1567/1586/800 1587/1590/800 1571/1587/800
f 1569/1580/800 1575/1593/800 1565/1589/800
f 1574/1576/800 1569/1580/800 1564/1577/800
f 1575/1593/800 1569/1580/800 1574/1576/800
f 1604/1594/800 1558/1595/800 1605/1596/800
f 1604/1594/800 1603/1597/800 1558/1595/800
f 1601/1598/800 1559/1599/800 1602/1600/800
f 1602/1600/800 1559/1599/800 1603/1597/800
f 1605/1596/800 1558/1595/800 1606/1601/800
f 1608/1602/800 1607/1603/800 1588/1571/800
f 1590/1604/800 1608/1602/800 1589/1566/800
f 1606/1601/800 1568/1570/800 1588/1571/800
f 1608/1602/800 1588/1571/800 1589/1566/800
f 1566/1568/800 1586/1592/800 1591/1605/800
f 1566/1568/800 1590/1604/800 1589/1566/800
f 1591/1605/800 1590/1604/800 1566/1568/800
f 1606/1601/800 1588/1571/800 1607/1603/800
f 1598/1606/800 1597/1607/800 1560/1608/800
f 1599/1609/800 1598/1606/800 1560/1608/800
f 1609/1610/800 1597/1607/800 1596/1611/800
f 1609/1610/800 1561/1612/800 1560/1608/800
f 1609/1610/800 1560/1608/800 1597/1607/800
f 1560/1608/800 1600/1613/800 1599/1609/800
f 1606/1601/800 1558/1595/800 1568/1570/800
f 1589/1566/800 1557/1614/800 1563/1569/800
f 1603/1597/800 1559/1599/800 1558/1595/800
f 1559/1599/800 1601/1598/800 1600/1613/800
f 1563/1569/800 1557/1614/800 1584/1591/800
f 1568/1570/800 1558/1595/800 1557/1614/800
f 1589/1566/800 1568/1570/800 1557/1614/800
f 1560/1608/800 1559/1599/800 1600/1613/800
f 1571/1587/800 1587/1590/800 1578/1584/800
f 1587/1590/800 1584/1591/800 1578/1584/800
f 1584/1591/800 6559/1615/800 6560/1616/800 1578/1584/800
f 1580/1585/800 1578/1584/800 6560/1616/800 6553/1617/800
f 1580/1585/800 6553/1617/800 6551/1618/800
f 1570/1582/800 1562/1573/800 1576/1578/800
f 1565/1589/800 1591/1605/800 1572/1588/800
f 1591/1605/800 1575/1593/800 1592/1619/800
f 1577/1579/800 6552/1620/800 6554/1621/800 6586/1622/800 1570/1582/800
f 1577/1579/800 1580/1585/800 6551/1618/800 6552/1620/800
f 1575/1593/800 1574/1576/800 1592/1619/800
f 1591/1605/800 1567/1586/800 1572/1588/800
f 1567/1586/800 1591/1605/800 1586/1592/800
f 1581/1575/800 1564/1577/800 1570/1582/800
f 1576/1578/800 1581/1575/800 1570/1582/800
f 1583/1572/800 1592/1619/800 1574/1576/800
f 1593/1623/800 6581/1624/800 6583/1625/800 1594/1626/800
f 1583/1572/800 1582/1574/800 1593/1623/800
f 1595/1627/800 1594/1626/800 6793/1628/800 6794/1629/800
f 1583/1572/800 1593/1623/800 1592/1619/800
f 1703/1630/1335 1704/1631/1336 1705/1632/1336
f 1705/1632/1336 1701/1633/1337 1702/1634/1338
f 1704/1631/1336 1975/1635/1337 1701/1633/1337
f 1668/1636/1335 1977/1637/1339 1704/1631/1336
f 1979/1638/1340 1978/1639/1341 1700/1640/1342
f 1701/1633/1337 1980/1641/1343 1979/1638/1340
f 1714/1642/1344 1715/1643/1345 1716/1644/1346
f 1716/1644/1346 1712/1645/1347 1713/1646/1347
f 1715/1643/1345 1710/1647/1348 1708/1648/1349
f 1711/1649/1347 1712/1645/1347 1715/1643/1345
f 1708/1648/1349 1711/1649/1347 1715/1643/1345
f 1712/1645/1347 1703/1630/1335 1709/1650/1350
f 1722/1651/1351 1723/1652/1352 1724/1653/1353
f 1724/1653/1353 1710/1647/1348 1714/1642/1344
f 1725/1654/1354 1726/1655/1355 1727/1656/1356
f 1727/1656/1356 1719/1657/1357 1722/1651/1351
f 1726/1655/1355 1717/1658/1358 1706/1659/1359
f 1718/1660/1360 1719/1657/1357 1726/1655/1355
f 1706/1659/1359 1718/1660/1360 1726/1655/1355
f 1723/1652/1352 1719/1657/1357 1718/1660/1360
f 1708/1648/1349 1710/1647/1348 1723/1652/1352
f 1718/1660/1360 1708/1648/1349 1723/1652/1352
f 1718/1660/1360 1706/1659/1359 1669/1661/1361
f 1707/1662/1362 1708/1648/1349 1718/1660/1360
f 1669/1661/1361 1707/1662/1362 1718/1660/1360
f 1711/1649/1347 1708/1648/1349 1707/1662/1362
f 1668/1636/1335 1703/1630/1335 1711/1649/1347
f 1707/1662/1362 1668/1636/1335 1711/1649/1347
f 1728/1663/1363 1729/1664/1364 1730/1665/1365
f 1730/1665/1365 1706/1659/1359 1717/1658/1358
f 1729/1664/1364 1721/1666/1366 1720/1667/1367
f 1669/1661/1361 1706/1659/1359 1729/1664/1364
f 1720/1667/1367 1669/1661/1361 1729/1664/1364
f 1707/1662/1362 2041/1668/1368 1976/1669/1335
f 2041/1668/1368 1652/1670/1335 1976/1669/1335
f 1976/1669/1335 1668/1636/1335 1707/1662/1362
f 1669/1661/1361 2041/1668/1368 1707/1662/1362
f 2038/1671/1335 1652/1670/1335 2041/1668/1368
f 2042/1672/1368 1973/1673/1335 2038/1671/1335
f 2041/1668/1368 2042/1672/1368 2038/1671/1335
f 1654/1674/1369 2042/1672/1368 2041/1668/1368
f 1665/1675/1369 1677/1676/1370 2042/1672/1368
f 2042/1672/1368 1653/1677/1371 1973/1673/1335
f 1666/1678/1372 1665/1675/1369 1654/1674/1369
f 1667/1679/1373 1655/1680/1374 1665/1675/1369
f 1662/1681/1375 1658/1682/1373 1674/1683/1376
f 1674/1683/1376 1656/1684/1377 1655/1680/1374
f 1655/1680/1374 1657/1685/1378 1662/1681/1375
f 1662/1681/1375 1674/1683/1376 1655/1680/1374
f 1663/1686/1379 1662/1681/1375 1657/1685/1378
f 1671/1687/1380 1658/1682/1373 1662/1681/1375
f 1664/1688/1381 1660/1689/1382 1671/1687/1380
f 1662/1681/1375 1664/1688/1381 1671/1687/1380
f 1671/1687/1380 1670/1690/1373 1658/1682/1373
f 1660/1689/1382 1672/1691/1383 1671/1687/1380
f 1674/1683/1376 1673/1692/1384 1656/1684/1377
f 1670/1690/1373 1659/1693/1385 1675/1694/1386
f 1674/1683/1376 1658/1682/1373 1670/1690/1373
f 1675/1694/1386 1674/1683/1376 1670/1690/1373
f 1686/1695/1387 1676/1696/1335 1653/1677/1371
f 1677/1676/1370 1678/1697/1388 1686/1695/1387
f 1653/1677/1371 1677/1676/1370 1686/1695/1387
f 1683/1698/1357 1678/1697/1388 1677/1676/1370
f 1655/1680/1374 1656/1684/1377 1683/1698/1357
f 1677/1676/1370 1655/1680/1374 1683/1698/1357
f 1683/1698/1357 1682/1699/1389 1678/1697/1388
f 1656/1684/1377 1684/1700/1360 1683/1698/1357
f 1686/1695/1387 1685/1701/1390 1676/1696/1335
f 1678/1697/1388 1687/1702/1391 1686/1695/1387
f 1972/1703/1392 2035/1704/1393 2036/1705/1394
f 2036/1705/1394 1679/1706/1395 1990/1707/1396
f 2038/1671/1335 2039/1708/1397 2040/1709/1398
f 2039/1708/1397 1973/1673/1335 1653/1677/1371
f 1689/1710/1399 1974/1711/1400 2039/1708/1397
f 1653/1677/1371 1689/1710/1399 2039/1708/1397
f 2037/1712/1401 1974/1711/1400 1689/1710/1399
f 1680/1713/1402 1972/1703/1392 2037/1712/1401
f 1689/1710/1399 1680/1713/1402 2037/1712/1401
f 1689/1710/1399 1688/1714/1338 1680/1713/1402
f 1653/1677/1371 1690/1715/1336 1689/1710/1399
f 2009/1716/1403 2008/1717/1404 1999/1718/1405
f 2013/1719/1406 2011/1720/1407 2009/1716/1403
f 1981/1721/1408 1994/1722/1409 2013/1719/1406
f 2009/1716/1403 1981/1721/1408 2013/1719/1406
f 2013/1719/1406 2012/1723/1410 2011/1720/1407
f 1994/1722/1409 2014/1724/1411 2013/1719/1406
f 2012/1723/1410 2010/1725/1412 1998/1726/1404
f 2008/1717/1404 2011/1720/1407 2012/1723/1410
f 1998/1726/1404 2008/1717/1404 2012/1723/1410
f 2008/1717/1404 1998/1726/1404 1681/1727/1413
f 1997/1728/1414 1999/1718/1405 2008/1717/1404
f 1681/1727/1413 1997/1728/1414 2008/1717/1404
f 1993/1729/1415 1983/1730/1416 1982/1731/1416
f 1984/1732/1417 1985/1733/1418 1993/1729/1415
f 1982/1731/1416 1984/1732/1417 1993/1729/1415
f 1988/1734/1419 1985/1733/1418 1984/1732/1417
f 1700/1640/1342 1978/1639/1341 1988/1734/1419
f 1984/1732/1417 1700/1640/1342 1988/1734/1419
f 2002/1735/1420 1994/1722/1409 1981/1721/1408
f 1995/1736/1421 1996/1737/1422 2002/1735/1420
f 1981/1721/1408 1995/1736/1421 2002/1735/1420
f 1982/1731/1416 1996/1737/1422 1995/1736/1421
f 2033/1738/1423 1989/1739/1424 1987/1740/1416
f 2004/1741/1421 2005/1742/1425 2033/1738/1423
f 1987/1740/1416 2004/1741/1421 2033/1738/1423
f 2032/1743/1426 2005/1742/1425 2004/1741/1421
f 1986/1744/1408 2003/1745/1427 2032/1743/1426
f 2004/1741/1421 1986/1744/1408 2032/1743/1426
f 2034/1746/1428 1992/1747/1429 1991/1748/1417
f 1987/1740/1416 1989/1739/1424 2034/1746/1428
f 1991/1748/1417 1987/1740/1416 2034/1746/1428
f 2015/1749/1404 2007/1750/1405 2006/1751/1430
f 1681/1727/1413 1998/1726/1404 2015/1749/1404
f 2006/1751/1430 1681/1727/1413 2015/1749/1404
f 2028/1752/1431 2017/1753/1407 2015/1749/1404
f 1998/1726/1404 2010/1725/1412 2028/1752/1431
f 2015/1749/1404 1998/1726/1404 2028/1752/1431
f 2029/1754/1432 2030/1755/1406 2031/1756/1433
f 2031/1756/1433 2017/1753/1407 2028/1752/1431
f 2030/1755/1406 2003/1745/1427 1986/1744/1408
f 2016/1757/1412 2017/1753/1407 2030/1755/1406
f 1986/1744/1408 2016/1757/1412 2030/1755/1406
f 2017/1753/1407 2007/1750/1405 2015/1749/1404
f 2657/1758/1434 2529/1759/1435 2660/1760/1435
f 2630/1761/1436 2517/1762/1437 2657/1758/1434
f 2660/1760/1435 2630/1761/1436 2657/1758/1434
f 2660/1760/1435 2447/1763/1438 2659/1764/1439
f 2627/1765/1440 2553/1766/1441 2632/1767/1442
f 2631/1768/1443 2516/1769/1444 2627/1765/1440
f 2632/1767/1442 2631/1768/1443 2627/1765/1440
f 2646/1770/1445 2517/1762/1437 2630/1761/1436
f 2632/1767/1442 2553/1766/1441 2646/1770/1445
f 2630/1761/1436 2632/1767/1442 2646/1770/1445
f 2646/1770/1445 2645/1771/1446 2517/1762/1437
f 2553/1766/1441 2647/1772/1447 2646/1770/1445
f 2651/1773/1448 2568/1774/1449 2647/1772/1447
f 2626/1775/1450 2555/1776/1451 2651/1773/1448
f 2647/1772/1447 2626/1775/1450 2651/1773/1448
f 2641/1777/1452 2530/1778/1453 2645/1771/1446
f 2647/1772/1447 2568/1774/1449 2641/1777/1452
f 2645/1771/1446 2647/1772/1447 2641/1777/1452
f 2627/1765/1440 2626/1775/1450 2553/1766/1441
f 2516/1769/1444 2629/1779/1454 2627/1765/1440
f 2628/1780/1455 2583/1781/1456 2629/1779/1454
f 2623/1782/1457 2555/1776/1451 2626/1775/1450
f 2629/1779/1454 2583/1781/1456 2623/1782/1457
f 2626/1775/1450 2629/1779/1454 2623/1782/1457
f 2623/1782/1457 2622/1783/1451 2555/1776/1451
f 2583/1781/1456 2625/1784/1458 2623/1782/1457
f 2619/1785/1459 2618/1786/1460 2625/1784/1458
f 2624/1787/1461 2585/1788/1462 2619/1785/1459
f 2625/1784/1458 2624/1787/1461 2619/1785/1459
f 2639/1789/1463 2569/1790/1464 2622/1783/1451
f 2625/1784/1458 2618/1786/1460 2639/1789/1463
f 2622/1783/1451 2625/1784/1458 2639/1789/1463
f 2633/1791/1465 2585/1788/1462 2624/1787/1461
f 2624/1787/1461 2583/1781/1456 2554/1792/1444
f 2554/1792/1444 2584/1793/1444 2633/1791/1465
f 2633/1791/1465 2624/1787/1461 2554/1792/1444
f 2584/1793/1444 2635/1794/1466 2633/1791/1465
f 2585/1788/1462 2621/1795/1467 2619/1785/1459
f 2653/1796/1468 2640/1797/1437 2530/1778/1453
f 2641/1777/1452 2643/1798/1469 2653/1796/1468
f 2530/1778/1453 2641/1777/1452 2653/1796/1468
f 2648/1799/1470 2643/1798/1469 2641/1777/1452
f 2568/1774/1449 2642/1800/1449 2648/1799/1470
f 2641/1777/1452 2568/1774/1449 2648/1799/1470
f 2642/1800/1449 2650/1801/1471 2648/1799/1470
f 2651/1773/1448 2642/1800/1449 2568/1774/1449
f 2555/1776/1451 2652/1802/1472 2651/1773/1448
f 2656/1803/1473 2531/1804/1474 2662/1805/1475
f 2662/1805/1475 2514/1806/1476 2447/1763/1438
f 2447/1763/1438 2529/1759/1435 2656/1803/1473
f 2656/1803/1473 2662/1805/1475 2447/1763/1438
f 2657/1758/1434 2656/1803/1473 2529/1759/1435
f 2517/1762/1437 2658/1807/1434 2657/1758/1434
f 2654/1808/1477 2644/1809/1478 2658/1807/1434
f 2645/1771/1446 2530/1778/1453 2654/1808/1477
f 2658/1807/1434 2645/1771/1446 2654/1808/1477
f 2658/1807/1434 2531/1804/1474 2656/1803/1473
f 2661/1810/1479 2655/1811/1480 2654/1808/1477
f 2530/1778/1453 2640/1797/1437 2661/1810/1479
f 2654/1808/1477 2530/1778/1453 2661/1810/1479
f 2587/1812/1481 2556/1813/1482 1997/1728/1414
f 1681/1727/1413 2537/1814/1481 2587/1812/1481
f 1997/1728/1414 1681/1727/1413 2587/1812/1481
f 2636/1815/1483 2554/1792/1444 2628/1780/1455
f 2628/1780/1455 2516/1769/1444 2586/1816/1484
f 2586/1816/1484 2588/1817/1485 2636/1815/1483
f 2636/1815/1483 2628/1780/1455 2586/1816/1484
f 2556/1813/1482 2588/1817/1485 2586/1816/1484
f 2637/1818/1486 2588/1817/1485 2587/1812/1481
f 2537/1814/1481 2576/1819/1487 2637/1818/1486
f 2587/1812/1481 2537/1814/1481 2637/1818/1486
f 2636/1815/1483 2584/1793/1444 2554/1792/1444
f 2588/1817/1485 2638/1820/1488 2636/1815/1483
f 2637/1818/1486 2592/1821/1489 2638/1820/1488
f 2634/1822/1444 2584/1793/1444 2638/1820/1488
f 2592/1821/1489 2000/1823/1444 2634/1822/1444
f 2638/1820/1488 2592/1821/1489 2634/1822/1444
f 2589/1824/1444 2000/1823/1444 2592/1821/1489
f 2595/1825/1490 2573/1826/1444 2589/1824/1444
f 2592/1821/1489 2595/1825/1490 2589/1824/1444
f 2576/1819/1487 2595/1825/1490 2592/1821/1489
f 2593/1827/1491 2594/1828/1492 2595/1825/1490
f 2595/1825/1490 2534/1829/1444 2573/1826/1444
f 2593/1827/1491 2576/1819/1487 2537/1814/1481
f 2577/1830/1493 2579/1831/1494 2593/1827/1491
f 2537/1814/1481 2577/1830/1493 2593/1827/1491
f 2577/1830/1493 2578/1832/1495 2579/1831/1494
f 2594/1828/1492 2579/1831/1494 2578/1832/1495
f 2505/1833/1496 2534/1829/1444 2594/1828/1492
f 2578/1832/1495 2505/1833/1496 2594/1828/1492
f 2577/1830/1493 2537/1814/1481 1681/1727/1413
f 2006/1751/1430 2538/1834/1497 2577/1830/1493
f 1681/1727/1413 2006/1751/1430 2577/1830/1493
f 2549/1835/1498 2550/1836/1499 2551/1837/1500
f 2545/1838/1501 2533/1839/1502 2548/1840/1503
f 2540/1841/1504 2527/1842/1435 2545/1838/1501
f 2548/1840/1503 2540/1841/1504 2545/1838/1501
f 2550/1836/1499 2525/1843/1505 2546/1844/1506
f 2548/1840/1503 2533/1839/1502 2550/1836/1499
f 2546/1844/1506 2548/1840/1503 2550/1836/1499
f 2546/1844/1506 2547/1845/1434 2548/1840/1503
f 2548/1840/1503 2526/1846/1507 2540/1841/1504
f 2528/1847/1508 2539/1848/1509 2502/1849/1510
f 2532/1850/1511 2527/1842/1435 2540/1841/1504
f 2542/1851/1512 2528/1847/1508 2532/1850/1511
f 2540/1841/1504 2542/1851/1512 2532/1850/1511
f 2540/1841/1504 2541/1852/1512 2542/1851/1512
f 2542/1851/1512 2458/1853/1439 2539/1848/1509
f 2580/1854/1513 2581/1855/1514 2582/1856/1514
f 2582/1856/1514 2557/1857/1449 2565/1858/1449
f 2570/1859/1515 2571/1860/1516 2572/1861/1517
f 2581/1855/1514 2572/1861/1517 2571/1860/1516
f 2552/1862/1518 2557/1857/1449 2581/1855/1514
f 2571/1860/1516 2552/1862/1518 2581/1855/1514
f 2565/1858/1449 2566/1863/1470 2567/1864/1519
f 2566/1863/1470 2557/1857/1449 2552/1862/1518
f 2558/1865/1520 2559/1866/1469 2566/1863/1470
f 2552/1862/1518 2558/1865/1520 2566/1863/1470
f 2559/1866/1469 2525/1843/1505 2549/1835/1498
f 2589/1824/1444 2590/1867/1521 2591/1868/1522
f 2590/1867/1521 2573/1826/1444 2534/1829/1444
f 2574/1869/1440 2575/1870/1456 2590/1867/1521
f 2534/1829/1444 2574/1869/1440 2590/1867/1521
f 2560/1871/1523 2536/1872/1524 2574/1869/1440
f 2574/1869/1440 2534/1829/1444 2505/1833/1496
f 2505/1833/1496 2535/1873/1523 2560/1871/1523
f 2560/1871/1523 2574/1869/1440 2505/1833/1496
f 2558/1865/1520 2552/1862/1518 2562/1874/1525
f 2546/1844/1506 2525/1843/1505 2558/1865/1520
f 2562/1874/1525 2546/1844/1506 2558/1865/1520
f 2571/1860/1516 2536/1872/1524 2560/1871/1523
f 2562/1874/1525 2552/1862/1518 2571/1860/1516
f 2560/1871/1523 2562/1874/1525 2571/1860/1516
f 2560/1871/1523 2561/1875/1445 2562/1874/1525
f 2562/1874/1525 2506/1876/1526 2546/1844/1506
f 2561/1875/1445 2535/1873/1523 2564/1877/1442
f 2543/1878/1436 2506/1876/1526 2561/1875/1445
f 2564/1877/1442 2543/1878/1436 2561/1875/1445
f 2505/1833/1496 2564/1877/1442 2535/1873/1523
f 2541/1852/1512 2526/1846/1507 2544/1879/1435
f 2522/1880/1439 2458/1853/1439 2541/1852/1512
f 2544/1879/1435 2522/1880/1439 2541/1852/1512
f 2547/1845/1434 2506/1876/1526 2543/1878/1436
f 2544/1879/1435 2526/1846/1507 2547/1845/1434
f 2543/1878/1436 2544/1879/1435 2547/1845/1434
f 2686/1881/1527 2444/1882/1528 2689/1883/1529
f 2671/1884/1530 1940/1885/1531 2686/1881/1527
f 2689/1883/1529 2671/1884/1530 2686/1881/1527
f 2689/1883/1529 1941/1886/1532 2688/1887/1533
f 2685/1888/1534 2446/1889/1535 2450/1890/1536
f 2450/1890/1536 2443/1891/1537 1941/1886/1532
f 1941/1886/1532 2444/1882/1528 2685/1888/1534
f 2685/1888/1534 2450/1890/1536 1941/1886/1532
f 2686/1881/1527 2685/1888/1534 2444/1882/1528
f 1940/1885/1531 2687/1892/1538 2686/1881/1527
f 2683/1893/1539 2473/1894/1540 2687/1892/1538
f 2676/1895/1531 2445/1896/1541 2683/1893/1539
f 2687/1892/1538 2676/1895/1531 2683/1893/1539
f 2687/1892/1538 2446/1889/1535 2685/1888/1534
f 2683/1893/1539 2682/1897/1542 2473/1894/1540
f 2445/1896/1541 2684/1898/1543 2683/1893/1539
f 2450/1890/1536 2449/1899/1544 2443/1891/1537
f 2691/1900/1545 2453/1901/1546 2450/1890/1536
f 2446/1889/1535 2451/1902/1547 2691/1900/1545
f 2450/1890/1536 2446/1889/1535 2691/1900/1545
f 2691/1900/1545 2690/1903/1548 2453/1901/1546
f 2690/1903/1548 2452/1904/1549 1842/1905/1544
f 2449/1899/1544 2453/1901/1546 2690/1903/1548
f 1842/1905/1544 2449/1899/1544 2690/1903/1548
f 2460/1906/1550 1938/1907/1551 1836/1908/1552
f 1941/1886/1532 2462/1909/1553 2460/1906/1550
f 2449/1899/1544 1842/1905/1544 2461/1910/1553
f 2462/1909/1553 2443/1891/1537 2449/1899/1544
f 2461/1910/1553 2462/1909/1553 2449/1899/1544
f 2462/1909/1553 1623/1911/1554 1938/1907/1551
f 2668/1912/1555 2474/1913/1556 2673/1914/1557
f 2672/1915/1558 2448/1916/1559 2668/1912/1555
f 2673/1914/1557 2672/1915/1558 2668/1912/1555
f 2677/1917/1560 1940/1885/1531 2671/1884/1530
f 2673/1914/1557 2474/1913/1556 2677/1917/1560
f 2671/1884/1530 2673/1914/1557 2677/1917/1560
f 2664/1918/1561 2475/1919/1562 2669/1920/1563
f 2669/1920/1563 2448/1916/1559 2513/1921/1564
f 2513/1921/1564 2515/1922/1565 2664/1918/1561
f 2664/1918/1561 2669/1920/1563 2513/1921/1564
f 2663/1923/1566 2515/1922/1565 2513/1921/1564
f 2447/1763/1438 2514/1806/1476 2663/1923/1566
f 2513/1921/1564 2447/1763/1438 2663/1923/1566
f 2677/1917/1560 2676/1895/1531 1940/1885/1531
f 2474/1913/1556 2678/1924/1567 2677/1917/1560
f 2675/1925/1568 2498/1926/1569 2678/1924/1567
f 2667/1927/1570 2476/1928/1557 2675/1925/1568
f 2678/1924/1567 2667/1927/1570 2675/1925/1568
f 2680/1929/1571 2445/1896/1541 2676/1895/1531
f 2678/1924/1567 2498/1926/1569 2680/1929/1571
f 2676/1895/1531 2678/1924/1567 2680/1929/1571
f 2668/1912/1555 2667/1927/1570 2474/1913/1556
f 2448/1916/1559 2670/1930/1572 2668/1912/1555
f 2669/1920/1563 2665/1931/1573 2670/1930/1572
f 2666/1932/1574 2476/1928/1557 2667/1927/1570
f 2670/1930/1572 2665/1931/1573 2666/1932/1574
f 2667/1927/1570 2670/1930/1572 2666/1932/1574
f 2680/1929/1571 2679/1933/1575 2445/1896/1541
f 2498/1926/1569 2681/1934/1576 2680/1929/1571
f 2499/1935/1577 2479/1936/1578 2477/1937/1579
f 2480/1938/1580 2481/1939/1581 2499/1935/1577
f 2477/1937/1579 2480/1938/1580 2499/1935/1577
f 2489/1940/1582 2481/1939/1581 2480/1938/1580
f 2455/1941/1583 2478/1942/1583 2489/1940/1582
f 2480/1938/1580 2455/1941/1583 2489/1940/1582
f 2507/1943/1584 2501/1944/1555 2510/1945/1585
f 2483/1946/1570 2472/1947/1586 2507/1943/1584
f 2510/1945/1585 2483/1946/1570 2507/1943/1584
f 2511/1948/1587 2470/1949/1588 2508/1950/1589
f 2510/1945/1585 2501/1944/1555 2511/1948/1587
f 2508/1950/1589 2510/1945/1585 2511/1948/1587
f 2508/1950/1589 2509/1951/1555 2510/1945/1585
f 2510/1945/1585 2471/1952/1556 2483/1946/1570
f 2480/1938/1580 2477/1937/1579 2485/1953/1590
f 2482/1954/1531 2455/1941/1583 2480/1938/1580
f 2485/1953/1590 2482/1954/1531 2480/1938/1580
f 2500/1955/1591 2472/1947/1586 2483/1946/1570
f 2485/1953/1590 2477/1937/1579 2500/1955/1591
f 2483/1946/1570 2485/1953/1590 2500/1955/1591
f 2483/1946/1570 2484/1956/1592 2485/1953/1590
f 2485/1953/1590 1843/1957/1531 2482/1954/1531
f 2539/1848/1509 2519/1958/1593 2524/1959/1594
f 2519/1958/1593 2504/1960/1595 2524/1959/1594
f 2524/1959/1594 2502/1849/1510 2539/1848/1509
f 2458/1853/1439 2519/1958/1593 2539/1848/1509
f 2518/1961/1596 2512/1962/1597 2521/1963/1598
f 2508/1950/1589 2470/1949/1588 2518/1961/1596
f 2521/1963/1598 2508/1950/1589 2518/1961/1596
f 2504/1960/1595 2521/1963/1598 2512/1962/1597
f 2519/1958/1593 2520/1964/1597 2521/1963/1598
f 2521/1963/1598 2459/1965/1599 2508/1950/1589
f 2520/1964/1597 2503/1966/1600 2523/1967/1601
f 2487/1968/1558 2459/1965/1599 2520/1964/1597
f 2523/1967/1601 2487/1968/1558 2520/1964/1597
f 2458/1853/1439 2523/1967/1601 2503/1966/1600
f 2484/1956/1592 2471/1952/1556 2488/1969/1557
f 2486/1970/1602 1843/1957/1531 2484/1956/1592
f 2488/1969/1557 2486/1970/1602 2484/1956/1592
f 2509/1951/1555 2459/1965/1599 2487/1968/1558
f 2488/1969/1557 2471/1952/1556 2509/1951/1555
f 2487/1968/1558 2488/1969/1557 2509/1951/1555
f 2461/1910/1553 1839/1971/1551 1623/1911/1554
f 2463/1972/1544 2454/1973/1603 2468/1974/1553
f 2461/1910/1553 1842/1905/1544 2463/1972/1544
f 2468/1974/1553 2461/1910/1553 2463/1972/1544
f 2454/1973/1603 2467/1975/1604 2468/1974/1553
f 2468/1974/1553 1831/1976/1551 1839/1971/1551
f 2452/1904/1549 2463/1972/1544 1842/1905/1544
f 2464/1977/1605 2465/1978/1606 2466/1979/1606
f 2466/1979/1606 2454/1973/1603 2463/1972/1544
f 2478/1942/1583 2491/1980/1607 2492/1981/1608
f 2492/1981/1608 2469/1982/1540 2490/1983/1609
f 2469/1982/1540 2493/1984/1610 2457/1985/1611
f 2491/1980/1607 2455/1941/1583 2482/1954/1531
f 2495/1986/1612 2469/1982/1540 2491/1980/1607
f 2482/1954/1531 2495/1986/1612 2491/1980/1607
f 2482/1954/1531 2494/1987/1527 2495/1986/1612
f 2495/1986/1612 2456/1988/1528 2493/1984/1610
f 2465/1978/1606 2457/1985/1611 2493/1984/1610
f 2493/1984/1610 2456/1988/1528 1844/1989/1532
f 1844/1989/1532 2454/1973/1603 2465/1978/1606
f 2465/1978/1606 2493/1984/1610 1844/1989/1532
f 2456/1988/1528 2496/1990/1613 1844/1989/1532
f 2494/1987/1527 1843/1957/1531 2486/1970/1602
f 2497/1991/1614 2456/1988/1528 2494/1987/1527
f 2486/1970/1602 2497/1991/1614 2494/1987/1527
f 1949/1992/1615 1960/1993/1616 1959/1994/1617
f 1956/1995/1618 1955/1996/1619 1949/1992/1615
f 1950/1997/1620 1958/1998/1621 1956/1995/1618
f 1953/1999/1622 1946/2000/1623 1945/2001/1624
f 1836/1908/1552 1937/2002/1622 1953/1999/1622
f 1945/2001/1624 1836/1908/1552 1953/1999/1622
f 1952/2003/1625 1951/2004/1626 1944/2005/1627
f 1946/2000/1623 1954/2006/1628 1952/2003/1625
f 1953/1999/1622 1942/2007/1629 1954/2006/1628
f 1947/2008/1630 1837/2009/1631 1951/2004/1626
f 1954/2006/1628 1942/2007/1629 1947/2008/1630
f 1951/2004/1626 1954/2006/1628 1947/2008/1630
f 1947/2008/1630 1942/2007/1629 1948/2010/1632
f 1942/2007/1629 1937/2002/1622 1943/2011/1633
f 1943/2011/1633 1937/2002/1622 1836/1908/1552
f 1938/1907/1551 1939/2012/1634 1943/2011/1633
f 1836/1908/1552 1938/1907/1551 1943/2011/1633
f 1938/1907/1551 1838/2013/1635 1939/2012/1634
f 1623/1911/1554 1841/2014/1636 1838/2013/1635
f 1845/2015/1634 1841/2014/1636 1839/1971/1551
f 1831/1976/1551 1840/2016/1637 1845/2015/1634
f 1839/1971/1551 1831/1976/1551 1845/2015/1634
f 1831/1976/1551 1847/2017/1623 1840/2016/1637
f 1833/2018/1638 1834/2019/1639 1835/2020/1639
f 1929/2021/1640 1928/2022/1641 1913/2023/1642
f 1894/2024/1643 1930/2025/1644 1929/2021/1640
f 1926/2026/1645 1922/2027/1646 1930/2025/1644
f 1908/2028/1647 1863/2029/1648 1926/2026/1645
f 1930/2025/1644 1908/2028/1647 1926/2026/1645
f 1930/2025/1644 1912/2030/1649 1928/2022/1641
f 1928/2022/1641 1912/2030/1649 1862/2031/1650
f 1911/2032/1651 1913/2023/1642 1928/2022/1641
f 1862/2031/1650 1911/2032/1651 1928/2022/1641
f 1905/2033/1652 1901/2034/1653 1895/2035/1654
f 1902/2036/1655 1903/2037/1656 1905/2033/1652
f 1895/2035/1654 1902/2036/1655 1905/2033/1652
f 1888/2038/1657 1903/2037/1656 1902/2036/1655
f 1905/2033/1652 1904/2039/1658 1901/2034/1653
f 1903/2037/1656 1907/2040/1659 1905/2033/1652
f 1909/2041/1660 1908/2028/1647 1894/2024/1643
f 1917/2042/1661 1910/2043/1662 1909/2041/1660
f 1895/2035/1654 1901/2034/1653 1917/2042/1661
f 1909/2041/1660 1895/2035/1654 1917/2042/1661
f 1917/2042/1661 1916/2044/1663 1910/2043/1662
f 1901/2034/1653 1918/2045/1664 1917/2042/1661
f 1921/2046/1665 1920/2047/1665 1919/2048/1666
f 1862/2031/1650 1912/2030/1649 1921/2046/1665
f 1919/2048/1666 1862/2031/1650 1921/2046/1665
f 1925/2049/1667 1924/2050/1668 1921/2046/1665
f 1912/2030/1649 1922/2027/1646 1925/2049/1667
f 1921/2046/1665 1912/2030/1649 1925/2049/1667
f 1926/2026/1645 1925/2049/1667 1922/2027/1646
f 1924/2050/1668 1920/2047/1665 1921/2046/1665
f 1920/2047/1665 1622/2051/1650 1919/2048/1666
f 1897/2052/1669 1892/2053/1670 1889/2054/1670
f 1887/2055/1671 1899/2056/1672 1897/2052/1669
f 1900/2057/1673 1890/2058/1674 1888/2038/1657
f 1891/2059/1675 1893/2060/1675 1900/2057/1673
f 1888/2038/1657 1891/2059/1675 1900/2057/1673
f 1896/2061/1676 1893/2060/1675 1891/2059/1675
f 1889/2054/1670 1892/2053/1670 1896/2061/1676
f 1891/2059/1675 1889/2054/1670 1896/2061/1676
f 1856/2062/1677 1855/2063/1650 1622/2051/1650
f 1858/2064/1678 1854/2065/1650 1855/2063/1650
f 1867/2066/1679 1873/2067/1680 1874/2068/1681
f 1874/2068/1681 1864/2069/1682 1872/2070/1683
f 1877/2071/1684 1868/2072/1685 1865/2073/1686
f 1869/2074/1687 1870/2075/1688 1877/2071/1684
f 1865/2073/1686 1869/2074/1687 1877/2071/1684
f 1871/2076/1689 1870/2075/1688 1869/2074/1687
f 1866/2077/1690 1867/2066/1679 1871/2076/1689
f 1869/2074/1687 1866/2077/1690 1871/2076/1689
f 1857/2078/1691 1875/2079/1692 1854/2065/1650
f 1864/2069/1682 1876/2080/1693 1857/2078/1691
f 2367/2081/1694 2249/2082/1695 2370/2083/1696
f 2354/2084/1697 2226/2085/1698 2367/2081/1694
f 2370/2083/1696 2354/2084/1697 2367/2081/1694
f 2370/2083/1696 2173/2086/1699 2369/2087/1700
f 2351/2088/1701 2269/2089/1702 2356/2090/1703
f 2355/2091/1704 1914/2092/1705 2351/2088/1701
f 2356/2090/1703 2355/2091/1704 2351/2088/1701
f 2363/2093/1706 2226/2085/1698 2354/2084/1697
f 2356/2090/1703 2269/2089/1702 2363/2093/1706
f 2354/2084/1697 2356/2090/1703 2363/2093/1706
f 2363/2093/1706 2362/2094/1707 2226/2085/1698
f 2269/2089/1702 2364/2095/1708 2363/2093/1706
f 2350/2096/1709 2359/2097/1710 2364/2095/1708
f 2360/2098/1711 2250/2099/1697 2362/2094/1707
f 2364/2095/1708 2359/2097/1710 2360/2098/1711
f 2362/2094/1707 2364/2095/1708 2360/2098/1711
f 2351/2088/1701 2350/2096/1709 2269/2089/1702
f 1914/2092/1705 2353/2100/1712 2351/2088/1701
f 2347/2101/1713 2345/2102/1714 2353/2100/1712
f 2352/2103/1715 2270/2104/1716 2347/2101/1713
f 2353/2100/1712 2352/2103/1715 2347/2101/1713
f 2357/2105/1717 2271/2106/1718 2350/2096/1709
f 2353/2100/1712 2345/2102/1714 2357/2105/1717
f 2350/2096/1709 2353/2100/1712 2357/2105/1717
f 2345/2102/1714 2358/2107/1719 2357/2105/1717
f 2347/2101/1713 2346/2108/1720 2345/2102/1714
f 2270/2104/1716 2349/2109/1721 2347/2101/1713
f 2366/2110/1722 2251/2111/1723 2371/2112/1724
f 2371/2112/1724 2224/2113/1725 2173/2086/1699
f 2173/2086/1699 2249/2082/1695 2366/2110/1722
f 2366/2110/1722 2371/2112/1724 2173/2086/1699
f 2367/2081/1694 2366/2110/1722 2249/2082/1695
f 2226/2085/1698 2368/2114/1726 2367/2081/1694
f 2365/2115/1727 2361/2116/1728 2368/2114/1726
f 2362/2094/1707 2250/2099/1697 2365/2115/1727
f 2368/2114/1726 2362/2094/1707 2365/2115/1727
f 2368/2114/1726 2251/2111/1723 2366/2110/1722
f 2320/2117/1729 2295/2118/1730 1915/2119/1731
f 1862/2031/1650 2321/2120/1732 2320/2117/1729
f 1919/2048/1666 2311/2121/1732 2321/2120/1732
f 2318/2122/1733 2295/2118/1730 2321/2120/1732
f 2311/2121/1732 1860/2123/1733 2318/2122/1733
f 2321/2120/1732 2311/2121/1732 2318/2122/1733
f 2305/2124/1734 2270/2104/1716 2352/2103/1715
f 2352/2103/1715 1914/2092/1705 2294/2125/1735
f 2294/2125/1735 2296/2126/1736 2305/2124/1734
f 2305/2124/1734 2352/2103/1715 2294/2125/1735
f 2317/2127/1737 2296/2126/1736 2294/2125/1735
f 1915/2119/1731 2295/2118/1730 2317/2127/1737
f 2294/2125/1735 1915/2119/1731 2317/2127/1737
f 2317/2127/1737 2306/2128/1738 2296/2126/1736
f 2295/2118/1730 2319/2129/1739 2317/2127/1737
f 2318/2122/1733 2307/2130/1737 2319/2129/1739
f 2297/2131/1740 2298/2132/1741 2299/2133/1742
f 2299/2133/1742 2260/2134/1705 2289/2135/1743
f 2314/2136/1744 2315/2137/1745 2316/2138/1746
f 2314/2136/1744 2307/2130/1737 1860/2123/1733
f 2308/2139/1747 2310/2140/1748 2314/2136/1744
f 1860/2123/1733 2308/2139/1747 2314/2136/1744
f 2308/2139/1747 2309/2141/1749 2310/2140/1748
f 2315/2137/1745 2310/2140/1748 2309/2141/1749
f 2282/2142/1750 2292/2143/1751 2315/2137/1745
f 2309/2141/1749 2282/2142/1750 2315/2137/1745
f 2300/2144/1752 2282/2142/1750 2309/2141/1749
f 2309/2141/1749 2280/2145/1753 1861/2146/1730
f 1861/2146/1730 2281/2147/1754 2300/2144/1752
f 2300/2144/1752 2309/2141/1749 1861/2146/1730
f 2298/2132/1741 2293/2148/1755 2302/2149/1756
f 2286/2150/1757 2260/2134/1705 2298/2132/1741
f 2302/2149/1756 2286/2150/1757 2298/2132/1741
f 2282/2142/1750 2302/2149/1756 2293/2148/1755
f 2300/2144/1752 2301/2151/1758 2302/2149/1756
f 2302/2149/1756 1859/2152/1759 2286/2150/1757
f 2308/2139/1747 1860/2123/1733 2311/2121/1732
f 2313/2153/1732 2280/2145/1753 2308/2139/1747
f 2311/2121/1732 2313/2153/1732 2308/2139/1747
f 1622/2051/1650 2313/2153/1732 2311/2121/1732
f 1855/2063/1650 2312/2154/1760 2313/2153/1732
f 2313/2153/1732 1861/2146/1730 2280/2145/1753
f 2301/2151/1758 2281/2147/1754 2304/2155/1761
f 2276/2156/1762 1859/2152/1759 2301/2151/1758
f 2304/2155/1761 2276/2156/1762 2301/2151/1758
f 1861/2146/1730 2304/2155/1761 2281/2147/1754
f 2263/2157/1763 2259/2158/1694 2266/2159/1764
f 2253/2160/1765 2242/2161/1722 2263/2157/1763
f 2266/2159/1764 2253/2160/1765 2263/2157/1763
f 2267/2162/1766 2240/2163/1697 2264/2164/1767
f 2266/2159/1764 2259/2158/1694 2267/2162/1766
f 2264/2164/1767 2266/2159/1764 2267/2162/1766
f 2264/2164/1767 2265/2165/1768 2266/2159/1764
f 2266/2159/1764 2241/2166/1695 2253/2160/1765
f 2252/2167/1769 2248/2168/1770 2255/2169/1771
f 2244/2170/1772 2197/2171/1773 2252/2167/1769
f 2255/2169/1771 2244/2170/1772 2252/2167/1769
f 2258/2172/1774 2242/2161/1722 2253/2160/1765
f 2255/2169/1771 2248/2168/1770 2258/2172/1774
f 2253/2160/1765 2255/2169/1771 2258/2172/1774
f 2253/2160/1765 2254/2173/1775 2255/2169/1771
f 2255/2169/1771 2162/2174/1776 2244/2170/1772
f 2289/2135/1743 2290/2175/1713 2291/2176/1777
f 2291/2176/1777 2279/2177/1778 2283/2178/1778
f 2283/2178/1778 2284/2179/1779 2285/2180/1719
f 2284/2179/1779 2279/2177/1778 2288/2181/1712
f 2273/2182/1702 2262/2183/1780 2284/2179/1779
f 2288/2181/1712 2273/2182/1702 2284/2179/1779
f 2290/2175/1713 2260/2134/1705 2286/2150/1757
f 2288/2181/1712 2279/2177/1778 2290/2175/1713
f 2286/2150/1757 2288/2181/1712 2290/2175/1713
f 2286/2150/1757 2287/2184/1701 2288/2181/1712
f 2288/2181/1712 2261/2185/1702 2273/2182/1702
f 2272/2186/1781 2268/2187/1782 2275/2188/1783
f 2264/2164/1767 2240/2163/1697 2272/2186/1781
f 2275/2188/1783 2264/2164/1767 2272/2186/1781
f 2278/2189/1784 2262/2183/1780 2273/2182/1702
f 2275/2188/1783 2268/2187/1782 2278/2189/1784
f 2273/2182/1702 2275/2188/1783 2278/2189/1784
f 2273/2182/1702 2274/2190/1785 2275/2188/1783
f 2275/2188/1783 2200/2191/1698 2264/2164/1767
f 2274/2190/1785 2261/2185/1702 2277/2192/1786
f 2256/2193/1697 2200/2191/1698 2274/2190/1785
f 2277/2192/1786 2256/2193/1697 2274/2190/1785
f 2287/2184/1701 1859/2152/1759 2276/2156/1762
f 2277/2192/1786 2261/2185/1702 2287/2184/1701
f 2276/2156/1762 2277/2192/1786 2287/2184/1701
f 2254/2173/1775 2241/2166/1695 2257/2194/1787
f 2236/2195/1700 2162/2174/1776 2254/2173/1775
f 2257/2194/1787 2236/2195/1700 2254/2173/1775
f 2265/2165/1768 2200/2191/1698 2256/2193/1697
f 2257/2194/1787 2241/2166/1695 2265/2165/1768
f 2256/2193/1697 2257/2194/1787 2265/2165/1768
f 2170/2196/1788 2169/2197/1789 2161/2198/1790
f 2402/2199/1791 2171/2200/1792 2184/2201/1793
f 2184/2201/1793 2172/2202/1794 2170/2196/1788
f 2170/2196/1788 2160/2203/1795 2402/2199/1791
f 2402/2199/1791 2184/2201/1793 2170/2196/1788
f 2184/2201/1793 2183/2204/1796 2172/2202/1794
f 2409/2205/1797 2185/2206/1798 2416/2207/1799
f 2416/2207/1799 2186/2208/1800 2184/2201/1793
f 2184/2201/1793 2171/2200/1792 2409/2205/1797
f 2409/2205/1797 2416/2207/1799 2184/2201/1793
f 2416/2207/1799 2415/2209/1801 2186/2208/1800
f 2412/2210/1795 2405/2211/1795 2417/2212/1802
f 2416/2207/1799 2185/2206/1798 2412/2210/1795
f 2417/2212/1802 2416/2207/1799 2412/2210/1795
f 2417/2212/1802 2165/2213/1803 2415/2209/1801
f 2415/2209/1801 2165/2213/1803 2156/2214/1796
f 2183/2204/1796 2186/2208/1800 2415/2209/1801
f 2156/2214/1796 2183/2204/1796 2415/2209/1801
f 2183/2204/1796 2156/2214/1796 2152/2215/1789
f 2169/2197/1789 2172/2202/1794 2183/2204/1796
f 2152/2215/1789 2169/2197/1789 2183/2204/1796
f 2169/2197/1789 2152/2215/1789 1777/2216/1804
f 2065/2217/1805 2161/2198/1790 2169/2197/1789
f 1777/2216/1804 2065/2217/1805 2169/2197/1789
f 2388/2218/1806 2187/2219/1807 2391/2220/1808
f 2379/2221/1809 2174/2222/1810 2388/2218/1806
f 2391/2220/1808 2379/2221/1809 2388/2218/1806
f 2403/2223/1811 2160/2203/1795 2390/2224/1795
f 2391/2220/1808 2187/2219/1807 2403/2223/1811
f 2390/2224/1795 2391/2220/1808 2403/2223/1811
f 2369/2087/1700 2223/2225/1812 2380/2226/1813
f 2376/2227/1814 2174/2222/1810 2379/2221/1809
f 2380/2226/1813 2223/2225/1812 2376/2227/1814
f 2379/2221/1809 2380/2226/1813 2376/2227/1814
f 2376/2227/1814 2375/2228/1815 2174/2222/1810
f 2223/2225/1812 2378/2229/1816 2376/2227/1814
f 2374/2230/1817 2373/2231/1818 2378/2229/1816
f 2377/2232/1819 2225/2233/1820 2374/2230/1817
f 2378/2229/1816 2377/2232/1819 2374/2230/1817
f 2382/2234/1821 2188/2235/1822 2375/2228/1815
f 2378/2229/1816 2373/2231/1818 2382/2234/1821
f 2375/2228/1815 2378/2229/1816 2382/2234/1821
f 2372/2236/1823 2225/2233/1820 2377/2232/1819
f 2377/2232/1819 2223/2225/1812 2173/2086/1699
f 2173/2086/1699 2224/2113/1725 2372/2236/1823
f 2372/2236/1823 2377/2232/1819 2173/2086/1699
f 2403/2223/1811 2402/2199/1791 2160/2203/1795
f 2187/2219/1807 2404/2237/1824 2403/2223/1811
f 2400/2238/1825 2193/2239/1826 2404/2237/1824
f 2387/2240/1827 2189/2241/1828 2400/2238/1825
f 2404/2237/1824 2387/2240/1827 2400/2238/1825
f 2410/2242/1829 2171/2200/1792 2402/2199/1791
f 2404/2237/1824 2193/2239/1826 2410/2242/1829
f 2402/2199/1791 2404/2237/1824 2410/2242/1829
f 2388/2218/1806 2387/2240/1827 2187/2219/1807
f 2174/2222/1810 2389/2243/1830 2388/2218/1806
f 2394/2244/1831 2222/2245/1832 2389/2243/1830
f 2375/2228/1815 2188/2235/1822 2394/2244/1831
f 2389/2243/1830 2375/2228/1815 2394/2244/1831
f 2384/2246/1833 2189/2241/1828 2387/2240/1827
f 2389/2243/1830 2222/2245/1832 2384/2246/1833
f 2387/2240/1827 2389/2243/1830 2384/2246/1833
f 2397/2247/1834 2383/2248/1808 2189/2241/1828
f 2384/2246/1833 2386/2249/1835 2397/2247/1834
f 2189/2241/1828 2384/2246/1833 2397/2247/1834
f 2393/2250/1836 2386/2249/1835 2384/2246/1833
f 2222/2245/1832 2385/2251/1837 2393/2250/1836
f 2384/2246/1833 2222/2245/1832 2393/2250/1836
f 2397/2247/1834 2396/2252/1838 2383/2248/1808
f 2386/2249/1835 2398/2253/1839 2397/2247/1834
f 2394/2244/1831 2385/2251/1837 2222/2245/1832
f 2188/2235/1822 2395/2254/1840 2394/2244/1831
f 2410/2242/1829 2409/2205/1797 2171/2200/1792
f 2193/2239/1826 2411/2255/1841 2410/2242/1829
f 2408/2256/1842 2406/2257/1843 2411/2255/1841
f 2399/2258/1844 2194/2259/1826 2408/2256/1842
f 2411/2255/1841 2399/2258/1844 2408/2256/1842
f 2413/2260/1845 2185/2206/1798 2409/2205/1797
f 2411/2255/1841 2406/2257/1843 2413/2260/1845
f 2409/2205/1797 2411/2255/1841 2413/2260/1845
f 2400/2238/1825 2399/2258/1844 2193/2239/1826
f 2189/2241/1828 2401/2261/1846 2400/2238/1825
f 2413/2260/1845 2412/2210/1795 2185/2206/1798
f 2406/2257/1843 2414/2262/1847 2413/2260/1845
f 2212/2263/1848 2213/2264/1825 2214/2265/1825
f 2214/2265/1825 2190/2266/1849 2202/2267/1850
f 2192/2268/1851 2201/2269/1852 2166/2270/1853
f 2195/2271/1854 2191/2272/1855 2202/2267/1850
f 2204/2273/1856 2192/2268/1851 2195/2271/1854
f 2202/2267/1850 2204/2273/1856 2195/2271/1854
f 2202/2267/1850 2203/2274/1857 2204/2273/1856
f 2204/2273/1856 2157/2275/1792 2201/2269/1852
f 2227/2276/1858 2228/2277/1859 2229/2278/1860
f 2231/2279/1861 2229/2278/1860 2228/2277/1859
f 2196/2280/1862 2215/2281/1863 2231/2279/1861
f 2228/2277/1859 2196/2280/1862 2231/2279/1861
f 2221/2282/1836 2215/2281/1863 2196/2280/1862
f 2216/2283/1864 2217/2284/1865 2221/2282/1836
f 2196/2280/1862 2216/2283/1864 2221/2282/1836
f 2217/2284/1865 2177/2285/1807 2212/2263/1848
f 2216/2283/1864 2196/2280/1862 2220/2286/1866
f 2206/2287/1867 2177/2285/1807 2216/2283/1864
f 2220/2286/1866 2206/2287/1867 2216/2283/1864
f 2228/2277/1859 2175/2288/1868 2218/2289/1869
f 2220/2286/1866 2196/2280/1862 2228/2277/1859
f 2218/2289/1869 2220/2286/1866 2228/2277/1859
f 2218/2289/1869 2219/2290/1806 2220/2286/1866
f 2220/2286/1866 2176/2291/1807 2206/2287/1867
f 2203/2274/1857 2190/2266/1849 2208/2292/1870
f 2205/2293/1871 2157/2275/1792 2203/2274/1857
f 2208/2292/1870 2205/2293/1871 2203/2274/1857
f 2213/2264/1825 2177/2285/1807 2206/2287/1867
f 2208/2292/1870 2190/2266/1849 2213/2264/1825
f 2206/2287/1867 2208/2292/1870 2213/2264/1825
f 2206/2287/1867 2207/2294/1850 2208/2292/1870
f 2208/2292/1870 2153/2295/1871 2205/2293/1871
f 2243/2296/1872 2239/2297/1873 2246/2298/1874
f 2233/2299/1875 2199/2300/1876 2243/2296/1872
f 2246/2298/1874 2233/2299/1875 2243/2296/1872
f 2247/2301/1877 2197/2171/1773 2244/2170/1772
f 2246/2298/1874 2239/2297/1873 2247/2301/1877
f 2244/2170/1772 2246/2298/1874 2247/2301/1877
f 2244/2170/1772 2245/2302/1878 2246/2298/1874
f 2246/2298/1874 2198/2303/1879 2233/2299/1875
f 2232/2304/1880 2230/2305/1881 2235/2306/1882
f 2218/2289/1869 2175/2288/1868 2232/2304/1880
f 2235/2306/1882 2218/2289/1869 2232/2304/1880
f 2238/2307/1883 2199/2300/1876 2233/2299/1875
f 2235/2306/1882 2230/2305/1881 2238/2307/1883
f 2233/2299/1875 2235/2306/1882 2238/2307/1883
f 2233/2299/1875 2234/2308/1884 2235/2306/1882
f 2235/2306/1882 2163/2309/1810 2218/2289/1869
f 2234/2308/1884 2198/2303/1879 2237/2310/1813
f 2210/2311/1809 2163/2309/1810 2234/2308/1884
f 2237/2310/1813 2210/2311/1809 2234/2308/1884
f 2245/2302/1878 2162/2174/1776 2236/2195/1700
f 2237/2310/1813 2198/2303/1879 2245/2302/1878
f 2236/2195/1700 2237/2310/1813 2245/2302/1878
f 2207/2294/1850 2176/2291/1807 2211/2312/1808
f 2209/2313/1795 2153/2295/1871 2207/2294/1850
f 2211/2312/1808 2209/2313/1795 2207/2294/1850
f 2219/2290/1806 2163/2309/1810 2210/2311/1809
f 2211/2312/1808 2176/2291/1807 2219/2290/1806
f 2210/2311/1809 2211/2312/1808 2219/2290/1806
f 2155/2314/1885 2154/2315/1790 2056/2316/1886
f 1777/2216/1804 2152/2215/1789 2155/2314/1885
f 2056/2316/1886 1777/2216/1804 2155/2314/1885
f 2164/2317/1796 2159/2318/1887 2155/2314/1885
f 2152/2215/1789 2156/2214/1796 2164/2317/1796
f 2155/2314/1885 2152/2215/1789 2164/2317/1796
f 2178/2319/1801 2168/2320/1888 2164/2317/1796
f 2156/2214/1796 2165/2213/1803 2178/2319/1801
f 2164/2317/1796 2156/2214/1796 2178/2319/1801
f 2179/2321/1889 2178/2319/1801 2165/2213/1803
f 2180/2322/1890 2181/2323/1891 2182/2324/1892
f 2182/2324/1892 2168/2320/1888 2178/2319/1801
f 2181/2323/1891 2166/2270/1853 2201/2269/1852
f 2201/2269/1852 2157/2275/1792 2167/2325/1888
f 2167/2325/1888 2168/2320/1888 2181/2323/1891
f 2181/2323/1891 2201/2269/1852 2167/2325/1888
f 2168/2320/1888 2159/2318/1887 2164/2317/1796
f 2167/2325/1888 2157/2275/1792 2205/2293/1871
f 2205/2293/1871 2153/2295/1871 2158/2326/1893
f 2158/2326/1893 2159/2318/1887 2167/2325/1888
f 2167/2325/1888 2205/2293/1871 2158/2326/1893
f 2159/2318/1887 2154/2315/1790 2155/2314/1885
f 2069/2327/1894 2068/2328/1895 2067/2329/1896
f 2064/2330/1897 2071/2331/1898 2069/2327/1894
f 2075/2332/1899 2072/2333/1900 1775/2334/1901
f 2073/2335/1902 2074/2336/1903 2075/2332/1899
f 1775/2334/1901 2073/2335/1902 2075/2332/1899
f 2067/2329/1896 2074/2336/1903 2073/2335/1902
f 2065/2217/1805 2055/2337/1904 2066/2338/1905
f 2055/2337/1904 2062/2339/1906 2059/2340/1907
f 2060/2341/1908 2061/2342/1909 2062/2339/1906
f 2062/2339/1906 2054/2343/1910 2058/2344/1911
f 2060/2341/1908 2055/2337/1904 1777/2216/1804
f 2056/2316/1886 2057/2345/1912 2060/2341/1908
f 1777/2216/1804 2056/2316/1886 2060/2341/1908
f 2076/2346/1913 2077/2347/1914 2078/2348/1915
f 2078/2348/1915 2077/2347/1914 1795/2349/1916
f 2116/2350/1917 2058/2344/1911 2054/2343/1910
f 2114/2351/1918 2115/2352/1919 2116/2350/1917
f 2054/2343/1910 2114/2351/1918 2116/2350/1917
f 2115/2352/1919 2063/2353/1920 2076/2346/1913
f 1766/2354/1921 1767/2355/1922 1768/2356/1922
f 1768/2356/1922 1756/2357/1923 1757/2358/1924
f 1769/2359/1925 1770/2360/1926 1771/2361/1926
f 1766/2354/1921 1755/2362/1927 1771/2361/1926
f 1770/2360/1926 1754/2363/1928 1766/2354/1921
f 1771/2361/1926 1770/2360/1926 1766/2354/1921
f 1758/2364/1929 1754/2363/1928 1770/2360/1926
f 1770/2360/1926 1752/2365/1930 1751/2366/1931
f 1751/2366/1931 1753/2367/1932 1758/2364/1929
f 1758/2364/1929 1770/2360/1926 1751/2366/1931
f 1767/2355/1922 1754/2363/1928 1758/2364/1929
f 1760/2368/1933 1756/2357/1923 1767/2355/1922
f 1758/2364/1929 1760/2368/1933 1767/2355/1922
f 1758/2364/1929 1759/2369/1934 1760/2368/1933
f 1778/2370/1935 1779/2371/1936 1780/2372/1937
f 1780/2372/1937 1752/2365/1930 1769/2359/1925
f 1781/2373/1938 1782/2374/1939 1783/2375/1940
f 1783/2375/1940 1774/2376/1941 1778/2370/1935
f 1782/2374/1939 1772/2377/1942 1749/2378/1943
f 1773/2379/1944 1774/2376/1941 1782/2374/1939
f 1749/2378/1943 1773/2379/1944 1782/2374/1939
f 1779/2371/1936 1774/2376/1941 1773/2379/1944
f 1751/2366/1931 1752/2365/1930 1779/2371/1936
f 1773/2379/1944 1751/2366/1931 1779/2371/1936
f 1773/2379/1944 1761/2380/1945 1751/2366/1931
f 1749/2378/1943 2096/2381/1946 1773/2379/1944
f 2092/2382/1947 1748/2383/1943 2095/2384/1946
f 2096/2381/1946 2087/2385/1948 2092/2382/1947
f 2095/2384/1946 2096/2381/1946 2092/2382/1947
f 2096/2381/1946 1750/2386/1945 1761/2380/1945
f 1751/2366/1931 1763/2387/1932 1753/2367/1932
f 1761/2380/1945 1762/2388/1949 1763/2387/1932
f 1784/2389/1950 1785/2390/1951 1786/2391/1952
f 1786/2391/1952 1749/2378/1943 1772/2377/1942
f 2086/2392/1953 2079/2393/1954 1776/2394/1955
f 2080/2395/1956 2081/2396/1957 2086/2392/1953
f 1776/2394/1955 2080/2395/1956 2086/2392/1953
f 2082/2397/1958 2081/2396/1957 2080/2395/1956
f 1775/2334/1901 2072/2333/1900 2082/2397/1958
f 2080/2395/1956 1775/2334/1901 2082/2397/1958
f 2093/2398/1959 2087/2385/1948 1749/2378/1943
f 1785/2390/1951 2088/2399/1960 2093/2398/1959
f 1749/2378/1943 1785/2390/1951 2093/2398/1959
f 2089/2400/1961 2088/2399/1960 1785/2390/1951
f 1776/2394/1955 2079/2393/1954 2089/2400/1961
f 1785/2390/1951 1776/2394/1955 2089/2400/1961
f 2093/2398/1959 2092/2382/1947 2087/2385/1948
f 2109/2401/1962 2090/2402/1963 2107/2403/1964
f 2112/2404/1965 2083/2405/1966 1796/2406/1967
f 1798/2407/1968 2091/2408/1960 2112/2404/1965
f 1796/2406/1967 1798/2407/1968 2112/2404/1965
f 2108/2409/1959 2091/2408/1960 1798/2407/1968
f 1764/2410/1943 2090/2402/1963 2108/2409/1959
f 1798/2407/1968 1764/2410/1943 2108/2409/1959
f 1795/2349/1916 2084/2411/1969 2085/2412/1970
f 2113/2413/1971 2085/2412/1970 2084/2411/1969
f 1796/2406/1967 2083/2405/1966 2113/2413/1971
f 2084/2411/1969 1796/2406/1967 2113/2413/1971
f 1798/2407/1968 1797/2414/1943 1764/2410/1943
f 1796/2406/1967 1800/2415/1952 1798/2407/1968
f 2095/2384/1946 2110/2416/1945 1750/2386/1945
f 2107/2403/1964 2090/2402/1963 2111/2417/1972
f 2095/2384/1946 1748/2383/1943 2107/2403/1964
f 2111/2417/1972 2095/2384/1946 2107/2403/1964
f 2090/2402/1963 1802/2418/1973 2111/2417/1972
f 2111/2417/1972 1765/2419/1974 2110/2416/1945
f 1813/2420/1975 1801/2421/1930 1765/2419/1974
f 1802/2418/1973 1803/2422/1976 1813/2420/1975
f 1765/2419/1974 1802/2418/1973 1813/2420/1975
f 1805/2423/1939 1803/2422/1976 1802/2418/1973
f 1764/2410/1943 1797/2414/1943 1805/2423/1939
f 1802/2418/1973 1764/2410/1943 1805/2423/1939
f 1809/2424/1977 1804/2425/1978 1803/2422/1976
f 1805/2423/1939 1807/2426/1979 1809/2424/1977
f 1803/2422/1976 1805/2423/1939 1809/2424/1977
f 1797/2414/1943 1807/2426/1979 1805/2423/1939
f 1809/2424/1977 1808/2427/1980 1804/2425/1978
f 1807/2426/1979 1811/2428/1981 1809/2424/1977
f 1821/2429/1982 1812/2430/1930 1801/2421/1930
f 1813/2420/1975 1814/2431/1983 1821/2429/1982
f 1801/2421/1930 1813/2420/1975 1821/2429/1982
f 1818/2432/1984 1814/2431/1983 1813/2420/1975
f 1803/2422/1976 1804/2425/1978 1818/2432/1984
f 1813/2420/1975 1803/2422/1976 1818/2432/1984
f 1818/2432/1984 1817/2433/1985 1814/2431/1983
f 1804/2425/1978 1819/2434/1986 1818/2432/1984
f 1821/2429/1982 1820/2435/1945 1812/2430/1930
f 1814/2431/1983 1822/2436/1987 1821/2429/1982
f 1824/2437/1926 1816/2438/1988 1815/2439/1988
f 1765/2419/1974 1801/2421/1930 1824/2437/1926
f 1815/2439/1988 1765/2419/1974 1824/2437/1926
f 1824/2437/1926 1823/2440/1927 1816/2438/1988
f 1801/2421/1930 1825/2441/1989 1824/2437/1926
f 1659/1693/1385 1648/2442/1990 1649/2443/1991
f 1675/1694/1386 1659/1693/1385 1649/2443/1991
f 1672/1691/1383 1647/2444/1992 1648/2442/1990
f 1672/1691/1383 1648/2442/1990 1659/1693/1385
f 1649/2443/1991 1673/1692/1384 1675/1694/1386
f 1673/1692/1384 1649/2443/1991 1650/2445/1993
f 1684/1700/1360 1650/2445/1993 1651/2446/1994
f 1682/1699/1389 1684/1700/1360 1651/2446/1994
f 1673/1692/1384 1650/2445/1993 1684/1700/1360
f 1651/2446/1994 1687/1702/1391 1682/1699/1389
f 1651/2446/1994 1685/1701/1390 1687/1702/1391
f 1685/1701/1390 1651/2446/1994 1635/2447/1995
f 1661/2448/1996 1645/2449/1997 1646/2450/1998
f 1661/2448/1996 1646/2450/1998 1647/2444/1992
f 1660/1689/1382 1645/2449/1997 1661/2448/1996
f 1645/2449/1997 1660/1689/1382 1664/1688/1381
f 1645/2449/1997 1664/1688/1381 1663/1686/1379
f 1663/1686/1379 1692/2451/1997 1645/2449/1997
f 1672/1691/1383 1661/2448/1996 1647/2444/1992
f 1670/1690/1373 1672/1691/1383 1659/1693/1385
f 1657/1685/1378 1667/1679/1373 1663/1686/1379
f 1667/1679/1373 1692/2451/1997 1663/1686/1379
f 1690/1715/1336 1676/1696/1335 1685/1701/1390
f 1688/1714/1338 1690/1715/1336 1635/2447/1995
f 1685/1701/1390 1635/2447/1995 1690/1715/1336
f 1991/1748/1417 1679/1706/1395 1688/1714/1338
f 1688/1714/1338 2035/1704/1393 1680/1713/1402
f 1688/1714/1338 1679/1706/1395 2035/1704/1393
f 1991/1748/1417 1688/1714/1338 1635/2447/1995
f 2563/2452/1999 1636/2453/2000 2564/1877/1442
f 2543/1878/1436 2564/1877/1442 1636/2453/2000
f 2563/2452/1999 2578/1832/1495 1636/2453/2000
f 1986/1744/1408 2004/1741/1421 1636/2453/2000
f 1992/1747/1429 1679/1706/1395 1991/1748/1417
f 1987/1740/1416 1991/1748/1417 1635/2447/1995
f 2004/1741/1421 1987/1740/1416 1635/2447/1995
f 2004/1741/1421 1635/2447/1995 1636/2453/2000
f 2025/2454/2001 1974/1711/1400 2037/1712/1401
f 2024/2455/2002 1972/1703/1392 2036/1705/1394
f 2024/2455/2002 2036/1705/1394 1990/1707/1396
f 2025/2454/2001 2037/1712/1401 1972/1703/1392
f 1636/2453/2000 2007/1750/1405 2016/1757/1412
f 1636/2453/2000 2006/1751/1430 2007/1750/1405
f 1636/2453/2000 2578/1832/1495 2538/1834/1497
f 2563/2452/1999 2505/1833/1496 2578/1832/1495
f 2538/1834/1497 2006/1751/1430 1636/2453/2000
f 2016/1757/1412 1986/1744/1408 1636/2453/2000
f 2040/1709/1398 2039/1708/1397 1974/1711/1400
f 2022/2456/2003 1992/1747/1429 2034/1746/1428
f 2022/2456/2003 2034/1746/1428 1989/1739/1424
f 2023/2457/2004 2024/2455/2002 1990/1707/1396
f 1992/1747/1429 2022/2456/2003 2023/2457/2004
f 2022/2456/2003 1989/1739/1424 2033/1738/1423
f 2024/2455/2002 2025/2454/2001 1972/1703/1392
f 2021/2458/2005 2033/1738/1423 2005/1742/1425
f 2020/2459/2006 2005/1742/1425 2032/1743/1426
f 2021/2458/2005 2005/1742/1425 2020/2459/2006
f 2032/1743/1426 2019/2460/2007 2020/2459/2006
f 2003/1745/1427 2019/2460/2007 2032/1743/1426
f 2022/2456/2003 2033/1738/1423 2021/2458/2005
f 1666/1678/1372 1692/2451/1997 1667/1679/1373
f 2040/1709/1398 1961/2461/2008 2038/1671/1335
f 1961/2461/2008 1652/1670/1335 2038/1671/1335
f 1669/1661/1361 1666/1678/1372 1654/1674/1369
f 1962/2462/2009 1652/1670/1335 1961/2461/2008
f 1720/1667/1367 1692/2451/1997 1666/1678/1372
f 2026/2463/2010 2040/1709/1398 1974/1711/1400
f 2029/1754/1432 2019/2460/2007 2003/1745/1427
f 2040/1709/1398 2026/2463/2010 2027/2464/2009
f 2019/2460/2007 2029/1754/1432 2018/2465/2011
f 1961/2461/2008 2040/1709/1398 2027/2464/2009
f 2025/2454/2001 2026/2463/2010 1974/1711/1400
f 2023/2457/2004 1990/1707/1396 1992/1747/1429
f 2570/1859/1515 2574/1869/1440 2536/1872/1524
f 1971/2466/1406 2031/1756/1433 2028/1752/1431
f 2570/1859/1515 2575/1870/1456 2574/1869/1440
f 2437/2467/2012 2580/1854/1513 2582/1856/1514
f 2570/1859/1515 2572/1861/1517 2580/1854/1513
f 2436/2468/2013 2437/2467/2012 2565/1858/1449
f 2582/1856/1514 2565/1858/1449 2437/2467/2012
f 2565/1858/1449 2567/1864/1519 2436/2468/2013
f 2580/1854/1513 2438/2469/2014 2570/1859/1515
f 2437/2467/2012 2438/2469/2014 2580/1854/1513
f 1971/2466/1406 2018/2465/2011 2031/1756/1433
f 2010/1725/1412 1971/2466/1406 2028/1752/1431
f 2442/2470/2015 2000/1823/1444 2589/1824/1444
f 2442/2470/2015 2634/1822/1444 2000/1823/1444
f 2442/2470/2015 2589/1824/1444 2591/1868/1522
f 2575/1870/1456 2570/1859/1515 2439/2471/2016
f 2438/2469/2014 2439/2471/2016 2570/1859/1515
f 2440/2472/2017 2575/1870/1456 2439/2471/2016
f 2441/2473/2018 2591/1868/1522 2440/2472/2017
f 2440/2472/2017 2591/1868/1522 2590/1867/1521
f 2442/2470/2015 2591/1868/1522 2441/2473/2018
f 2440/2472/2017 2590/1867/1521 2575/1870/1456
f 2029/1754/1432 2031/1756/1433 2018/2465/2011
f 2010/1725/1412 2012/1723/1410 1971/2466/1406
f 2544/1879/1435 2543/1878/1436 1636/2453/2000
f 2522/1880/1439 2544/1879/1435 1636/2453/2000
f 1637/2474/2019 2487/1968/1558 2523/1967/1601
f 1637/2474/2019 2488/1969/1557 2487/1968/1558
f 2523/1967/1601 2522/1880/1439 1637/2474/2019
f 2497/1991/1614 2486/1970/1602 1637/2474/2019
f 2488/1969/1557 1637/2474/2019 2486/1970/1602
f 2496/1990/1613 2497/1991/1614 1637/2474/2019
f 2467/1975/1604 2496/1990/1613 1846/2475/2020
f 1637/2474/2019 1846/2475/2020 2496/1990/1613
f 1637/2474/2019 1847/2017/1623 1846/2475/2020
f 1847/2017/1623 1637/2474/2019 1832/2476/2021
f 1636/2453/2000 1637/2474/2019 2522/1880/1439
f 2434/2477/2022 2550/1836/1499 2533/1839/1502
f 2433/2478/2023 2533/1839/1502 2545/1838/1501
f 2432/2479/2024 2527/1842/1435 2532/1850/1511
f 2432/2479/2024 2532/1850/1511 2528/1847/1508
f 2433/2478/2023 2545/1838/1501 2527/1842/1435
f 2496/1990/1613 2467/1975/1604 1844/1989/1532
f 1846/2475/2020 1831/1976/1551 2467/1975/1604
f 1845/2015/1634 1840/2016/1637 1624/2480/2025
f 1840/2016/1637 1830/2481/2026 1624/2480/2025
f 1624/2480/2025 1841/2014/1636 1845/2015/1634
f 1829/2482/2027 1840/2016/1637 1847/2017/1623
f 1638/2483/2028 1834/2019/1639 1832/2476/2021
f 1637/2474/2019 1638/2483/2028 1832/2476/2021
f 1639/2484/2029 1620/2485/2030 1638/2483/2028
f 1834/2019/1639 1638/2483/2028 1621/2486/2031
f 1620/2485/2030 1621/2486/2031 1638/2483/2028
f 1619/2487/2032 1620/2485/2030 1639/2484/2029
f 1621/2486/2031 1826/2488/2033 1834/2019/1639
f 1640/2489/2034 1616/2490/2035 1610/2491/2036
f 1614/2492/2037 1640/2489/2034 1641/2493/2038
f 1641/2493/2038 1613/2494/2039 1614/2492/2037
f 1641/2493/2038 1853/2495/2040 1613/2494/2039
f 1853/2495/2040 1641/2493/2038 1865/2073/1686
f 1610/2491/2036 1618/2496/2041 1639/2484/2029
f 1640/2489/2034 1614/2492/2037 1615/2497/2042
f 1835/2020/1639 1828/2498/2043 1833/2018/1638
f 1827/2499/2044 1835/2020/1639 1834/2019/1639
f 1827/2499/2044 1828/2498/2043 1835/2020/1639
f 1829/2482/2027 1830/2481/2026 1840/2016/1637
f 1833/2018/1638 1828/2498/2043 1829/2482/2027
f 1832/2476/2021 1833/2018/1638 1829/2482/2027
f 1616/2490/2035 1617/2500/2036 1610/2491/2036
f 1615/2497/2042 1616/2490/2035 1640/2489/2034
f 1619/2487/2032 1639/2484/2029 1618/2496/2041
f 1617/2500/2036 1618/2496/2041 1610/2491/2036
f 1826/2488/2033 1827/2499/2044 1834/2019/1639
f 1832/2476/2021 1829/2482/2027 1847/2017/1623
f 2524/1959/1594 2431/2501/2045 2502/1849/1510
f 2430/2502/2046 2524/1959/1594 2504/1960/1595
f 2429/2503/2047 2430/2502/2046 2512/1962/1597
f 2504/1960/1595 2512/1962/1597 2430/2502/2046
f 2518/1961/1596 2429/2503/2047 2512/1962/1597
f 2430/2502/2046 2431/2501/2045 2524/1959/1594
f 2429/2503/2047 2518/1961/1596 2470/1949/1588
f 2428/2504/2048 2429/2503/2047 2470/1949/1588
f 2501/1944/1555 2427/2505/2049 2511/1948/1587
f 2507/1943/1584 2427/2505/2049 2501/1944/1555
f 2511/1948/1587 2428/2504/2048 2470/1949/1588
f 2472/1947/1586 2427/2505/2049 2507/1943/1584
f 2435/2506/2050 2566/1863/1470 2559/1866/1469
f 2435/2506/2050 2559/1866/1469 2549/1835/1498
f 2567/1864/1519 2566/1863/1470 2435/2506/2050
f 2551/1837/1500 2435/2506/2050 2549/1835/1498
f 2434/2477/2022 2435/2506/2050 2551/1837/1500
f 2436/2468/2013 2567/1864/1519 2435/2506/2050
f 2511/1948/1587 2427/2505/2049 2428/2504/2048
f 2550/1836/1499 2434/2477/2022 2551/1837/1500
f 2434/2477/2022 2533/1839/1502 2433/2478/2023
f 2433/2478/2023 2527/1842/1435 2432/2479/2024
f 2528/1847/1508 2431/2501/2045 2432/2479/2024
f 2427/2505/2049 2472/1947/1586 2426/2507/2051
f 2528/1847/1508 2502/1849/1510 2431/2501/2045
f 2477/1937/1579 2426/2507/2051 2500/1955/1591
f 2479/1936/1578 2426/2507/2051 2477/1937/1579
f 2425/2508/2052 2499/1935/1577 2481/1939/1581
f 2424/2509/2053 2481/1939/1581 2489/1940/1582
f 2425/2508/2052 2479/1936/1578 2499/1935/1577
f 2490/1983/1609 2469/1982/1540 2457/1985/1611
f 2464/1977/1605 2490/1983/1609 2457/1985/1611
f 2423/2510/2054 2478/1942/1583 2492/1981/1608
f 2422/2511/2055 2492/1981/1608 2490/1983/1609
f 2423/2510/2054 2489/1940/1582 2478/1942/1583
f 2425/2508/2052 2426/2507/2051 2479/1936/1578
f 2424/2509/2053 2425/2508/2052 2481/1939/1581
f 2422/2511/2055 2423/2510/2054 2492/1981/1608
f 2421/2512/2056 2422/2511/2055 2490/1983/1609
f 2424/2509/2053 2489/1940/1582 2423/2510/2054
f 2464/1977/1605 2419/2513/2057 2420/2514/2058
f 2421/2512/2056 2464/1977/1605 2420/2514/2058
f 2421/2512/2056 2490/1983/1609 2464/1977/1605
f 2466/1979/1606 2419/2513/2057 2464/1977/1605
f 2419/2513/2057 2466/1979/1606 2452/1904/1549
f 1838/2013/1635 1841/2014/1636 1624/2480/2025
f 2472/1947/1586 2500/1955/1591 2426/2507/2051
f 2419/2513/2057 2452/1904/1549 2418/2515/2059
f 1964/2516/2060 1965/2517/2061 1978/1639/1341
f 2001/2518/2062 1969/2519/2063 1970/2520/2011
f 1969/2519/2063 2001/2518/2062 1994/1722/1409
f 1968/2521/2064 1969/2519/2063 2002/1735/1420
f 1970/2520/2011 2014/1724/1411 2001/2518/2062
f 1967/2522/2065 1968/2521/2064 1996/1737/1422
f 1970/2520/2011 1971/2466/1406 2014/1724/1411
f 2634/1822/1444 2442/2470/2015 2635/1794/1466
f 2012/1723/1410 2014/1724/1411 1971/2466/1406
f 2620/2523/2066 2635/1794/1466 2596/2524/2018
f 2620/2523/2066 2633/1791/1465 2635/1794/1466
f 2585/1788/1462 2633/1791/1465 2620/2523/2066
f 2620/2523/2066 2596/2524/2018 2597/2525/1459
f 2635/1794/1466 2442/2470/2015 2596/2524/2018
f 1977/1637/1339 1976/1669/1335 1962/2462/2009
f 1963/2526/2067 1977/1637/1339 1962/2462/2009
f 1964/2516/2060 1975/1635/1337 1963/2526/2067
f 1963/2526/2067 1975/1635/1337 1977/1637/1339
f 1964/2516/2060 1980/1641/1343 1975/1635/1337
f 1980/1641/1343 1964/2516/2060 1978/1639/1341
f 1993/1729/1415 1985/1733/1418 1966/2527/2068
f 1985/1733/1418 1965/2517/2061 1966/2527/2068
f 1965/2517/2061 1988/1734/1419 1978/1639/1341
f 1965/2517/2061 1985/1733/1418 1988/1734/1419
f 1967/2522/2065 1993/1729/1415 1966/2527/2068
f 2598/2528/1458 2621/1795/1467 2597/2525/1459
f 2619/1785/1459 2621/1795/1467 2598/2528/1458
f 2598/2528/1458 2618/1786/1460 2619/1785/1459
f 2618/1786/1460 2598/2528/1458 2599/2529/1524
f 2597/2525/1459 2621/1795/1467 2620/2523/2066
f 2569/1790/1464 2639/1789/1463 2599/2529/1524
f 2600/2530/2069 2569/1790/1464 2599/2529/1524
f 2618/1786/1460 2599/2529/1524 2639/1789/1463
f 2622/1783/1451 2569/1790/1464 2600/2530/2069
f 2600/2530/2069 2650/1801/1471 2649/2531/2070
f 2600/2530/2069 2649/2531/2070 2652/1802/1472
f 2622/1783/1451 2600/2530/2069 2652/1802/1472
f 2652/1802/1472 2649/2531/2070 2642/1800/1449
f 2601/2532/2071 2648/1799/1470 2650/1801/1471
f 2601/2532/2071 2643/1798/1469 2648/1799/1470
f 2640/1797/1437 2653/1796/1468 2602/2533/2072
f 2601/2532/2071 2650/1801/1471 2600/2530/2069
f 2603/2534/2073 2640/1797/1437 2602/2533/2072
f 2643/1798/1469 2602/2533/2072 2653/1796/1468
f 2603/2534/2073 2661/1810/1479 2640/1797/1437
f 2603/2534/2073 2655/1811/1480 2661/1810/1479
f 2655/1811/1480 2603/2534/2073 2604/2535/2074
f 2643/1798/1469 2601/2532/2071 2602/2533/2072
f 1721/1666/1366 1691/2536/2075 1720/1667/1367
f 1699/2537/2076 1691/2536/2075 1721/1666/1366
f 1698/2538/2077 1699/2537/2076 1721/1666/1366
f 1697/2539/2078 1728/1663/1363 1730/1665/1365
f 1728/1663/1363 1698/2538/2077 1721/1666/1366
f 1709/1650/1350 1703/1630/1335 1705/1632/1336
f 1713/1646/1347 1712/1645/1347 1709/1650/1350
f 1693/2540/2079 1713/1646/1347 1709/1650/1350
f 1697/2539/2078 1730/1665/1365 1717/1658/1358
f 1698/2538/2077 1728/1663/1363 1697/2539/2078
f 1697/2539/2078 1717/1658/1358 1725/1654/1354
f 1696/2541/2080 1697/2539/2078 1725/1654/1354
f 1696/2541/2080 1727/1656/1356 1722/1651/1351
f 1695/2542/2081 1696/2541/2080 1722/1651/1351
f 1725/1654/1354 1727/1656/1356 1696/2541/2080
f 1695/2542/2081 1724/1653/1353 1714/1642/1344
f 1694/2543/2082 1714/1642/1344 1716/1644/1346
f 1695/2542/2081 1714/1642/1344 1694/2543/2082
f 1713/1646/1347 1694/2543/2082 1716/1644/1346
f 1713/1646/1347 1693/2540/2079 1694/2543/2082
f 1722/1651/1351 1724/1653/1353 1695/2542/2081
f 1693/2540/2079 1709/1650/1350 1705/1632/1336
f 1967/2522/2065 1983/1730/1416 1993/1729/1415
f 1702/1634/1338 1979/1638/1340 1700/1640/1342
f 1702/1634/1338 1700/1640/1342 1984/1732/1417
f 1702/1634/1338 1701/1633/1337 1979/1638/1340
f 1968/2521/2064 2002/1735/1420 1996/1737/1422
f 1969/2519/2063 1994/1722/1409 2002/1735/1420
f 1693/2540/2079 1982/1731/1416 1995/1736/1421
f 1740/2544/2083 1995/1736/1421 1981/1721/1408
f 1996/1737/1422 1983/1730/1416 1967/2522/2065
f 1693/2540/2079 1984/1732/1417 1982/1731/1416
f 1740/2544/2083 2009/1716/1403 1999/1718/1405
f 1740/2544/2083 1999/1718/1405 1997/1728/1414
f 1702/1634/1338 1984/1732/1417 1693/2540/2079
f 1702/1634/1338 1693/2540/2079 1705/1632/1336
f 1693/2540/2079 1995/1736/1421 1740/2544/2083
f 1740/2544/2083 1997/1728/1414 2556/1813/1482
f 1740/2544/2083 1981/1721/1408 2009/1716/1403
f 1740/2544/2083 2586/1816/1484 2631/1768/1443
f 2631/1768/1443 2586/1816/1484 2516/1769/1444
f 1740/2544/2083 2631/1768/1443 2632/1767/1442
f 1740/2544/2083 2632/1767/1442 2630/1761/1436
f 2556/1813/1482 2586/1816/1484 1740/2544/2083
f 2660/1760/1435 1740/2544/2083 2630/1761/1436
f 1962/2462/2009 1976/1669/1335 1652/1670/1335
f 2662/1805/1475 2531/1804/1474 2605/2545/2084
f 2531/1804/1474 2604/2535/2074 2605/2545/2084
f 2604/2535/2074 2644/1809/1478 2654/1808/1477
f 2604/2535/2074 2531/1804/1474 2644/1809/1478
f 2606/2546/2085 2662/1805/1475 2605/2545/2084
f 2655/1811/1480 2604/2535/2074 2654/1808/1477
f 2611/2547/2086 2476/1928/1557 2610/2548/2087
f 2666/1932/1574 2609/2549/2088 2610/2548/2087
f 2609/2549/2088 2475/1919/1562 2608/2550/2089
f 2607/2551/2090 2663/1923/1566 2606/2546/2085
f 2664/1918/1561 2607/2551/2090 2608/2550/2089
f 2674/2552/2091 2498/1926/1569 2611/2547/2086
f 2606/2546/2085 2514/1806/1476 2662/1805/1475
f 2606/2546/2085 2663/1923/1566 2514/1806/1476
f 2607/2551/2090 2664/1918/1561 2515/1922/1565
f 2515/1922/1565 2663/1923/1566 2607/2551/2090
f 2609/2549/2088 2665/1931/1573 2475/1919/1562
f 2609/2549/2088 2666/1932/1574 2665/1931/1573
f 2611/2547/2086 2675/1925/1568 2476/1928/1557
f 2611/2547/2086 2498/1926/1569 2675/1925/1568
f 2476/1928/1557 2666/1932/1574 2610/2548/2087
f 2475/1919/1562 2664/1918/1561 2608/2550/2089
f 2451/1902/1547 2614/2553/2092 2615/2554/2058
f 2616/2555/2093 2451/1902/1547 2615/2554/2058
f 2682/1897/1542 2613/2556/2094 2614/2553/2092
f 2612/2557/2095 2679/1933/1575 2681/1934/1576
f 2674/2552/2091 2612/2557/2095 2681/1934/1576
f 2612/2557/2095 2613/2556/2094 2679/1933/1575
f 2614/2553/2092 2451/1902/1547 2682/1897/1542
f 2690/1903/1548 2692/2558/2096 2617/2559/2097
f 2418/2515/2059 2690/1903/1548 2617/2559/2097
f 2616/2555/2093 2617/2559/2097 2692/2558/2096
f 2616/2555/2093 2692/2558/2096 2691/1900/1545
f 2451/1902/1547 2616/2555/2093 2691/1900/1545
f 2418/2515/2059 2452/1904/1549 2690/1903/1548
f 2611/2547/2086 2612/2557/2095 2674/2552/2091
f 2613/2556/2094 2684/1898/1543 2679/1933/1575
f 2613/2556/2094 2682/1897/1542 2684/1898/1543
f 2682/1897/1542 2446/1889/1535 2473/1894/1540
f 2451/1902/1547 2446/1889/1535 2682/1897/1542
f 1625/2560/2098 1948/2010/1632 1943/2011/1633
f 1939/2012/1634 1625/2560/2098 1943/2011/1633
f 1931/2561/2099 1948/2010/1632 1625/2560/2098
f 1932/2562/2100 1947/2008/1630 1948/2010/1632
f 1931/2561/2099 1932/2562/2100 1948/2010/1632
f 1948/2010/1632 1942/2007/1629 1943/2011/1633
f 1939/2012/1634 1838/2013/1635 1625/2560/2098
f 1932/2562/2100 1933/2563/2101 1947/2008/1630
f 2448/1916/1559 2672/1915/1558 2513/1921/1564
f 2688/1887/1533 1941/1886/1532 2460/1906/1550
f 2460/1906/1550 1836/1908/1552 1945/2001/1624
f 2513/1921/1564 2659/1764/1439 2447/1763/1438
f 1933/2563/2101 1837/2009/1631 1947/2008/1630
f 1951/2004/1626 1837/2009/1631 1957/2564/2102
f 1934/2565/2043 1957/2564/2102 1837/2009/1631
f 1837/2009/1631 1933/2563/2101 1934/2565/2043
f 1950/1997/1620 1951/2004/1626 1957/2564/2102
f 1739/2566/2019 2659/1764/1439 2672/1915/1558
f 2513/1921/1564 2672/1915/1558 2659/1764/1439
f 1739/2566/2019 2672/1915/1558 2673/1914/1557
f 1739/2566/2019 2671/1884/1530 2689/1883/1529
f 2688/1887/1533 1739/2566/2019 2689/1883/1529
f 2673/1914/1557 2671/1884/1530 1739/2566/2019
f 1740/2544/2083 2659/1764/1439 1739/2566/2019
f 1739/2566/2019 2688/1887/1533 1945/2001/1624
f 2460/1906/1550 1945/2001/1624 2688/1887/1533
f 1739/2566/2019 1945/2001/1624 1946/2000/1623
f 1739/2566/2019 1952/2003/1625 1944/2005/1627
f 1739/2566/2019 1944/2005/1627 1950/1997/1620
f 1739/2566/2019 1946/2000/1623 1952/2003/1625
f 1738/2567/2028 1950/1997/1620 1956/1995/1618
f 1958/1998/1621 1957/2564/2102 1934/2565/2043
f 1838/2013/1635 1624/2480/2025 1625/2560/2098
f 1959/1994/1617 1960/1993/1616 1936/2568/2103
f 1960/1993/1616 1935/2569/2104 1936/2568/2103
f 1935/2569/2104 1955/1996/1619 1958/1998/1621
f 1935/2569/2104 1960/1993/1616 1955/1996/1619
f 1626/2570/2031 1959/1994/1617 1936/2568/2103
f 1934/2565/2043 1935/2569/2104 1958/1998/1621
f 1634/2571/2039 1734/2572/2105 1633/2573/2037
f 1633/2573/2037 1735/2574/2034 1632/2575/2106
f 1634/2571/2039 1898/2576/2107 1887/2055/1671
f 1627/2577/2108 1738/2567/2028 1626/2570/2031
f 1737/2578/2029 1627/2577/2108 1628/2579/2109
f 1629/2580/2041 1737/2578/2029 1628/2579/2109
f 1738/2567/2028 1956/1995/1618 1949/1992/1615
f 1626/2570/2031 1738/2567/2028 1959/1994/1617
f 1738/2567/2028 1627/2577/2108 1737/2578/2029
f 1949/1992/1615 1959/1994/1617 1738/2567/2028
f 1737/2578/2029 1629/2580/2041 1736/2581/2036
f 1631/2582/2035 1736/2581/2036 1630/2583/2036
f 1734/2572/2105 1634/2571/2039 1887/2055/1671
f 1735/2574/2034 1631/2582/2035 1632/2575/2106
f 1631/2582/2035 1735/2574/2034 1736/2581/2036
f 1734/2572/2105 1735/2574/2034 1633/2573/2037
f 1734/2572/2105 1887/2055/1671 1897/2052/1669
f 1629/2580/2041 1630/2583/2036 1736/2581/2036
f 1898/2576/2107 1634/2571/2039 1878/2584/2110
f 1869/2074/1687 1865/2073/1686 1641/2493/2038
f 1851/2585/2111 1865/2073/1686 1868/2072/1685
f 1850/2586/2112 1877/2071/1684 1870/2075/1688
f 1849/2587/2113 1870/2075/1688 1871/2076/1689
f 1850/2586/2112 1868/2072/1685 1877/2071/1684
f 1642/2588/2114 1873/2067/1680 1866/2077/1690
f 1642/2588/2114 1864/2069/1682 1873/2067/1680
f 1642/2588/2114 1875/2079/1692 1876/2080/1693
f 1876/2080/1693 1864/2069/1682 1642/2588/2114
f 1866/2077/1690 1869/2074/1687 1642/2588/2114
f 1849/2587/2113 1871/2076/1689 1867/2066/1679
f 1852/2589/2115 1865/2073/1686 1851/2585/2111
f 1874/2068/1681 1848/2590/2116 1867/2066/1679
f 1851/2585/2111 1868/2072/1685 1850/2586/2112
f 1849/2587/2113 1850/2586/2112 1870/2075/1688
f 1848/2590/2116 1849/2587/2113 1867/2066/1679
f 1848/2590/2116 1874/2068/1681 1872/2070/1683
f 1864/2069/1682 1857/2078/1691 1872/2070/1683
f 1612/2591/2117 1872/2070/1683 1857/2078/1691
f 1612/2591/2117 1857/2078/1691 1858/2064/1678
f 1612/2591/2117 1923/2592/2118 1611/2593/2117
f 1854/2065/1650 1875/2079/1692 2312/2154/1760
f 1848/2590/2116 1872/2070/1683 1612/2591/2117
f 1856/2062/1677 1612/2591/2117 1858/2064/1678
f 2303/2594/2119 2312/2154/1760 1875/2079/1692
f 1853/2495/2040 1865/2073/1686 1852/2589/2115
f 2304/2155/1761 2303/2594/2119 1642/2588/2114
f 1875/2079/1692 1642/2588/2114 2303/2594/2119
f 2276/2156/1762 2304/2155/1761 1642/2588/2114
f 2276/2156/1762 1642/2588/2114 2277/2192/1786
f 1642/2588/2114 2256/2193/1697 2277/2192/1786
f 1642/2588/2114 2257/2194/1787 2256/2193/1697
f 1642/2588/2114 2237/2310/1813 2236/2195/1700
f 2237/2310/1813 1643/2595/2120 2210/2311/1809
f 2236/2195/1700 2257/2194/1787 1642/2588/2114
f 1643/2595/2120 2237/2310/1813 1642/2588/2114
f 2141/2596/2121 2284/2179/1779 2262/2183/1780
f 2140/2597/2122 2278/2189/1784 2268/2187/1782
f 2139/2598/2123 2268/2187/1782 2272/2186/1781
f 2140/2597/2122 2262/2183/1780 2278/2189/1784
f 2138/2599/2124 2240/2163/1697 2267/2162/1766
f 2137/2600/2125 2267/2162/1766 2259/2158/1694
f 2136/2601/2126 2263/2157/1763 2242/2161/1722
f 2136/2601/2126 2242/2161/1722 2258/2172/1774
f 2137/2600/2125 2259/2158/1694 2263/2157/1763
f 2138/2599/2124 2272/2186/1781 2240/2163/1697
f 2297/2131/1740 2282/2142/1750 2293/2148/1755
f 1869/2074/1687 1641/2493/2038 1642/2588/2114
f 2299/2133/1742 2145/2602/2127 2297/2131/1740
f 2144/2603/2128 2299/2133/1742 2289/2135/1743
f 2143/2604/2129 2144/2603/2128 2289/2135/1743
f 2299/2133/1742 2144/2603/2128 2145/2602/2127
f 2143/2604/2129 2289/2135/1743 2291/2176/1777
f 2262/2183/1780 2140/2597/2122 2141/2596/2121
f 2142/2605/2130 2291/2176/1777 2283/2178/1778
f 2141/2596/2121 2142/2605/2130 2285/2180/1719
f 2283/2178/1778 2285/2180/1719 2142/2605/2130
f 2141/2596/2121 2285/2180/1719 2284/2179/1779
f 2143/2604/2129 2291/2176/1777 2142/2605/2130
f 2150/2606/2131 2314/2136/1744 2316/2138/1746
f 2149/2607/2132 2150/2606/2131 2316/2138/1746
f 2307/2130/1737 2314/2136/1744 2150/2606/2131
f 2151/2608/2114 2307/2130/1737 2150/2606/2131
f 2151/2608/2114 2322/2609/2133 2307/2130/1737
f 2292/2143/1751 2297/2131/1740 2146/2610/2134
f 2145/2602/2127 2146/2610/2134 2297/2131/1740
f 2147/2611/2135 2292/2143/1751 2146/2610/2134
f 2148/2612/2136 2149/2607/2132 2316/2138/1746
f 2292/2143/1751 2147/2611/2135 2148/2612/2136
f 2148/2612/2136 2316/2138/1746 2315/2137/1745
f 2292/2143/1751 2148/2612/2136 2315/2137/1745
f 2292/2143/1751 2282/2142/1750 2297/2131/1740
f 2134/2613/2137 2135/2614/2138 2248/2168/1770
f 2252/2167/1769 2134/2613/2137 2248/2168/1770
f 2197/2171/1773 2247/2301/1877 2133/2615/2139
f 2134/2613/2137 2252/2167/1769 2197/2171/1773
f 2247/2301/1877 2239/2297/1873 2133/2615/2139
f 2258/2172/1774 2135/2614/2138 2136/2601/2126
f 2243/2296/1872 2132/2616/2140 2239/2297/1873
f 2199/2300/1876 2132/2616/2140 2243/2296/1872
f 2230/2305/1881 2130/2617/2141 2238/2307/1883
f 2232/2304/1880 2130/2617/2141 2230/2305/1881
f 2238/2307/1883 2131/2618/2142 2199/2300/1876
f 2175/2288/1868 2129/2619/2143 2232/2304/1880
f 2136/2601/2126 2137/2600/2125 2263/2157/1763
f 2138/2599/2124 2139/2598/2123 2272/2186/1781
f 2133/2615/2139 2134/2613/2137 2197/2171/1773
f 2137/2600/2125 2138/2599/2124 2267/2162/1766
f 2131/2618/2142 2132/2616/2140 2199/2300/1876
f 2130/2617/2141 2131/2618/2142 2238/2307/1883
f 2227/2276/1858 2128/2620/2144 2129/2619/2143
f 2232/2304/1880 2129/2619/2143 2130/2617/2141
f 2129/2619/2143 2175/2288/1868 2227/2276/1858
f 2132/2616/2140 2133/2615/2139 2239/2297/1873
f 2268/2187/1782 2139/2598/2123 2140/2597/2122
f 2258/2172/1774 2248/2168/1770 2135/2614/2138
f 2227/2276/1858 2229/2278/1860 2128/2620/2144
f 1856/2062/1677 1923/2592/2118 1612/2591/2117
f 2209/2313/1795 2211/2312/1808 1643/2595/2120
f 2210/2311/1809 1643/2595/2120 2211/2312/1808
f 2158/2326/1893 2209/2313/1795 1643/2595/2120
f 2209/2313/1795 2158/2326/1893 2153/2295/1871
f 1643/2595/2120 2154/2315/1790 2158/2326/1893
f 2154/2315/1790 1643/2595/2120 2056/2316/1886
f 2057/2345/1912 2056/2316/1886 1643/2595/2120
f 2054/2343/1910 1643/2595/2120 2114/2351/1918
f 1643/2595/2120 1644/2621/2145 2114/2351/1918
f 2061/2342/1909 2057/2345/1912 1643/2595/2120
f 2054/2343/1910 2061/2342/1909 1643/2595/2120
f 2077/2347/1914 1644/2621/2145 1799/2622/2146
f 1644/2621/2145 2063/2353/1920 2114/2351/1918
f 2105/2623/2147 2058/2344/1911 2116/2350/1917
f 2104/2624/2148 2116/2350/1917 2115/2352/1919
f 2106/2625/2149 2062/2339/1906 2058/2344/1911
f 1799/2622/2146 1795/2349/1916 2077/2347/1914
f 1799/2622/2146 2084/2411/1969 1795/2349/1916
f 2102/2626/2150 2078/2348/1915 1795/2349/1916
f 2103/2627/2151 2076/2346/1913 2078/2348/1915
f 1796/2406/1967 2084/2411/1969 1799/2622/2146
f 2077/2347/1914 2063/2353/1920 1644/2621/2145
f 2104/2624/2148 2115/2352/1919 2076/2346/1913
f 1800/2415/1952 1799/2622/2146 1644/2621/2145
f 1789/2628/2152 1811/2428/1981 1810/2629/2153
f 1644/2621/2145 1789/2628/2152 1810/2629/2153
f 1790/2630/2154 1819/2434/1986 1789/2628/2152
f 1789/2628/2152 1808/2427/1980 1811/2428/1981
f 1789/2628/2152 1819/2434/1986 1808/2427/1980
f 1819/2434/1986 1790/2630/2154 1817/2433/1985
f 1822/2436/1987 1817/2433/1985 1791/2631/2155
f 1790/2630/2154 1791/2631/2155 1817/2433/1985
f 1820/2435/1945 1822/2436/1987 1791/2631/2155
f 1792/2632/2156 1825/2441/1989 1820/2435/1945
f 1791/2631/2155 1792/2632/2156 1820/2435/1945
f 1793/2633/2157 1823/2440/1927 1792/2632/2156
f 1810/2629/2153 1807/2426/1979 1806/2634/2158
f 1806/2634/2158 1797/2414/1943 1800/2415/1952
f 1806/2634/2158 1800/2415/1952 1644/2621/2145
f 1792/2632/2156 1823/2440/1927 1825/2441/1989
f 1794/2635/2159 1816/2438/1988 1793/2633/2157
f 1816/2438/1988 1823/2440/1927 1793/2633/2157
f 1815/2439/1988 1816/2438/1988 1787/2636/2160
f 1794/2635/2159 1787/2636/2160 1816/2438/1988
f 1788/2637/2160 1815/2439/1988 1787/2636/2160
f 1825/2441/1989 1812/2430/1930 1820/2435/1945
f 1810/2629/2153 1806/2634/2158 1644/2621/2145
f 1815/2439/1988 2110/2416/1945 1765/2419/1974
f 2127/2638/2161 2231/2279/1861 2215/2281/1863
f 2126/2639/2162 2215/2281/1863 2221/2282/1836
f 2231/2279/1861 2127/2638/2161 2128/2620/2144
f 2215/2281/1863 2126/2639/2162 2127/2638/2161
f 2126/2639/2162 2221/2282/1836 2217/2284/1865
f 2231/2279/1861 2128/2620/2144 2229/2278/1860
f 2125/2640/2163 2217/2284/1865 2212/2263/1848
f 2124/2641/2164 2125/2640/2163 2212/2263/1848
f 2214/2265/1825 2124/2641/2164 2212/2263/1848
f 2202/2267/1850 2191/2272/1855 2214/2265/1825
f 2191/2272/1855 2124/2641/2164 2214/2265/1825
f 2126/2639/2162 2217/2284/1865 2125/2640/2163
f 2123/2642/2165 2124/2641/2164 2191/2272/1855
f 2122/2643/2166 2191/2272/1855 2195/2271/1854
f 2192/2268/1851 2121/2644/2167 2195/2271/1854
f 2122/2643/2166 2123/2642/2165 2191/2272/1855
f 2195/2271/1854 2121/2644/2167 2122/2643/2166
f 2121/2644/2167 2192/2268/1851 2120/2645/2168
f 2180/2322/1890 2120/2645/2168 2166/2270/1853
f 2192/2268/1851 2166/2270/1853 2120/2645/2168
f 2182/2324/1892 2118/2646/2169 2180/2322/1890
f 2119/2647/2170 2120/2645/2168 2180/2322/1890
f 2180/2322/1890 2118/2646/2169 2119/2647/2170
f 2118/2646/2169 2179/2321/1889 2117/2648/2171
f 2101/2649/2172 2085/2412/1970 2113/2413/1971
f 2100/2650/2173 2101/2649/2172 2113/2413/1971
f 2102/2626/2150 2103/2627/2151 2078/2348/1915
f 2085/2412/1970 2101/2649/2172 2102/2626/2150
f 2100/2650/2173 2113/2413/1971 2083/2405/1966
f 2105/2623/2147 2116/2350/1917 2104/2624/2148
f 2099/2651/2174 2112/2404/1965 2091/2408/1960
f 2098/2652/2175 2099/2651/2174 2091/2408/1960
f 2100/2650/2173 2112/2404/1965 2099/2651/2174
f 2091/2408/1960 2108/2409/1959 2098/2652/2175
f 2083/2405/1966 2112/2404/1965 2100/2650/2173
f 2106/2625/2149 2043/2653/2176 2062/2339/1906
f 2059/2340/1907 2062/2339/1906 2043/2653/2176
f 2118/2646/2169 2182/2324/1892 2179/2321/1889
f 2058/2344/1911 2105/2623/2147 2106/2625/2149
f 2109/2401/1962 2097/2654/2177 2098/2652/2175
f 2109/2401/1962 2098/2652/2175 2108/2409/1959
f 2107/2403/1964 2097/2654/2177 2109/2401/1962
f 2097/2654/2177 2107/2403/1964 2053/2655/2178
f 1748/2383/1943 2053/2655/2178 2107/2403/1964
f 1815/2439/1988 1762/2388/1949 2110/2416/1945
f 2104/2624/2148 2076/2346/1913 2103/2627/2151
f 1795/2349/1916 2085/2412/1970 2102/2626/2150
f 2117/2648/2171 2179/2321/1889 2417/2212/1802
f 2306/2128/1738 2323/2656/2179 2324/2657/2180
f 2306/2128/1738 2322/2609/2133 2323/2656/2179
f 2319/2129/1739 2322/2609/2133 2306/2128/1738
f 2324/2657/2180 2296/2126/1736 2306/2128/1738
f 2324/2657/2180 2325/2658/2181 2305/2124/1734
f 2358/2107/1719 2346/2108/1720 2327/2659/2130
f 2349/2109/1721 2326/2660/2182 2327/2659/2130
f 2326/2660/2182 2349/2109/1721 2348/2661/2183
f 2327/2659/2130 2346/2108/1720 2349/2109/1721
f 2358/2107/1719 2327/2659/2130 2328/2662/2184
f 2325/2658/2181 2326/2660/2182 2348/2661/2183
f 2325/2658/2181 2348/2661/2183 2305/2124/1734
f 1924/2050/1668 1611/2593/2117 1923/2592/2118
f 1886/2663/2185 1611/2593/2117 1924/2050/1668
f 1927/2664/2186 1885/2665/2187 1886/2663/2185
f 1924/2050/1668 1927/2664/2186 1886/2663/2185
f 1926/2026/1645 1885/2665/2187 1927/2664/2186
f 1925/2049/1667 1927/2664/2186 1924/2050/1668
f 1920/2047/1665 1923/2592/2118 1856/2062/1677
f 2296/2126/1736 2324/2657/2180 2305/2124/1734
f 2270/2104/1716 2305/2124/1734 2348/2661/2183
f 2357/2105/1717 2358/2107/1719 2328/2662/2184
f 2357/2105/1717 2328/2662/2184 2271/2106/1718
f 2319/2129/1739 2307/2130/1737 2322/2609/2133
f 2250/2099/1697 2360/2098/1711 2330/2666/2188
f 2360/2098/1711 2329/2667/2189 2330/2666/2188
f 2359/2097/1710 2271/2106/1718 2328/2662/2184
f 2329/2667/2189 2360/2098/1711 2359/2097/1710
f 2331/2668/2190 2365/2115/1727 2330/2666/2188
f 2329/2667/2189 2359/2097/1710 2328/2662/2184
f 2336/2669/2191 2382/2234/1821 2335/2670/2192
f 2395/2254/1840 2381/2671/2193 2336/2669/2191
f 2374/2230/1817 2334/2672/2194 2335/2670/2192
f 2334/2672/2194 2372/2236/1823 2333/2673/2195
f 2332/2674/2196 2251/2111/1723 2331/2668/2190
f 2224/2113/1725 2332/2674/2196 2333/2673/2195
f 2381/2671/2193 2188/2235/1822 2336/2669/2191
f 2330/2666/2188 2365/2115/1727 2250/2099/1697
f 2331/2668/2190 2361/2116/1728 2365/2115/1727
f 2332/2674/2196 2371/2112/1724 2251/2111/1723
f 2332/2674/2196 2224/2113/1725 2371/2112/1724
f 2251/2111/1723 2361/2116/1728 2331/2668/2190
f 2334/2672/2194 2225/2233/1820 2372/2236/1823
f 2334/2672/2194 2374/2230/1817 2225/2233/1820
f 2335/2670/2192 2382/2234/1821 2373/2231/1818
f 2336/2669/2191 2188/2235/1822 2382/2234/1821
f 2373/2231/1818 2374/2230/1817 2335/2670/2192
f 2372/2236/1823 2224/2113/1725 2333/2673/2195
f 1906/2675/2197 1880/2676/2198 1881/2677/2113
f 1907/2040/1659 1906/2675/2197 1881/2677/2113
f 1880/2676/2198 1900/2057/1673 1879/2678/2199
f 1878/2584/2110 1892/2053/1670 1899/2056/1672
f 1899/2056/1672 1898/2576/2107 1878/2584/2110
f 1896/2061/1676 1878/2584/2110 1879/2678/2199
f 1880/2676/2198 1906/2675/2197 1890/2058/1674
f 1904/2039/1658 1907/2040/1659 1881/2677/2113
f 1882/2679/2200 1904/2039/1658 1881/2677/2113
f 1883/2680/2201 1918/2045/1664 1882/2679/2200
f 1882/2679/2200 1918/2045/1664 1904/2039/1658
f 1883/2680/2201 1916/2044/1663 1918/2045/1664
f 1916/2044/1663 1883/2680/2201 1884/2681/2202
f 1878/2584/2110 1896/2061/1676 1892/2053/1670
f 1879/2678/2199 1893/2060/1675 1896/2061/1676
f 1889/2054/1670 1891/2059/1675 1734/2572/2105
f 1891/2059/1675 1888/2038/1657 1734/2572/2105
f 1880/2676/2198 1890/2058/1674 1900/2057/1673
f 1906/2675/2197 1903/2037/1656 1890/2058/1674
f 1733/2682/2114 1902/2036/1655 1895/2035/1654
f 1900/2057/1673 1893/2060/1675 1879/2678/2199
f 1888/2038/1657 1902/2036/1655 1734/2572/2105
f 1884/2681/2202 1885/2665/2187 1863/2029/1648
f 1863/2029/1648 1885/2665/2187 1926/2026/1645
f 1863/2029/1648 1908/2028/1647 1916/2044/1663
f 1908/2028/1647 1910/2043/1662 1916/2044/1663
f 1884/2681/2202 1863/2029/1648 1916/2044/1663
f 1915/2119/1731 1733/2682/2114 2320/2117/1729
f 2294/2125/1735 1733/2682/2114 1915/2119/1731
f 2320/2117/1729 1911/2032/1651 1862/2031/1650
f 1914/2092/1705 2355/2091/1704 2294/2125/1735
f 1733/2682/2114 1894/2024/1643 1929/2021/1640
f 1733/2682/2114 1929/2021/1640 1913/2023/1642
f 1911/2032/1651 2320/2117/1729 1733/2682/2114
f 2355/2091/1704 1733/2682/2114 2294/2125/1735
f 2356/2090/1703 1733/2682/2114 2355/2091/1704
f 1913/2023/1642 1911/2032/1651 1733/2682/2114
f 1909/2041/1660 1894/2024/1643 1733/2682/2114
f 1733/2682/2114 2356/2090/1703 2354/2084/1697
f 1733/2682/2114 2354/2084/1697 2370/2083/1696
f 1733/2682/2114 2369/2087/1700 2380/2226/1813
f 1732/2683/2203 1733/2682/2114 2380/2226/1813
f 1733/2682/2114 2370/2083/1696 2369/2087/1700
f 2379/2221/1809 1732/2683/2203 2380/2226/1813
f 1895/2035/1654 1909/2041/1660 1733/2682/2114
f 1897/2052/1669 1889/2054/1670 1734/2572/2105
f 2341/2684/2204 2194/2259/1826 2340/2685/2205
f 2342/2686/2206 2407/2687/2207 2341/2684/2204
f 2407/2687/2207 2408/2256/1842 2341/2684/2204
f 2340/2685/2205 2194/2259/1826 2401/2261/1846
f 2339/2688/2208 2340/2685/2205 2396/2252/1838
f 2341/2684/2204 2408/2256/1842 2194/2259/1826
f 2408/2256/1842 2407/2687/2207 2406/2257/1843
f 2405/2211/1795 2343/2689/2168 2344/2690/2209
f 2417/2212/1802 2405/2211/1795 2344/2690/2209
f 2414/2262/1847 2343/2689/2168 2405/2211/1795
f 2342/2686/2206 2414/2262/1847 2407/2687/2207
f 2343/2689/2168 2414/2262/1847 2342/2686/2206
f 2414/2262/1847 2405/2211/1795 2412/2210/1795
f 2337/2691/2210 2385/2251/1837 2395/2254/1840
f 2338/2692/2211 2392/2693/2212 2337/2691/2210
f 2392/2693/2212 2393/2250/1836 2337/2691/2210
f 2337/2691/2210 2393/2250/1836 2385/2251/1837
f 2392/2693/2212 2386/2249/1835 2393/2250/1836
f 2338/2692/2211 2339/2688/2208 2398/2253/1839
f 2396/2252/1838 2398/2253/1839 2339/2688/2208
f 2396/2252/1838 2401/2261/1846 2383/2248/1808
f 2340/2685/2205 2401/2261/1846 2396/2252/1838
f 2401/2261/1846 2194/2259/1826 2399/2258/1844
f 2338/2692/2211 2398/2253/1839 2392/2693/2212
f 2395/2254/1840 2336/2669/2191 2337/2691/2210
f 2117/2648/2171 2417/2212/1802 2344/2690/2209
f 2066/2338/1905 2055/2337/1904 2059/2340/1907
f 2070/2694/2213 2059/2340/1907 2043/2653/2176
f 2074/2336/1903 2046/2695/2214 2047/2696/2215
f 2070/2694/2213 2043/2653/2176 2044/2697/2216
f 2110/2416/1945 1762/2388/1949 1750/2386/1945
f 2094/2698/2217 2052/2699/2218 2092/2382/1947
f 2092/2382/1947 2052/2699/2218 2053/2655/2178
f 2094/2698/2217 2093/2398/1959 2051/2700/2219
f 2051/2700/2219 2052/2699/2218 2094/2698/2217
f 2053/2655/2178 1748/2383/1943 2092/2382/1947
f 2050/2701/2220 2051/2700/2219 2088/2399/1960
f 2045/2702/2221 2071/2331/1898 2070/2694/2213
f 2044/2697/2216 2045/2702/2221 2070/2694/2213
f 2046/2695/2214 2068/2328/1895 2045/2702/2221
f 2045/2702/2221 2068/2328/1895 2071/2331/1898
f 2046/2695/2214 2074/2336/1903 2068/2328/1895
f 2079/2393/1954 2049/2703/2222 2050/2701/2220
f 2082/2397/1958 2072/2333/1900 2048/2704/2223
f 2072/2333/1900 2075/2332/1899 2047/2696/2215
f 2074/2336/1903 2047/2696/2215 2075/2332/1899
f 2048/2704/2223 2072/2333/1900 2047/2696/2215
f 2081/2396/1957 2048/2704/2223 2049/2703/2222
f 2059/2340/1907 2070/2694/2213 2066/2338/1905
f 2390/2224/1795 2160/2203/1795 2170/2196/1788
f 1732/2683/2203 2170/2196/1788 2161/2198/1790
f 1732/2683/2203 2065/2217/1805 2066/2338/1905
f 2064/2330/1897 2066/2338/1905 2070/2694/2213
f 1732/2683/2203 2066/2338/1905 2064/2330/1897
f 1732/2683/2203 2161/2198/1790 2065/2217/1805
f 2048/2704/2223 2081/2396/1957 2082/2397/1958
f 2049/2703/2222 2086/2392/1953 2081/2396/1957
f 2050/2701/2220 2089/2400/1961 2079/2393/1954
f 2050/2701/2220 2088/2399/1960 2089/2400/1961
f 2079/2393/1954 2086/2392/1953 2049/2703/2222
f 1732/2683/2203 2069/2327/1894 1731/2705/2224
f 2067/2329/1896 1731/2705/2224 2069/2327/1894
f 1732/2683/2203 2391/2220/1808 2390/2224/1795
f 1732/2683/2203 2390/2224/1795 2170/2196/1788
f 2379/2221/1809 2391/2220/1808 1732/2683/2203
f 1731/2705/2224 2067/2329/1896 2073/2335/1902
f 1784/2389/1950 1775/2334/1901 2080/2395/1956
f 1784/2389/1950 2080/2395/1956 1776/2394/1955
f 1731/2705/2224 1784/2389/1950 1786/2391/1952
f 1781/2373/1938 1731/2705/2224 1786/2391/1952
f 1784/2389/1950 1731/2705/2224 2073/2335/1902
f 1775/2334/1901 1784/2389/1950 2073/2335/1902
f 1768/2356/1922 1755/2362/1927 1766/2354/1921
f 1759/2369/1934 1753/2367/1932 1763/2387/1932
f 1786/2391/1952 1772/2377/1942 1781/2373/1938
f 1760/2368/1933 1759/2369/1934 1741/2706/2225
f 1788/2637/2160 1763/2387/1932 1762/2388/1949
f 1756/2357/1923 1760/2368/1933 1741/2706/2225
f 1756/2357/1923 1741/2706/2225 1757/2358/1924
f 1742/2707/2226 1757/2358/1924 1741/2706/2225
f 1743/2708/2227 1768/2356/1922 1757/2358/1924
f 1788/2637/2160 1759/2369/1934 1763/2387/1932
f 1743/2708/2227 1757/2358/1924 1742/2707/2226
f 1747/2709/2152 1781/2373/1938 1783/2375/1940
f 1747/2709/2152 1783/2375/1940 1778/2370/1935
f 1746/2710/2228 1747/2709/2152 1780/2372/1937
f 1778/2370/1935 1780/2372/1937 1747/2709/2152
f 1769/2359/1925 1746/2710/2228 1780/2372/1937
f 1731/2705/2224 1781/2373/1938 1747/2709/2152
f 1745/2711/2229 1769/2359/1925 1771/2361/1926
f 1744/2712/2230 1745/2711/2229 1755/2362/1927
f 1771/2361/1926 1755/2362/1927 1745/2711/2229
f 1744/2712/2230 1755/2362/1927 1768/2356/1922
f 1746/2710/2228 1769/2359/1925 1745/2711/2229
f 1744/2712/2230 1768/2356/1922 1743/2708/2227
f 2093/2398/1959 2088/2399/1960 2051/2700/2219
f 1759/2369/1934 1788/2637/2160 1741/2706/2225
f 2700/2713/2231 2696/2714/2232 2693/2715/2232
f 2700/2713/2231 2699/2716/2233 2695/2717/2233
f 2698/2718/2231 2696/2714/2232 2700/2713/2231
f 2700/2713/2231 2695/2717/2233 2698/2718/2231
f 2698/2718/2231 2695/2717/2233 2694/2719/2233
f 2697/2720/2232 2696/2714/2232 2698/2718/2231
f 2946/2721/2234 2855/2722/2235 2921/2723/2236
f 2754/2724/2237 2946/2721/2234 2878/2725/2234
f 2855/2722/2235 2946/2721/2234 2754/2724/2237
f 2930/2726/2238 2945/2727/2239 2916/2728/2240
f 2947/2729/2241 2921/2723/2236 2945/2727/2239
f 2919/2730/2242 2946/2721/2234 2947/2729/2241
f 2942/2731/2243 2930/2726/2238 2753/2732/2244
f 2947/2729/2241 2942/2731/2243 2919/2730/2242
f 2930/2726/2238 2942/2731/2243 2947/2729/2241
f 2866/2733/2245 2867/2734/2246 2856/2735/2247
f 2869/2736/2248 2841/2737/2249 2867/2734/2246
f 2863/2738/2250 2869/2736/2248 2852/2739/2251
f 2868/2740/2252 2863/2738/2250 2740/2741/2253
f 2869/2736/2248 2863/2738/2250 2868/2740/2252
f 2902/2742/2254 2866/2733/2245 2850/2743/2255
f 2869/2736/2248 2902/2742/2254 2852/2739/2251
f 2866/2733/2245 2902/2742/2254 2869/2736/2248
f 2866/2733/2245 2877/2744/2256 2850/2743/2255
f 2877/2744/2256 2855/2722/2235 2754/2724/2237
f 2855/2722/2235 2866/2733/2245 2856/2735/2247
f 2866/2733/2245 2855/2722/2235 2877/2744/2256
f 2901/2745/2257 2902/2742/2254 2850/2743/2255
f 2903/2746/2254 2852/2739/2251 2902/2742/2254
f 2898/2747/2258 2876/2748/2259 2854/2749/2260
f 2903/2746/2254 2898/2747/2258 2862/2750/2261
f 2876/2748/2259 2898/2747/2258 2903/2746/2254
f 2851/2751/2262 2903/2746/2254 2901/2745/2257
f 2899/2752/2263 2852/2739/2251 2862/2750/2261
f 2863/2738/2250 2899/2752/2263 2865/2753/2264
f 2852/2739/2251 2899/2752/2263 2863/2738/2250
f 2882/2754/2265 2863/2738/2250 2865/2753/2264
f 2740/2741/2253 2882/2754/2265 2864/2755/2266
f 2863/2738/2250 2882/2754/2265 2740/2741/2253
f 2881/2756/2267 2882/2754/2265 2865/2753/2264
f 2884/2757/2268 2864/2755/2266 2882/2754/2265
f 2861/2758/2269 2883/2759/2270 2884/2757/2268
f 2872/2760/2271 2881/2756/2267 2857/2761/2272
f 2884/2757/2268 2872/2760/2271 2861/2758/2269
f 2881/2756/2267 2872/2760/2271 2884/2757/2268
f 2898/2747/2258 2899/2752/2263 2862/2750/2261
f 2900/2762/2273 2865/2753/2264 2899/2752/2263
f 2896/2763/2274 2900/2762/2273 2875/2764/2275
f 2881/2756/2267 2896/2763/2274 2857/2761/2272
f 2900/2762/2273 2896/2763/2274 2881/2756/2267
f 2854/2749/2260 2900/2762/2273 2898/2747/2258
f 2895/2765/2276 2896/2763/2274 2875/2764/2275
f 2906/2766/2274 2896/2763/2274 2897/2767/2277
f 2857/2761/2272 2906/2766/2274 2871/2768/2278
f 2896/2763/2274 2906/2766/2274 2857/2761/2272
f 2905/2769/2279 2906/2766/2274 2897/2767/2277
f 2907/2770/2280 2871/2768/2278 2906/2766/2274
f 2892/2771/2281 2857/2761/2272 2871/2768/2278
f 2872/2760/2271 2892/2771/2281 2874/2772/2271
f 2857/2761/2272 2892/2771/2281 2872/2760/2271
f 2874/2772/2271 2861/2758/2269 2872/2760/2271
f 2904/2773/2282 2871/2768/2278 2891/2774/2283
f 2892/2771/2281 2904/2773/2282 2894/2775/2284
f 2871/2768/2278 2904/2773/2282 2892/2771/2281
f 2894/2775/2284 2874/2772/2271 2892/2771/2281
f 2926/2776/2285 2942/2731/2243 2753/2732/2244
f 2944/2777/2286 2919/2730/2242 2942/2731/2243
f 2932/2778/2287 2943/2779/2242 2944/2777/2286
f 2948/2780/2288 2940/2781/2289 2913/2782/2290
f 2940/2781/2289 2944/2777/2286 2926/2776/2285
f 2944/2777/2286 2948/2780/2288 2932/2778/2287
f 2948/2780/2288 2944/2777/2286 2940/2781/2289
f 3089/2783/2291 3088/2784/2292 3090/2785/2293
f 2842/2786/2294 3090/2785/2293 3087/2787/2295
f 3089/2783/2291 2889/2788/2294 2839/2789/2296
f 2839/2789/2296 2889/2788/2294 2752/2790/2294
f 2889/2788/2294 3089/2783/2291 2842/2786/2294
f 2839/2789/2296 2765/2791/2297 3089/2783/2291
f 2868/2740/2252 2888/2792/2298 2841/2737/2249
f 2890/2793/2299 2842/2786/2294 2888/2792/2298
f 2858/2794/2300 2889/2788/2294 2890/2793/2299
f 2885/2795/2301 2868/2740/2252 2740/2741/2253
f 2890/2793/2299 2885/2795/2301 2858/2794/2300
f 2868/2740/2252 2885/2795/2301 2890/2793/2299
f 3092/2796/2302 3091/2797/2303 3093/2798/2304
f 2765/2791/2297 3093/2798/2304 3088/2784/2292
f 3094/2799/2305 3097/2800/2306 3095/2801/2307
f 3098/2802/2308 3094/2799/2305 2766/2803/2308
f 2743/2804/2309 3099/2805/2307 3098/2802/2308
f 2762/2806/2310 3098/2802/2308 3092/2796/2302
f 3092/2796/2302 3098/2802/2308 2766/2803/2308
f 3098/2802/2308 2762/2806/2310 2743/2804/2309
f 3092/2796/2302 2741/2807/2311 2762/2806/2310
f 2836/2808/2312 2741/2807/2311 2761/2809/2313
f 2762/2806/2310 2836/2808/2312 2764/2810/2302
f 2741/2807/2311 2836/2808/2312 2762/2806/2310
f 2795/2811/2314 2762/2806/2310 2764/2810/2302
f 2743/2804/2309 2795/2811/2314 2763/2812/2315
f 2762/2806/2310 2795/2811/2314 2743/2804/2309
f 2794/2813/2316 2795/2811/2314 2764/2810/2302
f 2797/2814/2317 2763/2812/2315 2795/2811/2314
f 2757/2815/2318 2796/2816/2319 2797/2814/2317
f 2791/2817/2320 2794/2813/2316 2747/2818/2321
f 2797/2814/2317 2791/2817/2320 2757/2815/2318
f 2794/2813/2316 2791/2817/2320 2797/2814/2317
f 2835/2819/2322 2836/2808/2312 2761/2809/2313
f 2837/2820/2323 2764/2810/2302 2836/2808/2312
f 2833/2821/2324 2837/2820/2323 2779/2822/2325
f 2794/2813/2316 2833/2821/2324 2747/2818/2321
f 2837/2820/2323 2833/2821/2324 2794/2813/2316
f 2742/2823/2326 2837/2820/2323 2835/2819/2322
f 2763/2812/2315 2798/2824/2327 2743/2804/2309
f 2814/2825/2328 2796/2816/2319 2744/2826/2329
f 2796/2816/2319 2799/2827/2307 2763/2812/2315
f 2799/2827/2307 2814/2825/2328 2767/2828/2330
f 2814/2825/2328 2799/2827/2307 2796/2816/2319
f 2758/2829/2331 2814/2825/2328 2744/2826/2329
f 2817/2830/2332 2767/2828/2330 2814/2825/2328
f 2816/2831/2333 2815/2832/2330 2817/2830/2332
f 2811/2833/2334 2817/2830/2332 2758/2829/2331
f 2816/2831/2333 2811/2833/2334 2748/2834/2308
f 2817/2830/2332 2811/2833/2334 2816/2831/2333
f 2832/2835/2335 2833/2821/2324 2779/2822/2325
f 2834/2836/2336 2747/2818/2321 2833/2821/2324
f 2830/2837/2337 2834/2836/2336 2782/2838/2338
f 2790/2839/2339 2830/2837/2337 2756/2840/2340
f 2834/2836/2336 2830/2837/2337 2790/2839/2339
f 2831/2841/2341 2756/2840/2340 2830/2837/2337
f 2790/2839/2339 2791/2817/2320 2747/2818/2321
f 2793/2842/2342 2757/2815/2318 2791/2817/2320
f 2770/2843/2343 2792/2844/2344 2793/2842/2342
f 2787/2845/2345 2790/2839/2339 2756/2840/2340
f 2793/2842/2342 2787/2845/2345 2770/2843/2343
f 2790/2839/2339 2787/2845/2345 2793/2842/2342
f 2810/2846/2346 2792/2844/2344 2760/2847/2347
f 2792/2844/2344 2744/2826/2329 2757/2815/2318
f 2744/2826/2329 2810/2846/2346 2758/2829/2331
f 2810/2846/2346 2744/2826/2329 2792/2844/2344
f 2771/2848/2348 2810/2846/2346 2760/2847/2347
f 2813/2849/2349 2758/2829/2331 2810/2846/2346
f 2812/2850/2350 2811/2833/2334 2813/2849/2349
f 2807/2851/2351 2813/2849/2349 2771/2848/2348
f 2812/2850/2350 2807/2851/2351 2759/2852/2352
f 2813/2849/2349 2807/2851/2351 2812/2850/2350
f 2827/2853/2353 2756/2840/2340 2786/2854/2354
f 2787/2845/2345 2827/2853/2353 2789/2855/2355
f 2756/2840/2340 2827/2853/2353 2787/2845/2345
f 2789/2855/2355 2770/2843/2343 2787/2845/2345
f 2802/2856/2356 2828/2857/2355 2780/2858/2357
f 2828/2857/2355 2788/2859/2358 2789/2855/2355
f 2788/2859/2358 2802/2856/2356 2773/2860/2359
f 2802/2856/2356 2788/2859/2358 2828/2857/2355
f 2826/2861/2360 2827/2853/2353 2786/2854/2354
f 2829/2862/2361 2789/2855/2355 2827/2853/2353
f 2823/2863/2362 2829/2862/2361 2783/2864/2363
f 2828/2857/2355 2823/2863/2362 2780/2858/2357
f 2829/2862/2361 2823/2863/2362 2828/2857/2355
f 2769/2865/2364 2829/2862/2361 2826/2861/2360
f 2806/2866/2365 2788/2859/2358 2773/2860/2359
f 2788/2859/2358 2760/2847/2347 2770/2843/2343
f 2760/2847/2347 2806/2866/2365 2771/2848/2348
f 2806/2866/2365 2760/2847/2347 2788/2859/2358
f 2803/2867/2359 2806/2866/2365 2773/2860/2359
f 2809/2868/2366 2803/2867/2359 2781/2869/2367
f 2806/2866/2365 2803/2867/2359 2809/2868/2366
f 2809/2868/2366 2771/2848/2348 2806/2866/2365
f 2808/2870/2368 2807/2851/2351 2809/2868/2366
f 2847/2871/2369 2809/2868/2366 2781/2869/2367
f 2808/2870/2368 2847/2871/2369 2772/2872/2369
f 2809/2868/2366 2847/2871/2369 2808/2870/2368
f 2822/2873/2370 2823/2863/2362 2783/2864/2363
f 2825/2874/2371 2780/2858/2357 2823/2863/2362
f 2819/2875/2355 2825/2874/2371 2800/2876/2362
f 2824/2877/2372 2819/2875/2355 2784/2878/2362
f 2825/2874/2371 2819/2875/2355 2824/2877/2372
f 2849/2879/2373 2822/2873/2370 2785/2880/2374
f 2825/2874/2371 2849/2879/2373 2800/2876/2362
f 2822/2873/2370 2849/2879/2373 2825/2874/2371
f 2818/2881/2375 2819/2875/2355 2800/2876/2362
f 2821/2882/2376 2784/2878/2362 2819/2875/2355
f 2821/2882/2376 2801/2883/2377 2820/2884/2378
f 2843/2885/2355 2824/2877/2372 2784/2878/2362
f 2824/2877/2372 2802/2856/2356 2780/2858/2357
f 2802/2856/2356 2843/2885/2355 2805/2886/2379
f 2843/2885/2355 2802/2856/2356 2824/2877/2372
f 2805/2886/2379 2773/2860/2359 2802/2856/2356
f 2844/2887/2356 2803/2867/2359 2805/2886/2379
f 2781/2869/2367 2844/2887/2356 2804/2888/2356
f 2803/2867/2359 2844/2887/2356 2781/2869/2367
f 2820/2884/2378 2843/2885/2355 2784/2878/2362
f 2846/2889/2380 2820/2884/2378 2801/2883/2377
f 2843/2885/2355 2820/2884/2378 2846/2889/2380
f 2846/2889/2380 2805/2886/2379 2843/2885/2355
f 2845/2890/2381 2844/2887/2356 2846/2889/2380
f 2848/2891/2382 2781/2869/2367 2804/2888/2356
f 2864/2755/2266 2885/2795/2301 2740/2741/2253
f 2887/2892/2301 2858/2794/2300 2885/2795/2301
f 2870/2893/2383 2886/2894/2384 2887/2892/2301
f 2883/2759/2270 2887/2892/2301 2864/2755/2266
f 2870/2893/2383 2883/2759/2270 2853/2895/2385
f 2887/2892/2301 2883/2759/2270 2870/2893/2383
f 2886/2894/2384 2752/2790/2294 2858/2794/2300
f 2838/2896/2294 2886/2894/2384 2859/2897/2386
f 2752/2790/2294 2886/2894/2384 2838/2896/2294
f 2838/2896/2294 2839/2789/2296 2752/2790/2294
f 2840/2898/2387 2741/2807/2311 2839/2789/2296
f 3368/2899/2388 3367/2900/2389 3369/2901/2390
f 3364/2902/2391 3369/2901/2390 3316/2903/2392
f 3368/2899/2388 3364/2902/2391 3308/2904/2253
f 3369/2901/2390 3364/2902/2391 3368/2899/2388
f 3335/2905/2393 3313/2906/2394 3315/2907/2393
f 2776/2908/2395 3335/2905/2393 3314/2909/2393
f 3313/2906/2394 3335/2905/2393 2776/2908/2395
f 3332/2910/2396 3368/2899/2388 3308/2904/2253
f 3368/2899/2388 3337/2911/2397 3318/2912/2398
f 3337/2911/2397 3332/2910/2396 3320/2913/2399
f 3332/2910/2396 3337/2911/2397 3368/2899/2388
f 3337/2911/2397 3315/2907/2393 3318/2912/2398
f 3336/2914/2301 3335/2905/2393 3337/2911/2397
f 2745/2915/2400 3337/2911/2397 3320/2913/2399
f 3411/2916/2356 3429/2917/2401 3427/2918/2356
f 3428/2919/2402 3427/2918/2356 3429/2917/2401
f 3392/2920/2403 3429/2917/2401 3409/2921/2373
f 3427/2918/2356 3390/2922/2367 3411/2916/2356
f 3412/2923/2367 3427/2918/2356 3414/2924/2404
f 3390/2922/2367 3427/2918/2356 3412/2923/2367
f 3413/2925/2405 3412/2923/2367 3414/2924/2404
f 3428/2919/2402 3413/2925/2405 3414/2924/2404
f 3391/2926/2355 3428/2919/2402 3392/2920/2403
f 3413/2925/2405 3428/2919/2402 3391/2926/2355
f 3410/2927/2353 3391/2926/2355 3392/2920/2403
f 3393/2928/2353 3410/2927/2353 3394/2929/2353
f 3391/2926/2355 3410/2927/2353 3393/2928/2353
f 3418/2930/2406 3375/2931/2352 3415/2932/2407
f 3417/2933/2408 3416/2934/2409 3418/2930/2406
f 3412/2923/2367 3418/2930/2406 3390/2922/2367
f 3417/2933/2408 3412/2923/2367 3388/2935/2410
f 3418/2930/2406 3412/2923/2367 3417/2933/2408
f 3396/2936/2411 3417/2933/2408 3388/2935/2410
f 3417/2933/2408 3378/2937/2412 3386/2938/2409
f 3378/2937/2412 3396/2936/2411 3387/2939/2356
f 3396/2936/2411 3378/2937/2412 3417/2933/2408
f 3393/2928/2353 3398/2940/2345 3391/2926/2355
f 3395/2941/2321 3393/2928/2353 3385/2942/2302
f 3398/2940/2345 3393/2928/2353 3395/2941/2321
f 3413/2925/2405 3396/2936/2411 3388/2935/2410
f 3398/2940/2345 3413/2925/2405 3391/2926/2355
f 3396/2936/2411 3413/2925/2405 3398/2940/2345
f 3397/2943/2413 3396/2936/2411 3398/2940/2345
f 3374/2944/2414 3398/2940/2345 3395/2941/2321
f 3416/2934/2409 3419/2945/2415 3375/2931/2352
f 3422/2946/2416 3416/2934/2409 3386/2938/2409
f 3419/2945/2415 3416/2934/2409 3422/2946/2416
f 3422/2946/2416 2774/2947/2417 3419/2945/2415
f 3421/2948/2350 3420/2949/2418 3422/2946/2416
f 3378/2937/2412 3422/2946/2416 3386/2938/2409
f 3400/2950/2419 3421/2948/2350 3378/2937/2412
f 3421/2948/2350 2751/2951/2420 3376/2952/2421
f 2751/2951/2420 3400/2950/2419 3377/2953/2422
f 3400/2950/2419 2751/2951/2420 3421/2948/2350
f 3397/2943/2413 3402/2954/2423 3387/2939/2356
f 3399/2955/2424 3397/2943/2413 3374/2944/2414
f 3402/2954/2423 3397/2943/2413 3399/2955/2424
f 3402/2954/2423 3378/2937/2412 3387/2939/2356
f 3401/2956/2320 3400/2950/2419 3402/2954/2423
f 2775/2957/2302 3402/2954/2423 3399/2955/2424
f 3420/2949/2418 3423/2958/2425 2774/2947/2417
f 3426/2959/2426 3420/2949/2418 3376/2952/2421
f 3423/2958/2425 3420/2949/2418 3426/2959/2426
f 3426/2959/2426 3380/2960/2427 3423/2958/2425
f 3425/2961/2428 3424/2962/2330 3426/2959/2426
f 2751/2951/2420 3426/2959/2426 3376/2952/2421
f 3404/2963/2429 3425/2961/2428 2751/2951/2420
f 3425/2961/2428 3408/2964/2430 3379/2965/2431
f 3408/2964/2430 3404/2963/2429 3382/2966/2417
f 3404/2963/2429 3408/2964/2430 3425/2961/2428
f 2750/2967/2432 3408/2964/2430 3382/2966/2417
f 3389/2968/2433 3403/2969/2434 2775/2957/2302
f 3403/2969/2434 3381/2970/2435 3384/2971/2436
f 3381/2970/2435 3389/2968/2433 2749/2972/2437
f 3389/2968/2433 3381/2970/2435 3403/2969/2434
f 3401/2956/2320 3406/2973/2438 3377/2953/2422
f 3403/2969/2434 3401/2956/2320 2775/2957/2302
f 3406/2973/2438 3401/2956/2320 3403/2969/2434
f 3406/2973/2438 2751/2951/2420 3377/2953/2422
f 3405/2974/2314 3404/2963/2429 3406/2973/2438
f 3384/2971/2436 3406/2973/2438 3403/2969/2434
f 3405/2974/2314 2750/2967/2432 3382/2966/2417
f 3383/2975/2316 3405/2974/2314 3384/2971/2436
f 2750/2967/2432 3405/2974/2314 3383/2975/2316
f 2746/2976/2439 3384/2971/2436 3381/2970/2435
f 3112/2977/2440 2750/2967/2432 3383/2975/2316
f 3383/2975/2316 3107/2978/2441 3112/2977/2440
f 3109/2979/2442 3110/2980/2443 3108/2981/2308
f 3117/2982/2444 3107/2978/2441 3111/2983/2445
f 3112/2977/2440 3117/2982/2444 3113/2984/2446
f 3107/2978/2441 3117/2982/2444 3112/2977/2440
f 3113/2984/2446 3108/2981/2308 3112/2977/2440
f 3116/2985/2447 3117/2982/2444 3111/2983/2445
f 3119/2986/2448 3113/2984/2446 3117/2982/2444
f 3336/2914/2301 3340/2987/2449 3314/2909/2393
f 3324/2988/2450 3336/2914/2301 2745/2915/2400
f 3340/2987/2449 3336/2914/2301 3324/2988/2450
f 3340/2987/2449 2776/2908/2395 3314/2909/2393
f 3339/2989/2451 3338/2990/2452 3340/2987/2449
f 3114/2991/2453 3340/2987/2449 3324/2988/2450
f 3121/2992/2454 3338/2990/2452 3115/2993/2455
f 3338/2990/2452 2746/2976/2439 2776/2908/2395
f 2746/2976/2439 3121/2992/2454 3107/2978/2441
f 3121/2992/2454 2746/2976/2439 3338/2990/2452
f 3120/2994/2456 3121/2992/2454 3115/2993/2455
f 3124/2995/2457 3121/2992/2454 3122/2996/2458
f 3107/2978/2441 3124/2995/2457 3111/2983/2445
f 3121/2992/2454 3124/2995/2457 3107/2978/2441
f 3123/2997/2459 3124/2995/2457 3122/2996/2458
f 3125/2998/2460 3111/2983/2445 3124/2995/2457
f 3269/2999/2461 3303/3000/2462 3302/3001/2463
f 3245/3002/2464 3303/3000/2462 3266/3003/2290
f 3302/3001/2463 3306/3004/2465 3269/2999/2461
f 3277/3005/2466 3302/3001/2463 3245/3002/2464
f 3306/3004/2465 3302/3001/2463 3277/3005/2466
f 3306/3004/2465 3256/3006/2467 3269/2999/2461
f 3305/3007/2468 3304/3008/2469 3306/3004/2465
f 3258/3009/2470 3306/3004/2465 3277/3005/2466
f 3304/3008/2469 3252/3010/2239 3256/3006/2467
f 3270/3011/2471 3304/3008/2469 3272/3012/2472
f 3252/3010/2239 3304/3008/2469 3270/3011/2471
f 3271/3013/2473 3270/3011/2471 3272/3012/2472
f 3305/3007/2468 3271/3013/2473 3272/3012/2472
f 2777/3014/2474 3305/3007/2468 3258/3009/2470
f 3271/3013/2473 3305/3007/2468 2777/3014/2474
f 3365/3015/2475 3364/2902/2391 3366/3016/2476
f 3317/3017/2477 3366/3016/2476 3328/3018/2478
f 3370/3019/2479 3345/3020/2282 3358/3021/2480
f 3359/3022/2282 3370/3019/2479 3360/3023/2481
f 3345/3020/2282 3370/3019/2479 3359/3022/2282
f 3347/3024/2482 3360/3023/2481 3357/3025/2282
f 3359/3022/2282 3330/3026/2483 3345/3020/2282
f 3346/3027/2282 3359/3022/2282 3347/3024/2482
f 3330/3026/2483 3359/3022/2282 3346/3027/2282
f 3327/3028/2484 3347/3024/2482 3344/3029/2264
f 3372/3030/2485 3371/3031/2486 3373/3032/2487
f 3345/3020/2282 3373/3032/2487 3358/3021/2480
f 3362/3033/2488 3361/3034/2489 3363/3035/2490
f 3372/3030/2485 3362/3033/2488 3363/3035/2490
f 3330/3026/2483 3372/3030/2485 3345/3020/2282
f 3362/3033/2488 3372/3030/2485 3330/3026/2483
f 3362/3033/2488 3317/3017/2477 3328/3018/2478
f 3329/3036/2491 3362/3033/2488 3330/3026/2483
f 3317/3017/2477 3362/3033/2488 3329/3036/2491
f 3346/3027/2282 3329/3036/2491 3330/3026/2483
f 3312/3037/2264 3346/3027/2282 3327/3028/2484
f 3329/3036/2491 3346/3027/2282 3312/3037/2264
f 3349/3038/2492 3327/3028/2484 3350/3039/2493
f 3341/3040/2494 3350/3039/2493 3348/3041/2263
f 3351/3042/2495 3341/3040/2494 3310/3043/2496
f 3349/3038/2492 3331/3044/2264 3312/3037/2264
f 3353/3045/2497 3349/3038/2492 3341/3040/2494
f 3331/3044/2264 3349/3038/2492 3353/3045/2497
f 3352/3046/2498 3331/3044/2264 3353/3045/2497
f 3319/3047/2499 3353/3045/2497 3351/3042/2495
f 3329/3036/2491 3334/3048/2500 3317/3017/2477
f 3331/3044/2264 3329/3036/2491 3312/3037/2264
f 3334/3048/2500 3329/3036/2491 3331/3044/2264
f 3365/3015/2475 3332/2910/2396 3308/2904/2253
f 3334/3048/2500 3365/3015/2475 3317/3017/2477
f 3332/2910/2396 3365/3015/2475 3334/3048/2500
f 3333/3049/2501 3332/2910/2396 3334/3048/2500
f 3322/3050/2502 3334/3048/2500 3331/3044/2264
f 3333/3049/2501 2745/2915/2400 3320/2913/2399
f 3321/3051/2503 3333/3049/2501 3322/3050/2502
f 2745/2915/2400 3333/3049/2501 3321/3051/2503
f 3352/3046/2498 3321/3051/2503 3322/3050/2502
f 3309/3052/2258 3352/3046/2498 3319/3047/2499
f 3321/3051/2503 3352/3046/2498 3309/3052/2258
f 3354/3053/2504 3342/3054/2505 3307/3055/2247
f 3351/3042/2495 3356/3056/2506 3319/3047/2499
f 3342/3054/2505 3351/3042/2495 3310/3043/2496
f 3356/3056/2506 3351/3042/2495 3342/3054/2505
f 3355/3057/2254 3319/3047/2499 3356/3056/2506
f 2860/3058/2504 3356/3056/2506 3354/3053/2504
f 3343/3059/2507 3323/3060/2247 2860/3058/2504
f 3323/3060/2247 3253/3061/2508 3311/3062/2509
f 3253/3061/2508 3343/3059/2507 2778/3063/2510
f 3343/3059/2507 3253/3061/2508 3323/3060/2247
f 3355/3057/2254 3326/3064/2511 3309/3052/2258
f 3323/3060/2247 3355/3057/2254 2860/3058/2504
f 3326/3064/2511 3355/3057/2254 3323/3060/2247
f 3321/3051/2503 3324/2988/2450 2745/2915/2400
f 3326/3064/2511 3321/3051/2503 3309/3052/2258
f 3324/2988/2450 3321/3051/2503 3326/3064/2511
f 3325/3065/2512 3324/2988/2450 3326/3064/2511
f 3311/3062/2509 3326/3064/2511 3323/3060/2247
f 3271/3013/2473 3275/3066/2241 3251/3067/2513
f 3262/3068/2238 3271/3013/2473 2777/3014/2474
f 3275/3066/2241 3271/3013/2473 3262/3068/2238
f 3275/3066/2241 2933/3069/2514 3251/3067/2513
f 3274/3070/2515 3273/3071/2516 3275/3066/2241
f 3248/3072/2517 3275/3066/2241 3262/3068/2238
f 3273/3071/2516 2778/3063/2510 2933/3069/2514
f 3253/3061/2508 3273/3071/2516 3254/3073/2518
f 2778/3063/2510 3273/3071/2516 3253/3061/2508
f 3009/3074/2519 3010/3075/2520 2963/3076/2521
f 3027/3077/2522 3012/3078/2523 2959/3079/2524
f 3010/3075/2520 3027/3077/2522 2879/3080/2525
f 3012/3078/2523 3027/3077/2522 3010/3075/2520
f 3005/3081/2524 3011/3082/2523 2755/3083/2526
f 3012/3078/2523 3005/3081/2524 2959/3079/2524
f 3011/3082/2523 3005/3081/2524 3012/3078/2523
f 2962/3084/2527 3012/3078/2523 3009/3074/2519
f 3014/3085/2528 3017/3086/2529 2960/3087/2530
f 2915/3088/2531 3014/3085/2528 2880/3089/2532
f 3017/3086/2529 3014/3085/2528 2915/3088/2531
f 3028/3090/2533 3016/3091/2525 2879/3080/2525
f 3017/3086/2529 3028/3090/2533 2960/3087/2530
f 3016/3091/2525 3028/3090/2533 3017/3086/2529
f 2928/3092/2534 2929/3093/2535 2917/3094/2536
f 2931/3095/2537 2916/2728/2240 2929/3093/2535
f 2925/3096/2538 2931/3095/2537 2912/3097/2539
f 2930/2726/2238 2925/3096/2538 2753/2732/2244
f 2931/3095/2537 2925/3096/2538 2930/2726/2238
f 2994/3098/2540 2928/3092/2534 2908/3099/2541
f 2931/3095/2537 2994/3098/2540 2912/3097/2539
f 2928/3092/2534 2994/3098/2540 2931/3095/2537
f 2928/3092/2534 2957/3100/2542 2908/3099/2541
f 2957/3100/2542 2915/3088/2531 2880/3089/2532
f 2915/3088/2531 2928/3092/2534 2917/3094/2536
f 2928/3092/2534 2915/3088/2531 2957/3100/2542
f 2956/3101/2543 2957/3100/2542 2880/3089/2532
f 2993/3102/2544 2958/3103/2545 2911/3104/2546
f 2957/3100/2542 2993/3102/2544 2908/3099/2541
f 2958/3103/2545 2993/3102/2544 2957/3100/2542
f 2993/3102/2544 2994/3098/2540 2908/3099/2541
f 2995/3105/2547 2912/3097/2539 2994/3098/2540
f 2990/3106/2548 2955/3107/2549 2914/3108/2550
f 2995/3105/2547 2990/3106/2548 2924/3109/2551
f 2955/3107/2549 2990/3106/2548 2995/3105/2547
f 2911/3104/2546 2995/3105/2547 2993/3102/2544
f 2991/3110/2552 2912/3097/2539 2924/3109/2551
f 2925/3096/2538 2991/3110/2552 2927/3111/2553
f 2912/3097/2539 2991/3110/2552 2925/3096/2538
f 2939/3112/2554 2925/3096/2538 2927/3111/2553
f 2753/2732/2244 2939/3112/2554 2926/2776/2285
f 2925/3096/2538 2939/3112/2554 2753/2732/2244
f 2938/3113/2555 2939/3112/2554 2927/3111/2553
f 2941/3114/2556 2926/2776/2285 2939/3112/2554
f 2935/3115/2557 2941/3114/2556 2923/3116/2558
f 2940/2781/2289 2935/3115/2557 2913/2782/2290
f 2941/3114/2556 2935/3115/2557 2940/2781/2289
f 2950/3117/2559 2938/3113/2555 2918/3118/2560
f 2941/3114/2556 2950/3117/2559 2923/3116/2558
f 2938/3113/2555 2950/3117/2559 2941/3114/2556
f 2990/3106/2548 2991/3110/2552 2924/3109/2551
f 2992/3119/2561 2927/3111/2553 2991/3110/2552
f 2987/3120/2562 2992/3119/2561 2953/3121/2563
f 2938/3113/2555 2987/3120/2562 2918/3118/2560
f 2992/3119/2561 2987/3120/2562 2938/3113/2555
f 2914/3108/2550 2992/3119/2561 2990/3106/2548
f 2986/3122/2563 2952/3123/2564 2954/3124/2565
f 2914/3108/2550 2986/3122/2563 2953/3121/2563
f 2952/3123/2564 2986/3122/2563 2914/3108/2550
f 2986/3122/2563 2987/3120/2562 2953/3121/2563
f 2989/3125/2566 2918/3118/2560 2987/3120/2562
f 2954/3124/2565 2989/3125/2566 2986/3122/2563
f 2984/3126/2567 2918/3118/2560 2949/3127/2568
f 2950/3117/2559 2984/3126/2567 2951/3128/2569
f 2918/3118/2560 2984/3126/2567 2950/3117/2559
f 2965/3129/2570 2950/3117/2559 2951/3128/2569
f 2923/3116/2558 2965/3129/2570 2934/3130/2558
f 2950/3117/2559 2965/3129/2570 2923/3116/2558
f 2981/3131/2571 2951/3128/2569 2964/3132/2572
f 2965/3129/2570 2981/3131/2571 2967/3133/2573
f 2951/3128/2569 2981/3131/2571 2965/3129/2570
f 2969/3134/2554 2965/3129/2570 2967/3133/2573
f 2934/3130/2558 2969/3134/2554 2966/3135/2574
f 2965/3129/2570 2969/3134/2554 2934/3130/2558
f 2979/3136/2575 2967/3133/2573 2968/3137/2576
f 2969/3134/2554 2979/3136/2575 2971/3138/2577
f 2967/3133/2573 2979/3136/2575 2969/3134/2554
f 2975/3139/2578 2969/3134/2554 2971/3138/2577
f 2966/3135/2574 2975/3139/2578 2970/3140/2577
f 2969/3134/2554 2975/3139/2578 2966/3135/2574
f 2980/3141/2579 2981/3131/2571 2964/3132/2572
f 2982/3142/2580 2967/3133/2573 2981/3131/2571
f 2983/3143/2581 2984/3126/2567 2949/3127/2568
f 2985/3144/2582 2951/3128/2569 2984/3126/2567
f 2972/3145/2583 2923/3116/2558 2934/3130/2558
f 2935/3115/2557 2972/3145/2583 2937/3146/2584
f 2923/3116/2558 2972/3145/2583 2935/3115/2557
f 2937/3146/2584 2913/2782/2290 2935/3115/2557
f 2976/3147/2574 2934/3130/2558 2966/3135/2574
f 2972/3145/2583 2976/3147/2574 2974/3148/2585
f 2934/3130/2558 2976/3147/2574 2972/3145/2583
f 2974/3148/2585 2937/3146/2584 2972/3145/2583
f 2970/3140/2577 2976/3147/2574 2966/3135/2574
f 2978/3149/2586 2974/3148/2585 2976/3147/2574
f 3027/3077/2522 3028/3090/2533 2879/3080/2525
f 3029/3150/2533 2960/3087/2530 3028/3090/2533
f 3057/3151/2587 3024/3152/2588 2961/3153/2589
f 3024/3152/2588 3029/3150/2533 3006/3154/2533
f 3029/3150/2533 3057/3151/2587 3013/3155/2590
f 3057/3151/2587 3029/3150/2533 3024/3152/2588
f 2959/3079/2524 3029/3150/2533 3027/3077/2522
f 3058/3156/2591 2960/3087/2530 3013/3155/2590
f 3014/3085/2528 3058/3156/2591 3015/3157/2592
f 2960/3087/2530 3058/3156/2591 3014/3085/2528
f 3015/3157/2592 2880/3089/2532 3014/3085/2528
f 3057/3151/2587 3058/3156/2591 3013/3155/2590
f 3060/3158/2593 3015/3157/2592 3058/3156/2591
f 3003/3159/2594 3059/3160/2595 3060/3158/2593
f 3054/3161/2596 3057/3151/2587 2961/3153/2589
f 3060/3158/2593 3054/3161/2596 3003/3159/2594
f 3057/3151/2587 3054/3161/2596 3060/3158/2593
f 3053/3162/2597 3054/3161/2596 2961/3153/2589
f 3056/3163/2598 3003/3159/2594 3054/3161/2596
f 3050/3164/2599 3056/3163/2598 3019/3165/2600
f 3055/3166/2601 3050/3164/2599 3004/3167/2602
f 3056/3163/2598 3050/3164/2599 3055/3166/2601
f 3068/3168/2603 3053/3162/2597 3002/3169/2604
f 3056/3163/2598 3068/3168/2603 3019/3165/2600
f 3053/3162/2597 3068/3168/2603 3056/3163/2598
f 3067/3170/2605 3068/3168/2603 3002/3169/2604
f 3069/3171/2606 3019/3165/2600 3068/3168/2603
f 3064/3172/2607 3069/3171/2606 3043/3173/2608
f 3049/3174/2609 3064/3172/2607 3020/3175/2600
f 3069/3171/2606 3064/3172/2607 3049/3174/2609
f 3018/3176/2608 3069/3171/2606 3067/3170/2605
f 3049/3174/2609 3050/3164/2599 3019/3165/2600
f 3052/3177/2610 3004/3167/2602 3050/3164/2599
f 3040/3178/2611 3049/3174/2609 3020/3175/2600
f 3052/3177/2610 3040/3178/2611 3030/3179/2612
f 3049/3174/2609 3040/3178/2611 3052/3177/2610
f 3062/3180/2611 3020/3175/2600 3039/3181/2613
f 3040/3178/2611 3062/3180/2611 3041/3182/2614
f 3020/3175/2600 3062/3180/2611 3040/3178/2611
f 3063/3183/2608 3042/3184/2615 3044/3185/2616
f 3018/3176/2608 3063/3183/2608 3043/3173/2608
f 3042/3184/2615 3063/3183/2608 3018/3176/2608
f 3063/3183/2608 3064/3172/2607 3043/3173/2608
f 3071/3186/2613 3064/3172/2607 3066/3187/2617
f 3020/3175/2600 3071/3186/2613 3039/3181/2613
f 3064/3172/2607 3071/3186/2613 3020/3175/2600
f 3070/3188/2618 3071/3186/2613 3066/3187/2617
f 3072/3189/2619 3039/3181/2613 3071/3186/2613
f 3065/3190/2620 3072/3189/2619 3070/3188/2618
f 3070/3188/2618 3044/3185/2616 3065/3190/2620
f 3063/3183/2608 3070/3188/2618 3066/3187/2617
f 3044/3185/2616 3070/3188/2618 3063/3183/2608
f 3023/3191/2533 3005/3081/2524 3008/3192/2533
f 2959/3079/2524 3023/3191/2533 3006/3154/2533
f 3005/3081/2524 3023/3191/2533 2959/3079/2524
f 3023/3191/2533 3024/3152/2588 3006/3154/2533
f 3053/3162/2597 3046/3193/2621 3002/3169/2604
f 3046/3193/2621 3024/3152/2588 3026/3194/2622
f 3024/3152/2588 3053/3162/2597 2961/3153/2589
f 3053/3162/2597 3024/3152/2588 3046/3193/2621
f 3045/3195/2623 3046/3193/2621 3026/3194/2622
f 3067/3170/2605 3048/3196/2624 3018/3176/2608
f 3046/3193/2621 3067/3170/2605 3002/3169/2604
f 3048/3196/2624 3067/3170/2605 3046/3193/2621
f 3042/3184/2615 3047/3197/2625 2996/3198/2529
f 3048/3196/2624 3042/3184/2615 3018/3176/2608
f 3047/3197/2625 3042/3184/2615 3048/3196/2624
f 3025/3199/2626 3048/3196/2624 3045/3195/2623
f 3045/3195/2623 3008/3192/2533 3025/3199/2626
f 3023/3191/2533 3045/3195/2623 3026/3194/2622
f 3008/3192/2533 3045/3195/2623 3023/3191/2533
f 3073/3200/2627 3031/3201/2628 3032/3202/2629
f 3008/3192/2533 3073/3200/2627 3025/3199/2626
f 3031/3201/2628 3073/3200/2627 3008/3192/2533
f 3073/3200/2627 3047/3197/2625 3025/3199/2626
f 3031/3201/2628 2755/3083/2526 3007/3203/2630
f 3005/3081/2524 3031/3201/2628 3008/3192/2533
f 2755/3083/2526 3031/3201/2628 3005/3081/2524
f 3189/3204/2631 3033/3205/2524 3035/3206/2533
f 2755/3083/2526 3189/3204/2631 3007/3203/2630
f 3033/3205/2524 3189/3204/2631 2755/3083/2526
f 3230/3207/2623 3231/3208/2632 3190/3209/2633
f 3181/3210/2634 3232/3211/2635 3230/3207/2623
f 3230/3207/2623 3035/3206/2533 3181/3210/2634
f 3189/3204/2631 3230/3207/2623 3190/3209/2633
f 3035/3206/2533 3230/3207/2623 3189/3204/2631
f 3210/3212/2633 3180/3213/2533 3183/3214/2636
f 3035/3206/2533 3210/3212/2633 3181/3210/2634
f 3180/3213/2533 3210/3212/2633 3035/3206/2533
f 3210/3212/2633 3211/3215/2637 3181/3210/2634
f 3206/3216/2608 3213/3217/2624 3177/3218/2604
f 3211/3215/2637 3206/3216/2608 3021/3219/2638
f 3213/3217/2624 3206/3216/2608 3211/3215/2637
f 3220/3220/2603 3212/3221/2639 3167/3222/2608
f 3213/3217/2624 3220/3220/2603 3177/3218/2604
f 3212/3221/2639 3220/3220/2603 3213/3217/2624
f 3183/3214/2636 3213/3217/2624 3210/3212/2633
f 3212/3221/2639 3198/3223/2640 3167/3222/2608
f 3198/3223/2640 3182/3224/2624 3000/3225/2640
f 3182/3224/2624 3212/3221/2639 3183/3214/2636
f 3212/3221/2639 3182/3224/2624 3198/3223/2640
f 3034/3226/2533 3183/3214/2636 3180/3213/2533
f 3180/3213/2533 2998/3227/2525 3034/3226/2533
f 3033/3205/2524 3180/3213/2533 3035/3206/2533
f 2998/3227/2525 3180/3213/2533 3033/3205/2524
f 3228/3228/2608 3206/3216/2608 3209/3229/2608
f 3021/3219/2638 3228/3228/2608 3207/3230/2641
f 3206/3216/2608 3228/3228/2608 3021/3219/2638
f 3209/3229/2608 3229/3231/2607 3228/3228/2608
f 3224/3232/2607 3216/3233/2608 3219/3234/2607
f 3209/3229/2608 3224/3232/2607 3217/3235/2642
f 3216/3233/2608 3224/3232/2607 3209/3229/2608
f 3224/3232/2607 3225/3236/2620 3217/3235/2642
f 3223/3237/2643 3227/3238/2644 3214/3239/2645
f 3225/3236/2620 3223/3237/2643 3187/3240/2596
f 3227/3238/2644 3223/3237/2643 3225/3236/2620
f 3226/3241/2646 3214/3239/2645 3227/3238/2644
f 3219/3234/2607 3227/3238/2644 3224/3232/2607
f 3226/3241/2646 3236/3242/2613 3191/3243/2647
f 3236/3242/2613 3218/3244/2620 3179/3245/2645
f 3218/3244/2620 3226/3241/2646 3219/3234/2607
f 3226/3241/2646 3218/3244/2620 3236/3242/2613
f 3208/3246/2648 3219/3234/2607 3216/3233/2608
f 3216/3233/2608 3177/3218/2604 3208/3246/2648
f 3206/3216/2608 3216/3233/2608 3209/3229/2608
f 3177/3218/2604 3216/3233/2608 3206/3216/2608
f 3215/3247/2649 3235/3248/2650 3233/3249/2596
f 3236/3242/2613 3215/3247/2649 3191/3243/2647
f 3234/3250/2651 3237/3251/2652 3193/3252/2653
f 3239/3253/2654 3234/3250/2651 3215/3247/2649
f 3237/3251/2652 3234/3250/2651 3239/3253/2654
f 3238/3254/2655 3237/3251/2652 3239/3253/2654
f 3179/3245/2645 3239/3253/2654 3236/3242/2613
f 3238/3254/2655 3243/3255/2611 3192/3256/2656
f 3240/3257/2657 3238/3254/2655 3179/3245/2645
f 3243/3255/2611 3238/3254/2655 3240/3257/2657
f 3243/3255/2611 3188/3258/2658 3192/3256/2656
f 3242/3259/2659 3241/3260/2660 3243/3255/2611
f 3194/3261/2661 3243/3255/2611 3240/3257/2657
f 3196/3262/2662 3195/3263/2602 3197/3264/2663
f 3242/3259/2659 3196/3262/2662 3197/3264/2663
f 3178/3265/2596 3242/3259/2659 3194/3261/2661
f 3196/3262/2662 3242/3259/2659 3178/3265/2596
f 3220/3220/2603 3208/3246/2648 3177/3218/2604
f 3218/3244/2620 3240/3257/2657 3179/3245/2645
f 3240/3257/2657 3222/3266/2664 3194/3261/2661
f 3222/3266/2664 3218/3244/2620 3208/3246/2648
f 3218/3244/2620 3222/3266/2664 3240/3257/2657
f 3221/3267/2608 3194/3261/2661 3222/3266/2664
f 3167/3222/2608 3222/3266/2664 3220/3220/2603
f 3221/3267/2608 3201/3268/2596 3178/3265/2596
f 3198/3223/2640 3221/3267/2608 3167/3222/2608
f 3201/3268/2596 3221/3267/2608 3198/3223/2640
f 3196/3262/2662 3199/3269/2665 3169/3270/2666
f 3201/3268/2596 3196/3262/2662 3178/3265/2596
f 3199/3269/2665 3196/3262/2662 3201/3268/2596
f 3200/3271/2667 3199/3269/2665 3201/3268/2596
f 3000/3225/2640 3201/3268/2596 3198/3223/2640
f 3200/3271/2667 3205/3272/2602 3168/3273/2668
f 3202/3274/2669 3200/3271/2667 3000/3225/2640
f 3205/3272/2602 3200/3271/2667 3202/3274/2669
f 3205/3272/2602 3022/3275/2670 3168/3273/2668
f 3204/3276/2671 3203/3277/2672 3205/3272/2602
f 3170/3278/2673 3205/3272/2602 3202/3274/2669
f 3172/3279/2592 3171/3280/2532 3173/3281/2674
f 3204/3276/2671 3172/3279/2592 3173/3281/2674
f 2999/3282/2675 3204/3276/2671 3170/3278/2673
f 3172/3279/2592 3204/3276/2671 2999/3282/2675
f 3184/3283/2676 3034/3226/2533 2998/3227/2525
f 3182/3224/2624 3202/3274/2669 3000/3225/2640
f 3202/3274/2669 3186/3284/2533 3170/3278/2673
f 3186/3284/2533 3182/3224/2624 3034/3226/2533
f 3182/3224/2624 3186/3284/2533 3202/3274/2669
f 3185/3285/2533 3170/3278/2673 3186/3284/2533
f 2909/3286/2677 3186/3284/2533 3184/3283/2676
f 3280/3287/2678 3295/3288/2679 3293/3289/2680
f 3299/3290/2681 3268/3291/2584 3281/3292/2584
f 3282/3293/2583 3299/3290/2681 3283/3294/2679
f 3268/3291/2584 3299/3290/2681 3282/3293/2583
f 3294/3295/2682 3282/3293/2583 3283/3294/2679
f 3265/3296/2683 3294/3295/2682 3280/3287/2678
f 3282/3293/2583 3294/3295/2682 3265/3296/2683
f 3266/3003/2290 3301/3297/2684 3300/3298/2685
f 3268/3291/2584 3301/3297/2684 3281/3292/2584
f 3300/3298/2685 3245/3002/2464 3266/3003/2290
f 3267/3299/2557 3300/3298/2685 3268/3291/2584
f 3245/3002/2464 3300/3298/2685 3267/3299/2557
f 3282/3293/2583 3267/3299/2557 3268/3291/2584
f 3255/3300/2558 3282/3293/2583 3265/3296/2683
f 3267/3299/2557 3282/3293/2583 3255/3300/2558
f 3297/3301/2686 3280/3287/2678 3298/3302/2687
f 3286/3303/2688 3298/3302/2687 3296/3304/2689
f 3297/3301/2686 3255/3300/2558 3265/3296/2683
f 3285/3305/2690 3297/3301/2686 3286/3303/2688
f 3255/3300/2558 3297/3301/2686 3285/3305/2690
f 3250/3306/2691 3286/3303/2688 3284/3307/2692
f 3247/3308/2693 3289/3309/2694 3287/3310/2550
f 3288/3311/2695 3276/3312/2696 3250/3306/2691
f 3276/3312/2696 3257/3313/2697 3260/3314/2692
f 3257/3313/2697 3288/3311/2695 3247/3308/2693
f 3288/3311/2695 3257/3313/2697 3276/3312/2696
f 3285/3305/2690 3279/3315/2698 3255/3300/2558
f 3276/3312/2696 3285/3305/2690 3250/3306/2691
f 3279/3315/2698 3285/3305/2690 3276/3312/2696
f 3267/3299/2557 3277/3005/2466 3245/3002/2464
f 3279/3315/2698 3267/3299/2557 3255/3300/2558
f 3277/3005/2466 3267/3299/2557 3279/3315/2698
f 3278/3316/2699 3277/3005/2466 3279/3315/2698
f 3260/3314/2692 3279/3315/2698 3276/3312/2696
f 3278/3316/2699 2777/3014/2474 3258/3009/2470
f 3259/3317/2553 3278/3316/2699 3260/3314/2692
f 2777/3014/2474 3278/3316/2699 3259/3317/2553
f 3246/3318/2548 3260/3314/2692 3257/3313/2697
f 3290/3319/2700 3257/3313/2697 3247/3308/2693
f 3257/3313/2697 2922/3320/2701 3246/3318/2548
f 2922/3320/2701 3290/3319/2700 3244/3321/2702
f 3290/3319/2700 2922/3320/2701 3257/3313/2697
f 3291/3322/2703 3244/3321/2702 3292/3323/2704
f 2910/3324/2705 3292/3323/2704 3171/3280/2532
f 3291/3322/2703 3261/3325/2706 2922/3320/2701
f 3261/3325/2706 3175/3326/2707 3249/3327/2546
f 3175/3326/2707 3291/3322/2703 2910/3324/2705
f 3291/3322/2703 3175/3326/2707 3261/3325/2706
f 3261/3325/2706 3246/3318/2548 2922/3320/2701
f 3259/3317/2553 3262/3068/2238 2777/3014/2474
f 3264/3328/2708 3259/3317/2553 3246/3318/2548
f 3262/3068/2238 3259/3317/2553 3264/3328/2708
f 3263/3329/2709 3262/3068/2238 3264/3328/2708
f 3249/3327/2546 3264/3328/2708 3261/3325/2706
f 3185/3285/2533 3176/3330/2710 2999/3282/2675
f 3174/3331/2525 3185/3285/2533 2909/3286/2677
f 3176/3330/2710 3185/3285/2533 3174/3331/2525
f 3172/3279/2592 3175/3326/2707 2910/3324/2705
f 3176/3330/2710 3172/3279/2592 2999/3282/2675
f 3175/3326/2707 3172/3279/2592 3176/3330/2710
f 3036/3332/2519 3011/3082/2523 2962/3084/2527
f 3033/3205/2524 3038/3333/2523 2998/3227/2525
f 3011/3082/2523 3033/3205/2524 2755/3083/2526
f 3038/3333/2523 3033/3205/2524 3011/3082/2523
f 3184/3283/2676 3037/3334/2711 2909/3286/2677
f 3038/3333/2523 3184/3283/2676 2998/3227/2525
f 3037/3334/2711 3184/3283/2676 3038/3333/2523
f 3001/3335/2712 3038/3333/2523 3036/3332/2519
f 3110/2980/2443 3101/3336/2713 3100/3337/2714
f 3110/2980/2443 3109/2979/2442 3101/3336/2713
f 3077/3338/2715 3110/2980/2443 3100/3337/2714
f 3113/2984/2446 3102/3339/2716 3109/2979/2442
f 3102/3339/2716 3101/3336/2713 3109/2979/2442
f 3110/2980/2443 2750/2967/2432 3108/2981/2308
f 3408/2964/2430 3407/3340/2717 3077/3338/2715
f 3407/3340/2717 3110/2980/2443 3077/3338/2715
f 3076/3341/2715 3408/2964/2430 3077/3338/2715
f 3379/2965/2431 3076/3341/2715 3424/2962/2330
f 3102/3339/2716 3118/3342/2718 3103/3343/2338
f 3103/3343/2338 3118/3342/2718 3119/2986/2448
f 3102/3339/2716 3113/2984/2446 3118/3342/2718
f 3116/2985/2447 3104/3344/2719 3119/2986/2448
f 3103/3343/2338 3119/2986/2448 3104/3344/2719
f 3105/3345/2720 3104/3344/2719 3116/2985/2447
f 3399/2955/2424 3389/2968/2433 2775/2957/2302
f 3158/3346/2721 3389/2968/2433 3399/2955/2424
f 2749/2972/2437 3389/2968/2433 3158/3346/2721
f 3313/2906/2394 2746/2976/2439 3381/2970/2435
f 3158/3346/2721 3399/2955/2424 3374/2944/2414
f 3390/2922/2367 3418/2930/2406 3164/3347/2722
f 3164/3347/2722 3418/2930/2406 3415/2932/2407
f 3163/3348/2723 3411/2916/2356 3390/2922/2367
f 3162/3349/2355 3411/2916/2356 3163/3348/2723
f 3164/3347/2722 3163/3348/2723 3390/2922/2367
f 2774/2947/2417 3423/2958/2425 3166/3350/2724
f 3419/2945/2415 2774/2947/2417 3166/3350/2724
f 3165/3351/2725 3415/2932/2407 3375/2931/2352
f 3164/3347/2722 3415/2932/2407 3165/3351/2725
f 3419/2945/2415 3165/3351/2725 3375/2931/2352
f 2701/3352/2726 3423/2958/2425 3380/2960/2427
f 3166/3350/2724 3165/3351/2725 3419/2945/2415
f 3409/2921/2373 3410/2927/2353 3392/2920/2403
f 3158/3346/2721 3374/2944/2414 3395/2941/2321
f 3158/3346/2721 3395/2941/2321 3385/2942/2302
f 3385/2942/2302 3393/2928/2353 3394/2929/2353
f 3161/3353/2355 3429/2917/2401 3162/3349/2355
f 3411/2916/2356 3162/3349/2355 3429/2917/2401
f 3409/2921/2373 3429/2917/2401 3161/3353/2355
f 3409/2921/2373 3159/3354/2727 3410/2927/2353
f 3409/2921/2373 3160/3355/2373 3159/3354/2727
f 3161/3353/2355 3160/3355/2373 3409/2921/2373
f 3410/2927/2353 3159/3354/2727 3394/2929/2353
f 3394/2929/2353 3158/3346/2721 3385/2942/2302
f 3394/2929/2353 3159/3354/2727 3158/3346/2721
f 3380/2960/2427 3424/2962/2330 3076/3341/2715
f 3125/2998/2460 3123/2997/2459 3105/3345/2720
f 3106/3356/2728 3105/3345/2720 3123/2997/2459
f 3122/2996/2458 3120/2994/2456 3123/2997/2459
f 3106/3356/2728 3123/2997/2459 3120/2994/2456
f 3339/2989/2451 3106/3356/2728 3120/2994/2456
f 3318/2912/2398 3315/2907/2393 3367/2900/2389
f 3339/2989/2451 3120/2994/2456 3115/2993/2455
f 3315/2907/2393 3313/2906/2394 3156/3357/2729
f 3114/2991/2453 3106/3356/2728 3339/2989/2451
f 3313/2906/2394 3381/2970/2435 3157/3358/2730
f 3106/3356/2728 3114/2991/2453 3325/3065/2512
f 3343/3059/2507 2860/3058/2504 3354/3053/2504
f 3311/3062/2509 3106/3356/2728 3325/3065/2512
f 3154/3359/2731 3366/3016/2476 3364/2902/2391
f 3361/3034/2489 3328/3018/2478 3366/3016/2476
f 3310/3043/2496 3341/3040/2494 3348/3041/2263
f 3348/3041/2263 3307/3055/2247 3342/3054/2505
f 3348/3041/2263 3342/3054/2505 3310/3043/2496
f 3307/3055/2247 3343/3059/2507 3354/3053/2504
f 3311/3062/2509 3253/3061/2508 3106/3356/2728
f 3361/3034/2489 3366/3016/2476 3154/3359/2731
f 3155/3360/2732 3369/2901/2390 3367/2900/2389
f 3153/3361/2489 3371/3031/2486 3361/3034/2489
f 3363/3035/2490 3361/3034/2489 3371/3031/2486
f 3152/3362/2733 3371/3031/2486 3153/3361/2489
f 3153/3361/2489 3361/3034/2489 3154/3359/2731
f 3157/3358/2730 3381/2970/2435 2749/2972/2437
f 3313/2906/2394 3157/3358/2730 3156/3357/2729
f 3158/3346/2721 3157/3358/2730 2749/2972/2437
f 3154/3359/2731 3316/2903/2392 3155/3360/2732
f 3367/2900/2389 3156/3357/2729 3155/3360/2732
f 3154/3359/2731 3364/2902/2391 3316/2903/2392
f 3369/2901/2390 3155/3360/2732 3316/2903/2392
f 3156/3357/2729 3367/2900/2389 3315/2907/2393
f 3151/3363/2734 3358/3021/2480 3373/3032/2487
f 3348/3041/2263 3350/3039/2493 3344/3029/2264
f 3357/3025/2282 3348/3041/2263 3344/3029/2264
f 3344/3029/2264 3347/3024/2482 3357/3025/2282
f 3152/3362/2733 3151/3363/2734 3373/3032/2487
f 3370/3019/2479 3358/3021/2480 3151/3363/2734
f 3150/3364/2284 3370/3019/2479 3151/3363/2734
f 3149/3365/2284 3357/3025/2282 3360/3023/2481
f 3360/3023/2481 3150/3364/2284 3149/3365/2284
f 3149/3365/2284 3348/3041/2263 3357/3025/2282
f 3370/3019/2479 3150/3364/2284 3360/3023/2481
f 3348/3041/2263 3149/3365/2284 3307/3055/2247
f 3371/3031/2486 3152/3362/2733 3373/3032/2487
f 3344/3029/2264 3350/3039/2493 3327/3028/2484
f 3105/3345/2720 3116/2985/2447 3125/2998/2460
f 3148/3366/2735 3307/3055/2247 3149/3365/2284
f 2816/2831/2333 2701/3352/2726 2768/3367/2736
f 3380/2960/2427 3076/3341/2715 2768/3367/2736
f 2815/2832/2330 2768/3367/2736 3076/3341/2715
f 2701/3352/2726 2748/2834/2308 2812/2850/2350
f 2816/2831/2333 2748/2834/2308 2701/3352/2726
f 2701/3352/2726 3380/2960/2427 2768/3367/2736
f 2701/3352/2726 3166/3350/2724 3423/2958/2425
f 2701/3352/2726 2812/2850/2350 2759/2852/2352
f 2701/3352/2726 2759/2852/2352 2808/2870/2368
f 2847/2871/2369 2848/2891/2382 2772/2872/2369
f 2772/2872/2369 2701/3352/2726 2808/2870/2368
f 2848/2891/2382 2804/2888/2356 2845/2890/2381
f 2801/2883/2377 2845/2890/2381 2846/2889/2380
f 2702/3368/2737 2801/2883/2377 2821/2882/2376
f 2845/2890/2381 2801/2883/2377 2702/3368/2737
f 2702/3368/2737 2701/3352/2726 2848/2891/2382
f 2702/3368/2737 2848/2891/2382 2845/2890/2381
f 2702/3368/2737 2821/2882/2376 2703/3369/2738
f 2818/2881/2375 2703/3369/2738 2821/2882/2376
f 2849/2879/2373 2818/2881/2375 2800/2876/2362
f 2818/2881/2375 2849/2879/2373 2705/3370/2737
f 2785/2880/2374 2705/3370/2737 2849/2879/2373
f 2704/3371/2362 2818/2881/2375 2705/3370/2737
f 2818/2881/2375 2704/3371/2362 2703/3369/2738
f 2799/2827/2307 2767/2828/2330 3076/3341/2715
f 3096/3372/2739 3099/2805/2307 3075/3373/2740
f 3075/3373/2740 2799/2827/2307 3076/3341/2715
f 3099/2805/2307 2798/2824/2327 3075/3373/2740
f 3094/2799/2305 3099/2805/2307 3096/3372/2739
f 3086/3374/2741 3097/2800/2306 3075/3373/2740
f 3097/2800/2306 3096/3372/2739 3075/3373/2740
f 3095/2801/2307 3097/2800/2306 3086/3374/2741
f 3085/3375/2742 3095/2801/2307 3086/3374/2741
f 2766/2803/2308 3094/2799/2305 3095/2801/2307
f 3084/3376/2743 3095/2801/2307 3085/3375/2742
f 2815/2832/2330 3076/3341/2715 2767/2828/2330
f 2706/3377/2363 2785/2880/2374 2822/2873/2370
f 2769/2865/2364 2822/2873/2370 2783/2864/2363
f 2706/3377/2363 2769/2865/2364 2707/3378/2436
f 2826/2861/2360 2786/2854/2354 2831/2841/2341
f 2706/3377/2363 2822/2873/2370 2769/2865/2364
f 2706/3377/2363 2705/3370/2737 2785/2880/2374
f 3091/2797/2303 3084/3376/2743 3083/3379/2315
f 3095/2801/2307 3091/2797/2303 2766/2803/2308
f 3091/2797/2303 3095/2801/2307 3084/3376/2743
f 3093/2798/2304 3083/3379/2315 3082/3380/2744
f 3093/2798/2304 3082/3380/2744 3088/2784/2292
f 3091/2797/2303 3083/3379/2315 3093/2798/2304
f 2707/3378/2436 2769/2865/2364 2826/2861/2360
f 2772/2872/2369 2848/2891/2382 2701/3352/2726
f 2708/3381/2745 2707/3378/2436 2831/2841/2341
f 2708/3381/2745 2831/2841/2341 2830/2837/2337
f 2782/2838/2338 2709/3382/2746 2708/3381/2745
f 2830/2837/2337 2782/2838/2338 2708/3381/2745
f 2709/3382/2746 2782/2838/2338 2832/2835/2335
f 2782/2838/2338 2834/2836/2336 2832/2835/2335
f 2742/2823/2326 2832/2835/2335 2779/2822/2325
f 2835/2819/2322 2710/3383/2747 2742/2823/2326
f 2709/3382/2746 2832/2835/2335 2742/2823/2326
f 2710/3383/2747 2835/2819/2322 2840/2898/2387
f 2742/2823/2326 2710/3383/2747 2709/3382/2746
f 2894/2775/2284 2713/3384/2748 2712/3385/2284
f 2712/3385/2284 2711/3386/2749 2873/3387/2750
f 2905/2769/2279 2716/3388/2751 2715/3389/2752
f 2891/2774/2283 2715/3389/2752 2714/3390/2278
f 2904/2773/2282 2714/3390/2278 2713/3384/2748
f 2712/3385/2284 2893/3391/2753 2894/2775/2284
f 2713/3384/2748 2894/2775/2284 2904/2773/2282
f 2715/3389/2752 2891/2774/2283 2907/2770/2280
f 2905/2769/2279 2897/2767/2277 2716/3388/2751
f 2905/2769/2279 2715/3389/2752 2907/2770/2280
f 2891/2774/2283 2714/3390/2278 2904/2773/2282
f 2895/2765/2276 2717/3392/2754 2716/3388/2751
f 2711/3386/2749 2710/3383/2747 2838/2896/2294
f 2712/3385/2284 2873/3387/2750 2893/3391/2753
f 2840/2898/2387 2835/2819/2322 2761/2809/2313
f 2838/2896/2294 2710/3383/2747 2840/2898/2387
f 2870/2893/2383 2711/3386/2749 2859/2897/2386
f 2838/2896/2294 2859/2897/2386 2711/3386/2749
f 3081/3393/2755 3090/2785/2293 3088/2784/2292
f 3080/3394/2728 3090/2785/2293 3081/3393/2755
f 3082/3380/2744 3081/3393/2755 3088/2784/2292
f 3080/3394/2728 2888/2792/2298 3087/2787/2295
f 2888/2792/2298 3080/3394/2728 2841/2737/2249
f 3090/2785/2293 3080/3394/2728 3087/2787/2295
f 2842/2786/2294 3087/2787/2295 2888/2792/2298
f 2873/3387/2750 2853/2895/2385 2861/2758/2269
f 2870/2893/2383 2853/2895/2385 2873/3387/2750
f 2874/2772/2271 2893/3391/2753 2873/3387/2750
f 2897/2767/2277 2895/2765/2276 2716/3388/2751
f 2854/2749/2260 2718/3395/2756 2717/3392/2754
f 2875/2764/2275 2854/2749/2260 2717/3392/2754
f 2718/3395/2756 2854/2749/2260 2876/2748/2259
f 2851/2751/2262 2718/3395/2756 2876/2748/2259
f 2875/2764/2275 2717/3392/2754 2895/2765/2276
f 3080/3394/2728 2867/2734/2246 2841/2737/2249
f 2870/2893/2383 2873/3387/2750 2711/3386/2749
f 2856/2735/2247 2867/2734/2246 3080/3394/2728
f 2831/2841/2341 2707/3378/2436 2826/2861/2360
f 2851/2751/2262 2719/3396/2757 2718/3395/2756
f 3148/3366/2735 2778/3063/2510 3343/3059/2507
f 3126/3397/2758 3254/3073/2518 3274/3070/2515
f 3253/3061/2508 3254/3073/2518 3106/3356/2728
f 3148/3366/2735 2933/3069/2514 2778/3063/2510
f 3148/3366/2735 3147/3398/2759 2933/3069/2514
f 3270/3011/2471 3251/3067/2513 2933/3069/2514
f 3147/3398/2759 3270/3011/2471 2933/3069/2514
f 3146/3399/2760 3252/3010/2239 3147/3398/2759
f 3147/3398/2759 3252/3010/2239 3270/3011/2471
f 3252/3010/2239 3146/3399/2760 3256/3006/2467
f 3126/3397/2758 3248/3072/2517 3263/3329/2709
f 3175/3326/2707 3126/3397/2758 3249/3327/2546
f 3263/3329/2709 3249/3327/2546 3126/3397/2758
f 3176/3330/2710 3126/3397/2758 3175/3326/2707
f 3126/3397/2758 3274/3070/2515 3248/3072/2517
f 3288/3311/2695 3250/3306/2691 3284/3307/2692
f 3290/3319/2700 3247/3308/2693 3287/3310/2550
f 3244/3321/2702 3290/3319/2700 3139/3400/2761
f 3138/3401/2762 3171/3280/2532 3292/3323/2704
f 3269/2999/2461 3256/3006/2467 3145/3402/2763
f 3254/3073/2518 3126/3397/2758 3106/3356/2728
f 3292/3323/2704 3244/3321/2702 3139/3400/2761
f 3146/3399/2760 3145/3402/2763 3256/3006/2467
f 3303/3000/2462 3269/2999/2461 3145/3402/2763
f 3303/3000/2462 3145/3402/2763 3144/3403/2764
f 3143/3404/2765 3281/3292/2584 3301/3297/2684
f 3144/3403/2764 3266/3003/2290 3303/3000/2462
f 3266/3003/2290 3144/3403/2764 3301/3297/2684
f 3144/3403/2764 3143/3404/2765 3301/3297/2684
f 3299/3290/2681 3281/3292/2584 3143/3404/2765
f 3142/3405/2557 3299/3290/2681 3143/3404/2765
f 3141/3406/2766 3283/3294/2679 3142/3405/2557
f 3299/3290/2681 3142/3405/2557 3283/3294/2679
f 3294/3295/2682 3283/3294/2679 3141/3406/2766
f 3293/3289/2680 3298/3302/2687 3280/3287/2678
f 3296/3304/2689 3284/3307/2692 3286/3303/2688
f 3289/3309/2694 3284/3307/2692 3296/3304/2689
f 3293/3289/2680 3296/3304/2689 3298/3302/2687
f 3140/3407/2574 3293/3289/2680 3295/3288/2679
f 3140/3407/2574 3296/3304/2689 3293/3289/2680
f 3141/3406/2766 3140/3407/2574 3295/3288/2679
f 3139/3400/2761 3287/3310/2550 3289/3309/2694
f 3289/3309/2694 3296/3304/2689 3140/3407/2574
f 3290/3319/2700 3287/3310/2550 3139/3400/2761
f 3289/3309/2694 3140/3407/2574 3139/3400/2761
f 3284/3307/2692 3289/3309/2694 3288/3311/2695
f 3292/3323/2704 3139/3400/2761 3138/3401/2762
f 3141/3406/2766 3295/3288/2679 3294/3295/2682
f 3203/3277/2672 3173/3281/2674 3171/3280/2532
f 3138/3401/2762 3022/3275/2670 3203/3277/2672
f 3199/3269/2665 3168/3273/2668 3022/3275/2670
f 3137/3408/2767 3199/3269/2665 3022/3275/2670
f 3138/3401/2762 3137/3408/2767 3022/3275/2670
f 3136/3409/2768 3169/3270/2666 3137/3408/2767
f 3199/3269/2665 3137/3408/2767 3169/3270/2666
f 3195/3263/2602 3169/3270/2666 3136/3409/2768
f 3241/3260/2660 3195/3263/2602 3135/3410/2769
f 3197/3264/2663 3195/3263/2602 3241/3260/2660
f 3136/3409/2768 3135/3410/2769 3195/3263/2602
f 3203/3277/2672 3171/3280/2532 3138/3401/2762
f 3174/3331/2525 3126/3397/2758 3176/3330/2710
f 3037/3334/2711 3174/3331/2525 2909/3286/2677
f 3037/3334/2711 3001/3335/2712 3174/3331/2525
f 3127/3411/2770 3174/3331/2525 3001/3335/2712
f 3128/3412/2770 3127/3411/2770 3001/3335/2712
f 3174/3331/2525 3127/3411/2770 3126/3397/2758
f 3134/3413/2771 3237/3251/2652 3188/3258/2658
f 3135/3410/2769 3134/3413/2771 3188/3258/2658
f 3135/3410/2769 3188/3258/2658 3241/3260/2660
f 3188/3258/2658 3237/3251/2652 3192/3256/2656
f 3134/3413/2771 3193/3252/2653 3237/3251/2652
f 3036/3332/2519 3128/3412/2770 3001/3335/2712
f 3234/3250/2651 3193/3252/2653 3133/3414/2772
f 3235/3248/2650 3234/3250/2651 3133/3414/2772
f 3233/3249/2596 3191/3243/2647 3215/3247/2649
f 3214/3239/2645 3191/3243/2647 3233/3249/2596
f 3132/3415/2773 3233/3249/2596 3235/3248/2650
f 3132/3415/2773 3235/3248/2650 3133/3414/2772
f 3131/3416/2774 3233/3249/2596 3132/3415/2773
f 3223/3237/2643 3214/3239/2645 3130/3417/2775
f 3131/3416/2774 3130/3417/2775 3214/3239/2645
f 3187/3240/2596 3223/3237/2643 3130/3417/2775
f 3233/3249/2596 3131/3416/2774 3214/3239/2645
f 3130/3417/2775 2739/3418/2776 3187/3240/2596
f 3134/3413/2771 3133/3414/2772 3193/3252/2653
f 3229/3231/2607 3225/3236/2620 3187/3240/2596
f 3229/3231/2607 3217/3235/2642 3225/3236/2620
f 3207/3230/2641 3228/3228/2608 3229/3231/2607
f 3231/3208/2632 3207/3230/2641 3229/3231/2607
f 3232/3211/2635 3211/3215/2637 3021/3219/2638
f 3207/3230/2641 3231/3208/2632 3232/3211/2635
f 3190/3209/2633 3231/3208/2632 2739/3418/2776
f 2739/3418/2776 3189/3204/2631 3190/3209/2633
f 3187/3240/2596 2739/3418/2776 3231/3208/2632
f 3021/3219/2638 3207/3230/2641 3232/3211/2635
f 3187/3240/2596 3231/3208/2632 3229/3231/2607
f 2962/3084/2527 3128/3412/2770 3036/3332/2519
f 3189/3204/2631 2739/3418/2776 3007/3203/2630
f 2978/3149/2586 2721/3419/2683 2977/3420/2777
f 2721/3419/2683 2720/3421/2778 2977/3420/2777
f 2970/3140/2577 2721/3419/2683 2978/3149/2586
f 2722/3422/2577 2970/3140/2577 2975/3139/2578
f 2721/3419/2683 2970/3140/2577 2722/3422/2577
f 2723/3423/2779 2722/3422/2577 2971/3138/2577
f 2973/3424/2780 2974/3148/2585 2977/3420/2777
f 2723/3423/2779 2971/3138/2577 2979/3136/2575
f 2723/3423/2779 2979/3136/2575 2968/3137/2576
f 2971/3138/2577 2722/3422/2577 2975/3139/2578
f 2968/3137/2576 2724/3425/2781 2723/3423/2779
f 2920/3426/2782 2973/3424/2780 2977/3420/2777
f 2988/3427/2783 2954/3124/2565 2726/3428/2784
f 2727/3429/2785 2726/3428/2784 2954/3124/2565
f 2989/3125/2566 2988/3427/2783 2983/3143/2581
f 2983/3143/2581 2988/3427/2783 2726/3428/2784
f 2952/3123/2564 2728/3430/2761 2727/3429/2785
f 2955/3107/2549 2728/3430/2761 2952/3123/2564
f 2954/3124/2565 2952/3123/2564 2727/3429/2785
f 2982/3142/2580 2980/3141/2579 2724/3425/2781
f 2725/3431/2786 2724/3425/2781 2980/3141/2579
f 2968/3137/2576 2982/3142/2580 2724/3425/2781
f 2964/3132/2572 2985/3144/2582 2980/3141/2579
f 2725/3431/2786 2980/3141/2579 2985/3144/2582
f 2725/3431/2786 2985/3144/2582 2983/3143/2581
f 2983/3143/2581 2726/3428/2784 2725/3431/2786
f 2877/2744/2256 2901/2745/2257 2850/2743/2255
f 2719/3396/2757 2851/2751/2262 2901/2745/2257
f 2901/2745/2257 2877/2744/2256 2719/3396/2757
f 2920/3426/2782 2720/3421/2778 2878/2725/2234
f 2720/3421/2778 2719/3396/2757 2877/2744/2256
f 2920/3426/2782 2977/3420/2777 2720/3421/2778
f 2920/3426/2782 2878/2725/2234 2943/2779/2242
f 2720/3421/2778 2877/2744/2256 2754/2724/2237
f 2921/2723/2236 3080/3394/2728 3079/3432/2787
f 2878/2725/2234 2720/3421/2778 2754/2724/2237
f 2919/2730/2242 2943/2779/2242 2878/2725/2234
f 2948/2780/2288 2936/3433/2788 2932/2778/2287
f 2973/3424/2780 2920/3426/2782 2932/2778/2287
f 2936/3433/2788 2948/2780/2288 2913/2782/2290
f 2983/3143/2581 2949/3127/2568 2989/3125/2566
f 2937/3146/2584 2973/3424/2780 2936/3433/2788
f 3079/3432/2787 2929/3093/2535 2916/2728/2240
f 3079/3432/2787 2916/2728/2240 2945/2727/2239
f 2914/3108/2550 2955/3107/2549 2952/3123/2564
f 2936/3433/2788 2973/3424/2780 2932/2778/2287
f 3079/3432/2787 2945/2727/2239 2921/2723/2236
f 2911/3104/2546 2728/3430/2761 2955/3107/2549
f 2733/3434/2613 2732/3435/2600 3061/3436/2789
f 2732/3435/2600 2731/3437/2645 3061/3436/2789
f 3065/3190/2620 2735/3438/2790 2734/3439/2620
f 3044/3185/2616 2735/3438/2790 3065/3190/2620
f 3072/3189/2619 2734/3439/2620 2733/3434/2613
f 3072/3189/2619 3065/3190/2620 2734/3439/2620
f 3041/3182/2614 3030/3179/2612 3040/3178/2611
f 3062/3180/2611 2731/3437/2645 3041/3182/2614
f 2733/3434/2613 3061/3436/2789 3072/3189/2619
f 3062/3180/2611 3039/3181/2613 3061/3436/2789
f 3062/3180/2611 3061/3436/2789 2731/3437/2645
f 3041/3182/2614 2731/3437/2645 2730/3440/2767
f 2738/3441/2621 3074/3442/2791 3073/3200/2627
f 2739/3418/2776 2738/3441/2621 3032/3202/2629
f 2738/3441/2621 3073/3200/2627 3032/3202/2629
f 2739/3418/2776 3031/3201/2628 3007/3203/2630
f 3032/3202/2629 3031/3201/2628 2739/3418/2776
f 2737/3443/2792 3074/3442/2791 2738/3441/2621
f 2736/3444/2603 3044/3185/2616 3042/3184/2615
f 2735/3438/2790 3044/3185/2616 2736/3444/2603
f 2737/3443/2792 2736/3444/2603 2996/3198/2529
f 2996/3198/2529 2736/3444/2603 3042/3184/2615
f 2737/3443/2792 3047/3197/2625 3074/3442/2791
f 2737/3443/2792 2996/3198/2529 3047/3197/2625
f 2730/3440/2767 3030/3179/2612 3041/3182/2614
f 2728/3430/2761 2911/3104/2546 2958/3103/2545
f 2958/3103/2545 2729/3445/2793 2728/3430/2761
f 3051/3446/2794 3030/3179/2612 2730/3440/2767
f 2730/3440/2767 2729/3445/2793 2997/3447/2795
f 2997/3447/2795 3055/3166/2601 2730/3440/2767
f 2729/3445/2793 3059/3160/2595 2997/3447/2795
f 3059/3160/2595 2729/3445/2793 2956/3101/2543
f 2915/3088/2531 2917/3094/2536 3079/3432/2787
f 2929/3093/2535 3079/3432/2787 2917/3094/2536
f 3059/3160/2595 2956/3101/2543 3015/3157/2592
f 3017/3086/2529 2915/3088/2531 3079/3432/2787
f 2956/3101/2543 2729/3445/2793 2958/3103/2545
f 2730/3440/2767 3004/3167/2602 3051/3446/2794
f 2730/3440/2767 3055/3166/2601 3004/3167/2602
f 2997/3447/2795 3003/3159/2594 3055/3166/2601
f 3051/3446/2794 3052/3177/2610 3030/3179/2612
f 3010/3075/2520 2879/3080/2525 3016/3091/2525
f 3079/3432/2787 3078/3448/2770 3016/3091/2525
f 2963/3076/2521 3016/3091/2525 3078/3448/2770
f 3129/3449/2770 2963/3076/2521 3078/3448/2770
f 3010/3075/2520 3016/3091/2525 2963/3076/2521
f 3009/3074/2519 2963/3076/2521 3129/3449/2770
f 3017/3086/2529 3079/3432/2787 3016/3091/2525
f 3129/3449/2770 2962/3084/2527 3009/3074/2519
f 3129/3449/2770 3128/3412/2770 2962/3084/2527
f 2856/2735/2247 3080/3394/2728 2855/2722/2235
f 3148/3366/2735 3343/3059/2507 3307/3055/2247
f 3635/3450/2796 3607/3451/2797 3487/3452/2798
f 3607/3451/2797 3497/3453/2799 3592/3454/2800
f 3497/3453/2799 3635/3450/2796 3475/3455/2801
f 3635/3450/2796 3497/3453/2799 3607/3451/2797
f 3605/3456/2802 3606/3457/2803 3591/3458/2804
f 3608/3459/2805 3592/3454/2800 3606/3457/2803
f 3587/3460/2806 3607/3451/2797 3608/3459/2805
f 3602/3461/2807 3605/3456/2802 3473/3462/2808
f 3608/3459/2805 3602/3461/2807 3587/3460/2806
f 3605/3456/2802 3602/3461/2807 3608/3459/2805
f 3515/3463/2809 3499/3464/2810 3476/3465/2811
f 3498/3466/2812 3515/3463/2809 3474/3467/2813
f 3499/3464/2810 3515/3463/2809 3498/3466/2812
f 3494/3468/2814 3497/3453/2799 3475/3455/2801
f 3499/3464/2810 3494/3468/2814 3476/3465/2811
f 3497/3453/2799 3494/3468/2814 3499/3464/2810
f 3493/3469/2815 3494/3468/2814 3475/3455/2801
f 3544/3470/2816 3494/3468/2814 3496/3471/2817
f 3476/3465/2811 3544/3470/2816 3495/3472/2810
f 3494/3468/2814 3544/3470/2816 3476/3465/2811
f 3543/3473/2818 3544/3470/2816 3496/3471/2817
f 3546/3474/2816 3495/3472/2810 3544/3470/2816
f 3540/3475/2819 3546/3474/2816 3490/3476/2816
f 3545/3477/2820 3540/3475/2819 3478/3478/2810
f 3546/3474/2816 3540/3475/2819 3545/3477/2820
f 3481/3479/2821 3546/3474/2816 3543/3473/2818
f 3495/3472/2810 3515/3463/2809 3476/3465/2811
f 3517/3480/2809 3474/3467/2813 3515/3463/2809
f 3500/3481/2809 3516/3482/2822 3517/3480/2809
f 3511/3483/2823 3545/3477/2820 3478/3478/2810
f 3545/3477/2820 3517/3480/2809 3495/3472/2810
f 3517/3480/2809 3511/3483/2823 3500/3481/2809
f 3511/3483/2823 3517/3480/2809 3545/3477/2820
f 3551/3484/2823 3541/3485/2824 3491/3486/2825
f 3541/3485/2824 3511/3483/2823 3478/3478/2810
f 3511/3483/2823 3551/3484/2823 3514/3487/2826
f 3551/3484/2823 3511/3483/2823 3541/3485/2824
f 3514/3487/2826 3500/3481/2809 3511/3483/2823
f 3552/3488/2826 3512/3489/2809 3514/3487/2826
f 3503/3490/2827 3552/3488/2826 3513/3491/2828
f 3512/3489/2809 3552/3488/2826 3503/3490/2827
f 3562/3492/2829 3551/3484/2823 3491/3486/2825
f 3554/3493/2823 3562/3492/2829 3509/3494/2830
f 3551/3484/2823 3562/3492/2829 3554/3493/2823
f 3554/3493/2823 3514/3487/2826 3551/3484/2823
f 3553/3495/2831 3552/3488/2826 3554/3493/2823
f 3548/3496/2829 3554/3493/2823 3509/3494/2830
f 3553/3495/2831 3548/3496/2829 3482/3497/2832
f 3554/3493/2823 3548/3496/2829 3553/3495/2831
f 3512/3489/2809 3477/3498/2833 3500/3481/2809
f 3501/3499/2834 3512/3489/2809 3503/3490/2827
f 3477/3498/2833 3512/3489/2809 3501/3499/2834
f 3524/3500/2835 3501/3499/2834 3503/3490/2827
f 3469/3501/2836 3524/3500/2835 3502/3502/2827
f 3501/3499/2834 3524/3500/2835 3469/3501/2836
f 3584/3503/2837 3513/3491/2828 3553/3495/2831
f 3583/3504/2838 3582/3505/2839 3584/3503/2837
f 3582/3505/2839 3503/3490/2827 3513/3491/2828
f 3524/3500/2835 3582/3505/2839 3525/3506/2840
f 3503/3490/2827 3582/3505/2839 3524/3500/2835
f 3539/3507/2841 3540/3475/2819 3490/3476/2816
f 3542/3508/2842 3478/3478/2810 3540/3475/2819
f 3561/3509/2825 3542/3508/2842 3508/3510/2843
f 3541/3485/2824 3561/3509/2825 3491/3486/2825
f 3542/3508/2842 3561/3509/2825 3541/3485/2824
f 3536/3511/2844 3539/3507/2841 3492/3512/2845
f 3542/3508/2842 3536/3511/2844 3508/3510/2843
f 3539/3507/2841 3536/3511/2844 3542/3508/2842
f 3535/3513/2846 3536/3511/2844 3492/3512/2845
f 3573/3514/2847 3536/3511/2844 3538/3515/2848
f 3508/3510/2843 3573/3514/2847 3537/3516/2843
f 3536/3511/2844 3573/3514/2847 3508/3510/2843
f 3572/3517/2849 3573/3514/2847 3538/3515/2848
f 3575/3518/2850 3537/3516/2843 3573/3514/2847
f 3569/3519/2851 3575/3518/2850 3532/3520/2852
f 3574/3521/2853 3569/3519/2851 3510/3522/2843
f 3575/3518/2850 3569/3519/2851 3574/3521/2853
f 3523/3523/2854 3575/3518/2850 3572/3517/2849
f 3537/3516/2843 3561/3509/2825 3508/3510/2843
f 3563/3524/2855 3491/3486/2825 3561/3509/2825
f 3547/3525/2856 3562/3492/2829 3563/3524/2855
f 3557/3526/2857 3574/3521/2853 3510/3522/2843
f 3574/3521/2853 3563/3524/2855 3537/3516/2843
f 3563/3524/2855 3557/3526/2857 3547/3525/2856
f 3557/3526/2857 3563/3524/2855 3574/3521/2853
f 3576/3527/2858 3570/3528/2859 3533/3529/2843
f 3570/3528/2859 3557/3526/2857 3510/3522/2843
f 3557/3526/2857 3576/3527/2858 3560/3530/2857
f 3576/3527/2858 3557/3526/2857 3570/3528/2859
f 3560/3530/2857 3547/3525/2856 3557/3526/2857
f 3577/3531/2819 3558/3532/2860 3560/3530/2857
f 3550/3533/2825 3577/3531/2819 3559/3534/2857
f 3558/3532/2860 3577/3531/2819 3550/3533/2825
f 3566/3535/2843 3576/3527/2858 3533/3529/2843
f 3579/3536/2858 3566/3535/2843 3556/3537/2859
f 3576/3527/2858 3566/3535/2843 3579/3536/2858
f 3579/3536/2858 3560/3530/2857 3576/3527/2858
f 3578/3538/2861 3577/3531/2819 3579/3536/2858
f 3558/3532/2860 3509/3494/2830 3547/3525/2856
f 3548/3496/2829 3558/3532/2860 3550/3533/2825
f 3509/3494/2830 3558/3532/2860 3548/3496/2829
f 3580/3539/2825 3548/3496/2829 3550/3533/2825
f 3482/3497/2832 3580/3539/2825 3549/3540/2862
f 3548/3496/2829 3580/3539/2825 3482/3497/2832
f 3581/3541/2863 3550/3533/2825 3559/3534/2857
f 3568/3542/2864 3569/3519/2851 3532/3520/2852
f 3571/3543/2865 3510/3522/2843 3569/3519/2851
f 3565/3544/2852 3571/3543/2865 3555/3545/2852
f 3570/3528/2859 3565/3544/2852 3533/3529/2843
f 3571/3543/2865 3565/3544/2852 3570/3528/2859
f 3585/3546/2847 3568/3542/2864 3534/3547/2866
f 3571/3543/2865 3585/3546/2847 3555/3545/2852
f 3568/3542/2864 3585/3546/2847 3571/3543/2865
f 3564/3548/2867 3565/3544/2852 3555/3545/2852
f 3567/3549/2868 3533/3529/2843 3565/3544/2852
f 3567/3549/2868 3556/3537/2859 3566/3535/2843
f 3621/3550/2869 3473/3462/2808 3601/3551/2804
f 3602/3461/2807 3621/3550/2869 3604/3552/2870
f 3473/3462/2808 3621/3550/2869 3602/3461/2807
f 3604/3552/2870 3587/3460/2806 3602/3461/2807
f 3631/3553/2871 3622/3554/2872 3593/3555/2873
f 3622/3554/2872 3603/3556/2874 3604/3552/2870
f 3603/3556/2874 3631/3553/2871 3589/3557/2875
f 3631/3553/2871 3603/3556/2874 3622/3554/2872
f 3620/3558/2876 3621/3550/2869 3601/3551/2804
f 3623/3559/2877 3604/3552/2870 3621/3550/2869
f 3628/3560/2878 3623/3559/2877 3598/3561/2879
f 3622/3554/2872 3628/3560/2878 3593/3555/2873
f 3623/3559/2877 3628/3560/2878 3622/3554/2872
f 3610/3562/2880 3620/3558/2876 3586/3563/2881
f 3623/3559/2877 3610/3562/2880 3598/3561/2879
f 3620/3558/2876 3610/3562/2880 3623/3559/2877
f 3634/3564/2882 3603/3556/2874 3589/3557/2875
f 3603/3556/2874 3487/3452/2798 3587/3460/2806
f 3487/3452/2798 3634/3564/2882 3588/3565/2883
f 3634/3564/2882 3487/3452/2798 3603/3556/2874
f 3644/3566/2884 3586/3563/2881 3609/3567/2885
f 3610/3562/2880 3644/3566/2884 3612/3568/2886
f 3586/3563/2881 3644/3566/2884 3610/3562/2880
f 3625/3569/2887 3610/3562/2880 3612/3568/2886
f 3598/3561/2879 3625/3569/2887 3611/3570/2869
f 3610/3562/2880 3625/3569/2887 3598/3561/2879
f 3643/3571/2888 3612/3568/2886 3624/3572/2888
f 3625/3569/2887 3643/3571/2888 3627/3573/2889
f 3612/3568/2886 3643/3571/2888 3625/3569/2887
f 3637/3574/2890 3625/3569/2887 3627/3573/2889
f 3611/3570/2869 3637/3574/2890 3626/3575/2879
f 3625/3569/2887 3637/3574/2890 3611/3570/2869
f 3639/3576/2891 3626/3575/2879 3637/3574/2890
f 3609/3567/2885 3645/3577/2892 3644/3566/2884
f 3645/3577/2892 3612/3568/2886 3644/3566/2884
f 3640/3578/2893 3598/3561/2879 3611/3570/2869
f 3628/3560/2878 3640/3578/2893 3630/3579/2894
f 3598/3561/2879 3640/3578/2893 3628/3560/2878
f 3630/3579/2894 3593/3555/2873 3628/3560/2878
f 3626/3575/2879 3640/3578/2893 3611/3570/2869
f 3642/3580/2895 3630/3579/2894 3640/3578/2893
f 3633/3581/2896 3589/3557/2875 3631/3553/2871
f 3588/3565/2883 3635/3450/2796 3487/3452/2798
f 3636/3582/2897 3475/3455/2801 3635/3450/2796
f 3516/3482/2822 3504/3583/2898 3474/3467/2813
f 3507/3584/2899 3516/3482/2822 3477/3498/2833
f 3504/3583/2898 3516/3482/2822 3507/3584/2899
f 3507/3584/2899 3480/3585/2900 3504/3583/2898
f 3506/3586/2899 3505/3587/2901 3507/3584/2899
f 3501/3499/2834 3507/3584/2899 3477/3498/2833
f 3506/3586/2899 3501/3499/2834 3469/3501/2836
f 3507/3584/2899 3501/3499/2834 3506/3586/2899
f 3526/3588/2813 3506/3586/2899 3469/3501/2836
f 3531/3589/2899 3526/3588/2813 3483/3590/2836
f 3506/3586/2899 3526/3588/2813 3531/3589/2899
f 3531/3589/2899 3479/3591/2901 3506/3586/2899
f 3530/3592/2902 3529/3593/2901 3531/3589/2899
f 4115/3594/2836 3531/3589/2899 3483/3590/2836
f 3530/3592/2902 4115/3594/2836 3471/3595/2812
f 3531/3589/2899 4115/3594/2836 3530/3592/2902
f 4070/3596/2903 4069/3597/2904 4071/3598/2905
f 4097/3599/2906 4071/3598/2905 4023/3600/2906
f 4070/3596/2903 4097/3599/2906 3520/3601/2907
f 4071/3598/2905 4097/3599/2906 4070/3596/2903
f 4091/3602/2908 4065/3603/2803 4067/3604/2909
f 4025/3605/2803 4091/3602/2908 4066/3606/2910
f 4065/3603/2803 4091/3602/2908 4025/3605/2803
f 4093/3607/2911 4067/3604/2909 4090/3608/2912
f 4092/3609/2913 4091/3602/2908 4093/3607/2911
f 4029/3610/2914 4093/3607/2911 4062/3611/2915
f 4083/3612/2916 4074/3613/2917 4076/3614/2918
f 4077/3615/2919 4083/3612/2916 4078/3616/2917
f 4074/3613/2917 4083/3612/2916 4077/3615/2919
f 4079/3617/2879 4077/3615/2919 4078/3616/2917
f 4059/3618/2920 4079/3617/2879 4075/3619/2917
f 4077/3615/2919 4079/3617/2879 4059/3618/2920
f 4085/3620/2921 4084/3621/2922 4086/3622/2923
f 4074/3613/2917 4086/3622/2923 4076/3614/2918
f 4085/3620/2921 4064/3623/2924 4072/3624/2925
f 4073/3625/2893 4085/3620/2921 4074/3613/2917
f 4064/3623/2924 4085/3620/2921 4073/3625/2893
f 4077/3615/2919 4073/3625/2893 4074/3613/2917
f 4044/3626/2879 4077/3615/2919 4059/3618/2920
f 4073/3625/2893 4077/3615/2919 4044/3626/2879
f 4088/3627/2926 4087/3628/2873 4089/3629/2927
f 4064/3623/2924 4089/3629/2927 4072/3624/2925
f 4088/3627/2926 4029/3610/2914 4062/3611/2915
f 4063/3630/2878 4088/3627/2926 4064/3623/2924
f 4029/3610/2914 4088/3627/2926 4063/3630/2878
f 4073/3625/2893 4063/3630/2878 4064/3623/2924
f 4033/3631/2879 4073/3625/2893 4044/3626/2879
f 4063/3630/2878 4073/3625/2893 4033/3631/2879
f 4081/3632/2928 4075/3619/2917 4082/3633/2929
f 4061/3634/2930 4082/3633/2929 4080/3635/2887
f 4081/3632/2928 4044/3626/2879 4059/3618/2920
f 4060/3636/2887 4081/3632/2928 4061/3634/2930
f 4044/3626/2879 4081/3632/2928 4060/3636/2887
f 4046/3637/2931 4061/3634/2930 4058/3638/2932
f 4060/3636/2887 4033/3631/2879 4044/3626/2879
f 4045/3639/2933 4060/3636/2887 4046/3637/2931
f 4033/3631/2879 4060/3636/2887 4045/3639/2933
f 4022/3640/2934 4046/3637/2931 4043/3641/2935
f 4094/3642/2803 4068/3643/2936 4025/3605/2803
f 4099/3644/2937 4094/3642/2803 4035/3645/2938
f 4068/3643/2936 4094/3642/2803 4099/3644/2937
f 4099/3644/2937 4023/3600/2906 4068/3643/2936
f 4098/3646/2937 4097/3599/2906 4099/3644/2937
f 4024/3647/2939 4099/3644/2937 4035/3645/2938
f 4045/3639/2933 4050/3648/2890 4033/3631/2879
f 4047/3649/2940 4045/3639/2933 4022/3640/2934
f 4050/3648/2890 4045/3639/2933 4047/3649/2940
f 4063/3630/2878 4048/3650/2807 4029/3610/2914
f 4050/3648/2890 4063/3630/2878 4033/3631/2879
f 4048/3650/2807 4063/3630/2878 4050/3648/2890
f 4049/3651/2941 4048/3650/2807 4050/3648/2890
f 4034/3652/2942 4050/3648/2890 4047/3649/2940
f 4092/3609/2913 4096/3653/2943 4066/3606/2910
f 4048/3650/2807 4092/3609/2913 4029/3610/2914
f 4096/3653/2943 4092/3609/2913 4048/3650/2807
f 4096/3653/2943 4025/3605/2803 4066/3606/2910
f 4095/3654/2944 4094/3642/2803 4096/3653/2943
f 4037/3655/2945 4096/3653/2943 4048/3650/2807
f 4095/3654/2944 4024/3647/2939 4035/3645/2938
f 4036/3656/2946 4095/3654/2944 4037/3655/2945
f 4024/3647/2939 4095/3654/2944 4036/3656/2946
f 4049/3651/2941 4036/3656/2946 4037/3655/2945
f 3470/3657/2935 4049/3651/2941 4034/3652/2942
f 4036/3656/2946 4049/3651/2941 3470/3657/2935
f 4144/3658/2851 4110/3659/2859 4121/3660/2843
f 4122/3661/2947 4144/3658/2851 4123/3662/2847
f 4110/3659/2859 4144/3658/2851 4122/3661/2947
f 4146/3663/2825 4124/3664/2948 4126/3665/2825
f 4108/3666/2829 4146/3663/2825 4125/3667/2825
f 4124/3664/2948 4146/3663/2825 4108/3666/2829
f 4145/3668/2949 4154/3669/2857 4152/3670/2950
f 4153/3671/2951 4152/3670/2950 4154/3669/2857
f 4121/3660/2843 4154/3669/2857 4143/3672/2952
f 4152/3670/2950 4126/3665/2825 4145/3668/2949
f 4146/3663/2825 4152/3670/2950 4148/3673/2953
f 4126/3665/2825 4152/3670/2950 4146/3663/2825
f 4147/3674/2954 4146/3663/2825 4148/3673/2953
f 4153/3671/2951 4147/3674/2954 4148/3673/2953
f 4110/3659/2859 4153/3671/2951 4121/3660/2843
f 4147/3674/2954 4153/3671/2951 4110/3659/2859
f 4147/3674/2954 4151/3675/2955 4125/3667/2825
f 4132/3676/2843 4147/3674/2954 4110/3659/2859
f 4151/3675/2955 4147/3674/2954 4132/3676/2843
f 4151/3675/2955 4108/3666/2829 4125/3667/2825
f 4150/3677/2825 4149/3678/2829 4151/3675/2955
f 4109/3679/2956 4151/3675/2955 4132/3676/2843
f 4122/3661/2947 4132/3676/2843 4110/3659/2859
f 4134/3680/2957 4122/3661/2947 4118/3681/2957
f 4132/3676/2843 4122/3661/2947 4134/3680/2957
f 4133/3682/2958 4132/3676/2843 4134/3680/2957
f 4102/3683/2959 4134/3680/2957 4131/3684/2960
f 4133/3682/2958 4138/3685/2857 4109/3679/2956
f 4135/3686/2961 4133/3682/2958 4102/3683/2959
f 4138/3685/2857 4133/3682/2958 4135/3686/2961
f 4150/3677/2825 4136/3687/2962 4100/3688/2963
f 4138/3685/2857 4150/3677/2825 4109/3679/2956
f 4136/3687/2962 4150/3677/2825 4138/3685/2857
f 4137/3689/2964 4136/3687/2962 4138/3685/2857
f 4101/3690/2965 4138/3685/2857 4135/3686/2961
f 4155/3691/2826 4119/3692/2966 4120/3693/2967
f 3528/3694/2809 4155/3691/2826 4111/3695/2828
f 4119/3692/2966 4155/3691/2826 3528/3694/2809
f 4127/3696/2968 4155/3691/2826 4156/3697/2969
f 4119/3692/2966 3469/3501/2836 3502/3502/2827
f 3526/3588/2813 4119/3692/2966 3528/3694/2809
f 3469/3501/2836 4119/3692/2966 3526/3588/2813
f 4112/3698/2809 3526/3588/2813 3528/3694/2809
f 3483/3590/2836 4112/3698/2809 3527/3699/2809
f 3526/3588/2813 4112/3698/2809 3483/3590/2836
f 4124/3664/2948 4127/3696/2968 3518/3700/2810
f 4130/3701/2970 4124/3664/2948 4108/3666/2829
f 4127/3696/2968 4124/3664/2948 4130/3701/2970
f 4130/3701/2970 4111/3695/2828 4127/3696/2968
f 4129/3702/2971 4128/3703/2972 4130/3701/2970
f 4149/3678/2829 4130/3701/2970 4108/3666/2829
f 4129/3702/2971 4149/3678/2829 4100/3688/2963
f 4130/3701/2970 4149/3678/2829 4129/3702/2971
f 4128/3703/2972 3528/3694/2809 4111/3695/2828
f 4112/3698/2809 4128/3703/2972 4114/3704/2973
f 3528/3694/2809 4128/3703/2972 4112/3698/2809
f 4113/3705/2823 4112/3698/2809 4114/3704/2973
f 4136/3687/2962 4129/3702/2971 4100/3688/2963
f 4129/3702/2971 4113/3705/2823 4114/3704/2973
f 4113/3705/2823 4136/3687/2962 3485/3706/2974
f 4136/3687/2962 4113/3705/2823 4129/3702/2971
f 4140/3707/2830 4113/3705/2823 3485/3706/2974
f 4113/3705/2823 4117/3708/2809 3527/3699/2809
f 4117/3708/2809 4140/3707/2830 4103/3709/2962
f 4140/3707/2830 4117/3708/2809 4113/3705/2823
f 4117/3708/2809 3483/3590/2836 3527/3699/2809
f 4116/3710/2809 4115/3594/2836 4117/3708/2809
f 3484/3711/2975 4117/3708/2809 4103/3709/2962
f 4139/3712/2976 4101/3690/2965 3519/3713/2977
f 4137/3689/2964 4140/3707/2830 3485/3706/2974
f 4142/3714/2978 4137/3689/2964 4101/3690/2965
f 4140/3707/2830 4137/3689/2964 4142/3714/2978
f 4141/3715/2979 4140/3707/2830 4142/3714/2978
f 4105/3716/2980 4142/3714/2978 4139/3712/2976
f 4141/3715/2979 3484/3711/2975 4103/3709/2962
f 4104/3717/2981 4141/3715/2979 4105/3716/2980
f 3484/3711/2975 4141/3715/2979 4104/3717/2981
f 3472/3718/2982 4105/3716/2980 4069/3597/2904
f 4104/3717/2981 4107/3719/2810 3484/3711/2975
f 4027/3720/2983 4104/3717/2981 3472/3718/2982
f 4107/3719/2810 4104/3717/2981 4027/3720/2983
f 4116/3710/2809 4106/3721/2812 3471/3595/2812
f 4107/3719/2810 4116/3710/2809 3484/3711/2975
f 4106/3721/2812 4116/3710/2809 4107/3719/2810
f 4036/3656/2946 4041/3722/2984 4024/3647/2939
f 4038/3723/2985 4036/3656/2946 3470/3657/2935
f 4041/3722/2984 4036/3656/2946 4038/3723/2985
f 4098/3646/2937 4039/3724/2986 3520/3601/2907
f 4041/3722/2984 4098/3646/2937 4024/3647/2939
f 4039/3724/2986 4098/3646/2937 4041/3722/2984
f 4040/3725/2987 4039/3724/2986 4041/3722/2984
f 4026/3726/2988 4041/3722/2984 4038/3723/2985
f 4039/3724/2986 4070/3596/2903 3520/3601/2907
f 4070/3596/2903 4027/3720/2983 3472/3718/2982
f 4027/3720/2983 4039/3724/2986 4028/3727/2989
f 4039/3724/2986 4027/3720/2983 4070/3596/2903
f 3809/3728/2990 3808/3729/2991 3810/3730/2992
f 3806/3731/2993 3810/3730/2992 3807/3732/2994
f 3809/3728/2990 3668/3733/2995 3804/3734/2996
f 3805/3735/2997 3809/3728/2990 3806/3731/2993
f 3668/3733/2995 3809/3728/2990 3805/3735/2997
f 3747/3736/2998 3806/3731/2993 3803/3737/2999
f 3744/3738/3000 3668/3733/2995 3805/3735/2997
f 3805/3735/2997 3730/3739/2999 3744/3738/3000
f 3815/3740/3001 3814/3741/3002 3816/3742/3003
f 3804/3734/2996 3816/3742/3003 3808/3729/2991
f 3812/3743/3004 3811/3744/3005 3813/3745/3006
f 3815/3740/3001 3812/3743/3004 3813/3745/3006
f 3668/3733/2995 3815/3740/3001 3804/3734/2996
f 3812/3743/3004 3815/3740/3001 3668/3733/2995
f 3694/3746/3007 3695/3747/3008 3669/3748/3009
f 3696/3749/3010 3661/3750/3011 3695/3747/3008
f 3692/3751/3012 3696/3749/3010 3666/3752/3013
f 3679/3753/3014 3692/3751/3012 3488/3754/3015
f 3696/3749/3010 3692/3751/3012 3679/3753/3014
f 3659/3755/3016 3696/3749/3010 3694/3746/3007
f 3812/3743/3004 3694/3746/3007 3669/3748/3009
f 3694/3746/3007 3653/3756/3017 3659/3755/3016
f 3653/3756/3017 3812/3743/3004 3668/3733/2995
f 3812/3743/3004 3653/3756/3017 3694/3746/3007
f 3691/3757/3018 3665/3758/3019 3667/3759/3018
f 3659/3755/3016 3691/3757/3018 3666/3752/3013
f 3665/3758/3019 3691/3757/3018 3659/3755/3016
f 3691/3757/3018 3692/3751/3012 3666/3752/3013
f 3693/3760/3020 3488/3754/3015 3692/3751/3012
f 3687/3761/3021 3724/3762/3022 3654/3763/3023
f 3724/3762/3022 3693/3760/3020 3672/3764/3024
f 3693/3760/3020 3687/3761/3021 3675/3765/3025
f 3687/3761/3021 3693/3760/3020 3724/3762/3022
f 3667/3759/3018 3693/3760/3020 3691/3757/3018
f 3723/3766/3026 3724/3762/3022 3672/3764/3024
f 3720/3767/3027 3725/3768/3028 3670/3769/3029
f 3724/3762/3022 3720/3767/3027 3654/3763/3023
f 3725/3768/3028 3720/3767/3027 3724/3762/3022
f 3773/3770/3030 3730/3739/2999 3772/3771/3031
f 3768/3772/3032 3787/3773/3033 3731/3774/3034
f 3787/3773/3033 3773/3770/3030 3741/3775/3035
f 3773/3770/3030 3768/3772/3032 3743/3776/3036
f 3768/3772/3032 3773/3770/3030 3787/3773/3033
f 3769/3777/3037 3730/3739/2999 3743/3776/3036
f 3744/3738/3000 3769/3777/3037 3746/3778/3038
f 3730/3739/2999 3769/3777/3037 3744/3738/3000
f 3746/3778/3038 3653/3756/3017 3744/3738/3000
f 3752/3779/3039 3770/3780/3040 3733/3781/3041
f 3770/3780/3040 3745/3782/3042 3746/3778/3038
f 3745/3782/3042 3752/3779/3039 3658/3783/3043
f 3752/3779/3039 3745/3782/3042 3770/3780/3040
f 3768/3772/3032 3769/3777/3037 3743/3776/3036
f 3771/3784/3044 3746/3778/3038 3769/3777/3037
f 3765/3785/3045 3771/3784/3044 3737/3786/3046
f 3770/3780/3040 3765/3785/3045 3733/3781/3041
f 3771/3784/3044 3765/3785/3045 3770/3780/3040
f 3731/3774/3034 3771/3784/3044 3768/3772/3032
f 3764/3787/3047 3783/3788/3048 3740/3789/3046
f 3783/3788/3048 3731/3774/3034 3736/3790/3049
f 3731/3774/3034 3764/3787/3047 3737/3786/3046
f 3764/3787/3047 3731/3774/3034 3783/3788/3048
f 3764/3787/3047 3765/3785/3045 3737/3786/3046
f 3767/3791/3050 3733/3781/3041 3765/3785/3045
f 3761/3792/3051 3767/3791/3050 3749/3793/3052
f 3766/3794/3053 3761/3792/3051 3738/3795/3041
f 3767/3791/3050 3761/3792/3051 3766/3794/3053
f 3740/3789/3046 3767/3791/3050 3764/3787/3047
f 3760/3796/3054 3779/3797/3055 3751/3798/3052
f 3779/3797/3055 3740/3789/3046 3748/3799/3056
f 3740/3789/3046 3760/3796/3054 3749/3793/3052
f 3760/3796/3054 3740/3789/3046 3779/3797/3055
f 3760/3796/3054 3761/3792/3051 3749/3793/3052
f 3763/3800/3057 3738/3795/3041 3761/3792/3051
f 3758/3801/3058 3763/3800/3057 3756/3802/3059
f 3762/3803/3060 3758/3801/3058 3750/3804/3041
f 3763/3800/3057 3758/3801/3058 3762/3803/3060
f 3775/3805/3061 3760/3796/3054 3751/3798/3052
f 3763/3800/3057 3775/3805/3061 3756/3802/3059
f 3760/3796/3054 3775/3805/3061 3763/3800/3057
f 3774/3806/3062 3775/3805/3061 3751/3798/3052
f 3791/3807/3063 3775/3805/3061 3777/3808/3064
f 3756/3802/3059 3791/3807/3063 3757/3809/3065
f 3775/3805/3061 3791/3807/3063 3756/3802/3059
f 3790/3810/3066 3791/3807/3063 3777/3808/3064
f 3792/3811/3067 3757/3809/3065 3791/3807/3063
f 3776/3812/3068 3792/3811/3067 3790/3810/3066
f 3790/3810/3066 3755/3813/3069 3776/3812/3068
f 3774/3806/3062 3790/3810/3066 3777/3808/3064
f 3755/3813/3069 3790/3810/3066 3774/3806/3062
f 3757/3809/3065 3758/3801/3058 3756/3802/3059
f 3778/3814/3070 3779/3797/3055 3748/3799/3056
f 3774/3806/3062 3781/3815/3071 3755/3813/3069
f 3779/3797/3055 3774/3806/3062 3751/3798/3052
f 3781/3815/3071 3774/3806/3062 3779/3797/3055
f 3739/3816/3072 3781/3815/3071 3778/3814/3070
f 3782/3817/3073 3783/3788/3048 3736/3790/3049
f 3785/3818/3074 3740/3789/3046 3783/3788/3048
f 3778/3814/3070 3784/3819/3075 3739/3816/3072
f 3785/3818/3074 3778/3814/3070 3748/3799/3056
f 3784/3819/3075 3778/3814/3070 3785/3818/3074
f 3732/3820/3076 3785/3818/3074 3782/3817/3073
f 3786/3821/3035 3787/3773/3033 3741/3775/3035
f 3789/3822/3077 3731/3774/3034 3787/3773/3033
f 3782/3817/3073 3788/3823/3078 3732/3820/3076
f 3789/3822/3077 3782/3817/3073 3736/3790/3049
f 3788/3823/3078 3782/3817/3073 3789/3822/3077
f 3742/3824/3079 3789/3822/3077 3786/3821/3035
f 3699/3825/3080 3681/3826/3081 3652/3827/3082
f 3681/3826/3081 3596/3828/3083 3662/3829/3084
f 3596/3828/3083 3699/3825/3080 3489/3830/3085
f 3699/3825/3080 3596/3828/3083 3681/3826/3081
f 3679/3753/3014 3680/3831/3086 3661/3750/3011
f 3682/3832/3087 3662/3829/3084 3680/3831/3086
f 3710/3833/3088 3682/3832/3087 3655/3834/3089
f 3681/3826/3081 3710/3833/3088 3652/3827/3082
f 3682/3832/3087 3710/3833/3088 3681/3826/3081
f 3676/3835/3090 3679/3753/3014 3488/3754/3015
f 3682/3832/3087 3676/3835/3090 3655/3834/3089
f 3679/3753/3014 3676/3835/3090 3682/3832/3087
f 3617/3836/3091 3618/3837/3092 3597/3838/3093
f 3619/3839/3094 3591/3458/2804 3618/3837/3092
f 3615/3840/3095 3619/3839/3094 3594/3841/3096
f 3605/3456/2802 3615/3840/3095 3473/3462/2808
f 3619/3839/3094 3615/3840/3095 3605/3456/2802
f 3590/3842/3097 3619/3839/3094 3617/3836/3091
f 3617/3836/3091 3489/3830/3085 3590/3842/3097
f 3596/3828/3083 3617/3836/3091 3597/3838/3093
f 3489/3830/3085 3617/3836/3091 3596/3828/3083
f 3614/3843/3098 3615/3840/3095 3594/3841/3096
f 3650/3844/3099 3615/3840/3095 3616/3845/3100
f 3473/3462/2808 3650/3844/3099 3601/3551/2804
f 3615/3840/3095 3650/3844/3099 3473/3462/2808
f 3649/3846/3101 3650/3844/3099 3616/3845/3100
f 3651/3847/3102 3601/3551/2804 3650/3844/3099
f 3647/3848/3103 3651/3847/3102 3613/3849/3104
f 3620/3558/2876 3647/3848/3103 3586/3563/2881
f 3651/3847/3102 3647/3848/3103 3620/3558/2876
f 3599/3850/3105 3651/3847/3102 3649/3846/3101
f 3649/3846/3101 3595/3851/3106 3599/3850/3105
f 3614/3843/3098 3649/3846/3101 3616/3845/3100
f 3595/3851/3106 3649/3846/3101 3614/3843/3098
f 3646/3852/3107 3647/3848/3103 3613/3849/3104
f 3648/3853/3108 3586/3563/2881 3647/3848/3103
f 3688/3854/3109 3488/3754/3015 3675/3765/3025
f 3676/3835/3090 3688/3854/3109 3678/3855/3110
f 3488/3754/3015 3688/3854/3109 3676/3835/3090
f 3707/3856/3111 3676/3835/3090 3678/3855/3110
f 3655/3834/3089 3707/3856/3111 3677/3857/3112
f 3676/3835/3090 3707/3856/3111 3655/3834/3089
f 3689/3858/3113 3707/3856/3111 3678/3855/3110
f 3709/3859/3114 3677/3857/3112 3707/3856/3111
f 3697/3860/3115 3708/3861/3116 3709/3859/3114
f 3704/3862/3117 3689/3858/3113 3663/3863/3110
f 3709/3859/3114 3704/3862/3117 3697/3860/3115
f 3689/3858/3113 3704/3862/3117 3709/3859/3114
f 3687/3761/3021 3688/3854/3109 3675/3765/3025
f 3690/3864/3118 3678/3855/3110 3688/3854/3109
f 3684/3865/3119 3690/3864/3118 3671/3866/3120
f 3689/3858/3113 3684/3865/3119 3663/3863/3110
f 3690/3864/3118 3684/3865/3119 3689/3858/3113
f 3721/3867/3121 3687/3761/3021 3654/3763/3023
f 3690/3864/3118 3721/3867/3121 3671/3866/3120
f 3687/3761/3021 3721/3867/3121 3690/3864/3118
f 3677/3857/3112 3710/3833/3088 3655/3834/3089
f 3712/3868/3088 3652/3827/3082 3710/3833/3088
f 3698/3869/3122 3711/3870/3123 3712/3868/3088
f 3708/3861/3116 3712/3868/3088 3677/3857/3112
f 3698/3869/3122 3708/3861/3116 3657/3871/3124
f 3712/3868/3088 3708/3861/3116 3698/3869/3122
f 3720/3767/3027 3721/3867/3121 3654/3763/3023
f 3722/3872/3125 3671/3866/3120 3721/3867/3121
f 3718/3873/3126 3671/3866/3120 3683/3874/3127
f 3684/3865/3119 3718/3873/3126 3686/3875/3128
f 3671/3866/3120 3718/3873/3126 3684/3865/3119
f 3701/3876/3129 3684/3865/3119 3686/3875/3128
f 3663/3863/3110 3701/3876/3129 3685/3877/3130
f 3684/3865/3119 3701/3876/3129 3663/3863/3110
f 3714/3878/3129 3686/3875/3128 3700/3879/3131
f 3701/3876/3129 3714/3878/3129 3703/3880/3119
f 3686/3875/3128 3714/3878/3129 3701/3876/3129
f 3703/3880/3119 3685/3877/3130 3701/3876/3129
f 3726/3881/3132 3700/3879/3131 3713/3882/3119
f 3714/3878/3129 3726/3881/3132 3716/3883/3133
f 3700/3879/3131 3726/3881/3132 3714/3878/3129
f 3716/3883/3133 3703/3880/3119 3714/3878/3129
f 3717/3884/3134 3718/3873/3126 3683/3874/3127
f 3728/3885/3135 3718/3873/3126 3719/3886/3136
f 3686/3875/3128 3728/3885/3135 3700/3879/3131
f 3718/3873/3126 3728/3885/3135 3686/3875/3128
f 3727/3887/3137 3728/3885/3135 3719/3886/3136
f 3729/3888/3138 3700/3879/3131 3728/3885/3135
f 3685/3877/3130 3704/3862/3117 3663/3863/3110
f 3706/3889/3139 3697/3860/3115 3704/3862/3117
f 4020/3890/3140 4019/3891/3141 4021/3892/3142
f 3989/3893/3143 4021/3892/3142 4006/3894/3110
f 4010/3895/3144 4009/3896/3145 4011/3897/3146
f 4020/3890/3140 4010/3895/3144 4011/3897/3146
f 3975/3898/3110 4020/3890/3140 3989/3893/3143
f 4010/3895/3144 4020/3890/3140 3975/3898/3110
f 4018/3899/3147 3989/3893/3143 4006/3894/3110
f 4007/3900/3148 4018/3899/3147 4008/3901/3149
f 3989/3893/3143 4018/3899/3147 4007/3900/3148
f 3991/3902/3150 4008/3901/3149 4005/3903/3133
f 4007/3900/3148 3975/3898/3110 3989/3893/3143
f 3990/3904/3135 4007/3900/3148 3991/3902/3150
f 3975/3898/3110 4007/3900/3148 3990/3904/3135
f 3978/3905/3151 3991/3902/3150 3988/3906/3152
f 4012/3907/3153 3993/3908/3154 3972/3909/3155
f 4017/3910/3088 4012/3907/3153 3980/3911/3112
f 3993/3908/3154 4012/3907/3153 4017/3910/3088
f 4017/3910/3088 3970/3912/3156 3993/3908/3154
f 4016/3913/3088 4015/3914/3157 4017/3910/3088
f 3971/3915/3158 4017/3910/3088 3980/3911/3112
f 3995/3916/3159 3978/3905/3151 3969/3917/3021
f 3990/3904/3135 3996/3918/3130 3975/3898/3110
f 3998/3919/3160 3990/3904/3135 3978/3905/3151
f 3996/3918/3130 3990/3904/3135 3998/3919/3160
f 3997/3920/3161 3996/3918/3130 3998/3919/3160
f 3979/3921/3162 3998/3919/3160 3995/3916/3159
f 4010/3895/3144 4014/3922/3163 3992/3923/3164
f 3996/3918/3130 4010/3895/3144 3975/3898/3110
f 4014/3922/3163 4010/3895/3144 3996/3918/3130
f 4014/3922/3163 3972/3909/3155 3992/3923/3164
f 4013/3924/3111 4012/3907/3153 4014/3922/3163
f 3982/3925/3165 4014/3922/3163 3996/3918/3130
f 4013/3924/3111 3971/3915/3158 3980/3911/3112
f 3981/3926/3166 4013/3924/3111 3982/3925/3165
f 3971/3915/3158 4013/3924/3111 3981/3926/3166
f 3997/3920/3161 3981/3926/3166 3982/3925/3165
f 3521/3927/3167 3997/3920/3161 3979/3921/3162
f 3981/3926/3166 3997/3920/3161 3521/3927/3167
f 4051/3928/3168 4042/3929/3095 4031/3930/3092
f 4057/3931/3169 4047/3649/2940 4022/3640/2934
f 4047/3649/2940 4053/3932/3170 4034/3652/2942
f 4053/3932/3170 4057/3931/3169 4042/3929/3095
f 4057/3931/3169 4053/3932/3170 4047/3649/2940
f 4052/3933/3171 4034/3652/2942 4053/3932/3170
f 4030/3934/3172 4053/3932/3170 4051/3928/3168
f 4054/3935/3173 3973/3936/3174 4032/3937/3175
f 3522/3938/3085 4054/3935/3173 3600/3939/3176
f 3973/3936/3174 4054/3935/3173 3522/3938/3085
f 4054/3935/3173 4030/3934/3172 3600/3939/3176
f 4052/3933/3171 4038/3723/2985 3470/3657/2935
f 4056/3940/3177 4052/3933/3171 4030/3934/3172
f 4038/3723/2985 4052/3933/3171 4056/3940/3177
f 4055/3941/3178 4038/3723/2985 4056/3940/3177
f 4032/3937/3175 4056/3940/3177 4054/3935/3173
f 3981/3926/3166 3986/3942/3179 3971/3915/3158
f 3983/3943/3180 3981/3926/3166 3521/3927/3167
f 3986/3942/3179 3981/3926/3166 3983/3943/3180
f 4016/3913/3088 3984/3944/3084 3664/3945/3181
f 3986/3942/3179 4016/3913/3088 3971/3915/3158
f 3984/3944/3084 4016/3913/3088 3986/3942/3179
f 3985/3946/3182 3984/3944/3084 3986/3942/3179
f 3831/3947/3183 3986/3942/3179 3983/3943/3180
f 3984/3944/3084 3994/3948/3184 3664/3945/3181
f 3994/3948/3184 3973/3936/3174 3522/3938/3085
f 3973/3936/3174 3984/3944/3084 3974/3949/3185
f 3984/3944/3084 3973/3936/3174 3994/3948/3184
f 3935/3950/3035 3936/3951/3186 3895/3952/3187
f 3931/3953/3188 3938/3954/3189 3885/3955/3190
f 3936/3951/3186 3931/3953/3188 3753/3956/3190
f 3938/3954/3189 3931/3953/3188 3936/3951/3186
f 3937/3957/3191 3885/3955/3190 3938/3954/3189
f 3894/3958/3035 3938/3954/3189 3935/3950/3035
f 3887/3959/3192 3959/3960/3193 3909/3961/3038
f 3958/3962/3194 3962/3963/3195 3904/3964/3196
f 3913/3965/3041 3958/3962/3194 3887/3959/3192
f 3962/3963/3195 3958/3962/3194 3913/3965/3041
f 3961/3966/3197 3960/3967/3198 3962/3963/3195
f 3754/3968/3199 3962/3963/3195 3913/3965/3041
f 3931/3953/3188 3932/3969/3200 3753/3956/3190
f 3927/3970/3037 3934/3971/3201 3896/3972/3056
f 3932/3969/3200 3927/3970/3037 3886/3973/3202
f 3934/3971/3201 3927/3970/3037 3932/3969/3200
f 3933/3974/3203 3896/3972/3056 3934/3971/3201
f 3885/3955/3190 3934/3971/3201 3931/3953/3188
f 3927/3970/3037 3928/3975/3204 3886/3973/3202
f 3944/3976/3052 3930/3977/3205 3902/3978/3052
f 3928/3975/3204 3944/3976/3052 3897/3979/3206
f 3930/3977/3205 3944/3976/3052 3928/3975/3204
f 3923/3980/3206 3929/3981/3207 3900/3982/3052
f 3930/3977/3205 3923/3980/3206 3902/3978/3052
f 3929/3981/3207 3923/3980/3206 3930/3977/3205
f 3896/3972/3056 3930/3977/3205 3927/3970/3037
f 3902/3978/3052 3945/3983/3208 3944/3976/3052
f 3946/3984/3209 3939/3985/3210 3921/3986/3211
f 3948/3987/3212 3947/3988/3213 3949/3989/3214
f 3905/3990/3215 3949/3989/3214 3946/3984/3209
f 3948/3987/3212 3953/3991/3216 3922/3992/3217
f 3950/3993/3059 3948/3987/3212 3905/3990/3215
f 3953/3991/3216 3948/3987/3212 3950/3993/3059
f 3953/3991/3216 3907/3994/3218 3922/3992/3217
f 3952/3995/3219 3951/3996/3220 3953/3991/3216
f 3903/3997/3221 3953/3991/3216 3950/3993/3059
f 3940/3998/3208 3923/3980/3206 3926/3999/3208
f 3902/3978/3052 3940/3998/3208 3924/4000/3222
f 3923/3980/3206 3940/3998/3208 3902/3978/3052
f 3940/3998/3208 3941/4001/3211 3924/4000/3222
f 3946/3984/3209 3942/4002/3211 3905/3990/3215
f 3943/4003/3223 3946/3984/3209 3921/3986/3211
f 3942/4002/3211 3946/3984/3209 3943/4003/3223
f 3926/3999/3208 3943/4003/3223 3940/3998/3208
f 3942/4002/3211 3950/3993/3059 3905/3990/3215
f 3950/3993/3059 3925/4004/3208 3903/3997/3221
f 3925/4004/3208 3942/4002/3211 3926/3999/3208
f 3942/4002/3211 3925/4004/3208 3950/3993/3059
f 3900/3982/3052 3926/3999/3208 3923/3980/3206
f 3925/4004/3208 3954/4005/3065 3903/3997/3221
f 3954/4005/3065 3908/4006/3224 3911/4007/3211
f 3908/4006/3224 3925/4004/3208 3900/3982/3052
f 3925/4004/3208 3908/4006/3224 3954/4005/3065
f 3952/3995/3219 3957/4008/3058 3906/4009/3225
f 3954/4005/3065 3952/3995/3219 3903/3997/3221
f 3957/4008/3058 3952/3995/3219 3954/4005/3065
f 3957/4008/3058 3898/4010/3041 3906/4009/3225
f 3956/4011/3226 3955/4012/3227 3957/4008/3058
f 3911/4007/3211 3957/4008/3058 3954/4005/3065
f 3956/4011/3226 3887/3959/3192 3909/3961/3038
f 3910/4013/3228 3956/4011/3226 3911/4007/3211
f 3887/3959/3192 3956/4011/3226 3910/4013/3228
f 3899/4014/3229 3911/4007/3211 3908/4006/3224
f 3929/3981/3207 3908/4006/3224 3900/3982/3052
f 3908/4006/3224 3889/4015/3230 3899/4014/3229
f 3889/4015/3230 3929/3981/3207 3896/3972/3056
f 3929/3981/3207 3889/4015/3230 3908/4006/3224
f 3912/4016/3231 3899/4014/3229 3889/4015/3230
f 3910/4013/3228 3913/3965/3041 3887/3959/3192
f 3915/4017/3232 3910/4013/3228 3899/4014/3229
f 3913/3965/3041 3910/4013/3228 3915/4017/3232
f 3914/4018/3045 3913/3965/3041 3915/4017/3232
f 3888/4019/3233 3915/4017/3232 3912/4016/3231
f 3933/3974/3203 3912/4016/3231 3889/4015/3230
f 3912/4016/3231 3735/4020/3234 3888/4019/3233
f 3735/4020/3234 3933/3974/3203 3885/3955/3190
f 3933/3974/3203 3735/4020/3234 3912/4016/3231
f 3916/4021/3235 3888/4019/3233 3735/4020/3234
f 3914/4018/3045 3917/4022/2997 3754/3968/3199
f 3919/4023/3236 3914/4018/3045 3888/4019/3233
f 3917/4022/2997 3914/4018/3045 3919/4023/3236
f 3918/4024/3237 3917/4022/2997 3919/4023/3236
f 3890/4025/3238 3919/4023/3236 3916/4021/3235
f 3961/3966/3197 3965/4026/3239 3901/4027/3240
f 3917/4022/2997 3961/3966/3197 3754/3968/3199
f 3965/4026/3239 3961/3966/3197 3917/4022/2997
f 3965/4026/3239 3673/4028/3241 3901/4027/3240
f 3964/4029/3242 3963/4030/3243 3965/4026/3239
f 3893/4031/3041 3965/4026/3239 3917/4022/2997
f 3964/4029/3242 3660/4032/3244 3891/4033/3245
f 3892/4034/3246 3964/4029/3242 3893/4031/3041
f 3660/4032/3244 3964/4029/3242 3892/4034/3246
f 3918/4024/3237 3892/4034/3246 3893/4031/3041
f 3734/4035/3247 3918/4024/3237 3890/4025/3238
f 3892/4034/3246 3918/4024/3237 3734/4035/3247
f 3937/3957/3191 3916/4021/3235 3735/4020/3234
f 3916/4021/3235 3920/4036/3248 3890/4025/3238
f 3920/4036/3248 3937/3957/3191 3894/3958/3035
f 3937/3957/3191 3920/4036/3248 3916/4021/3235
f 3845/4037/3249 3890/4025/3238 3920/4036/3248
f 3999/4038/3250 3987/4039/3012 3977/4040/3013
f 3995/3916/3159 4001/4041/3251 3979/3921/3162
f 3987/4039/3012 3995/3916/3159 3969/3917/3021
f 4001/4041/3251 3995/3916/3159 3987/4039/3012
f 4000/4042/3252 3979/3921/3162 4001/4041/3251
f 3976/4043/3253 4001/4041/3251 3999/4038/3250
f 3999/4038/3250 3674/4044/3009 3976/4043/3253
f 3966/4045/3254 3999/4038/3250 3977/4040/3013
f 3674/4044/3009 3999/4038/3250 3966/4045/3254
f 3967/4046/3255 3966/4045/3254 3968/4047/3256
f 3660/4032/3244 3968/4047/3256 3891/4033/3245
f 3834/4048/3255 4002/4049/3009 3967/4046/3255
f 3967/4046/3255 4002/4049/3009 3674/4044/3009
f 4002/4049/3009 3834/4048/3255 3832/4050/3257
f 3967/4046/3255 3830/4051/2996 3834/4048/3255
f 4002/4049/3009 3976/4043/3253 3674/4044/3009
f 4000/4042/3252 3983/3943/3180 3521/3927/3167
f 4004/4052/3258 4000/4042/3252 3976/4043/3253
f 3983/3943/3180 4000/4042/3252 4004/4052/3258
f 4003/4053/3008 3983/3943/3180 4004/4052/3258
f 3832/4050/3257 4004/4052/3258 4002/4049/3009
f 3833/4054/3259 3834/4048/3255 3830/4051/2996
f 3836/4055/3260 3832/4050/3257 3834/4048/3255
f 3847/4056/3261 3734/4035/3247 3845/4037/3249
f 3841/4057/3262 3846/4058/3263 3847/4056/3261
f 3892/4034/3246 3846/4058/3263 3839/4059/3041
f 3839/4059/3041 3846/4058/3263 3837/4060/3263
f 3846/4058/3263 3892/4034/3246 3734/4035/3247
f 3839/4059/3041 3660/4032/3244 3892/4034/3246
f 3838/4061/3264 3839/4059/3041 3837/4060/3263
f 3840/4062/3265 3830/4051/2996 3839/4059/3041
f 3844/4063/3266 3841/4057/3262 3842/4064/3267
f 3530/3592/2902 4106/3721/2812 3486/4065/3268
f 3821/4066/3269 3486/4065/3268 4106/3721/2812
f 3820/4067/3269 3486/4065/3268 3821/4066/3269
f 4106/3721/2812 4107/3719/2810 3822/4068/3270
f 3530/3592/2902 3471/3595/2812 4106/3721/2812
f 3822/4068/3270 3821/4066/3269 4106/3721/2812
f 3486/4065/3268 3820/4067/3269 3529/3593/2901
f 3479/3591/2901 3529/3593/2901 3820/4067/3269
f 3519/3713/2977 4101/3690/2965 4135/3686/2961
f 4139/3712/2976 4069/3597/2904 4105/3716/2980
f 4040/3725/2987 3822/4068/3270 4028/3727/2989
f 3822/4068/3270 4027/3720/2983 4028/3727/2989
f 3875/4069/3271 4071/3598/2905 4069/3597/2904
f 3876/4070/3272 4102/3683/2959 4131/3684/2960
f 3876/4070/3272 3519/3713/2977 4135/3686/2961
f 3876/4070/3272 3875/4069/3271 3519/3713/2977
f 4139/3712/2976 3519/3713/2977 3875/4069/3271
f 4118/3681/2957 3876/4070/3272 4131/3684/2960
f 4135/3686/2961 4102/3683/2959 3876/4070/3272
f 3875/4069/3271 4069/3597/2904 4139/3712/2976
f 4118/3681/2957 4131/3684/2960 4134/3680/2957
f 3875/4069/3271 3874/4071/3273 4071/3598/2905
f 4027/3720/2983 3822/4068/3270 4107/3719/2810
f 3518/3700/2810 4127/3696/2968 3883/4072/3274
f 3883/4072/3274 4127/3696/2968 4156/3697/2969
f 3518/3700/2810 3882/4073/3275 4124/3664/2948
f 4126/3665/2825 4124/3664/2948 3882/4073/3275
f 3883/4072/3274 3882/4073/3275 3518/3700/2810
f 4120/3693/2967 4119/3692/2966 3430/4074/3276
f 3430/4074/3276 4119/3692/2966 3502/3502/2827
f 4120/3693/2967 3884/4075/3277 4155/3691/2826
f 3884/4075/3277 3883/4072/3274 4156/3697/2969
f 3430/4074/3276 3884/4075/3277 4120/3693/2967
f 4156/3697/2969 4155/3691/2826 3884/4075/3277
f 4144/3658/2851 4121/3660/2843 4143/3672/2952
f 3879/4076/2950 4143/3672/2952 4154/3669/2857
f 4123/3662/2847 3876/4070/3272 4118/3681/2957
f 3877/4077/2859 4144/3658/2851 4143/3672/2952
f 4123/3662/2847 4144/3658/2851 3877/4077/2859
f 3881/4078/2949 4145/3668/2949 4126/3665/2825
f 3880/4079/2858 4145/3668/2949 3881/4078/2949
f 3882/4073/3275 3881/4078/2949 4126/3665/2825
f 3878/4080/2843 4143/3672/2952 3879/4076/2950
f 4154/3669/2857 4145/3668/2949 3880/4079/2858
f 3879/4076/2950 4154/3669/2857 3880/4079/2858
f 4143/3672/2952 3878/4080/2843 3877/4077/2859
f 4123/3662/2847 4118/3681/2957 4122/3661/2947
f 3877/4077/2859 3876/4070/3272 4123/3662/2847
f 3819/4081/3269 3479/3591/2901 3820/4067/3269
f 4068/3643/2936 4023/3600/2906 3874/4071/3273
f 4026/3726/2988 3822/4068/3270 4040/3725/2987
f 4025/3605/2803 4068/3643/2936 4065/3603/2803
f 4087/3628/2873 4062/3611/2915 4093/3607/2911
f 4042/3929/3095 4057/3931/3169 4043/3641/2935
f 4042/3929/3095 4043/3641/2935 4058/3638/2932
f 4057/3931/3169 4022/3640/2934 4043/3641/2935
f 4058/3638/2932 4043/3641/2935 4046/3637/2931
f 3822/4068/3270 4055/3941/3178 4032/3937/3175
f 3973/3936/3174 3974/3949/3185 3823/4082/3278
f 3823/4082/3278 4032/3937/3175 3973/3936/3174
f 4051/3928/3168 3600/3939/3176 4030/3934/3172
f 4051/3928/3168 4031/3930/3092 3600/3939/3176
f 4031/3930/3092 3866/4083/3279 3600/3939/3176
f 3866/4083/3279 4031/3930/3092 4080/3635/2887
f 3866/4083/3279 3865/4084/3280 3994/3948/3184
f 3994/3948/3184 3865/4084/3280 4015/3914/3157
f 3522/3938/3085 3866/4083/3279 3994/3948/3184
f 3866/4083/3279 3522/3938/3085 3600/3939/3176
f 4058/3638/2932 4031/3930/3092 4042/3929/3095
f 4055/3941/3178 3822/4068/3270 4026/3726/2988
f 3871/4085/3281 4089/3629/2927 4087/3628/2873
f 4084/3621/2922 4089/3629/2927 3871/4085/3281
f 3872/4086/3282 3871/4085/3281 4087/3628/2873
f 3870/4087/3283 4084/3621/2922 3871/4085/3281
f 4089/3629/2927 4084/3621/2922 4072/3624/2925
f 4086/3622/2923 4084/3621/2922 3870/4087/3283
f 3873/4088/3284 4065/3603/2803 3874/4071/3273
f 4068/3643/2936 3874/4071/3273 4065/3603/2803
f 4067/3604/2909 4065/3603/2803 3873/4088/3284
f 3872/4086/3282 4090/3608/2912 4067/3604/2909
f 4087/3628/2873 4090/3608/2912 3872/4086/3282
f 3873/4088/3284 3872/4086/3282 4067/3604/2909
f 4090/3608/2912 4087/3628/2873 4093/3607/2911
f 3869/4089/2917 4083/3612/2916 4076/3614/2918
f 3869/4089/2917 4078/3616/2917 4083/3612/2916
f 4058/3638/2932 4061/3634/2930 4080/3635/2887
f 3868/4090/2879 4079/3617/2879 4078/3616/2917
f 3869/4089/2917 4076/3614/2918 3870/4087/3283
f 3868/4090/2879 4078/3616/2917 3869/4089/2917
f 3867/4091/2869 4082/3633/2929 4075/3619/2917
f 3866/4083/3279 4080/3635/2887 3867/4091/2869
f 4082/3633/2929 3867/4091/2869 4080/3635/2887
f 3868/4090/2879 3867/4091/2869 4075/3619/2917
f 4079/3617/2879 3868/4090/2879 4075/3619/2917
f 4080/3635/2887 4031/3930/3092 4058/3638/2932
f 4086/3622/2923 3870/4087/3283 4076/3614/2918
f 4071/3598/2905 3874/4071/3273 4023/3600/2906
f 3822/4068/3270 4032/3937/3175 3823/4082/3278
f 3502/3502/2827 3524/3500/2835 3430/4074/3276
f 3524/3500/2835 3525/3506/2840 3430/4074/3276
f 3549/3540/2862 3583/3504/2838 3584/3503/2837
f 3482/3497/2832 3584/3503/2837 3553/3495/2831
f 3430/4074/3276 3525/3506/2840 3583/3504/2838
f 3584/3503/2837 3482/3497/2832 3549/3540/2862
f 3581/3541/2863 3549/3540/2862 3580/3539/2825
f 3559/3534/2857 3578/3538/2861 3581/3541/2863
f 3431/4092/3285 3581/3541/2863 3578/3538/2861
f 3583/3504/2838 3549/3540/2862 3581/3541/2863
f 3556/3537/2859 3578/3538/2861 3579/3536/2858
f 3431/4092/3285 3556/3537/2859 3567/3549/2868
f 3581/3541/2863 3431/4092/3285 3430/4074/3276
f 3564/3548/2867 3432/4093/3286 3567/3549/2868
f 3567/3549/2868 3432/4093/3286 3431/4092/3285
f 3556/3537/2859 3431/4092/3285 3578/3538/2861
f 3433/4094/3287 3432/4093/3286 3564/3548/2867
f 3555/3545/2852 3585/3546/2847 3564/3548/2867
f 3434/4095/2852 3564/3548/2867 3585/3546/2847
f 3534/3547/2866 3435/4096/3288 3434/4095/2852
f 3585/3546/2847 3534/3547/2866 3434/4095/2852
f 3434/4095/2852 3433/4094/3287 3564/3548/2867
f 3534/3547/2866 3568/3542/2864 3435/4096/3288
f 3583/3504/2838 3581/3541/2863 3430/4074/3276
f 3819/4081/3269 3480/3585/2900 3505/3587/2901
f 3568/3542/2864 3532/3520/2852 3523/3523/2854
f 3436/4097/3287 3523/3523/2854 3572/3517/2849
f 3568/3542/2864 3523/3523/2854 3435/4096/3288
f 3480/3585/2900 3818/4098/3269 3498/3466/2812
f 3819/4081/3269 3818/4098/3269 3480/3585/2900
f 3504/3583/2898 3480/3585/2900 3498/3466/2812
f 3817/4099/3289 3498/3466/2812 3818/4098/3269
f 3504/3583/2898 3498/3466/2812 3474/3467/2813
f 3498/3466/2812 3817/4099/3289 3499/3464/2810
f 3538/3515/2848 3535/3513/2846 3572/3517/2849
f 3436/4097/3287 3572/3517/2849 3535/3513/2846
f 3437/4100/3290 3436/4097/3287 3535/3513/2846
f 3438/4101/3291 3437/4100/3290 3492/3512/2845
f 3535/3513/2846 3492/3512/2845 3437/4100/3290
f 3539/3507/2841 3438/4101/3291 3492/3512/2845
f 3490/3476/2816 3481/3479/2821 3539/3507/2841
f 3438/4101/3291 3539/3507/2841 3481/3479/2821
f 3493/3469/2815 3543/3473/2818 3496/3471/2817
f 3439/4102/3292 3543/3473/2818 3493/3469/2815
f 3481/3479/2821 3543/3473/2818 3439/4102/3292
f 3439/4102/3292 3438/4101/3291 3481/3479/2821
f 3523/3523/2854 3436/4097/3287 3435/4096/3288
f 3497/3453/2799 3499/3464/2810 3817/4099/3289
f 3440/4103/3293 3439/4102/3292 3636/3582/2897
f 3633/3581/2896 3440/4103/3293 3632/4104/3294
f 3440/4103/3293 3634/3564/2882 3632/4104/3294
f 3441/4105/2869 3633/3581/2896 3641/4106/3295
f 3639/3576/2891 3441/4105/2869 3638/4107/3296
f 3441/4105/2869 3641/4106/3295 3638/4107/3296
f 3630/3579/2894 3641/4106/3295 3629/4108/3297
f 3633/3581/2896 3629/4108/3297 3641/4106/3295
f 3642/3580/2895 3626/3575/2879 3638/4107/3296
f 3638/4107/3296 3641/4106/3295 3642/3580/2895
f 3639/3576/2891 3442/4109/3298 3441/4105/2869
f 3633/3581/2896 3631/3553/2871 3629/4108/3297
f 3627/3573/2889 3442/4109/3298 3637/3574/2890
f 3639/3576/2891 3637/3574/2890 3442/4109/3298
f 3443/4110/2887 3442/4109/3298 3627/3573/2889
f 3440/4103/3293 3633/3581/2896 3441/4105/2869
f 3444/4111/3299 3443/4110/2887 3643/3571/2888
f 3643/3571/2888 3443/4110/2887 3627/3573/2889
f 3445/4112/2804 3444/4111/3299 3645/3577/2892
f 3444/4111/3299 3643/3571/2888 3624/3572/2888
f 3444/4111/3299 3624/3572/2888 3645/3577/2892
f 3445/4112/2804 3648/3853/3108 3446/4113/3300
f 3445/4112/2804 3645/3577/2892 3609/3567/2885
f 3447/4114/3301 3446/4113/3300 3599/3850/3105
f 3648/3853/3108 3445/4112/2804 3609/3567/2885
f 3588/3565/2883 3440/4103/3293 3636/3582/2897
f 3634/3564/2882 3440/4103/3293 3588/3565/2883
f 3632/4104/3294 3634/3564/2882 3589/3557/2875
f 3446/4113/3300 3648/3853/3108 3646/3852/3107
f 3606/3457/2803 3592/3454/2800 3817/4099/3289
f 3817/4099/3289 3592/3454/2800 3497/3453/2799
f 3591/3458/2804 3606/3457/2803 3817/4099/3289
f 3593/3555/2873 3629/4108/3297 3631/3553/2871
f 3618/3837/3092 3591/3458/2804 3817/4099/3289
f 3599/3850/3105 3646/3852/3107 3613/3849/3104
f 3599/3850/3105 3446/4113/3300 3646/3852/3107
f 3448/4115/3302 3614/3843/3098 3590/3842/3097
f 3595/3851/3106 3614/3843/3098 3448/4115/3302
f 3448/4115/3302 3447/4114/3301 3595/3851/3106
f 3449/4116/3303 3448/4115/3302 3590/3842/3097
f 3595/3851/3106 3447/4114/3301 3599/3850/3105
f 3614/3843/3098 3594/3841/3096 3590/3842/3097
f 3449/4116/3303 3489/3830/3085 3699/3825/3080
f 3802/4117/3278 3597/3838/3093 3817/4099/3289
f 3489/3830/3085 3449/4116/3303 3590/3842/3097
f 3817/4099/3289 3597/3838/3093 3618/3837/3092
f 3656/4118/3304 3449/4116/3303 3699/3825/3080
f 3439/4102/3292 3493/3469/2815 3636/3582/2897
f 3994/3948/3184 4015/3914/3157 3664/3945/3181
f 3865/4084/3280 3970/3912/3156 4015/3914/3157
f 3823/4082/3278 3985/3946/3182 3831/3947/3183
f 3993/3908/3154 3970/3912/3156 3864/4119/3305
f 3992/3923/3164 3972/3909/3155 3863/4120/3306
f 3864/4119/3305 3972/3909/3155 3993/3908/3154
f 3978/3905/3151 3988/3906/3152 3969/3917/3021
f 3862/4121/3307 4011/3897/3146 4009/3896/3145
f 3863/4120/3306 4009/3896/3145 3992/3923/3164
f 3835/4122/3308 3823/4082/3278 4003/4053/3008
f 3836/4055/3260 3823/4082/3278 3835/4122/3308
f 3835/4122/3308 4003/4053/3008 3832/4050/3257
f 3833/4054/3259 3824/4123/3309 3836/4055/3260
f 3823/4082/3278 3836/4055/3260 3824/4123/3309
f 3825/4124/3310 3824/4123/3309 3833/4054/3259
f 3987/4039/3012 3969/3917/3021 3988/3906/3152
f 3966/4045/3254 3977/4040/3013 3857/4125/3311
f 3968/4047/3256 3966/4045/3254 3856/4126/3312
f 3977/4040/3013 3987/4039/3012 3857/4125/3311
f 3823/4082/3278 3831/3947/3183 4003/4053/3008
f 3823/4082/3278 3974/3949/3185 3985/3946/3182
f 3891/4033/3245 3968/4047/3256 3963/4030/3243
f 3863/4120/3306 3862/4121/3307 4009/3896/3145
f 3861/4127/3313 4006/3894/3110 4021/3892/3142
f 3860/4128/3110 4018/3899/3147 4006/3894/3110
f 4019/3891/3141 4011/3897/3146 3862/4121/3307
f 3861/4127/3313 4021/3892/3142 4019/3891/3141
f 3861/4127/3313 4019/3891/3141 3862/4121/3307
f 3860/4128/3110 4006/3894/3110 3861/4127/3313
f 3858/4129/3148 4008/3901/3149 3859/4130/3147
f 4018/3899/3147 3860/4128/3110 3859/4130/3147
f 4005/3903/3133 4008/3901/3149 3858/4129/3148
f 4008/3901/3149 4018/3899/3147 3859/4130/3147
f 3863/4120/3306 3972/3909/3155 3864/4119/3305
f 4005/3903/3133 3988/3906/3152 3991/3902/3150
f 3858/4129/3148 3857/4125/3311 3988/3906/3152
f 3857/4125/3311 3856/4126/3312 3966/4045/3254
f 3987/4039/3012 3988/3906/3152 3857/4125/3311
f 3673/4028/3241 3963/4030/3243 3856/4126/3312
f 3968/4047/3256 3856/4126/3312 3963/4030/3243
f 3960/3967/3198 3673/4028/3241 3855/4131/3314
f 3901/4027/3240 3673/4028/3241 3960/3967/3198
f 3856/4126/3312 3855/4131/3314 3673/4028/3241
f 3904/3964/3196 3962/3963/3195 3960/3967/3198
f 3904/3964/3196 3855/4131/3314 3854/4132/3315
f 3904/3964/3196 3854/4132/3315 3958/3962/3194
f 3960/3967/3198 3855/4131/3314 3904/3964/3196
f 3988/3906/3152 4005/3903/3133 3858/4129/3148
f 3838/4061/3264 3826/4133/3316 3840/4062/3265
f 3825/4124/3310 3840/4062/3265 3826/4133/3316
f 3843/4134/3030 3838/4061/3264 3837/4060/3263
f 3826/4133/3316 3838/4061/3264 3827/4135/3317
f 3955/4012/3227 3909/3961/3038 3959/3960/3193
f 3854/4132/3315 3959/3960/3193 3958/3962/3194
f 3951/3996/3220 3906/4009/3225 3898/4010/3041
f 3853/4136/3038 3955/4012/3227 3959/3960/3193
f 3898/4010/3041 3955/4012/3227 3853/4136/3038
f 3827/4135/3317 3838/4061/3264 3843/4134/3030
f 3825/4124/3310 3833/4054/3259 3840/4062/3265
f 3827/4135/3317 3843/4134/3030 3828/4137/3318
f 3828/4137/3318 3843/4134/3030 3829/4138/3319
f 3837/4060/3263 3841/4057/3262 3843/4134/3030
f 3793/4139/3320 3829/4138/3319 3844/4063/3266
f 3793/4139/3320 3844/4063/3266 3842/4064/3267
f 3829/4138/3319 3843/4134/3030 3844/4063/3266
f 3847/4056/3261 3842/4064/3267 3841/4057/3262
f 3793/4139/3320 3847/4056/3261 3845/4037/3249
f 3793/4139/3320 3845/4037/3249 3920/4036/3248
f 3794/4140/3321 3894/3958/3035 3935/3950/3035
f 3894/3958/3035 3794/4140/3321 3920/4036/3248
f 3794/4140/3321 3935/3950/3035 3895/3952/3187
f 3793/4139/3320 3842/4064/3267 3847/4056/3261
f 3853/4136/3038 3852/4141/3322 3898/4010/3041
f 3852/4141/3322 3951/3996/3220 3898/4010/3041
f 3907/3994/3218 3951/3996/3220 3852/4141/3322
f 3922/3992/3217 3907/3994/3218 3851/4142/3216
f 3851/4142/3216 3907/3994/3218 3852/4141/3322
f 3922/3992/3217 3851/4142/3216 3947/3988/3213
f 3850/4143/3051 3947/3988/3213 3851/4142/3216
f 3939/3985/3210 3850/4143/3051 3849/4144/3323
f 3848/4145/3324 3921/3986/3211 3939/3985/3210
f 3849/4144/3323 3848/4145/3324 3939/3985/3210
f 3850/4143/3051 3939/3985/3210 3949/3989/3214
f 3850/4143/3051 3949/3989/3214 3947/3988/3213
f 3945/3983/3208 3848/4145/3324 3468/4146/3325
f 3941/4001/3211 3943/4003/3223 3921/3986/3211
f 3848/4145/3324 3945/3983/3208 3941/4001/3211
f 3897/3979/3206 3944/3976/3052 3945/3983/3208
f 3941/4001/3211 3945/3983/3208 3924/4000/3222
f 3921/3986/3211 3848/4145/3324 3941/4001/3211
f 3468/4146/3325 3928/3975/3204 3897/3979/3206
f 3468/4146/3325 3886/3973/3202 3928/3975/3204
f 3468/4146/3325 3753/3956/3190 3932/3969/3200
f 3468/4146/3325 3895/3952/3187 3936/3951/3186
f 3468/4146/3325 3936/3951/3186 3753/3956/3190
f 3468/4146/3325 3932/3969/3200 3886/3973/3202
f 3920/4036/3248 3794/4140/3321 3793/4139/3320
f 3854/4132/3315 3853/4136/3038 3959/3960/3193
f 3945/3983/3208 3468/4146/3325 3897/3979/3206
f 3716/3883/3133 3450/4147/3149 3715/4148/3326
f 3705/4149/3327 3715/4148/3326 3450/4147/3149
f 3451/4150/3148 3450/4147/3149 3716/3883/3133
f 3726/3881/3132 3452/4151/3128 3451/4150/3148
f 3713/3882/3119 3452/4151/3128 3726/3881/3132
f 3716/3883/3133 3726/3881/3132 3451/4150/3148
f 3706/3889/3139 3702/4152/3328 3705/4149/3327
f 3702/4152/3328 3715/4148/3326 3705/4149/3327
f 3702/4152/3328 3706/3889/3139 3685/3877/3130
f 3715/4148/3326 3702/4152/3328 3703/3880/3119
f 3452/4151/3128 3713/3882/3119 3729/3888/3138
f 3729/3888/3138 3453/4153/3329 3452/4151/3128
f 3656/4118/3304 3698/3869/3122 3705/4149/3327
f 3725/3768/3028 3456/4154/3330 3670/3769/3029
f 3455/4155/3331 3670/3769/3029 3456/4154/3330
f 3670/3769/3029 3455/4155/3331 3720/3767/3027
f 3722/3872/3125 3455/4155/3331 3717/3884/3134
f 3457/4156/3332 3456/4154/3330 3723/3766/3026
f 3723/3766/3026 3456/4154/3330 3725/3768/3028
f 3457/4156/3332 3723/3766/3026 3667/3759/3018
f 3454/4157/3333 3453/4153/3329 3727/3887/3137
f 3717/3884/3134 3727/3887/3137 3719/3886/3136
f 3453/4153/3329 3729/3888/3138 3727/3887/3137
f 3454/4157/3333 3717/3884/3134 3455/4155/3331
f 3727/3887/3137 3717/3884/3134 3454/4157/3333
f 3665/3758/3019 3458/4158/3334 3457/4156/3332
f 3449/4116/3303 3656/4118/3304 3450/4147/3149
f 3657/3871/3124 3705/4149/3327 3698/3869/3122
f 3717/3884/3134 3683/3874/3127 3722/3872/3125
f 3455/4155/3331 3722/3872/3125 3720/3767/3027
f 3699/3825/3080 3652/3827/3082 3711/3870/3123
f 3697/3860/3115 3705/4149/3327 3657/3871/3124
f 3802/4117/3278 3680/3831/3086 3662/3829/3084
f 3699/3825/3080 3711/3870/3123 3656/4118/3304
f 3653/3756/3017 3665/3758/3019 3659/3755/3016
f 3672/3764/3024 3667/3759/3018 3723/3766/3026
f 3802/4117/3278 3695/3747/3008 3661/3750/3011
f 3802/4117/3278 3811/3744/3005 3695/3747/3008
f 3669/3748/3009 3695/3747/3008 3811/3744/3005
f 3814/3741/3002 3811/3744/3005 3802/4117/3278
f 3811/3744/3005 3814/3741/3002 3813/3745/3006
f 3814/3741/3002 3801/4159/3335 3816/3742/3003
f 3802/4117/3278 3801/4159/3335 3814/3741/3002
f 3801/4159/3335 3808/3729/2991 3816/3742/3003
f 3680/3831/3086 3802/4117/3278 3661/3750/3011
f 3667/3759/3018 3665/3758/3019 3457/4156/3332
f 3596/3828/3083 3802/4117/3278 3662/3829/3084
f 3745/3782/3042 3458/4158/3334 3665/3758/3019
f 3656/4118/3304 3705/4149/3327 3450/4147/3149
f 3462/4160/3065 3461/4161/3218 3792/3811/3067
f 3461/4161/3218 3460/4162/3336 3792/3811/3067
f 3776/3812/3068 3464/4163/3208 3463/4164/3336
f 3755/3813/3069 3464/4163/3208 3776/3812/3068
f 3792/3811/3067 3463/4164/3336 3462/4160/3065
f 3792/3811/3067 3776/3812/3068 3463/4164/3336
f 3759/4165/3337 3750/3804/3041 3758/3801/3058
f 3459/4166/3338 3762/3803/3060 3750/3804/3041
f 3757/3809/3065 3460/4162/3336 3759/4165/3337
f 3757/3809/3065 3792/3811/3067 3460/4162/3336
f 3759/4165/3337 3460/4162/3336 3459/4166/3338
f 3739/3816/3072 3466/4167/3339 3780/4168/3340
f 3466/4167/3339 3739/3816/3072 3784/3819/3075
f 3468/4146/3325 3467/4169/3341 3788/3823/3078
f 3794/4140/3321 3895/3952/3187 3742/3824/3079
f 3467/4169/3341 3466/4167/3339 3784/3819/3075
f 3465/4170/3045 3780/4168/3340 3466/4167/3339
f 3895/3952/3187 3468/4146/3325 3742/3824/3079
f 3781/3815/3071 3465/4170/3045 3755/3813/3069
f 3464/4163/3208 3755/3813/3069 3465/4170/3045
f 3781/3815/3071 3780/4168/3340 3465/4170/3045
f 3467/4169/3341 3784/3819/3075 3732/3820/3076
f 3468/4146/3325 3788/3823/3078 3742/3824/3079
f 3788/3823/3078 3467/4169/3341 3732/3820/3076
f 3742/3824/3079 3786/3821/3035 3794/4140/3321
f 3459/4166/3338 3750/3804/3041 3759/4165/3337
f 3752/3779/3039 3459/4166/3338 3658/3783/3043
f 3458/4158/3334 3658/3783/3043 3459/4166/3338
f 3766/3794/3053 3459/4166/3338 3752/3779/3039
f 3459/4166/3338 3766/3794/3053 3738/3795/3041
f 3752/3779/3039 3733/3781/3041 3766/3794/3053
f 3738/3795/3041 3762/3803/3060 3459/4166/3338
f 3799/4171/3342 3810/3730/2992 3800/4172/3343
f 3808/3729/2991 3800/4172/3343 3810/3730/2992
f 3810/3730/2992 3799/4171/3342 3807/3732/2994
f 3801/4159/3335 3800/4172/3343 3808/3729/2991
f 3458/4158/3334 3745/3782/3042 3658/3783/3043
f 3772/3771/3031 3730/3739/2999 3747/3736/2998
f 3773/3770/3030 3794/4140/3321 3741/3775/3035
f 3795/4173/3321 3773/3770/3030 3772/3771/3031
f 3786/3821/3035 3741/3775/3035 3794/4140/3321
f 3795/4173/3321 3772/3771/3031 3747/3736/2998
f 3798/4174/3344 3806/3731/2993 3807/3732/2994
f 3803/3737/2999 3806/3731/2993 3798/4174/3344
f 3747/3736/2998 3803/3737/2999 3797/4175/3345
f 3797/4175/3345 3803/3737/2999 3798/4174/3344
f 3747/3736/2998 3797/4175/3345 3796/4176/3346
f 3747/3736/2998 3796/4176/3346 3795/4173/3321
f 3799/4171/3342 3798/4174/3344 3807/3732/2994
f 3794/4140/3321 3773/3770/3030 3795/4173/3321
f 3970/3912/3156 3865/4084/3280 3864/4119/3305
f 4164/4177/3347 4167/4178/3348 4165/4179/3349
f 4168/4180/3347 4166/4181/3350 4164/4177/3347
f 4163/4182/3351 4169/4183/3350 4159/4184/3352
f 4160/4185/3347 4159/4184/3352 4169/4183/3350
f 4166/4181/3350 4169/4183/3350 4163/4182/3351
f 4167/4178/3348 4162/4186/3353 4161/4187/3354
f 4162/4186/3353 4167/4178/3348 4166/4181/3350
f 4166/4181/3350 4163/4182/3351 4162/4186/3353
f 4158/4188/3355 4167/4178/3348 4161/4187/3354
f 4170/4189/3347 4160/4185/3347 4168/4180/3347
f 4168/4180/3347 4171/4190/3356 4170/4189/3347
f 4164/4177/3347 4171/4190/3356 4168/4180/3347
f 4165/4179/3349 4171/4190/3356 4164/4177/3347
f 4165/4179/3349 4158/4188/3355 4157/4191/3357
f 4165/4179/3349 4157/4191/3357 4171/4190/3356
f 4168/4180/3347 4160/4185/3347 4169/4183/3350
f 4174/4192/1046 4181/4193/1045 4182/4194/1046
f 4175/4195/3358 4182/4194/1046 4183/4196/1046
f 4176/4197/1046 4183/4196/1046 4184/4198/1054
f 4178/4199/1049 4185/4200/3359 4186/4201/1049
f 4179/4202/1046 4186/4201/1049 4187/4203/1046
f 4180/4204/1046 4187/4203/1046 4188/4205/1046
f 4182/4194/1046 4189/4206/1050 4190/4207/1046
f 4183/4196/1046 4190/4207/1046 4191/4208/1046
f 4187/4203/1046 4192/4209/1045 4193/4210/1046
f 4188/4205/1046 4193/4210/1046 4194/4211/1046
f 4195/4212/1046 4191/4208/1046 4190/4207/1046
f 4193/4210/1046 4196/4213/1049 4197/4214/3360
f 4202/4215/1046 4203/4216/1046 4199/4217/1046
f 4200/4218/1049 4204/4219/1045 4205/4220/1046
f 4202/4215/1046 4207/4221/1045 4208/4222/1046
f 4203/4216/1046 4208/4222/1046 4209/4223/1046
f 4205/4220/1046 4212/4224/1049 4213/4225/1046
f 4206/4226/1046 4213/4225/1046 4214/4227/1046
f 4208/4222/1046 4216/4228/1045 4217/4229/1046
f 4209/4223/1046 4217/4229/1046 4218/4230/3361
f 4210/4231/3361 4218/4230/3361 4219/4232/1046
f 4212/4224/1049 4220/4233/1054 4221/4234/1049
f 4213/4225/1046 4221/4234/1049 4222/4235/1046
f 4214/4227/1046 4222/4235/1046 4223/4236/1046
f 4173/4237/1045 4311/4238/1048 4312/4239/3358
f 4263/4240/3362 4173/4237/1045 4174/4192/1046
f 4313/4241/1047 4173/4237/1045 4312/4239/3358
f 4289/4242/1051 4173/4237/1045 4288/4243/3363
f 4314/4244/1046 4288/4243/3363 4173/4237/1045
f 4313/4241/1047 4314/4244/1046 4173/4237/1045
f 4181/4193/1045 4289/4242/1051 4290/4245/1051
f 4175/4195/3358 4261/4246/1054 4262/4247/3364
f 4263/4240/3362 4174/4192/1046 4262/4247/3364
f 4261/4246/1054 4176/4197/1046 4260/4248/1045
f 4260/4248/1045 4176/4197/1046 4259/4249/3365
f 4262/4247/3364 4174/4192/1046 4175/4195/3358
f 4320/4250/1045 4176/4197/1046 4184/4198/1054
f 4184/4198/1054 4319/4251/3364 4320/4250/1045
f 4177/4252/1049 4259/4249/3365 4176/4197/1046
f 4183/4196/1046 4318/4253/1049 4184/4198/1054
f 4320/4250/1045 4321/4254/3358 4176/4197/1046
f 4189/4206/1050 4290/4245/1051 4291/4255/1051
f 4228/4256/1045 4190/4207/1046 4189/4206/1050
f 4291/4255/1051 4292/4257/1047 4189/4206/1050
f 4292/4257/1047 4226/4258/1047 4189/4206/1050
f 4292/4257/1047 4225/4259/1054 4226/4258/1047
f 4189/4206/1050 4227/4260/1049 4228/4256/1045
f 4226/4258/1047 4227/4260/1049 4189/4206/1050
f 4225/4259/1054 4292/4257/1047 4293/4261/1048
f 4229/4262/1050 4190/4207/1046 4228/4256/1045
f 4318/4253/1049 4191/4208/1046 4310/4263/3361
f 4310/4263/3361 4195/4212/1046 4309/4264/3362
f 4318/4253/1049 4319/4251/3364 4184/4198/1054
f 4318/4253/1049 4183/4196/1046 4191/4208/1046
f 4195/4212/1046 4229/4262/1050 4230/4265/3366
f 4232/4266/3367 4199/4217/1046 4231/4267/1049
f 4230/4265/3366 4231/4267/1049 4195/4212/1046
f 4309/4264/3362 4195/4212/1046 4308/4268/3362
f 4195/4212/1046 4190/4207/1046 4229/4262/1050
f 4252/4269/1045 4225/4259/1054 4293/4261/1048
f 4189/4206/1050 4181/4193/1045 4290/4245/1051
f 4257/4270/1046 4258/4271/3368 4177/4252/1049
f 4257/4270/1046 4178/4199/1049 4256/4272/1054
f 4177/4252/1049 4322/4273/3369 4185/4200/3359
f 4185/4200/3359 4323/4274/1054 4186/4201/1049
f 4255/4275/1049 4178/4199/1049 4179/4202/1046
f 4322/4273/3369 4177/4252/1049 4321/4254/3358
f 4177/4252/1049 4176/4197/1046 4321/4254/3358
f 4254/4276/3362 4180/4204/1046 4253/4277/3364
f 4172/4278/1045 4253/4277/3364 4275/4279/1046
f 4253/4277/3364 4180/4204/1046 4275/4279/1046
f 4179/4202/1046 4254/4276/3362 4255/4275/1049
f 4254/4276/3362 4179/4202/1046 4180/4204/1046
f 4273/4280/1046 4274/4281/1046 4188/4205/1046
f 4180/4204/1046 4188/4205/1046 4274/4281/1046
f 4194/4211/1046 4273/4280/1046 4188/4205/1046
f 4275/4279/1046 4180/4204/1046 4274/4281/1046
f 4322/4273/3369 4323/4274/1054 4185/4200/3359
f 4186/4201/1049 4324/4282/1051 4192/4209/1045
f 4324/4282/1051 4299/4283/3363 4192/4209/1045
f 4196/4213/1049 4299/4283/3363 4300/4284/1045
f 4196/4213/1049 4300/4284/1045 4301/4285/1045
f 4245/4286/3366 4196/4213/1049 4244/4287/3370
f 4196/4213/1049 4301/4285/1045 4302/4288/1045
f 4196/4213/1049 4243/4289/3364 4244/4287/3370
f 4245/4286/3366 4197/4214/3360 4196/4213/1049
f 4193/4210/1046 4233/4290/3361 4194/4211/1046
f 4246/4291/3368 4233/4290/3361 4197/4214/3360
f 4271/4292/3362 4272/4293/1046 4194/4211/1046
f 4194/4211/1046 4234/4294/3361 4271/4292/3362
f 4234/4294/3361 4194/4211/1046 4233/4290/3361
f 4197/4214/3360 4233/4290/3361 4193/4210/1046
f 4236/4295/3359 4270/4296/1046 4235/4297/3365
f 4234/4294/3361 4235/4297/3365 4270/4296/1046
f 4198/4298/3371 4270/4296/1046 4236/4295/3359
f 4246/4291/3368 4197/4214/3360 4245/4286/3366
f 4271/4292/3362 4234/4294/3361 4270/4296/1046
f 4323/4274/1054 4324/4282/1051 4186/4201/1049
f 4195/4212/1046 4307/4299/3362 4308/4268/3362
f 4251/4300/1051 4252/4269/1045 4294/4301/1047
f 4293/4261/1048 4294/4301/1047 4252/4269/1045
f 4251/4300/1051 4295/4302/1051 4250/4303/1048
f 4295/4302/1051 4251/4300/1051 4294/4301/1047
f 4201/4304/1045 4295/4302/1051 4296/4305/3372
f 4250/4303/1048 4201/4304/1045 4249/4306/1046
f 4297/4307/1051 4201/4304/1045 4296/4305/3372
f 4202/4215/1046 4249/4306/1046 4201/4304/1045
f 4295/4302/1051 4201/4304/1045 4250/4303/1048
f 4247/4308/3362 4199/4217/1046 4232/4266/3367
f 4306/4309/3362 4307/4299/3362 4199/4217/1046
f 4195/4212/1046 4199/4217/1046 4307/4299/3362
f 4231/4267/1049 4199/4217/1046 4195/4212/1046
f 4202/4215/1046 4247/4308/3362 4248/4310/1046
f 4247/4308/3362 4202/4215/1046 4199/4217/1046
f 4331/4311/1049 4305/4312/3358 4203/4216/1046
f 4199/4217/1046 4305/4312/3358 4306/4309/3362
f 4203/4216/1046 4209/4223/1046 4331/4311/1049
f 4202/4215/1046 4248/4310/1046 4249/4306/1046
f 4297/4307/1051 4207/4221/1045 4201/4304/1045
f 4298/4313/1051 4216/4228/1045 4207/4221/1045
f 4216/4228/1045 4277/4314/3362 4217/4229/1046
f 4216/4228/1045 4215/4315/1051 4315/4316/1046
f 4297/4307/1051 4298/4313/1051 4207/4221/1045
f 4216/4228/1045 4316/4317/1048 4317/4318/3361
f 4276/4319/1047 4216/4228/1045 4317/4318/3361
f 4216/4228/1045 4315/4316/1046 4316/4317/1048
f 4278/4320/3373 4217/4229/1046 4277/4314/3362
f 4329/4321/1048 4330/4322/3373 4210/4231/3361
f 4210/4231/3361 4330/4322/3373 4331/4311/1049
f 4220/4233/1054 4210/4231/3361 4219/4232/1046
f 4210/4231/3361 4331/4311/1049 4209/4223/1046
f 4219/4232/1046 4279/4323/1050 4280/4324/1045
f 4281/4325/3374 4219/4232/1046 4280/4324/1045
f 4329/4321/1048 4210/4231/3361 4328/4326/3375
f 4278/4320/3373 4279/4323/1050 4218/4230/3361
f 4218/4230/3361 4217/4229/1046 4278/4320/3373
f 4220/4233/1054 4281/4325/3374 4282/4327/3376
f 4200/4218/1049 4243/4289/3364 4196/4213/1049
f 4243/4289/3364 4200/4218/1049 4242/4328/3361
f 4200/4218/1049 4302/4288/1045 4303/4329/1045
f 4196/4213/1049 4302/4288/1045 4200/4218/1049
f 4204/4219/1045 4304/4330/3377 4325/4331/1051
f 4200/4218/1049 4304/4330/3377 4204/4219/1045
f 4241/4332/3373 4242/4328/3361 4200/4218/1049
f 4205/4220/1046 4241/4332/3373 4200/4218/1049
f 4268/4333/3362 4269/4334/3378 4238/4335/3379
f 4269/4334/3378 4198/4298/3371 4237/4336/3378
f 4198/4298/3371 4236/4295/3359 4237/4336/3378
f 4238/4335/3379 4269/4334/3378 4237/4336/3378
f 4239/4337/1050 4240/4338/1045 4206/4226/1046
f 4205/4220/1046 4240/4338/1045 4241/4332/3373
f 4239/4337/1050 4206/4226/1046 4268/4333/3362
f 4267/4339/1046 4268/4333/3362 4206/4226/1046
f 4238/4335/3379 4239/4337/1050 4268/4333/3362
f 4214/4227/1046 4267/4339/1046 4206/4226/1046
f 4240/4338/1045 4205/4220/1046 4206/4226/1046
f 4325/4331/1051 4212/4224/1049 4204/4219/1045
f 4327/4340/3378 4328/4326/3375 4211/4341/3365
f 4212/4224/1049 4326/4342/1050 4211/4341/3365
f 4327/4340/3378 4211/4341/3365 4326/4342/1050
f 4328/4326/3375 4210/4231/3361 4211/4341/3365
f 4283/4343/1046 4220/4233/1054 4282/4327/3376
f 4283/4343/1046 4221/4234/1049 4220/4233/1054
f 4285/4344/1049 4221/4234/1049 4284/4345/1050
f 4266/4346/1046 4214/4227/1046 4265/4347/1046
f 4223/4236/1046 4265/4347/1046 4214/4227/1046
f 4264/4348/1046 4265/4347/1046 4223/4236/1046
f 4222/4235/1046 4286/4349/3362 4223/4236/1046
f 4286/4349/3362 4287/4350/3373 4223/4236/1046
f 4224/4351/1045 4264/4348/1046 4287/4350/3373
f 4287/4350/3373 4264/4348/1046 4223/4236/1046
f 4212/4224/1049 4325/4331/1051 4326/4342/1050
f 4386/4352/634 4379/4353/634 4376/4354/634
f 4380/4355/634 4381/4356/634 4386/4352/634
f 4376/4354/634 4380/4355/634 4386/4352/634
f 4386/4352/634 4385/4357/634 4379/4353/634
f 4381/4356/634 4388/4358/634 4386/4352/634
f 4377/4359/634 4360/4360/634 4334/4361/634
f 4383/4362/634 4378/4363/634 4377/4359/634
f 4332/4364/634 4375/4365/634 4383/4362/634
f 4377/4359/634 4332/4364/634 4383/4362/634
f 4383/4362/634 4382/4366/634 4378/4363/634
f 4390/4367/634 4384/4368/634 4383/4362/634
f 4375/4365/634 4376/4354/634 4390/4367/634
f 4383/4362/634 4375/4365/634 4390/4367/634
f 4390/4367/634 4389/4369/634 4384/4368/634
f 4376/4354/634 4391/4370/634 4390/4367/634
f 4401/4371/634 4332/4364/634 4377/4359/634
f 4377/4359/634 4334/4361/634 4335/4372/634
f 4335/4372/634 4333/4373/634 4401/4371/634
f 4401/4371/634 4377/4359/634 4335/4372/634
f 4365/4374/634 4338/4375/634 4336/4376/634
f 4359/4377/634 4361/4378/634 4365/4374/634
f 4336/4376/634 4359/4377/634 4365/4374/634
f 4334/4361/634 4361/4378/634 4359/4377/634
f 4372/4379/634 4358/4380/634 4338/4375/634
f 4365/4374/634 4367/4381/634 4372/4379/634
f 4338/4375/634 4365/4374/634 4372/4379/634
f 4361/4378/634 4367/4381/634 4365/4374/634
f 4372/4379/634 4363/4382/634 4358/4380/634
f 4367/4381/634 4374/4383/634 4372/4379/634
f 4359/4377/634 4336/4376/634 4397/4384/634
f 4397/4384/634 4337/4385/634 4335/4372/634
f 4335/4372/634 4334/4361/634 4359/4377/634
f 4359/4377/634 4397/4384/634 4335/4372/634
f 4369/4386/634 4364/4387/634 4362/4388/634
f 4358/4380/634 4363/4382/634 4369/4386/634
f 4362/4388/634 4358/4380/634 4369/4386/634
f 4369/4386/634 4368/4389/634 4364/4387/634
f 4363/4382/634 4371/4390/634 4369/4386/634
f 4381/4356/634 6800/4391/634 6801/4392/634 4387/4393/634
f 4385/4357/634 6803/4394/634 6804/4395/634 4391/4370/634
f 4340/4396/634 6798/4397/634 6799/4398/634 4380/4355/634
f 4391/4370/634 4379/4353/634 4385/4357/634
f 4382/4366/634 4389/4369/634 6805/4399/634 6588/4400/634 6589/4401/634
f 4380/4355/634 4376/4354/634 4375/4365/634
f 4389/4369/634 4382/4366/634 4384/4368/634
f 4382/4366/634 4360/4360/634 4378/4363/634
f 4340/4396/634 4380/4355/634 4375/4365/634
f 4349/4402/634 4350/4403/634 4353/4404/634
f 4398/4405/634 4348/4406/634 4354/4407/634
f 4354/4407/634 4349/4402/634 4353/4404/634
f 4350/4403/634 4393/4408/634 4352/4409/634
f 4393/4408/634 4350/4403/634 4351/4410/634
f 4350/4403/634 4352/4409/634 4353/4404/634
f 4333/4373/634 4398/4405/634 4399/4411/634
f 4401/4371/634 4400/4412/634 4340/4396/634
f 4340/4396/634 4332/4364/634 4401/4371/634
f 4332/4364/634 4340/4396/634 4375/4365/634
f 4399/4411/634 4401/4371/634 4333/4373/634
f 4349/4402/634 4354/4407/634 4348/4406/634
f 4348/4406/634 4398/4405/634 4333/4373/634
f 4333/4373/634 4347/4413/634 4348/4406/634
f 4333/4373/634 4335/4372/634 4347/4413/634
f 4346/4414/634 4347/4413/634 4335/4372/634
f 4401/4371/634 4399/4411/634 4400/4412/634
f 4366/4415/634 6592/4416/634 6594/4417/634 4373/4418/634
f 4373/4418/634 6593/4419/634 6595/4420/634 4374/4383/634
f 4374/4383/634 6595/4420/634 6596/4421/634 4370/4422/634
f 4361/4378/634 4360/4360/634 4366/4415/634
f 4367/4381/634 4366/4415/634 4373/4418/634
f 4370/4422/634 4363/4382/634 4374/4383/634
f 4371/4390/634 6612/4423/634 6611/4424/634
f 4362/4388/634 6606/4425/634 6607/4426/634 4339/4427/634
f 4362/4388/634 4338/4375/634 4358/4380/634
f 4339/4427/634 4336/4376/634 4338/4375/634
f 4395/4428/634 4337/4385/634 4397/4384/634
f 4336/4376/634 4339/4427/634 4397/4384/634
f 4338/4375/634 4362/4388/634 4339/4427/634
f 4337/4385/634 4345/4429/634 4335/4372/634
f 4355/4430/634 4343/4431/634 4344/4432/634
f 4345/4429/634 4337/4385/634 4344/4432/634
f 4344/4432/634 4337/4385/634 4396/4433/634
f 4339/4427/634 4394/4434/634 4397/4384/634
f 4395/4428/634 4396/4433/634 4337/4385/634
f 4355/4430/634 4356/4435/634 4343/4431/634
f 4396/4433/634 4355/4430/634 4344/4432/634
f 4357/4436/634 4342/4437/634 4356/4435/634
f 4356/4435/634 4342/4437/634 4343/4431/634
f 4342/4437/634 4392/4438/634 4341/4439/634
f 4342/4437/634 4357/4436/634 4392/4438/634
f 4394/4434/634 4395/4428/634 4397/4384/634
f 4335/4372/634 4345/4429/634 4346/4414/634
f 4430/4440/3380 4419/4441/3381 4428/4442/3380
f 4429/4443/3380 4431/4444/3382 4419/4441/3381
f 4425/4445/3380 4422/4446/3380 4426/4447/3380
f 4420/4448/3383 4424/4449/3380 4422/4446/3380
f 4432/4450/3384 4408/4451/3385 4409/4452/3386
f 4410/4453/3387 4432/4450/3384 4409/4452/3386
f 4427/4454/3388 4432/4450/3384 4429/4443/3380
f 4431/4444/3382 4410/4453/3387 4411/4455/3387
f 4412/4456/3387 4431/4444/3382 4411/4455/3387
f 4413/4457/3384 4431/4444/3382 4412/4456/3387
f 4430/4440/3380 4427/4454/3388 4429/4443/3380
f 4407/4458/3389 4430/4440/3380 4428/4442/3380
f 4427/4454/3388 4430/4440/3380 4402/4459/3390
f 4419/4441/3381 4431/4444/3382 4413/4457/3384
f 4419/4441/3381 4406/4460/3380 4428/4442/3380
f 4428/4442/3380 4406/4460/3380 4407/4458/3389
f 4419/4441/3381 4414/4461/3384 4420/4448/3383
f 4423/4462/3391 4414/4461/3384 4415/4463/3387
f 4415/4463/3387 4416/4464/3392 4423/4462/3391
f 4417/4465/3393 4423/4462/3391 4416/4464/3392
f 4420/4448/3383 4414/4461/3384 4423/4462/3391
f 4424/4449/3380 4417/4465/3393 4418/4466/3386
f 4421/4467/3388 4424/4449/3380 4403/4468/3394
f 4418/4466/3386 4403/4468/3394 4424/4449/3380
f 4423/4462/3391 4417/4465/3393 4424/4449/3380
f 4406/4460/3380 4420/4448/3383 4425/4445/3380
f 4425/4445/3380 4405/4469/3389 4406/4460/3380
f 4405/4469/3389 4425/4445/3380 4426/4447/3380
f 4420/4448/3383 4406/4460/3380 4419/4441/3381
f 4426/4447/3380 4422/4446/3380 4421/4467/3388
f 4405/4469/3389 4426/4447/3380 4404/4470/3395
f 4421/4467/3388 4404/4470/3395 4426/4447/3380
f 4422/4446/3380 4424/4449/3380 4421/4467/3388
f 4436/4471/3396 4437/4472/3397 4433/4473/3398
f 4443/4474/3399 4437/4472/3397 4444/4475/3400
f 4435/4476/3401 4444/4475/3400 4436/4471/3396
f 4437/4472/3397 4436/4471/3396 4444/4475/3400
f 4441/4477/3402 4440/4478/3402 4439/4479/3403
f 4442/4480/3404 4441/4477/3402 4439/4479/3403
f 4439/4479/3403 4443/4474/3399 4442/4480/3404
f 4441/4477/3402 4442/4480/3404 4434/4481/3402
f 4451/4482/3405 4453/4483/3406 4452/4484/3405
f 4453/4483/3406 4449/4485/3407 4454/4486/3408
f 4445/4487/3405 4450/4488/3409 4451/4482/3405
f 4453/4483/3406 4451/4482/3405 4450/4488/3409
f 4456/4489/3410 4446/4490/3411 4455/4491/3412
f 4448/4492/3413 4456/4489/3410 4455/4491/3412
f 4455/4491/3412 4449/4485/3407 4448/4492/3413
f 4456/4489/3410 4448/4492/3413 4447/4493/3414
f 4765/4494/3415 4766/4495/3416 4767/4496/3417
f 4767/4496/3417 4749/4497/3418 4759/4498/3419
f 4762/4499/3420 4763/4500/3421 4764/4501/3422
f 4766/4495/3416 4764/4501/3422 4763/4500/3421
f 4709/4502/3423 4749/4497/3418 4766/4495/3416
f 4763/4500/3421 4709/4502/3423 4766/4495/3416
f 4769/4503/3424 4753/4504/3425 4762/4499/3420
f 4763/4500/3421 4753/4504/3425 4752/4505/3426
f 4459/4506/3427 4709/4502/3423 4763/4500/3421
f 4752/4505/3426 4459/4506/3427 4763/4500/3421
f 4742/4507/3428 4710/4508/3429 4745/4509/3430
f 4701/4510/3431 4460/4511/3432 4742/4507/3428
f 4745/4509/3430 4701/4510/3431 4742/4507/3428
f 4459/4506/3427 4745/4509/3430 4710/4508/3429
f 4735/4512/3433 4736/4513/3434 4737/4514/3435
f 4737/4514/3435 4706/4515/3432 4728/4516/3436
f 4754/4517/3437 4746/4518/3438 4724/4519/3429
f 4747/4520/3439 4748/4521/3440 4754/4517/3437
f 4724/4519/3429 4747/4520/3439 4754/4517/3437
f 4738/4522/3441 4726/4523/3442 4747/4520/3439
f 4747/4520/3439 4724/4519/3429 4711/4524/3443
f 4711/4524/3443 4725/4525/3441 4738/4522/3441
f 4738/4522/3441 4747/4520/3439 4711/4524/3443
f 4736/4513/3434 4731/4526/3444 4740/4527/3445
f 4732/4528/3446 4706/4515/3432 4736/4513/3434
f 4740/4527/3445 4732/4528/3446 4736/4513/3434
f 4726/4523/3442 4740/4527/3445 4731/4526/3444
f 4738/4522/3441 4739/4529/3447 4740/4527/3445
f 4740/4527/3445 4649/4530/3448 4732/4528/3446
f 4755/4531/3449 4756/4532/3450 4757/4533/3451
f 4758/4534/3452 4757/4533/3451 4756/4532/3450
f 4724/4519/3429 4746/4518/3438 4758/4534/3452
f 4756/4532/3450 4724/4519/3429 4758/4534/3452
f 4759/4498/3419 4760/4535/3453 4761/4536/3454
f 4761/4536/3454 4751/4537/3455 4755/4531/3449
f 4760/4535/3453 4749/4497/3418 4709/4502/3423
f 4750/4538/3456 4751/4537/3455 4760/4535/3453
f 4709/4502/3423 4750/4538/3456 4760/4535/3453
f 4756/4532/3450 4751/4537/3455 4750/4538/3456
f 4711/4524/3443 4724/4519/3429 4756/4532/3450
f 4750/4538/3456 4711/4524/3443 4756/4532/3450
f 4741/4539/3429 4711/4524/3443 4750/4538/3456
f 4750/4538/3456 4709/4502/3423 4459/4506/3427
f 4459/4506/3427 4710/4508/3429 4741/4539/3429
f 4741/4539/3429 4750/4538/3456 4459/4506/3427
f 4739/4529/3447 4725/4525/3441 4743/4540/3441
f 4720/4541/3457 4649/4530/3448 4739/4529/3447
f 4743/4540/3441 4720/4541/3457 4739/4529/3447
f 4711/4524/3443 4743/4540/3441 4725/4525/3441
f 4741/4539/3429 4742/4507/3428 4743/4540/3441
f 4743/4540/3441 4460/4511/3432 4720/4541/3457
f 4699/4542/3458 4650/4543/3459 4702/4544/3460
f 4622/4545/3461 4461/4546/3462 4699/4542/3458
f 4702/4544/3460 4622/4545/3461 4699/4542/3458
f 4721/4547/3463 4460/4511/3432 4701/4510/3431
f 4702/4544/3460 4650/4543/3459 4721/4547/3463
f 4701/4510/3431 4702/4544/3460 4721/4547/3463
f 4713/4548/3464 4714/4549/3465 4715/4550/3466
f 4715/4550/3466 4693/4551/3467 4695/4552/3468
f 4703/4553/3469 4704/4554/3470 4705/4555/3470
f 4695/4552/3468 4696/4556/3471 4697/4557/3472
f 4704/4554/3470 4697/4557/3472 4696/4556/3471
f 4599/4558/3473 4689/4559/3474 4704/4554/3470
f 4696/4556/3471 4599/4558/3473 4704/4554/3470
f 4728/4516/3436 4729/4560/3475 4730/4561/3476
f 4730/4561/3476 4723/4562/3477 4727/4563/3477
f 4723/4562/3477 4717/4564/3478 4708/4565/3479
f 4729/4560/3475 4706/4515/3432 4732/4528/3446
f 4734/4566/3480 4723/4562/3477 4729/4560/3475
f 4732/4528/3446 4734/4566/3480 4729/4560/3475
f 4732/4528/3446 4733/4567/3481 4734/4566/3480
f 4734/4566/3480 4707/4568/3478 4717/4564/3478
f 4716/4569/3482 4712/4570/3483 4719/4571/3484
f 4713/4548/3464 4692/4572/3485 4716/4569/3482
f 4719/4571/3484 4713/4548/3464 4716/4569/3482
f 4708/4565/3479 4719/4571/3484 4712/4570/3483
f 4717/4564/3478 4718/4573/3486 4719/4571/3484
f 4719/4571/3484 4651/4574/3487 4713/4548/3464
f 4718/4573/3486 4707/4568/3478 4722/4575/3488
f 4698/4576/3489 4651/4574/3487 4718/4573/3486
f 4722/4575/3488 4698/4576/3489 4718/4573/3486
f 4733/4567/3481 4649/4530/3448 4720/4541/3457
f 4722/4575/3488 4707/4568/3478 4733/4567/3481
f 4720/4541/3457 4722/4575/3488 4733/4567/3481
f 4720/4541/3457 4721/4547/3463 4722/4575/3488
f 4722/4575/3488 4650/4543/3459 4698/4576/3489
f 4696/4556/3471 4693/4551/3467 4700/4577/3490
f 4658/4578/3491 4599/4558/3473 4696/4556/3471
f 4700/4577/3490 4658/4578/3491 4696/4556/3471
f 4714/4549/3465 4651/4574/3487 4698/4576/3489
f 4700/4577/3490 4693/4551/3467 4714/4549/3465
f 4698/4576/3489 4700/4577/3490 4714/4549/3465
f 4698/4576/3489 4699/4542/3458 4700/4577/3490
f 4700/4577/3490 4461/4546/3462 4658/4578/3491
f 4619/4579/3492 4463/4580/3492 4633/4581/3493
f 4633/4581/3493 4600/4582/3494 4623/4583/3495
f 4623/4583/3495 4575/4584/3492 4619/4579/3492
f 4619/4579/3492 4633/4581/3493 4623/4583/3495
f 4659/4585/3496 4461/4546/3462 4622/4545/3461
f 4623/4583/3495 4600/4582/3494 4659/4585/3496
f 4622/4545/3461 4623/4583/3495 4659/4585/3496
f 4672/4586/3497 4677/4587/3498 4678/4588/3499
f 4677/4587/3498 4662/4589/3500 4601/4590/3501
f 4663/4591/3502 4664/4592/3503 4677/4587/3498
f 4601/4590/3501 4663/4591/3502 4677/4587/3498
f 4664/4592/3503 4647/4593/3504 4652/4594/3505
f 4661/4595/3506 4652/4594/3505 4647/4593/3504
f 4653/4596/3507 4654/4597/3508 4661/4595/3506
f 4647/4593/3504 4653/4596/3507 4661/4595/3506
f 4694/4598/3509 4689/4559/3474 4599/4558/3473
f 4690/4599/3510 4691/4600/3511 4694/4598/3509
f 4599/4558/3473 4690/4599/3510 4694/4598/3509
f 4691/4600/3511 4690/4599/3510 4648/4601/3512
f 4686/4602/3512 4688/4603/3513 4685/4604/3514
f 4686/4602/3512 4687/4605/3515 4688/4603/3513
f 4688/4603/3513 4665/4606/3516 4666/4607/3517
f 4679/4608/3518 4680/4609/3519 4681/4610/3520
f 4680/4609/3519 4673/4611/3521 4668/4612/3522
f 4674/4613/3523 4675/4614/3524 4680/4609/3519
f 4668/4612/3522 4674/4613/3523 4680/4609/3519
f 4676/4615/3525 4675/4614/3524 4674/4613/3523
f 4662/4589/3500 4672/4586/3497 4676/4615/3525
f 4674/4613/3523 4662/4589/3500 4676/4615/3525
f 4682/4616/3526 4683/4617/3527 4684/4618/3528
f 4684/4618/3528 4668/4612/3522 4673/4611/3521
f 4683/4617/3527 4666/4607/3517 4665/4606/3516
f 4667/4619/3529 4668/4612/3522 4683/4617/3527
f 4665/4606/3516 4667/4619/3529 4683/4617/3527
f 4674/4613/3523 4668/4612/3522 4667/4619/3529
f 4601/4590/3501 4662/4589/3500 4674/4613/3523
f 4667/4619/3529 4601/4590/3501 4674/4613/3523
f 4667/4619/3529 4665/4606/3516 4671/4620/3530
f 4655/4621/3531 4601/4590/3501 4667/4619/3529
f 4671/4620/3530 4655/4621/3531 4667/4619/3529
f 4687/4605/3515 4648/4601/3512 4669/4622/3512
f 4671/4620/3530 4665/4606/3516 4687/4605/3515
f 4669/4622/3512 4671/4620/3530 4687/4605/3515
f 4669/4622/3512 4670/4623/3532 4671/4620/3530
f 4671/4620/3530 4632/4624/3533 4655/4621/3531
f 4669/4622/3512 4648/4601/3512 4690/4599/3510
f 4690/4599/3510 4599/4558/3473 4658/4578/3491
f 4658/4578/3491 4660/4625/3534 4669/4622/3512
f 4669/4622/3512 4690/4599/3510 4658/4578/3491
f 4658/4578/3491 4659/4585/3496 4660/4625/3534
f 4670/4623/3532 4660/4625/3534 4659/4585/3496
f 4600/4582/3494 4632/4624/3533 4670/4623/3532
f 4659/4585/3496 4600/4582/3494 4670/4623/3532
f 4640/4626/3535 4636/4627/3536 4644/4628/3537
f 4641/4629/3492 4569/4630/3492 4640/4626/3535
f 4644/4628/3537 4641/4629/3492 4640/4626/3535
f 4645/4631/3538 4635/4632/3539 4642/4633/3540
f 4644/4628/3537 4636/4627/3536 4645/4631/3538
f 4642/4633/3540 4644/4628/3537 4645/4631/3538
f 4642/4633/3540 4643/4634/3541 4644/4628/3537
f 4644/4628/3537 4628/4635/3492 4641/4629/3492
f 4642/4633/3540 4635/4632/3539 4646/4636/3542
f 4646/4636/3542 4631/4637/3543 4637/4638/3544
f 4637/4638/3544 4639/4639/3545 4642/4633/3540
f 4642/4633/3540 4646/4636/3542 4637/4638/3544
f 4637/4638/3544 4638/4640/3546 4639/4639/3545
f 4643/4634/3541 4639/4639/3545 4638/4640/3546
f 4596/4641/3492 4628/4635/3492 4643/4634/3541
f 4638/4640/3546 4596/4641/3492 4643/4634/3541
f 4653/4596/3507 4647/4593/3504 4657/4642/3547
f 4637/4638/3544 4631/4637/3543 4653/4596/3507
f 4657/4642/3547 4637/4638/3544 4653/4596/3507
f 4663/4591/3502 4601/4590/3501 4655/4621/3531
f 4657/4642/3547 4647/4593/3504 4663/4591/3502
f 4655/4621/3531 4657/4642/3547 4663/4591/3502
f 4655/4621/3531 4656/4643/3548 4657/4642/3547
f 4657/4642/3547 4634/4644/3549 4637/4638/3544
f 4656/4643/3548 4632/4624/3533 4600/4582/3494
f 4633/4581/3493 4634/4644/3549 4656/4643/3548
f 4600/4582/3494 4633/4581/3493 4656/4643/3548
f 4638/4640/3546 4634/4644/3549 4633/4581/3493
f 4463/4580/3492 4596/4641/3492 4638/4640/3546
f 4633/4581/3493 4463/4580/3492 4638/4640/3546
f 4584/4645/3550 4573/4646/3551 4589/4647/3552
f 4586/4648/3553 4464/4649/3553 4584/4645/3550
f 4589/4647/3552 4586/4648/3553 4584/4645/3550
f 4570/4650/3554 4589/4647/3552 4573/4646/3551
f 4587/4651/3555 4588/4652/3556 4589/4647/3552
f 4589/4647/3552 4553/4653/3553 4586/4648/3553
f 4617/4654/3557 4597/4655/3558 4621/4656/3559
f 4587/4651/3555 4570/4650/3554 4617/4654/3557
f 4621/4656/3559 4587/4651/3555 4617/4654/3557
f 4463/4580/3492 4621/4656/3559 4597/4655/3558
f 4619/4579/3492 4620/4657/3560 4621/4656/3559
f 4621/4656/3559 4576/4658/3561 4587/4651/3555
f 4608/4659/3562 4609/4660/3563 4610/4661/3564
f 4610/4661/3564 4593/4662/3565 4607/4663/3566
f 4625/4664/3567 4626/4665/3568 4627/4666/3569
f 4627/4666/3569 4604/4667/3570 4605/4668/3571
f 4612/4669/3572 4604/4667/3570 4626/4665/3568
f 4626/4665/3568 4602/4670/3573 4598/4671/3574
f 4598/4671/3574 4603/4672/3572 4612/4669/3572
f 4612/4669/3572 4626/4665/3568 4598/4671/3574
f 4609/4660/3563 4606/4673/3575 4614/4674/3576
f 4611/4675/3566 4593/4662/3565 4609/4660/3563
f 4614/4674/3576 4611/4675/3566 4609/4660/3563
f 4604/4667/3570 4614/4674/3576 4606/4673/3575
f 4612/4669/3572 4613/4676/3577 4614/4674/3576
f 4614/4674/3576 4572/4677/3578 4611/4675/3566
f 4628/4635/3492 4629/4678/3579 4630/4679/3580
f 4630/4679/3580 4598/4671/3574 4602/4670/3573
f 4616/4680/3581 4598/4671/3574 4629/4678/3579
f 4629/4678/3579 4596/4641/3492 4463/4580/3492
f 4463/4580/3492 4597/4655/3558 4616/4680/3581
f 4616/4680/3581 4629/4678/3579 4463/4580/3492
f 4613/4676/3577 4603/4672/3572 4618/4681/3582
f 4615/4682/3583 4572/4677/3578 4613/4676/3577
f 4618/4681/3582 4615/4682/3583 4613/4676/3577
f 4598/4671/3574 4618/4681/3582 4603/4672/3572
f 4616/4680/3581 4617/4654/3557 4618/4681/3582
f 4618/4681/3582 4570/4650/3554 4615/4682/3583
f 4590/4683/3584 4591/4684/3585 4592/4685/3585
f 4592/4685/3585 4577/4686/3586 4579/4687/3587
f 4579/4687/3587 4580/4688/3588 4581/4689/3589
f 4581/4689/3589 4566/4690/3590 4578/4691/3553
f 4624/4692/3591 4593/4662/3565 4611/4675/3566
f 4611/4675/3566 4572/4677/3578 4594/4693/3592
f 4594/4693/3592 4595/4694/3593 4624/4692/3591
f 4624/4692/3591 4611/4675/3566 4594/4693/3592
f 4615/4682/3583 4583/4695/3552 4594/4693/3592
f 4583/4695/3552 4574/4696/3594 4594/4693/3592
f 4594/4693/3592 4572/4677/3578 4615/4682/3583
f 4570/4650/3554 4583/4695/3552 4615/4682/3583
f 4580/4688/3588 4577/4686/3586 4585/4697/3595
f 4582/4698/3553 4566/4690/3590 4580/4688/3588
f 4585/4697/3595 4582/4698/3553 4580/4688/3588
f 4591/4684/3585 4574/4696/3594 4583/4695/3552
f 4585/4697/3595 4577/4686/3586 4591/4684/3585
f 4583/4695/3552 4585/4697/3595 4591/4684/3585
f 4583/4695/3552 4584/4645/3550 4585/4697/3595
f 4585/4697/3595 4464/4649/3553 4582/4698/3553
f 4557/4699/3596 4552/4700/3597 4562/4701/3598
f 4559/4702/3599 4465/4703/3600 4557/4699/3596
f 4562/4701/3598 4559/4702/3599 4557/4699/3596
f 4564/4704/3601 4551/4705/3602 4560/4706/3602
f 4562/4701/3598 4552/4700/3597 4564/4704/3601
f 4560/4706/3602 4562/4701/3598 4564/4704/3601
f 4560/4706/3602 4561/4707/3603 4562/4701/3598
f 4562/4701/3598 4538/4708/3599 4559/4702/3599
f 4586/4648/3553 4560/4706/3602 4567/4709/3604
f 4560/4706/3602 4551/4705/3602 4567/4709/3604
f 4567/4709/3604 4464/4649/3553 4586/4648/3553
f 4553/4653/3553 4560/4706/3602 4586/4648/3553
f 4571/4710/3605 4566/4690/3590 4582/4698/3553
f 4582/4698/3553 4464/4649/3553 4567/4709/3604
f 4567/4709/3604 4568/4711/3606 4571/4710/3605
f 4571/4710/3605 4582/4698/3553 4567/4709/3604
f 4563/4712/3607 4564/4704/3601 4565/4713/3608
f 4565/4713/3608 4552/4700/3597 4556/4714/3609
f 4556/4714/3609 4557/4699/3596 4558/4715/3610
f 4558/4715/3610 4465/4703/3600 4555/4716/3600
f 4540/4717/3611 4536/4718/3612 4544/4719/3613
f 4541/4720/3614 4466/4721/3614 4540/4717/3611
f 4544/4719/3613 4541/4720/3614 4540/4717/3611
f 4548/4722/3615 4535/4723/3616 4542/4724/3616
f 4544/4719/3613 4536/4718/3612 4548/4722/3615
f 4542/4724/3616 4544/4719/3613 4548/4722/3615
f 4542/4724/3616 4543/4725/3617 4544/4719/3613
f 4544/4719/3613 4537/4726/3614 4541/4720/3614
f 4559/4702/3599 4542/4724/3616 4550/4727/3618
f 4542/4724/3616 4535/4723/3616 4550/4727/3618
f 4550/4727/3618 4465/4703/3600 4559/4702/3599
f 4538/4708/3599 4542/4724/3616 4559/4702/3599
f 4547/4728/3619 4548/4722/3615 4549/4729/3620
f 4546/4730/3621 4466/4721/3614 4541/4720/3614
f 4541/4720/3614 4537/4726/3614 4545/4731/3622
f 4545/4731/3622 4534/4732/3623 4546/4730/3621
f 4546/4730/3621 4541/4720/3614 4545/4731/3622
f 4744/4733/3624 4457/4734/3625 4472/4735/3626
f 4745/4509/3430 4744/4733/3624 4472/4735/3626
f 4469/4736/3627 4457/4734/3625 4744/4733/3624
f 4469/4736/3627 4744/4733/3624 4752/4505/3426
f 4459/4506/3427 4752/4505/3426 4744/4733/3624
f 4468/4737/800 4469/4736/3627 4752/4505/3426
f 4473/4738/3628 4701/4510/3431 4745/4509/3430
f 4472/4735/3626 4473/4738/3628 4745/4509/3430
f 4473/4738/3628 4702/4544/3460 4701/4510/3431
f 4474/4739/3629 4622/4545/3461 4702/4544/3460
f 4468/4737/800 4752/4505/3426 4768/4740/3630
f 4768/4740/3630 4752/4505/3426 4753/4504/3425
f 4769/4503/3424 4468/4737/800 4768/4740/3630
f 4715/4550/3466 4692/4572/3485 4713/4548/3464
f 4695/4552/3468 4516/4741/3631 4715/4550/3466
f 4512/4742/3632 4689/4559/3474 4694/4598/3509
f 4513/4743/3633 4704/4554/3470 4689/4559/3474
f 4694/4598/3509 4691/4600/3511 4512/4742/3632
f 4695/4552/3468 4697/4557/3472 4703/4553/3469
f 4703/4553/3469 4516/4741/3631 4695/4552/3468
f 4623/4583/3495 4622/4545/3461 4474/4739/3629
f 4691/4600/3511 4686/4602/3512 4511/4744/3634
f 4509/4745/3635 4682/4616/3526 4684/4618/3528
f 4688/4603/3513 4666/4607/3517 4682/4616/3526
f 4682/4616/3526 4685/4604/3514 4688/4603/3513
f 4652/4594/3505 4505/4746/3636 4664/4592/3503
f 4664/4592/3503 4678/4588/3499 4677/4587/3498
f 4664/4592/3503 4505/4746/3636 4678/4588/3499
f 4509/4745/3635 4684/4618/3528 4673/4611/3521
f 4679/4608/3518 4508/4747/3637 4509/4745/3635
f 4682/4616/3526 4509/4745/3635 4510/4748/3638
f 4681/4610/3520 4508/4747/3637 4679/4608/3518
f 4510/4748/3638 4511/4744/3634 4685/4604/3514
f 4686/4602/3512 4685/4604/3514 4511/4744/3634
f 4510/4748/3638 4685/4604/3514 4682/4616/3526
f 4673/4611/3521 4679/4608/3518 4509/4745/3635
f 4507/4749/3639 4675/4614/3524 4676/4615/3525
f 4506/4750/3640 4676/4615/3525 4672/4586/3497
f 4507/4749/3639 4508/4747/3637 4675/4614/3524
f 4505/4746/3636 4506/4750/3640 4678/4588/3499
f 4676/4615/3525 4506/4750/3640 4507/4749/3639
f 4672/4586/3497 4678/4588/3499 4506/4750/3640
f 4681/4610/3520 4675/4614/3524 4508/4747/3637
f 4680/4609/3519 4675/4614/3524 4681/4610/3520
f 4648/4601/3512 4686/4602/3512 4691/4600/3511
f 4623/4583/3495 4474/4739/3629 4462/4751/3641
f 4691/4600/3511 4511/4744/3634 4512/4742/3632
f 4762/4499/3420 4533/4752/3642 4769/4503/3424
f 4765/4494/3415 4762/4499/3420 4764/4501/3422
f 4531/4753/3643 4765/4494/3415 4767/4496/3417
f 4530/4754/3644 4767/4496/3417 4759/4498/3419
f 4765/4494/3415 4532/4755/3645 4762/4499/3420
f 4528/4756/3646 4755/4531/3449 4757/4533/3451
f 4527/4757/3647 4757/4533/3451 4758/4534/3452
f 4748/4521/3440 4747/4520/3439 4726/4523/3442
f 4528/4756/3646 4761/4536/3454 4755/4531/3449
f 4529/4758/3648 4759/4498/3419 4761/4536/3454
f 4529/4758/3648 4530/4754/3644 4759/4498/3419
f 4531/4753/3643 4767/4496/3417 4530/4754/3644
f 4533/4752/3642 4762/4499/3420 4532/4755/3645
f 4531/4753/3643 4532/4755/3645 4765/4494/3415
f 4769/4503/3424 4533/4752/3642 4458/4759/800
f 4525/4760/3649 4746/4518/3438 4754/4517/3437
f 4525/4760/3649 4754/4517/3437 4748/4521/3440
f 4528/4756/3646 4757/4533/3451 4527/4757/3647
f 4527/4757/3647 4758/4534/3452 4526/4761/3650
f 4526/4761/3650 4746/4518/3438 4525/4760/3649
f 4525/4760/3649 4748/4521/3440 4524/4762/3651
f 4761/4536/3454 4528/4756/3646 4529/4758/3648
f 4758/4534/3452 4746/4518/3438 4526/4761/3650
f 4748/4521/3440 4726/4523/3442 4524/4762/3651
f 4468/4737/800 4769/4503/3424 4458/4759/800
f 4727/4563/3477 4723/4562/3477 4708/4565/3479
f 4519/4763/3652 4712/4570/3483 4716/4569/3482
f 4518/4764/3653 4716/4569/3482 4692/4572/3485
f 4520/4765/3654 4708/4565/3479 4712/4570/3483
f 4705/4555/3470 4704/4554/3470 4513/4743/3633
f 4512/4742/3632 4513/4743/3633 4689/4559/3474
f 4514/4766/3655 4705/4555/3470 4513/4743/3633
f 4703/4553/3469 4515/4767/3656 4516/4741/3631
f 4514/4766/3655 4515/4767/3656 4705/4555/3470
f 4516/4741/3631 4517/4768/3657 4715/4550/3466
f 4692/4572/3485 4715/4550/3466 4517/4768/3657
f 4523/4769/3658 4735/4512/3433 4737/4514/3435
f 4522/4770/3659 4737/4514/3435 4728/4516/3436
f 4524/4762/3651 4735/4512/3433 4523/4769/3658
f 4522/4770/3659 4523/4769/3658 4737/4514/3435
f 4522/4770/3659 4728/4516/3436 4521/4771/3660
f 4735/4512/3433 4524/4762/3651 4726/4523/3442
f 4519/4763/3652 4520/4765/3654 4712/4570/3483
f 4727/4563/3477 4521/4771/3660 4730/4561/3476
f 4728/4516/3436 4730/4561/3476 4521/4771/3660
f 4521/4771/3660 4727/4563/3477 4520/4765/3654
f 4708/4565/3479 4520/4765/3654 4727/4563/3477
f 4716/4569/3482 4518/4764/3653 4519/4763/3652
f 4517/4768/3657 4518/4764/3653 4692/4572/3485
f 4731/4526/3444 4735/4512/3433 4726/4523/3442
f 4705/4555/3470 4515/4767/3656 4703/4553/3469
f 4620/4657/3560 4575/4584/3492 4462/4751/3641
f 4462/4751/3641 4576/4658/3561 4620/4657/3560
f 4475/4772/3661 4588/4652/3556 4576/4658/3561
f 4588/4652/3556 4475/4772/3661 4553/4653/3553
f 4553/4653/3553 4475/4772/3661 4554/4773/3662
f 4476/4774/3663 4554/4773/3662 4475/4772/3661
f 4561/4707/3603 4554/4773/3662 4476/4774/3663
f 4476/4774/3663 4538/4708/3599 4561/4707/3603
f 4538/4708/3599 4476/4774/3663 4539/4775/3664
f 4563/4712/3607 4567/4709/3604 4551/4705/3602
f 4590/4683/3584 4594/4693/3592 4574/4696/3594
f 4578/4691/3553 4566/4690/3590 4571/4710/3605
f 4488/4776/3665 4571/4710/3605 4568/4711/3606
f 4567/4709/3604 4563/4712/3607 4568/4711/3606
f 4485/4777/3666 4563/4712/3607 4565/4713/3608
f 4485/4777/3666 4565/4713/3608 4556/4714/3609
f 4484/4778/3667 4485/4777/3666 4556/4714/3609
f 4484/4778/3667 4558/4715/3610 4483/4779/3668
f 4558/4715/3610 4555/4716/3600 4483/4779/3668
f 4484/4778/3667 4556/4714/3609 4558/4715/3610
f 4486/4780/3669 4568/4711/3606 4563/4712/3607
f 4485/4777/3666 4486/4780/3669 4563/4712/3607
f 4477/4781/3670 4543/4725/3617 4539/4775/3664
f 4482/4782/3671 4550/4727/3618 4535/4723/3616
f 4555/4716/3600 4465/4703/3600 4550/4727/3618
f 4545/4731/3622 4537/4726/3614 4477/4781/3670
f 4467/4783/3672 4545/4731/3622 4477/4781/3670
f 4467/4783/3672 4470/4784/1204 4545/4731/3622
f 4470/4784/1204 4534/4732/3623 4545/4731/3622
f 4477/4781/3670 4537/4726/3614 4543/4725/3617
f 4539/4775/3664 4476/4774/3663 4477/4781/3670
f 4481/4785/3673 4548/4722/3615 4536/4718/3612
f 4555/4716/3600 4550/4727/3618 4482/4782/3671
f 4482/4782/3671 4535/4723/3616 4547/4728/3619
f 4482/4782/3671 4547/4728/3619 4549/4729/3620
f 4549/4729/3620 4481/4785/3673 4482/4782/3671
f 4536/4718/3612 4480/4786/3674 4481/4785/3673
f 4481/4785/3673 4549/4729/3620 4548/4722/3615
f 4483/4779/3668 4555/4716/3600 4482/4782/3671
f 4479/4787/3675 4540/4717/3611 4466/4721/3614
f 4479/4787/3675 4466/4721/3614 4546/4730/3621
f 4478/4788/3676 4479/4787/3675 4546/4730/3621
f 4478/4788/3676 4534/4732/3623 4471/4789/3677
f 4470/4784/1204 4471/4789/3677 4534/4732/3623
f 4478/4788/3676 4546/4730/3621 4534/4732/3623
f 4480/4786/3674 4540/4717/3611 4479/4787/3675
f 4480/4786/3674 4536/4718/3612 4540/4717/3611
f 4502/4790/3678 4653/4596/3507 4631/4637/3543
f 4501/4791/3679 4646/4636/3542 4635/4632/3539
f 4500/4792/3680 4635/4632/3539 4645/4631/3538
f 4502/4790/3678 4631/4637/3543 4646/4636/3542
f 4641/4629/3492 4630/4679/3580 4569/4630/3492
f 4628/4635/3492 4630/4679/3580 4641/4629/3492
f 4602/4670/3573 4625/4664/3567 4630/4679/3580
f 4627/4666/3569 4497/4793/3681 4625/4664/3567
f 4630/4679/3580 4625/4664/3567 4497/4793/3681
f 4496/4794/3682 4497/4793/3681 4627/4666/3569
f 4630/4679/3580 4497/4793/3681 4569/4630/3492
f 4504/4795/3683 4652/4594/3505 4661/4595/3506
f 4504/4795/3683 4661/4595/3506 4654/4597/3508
f 4504/4795/3683 4654/4597/3508 4503/4796/3684
f 4502/4790/3678 4503/4796/3684 4654/4597/3508
f 4654/4597/3508 4653/4596/3507 4502/4790/3678
f 4505/4746/3636 4652/4594/3505 4504/4795/3683
f 4499/4797/3685 4636/4627/3536 4640/4626/3535
f 4498/4798/3686 4640/4626/3535 4569/4630/3492
f 4500/4792/3680 4501/4791/3679 4635/4632/3539
f 4640/4626/3535 4498/4798/3686 4499/4797/3685
f 4499/4797/3685 4500/4792/3680 4636/4627/3536
f 4498/4798/3686 4569/4630/3492 4497/4793/3681
f 4646/4636/3542 4501/4791/3679 4502/4790/3678
f 4645/4631/3538 4636/4627/3536 4500/4792/3680
f 4592/4685/3585 4491/4799/3687 4590/4683/3584
f 4490/4800/3688 4592/4685/3585 4579/4687/3587
f 4592/4685/3585 4490/4800/3688 4491/4799/3687
f 4608/4659/3562 4604/4667/3570 4606/4673/3575
f 4490/4800/3688 4579/4687/3587 4489/4801/3689
f 4568/4711/3606 4487/4802/3690 4488/4776/3665
f 4488/4776/3665 4489/4801/3689 4578/4691/3553
f 4581/4689/3589 4578/4691/3553 4489/4801/3689
f 4488/4776/3665 4578/4691/3553 4571/4710/3605
f 4579/4687/3587 4581/4689/3589 4489/4801/3689
f 4568/4711/3606 4486/4780/3669 4487/4802/3690
f 4494/4803/3691 4605/4668/3571 4604/4667/3570
f 4605/4668/3571 4496/4794/3682 4627/4666/3569
f 4610/4661/3564 4493/4804/3692 4608/4659/3562
f 4493/4804/3692 4494/4803/3691 4608/4659/3562
f 4605/4668/3571 4495/4805/3693 4496/4794/3682
f 4605/4668/3571 4494/4803/3691 4495/4805/3693
f 4604/4667/3570 4608/4659/3562 4494/4803/3691
f 4607/4663/3566 4593/4662/3565 4624/4692/3591
f 4607/4663/3566 4624/4692/3591 4595/4694/3593
f 4493/4804/3692 4610/4661/3564 4607/4663/3566
f 4595/4694/3593 4492/4806/3694 4607/4663/3566
f 4590/4683/3584 4492/4806/3694 4595/4694/3593
f 4493/4804/3692 4607/4663/3566 4492/4806/3694
f 4492/4806/3694 4590/4683/3584 4491/4799/3687
f 4595/4694/3593 4594/4693/3592 4590/4683/3584
f 4462/4751/3641 4575/4584/3492 4623/4583/3495
f 4774/4807/3695 4772/4808/3696 4771/4809/3697
f 4776/4810/3698 4774/4807/3695 4773/4811/3699
f 4778/4812/3700 4776/4810/3698 4775/4813/3701
f 4780/4814/3702 4778/4812/3700 4777/4815/3703
f 4782/4816/3704 4780/4814/3702 4779/4817/3705
f 4783/4818/3706 4782/4816/3704 4781/4819/3707
f 4786/4820/3708 4771/4809/3697 4772/4808/3696
f 4772/4808/3696 4795/4821/3709 4796/4822/3710
f 4774/4807/3695 4794/4823/3711 4795/4821/3709
f 4785/4824/3708 4786/4820/3708 4772/4808/3696
f 4770/4825/3708 4785/4824/3708 4796/4822/3710
f 4796/4822/3710 4785/4824/3708 4772/4808/3696
f 4776/4810/3698 4793/4826/3712 4794/4823/3711
f 4780/4814/3702 4791/4827/3713 4792/4828/3714
f 4783/4818/3706 4784/4829/3715 4787/4830/3715
f 4788/4831/3715 4783/4818/3706 4787/4830/3715
f 4782/4816/3704 4790/4832/3716 4791/4827/3713
f 4792/4828/3714 4778/4812/3700 4780/4814/3702
f 4789/4833/3715 4790/4832/3716 4788/4831/3715
f 4788/4831/3715 4790/4832/3716 4783/4818/3706
f 5199/4834/3717 5194/4835/3718 5202/4836/3719
f 5196/4837/3720 4798/4838/3721 5199/4834/3717
f 5202/4836/3719 5196/4837/3720 5199/4834/3717
f 5192/4839/3722 5202/4836/3719 5194/4835/3718
f 5200/4840/3723 5201/4841/3718 5202/4836/3719
f 5202/4836/3719 5174/4842/3724 5196/4837/3720
f 5184/4843/3725 5173/4844/3726 5188/4845/3727
f 5176/4846/3728 4799/4847/3729 5184/4843/3725
f 5188/4845/3727 5176/4846/3728 5184/4843/3725
f 5168/4848/3730 5188/4845/3727 5173/4844/3726
f 5186/4849/3731 5187/4850/3726 5188/4845/3727
f 5188/4845/3727 5145/4851/3732 5176/4846/3728
f 5191/4852/3733 5186/4849/3731 5168/4848/3730
f 5193/4853/3734 4798/4838/3721 5196/4837/3720
f 5198/4854/3735 5191/4852/3733 5193/4853/3734
f 5196/4837/3720 5198/4854/3735 5193/4853/3734
f 5196/4837/3720 5197/4855/3736 5198/4854/3735
f 5198/4854/3735 5175/4856/3737 5186/4849/3731
f 5190/4857/3738 5170/4858/3739 5180/4859/3740
f 5183/4860/3741 5184/4843/3725 5185/4861/3742
f 5189/4862/3743 5185/4861/3742 5184/4843/3725
f 4799/4847/3729 5170/4858/3739 5189/4862/3743
f 5184/4843/3725 4799/4847/3729 5189/4862/3743
f 5162/4863/3744 5148/4864/3745 5166/4865/3746
f 5142/4866/3747 4800/4867/3748 5162/4863/3744
f 5166/4865/3746 5142/4866/3747 5162/4863/3744
f 5112/4868/3749 5166/4865/3746 5148/4864/3745
f 5164/4869/3750 5165/4870/3467 5166/4865/3746
f 5166/4865/3746 5060/4871/3751 5142/4866/3747
f 5167/4872/3752 5164/4869/3750 5112/4868/3749
f 5171/4873/3753 4799/4847/3729 5176/4846/3728
f 5178/4874/3754 5167/4872/3752 5171/4873/3753
f 5176/4846/3728 5178/4874/3754 5171/4873/3753
f 5176/4846/3728 5177/4875/3755 5178/4874/3754
f 5178/4874/3754 5146/4876/3756 5164/4869/3750
f 5180/4859/3740 5181/4877/3757 5182/4878/3758
f 5182/4878/3758 5172/4879/3759 5179/4880/3759
f 5181/4877/3757 5170/4858/3739 4799/4847/3729
f 5171/4873/3753 5172/4879/3759 5181/4877/3757
f 4799/4847/3729 5171/4873/3753 5181/4877/3757
f 5172/4879/3759 5167/4872/3752 5169/4881/3755
f 5158/4882/3760 5159/4883/3761 5160/4884/3762
f 5160/4884/3762 5109/4885/3763 5151/4886/3764
f 5159/4883/3761 5154/4887/3765 5163/4888/3766
f 5155/4889/3767 5109/4885/3763 5159/4883/3761
f 5163/4888/3766 5155/4889/3767 5159/4883/3761
f 5149/4890/3768 5163/4888/3766 5154/4887/3765
f 5161/4891/3769 5162/4863/3744 5163/4888/3766
f 5163/4888/3766 4800/4867/3748 5155/4889/3767
f 5058/4892/3770 5129/4893/3492 4801/4894/3492
f 5127/4895/3548 4949/4896/3533 5130/4897/3494
f 5132/4898/3771 5058/4892/3770 5127/4895/3548
f 5130/4897/3494 5132/4898/3771 5127/4895/3548
f 5130/4897/3494 5131/4899/3549 5132/4898/3771
f 5132/4898/3771 4936/4900/3772 5129/4893/3492
f 5140/4901/3773 5110/4902/3512 5144/4903/3774
f 5130/4897/3494 4949/4896/3533 5140/4901/3773
f 5144/4903/3774 5130/4897/3494 5140/4901/3773
f 5156/4904/3775 4800/4867/3748 5142/4866/3747
f 5144/4903/3774 5110/4902/3512 5156/4904/3775
f 5142/4866/3747 5144/4903/3774 5156/4904/3775
f 5142/4866/3747 5143/4905/3776 5144/4903/3774
f 5144/4903/3774 5061/4906/3777 5130/4897/3494
f 5133/4907/3778 5134/4908/3779 5135/4909/3780
f 5135/4909/3780 5106/4910/3533 5117/4911/3781
f 5134/4908/3779 5120/4912/3782 5138/4913/3783
f 5122/4914/3784 5106/4910/3533 5134/4908/3779
f 5138/4913/3783 5122/4914/3784 5134/4908/3779
f 5115/4915/3785 5138/4913/3783 5120/4912/3782
f 5136/4916/3786 5137/4917/3787 5138/4913/3783
f 5138/4913/3783 5057/4918/3495 5122/4914/3784
f 5151/4886/3764 5152/4919/3788 5153/4920/3789
f 5153/4920/3789 5147/4921/3790 5150/4922/3511
f 5147/4921/3790 5139/4923/3791 5111/4924/3792
f 5152/4919/3788 5109/4885/3763 5155/4889/3767
f 5157/4925/3793 5147/4921/3790 5152/4919/3788
f 5155/4889/3767 5157/4925/3793 5152/4919/3788
f 5155/4889/3767 5156/4904/3775 5157/4925/3793
f 5157/4925/3793 5110/4902/3512 5139/4923/3791
f 5137/4917/3787 5114/4926/3794 5141/4927/3795
f 5126/4928/3796 5057/4918/3495 5137/4917/3787
f 5141/4927/3795 5126/4928/3796 5137/4917/3787
f 5111/4924/3792 5141/4927/3795 5114/4926/3794
f 5139/4923/3791 5140/4901/3773 5141/4927/3795
f 5141/4927/3795 4949/4896/3533 5126/4928/3796
f 5102/4929/3797 5094/4930/3798 5105/4931/3799
f 5099/4932/3492 4917/4933/3492 5102/4929/3797
f 5105/4931/3799 5099/4932/3492 5102/4929/3797
f 5103/4934/3800 5104/4935/3801 5105/4931/3799
f 5105/4931/3799 5089/4936/3492 5099/4932/3492
f 5095/4937/3802 5096/4938/3803 5097/4939/3804
f 5104/4935/3801 5097/4939/3804 5096/4938/3803
f 5054/4940/3492 5089/4936/3492 5104/4935/3801
f 5096/4938/3803 5054/4940/3492 5104/4935/3801
f 5086/4941/3805 5087/4942/3806 5088/4943/3807
f 5096/4938/3803 5088/4943/3807 5087/4942/3806
f 4959/4944/3492 5054/4940/3492 5096/4938/3803
f 5087/4942/3806 4959/4944/3492 5096/4938/3803
f 5117/4911/3781 5118/4945/3808 5119/4946/3809
f 5119/4946/3809 5113/4947/3810 5116/4948/3811
f 5113/4947/3810 5121/4949/3812 5108/4950/3813
f 5118/4945/3808 5106/4910/3533 5122/4914/3784
f 5124/4951/3814 5113/4947/3810 5118/4945/3808
f 5122/4914/3784 5124/4951/3814 5118/4945/3808
f 5122/4914/3784 5123/4952/3815 5124/4951/3814
f 5124/4951/3814 5107/4953/3816 5121/4949/3812
f 5121/4949/3812 5107/4953/3816 5059/4954/3817
f 5086/4941/3805 5108/4950/3813 5121/4949/3812
f 5059/4954/3817 5086/4941/3805 5121/4949/3812
f 5107/4953/3816 5125/4955/3817 5059/4954/3817
f 5123/4952/3815 5057/4918/3495 5126/4928/3796
f 5128/4956/3818 5107/4953/3816 5123/4952/3815
f 5126/4928/3796 5128/4956/3818 5123/4952/3815
f 5126/4928/3796 5127/4895/3548 5128/4956/3818
f 5128/4956/3818 5058/4892/3770 5125/4955/3817
f 5087/4942/3806 5059/4954/3817 5125/4955/3817
f 5125/4955/3817 5058/4892/3770 4801/4894/3492
f 4801/4894/3492 4959/4944/3492 5087/4942/3806
f 5087/4942/3806 5125/4955/3817 4801/4894/3492
f 4934/4957/3819 4918/4958/3820 4937/4959/3583
f 4912/4960/3821 4802/4961/3822 4934/4957/3819
f 4937/4959/3583 4912/4960/3821 4934/4957/3819
f 4960/4962/3823 4801/4894/3492 5129/4893/3492
f 5129/4893/3492 4936/4900/3772 4937/4959/3583
f 4937/4959/3583 4918/4958/3820 4960/4962/3823
f 4960/4962/3823 5129/4893/3492 4937/4959/3583
f 5010/4963/3824 4982/4964/3825 5008/4965/3826
f 5009/4966/3827 4970/4967/3566 4992/4968/3566
f 4992/4968/3566 4962/4969/3566 4981/4970/3828
f 4981/4970/3828 4982/4964/3825 5009/4966/3827
f 5009/4966/3827 4992/4968/3566 4981/4970/3828
f 4982/4964/3825 4976/4971/3829 4980/4972/3830
f 4981/4970/3828 4962/4969/3566 4996/4973/3831
f 4996/4973/3831 4919/4974/3583 4975/4975/3832
f 4975/4975/3832 4976/4971/3829 4981/4970/3828
f 4981/4970/3828 4996/4973/3831 4975/4975/3832
f 4976/4971/3829 4947/4976/3833 4974/4977/3834
f 4944/4978/3835 4945/4979/3836 4946/4980/3837
f 4946/4980/3837 4939/4981/3838 4943/4982/3839
f 4927/4983/3840 4931/4984/3841 4951/4985/3841
f 4951/4985/3841 4932/4986/3842 4927/4983/3840
f 4939/4981/3838 4950/4987/3843 4928/4988/3844
f 4945/4979/3836 4932/4986/3842 4951/4985/3841
f 4953/4989/3845 4939/4981/3838 4945/4979/3836
f 4951/4985/3841 4953/4989/3845 4945/4979/3836
f 4951/4985/3841 4952/4990/3846 4953/4989/3845
f 4953/4989/3845 4888/4991/3847 4950/4987/3843
f 5093/4992/3848 5085/4993/3849 5092/4994/3849
f 4991/4995/3850 5082/4996/3851 5083/4997/3852
f 5083/4997/3852 5053/4998/3853 5063/4999/3854
f 5071/5000/3855 5072/5001/3856 5073/5002/3857
f 5073/5002/3857 5062/5003/3858 5070/5004/3581
f 5063/4999/3854 5080/5005/3859 5081/5006/3859
f 5081/5006/3859 5065/5007/3860 5071/5000/3855
f 5080/5005/3859 5063/4999/3854 5053/4998/3853
f 5064/5008/3861 5065/5007/3860 5080/5005/3859
f 5053/4998/3853 5064/5008/3861 5080/5005/3859
f 5072/5001/3856 5065/5007/3860 5064/5008/3861
f 4948/5009/3862 5062/5003/3858 5072/5001/3856
f 5064/5008/3861 4948/5009/3862 5072/5001/3856
f 5075/5010/3863 5074/5011/3864 4990/5012/3569
f 5062/5003/3858 5076/5013/3865 5077/5014/3866
f 5077/5014/3866 4989/5015/3867 5074/5011/3864
f 5074/5011/3864 4989/5015/3867 4958/5016/3570
f 4963/5017/3572 4990/5012/3569 5074/5011/3864
f 4958/5016/3570 4963/5017/3572 5074/5011/3864
s 0
f 5034/5018/3868 5027/5019/3869 5032/5020/3870
f 5039/5021/3870 5027/5019/3869 5033/5022/3871
f 5037/5023/3872 5039/5021/3873 5033/5022/3871
f 5037/5023/3872 5038/5024/3870 5039/5021/3870
f 5036/5025/3869 5012/5026/3869 5004/5027/3874
f 5011/5028/3874 5013/5029/3869 5036/5025/3869
s 1
f 5004/5027/3875 5011/5028/3875 5036/5025/3876
s 0
f 5044/5030/3877 5045/5031/3878 5046/5032/3879
f 5045/5031/3879 5035/5033/3880 5049/5034/3880
f 5049/5034/3880 5037/5023/3872 5045/5031/3879
f 5049/5034/3880 4986/5035/3881 5037/5023/3872
s 1
f 5041/5036/3872 4986/5035/3881 5048/5037/3882
f 5052/5038/3883 5041/5036/3872 5048/5037/3882
f 5014/5039/3884 5052/5038/3883 5028/5040/3885
f 5050/5041/3886 5051/5042/3887 5052/5038/3883
f 5052/5038/3883 5020/5043/3872 5041/5036/3872
f 5050/5041/3886 5014/5039/3884 4984/5044/3888
f 5029/5045/3889 5031/5046/3890 5050/5041/3886
f 4984/5044/3888 5029/5045/3889 5050/5041/3886
f 5029/5045/3889 5030/5047/3891 5031/5046/3890
f 5051/5042/3887 5031/5046/3890 5030/5047/3891
f 4985/5048/3869 5020/5043/3872 5051/5042/3887
f 5030/5047/3891 4985/5048/3869 5051/5042/3887
f 5040/5049/3892 5022/5050/3893 5019/5051/3894
f 4983/5052/3895 5004/5027/3875 5040/5049/3892
f 5019/5051/3894 4983/5052/3895 5040/5049/3892
f 5012/5026/3869 5040/5049/3892 5004/5027/3875
f 5038/5024/3870 4986/5035/3881 5041/5036/3872
f 5041/5036/3872 5043/5053/3896 5038/5024/3870
f 5041/5036/3872 5042/5054/3897 5043/5053/3896
f 5043/5053/3896 5022/5050/3893 5040/5049/3892
f 5042/5054/3897 5020/5043/3872 4985/5048/3869
f 5021/5055/3898 5022/5050/3893 5042/5054/3897
f 4985/5048/3869 5021/5055/3898 5042/5054/3897
f 5022/5050/3893 4979/5056/3899 5019/5051/3894
f 5019/5051/3894 4979/5056/3899 5006/5057/3900
f 5007/5058/3901 4983/5052/3895 5019/5051/3894
f 5006/5057/3900 5007/5058/3901 5019/5051/3894
f 5007/5058/3901 4970/4967/3566 5005/5059/3583
f 5024/5060/3563 4973/5061/3902 5015/5062/3903
f 5015/5062/3903 4987/5063/3904 5018/5064/3905
f 5018/5064/3905 4993/5065/3906 5024/5060/3563
f 5024/5060/3563 5015/5062/3903 5018/5064/3905
f 4971/5066/3907 5018/5064/3905 4987/5063/3904
f 5016/5067/3908 5017/5068/3909 5018/5064/3905
f 5018/5064/3905 4972/5069/3910 4993/5065/3906
f 5006/5057/3900 4979/5056/3899 5023/5070/3894
f 5023/5070/3894 4995/5071/3911 4992/4968/3566
f 4992/4968/3566 4970/4967/3566 5006/5057/3900
f 5006/5057/3900 5023/5070/3894 4992/4968/3566
f 5021/5055/3898 4985/5048/3869 5026/5072/3912
f 5023/5070/3894 4979/5056/3899 5021/5055/3898
f 5026/5072/3912 5023/5070/3894 5021/5055/3898
f 5030/5047/3891 4973/5061/3902 5024/5060/3563
f 5026/5072/3912 4985/5048/3869 5030/5047/3891
f 5024/5060/3563 5026/5072/3912 5030/5047/3891
f 5024/5060/3563 5025/5073/3874 5026/5072/3912
f 5026/5072/3912 4995/5071/3911 5023/5070/3894
f 5025/5073/3874 4993/5065/3906 4972/5069/3910
f 4994/5074/3895 4995/5071/3911 5025/5073/3874
f 4972/5069/3910 4994/5074/3895 5025/5073/3874
f 4995/5071/3911 4962/4969/3566 4992/4968/3566
f 4997/5075/3913 4965/5076/3914 4988/5077/3915
f 4988/5077/3915 4963/5017/3572 4958/5016/3570
f 4958/5016/3570 4964/5078/3913 4997/5075/3913
f 4997/5075/3913 4988/5077/3915 4958/5016/3570
f 4994/5074/3895 4972/5069/3910 4999/5079/3916
f 4996/4973/3831 4962/4969/3566 4994/5074/3895
f 4999/5079/3916 4996/4973/3831 4994/5074/3895
f 5017/5068/3909 4965/5076/3914 4997/5075/3913
f 4999/5079/3916 4972/5069/3910 5017/5068/3909
f 4997/5075/3913 4999/5079/3916 5017/5068/3909
f 4997/5075/3913 4998/5080/3917 4999/5079/3916
f 4999/5079/3916 4919/4974/3583 4996/4973/3831
f 4998/5080/3917 4964/5078/3913 5003/5081/3918
f 5000/5082/3566 4919/4974/3583 4998/5080/3917
f 5003/5081/3918 5000/5082/3566 4998/5080/3917
f 4958/5016/3570 5003/5081/3918 4964/5078/3913
f 5001/5083/3919 5002/5084/3920 5003/5081/3918
f 5003/5081/3918 4966/5085/3583 5000/5082/3566
f 4989/5015/3867 5001/5083/3919 4958/5016/3570
f 5076/5013/3865 4948/5009/3862 5066/5086/3921
f 5079/5087/3922 4989/5015/3867 5076/5013/3865
f 5066/5086/3921 5079/5087/3922 5076/5013/3865
f 5066/5086/3921 5078/5088/3923 5079/5087/3922
f 5079/5087/3922 4969/5089/3924 5001/5083/3919
f 5078/5088/3923 4967/5090/3925 4961/5091/3926
f 4968/5092/3927 4969/5089/3924 5078/5088/3923
f 4961/5091/3926 4968/5092/3927 5078/5088/3923
f 5002/5084/3920 4969/5089/3924 4968/5092/3927
f 4933/5093/3583 4966/5085/3583 5002/5084/3920
f 4968/5092/3927 4933/5093/3583 5002/5084/3920
f 5064/5008/3861 5053/4998/3853 5069/5094/3928
f 5066/5086/3921 4948/5009/3862 5064/5008/3861
f 5069/5094/3928 5066/5086/3921 5064/5008/3861
f 5082/4996/3851 4991/4995/3850 5067/5095/3929
f 5069/5094/3928 5053/4998/3853 5082/4996/3851
f 5067/5095/3929 5069/5094/3928 5082/4996/3851
f 5067/5095/3929 5068/5096/3930 5069/5094/3928
f 5069/5094/3928 4967/5090/3925 5066/5086/3921
f 5098/5097/3931 5091/5098/3931 5067/5095/3929
f 4991/4995/3850 5084/5099/3932 5098/5097/3931
f 5067/5095/3929 4991/4995/3850 5098/5097/3931
f 5085/4993/3849 5098/5097/3931 5084/5099/3932
f 5093/4992/3848 4917/4933/3492 5099/4932/3492
f 5101/5100/3933 5085/4993/3849 5093/4992/3848
f 5099/4932/3492 5101/5100/3933 5093/4992/3848
f 5099/4932/3492 5100/5101/3934 5101/5100/3933
f 5101/5100/3933 5091/5098/3931 5098/5097/3931
f 5100/5101/3934 5089/4936/3492 5054/4940/3492
f 5090/5102/3935 5091/5098/3931 5100/5101/3934
f 5054/4940/3492 5090/5102/3935 5100/5101/3934
f 5091/5098/3931 5056/5103/3936 5067/5095/3929
f 5090/5102/3935 5054/4940/3492 4959/4944/3492
f 5055/5104/3937 5056/5103/3936 5090/5102/3935
f 4959/4944/3492 5055/5104/3937 5090/5102/3935
f 5068/5096/3930 5056/5103/3936 5055/5104/3937
f 4961/5091/3926 4967/5090/3925 5068/5096/3930
f 5055/5104/3937 4961/5091/3926 5068/5096/3930
f 5055/5104/3937 4959/4944/3492 4801/4894/3492
f 4960/4962/3823 4961/5091/3926 5055/5104/3937
f 4801/4894/3492 4960/4962/3823 5055/5104/3937
f 4968/5092/3927 4961/5091/3926 4960/4962/3823
f 4918/4958/3820 4933/5093/3583 4968/5092/3927
f 4960/4962/3823 4918/4958/3820 4968/5092/3927
f 4952/4990/3846 4931/4984/3841 4957/5105/3841
f 4954/5106/3847 4888/4991/3847 4952/4990/3846
f 4957/5105/3841 4954/5106/3847 4952/4990/3846
f 4927/4983/3840 4957/5105/3841 4931/4984/3841
f 4955/5107/3938 4956/5108/3939 4957/5105/3841
f 4957/5105/3841 4924/5109/3843 4954/5106/3847
f 4947/4976/3833 4955/5107/3938 4927/4983/3840
f 4975/4975/3832 4919/4974/3583 5000/5082/3566
f 5000/5082/3566 4966/5085/3583 4978/5110/3940
f 4978/5110/3940 4947/4976/3833 4975/4975/3832
f 4975/4975/3832 5000/5082/3566 4978/5110/3940
f 4966/5085/3583 4977/5111/3941 4978/5110/3940
f 4978/5110/3940 4935/5112/3942 4955/5107/3938
f 4977/5111/3941 4933/5093/3583 4918/4958/3820
f 4934/4957/3819 4935/5112/3942 4977/5111/3941
f 4918/4958/3820 4934/4957/3819 4977/5111/3941
f 4956/5108/3939 4935/5112/3942 4934/4957/3819
f 4802/4961/3822 4924/5109/3843 4956/5108/3939
f 4934/4957/3819 4802/4961/3822 4956/5108/3939
f 4909/5113/3943 4889/5114/3944 4913/5115/3945
f 4911/5116/3946 4803/5117/3946 4909/5113/3943
f 4913/5115/3945 4911/5116/3946 4909/5113/3943
f 4925/5118/3947 4802/4961/3822 4912/4960/3821
f 4913/5115/3945 4889/5114/3944 4925/5118/3947
f 4912/4960/3821 4913/5115/3945 4925/5118/3947
f 4914/5119/3948 4898/5120/3949 4900/5121/3950
f 4900/5121/3950 4901/5122/3951 4902/5123/3952
f 4902/5123/3952 4885/5124/3946 4899/5125/3946
f 4920/5126/3953 4904/5127/3597 4915/5128/3954
f 4904/5127/3597 4897/5129/3955 4915/5128/3954
f 4915/5128/3954 4895/5130/3956 4920/5126/3953
f 4890/5131/3957 4904/5127/3597 4920/5126/3953
f 4901/5122/3951 4898/5120/3949 4906/5132/3958
f 4903/5133/3946 4885/5124/3946 4901/5122/3951
f 4906/5132/3958 4903/5133/3946 4901/5122/3951
f 4914/5119/3948 4897/5129/3955 4904/5127/3597
f 4906/5132/3958 4898/5120/3949 4914/5119/3948
f 4904/5127/3597 4906/5132/3958 4914/5119/3948
f 4904/5127/3597 4905/5134/3959 4906/5132/3958
f 4906/5132/3958 4868/5135/3946 4903/5133/3946
f 4938/5136/3960 4941/5137/3961 4942/5138/3962
f 4942/5138/3962 4930/5139/3963 4940/5140/3963
f 4941/5137/3961 4928/4988/3844 4950/4987/3843
f 4950/4987/3843 4888/4991/3847 4929/5141/3964
f 4929/5141/3964 4930/5139/3963 4941/5137/3961
f 4941/5137/3961 4950/4987/3843 4929/5141/3964
f 4930/5139/3963 4916/5142/3606 4921/5143/3965
f 4921/5143/3965 4922/5144/3966 4923/5145/3967
f 4923/5145/3967 4890/5131/3957 4920/5126/3953
f 4922/5144/3966 4916/5142/3606 4926/5146/3968
f 4908/5147/3969 4890/5131/3957 4922/5144/3966
f 4926/5146/3968 4908/5147/3969 4922/5144/3966
f 4929/5141/3964 4888/4991/3847 4954/5106/3847
f 4954/5106/3847 4924/5109/3843 4926/5146/3968
f 4926/5146/3968 4916/5142/3606 4929/5141/3964
f 4929/5141/3964 4954/5106/3847 4926/5146/3968
f 4924/5109/3843 4925/5118/3947 4926/5146/3968
f 4926/5146/3968 4889/5114/3944 4908/5147/3969
f 4905/5134/3959 4896/5148/3970 4910/5149/3597
f 4907/5150/3946 4868/5135/3946 4905/5134/3959
f 4910/5149/3597 4907/5150/3946 4905/5134/3959
f 4890/5131/3957 4910/5149/3597 4896/5148/3970
f 4908/5147/3969 4909/5113/3943 4910/5149/3597
f 4910/5149/3597 4803/5117/3946 4907/5150/3946
f 4876/5151/3971 4877/5152/3972 4878/5153/3973
f 4878/5153/3973 4871/5154/3974 4875/5155/3975
f 4882/5156/3976 4883/5157/3977 4884/5158/3978
f 4884/5158/3978 4874/5159/3979 4876/5151/3971
f 4883/5157/3977 4872/5160/3980 4870/5161/3981
f 4873/5162/3982 4874/5159/3979 4883/5157/3977
f 4870/5161/3981 4873/5162/3982 4883/5157/3977
f 4877/5152/3972 4874/5159/3979 4873/5162/3982
f 4865/5163/3983 4871/5154/3974 4877/5152/3972
f 4873/5162/3982 4865/5163/3983 4877/5152/3972
f 4893/5164/3984 4892/5165/3985 4891/5166/3986
f 4872/5160/3980 4882/5156/3976 4893/5164/3984
f 4891/5166/3986 4872/5160/3980 4893/5164/3984
f 4894/5167/3987 4885/5124/3946 4903/5133/3946
f 4903/5133/3946 4868/5135/3946 4886/5168/3988
f 4886/5168/3988 4887/5169/3989 4894/5167/3987
f 4894/5167/3987 4903/5133/3946 4886/5168/3988
f 4891/5166/3986 4887/5169/3989 4886/5168/3988
f 4870/5161/3981 4872/5160/3980 4891/5166/3986
f 4886/5168/3988 4870/5161/3981 4891/5166/3986
f 4886/5168/3988 4868/5135/3946 4907/5150/3946
f 4907/5150/3946 4803/5117/3946 4869/5170/3990
f 4869/5170/3990 4870/5161/3981 4886/5168/3988
f 4886/5168/3988 4907/5150/3946 4869/5170/3990
f 4873/5162/3982 4870/5161/3981 4869/5170/3990
f 4804/5171/3974 4865/5163/3983 4873/5162/3982
f 4869/5170/3990 4804/5171/3974 4873/5162/3982
f 4871/5154/3974 4880/5172/3991 4881/5173/3992
f 4881/5173/3992 4867/5174/3993 4879/5175/3993
f 4880/5172/3991 4865/5163/3983 4804/5171/3974
f 4866/5176/3994 4867/5174/3993 4880/5172/3991
f 4804/5171/3974 4866/5176/3994 4880/5172/3991
f 5201/4841/3718 5195/5177/3995 5207/5178/3626
f 4797/5179/3996 5207/5178/3626 5195/5177/3995
f 5206/5180/3997 4797/5179/3996 5195/5177/3995
f 4864/5181/3997 5200/4840/3723 5192/4839/3722
f 5195/5177/3995 5200/4840/3723 5206/5180/3997
f 4863/5182/3998 5192/4839/3722 5194/4835/3718
f 5174/4842/3724 5207/5178/3626 5197/4855/3736
f 5175/4856/3737 5197/4855/3736 5207/5178/3626
f 4861/5183/3999 5199/4834/3717 4798/4838/3721
f 5175/4856/3737 5208/5184/4000 5187/4850/3726
f 5208/5184/4000 5175/4856/3737 5207/5178/3626
f 5207/5178/3626 5174/4842/3724 5201/4841/3718
f 4862/5185/4001 5194/4835/3718 5199/4834/3717
f 4863/5182/3998 4864/5181/3997 5192/4839/3722
f 5193/4853/3734 4860/5186/4002 4798/4838/3721
f 5191/4852/3733 4860/5186/4002 5193/4853/3734
f 4862/5185/4001 4863/5182/3998 5194/4835/3718
f 4860/5186/4002 4861/5183/3999 4798/4838/3721
f 4862/5185/4001 5199/4834/3717 4861/5183/3999
f 4860/5186/4002 5191/4852/3733 4859/5187/4003
f 5183/4860/3741 5168/4848/3730 5173/4844/3726
f 4858/5188/4004 5183/4860/3741 5185/4861/3742
f 4859/5187/4003 5168/4848/3730 5183/4860/3741
f 4858/5188/4004 4859/5187/4003 5183/4860/3741
f 5189/4862/3743 5190/4857/3738 5185/4861/3742
f 5185/4861/3742 4857/5189/4005 4858/5188/4004
f 4857/5189/4005 5185/4861/3742 5190/4857/3738
f 5191/4852/3733 5168/4848/3730 4859/5187/4003
f 5145/4851/3732 5208/5184/4000 5177/4875/3755
f 5146/4876/3756 5177/4875/3755 5208/5184/4000
f 5209/5190/4006 5165/4870/3467 5146/4876/3756
f 5169/4881/3755 5167/4872/3752 5112/4868/3749
f 5209/5190/4006 5146/4876/3756 5208/5184/4000
f 5143/4905/3776 5060/4871/3751 5209/5190/4006
f 5209/5190/4006 5061/4906/3777 5143/4905/3776
f 5165/4870/3467 5209/5190/4006 5060/4871/3751
f 5210/5191/4007 4936/4900/3772 5131/4899/3549
f 5131/4899/3549 5061/4906/3777 5210/5191/4007
f 4856/5192/4008 5190/4857/3738 5180/4859/3740
f 4855/5193/4009 4856/5192/4008 5180/4859/3740
f 4855/5193/4009 5182/4878/3758 5179/4880/3759
f 4855/5193/4009 5180/4859/3740 5182/4878/3758
f 5179/4880/3759 4854/5194/4010 4855/5193/4009
f 5179/4880/3759 5172/4879/3759 5169/4881/3755
f 4857/5189/4005 5190/4857/3738 4856/5192/4008
f 4854/5194/4010 5112/4868/3749 5161/4891/3769
f 5169/4881/3755 5112/4868/3749 4854/5194/4010
f 4854/5194/4010 5179/4880/3759 5169/4881/3755
f 5136/4916/3786 5111/4924/3792 5114/4926/3794
f 5150/4922/3511 5147/4921/3790 5111/4924/3792
f 4853/5195/4011 5149/4890/3768 5154/4887/3765
f 5112/4868/3749 5148/4864/3745 5161/4891/3769
f 5149/4890/3768 4854/5194/4010 5161/4891/3769
f 5208/5184/4000 5145/4851/3732 5187/4850/3726
f 5154/4887/3765 5158/4882/3760 4853/5195/4011
f 4852/5196/4012 5158/4882/3760 5160/4884/3762
f 4854/5194/4010 5149/4890/3768 4853/5195/4011
f 4852/5196/4012 4853/5195/4011 5158/4882/3760
f 4850/5197/4013 4851/5198/4014 5151/4886/3764
f 5160/4884/3762 4851/5198/4014 4852/5196/4012
f 5160/4884/3762 5151/4886/3764 4851/5198/4014
f 4850/5197/4013 5153/4920/3789 5150/4922/3511
f 4849/5199/4015 5150/4922/3511 5111/4924/3792
f 5136/4916/3786 5115/4915/3785 4849/5199/4015
f 5150/4922/3511 4849/5199/4015 4850/5197/4013
f 4848/5200/4016 5115/4915/3785 5120/4912/3782
f 5151/4886/3764 5153/4920/3789 4850/5197/4013
f 5111/4924/3792 5136/4916/3786 4849/5199/4015
f 4847/5201/4017 5133/4907/3778 5135/4909/3780
f 4849/5199/4015 5115/4915/3785 4848/5200/4016
f 4847/5201/4017 4848/5200/4016 5133/4907/3778
f 4847/5201/4017 5117/4911/3781 4846/5202/4018
f 5119/4946/3809 4846/5202/4018 5117/4911/3781
f 4847/5201/4017 5135/4909/3780 5117/4911/3781
f 5133/4907/3778 4848/5200/4016 5120/4912/3782
f 5086/4941/3805 4844/5203/4019 5108/4950/3813
f 5088/4943/3807 5095/4937/3802 5086/4941/3805
f 4844/5203/4019 4845/5204/4020 5116/4948/3811
f 5119/4946/3809 5116/4948/3811 4845/5204/4020
f 4843/5205/4021 4844/5203/4019 5095/4937/3802
f 5108/4950/3813 4844/5203/4019 5116/4948/3811
f 4844/5203/4019 5086/4941/3805 5095/4937/3802
f 4846/5202/4018 5119/4946/3809 4845/5204/4020
f 5113/4947/3810 5108/4950/3813 5116/4948/3811
f 5094/4930/3798 5103/4934/3800 5105/4931/3799
f 5095/4937/3802 5103/4934/3800 4843/5205/4021
f 4842/5206/4022 4843/5205/4021 5103/4934/3800
f 4842/5206/4022 5094/4930/3798 4841/5207/4023
f 5094/4930/3798 5102/4929/3797 4841/5207/4023
f 4842/5206/4022 5103/4934/3800 5094/4930/3798
f 5097/4939/3804 5103/4934/3800 5095/4937/3802
f 4917/4933/3492 4840/5208/3492 5102/4929/3797
f 5093/4992/3848 4840/5208/3492 4917/4933/3492
f 5084/5099/3932 5092/4994/3849 5085/4993/3849
f 4838/5209/4024 5092/4994/3849 5084/5099/3932
f 4991/4995/3850 4838/5209/4024 5084/5099/3932
f 4841/5207/4023 5102/4929/3797 4840/5208/3492
f 5093/4992/3848 5092/4994/3849 4839/5210/3848
f 4840/5208/3492 5093/4992/3848 4839/5210/3848
f 4991/4995/3850 5083/4997/3852 4838/5209/4024
f 4839/5210/3848 5092/4994/3849 4838/5209/4024
f 4837/5211/4025 4838/5209/4024 5083/4997/3852
f 4837/5211/4025 5063/4999/3854 5081/5006/3859
f 4837/5211/4025 5083/4997/3852 5063/4999/3854
f 4836/5212/4026 4837/5211/4025 5081/5006/3859
f 4835/5213/4027 5071/5000/3855 5073/5002/3857
f 5077/5014/3866 5070/5004/3581 5062/5003/3858
f 4835/5213/4027 4836/5212/4026 5071/5000/3855
f 5070/5004/3581 5075/5010/3863 4834/5214/4028
f 5073/5002/3857 4834/5214/4028 4835/5213/4027
f 5073/5002/3857 5070/5004/3581 4834/5214/4028
f 5075/5010/3863 5070/5004/3581 5077/5014/3866
f 5081/5006/3859 5071/5000/3855 4836/5212/4026
f 4937/4959/3583 4936/4900/3772 5210/5191/4007
f 4833/5215/4029 5075/5010/3863 4990/5012/3569
f 4833/5215/4029 4990/5012/3569 4963/5017/3572
f 4963/5017/3572 4988/5077/3915 4833/5215/4029
f 5016/5067/3908 4833/5215/4029 4988/5077/3915
f 4988/5077/3915 4965/5076/3914 5016/5067/3908
f 4971/5066/3907 4833/5215/4029 5016/5067/3908
f 4834/5214/4028 5075/5010/3863 4833/5215/4029
f 4832/5216/4030 4971/5066/3907 4987/5063/3904
f 4832/5216/4030 4987/5063/3904 5015/5062/3903
f 5015/5062/3903 5029/5045/3889 4984/5044/3888
f 4973/5061/3902 5029/5045/3889 5015/5062/3903
f 5015/5062/3903 4984/5044/3888 4832/5216/4030
f 4831/5217/4031 4832/5216/4030 4984/5044/3888
f 4833/5215/4029 4971/5066/3907 4832/5216/4030
s 0
f 5047/5218/4032 5014/5039/3891 5028/5040/4032
s 1
f 4830/5219/4033 5014/5039/3884 5047/5218/4032
f 4830/5219/4033 4831/5217/4031 5014/5039/3884
s 0
f 4830/5219/4034 5047/5218/4035 5035/5033/4036
s 1
f 4984/5044/3888 5014/5039/3884 4831/5217/4031
s 0
f 4828/5220/3872 5032/5020/3870 4827/5221/3869
f 5032/5020/4037 5013/5029/4037 4827/5221/4037
f 4828/5220/3872 5034/5018/3868 5032/5020/3870
f 5044/5030/3880 5046/5032/3879 4829/5222/3872
s 1
f 5211/5223/4038 4912/4960/3821 4937/4959/3583
f 5210/5191/4007 5211/5223/4038 4937/4959/3583
f 5211/5223/4038 4913/5115/3945 4912/4960/3821
f 4869/5170/3990 4803/5117/3946 4911/5116/3946
f 4911/5116/3946 4913/5115/3945 5212/5224/4039
f 4911/5116/3946 5212/5224/4039 5213/5225/3670
f 5204/5226/4040 5213/5225/3670 5203/5227/4041
f 4866/5176/3994 5213/5225/3670 5204/5226/4040
f 5213/5225/3670 4804/5171/3974 4869/5170/3990
f 5204/5226/4040 5205/5228/4042 4866/5176/3994
f 4866/5176/3994 4804/5171/3974 5213/5225/3670
f 4911/5116/3946 5213/5225/3670 4869/5170/3990
f 4867/5174/3993 4866/5176/3994 5205/5228/4042
f 5011/5028/3875 5004/5027/3875 4983/5052/3895
f 4827/5221/3874 5013/5029/3869 5011/5028/3875
f 4827/5221/3874 5007/5058/3901 5010/4963/3824
f 5011/5028/3875 4983/5052/3895 5007/5058/3901
f 5010/4963/3824 5007/5058/3901 5005/5059/3583
f 5005/5059/3583 4970/4967/3566 5009/4966/3827
f 4927/4983/3840 4974/4977/3834 4947/4976/3833
f 4927/4983/3840 4826/5229/4043 4974/4977/3834
f 5010/4963/3824 5005/5059/3583 5009/4966/3827
f 4974/4977/3834 4826/5229/4043 4980/4972/3830
f 4976/4971/3829 4974/4977/3834 4980/4972/3830
f 5008/4965/3826 4982/4964/3825 4980/4972/3830
f 5007/5058/3901 4827/5221/3874 5011/5028/3875
f 4867/5174/3993 5205/5228/4042 4879/5175/3993
f 5008/4965/3826 4826/5229/4043 5010/4963/3824
f 4826/5229/4043 4927/4983/3840 4932/4986/3842
f 4826/5229/4043 5008/4965/3826 4980/4972/3830
f 4825/5230/4044 4826/5229/4043 4932/4986/3842
f 4824/5231/4045 4825/5230/4044 4944/4978/3835
f 4944/4978/3835 4825/5230/4044 4932/4986/3842
f 4944/4978/3835 4946/4980/3837 4824/5231/4045
f 4827/5221/3874 5010/4963/3824 4826/5229/4043
f 4943/4982/3839 4939/4981/3838 4928/4988/3844
f 4938/5136/3960 4943/4982/3839 4928/4988/3844
f 4930/5139/3963 4921/5143/3965 4940/5140/3963
f 4923/5145/3967 4820/5232/4046 4921/5143/3965
f 4823/5233/4047 4946/4980/3837 4943/4982/3839
f 4920/5126/3953 4818/5234/4048 4923/5145/3967
f 4824/5231/4045 4946/4980/3837 4823/5233/4047
f 4943/4982/3839 4938/5136/3960 4822/5235/4049
f 4823/5233/4047 4943/4982/3839 4822/5235/4049
f 4822/5235/4049 4938/5136/3960 4821/5236/4050
f 4942/5138/3962 4821/5236/4050 4938/5136/3960
f 4942/5138/3962 4940/5140/3963 4821/5236/4050
f 4821/5236/4050 4940/5140/3963 4921/5143/3965
f 4819/5237/4051 4820/5232/4046 4923/5145/3967
f 4820/5232/4046 4821/5236/4050 4921/5143/3965
f 4915/5128/3954 4817/5238/4052 4895/5130/3956
f 4895/5130/3956 4818/5234/4048 4920/5126/3953
f 4897/5129/3955 4817/5238/4052 4915/5128/3954
f 4819/5237/4051 4923/5145/3967 4818/5234/4048
f 4895/5130/3956 4817/5238/4052 4818/5234/4048
f 4897/5129/3955 4816/5239/4053 4817/5238/4052
f 4816/5239/4053 4897/5129/3955 4914/5119/3948
f 4816/5239/4053 4900/5121/3950 4815/5240/4054
f 4814/5241/4055 4815/5240/4054 4900/5121/3950
f 4814/5241/4055 4902/5123/3952 4899/5125/3946
f 4814/5241/4055 4900/5121/3950 4902/5123/3952
f 4899/5125/3946 4813/5242/4056 4814/5241/4055
f 4899/5125/3946 4885/5124/3946 4894/5167/3987
f 4914/5119/3948 4900/5121/3950 4816/5239/4053
f 4887/5169/3989 4813/5242/4056 4894/5167/3987
f 4891/5166/3986 4812/5243/4057 4887/5169/3989
f 4881/5173/3992 4875/5155/3975 4871/5154/3974
f 4879/5175/3993 4806/5244/4058 4881/5173/3992
f 4813/5242/4056 4899/5125/3946 4894/5167/3987
f 4892/5165/3985 4812/5243/4057 4891/5166/3986
f 4810/5245/4059 4893/5164/3984 4882/5156/3976
f 4809/5246/4060 4810/5245/4059 4882/5156/3976
f 4813/5242/4056 4887/5169/3989 4812/5243/4057
f 4811/5247/4061 4812/5243/4057 4892/5165/3985
f 4810/5245/4059 4811/5247/4061 4892/5165/3985
f 4809/5246/4060 4882/5156/3976 4884/5158/3978
f 4892/5165/3985 4893/5164/3984 4810/5245/4059
f 4876/5151/3971 4808/5248/4062 4809/5246/4060
f 4884/5158/3978 4876/5151/3971 4809/5246/4060
f 4878/5153/3973 4808/5248/4062 4876/5151/3971
f 4875/5155/3975 4807/5249/4063 4878/5153/3973
f 4807/5249/4063 4808/5248/4062 4878/5153/3973
f 4875/5155/3975 4806/5244/4058 4807/5249/4063
f 4881/5173/3992 4806/5244/4058 4875/5155/3975
f 4806/5244/4058 4879/5175/3993 4805/5250/4064
f 4805/5250/4064 4879/5175/3993 5205/5228/4042
f 5217/5251/4065 5215/5252/4066 5214/5253/3697
f 5219/5254/4067 5217/5251/4065 5216/5255/4068
f 5221/5256/4069 5219/5254/4067 5218/5257/4070
f 5223/5258/3702 5221/5256/4069 5220/5259/3703
f 5225/5260/4071 5223/5258/3702 5222/5261/3705
f 5226/5262/3706 5225/5260/4071 5224/5263/3707
f 5231/5264/3708 5214/5253/3697 5215/5252/4066
f 5215/5252/4066 5239/5265/3709 5240/5266/3710
f 5217/5251/4065 5238/5267/4072 5239/5265/3709
f 5230/5268/4073 5231/5264/3708 5215/5252/4066
f 5229/5269/3708 5230/5268/4073 5240/5266/3710
f 5240/5266/3710 5230/5268/4073 5215/5252/4066
f 5219/5254/4067 5237/5270/3712 5238/5267/4072
f 5223/5258/3702 5235/5271/4074 5236/5272/4075
f 5226/5262/3706 5227/5273/3715 5232/5274/3715
f 5233/5275/3715 5226/5262/3706 5232/5274/3715
f 5225/5260/4071 5234/5276/4076 5235/5271/4074
f 5236/5272/4075 5221/5256/4069 5223/5258/3702
f 5228/5277/3715 5234/5276/4076 5233/5275/3715
f 5233/5275/3715 5234/5276/4076 5226/5262/3706
f 5283/5278/4077 5282/5279/4078 5284/5280/4079
f 5270/5281/4080 5284/5280/4079 5278/5282/4081
f 5297/5283/4082 5270/5281/4080 5293/5284/4083
f 5283/5278/4077 5297/5283/4082 5295/5285/4084
f 5270/5281/4080 5297/5283/4082 5283/5278/4077
f 5295/5285/4084 5281/5286/4085 5283/5278/4077
f 5296/5287/4086 5297/5283/4082 5293/5284/4083
f 5299/5288/4087 5295/5285/4084 5297/5283/4082
f 5277/5289/4088 5271/5290/4089 5275/5291/4090
f 5251/5292/4091 5277/5289/4088 5267/5293/4092
f 5280/5294/4093 5270/5281/4080 5278/5282/4081
f 5275/5291/4090 5279/5295/4094 5280/5294/4093
f 5306/5296/4095 5271/5290/4089 5300/5297/4096
f 5279/5295/4094 5306/5296/4095 5301/5298/4097
f 5271/5290/4089 5306/5296/4095 5279/5295/4094
f 5303/5299/4098 5279/5295/4094 5301/5298/4097
f 5270/5281/4080 5303/5299/4098 5293/5284/4083
f 5279/5295/4094 5303/5299/4098 5270/5281/4080
f 5301/5298/4097 5304/5300/4099 5303/5299/4098
f 5304/5300/4099 5293/5284/4083 5303/5299/4098
f 5305/5301/4100 5306/5296/4095 5300/5297/4096
f 5307/5302/4101 5301/5298/4097 5306/5296/4095
f 5308/5303/4102 5276/5304/4103 5251/5292/4091
f 5276/5304/4103 5300/5297/4096 5271/5290/4089
f 5259/5305/4104 5258/5306/4105 5260/5307/4106
f 5257/5308/4107 5259/5305/4104 5260/5307/4106
f 5266/5309/4108 5254/5310/4109 5264/5311/4110
f 5258/5306/4105 5265/5312/4111 5266/5309/4108
f 5265/5312/4111 5252/5313/4112 5254/5310/4109
f 5255/5314/4113 5265/5312/4111 5256/5315/4114
f 5252/5313/4112 5265/5312/4111 5255/5314/4113
f 5259/5305/4104 5255/5314/4113 5256/5315/4114
f 5249/5316/4115 5259/5305/4104 5253/5317/4116
f 5255/5314/4113 5259/5305/4104 5249/5316/4115
f 5273/5318/4117 5272/5319/4118 5274/5320/4119
f 5254/5310/4109 5274/5320/4119 5264/5311/4110
f 5269/5321/4120 5251/5292/4091 5267/5293/4092
f 5273/5318/4117 5268/5322/4121 5269/5321/4120
f 5252/5313/4112 5273/5318/4117 5254/5310/4109
f 5268/5322/4121 5273/5318/4117 5252/5313/4112
f 5252/5313/4112 5311/5323/4122 5268/5322/4121
f 5268/5322/4121 5308/5303/4102 5251/5292/4091
f 5249/5316/4115 5313/5324/4123 5255/5314/4113
f 5313/5324/4123 5252/5313/4112 5255/5314/4113
f 5262/5325/4124 5253/5317/4116 5263/5326/4125
f 5261/5327/4126 5262/5325/4124 5263/5326/4125
f 5298/5328/4127 5286/5329/4128 5285/5330/4129
f 5299/5288/4087 5286/5329/4128 5298/5328/4127
f 5294/5331/4130 5298/5328/4127 5285/5330/4129
f 5295/5285/4084 5298/5328/4127 5294/5331/4130
f 5286/5329/4128 5299/5288/4087 5296/5287/4086
f 5296/5287/4086 5304/5300/4099 5286/5329/4128
f 5314/5332/4131 5294/5331/4130 5285/5330/4129
f 5288/5333/4132 5287/5334/4133 5307/5302/4101
f 5288/5333/4132 5305/5301/4100 5309/5335/4134
f 5287/5334/4133 5304/5300/4099 5302/5336/4135
f 5288/5333/4132 5307/5302/4101 5305/5301/4100
f 5307/5302/4101 5287/5334/4133 5302/5336/4135
f 5309/5335/4134 5289/5337/4136 5288/5333/4132
f 5286/5329/4128 5304/5300/4099 5287/5334/4133
f 5282/5279/4078 5281/5286/4085 5314/5332/4131
f 5281/5286/4085 5294/5331/4130 5314/5332/4131
f 5248/5338/4137 5282/5279/4078 5314/5332/4131
f 5248/5338/4137 5247/5339/4138 5282/5279/4078
f 5284/5280/4079 5282/5279/4078 5247/5339/4138
f 5280/5294/4093 5278/5282/4081 5247/5339/4138
f 5284/5280/4079 5247/5339/4138 5278/5282/4081
f 5305/5301/4100 5300/5297/4096 5309/5335/4134
f 5277/5289/4088 5275/5291/4090 5246/5340/4139
f 5280/5294/4093 5246/5340/4139 5275/5291/4090
f 5246/5340/4139 5245/5341/4140 5277/5289/4088
f 5277/5289/4088 5245/5341/4140 5267/5293/4092
f 5247/5339/4138 5246/5340/4139 5280/5294/4093
f 5308/5303/4102 5289/5337/4136 5309/5335/4134
f 5308/5303/4102 5311/5323/4122 5289/5337/4136
f 5290/5342/4141 5289/5337/4136 5311/5323/4122
f 5310/5343/4142 5290/5342/4141 5311/5323/4122
f 5272/5319/4118 5269/5321/4120 5267/5293/4092
f 5290/5342/4141 5310/5343/4142 5313/5324/4123
f 5313/5324/4123 5291/5344/4143 5290/5342/4141
f 5250/5345/4144 5291/5344/4143 5312/5346/4145
f 5292/5347/4146 5291/5344/4143 5250/5345/4144
f 5312/5346/4145 5249/5316/4115 5262/5325/4124
f 5292/5347/4146 5250/5345/4144 5315/5348/634
f 5250/5345/4144 5312/5346/4145 5262/5325/4124
f 5291/5344/4143 5313/5324/4123 5312/5346/4145
f 5315/5348/634 5250/5345/4144 5261/5327/4126
f 5244/5349/4147 5274/5320/4119 5272/5319/4118
f 5244/5349/4147 5264/5311/4110 5274/5320/4119
f 5243/5350/4148 5266/5309/4108 5244/5349/4147
f 5264/5311/4110 5244/5349/4147 5266/5309/4108
f 5260/5307/4106 5258/5306/4105 5243/5350/4148
f 5266/5309/4108 5243/5350/4148 5258/5306/4105
f 5245/5341/4140 5244/5349/4147 5272/5319/4118
f 5257/5308/4107 5263/5326/4125 5253/5317/4116
f 5242/5351/4149 5261/5327/4126 5263/5326/4125
f 5243/5350/4148 5242/5351/4149 5260/5307/4106
f 5257/5308/4107 5260/5307/4106 5242/5351/4149
f 5257/5308/4107 5242/5351/4149 5263/5326/4125
f 5241/5352/4150 5261/5327/4126 5242/5351/4149
f 5241/5352/4150 5315/5348/634 5261/5327/4126
f 5245/5341/4140 5272/5319/4118 5267/5293/4092
f 5389/5353/4151 5325/5354/4152 5388/5355/4153
f 5386/5356/4154 5327/5357/4155 5389/5353/4151
f 5333/5358/4156 5324/5359/4157 5326/5360/4158
f 5327/5357/4155 5333/5358/4156 5329/5361/4159
f 5324/5359/4157 5333/5358/4156 5327/5357/4155
f 5327/5357/4155 5328/5362/4153 5325/5354/4152
f 5332/5363/4160 5333/5358/4156 5326/5360/4158
f 5335/5364/4161 5329/5361/4159 5333/5358/4156
f 5346/5365/4162 5384/5366/4163 5385/5367/4164
f 5379/5368/4165 5346/5365/4162 5385/5367/4164
f 5337/5369/4166 5386/5356/4154 5387/5370/4167
f 5331/5371/4168 5387/5370/4167 5384/5366/4163
f 5343/5372/4169 5331/5371/4168 5336/5373/4170
f 5337/5369/4166 5343/5372/4169 5338/5374/4171
f 5331/5371/4168 5343/5372/4169 5337/5369/4166
f 5340/5375/4172 5337/5369/4166 5338/5374/4171
f 5324/5359/4157 5340/5375/4172 5326/5360/4158
f 5337/5369/4166 5340/5375/4172 5324/5359/4157
f 5339/5376/4173 5340/5375/4172 5338/5374/4171
f 5340/5375/4172 5332/5363/4160 5326/5360/4158
f 5342/5377/4174 5343/5372/4169 5336/5373/4170
f 5344/5378/4175 5338/5374/4171 5343/5372/4169
f 5330/5379/4176 5347/5380/4177 5346/5365/4162
f 5347/5380/4177 5331/5371/4168 5346/5365/4162
f 5371/5381/4178 5370/5382/4179 5372/5383/4180
f 5366/5384/4181 5372/5383/4180 5369/5385/4182
f 5377/5386/4183 5376/5387/4184 5378/5388/4185
f 5370/5382/4179 5377/5386/4183 5378/5388/4185
f 5377/5386/4183 5349/5389/4186 5367/5390/4187
f 5354/5391/4188 5377/5386/4183 5368/5392/4189
f 5349/5389/4186 5377/5386/4183 5354/5391/4188
f 5371/5381/4178 5354/5391/4188 5368/5392/4189
f 5348/5393/4190 5371/5381/4178 5366/5384/4181
f 5354/5391/4188 5371/5381/4178 5348/5393/4190
f 5382/5394/4191 5381/5395/4192 5383/5396/4193
f 5376/5387/4184 5382/5394/4191 5383/5396/4193
f 5351/5397/4194 5379/5368/4165 5380/5398/4195
f 5382/5394/4191 5351/5397/4194 5380/5398/4195
f 5349/5389/4186 5382/5394/4191 5367/5390/4187
f 5351/5397/4194 5382/5394/4191 5349/5389/4186
f 5349/5389/4186 5352/5399/4196 5351/5397/4194
f 5352/5399/4196 5330/5379/4176 5351/5397/4194
f 5353/5400/4197 5354/5391/4188 5348/5393/4190
f 5355/5401/4198 5349/5389/4186 5354/5391/4188
f 5375/5402/4199 5348/5393/4190 5366/5384/4181
f 5373/5403/4200 5374/5404/4201 5375/5402/4199
f 5334/5405/4202 5318/5406/4203 5317/5407/4204
f 5335/5364/4161 5318/5406/4203 5334/5405/4202
f 5328/5362/4153 5334/5405/4202 5317/5407/4204
f 5329/5361/4159 5334/5405/4202 5328/5362/4153
f 5318/5406/4203 5335/5364/4161 5332/5363/4160
f 5332/5363/4160 5341/5408/4205 5318/5406/4203
f 5358/5409/4206 5328/5362/4153 5317/5407/4204
f 5347/5380/4177 5320/5410/4207 5342/5377/4174
f 5344/5378/4175 5320/5410/4207 5319/5411/4208
f 5319/5411/4208 5341/5408/4205 5339/5376/4173
f 5320/5410/4207 5344/5378/4175 5342/5377/4174
f 5344/5378/4175 5319/5411/4208 5339/5376/4173
f 5347/5380/4177 5321/5412/4209 5320/5410/4207
f 5318/5406/4203 5341/5408/4205 5319/5411/4208
f 5388/5355/4153 5325/5354/4152 5358/5409/4206
f 5357/5413/4210 5388/5355/4153 5358/5409/4206
f 5357/5413/4210 5365/5414/4211 5388/5355/4153
f 5389/5353/4151 5388/5355/4153 5365/5414/4211
f 5387/5370/4167 5386/5356/4154 5365/5414/4211
f 5389/5353/4151 5365/5414/4211 5386/5356/4154
f 5342/5377/4174 5336/5373/4170 5347/5380/4177
f 5385/5367/4164 5384/5366/4163 5364/5415/4212
f 5387/5370/4167 5364/5415/4212 5384/5366/4163
f 5364/5415/4212 5363/5416/4213 5385/5367/4164
f 5363/5416/4213 5379/5368/4165 5385/5367/4164
f 5365/5414/4211 5364/5415/4212 5387/5370/4167
f 5321/5412/4209 5347/5380/4177 5345/5417/4214
f 5345/5417/4214 5352/5399/4196 5321/5412/4209
f 5322/5418/4215 5321/5412/4209 5352/5399/4196
f 5350/5419/4216 5322/5418/4215 5352/5399/4196
f 5381/5395/4192 5380/5398/4195 5379/5368/4165
f 5322/5418/4215 5350/5419/4216 5355/5401/4198
f 5355/5401/4198 5323/5420/4217 5322/5418/4215
f 5356/5421/4218 5323/5420/4217 5353/5400/4197
f 5316/5422/4219 5323/5420/4217 5356/5421/4218
f 5374/5404/4201 5353/5400/4197 5348/5393/4190
f 5353/5400/4197 5374/5404/4201 5356/5421/4218
f 5316/5422/4219 5356/5421/4218 5390/5423/634
f 5323/5420/4217 5355/5401/4198 5353/5400/4197
f 5390/5423/634 5356/5421/4218 5373/5403/4200
f 5362/5424/4220 5383/5396/4193 5381/5395/4192
f 5362/5424/4220 5376/5387/4184 5383/5396/4193
f 5361/5425/4221 5378/5388/4185 5362/5424/4220
f 5376/5387/4184 5362/5424/4220 5378/5388/4185
f 5372/5383/4180 5370/5382/4179 5361/5425/4221
f 5378/5388/4185 5361/5425/4221 5370/5382/4179
f 5381/5395/4192 5363/5416/4213 5362/5424/4220
f 5369/5385/4182 5375/5402/4199 5366/5384/4181
f 5360/5426/4222 5373/5403/4200 5375/5402/4199
f 5361/5425/4221 5360/5426/4222 5372/5383/4180
f 5369/5385/4182 5372/5383/4180 5360/5426/4222
f 5369/5385/4182 5360/5426/4222 5375/5402/4199
f 5359/5427/4223 5373/5403/4200 5360/5426/4222
f 5359/5427/4223 5390/5423/634 5373/5403/4200
f 5379/5368/4165 5363/5416/4213 5381/5395/4192
f 5469/5428/4224 5460/5429/4225 5467/5430/4226
f 5463/5431/4227 5468/5432/4228 5469/5428/4224
f 5466/5433/4229 5462/5434/4230 5463/5431/4227
f 5465/5435/4231 5464/5436/4232 5466/5433/4229
f 5473/5437/4233 5470/5438/4234 5471/5439/4235
f 5467/5430/4226 5472/5440/4236 5473/5437/4233
f 5491/5441/4237 5477/5442/4238 5489/5443/4239
f 5482/5444/4240 5490/5445/4241 5491/5441/4237
f 5490/5445/4241 5474/5446/4242 5477/5442/4238
f 5478/5447/4243 5490/5445/4241 5480/5448/4244
f 5474/5446/4242 5490/5445/4241 5478/5447/4243
f 5483/5449/4245 5478/5447/4243 5480/5448/4244
f 5476/5450/4246 5483/5449/4245 5479/5451/4247
f 5478/5447/4243 5483/5449/4245 5476/5450/4246
f 5485/5452/4248 5480/5448/4244 5482/5444/4240
f 5484/5453/4249 5483/5449/4245 5485/5452/4248
f 5488/5454/4250 5476/5450/4246 5479/5451/4247
f 5487/5455/4251 5486/5456/4252 5488/5454/4250
f 5494/5457/4253 5481/5458/4254 5492/5459/4255
f 5477/5442/4238 5493/5460/4256 5494/5457/4253
f 5500/5461/4257 5495/5462/4258 5497/5463/4259
f 5499/5464/4260 5498/5465/4261 5500/5461/4257
f 5508/5466/4262 5501/5467/4263 5506/5468/4264
f 5503/5469/4265 5507/5470/4266 5508/5466/4262
f 5505/5471/4267 5502/5472/4268 5503/5469/4265
f 5497/5463/4259 5504/5473/4269 5505/5471/4267
f 5520/5474/4270 5511/5475/4271 5517/5476/4272
f 5519/5477/4273 5518/5478/4274 5520/5474/4270
f 5518/5478/4274 5509/5479/4275 5511/5475/4271
f 5512/5480/4276 5518/5478/4274 5514/5481/4277
f 5509/5479/4275 5518/5478/4274 5512/5480/4276
f 5513/5482/4278 5512/5480/4276 5514/5481/4277
f 5530/5483/4279 5515/5484/4280 5528/5485/4281
f 5533/5486/4282 5529/5487/4283 5530/5483/4279
f 5516/5488/4284 5533/5486/4282 5521/5489/4285
f 5529/5487/4283 5533/5486/4282 5516/5488/4284
f 5534/5490/4286 5530/5483/4279 5532/5491/4287
f 5524/5492/4288 5533/5486/4282 5534/5490/4286
f 5527/5493/4289 5521/5489/4285 5524/5492/4288
f 5526/5494/4290 5525/5495/4291 5527/5493/4289
f 5525/5495/4291 5516/5488/4284 5521/5489/4285
f 5522/5496/4292 5525/5495/4291 5523/5497/4293
f 5516/5488/4284 5525/5495/4291 5522/5496/4292
f 5511/5475/4271 5522/5496/4292 5523/5497/4293
f 5537/5498/4294 5531/5499/4295 5535/5500/4296
f 5528/5485/4281 5536/5501/4297 5537/5498/4294
f 5552/5502/4298 5539/5503/4299 5543/5504/4300
f 5551/5505/4301 5550/5506/4302 5552/5502/4298
f 5558/5507/4303 5538/5508/4304 5556/5509/4305
f 5561/5510/4306 5557/5511/4307 5558/5507/4303
f 5540/5512/4308 5561/5510/4306 5541/5513/4309
f 5557/5511/4307 5561/5510/4306 5540/5512/4308
f 5562/5514/4310 5558/5507/4303 5560/5515/4311
f 5553/5516/4312 5561/5510/4306 5562/5514/4310
f 5555/5517/4313 5541/5513/4309 5553/5516/4312
f 5546/5518/4314 5554/5519/4315 5555/5517/4313
f 5554/5519/4315 5540/5512/4308 5541/5513/4309
f 5542/5520/4316 5554/5519/4315 5544/5521/4317
f 5540/5512/4308 5554/5519/4315 5542/5520/4316
f 5547/5522/4318 5542/5520/4316 5544/5521/4317
f 5539/5503/4299 5547/5522/4318 5543/5504/4300
f 5542/5520/4316 5547/5522/4318 5539/5503/4299
f 5549/5523/4319 5544/5521/4317 5546/5518/4314
f 5549/5523/4319 5543/5504/4300 5547/5522/4318
f 5565/5524/4320 5559/5525/4321 5563/5526/4322
f 5556/5509/4305 5564/5527/4323 5565/5524/4320
f 5572/5528/4324 5419/5529/4325 5570/5530/4326
f 5566/5531/4327 5571/5532/4328 5572/5528/4324
f 5569/5533/4329 5421/5534/4330 5566/5531/4327
f 5569/5533/4329 5420/5535/4331 5567/5536/4332
f 5576/5537/4333 5573/5538/4334 5574/5539/4335
f 5570/5530/4326 5575/5540/4336 5576/5537/4333
f 5417/5541/4337 5465/5435/4231 5422/5542/4338
f 5416/5543/4339 5461/5544/4340 5417/5541/4337
f 5417/5541/4337 5461/5544/4340 5465/5435/4231
f 5464/5436/4232 5461/5544/4340 5416/5543/4339
f 5418/5545/4341 5417/5541/4337 5422/5542/4338
f 5416/5543/4339 5462/5434/4230 5464/5436/4232
f 5416/5543/4339 5460/5429/4225 5468/5432/4228
f 5416/5543/4339 5472/5440/4236 5460/5429/4225
f 5416/5543/4339 5468/5432/4228 5462/5434/4230
f 5470/5438/4234 5472/5440/4236 5416/5543/4339
f 5487/5455/4251 5413/5546/4342 5475/5547/4343
f 5410/5548/4344 5499/5464/4260 5433/5549/4345
f 5414/5550/4346 5413/5546/4342 5487/5455/4251
f 5413/5546/4342 5412/5551/4347 5475/5547/4343
f 5415/5552/4348 5426/5553/4349 5470/5438/4234
f 5412/5551/4347 5486/5456/4252 5475/5547/4343
f 5496/5554/4350 5410/5548/4344 5409/5555/4351
f 5411/5556/4352 5481/5458/4254 5412/5551/4347
f 5486/5456/4252 5412/5551/4347 5476/5450/4246
f 5478/5447/4243 5476/5450/4246 5412/5551/4347
f 5487/5455/4251 5427/5557/4353 5414/5550/4346
f 5470/5438/4234 5416/5543/4339 5415/5552/4348
f 5423/5558/4354 5465/5435/4231 5466/5433/4229
f 5424/5559/4355 5463/5431/4227 5469/5428/4224
f 5463/5431/4227 5423/5558/4354 5466/5433/4229
f 5425/5560/4356 5467/5430/4226 5473/5437/4233
f 5425/5560/4356 5473/5437/4233 5471/5439/4235
f 5414/5550/4346 5427/5557/4353 5415/5552/4348
f 5428/5561/4357 5487/5455/4251 5488/5454/4250
f 5484/5453/4249 5488/5454/4250 5479/5451/4247
f 5471/5439/4235 5470/5438/4234 5426/5553/4349
f 5467/5430/4226 5424/5559/4355 5469/5428/4224
f 5412/5551/4347 5493/5460/4256 5474/5446/4242
f 5411/5556/4352 5432/5562/4358 5481/5458/4254
f 5433/5549/4345 5411/5556/4352 5410/5548/4344
f 5409/5555/4351 5498/5465/4261 5496/5554/4350
f 5412/5551/4347 5481/5458/4254 5493/5460/4256
f 5489/5443/4239 5477/5442/4238 5494/5457/4253
f 5431/5563/4359 5494/5457/4253 5492/5459/4255
f 5499/5464/4260 5410/5548/4344 5496/5554/4350
f 5434/5564/4360 5499/5464/4260 5500/5461/4257
f 5492/5459/4255 5481/5458/4254 5432/5562/4358
f 5409/5555/4351 5495/5462/4258 5498/5465/4261
f 5412/5551/4347 5474/5446/4242 5478/5447/4243
f 5422/5542/4338 5394/5565/4361 5418/5545/4341
f 5504/5473/4269 5495/5462/4258 5409/5555/4351
f 5502/5472/4268 5409/5555/4351 5507/5470/4266
f 5408/5566/4362 5407/5567/4363 5510/5568/4364
f 5406/5569/4365 5531/5499/4295 5407/5567/4363
f 5501/5467/4263 5507/5470/4266 5409/5555/4351
f 5504/5473/4269 5409/5555/4351 5502/5472/4268
f 5409/5555/4351 5408/5566/4362 5501/5467/4263
f 5501/5467/4263 5408/5566/4362 5437/5570/4366
f 5510/5568/4364 5438/5571/4367 5408/5566/4362
f 5407/5567/4363 5509/5479/4275 5512/5480/4276
f 5407/5567/4363 5522/5496/4292 5509/5479/4275
f 5407/5567/4363 5512/5480/4276 5510/5568/4364
f 5551/5505/4301 5405/5572/4368 5545/5573/4369
f 5401/5574/4370 5568/5575/4371 5402/5576/4372
f 5399/5577/4373 5573/5538/4334 5400/5578/4374
f 5405/5572/4368 5404/5579/4375 5545/5573/4369
f 5568/5575/4371 5401/5574/4370 5420/5535/4331
f 5392/5580/4376 5459/5581/4377 5396/5582/4378
f 5420/5535/4331 5401/5574/4370 5400/5578/4374
f 5456/5583/4379 5398/5584/4380 5397/5585/4381
f 5399/5577/4373 5398/5584/4380 5455/5586/4382
f 5396/5582/4378 5393/5587/4383 5392/5580/4376
f 5403/5588/4384 5559/5525/4321 5404/5579/4375
f 5407/5567/4363 5516/5488/4284 5522/5496/4292
f 5407/5567/4363 5529/5487/4283 5516/5488/4284
f 5407/5567/4363 5536/5501/4297 5515/5484/4280
f 5407/5567/4363 5531/5499/4295 5536/5501/4297
f 5407/5567/4363 5515/5484/4280 5529/5487/4283
f 5404/5579/4375 5550/5506/4302 5545/5573/4369
f 5404/5579/4375 5539/5503/4299 5550/5506/4302
f 5404/5579/4375 5540/5512/4308 5542/5520/4316
f 5404/5579/4375 5557/5511/4307 5540/5512/4308
f 5404/5579/4375 5542/5520/4316 5539/5503/4299
f 5443/5589/4385 5531/5499/4295 5406/5569/4365
f 5444/5590/4386 5406/5569/4365 5405/5572/4368
f 5404/5579/4375 5564/5527/4323 5538/5508/4304
f 5450/5591/4387 5403/5588/4384 5402/5576/4372
f 5559/5525/4321 5403/5588/4384 5449/5592/4388
f 5400/5578/4374 5567/5536/4332 5420/5535/4331
f 5404/5579/4375 5559/5525/4321 5564/5527/4323
f 5400/5578/4374 5571/5532/4328 5421/5534/4330
f 5400/5578/4374 5419/5529/4325 5571/5532/4328
f 5458/5593/4389 5397/5585/4381 5396/5582/4378
f 5400/5578/4374 5573/5538/4334 5575/5540/4336
f 5400/5578/4374 5575/5540/4336 5419/5529/4325
f 5400/5578/4374 5421/5534/4330 5567/5536/4332
f 5404/5579/4375 5538/5508/4304 5557/5511/4307
f 5399/5577/4373 5454/5594/4390 5573/5538/4334
f 5503/5469/4265 5435/5595/4391 5505/5471/4267
f 5506/5468/4264 5436/5596/4392 5508/5466/4262
f 5510/5568/4364 5513/5482/4278 5438/5571/4367
f 5503/5469/4265 5508/5466/4262 5436/5596/4392
f 5428/5561/4357 5484/5453/4249 5485/5452/4248
f 5429/5597/4393 5482/5444/4240 5491/5441/4237
f 5430/5598/4394 5491/5441/4237 5489/5443/4239
f 5494/5457/4253 5431/5563/4359 5489/5443/4239
f 5482/5444/4240 5429/5597/4393 5485/5452/4248
f 5505/5471/4267 5435/5595/4391 5497/5463/4259
f 5519/5477/4273 5513/5482/4278 5514/5481/4277
f 5523/5497/4293 5517/5476/4272 5511/5475/4271
f 5439/5599/4395 5519/5477/4273 5520/5474/4270
f 5439/5599/4395 5520/5474/4270 5517/5476/4272
f 5440/5600/4396 5526/5494/4290 5527/5493/4289
f 5441/5601/4397 5527/5493/4289 5524/5492/4288
f 5526/5494/4290 5439/5599/4395 5517/5476/4272
f 5438/5571/4367 5513/5482/4278 5519/5477/4273
f 5499/5464/4260 5434/5564/4360 5433/5549/4345
f 5437/5570/4366 5506/5468/4264 5501/5467/4263
f 5424/5559/4355 5467/5430/4226 5425/5560/4356
f 5426/5553/4349 5425/5560/4356 5471/5439/4235
f 5427/5557/4353 5426/5553/4349 5415/5552/4348
f 5429/5597/4393 5491/5441/4237 5430/5598/4394
f 5463/5431/4227 5424/5559/4355 5423/5558/4354
f 5485/5452/4248 5429/5597/4393 5428/5561/4357
f 5428/5561/4357 5488/5454/4250 5484/5453/4249
f 5432/5562/4358 5431/5563/4359 5492/5459/4255
f 5428/5561/4357 5427/5557/4353 5487/5455/4251
f 5430/5598/4394 5489/5443/4239 5431/5563/4359
f 5436/5596/4392 5506/5468/4264 5437/5570/4366
f 5441/5601/4397 5524/5492/4288 5534/5490/4286
f 5408/5566/4362 5438/5571/4367 5437/5570/4366
f 5438/5571/4367 5519/5477/4273 5439/5599/4395
f 5436/5596/4392 5435/5595/4391 5503/5469/4265
f 5497/5463/4259 5435/5595/4391 5434/5564/4360
f 5497/5463/4259 5434/5564/4360 5500/5461/4257
f 5527/5493/4289 5441/5601/4397 5440/5600/4396
f 5526/5494/4290 5440/5600/4396 5439/5599/4395
f 5432/5562/4358 5411/5556/4352 5433/5549/4345
f 5423/5558/4354 5422/5542/4338 5465/5435/4231
f 5394/5565/4361 5422/5542/4338 5395/5602/4398
f 5441/5601/4397 5534/5490/4286 5532/5491/4287
f 5528/5485/4281 5537/5498/4294 5442/5603/4399
f 5443/5589/4385 5535/5500/4296 5531/5499/4295
f 5445/5604/4400 5551/5505/4301 5548/5605/4401
f 5548/5605/4401 5551/5505/4301 5552/5502/4298
f 5442/5603/4399 5537/5498/4294 5535/5500/4296
f 5543/5504/4300 5548/5605/4401 5552/5502/4298
f 5405/5572/4368 5551/5505/4301 5444/5590/4386
f 5442/5603/4399 5532/5491/4287 5528/5485/4281
f 5445/5604/4400 5549/5523/4319 5546/5518/4314
f 5445/5604/4400 5546/5518/4314 5555/5517/4313
f 5549/5523/4319 5445/5604/4400 5548/5605/4401
f 5532/5491/4287 5530/5483/4279 5528/5485/4281
f 5558/5507/4303 5556/5509/4305 5560/5515/4311
f 5565/5524/4320 5563/5526/4322 5448/5606/4402
f 5450/5591/4387 5402/5576/4372 5568/5575/4371
f 5449/5592/4388 5563/5526/4322 5559/5525/4321
f 5448/5606/4402 5556/5509/4305 5565/5524/4320
f 5569/5533/4329 5566/5531/4327 5451/5607/4403
f 5566/5531/4327 5572/5528/4324 5451/5607/4403
f 5570/5530/4326 5576/5537/4333 5452/5608/4404
f 5576/5537/4333 5574/5539/4335 5453/5609/4405
f 5452/5608/4404 5572/5528/4324 5570/5530/4326
f 5451/5607/4403 5568/5575/4371 5569/5533/4329
f 5444/5590/4386 5551/5505/4301 5445/5604/4400
f 5553/5516/4312 5562/5514/4310 5446/5610/4406
f 5562/5514/4310 5560/5515/4311 5447/5611/4407
f 5446/5610/4406 5445/5604/4400 5555/5517/4313
f 5406/5569/4365 5444/5590/4386 5443/5589/4385
f 5553/5516/4312 5446/5610/4406 5555/5517/4313
f 5447/5611/4407 5446/5610/4406 5562/5514/4310
f 5448/5606/4402 5563/5526/4322 5449/5592/4388
f 5448/5606/4402 5447/5611/4407 5560/5515/4311
f 5443/5589/4385 5442/5603/4399 5535/5500/4296
f 5449/5592/4388 5403/5588/4384 5450/5591/4387
f 5455/5586/4382 5454/5594/4390 5399/5577/4373
f 5574/5539/4335 5454/5594/4390 5453/5609/4405
f 5459/5581/4377 5458/5593/4389 5396/5582/4378
f 5397/5585/4381 5458/5593/4389 5457/5612/4408
f 5398/5584/4380 5456/5583/4379 5455/5586/4382
f 5451/5607/4403 5450/5591/4387 5568/5575/4371
f 5576/5537/4333 5453/5609/4405 5452/5608/4404
f 5572/5528/4324 5452/5608/4404 5451/5607/4403
f 5456/5583/4379 5397/5585/4381 5457/5612/4408
f 5391/5613/4376 5459/5581/4377 5392/5580/4376
f 5556/5509/4305 5448/5606/4402 5560/5515/4311
f 5442/5603/4399 5441/5601/4397 5532/5491/4287
f 5573/5538/4334 5454/5594/4390 5574/5539/4335
f 5691/5614/4409 5692/5615/4410 5578/5616/4411
f 5694/5617/4412 5577/5618/4413 5692/5615/4410
f 5695/5619/4414 5696/5620/4415 5579/5621/4416
f 5697/5622/4417 5578/5616/4411 5696/5620/4415
f 5702/5623/4418 5703/5624/4419 5698/5625/4420
f 5705/5626/4421 5701/5627/4422 5703/5624/4419
f 5703/5624/4419 5581/5628/4423 5698/5625/4420
f 5699/5629/4424 5703/5624/4419 5701/5627/4422
f 5581/5628/4423 5703/5624/4419 5699/5629/4424
f 5701/5627/4422 5580/5630/4425 5699/5629/4424
f 5706/5631/4426 5707/5632/4427 5582/5633/4428
f 5710/5634/4429 5707/5632/4427 5708/5635/4430
f 5581/5628/4423 5710/5634/4429 5698/5625/4420
f 5707/5632/4427 5710/5634/4429 5581/5628/4423
f 5709/5636/4431 5710/5634/4429 5708/5635/4430
f 5711/5637/4432 5698/5625/4420 5710/5634/4429
f 5712/5638/4433 5713/5639/4434 5584/5640/4435
f 5715/5641/4436 5583/5642/4437 5713/5639/4434
f 5716/5643/4438 5717/5644/4439 5585/5645/4440
f 5718/5646/4441 5584/5640/4435 5717/5644/4439
f 5723/5647/4442 5724/5648/4443 5719/5649/4444
f 5726/5650/4445 5722/5651/4446 5724/5648/4443
f 5724/5648/4443 5587/5652/4447 5719/5649/4444
f 5720/5653/4448 5724/5648/4443 5722/5651/4446
f 5587/5652/4447 5724/5648/4443 5720/5653/4448
f 5722/5651/4446 5586/5654/4449 5720/5653/4448
f 5727/5655/4450 5728/5656/4451 5588/5657/4452
f 5731/5658/4453 5728/5656/4451 5729/5659/4454
f 5587/5652/4447 5731/5658/4453 5719/5649/4444
f 5728/5656/4451 5731/5658/4453 5587/5652/4447
f 5730/5660/4455 5731/5658/4453 5729/5659/4454
f 5732/5661/4456 5719/5649/4444 5731/5658/4453
f 5739/5662/4457 5748/5663/4458 5735/5664/4459
f 5750/5665/4460 5743/5666/4461 5748/5663/4458
f 5748/5663/4458 5590/5667/4462 5735/5664/4459
f 5741/5668/4463 5748/5663/4458 5743/5666/4461
f 5590/5667/4462 5748/5663/4458 5741/5668/4463
f 5743/5666/4461 5589/5669/4464 5741/5668/4463
f 5754/5670/4465 5755/5671/4466 5733/5672/4467
f 5756/5673/4468 5736/5674/4469 5755/5671/4466
f 5755/5671/4466 5591/5675/4470 5733/5672/4467
f 5734/5676/4471 5755/5671/4466 5736/5674/4469
f 5591/5675/4470 5755/5671/4466 5734/5676/4471
f 5738/5677/4472 5734/5676/4471 5736/5674/4469
f 5590/5667/4462 5738/5677/4472 5735/5664/4459
f 5734/5676/4471 5738/5677/4472 5590/5667/4462
f 5751/5678/4473 5752/5679/4474 5737/5680/4475
f 5753/5681/4476 5740/5682/4477 5752/5679/4474
f 5752/5679/4474 5736/5674/4469 5737/5680/4475
f 5738/5677/4472 5752/5679/4474 5740/5682/4477
f 5736/5674/4469 5752/5679/4474 5738/5677/4472
f 5745/5683/4478 5738/5677/4472 5740/5682/4477
f 5735/5664/4459 5745/5683/4478 5739/5662/4457
f 5738/5677/4472 5745/5683/4478 5735/5664/4459
f 5744/5684/4479 5745/5683/4478 5740/5682/4477
f 5747/5685/4480 5739/5662/4457 5745/5683/4478
f 5757/5686/4481 5758/5687/4482 5592/5688/4483
f 5759/5689/4484 5591/5675/4470 5758/5687/4482
f 5762/5690/4485 5768/5691/4486 5594/5692/4487
f 5770/5693/4488 5593/5694/4489 5768/5691/4486
f 5771/5695/4490 5772/5696/4491 5760/5697/4492
f 5773/5698/4493 5763/5699/4494 5772/5696/4491
f 5772/5696/4491 5595/5700/4495 5760/5697/4492
f 5761/5701/4496 5772/5696/4491 5763/5699/4494
f 5595/5700/4495 5772/5696/4491 5761/5701/4496
f 5765/5702/4497 5761/5701/4496 5763/5699/4494
f 5594/5692/4487 5765/5702/4497 5762/5690/4485
f 5761/5701/4496 5765/5702/4497 5594/5692/4487
f 5764/5703/4498 5765/5702/4497 5763/5699/4494
f 5767/5704/4499 5762/5690/4485 5765/5702/4497
f 5774/5705/4500 5775/5706/4501 5596/5707/4502
f 5776/5708/4503 5595/5700/4495 5775/5706/4501
f 5777/5709/4504 5778/5710/4505 5598/5711/4506
f 5780/5712/4507 5597/5713/4508 5778/5710/4505
f 5781/5714/4509 5782/5715/4510 5599/5716/4511
f 5783/5717/4512 5598/5711/4506 5782/5715/4510
f 5600/5718/4513 5637/5719/4514 5784/5720/4515
f 5785/5721/4516 5637/5719/4514 5636/5722/4517
f 5635/5723/4518 5786/5724/4519 5636/5722/4517
f 5787/5725/4520 5635/5723/4518 5634/5726/4521
f 5784/5720/4515 5601/5727/4513 5600/5718/4513
f 5637/5719/4514 5785/5721/4516 5784/5720/4515
f 5784/5720/4515 5785/5721/4516 5640/5728/4522
f 5785/5721/4516 5788/5729/4523 5641/5730/4524
f 5636/5722/4517 5788/5729/4523 5785/5721/4516
f 5635/5723/4518 5787/5725/4520 5786/5724/4519
f 5786/5724/4519 5787/5725/4520 5642/5731/4525
f 5634/5726/4521 5790/5732/4526 5789/5733/4527
f 5790/5732/4526 5791/5734/4528 5644/5735/4529
f 5643/5736/4530 5789/5733/4527 5790/5732/4526
f 5634/5726/4521 5789/5733/4527 5787/5725/4520
f 5641/5730/4524 5788/5729/4523 5786/5724/4519
f 5636/5722/4517 5786/5724/4519 5788/5729/4523
f 5784/5720/4515 5602/5737/4513 5601/5727/4513
f 5633/5738/4531 5790/5732/4526 5634/5726/4521
f 5632/5739/4532 5631/5740/4533 5792/5741/4534
f 5793/5742/4535 5628/5743/4536 5627/5744/4537
f 5794/5745/4538 5629/5746/4539 5628/5743/4536
f 5633/5738/4531 5632/5739/4532 5795/5747/4540
f 5577/5618/4413 5631/5740/4533 5630/5748/4541
f 5791/5734/4528 5633/5738/4531 5795/5747/4540
f 5795/5747/4540 5796/5749/4542 5646/5750/4543
f 5626/5751/4544 5580/5630/4425 5627/5744/4537
f 5624/5752/4545 5797/5753/4546 5625/5754/4547
f 5626/5751/4544 5625/5754/4547 5707/5632/4427
f 5583/5642/4437 5623/5755/4548 5622/5756/4549
f 5798/5757/4550 5624/5752/4545 5623/5755/4548
f 5796/5749/4542 5795/5747/4540 5632/5739/4532
f 5630/5748/4541 5629/5746/4539 5696/5620/4415
f 5791/5734/4528 5790/5732/4526 5633/5738/4531
f 5645/5758/4551 5791/5734/4528 5795/5747/4540
f 5632/5739/4532 5792/5741/4534 5796/5749/4542
f 5792/5741/4534 5799/5759/4552 5647/5760/4553
f 5647/5760/4553 5799/5759/4552 5693/5761/4554
f 5631/5740/4533 5799/5759/4552 5792/5741/4534
f 5630/5748/4541 5692/5615/4410 5577/5618/4413
f 5630/5748/4541 5578/5616/4411 5692/5615/4410
f 5577/5618/4413 5693/5761/4554 5799/5759/4552
f 5631/5740/4533 5577/5618/4413 5799/5759/4552
f 5784/5720/4515 5603/5762/4513 5602/5737/4513
f 5648/5763/4555 5693/5761/4554 5694/5617/4412
f 5629/5746/4539 5579/5621/4416 5696/5620/4415
f 5650/5764/4556 5691/5614/4409 5697/5622/4417
f 5695/5619/4414 5579/5621/4416 5794/5745/4538
f 5691/5614/4409 5648/5763/4555 5694/5617/4412
f 5796/5749/4542 5792/5741/4534 5646/5750/4543
f 5787/5725/4520 5789/5733/4527 5643/5736/4530
f 5630/5748/4541 5696/5620/4415 5578/5616/4411
f 5628/5743/4536 5793/5742/4535 5794/5745/4538
f 5794/5745/4538 5793/5742/4535 5652/5765/4557
f 5793/5742/4535 5800/5766/4558 5653/5767/4559
f 5627/5744/4537 5800/5766/4558 5793/5742/4535
f 5626/5751/4544 5699/5629/4424 5580/5630/4425
f 5626/5751/4544 5707/5632/4427 5581/5628/4423
f 5626/5751/4544 5581/5628/4423 5699/5629/4424
f 5700/5768/4560 5800/5766/4558 5580/5630/4425
f 5627/5744/4537 5580/5630/4425 5800/5766/4558
f 5625/5754/4547 5797/5753/4546 5582/5633/4428
f 5582/5633/4428 5797/5753/4546 5658/5769/4561
f 5797/5753/4546 5798/5757/4550 5659/5770/4562
f 5624/5752/4545 5798/5757/4550 5797/5753/4546
f 5623/5755/4548 5583/5642/4437 5801/5771/4563
f 5801/5771/4563 5583/5642/4437 5714/5772/4564
f 5622/5756/4549 5584/5640/4435 5713/5639/4434
f 5622/5756/4549 5713/5639/4434 5583/5642/4437
f 5660/5773/4565 5798/5757/4550 5801/5771/4563
f 5623/5755/4548 5801/5771/4563 5798/5757/4550
f 5625/5754/4547 5582/5633/4428 5707/5632/4427
f 5629/5746/4539 5794/5745/4538 5579/5621/4416
f 5717/5644/4439 5584/5640/4435 5622/5756/4549
f 5621/5774/4566 5585/5645/4440 5622/5756/4549
f 5717/5644/4439 5622/5756/4549 5585/5645/4440
f 5586/5654/4449 5621/5774/4566 5620/5775/4567
f 5619/5776/4568 5728/5656/4451 5620/5775/4567
f 5741/5668/4463 5619/5776/4568 5618/5777/4569
f 5621/5774/4566 5586/5654/4449 5585/5645/4440
f 5620/5775/4567 5720/5653/4448 5586/5654/4449
f 5620/5775/4567 5587/5652/4447 5720/5653/4448
f 5619/5776/4568 5588/5657/4452 5728/5656/4451
f 5619/5776/4568 5741/5668/4463 5589/5669/4464
f 5742/5778/4570 5588/5657/4452 5589/5669/4464
f 5619/5776/4568 5589/5669/4464 5588/5657/4452
f 5620/5775/4567 5728/5656/4451 5587/5652/4447
f 5586/5654/4449 5664/5779/4571 5585/5645/4440
f 5591/5675/4470 5618/5777/4569 5617/5780/4572
f 5802/5781/4573 5612/5782/4574 5611/5783/4575
f 5803/5784/4576 5607/5785/4577 5606/5786/4578
f 5782/5715/4510 5608/5787/4579 5607/5785/4577
f 5610/5788/4580 5804/5789/4581 5611/5783/4575
f 5615/5790/4582 5805/5791/4583 5616/5792/4584
f 5616/5792/4584 5592/5688/4483 5617/5780/4572
f 5614/5793/4585 5593/5694/4489 5615/5790/4582
f 5610/5788/4580 5609/5794/4586 5806/5795/4587
f 5613/5796/4588 5612/5782/4574 5775/5706/4501
f 5807/5797/4589 5605/5798/4590 5604/5799/4591
f 5605/5798/4590 5808/5800/4592 5606/5786/4578
f 5608/5787/4579 5597/5713/4508 5609/5794/4586
f 5613/5796/4588 5594/5692/4487 5614/5793/4585
f 5741/5668/4463 5618/5777/4569 5590/5667/4462
f 5618/5777/4569 5734/5676/4471 5590/5667/4462
f 5618/5777/4569 5591/5675/4470 5734/5676/4471
f 5617/5780/4572 5592/5688/4483 5758/5687/4482
f 5757/5686/4481 5592/5688/4483 5809/5801/4593
f 5616/5792/4584 5809/5801/4593 5592/5688/4483
f 5617/5780/4572 5758/5687/4482 5591/5675/4470
f 5615/5790/4582 5593/5694/4489 5805/5791/4583
f 5769/5802/4594 5805/5791/4583 5593/5694/4489
f 5614/5793/4585 5768/5691/4486 5593/5694/4489
f 5613/5796/4588 5761/5701/4496 5594/5692/4487
f 5613/5796/4588 5775/5706/4501 5595/5700/4495
f 5613/5796/4588 5595/5700/4495 5761/5701/4496
f 5614/5793/4585 5594/5692/4487 5768/5691/4486
f 5805/5791/4583 5676/5803/4595 5809/5801/4593
f 5616/5792/4584 5805/5791/4583 5809/5801/4593
f 5612/5782/4574 5802/5781/4573 5596/5707/4502
f 5682/5804/4596 5596/5707/4502 5802/5781/4573
f 5683/5805/4597 5802/5781/4573 5804/5789/4581
f 5611/5783/4575 5804/5789/4581 5802/5781/4573
f 5609/5794/4586 5597/5713/4508 5806/5795/4587
f 5779/5806/4598 5806/5795/4587 5597/5713/4508
f 5608/5787/4579 5598/5711/4506 5778/5710/4505
f 5608/5787/4579 5778/5710/4505 5597/5713/4508
f 5806/5795/4587 5684/5807/4599 5804/5789/4581
f 5610/5788/4580 5806/5795/4587 5804/5789/4581
f 5607/5785/4577 5599/5716/4511 5782/5715/4510
f 5688/5808/4600 5599/5716/4511 5803/5784/4576
f 5607/5785/4577 5803/5784/4576 5599/5716/4511
f 5605/5798/4590 5810/5809/4601 5808/5800/4592
f 5690/5810/4602 5808/5800/4592 5810/5809/4601
f 5604/5799/4591 5639/5811/4591 5807/5797/4589
f 5810/5809/4601 5807/5797/4589 5690/5810/4602
f 5689/5812/4603 5803/5784/4576 5808/5800/4592
f 5605/5798/4590 5807/5797/4589 5810/5809/4601
f 5606/5786/4578 5808/5800/4592 5803/5784/4576
f 5608/5787/4579 5782/5715/4510 5598/5711/4506
f 5612/5782/4574 5596/5707/4502 5775/5706/4501
f 5639/5811/4591 5638/5813/4604 5807/5797/4589
f 5651/5814/4605 5695/5619/4414 5794/5745/4538
f 5653/5767/4559 5700/5768/4560 5704/5815/4606
f 5704/5815/4606 5700/5768/4560 5701/5627/4422
f 5709/5636/4431 5708/5635/4430 5706/5631/4426
f 5660/5773/4565 5659/5770/4562 5798/5757/4550
f 5658/5769/4561 5706/5631/4426 5582/5633/4428
f 5705/5626/4421 5702/5623/4418 5654/5816/4607
f 5702/5623/4418 5711/5637/4432 5656/5817/4608
f 5712/5638/4433 5662/5818/4609 5661/5819/4610
f 5661/5819/4610 5715/5641/4436 5712/5638/4433
f 5706/5631/4426 5657/5820/4611 5709/5636/4431
f 5661/5819/4610 5714/5772/4564 5715/5641/4436
f 5656/5817/4608 5711/5637/4432 5709/5636/4431
f 5793/5742/4535 5653/5767/4559 5652/5765/4557
f 5664/5779/4571 5586/5654/4449 5721/5821/4612
f 5721/5821/4612 5725/5822/4613 5665/5823/4614
f 5716/5643/4438 5585/5645/4440 5664/5779/4571
f 5727/5655/4450 5730/5660/4455 5729/5659/4454
f 5725/5822/4613 5721/5821/4612 5722/5651/4446
f 5663/5824/4615 5718/5646/4441 5716/5643/4438
f 5663/5824/4615 5716/5643/4438 5664/5779/4571
f 5726/5650/4445 5665/5823/4614 5725/5822/4613
f 5726/5650/4445 5723/5647/4442 5666/5825/4616
f 5732/5661/4456 5730/5660/4455 5667/5826/4617
f 5667/5826/4617 5723/5647/4442 5732/5661/4456
f 5664/5779/4571 5721/5821/4612 5665/5823/4614
f 5662/5818/4609 5718/5646/4441 5663/5824/4615
f 5662/5818/4609 5712/5638/4433 5718/5646/4441
f 5668/5827/4618 5730/5660/4455 5727/5655/4450
f 5654/5816/4607 5704/5815/4606 5705/5626/4421
f 5647/5760/4553 5646/5750/4543 5792/5741/4534
f 5646/5750/4543 5645/5758/4551 5795/5747/4540
f 5651/5814/4605 5650/5764/4556 5695/5619/4414
f 5648/5763/4555 5691/5614/4409 5649/5828/4619
f 5691/5614/4409 5650/5764/4556 5649/5828/4619
f 5651/5814/4605 5794/5745/4538 5652/5765/4557
f 5642/5731/4525 5787/5725/4520 5643/5736/4530
f 5786/5724/4519 5642/5731/4525 5641/5730/4524
f 5695/5619/4414 5650/5764/4556 5697/5622/4417
f 5790/5732/4526 5644/5735/4529 5643/5736/4530
f 5791/5734/4528 5645/5758/4551 5644/5735/4529
f 5647/5760/4553 5693/5761/4554 5648/5763/4555
f 5654/5816/4607 5653/5767/4559 5704/5815/4606
f 5655/5829/4620 5654/5816/4607 5702/5623/4418
f 5706/5631/4426 5658/5769/4561 5657/5820/4611
f 5656/5817/4608 5655/5829/4620 5702/5623/4418
f 5657/5820/4611 5656/5817/4608 5709/5636/4431
f 5800/5766/4558 5700/5768/4560 5653/5767/4559
f 5714/5772/4564 5661/5819/4610 5660/5773/4565
f 5660/5773/4565 5801/5771/4563 5714/5772/4564
f 5730/5660/4455 5668/5827/4618 5667/5826/4617
f 5723/5647/4442 5667/5826/4617 5666/5825/4616
f 5797/5753/4546 5659/5770/4562 5658/5769/4561
f 5726/5650/4445 5666/5825/4616 5665/5823/4614
f 5641/5730/4524 5640/5728/4522 5785/5721/4516
f 5640/5728/4522 5603/5762/4513 5784/5720/4515
f 5669/5830/4621 5668/5827/4618 5727/5655/4450
f 5749/5831/4622 5742/5778/4570 5743/5666/4461
f 5759/5689/4484 5757/5686/4481 5675/5832/4623
f 5770/5693/4488 5677/5833/4624 5769/5802/4594
f 5675/5832/4623 5757/5686/4481 5809/5801/4593
f 5759/5689/4484 5754/5670/4465 5733/5672/4467
f 5746/5834/4625 5749/5831/4622 5750/5665/4460
f 5746/5834/4625 5750/5665/4460 5739/5662/4457
f 5766/5835/4626 5677/5833/4624 5770/5693/4488
f 5673/5836/4627 5756/5673/4468 5754/5670/4465
f 5756/5673/4468 5751/5678/4473 5737/5680/4475
f 5805/5791/4583 5677/5833/4624 5676/5803/4595
f 5749/5831/4622 5669/5830/4621 5742/5778/4570
f 5771/5695/4490 5760/5697/4492 5776/5708/4503
f 5682/5804/4596 5774/5705/4500 5596/5707/4502
f 5684/5807/4599 5683/5805/4597 5804/5789/4581
f 5780/5712/4507 5777/5709/4504 5685/5837/4628
f 5685/5837/4628 5779/5806/4598 5780/5712/4507
f 5681/5838/4629 5776/5708/4503 5774/5705/4500
f 5678/5839/4630 5766/5835/4626 5767/5704/4499
f 5678/5839/4630 5767/5704/4499 5764/5703/4498
f 5783/5717/4512 5781/5714/4509 5687/5840/4631
f 5783/5717/4512 5686/5841/4632 5777/5709/4504
f 5680/5842/4633 5773/5698/4493 5771/5695/4490
f 5681/5838/4629 5771/5695/4490 5776/5708/4503
f 5773/5698/4493 5679/5843/4634 5764/5703/4498
f 5766/5835/4626 5770/5693/4488 5762/5690/4485
f 5754/5670/4465 5759/5689/4484 5674/5844/4635
f 5747/5685/4480 5670/5845/4636 5746/5834/4625
f 5669/5830/4621 5746/5834/4625 5670/5845/4636
f 5744/5684/4479 5670/5845/4636 5747/5685/4480
f 5671/5846/4637 5744/5684/4479 5753/5681/4476
f 5671/5846/4637 5753/5681/4476 5672/5847/4638
f 5751/5678/4473 5672/5847/4638 5753/5681/4476
f 5671/5846/4637 5670/5845/4636 5744/5684/4479
f 5674/5844/4635 5673/5836/4627 5754/5670/4465
f 5759/5689/4484 5675/5832/4623 5674/5844/4635
f 5676/5803/4595 5675/5832/4623 5809/5801/4593
f 5677/5833/4624 5805/5791/4583 5769/5802/4594
f 5672/5847/4638 5751/5678/4473 5673/5836/4627
f 5669/5830/4621 5749/5831/4622 5746/5834/4625
f 5766/5835/4626 5678/5839/4630 5677/5833/4624
f 5681/5838/4629 5680/5842/4633 5771/5695/4490
f 5680/5842/4633 5679/5843/4634 5773/5698/4493
f 5686/5841/4632 5685/5837/4628 5777/5709/4504
f 5686/5841/4632 5783/5717/4512 5687/5840/4631
f 5781/5714/4509 5688/5808/4600 5687/5840/4631
f 5690/5810/4602 5807/5797/4589 5638/5813/4604
f 5682/5804/4596 5681/5838/4629 5774/5705/4500
f 5679/5843/4634 5678/5839/4630 5764/5703/4498
f 5683/5805/4597 5682/5804/4596 5802/5781/4573
f 5806/5795/4587 5779/5806/4598 5684/5807/4599
f 5688/5808/4600 5803/5784/4576 5689/5812/4603
f 5690/5810/4602 5689/5812/4603 5808/5800/4592
f 5779/5806/4598 5685/5837/4628 5684/5807/4599
f 5756/5673/4468 5673/5836/4627 5751/5678/4473
f 5669/5830/4621 5727/5655/4450 5742/5778/4570
f 5599/5716/4511 5688/5808/4600 5781/5714/4509
f 5850/5848/3492 5851/5849/3492 5813/5850/3492
f 5852/5851/3492 5811/5852/3492 5851/5849/3492
f 5863/5853/3492 5851/5849/3492 5811/5852/3492
f 5851/5849/3492 5814/5854/3492 5813/5850/3492
f 5814/5854/3492 5863/5853/3492 5812/5855/3492
f 5863/5853/3492 5814/5854/3492 5851/5849/3492
f 5853/5856/3492 5854/5857/3492 5815/5858/3492
f 5855/5859/3492 5813/5850/3492 5854/5857/3492
f 5854/5857/3492 5859/5860/3492 5815/5858/3492
f 5859/5860/3492 5814/5854/3492 5816/5861/3492
f 5814/5854/3492 5854/5857/3492 5813/5850/3492
f 5854/5857/3492 5814/5854/3492 5859/5860/3492
f 5821/5862/3492 5849/5863/3492 5822/5864/3492
f 5840/5865/3492 5822/5864/3492 5849/5863/3492
f 5811/5852/3492 5849/5863/3492 5821/5862/3492
f 5863/5853/3492 5821/5862/3492 5820/5866/3492
f 5863/5853/3492 5820/5866/3492 5812/5855/3492
f 5841/5867/3492 5849/5863/3492 5852/5851/3492
f 5852/5851/3492 5842/5868/3492 5841/5867/3492
f 5843/5869/3492 5852/5851/3492 5850/5848/3492
f 5843/5869/3492 5850/5848/3492 5844/5870/3492
f 5845/5871/3492 5844/5870/3492 5850/5848/3492
f 5835/5872/3492 5834/5873/3492 5832/5874/3492
f 5835/5872/3492 5832/5874/3492 5831/5875/3492
f 5833/5876/3492 5832/5874/3492 5866/5877/3492
f 5834/5873/3492 5866/5877/3492 5832/5874/3492
f 5831/5875/3492 5836/5878/3492 5835/5872/3492
f 5862/5879/3492 5861/5880/3492 5830/5881/3492
f 5820/5866/3492 5862/5879/3492 5812/5855/3492
f 5812/5855/3492 5862/5879/3492 5829/5882/3492
f 5836/5878/3492 5831/5875/3492 5860/5883/3492
f 5830/5881/3492 5860/5883/3492 5831/5875/3492
f 5861/5880/3492 5860/5883/3492 5830/5881/3492
f 5830/5881/3492 5829/5882/3492 5862/5879/3492
f 5814/5854/3492 5812/5855/3492 5829/5882/3492
f 5855/5859/3492 5846/5884/3492 5845/5871/3492
f 5855/5859/3492 5847/5885/3492 5846/5884/3492
f 5853/5856/3492 5847/5885/3492 5855/5859/3492
f 5845/5871/3492 5850/5848/3492 5855/5859/3492
f 5818/5886/3492 5817/5887/3492 5853/5856/3492
f 5848/5888/3492 5853/5856/3492 5817/5887/3492
f 5815/5858/3492 5818/5886/3492 5853/5856/3492
f 5859/5860/3492 5818/5886/3492 5815/5858/3492
f 5856/5889/3492 5819/5890/3492 5816/5861/3492
f 5859/5860/3492 5816/5861/3492 5819/5890/3492
f 5859/5860/3492 5819/5890/3492 5818/5886/3492
f 5827/5891/3492 5816/5861/3492 5814/5854/3492
f 5826/5892/3492 5858/5893/3492 5857/5894/3492
f 5826/5892/3492 5857/5894/3492 5856/5889/3492
f 5827/5891/3492 5814/5854/3492 5828/5895/3492
f 5858/5893/3492 5826/5892/3492 5825/5896/3492
f 5826/5892/3492 5856/5889/3492 5827/5891/3492
f 5825/5896/3492 5837/5897/3492 5858/5893/3492
f 5856/5889/3492 5816/5861/3492 5827/5891/3492
f 5824/5898/3492 5838/5899/3492 5825/5896/3492
f 5839/5900/3492 5838/5899/3492 5824/5898/3492
f 5865/5901/3492 5824/5898/3492 5823/5902/3492
f 5824/5898/3492 5865/5901/3492 5864/5903/3492
f 5864/5903/3492 5839/5900/3492 5824/5898/3492
f 5837/5897/3492 5825/5896/3492 5838/5899/3492
f 5829/5882/3492 5828/5895/3492 5814/5854/3492
f 5882/5904/4639 5881/5905/4640 5867/5906/4641
f 5901/5907/4642 5867/5906/4641 5899/5908/4643
f 5885/5909/4644 5884/5910/4645 5868/5911/4646
f 5867/5906/4641 5886/5912/4647 5885/5909/4644
f 5899/5908/4643 5885/5909/4644 5900/5913/4648
f 5900/5913/4648 5868/5911/4646 5897/5914/4645
f 5888/5915/4649 5887/5916/4650 5869/5917/4651
f 5868/5911/4646 5889/5918/4652 5888/5915/4649
f 5897/5914/4645 5888/5915/4649 5898/5919/4653
f 5898/5919/4653 5869/5917/4651 5895/5920/4650
f 5869/5917/4651 5891/5921/4654 5890/5922/4655
f 5895/5920/4650 5890/5922/4655 5896/5923/4656
f 5876/5924/3269 5877/5925/4657 5883/5926/4658
f 5878/5927/4659 5883/5926/4658 5877/5925/4657
f 5883/5926/4658 5882/5904/4639 5876/5924/3269
f 5886/5912/4647 5881/5905/4640 5878/5927/4659
f 5886/5912/4647 5879/5928/4660 5884/5910/4645
f 5879/5928/4660 5886/5912/4647 5878/5927/4659
f 5901/5907/4642 5875/5929/3269 5882/5904/4639
f 5876/5924/3269 5882/5904/4639 5875/5929/3269
f 5894/5930/4661 5901/5907/4642 5899/5908/4643
f 5875/5929/3269 5901/5907/4642 5874/5931/4662
f 5894/5930/4661 5899/5908/4643 5900/5913/4648
f 5897/5914/4645 5893/5932/4660 5900/5913/4648
f 5894/5930/4661 5900/5913/4648 5893/5932/4660
f 5887/5916/4650 5889/5918/4652 5880/5933/4663
f 5879/5928/4660 5880/5933/4663 5889/5918/4652
f 5891/5921/4654 5880/5933/4663 5870/5934/4664
f 5870/5934/4664 5872/5935/1037 5891/5921/4654
f 5887/5916/4650 5880/5933/4663 5891/5921/4654
f 5891/5921/4654 5872/5935/1037 5890/5922/4655
f 5892/5936/4663 5898/5919/4653 5895/5920/4650
f 5898/5919/4653 5892/5936/4663 5893/5932/4660
f 5892/5936/4663 5895/5920/4650 5896/5923/4656
f 5898/5919/4653 5893/5932/4660 5897/5914/4645
f 5896/5923/4656 5890/5922/4655 5873/5937/1037
f 5872/5935/1037 5873/5937/1037 5890/5922/4655
f 5892/5936/4663 5896/5923/4656 5871/5938/3402
f 5873/5937/1037 5871/5938/3402 5896/5923/4656
f 5889/5918/4652 5884/5910/4645 5879/5928/4660
f 5916/5939/4665 5915/5940/4666 5904/5941/4667
f 5936/5942/4668 5904/5941/4667 5934/5943/4669
f 5919/5944/4670 5918/5945/4671 5905/5946/4672
f 5904/5941/4667 5920/5947/4673 5919/5944/4670
f 5934/5943/4669 5919/5944/4670 5935/5948/4674
f 5935/5948/4674 5905/5946/4672 5932/5949/4675
f 5922/5950/4676 5921/5951/4677 5906/5952/4678
f 5905/5946/4672 5923/5953/4679 5922/5950/4676
f 5932/5949/4675 5922/5950/4676 5933/5954/4680
f 5933/5954/4680 5906/5952/4678 5930/5955/4681
f 5906/5952/4678 5925/5956/4682 5924/5957/4683
f 5930/5955/4681 5924/5957/4683 5931/5958/4683
f 5908/5959/800 5902/5960/4684 5917/5961/4685
f 5912/5962/4686 5917/5961/4685 5902/5960/4684
f 5917/5961/4685 5916/5939/4665 5908/5959/800
f 5912/5962/4686 5920/5947/4673 5915/5940/4666
f 5917/5961/4685 5912/5962/4686 5915/5940/4666
f 5936/5942/4668 5907/5963/800 5916/5939/4665
f 5908/5959/800 5916/5939/4665 5907/5963/800
f 5929/5964/4687 5903/5965/3405 5936/5942/4668
f 5907/5963/800 5936/5942/4668 5903/5965/3405
f 5929/5964/4687 5934/5943/4669 5935/5948/4674
f 5935/5948/4674 5928/5966/4688 5929/5964/4687
f 5932/5949/4675 5928/5966/4688 5935/5948/4674
f 5936/5942/4668 5934/5943/4669 5929/5964/4687
f 5913/5967/4689 5918/5945/4671 5920/5947/4673
f 5918/5945/4671 5913/5967/4689 5923/5953/4679
f 5914/5968/4690 5923/5953/4679 5913/5967/4689
f 5921/5951/4677 5923/5953/4679 5914/5968/4690
f 5921/5951/4677 5914/5968/4690 5925/5956/4682
f 5909/5969/4691 5925/5956/4682 5914/5968/4690
f 5909/5969/4691 5910/5970/2770 5925/5956/4682
f 5924/5957/4683 5925/5956/4682 5910/5970/2770
f 5928/5966/4688 5933/5954/4680 5927/5971/4692
f 5931/5958/4683 5927/5971/4692 5930/5955/4681
f 5933/5954/4680 5930/5955/4681 5927/5971/4692
f 5931/5958/4683 5924/5957/4683 5911/5972/2770
f 5910/5970/2770 5911/5972/2770 5924/5957/4683
f 5927/5971/4692 5931/5958/4683 5926/5973/4693
f 5911/5972/2770 5926/5973/4693 5931/5958/4683
f 5938/5974/4694 5954/5975/4695 5955/5976/4696
f 5957/5977/4697 5945/5978/4698 5956/5979/4699
f 5953/5980/4700 5944/5981/4701 5957/5977/4697
f 5956/5979/4699 5946/5982/4702 5955/5976/4696
f 5946/5982/4702 5937/5983/4703 5938/5974/4694
f 5955/5976/4696 5946/5982/4702 5938/5974/4694
f 5949/5984/4704 5942/5985/4705 5943/5986/4706
f 5951/5987/4707 5940/5988/4708 5941/5989/4709
f 5948/5990/3411 5952/5991/4710 5947/5992/3414
f 5950/5993/4711 5941/5989/4709 5942/5985/4705
f 5939/5994/4712 5940/5988/4708 5948/5990/3411
f 5948/5990/3411 5940/5988/4708 5952/5991/4710
f 5953/5980/4700 5949/5984/4704 5943/5986/4706
f 5967/5995/4713 5958/5996/4714 5968/5997/4714
f 5962/5998/4713 5963/5999/4713 5967/5995/4713
f 5967/5995/4713 5964/6000/4713 5959/6001/4713
f 5967/5995/4713 5963/5999/4713 5964/6000/4713
f 5969/6002/4714 5967/5995/4713 5968/5997/4714
f 5966/6003/4713 5969/6002/4714 5965/6004/4714
f 5967/5995/4713 5966/6003/4713 5962/5998/4713
f 5966/6003/4713 5961/6005/4713 5962/5998/4713
f 5966/6003/4713 5960/6006/4713 5961/6005/4713
f 5969/6002/4714 5966/6003/4713 5967/5995/4713
f 5974/6007/4715 5987/6008/4716 5988/6009/4717
f 5990/6010/4718 5980/6011/4719 5989/6012/4720
f 5986/6013/4721 5979/6014/4722 5990/6010/4718
f 5989/6012/4720 5981/6015/4723 5988/6009/4717
f 5981/6015/4723 5973/6016/4715 5974/6007/4715
f 5988/6009/4717 5981/6015/4723 5974/6007/4715
f 5982/6017/4724 5977/6018/4725 5978/6019/4726
f 5984/6020/4727 5975/6021/4728 5976/6022/4729
f 5972/6023/4730 5985/6024/4731 5971/6025/4732
f 5983/6026/4733 5976/6022/4729 5977/6018/4725
f 5970/6027/4734 5975/6021/4728 5972/6023/4730
f 5972/6023/4730 5975/6021/4728 5985/6024/4731
f 5986/6013/4721 5982/6017/4724 5978/6019/4726
f 5999/6028/3380 5991/6029/3380 5992/6030/3380
f 5999/6028/3380 5992/6030/3380 5993/6031/3380
f 5998/6032/3380 5999/6028/3380 6002/6033/3380
f 5999/6028/3380 6001/6034/3380 6002/6033/3380
f 5994/6035/3380 5999/6028/3380 5993/6031/3380
f 5997/6036/3380 5994/6035/3380 5995/6037/3380
f 5997/6036/3380 5995/6037/3380 5996/6038/3380
f 6000/6039/3380 6001/6034/3380 5997/6036/3380
f 5997/6036/3380 6001/6034/3380 5999/6028/3380
f 5994/6035/3380 5997/6036/3380 5999/6028/3380
f 6019/6040/1049 6006/6041/3492 6003/6042/1049
f 6020/6043/3492 6019/6040/1049 6018/6044/1049
f 6022/6045/3492 6017/6046/1046 6016/6047/1046
f 6022/6045/3492 6016/6047/1046 6015/6048/1049
f 6017/6046/1046 6021/6049/3492 6018/6044/1049
f 6024/6050/3492 6014/6051/1049 6013/6052/1049
f 6004/6053/1049 6024/6050/3492 6013/6052/1049
f 6026/6054/3492 6012/6055/1049 6011/6056/1046
f 6027/6057/3492 6010/6058/1046 6009/6059/1049
f 6027/6057/3492 6011/6056/1046 6010/6058/1046
f 6012/6055/1049 6025/6060/3492 6004/6053/1049
f 6014/6051/1049 6023/6061/3492 6015/6048/1049
f 6020/6043/3492 6018/6044/1049 6021/6049/3492
f 6022/6045/3492 6015/6048/1049 6023/6061/3492
f 6007/6062/3492 6008/6063/1049 6005/6064/1049
f 6026/6054/3492 6025/6060/3492 6012/6055/1049
f 6027/6057/3492 6009/6059/1049 6028/6065/3492
f 6009/6059/1049 6008/6063/1049 6028/6065/3492
f 6044/6066/4735 6029/6067/4736 6040/6068/4737
f 6041/6069/4738 6044/6066/4735 6042/6070/4739
f 6029/6067/4736 6044/6066/4735 6041/6069/4738
f 6040/6068/4737 6046/6071/4740 6044/6066/4735
f 6046/6071/4740 6042/6070/4739 6044/6066/4735
f 6076/6072/4741 6041/6069/4738 6078/6073/4742
f 6030/6074/4743 6049/6075/4744 6048/6076/4745
f 6051/6077/4746 6048/6076/4745 6049/6075/4744
f 6029/6067/4736 6051/6077/4746 6040/6068/4737
f 6048/6076/4745 6051/6077/4746 6029/6067/4736
f 6050/6078/4747 6051/6077/4746 6049/6075/4744
f 6052/6079/4748 6040/6068/4737 6051/6077/4746
f 6077/6080/4749 6029/6067/4736 6076/6072/4741
f 6030/6074/4743 6077/6080/4749 6065/6081/4750
f 6053/6082/4751 6054/6083/4752 6031/6084/4753
f 6055/6085/4754 6030/6074/4743 6054/6083/4752
f 6070/6086/4755 6066/6087/4756 6068/6088/4757
f 6064/6089/4758 6070/6086/4755 6067/6090/4759
f 6075/6091/4760 6065/6081/4750 6073/6092/4761
f 6066/6087/4756 6075/6091/4760 6068/6088/4757
f 6074/6093/4762 6030/6074/4743 6065/6081/4750
f 6054/6083/4752 6074/6093/4762 6066/6087/4756
f 6030/6074/4743 6074/6093/4762 6054/6083/4752
f 6069/6094/4763 6054/6083/4752 6066/6087/4756
f 6031/6084/4753 6069/6094/4763 6064/6089/4758
f 6054/6083/4752 6069/6094/4763 6031/6084/4753
f 6072/6095/4764 6031/6084/4753 6064/6089/4758
f 6045/6096/4765 6034/6097/4766 6033/6098/4767
f 6034/6097/4766 6045/6096/4765 6046/6071/4740
f 6080/6099/4768 6045/6096/4765 6033/6098/4767
f 6046/6071/4740 6043/6100/4769 6034/6097/4766
f 6050/6078/4747 6037/6101/4770 6036/6102/4771
f 6052/6079/4748 6036/6102/4771 6035/6103/4772
f 6035/6103/4772 6043/6100/4769 6052/6079/4748
f 6036/6102/4771 6052/6079/4748 6050/6078/4747
f 6049/6075/4744 6047/6104/4773 6050/6078/4747
f 6034/6097/4766 6043/6100/4769 6035/6103/4772
f 6079/6105/4774 6041/6069/4738 6080/6099/4768
f 6041/6069/4738 6042/6070/4739 6080/6099/4768
f 6063/6106/4775 6078/6073/4742 6079/6105/4774
f 6062/6107/4776 6078/6073/4742 6063/6106/4775
f 6061/6108/4777 6077/6080/4749 6076/6072/4741
f 6062/6107/4776 6061/6108/4777 6076/6072/4741
f 6073/6092/4761 6061/6108/4777 6060/6109/4778
f 6073/6092/4761 6077/6080/4749 6061/6108/4777
f 6078/6073/4742 6062/6107/4776 6076/6072/4741
f 6050/6078/4747 6047/6104/4773 6037/6101/4770
f 6055/6085/4754 6039/6110/4779 6038/6111/4780
f 6038/6111/4780 6047/6104/4773 6055/6085/4754
f 6053/6082/4751 6039/6110/4779 6055/6085/4754
f 6037/6101/4770 6047/6104/4773 6038/6111/4780
f 6081/6112/4781 6032/6113/4782 6053/6082/4751
f 6039/6110/4779 6053/6082/4751 6032/6113/4782
f 6071/6114/4783 6081/6112/4781 6053/6082/4751
f 6053/6082/4751 6031/6084/4753 6071/6114/4783
f 6081/6112/4781 6071/6114/4783 6082/6115/4784
f 6071/6114/4783 6072/6095/4764 6082/6115/4784
f 6060/6109/4778 6059/6116/4785 6075/6091/4760
f 6058/6117/4786 6068/6088/4757 6059/6116/4785
f 6075/6091/4760 6059/6116/4785 6068/6088/4757
f 6070/6086/4755 6068/6088/4757 6058/6117/4786
f 6073/6092/4761 6060/6109/4778 6075/6091/4760
f 6072/6095/4764 6064/6089/4758 6067/6090/4759
f 6057/6118/4787 6072/6095/4764 6067/6090/4759
f 6070/6086/4755 6057/6118/4787 6067/6090/4759
f 6056/6119/4788 6072/6095/4764 6057/6118/4787
f 6056/6119/4788 6082/6115/4784 6072/6095/4764
f 6058/6117/4786 6057/6118/4787 6070/6086/4755
f 6077/6080/4749 6073/6092/4761 6065/6081/4750
f 6124/6120/4789 6123/6121/4790 6125/6122/4791
f 6119/6123/4792 6124/6120/4789 6125/6122/4791
f 6140/6124/4793 6111/6125/4794 6136/6126/4795
f 6124/6120/4789 6140/6124/4793 6138/6127/4796
f 6111/6125/4794 6140/6124/4793 6124/6120/4789
f 6138/6127/4796 6122/6128/4797 6124/6120/4789
f 6139/6129/4798 6140/6124/4793 6136/6126/4795
f 6142/6130/4799 6138/6127/4796 6140/6124/4793
f 6118/6131/4800 6112/6132/4801 6116/6133/4802
f 6092/6134/4803 6118/6131/4800 6108/6135/4804
f 6120/6136/4805 6119/6123/4792 6121/6137/4806
f 6116/6133/4802 6120/6136/4805 6121/6137/4806
f 6149/6138/4807 6112/6132/4801 6143/6139/4808
f 6120/6136/4805 6149/6138/4807 6144/6140/4809
f 6112/6132/4801 6149/6138/4807 6120/6136/4805
f 6146/6141/4810 6120/6136/4805 6144/6140/4809
f 6111/6125/4794 6146/6141/4810 6136/6126/4795
f 6120/6136/4805 6146/6141/4810 6111/6125/4794
f 6144/6140/4809 6147/6142/4811 6146/6141/4810
f 6147/6142/4811 6136/6126/4795 6146/6141/4810
f 6143/6139/4808 6150/6143/4812 6149/6138/4807
f 6150/6143/4812 6144/6140/4809 6149/6138/4807
f 6151/6144/4813 6117/6145/4814 6092/6134/4803
f 6117/6145/4814 6143/6139/4808 6112/6132/4801
f 6100/6146/4815 6099/6147/4816 6101/6148/4817
f 6098/6149/4818 6100/6146/4815 6101/6148/4817
f 6107/6150/4819 6095/6151/4820 6105/6152/4821
f 6099/6147/4816 6106/6153/4822 6107/6150/4819
f 6106/6153/4822 6093/6154/4821 6095/6151/4820
f 6096/6155/4823 6106/6153/4822 6097/6156/4824
f 6093/6154/4821 6106/6153/4822 6096/6155/4823
f 6100/6146/4815 6096/6155/4823 6097/6156/4824
f 6090/6157/4825 6100/6146/4815 6094/6158/4826
f 6096/6155/4823 6100/6146/4815 6090/6157/4825
f 6114/6159/4827 6113/6160/4828 6115/6161/4829
f 6095/6151/4820 6115/6161/4829 6105/6152/4821
f 6110/6162/4830 6092/6134/4803 6108/6135/4804
f 6114/6159/4827 6109/6163/4831 6110/6162/4830
f 6093/6154/4821 6114/6159/4827 6095/6151/4820
f 6109/6163/4831 6114/6159/4827 6093/6154/4821
f 6093/6154/4821 6154/6164/4832 6109/6163/4831
f 6109/6163/4831 6151/6144/4813 6092/6134/4803
f 6090/6157/4825 6156/6165/4833 6096/6155/4823
f 6156/6165/4833 6093/6154/4821 6096/6155/4823
f 6103/6166/4834 6094/6158/4826 6104/6167/4835
f 6102/6168/4836 6103/6166/4834 6104/6167/4835
f 6141/6169/4837 6129/6170/4838 6128/6171/4839
f 6142/6130/4799 6129/6170/4838 6141/6169/4837
f 6137/6172/4840 6141/6169/4837 6128/6171/4839
f 6138/6127/4796 6141/6169/4837 6137/6172/4840
f 6129/6170/4838 6142/6130/4799 6139/6129/4798
f 6139/6129/4798 6147/6142/4811 6129/6170/4838
f 6127/6173/4841 6137/6172/4840 6128/6171/4839
f 6131/6174/4842 6130/6175/4843 6150/6143/4812
f 6131/6174/4842 6148/6176/4844 6152/6177/4845
f 6130/6175/4843 6147/6142/4811 6145/6178/4846
f 6131/6174/4842 6150/6143/4812 6148/6176/4844
f 6150/6143/4812 6130/6175/4843 6145/6178/4846
f 6152/6177/4845 6132/6179/4847 6131/6174/4842
f 6129/6170/4838 6147/6142/4811 6130/6175/4843
f 6123/6121/4790 6122/6128/4797 6127/6173/4841
f 6122/6128/4797 6137/6172/4840 6127/6173/4841
f 6126/6180/4848 6123/6121/4790 6127/6173/4841
f 6126/6180/4848 6089/6181/4849 6123/6121/4790
f 6125/6122/4791 6123/6121/4790 6089/6181/4849
f 6121/6137/4806 6119/6123/4792 6089/6181/4849
f 6125/6122/4791 6089/6181/4849 6119/6123/4792
f 6148/6176/4844 6143/6139/4808 6152/6177/4845
f 6118/6131/4800 6116/6133/4802 6088/6182/4850
f 6121/6137/4806 6088/6182/4850 6116/6133/4802
f 6088/6182/4850 6087/6183/4851 6118/6131/4800
f 6118/6131/4800 6087/6183/4851 6108/6135/4804
f 6089/6181/4849 6088/6182/4850 6121/6137/4806
f 6151/6144/4813 6132/6179/4847 6152/6177/4845
f 6151/6144/4813 6154/6164/4832 6132/6179/4847
f 6133/6184/4852 6132/6179/4847 6154/6164/4832
f 6153/6185/4853 6133/6184/4852 6154/6164/4832
f 6113/6160/4828 6110/6162/4830 6108/6135/4804
f 6133/6184/4852 6153/6185/4853 6156/6165/4833
f 6156/6165/4833 6134/6186/4854 6133/6184/4852
f 6091/6187/4855 6134/6186/4854 6155/6188/4856
f 6135/6189/4857 6134/6186/4854 6091/6187/4855
f 6155/6188/4856 6090/6157/4825 6103/6166/4834
f 6135/6189/4857 6091/6187/4855 6157/6190/3492
f 6091/6187/4855 6155/6188/4856 6103/6166/4834
f 6134/6186/4854 6156/6165/4833 6155/6188/4856
f 6157/6190/3492 6091/6187/4855 6102/6168/4836
f 6086/6191/4858 6115/6161/4829 6113/6160/4828
f 6086/6191/4858 6105/6152/4821 6115/6161/4829
f 6085/6192/4859 6107/6150/4819 6086/6191/4858
f 6105/6152/4821 6086/6191/4858 6107/6150/4819
f 6101/6148/4817 6099/6147/4816 6085/6192/4859
f 6107/6150/4819 6085/6192/4859 6099/6147/4816
f 6087/6183/4851 6086/6191/4858 6113/6160/4828
f 6098/6149/4818 6104/6167/4835 6094/6158/4826
f 6084/6193/4860 6102/6168/4836 6104/6167/4835
f 6085/6192/4859 6084/6193/4860 6101/6148/4817
f 6098/6149/4818 6101/6148/4817 6084/6193/4860
f 6098/6149/4818 6084/6193/4860 6104/6167/4835
f 6083/6194/4861 6102/6168/4836 6084/6193/4860
f 6083/6194/4861 6157/6190/3492 6102/6168/4836
f 6087/6183/4851 6113/6160/4828 6108/6135/4804
f 6246/6195/4862 6185/6196/3392 6245/6197/4863
f 6249/6198/3380 6248/6199/3389 6250/6200/4863
f 6250/6200/4863 6185/6196/3392 6249/6198/3380
f 6251/6201/4864 6252/6202/3392 6247/6203/4865
f 6248/6199/3389 6252/6202/3392 6253/6204/4863
f 6257/6205/3389 6255/6206/4866 6256/6207/4863
f 6247/6203/4865 6257/6205/3389 6251/6201/4864
f 6259/6208/3389 6254/6209/4867 6258/6210/4863
f 6255/6206/4866 6259/6208/3389 6256/6207/4863
f 6262/6211/4868 6261/6212/3389 6263/6213/4869
f 6263/6213/4869 6254/6209/4867 6262/6211/4868
f 6264/6214/4870 6265/6215/4868 6260/6216/3380
f 6261/6212/3389 6265/6215/4868 6266/6217/4863
f 6270/6218/4871 6268/6219/4868 6269/6220/4863
f 6260/6216/3380 6270/6218/4871 6264/6214/4870
f 6272/6221/3389 6267/6222/3384 6271/6223/3392
f 6268/6219/4868 6272/6221/3389 6269/6220/4863
f 6274/6224/3380 6273/6225/3389 6275/6226/4871
f 6275/6226/4871 6267/6222/3384 6274/6224/3380
f 6276/6227/4864 6277/6228/3380 6180/6229/3393
f 6273/6225/3389 6277/6228/3380 6278/6230/4863
f 6180/6229/3393 6279/6231/4872 6276/6227/4864
f 6339/6232/3395 6194/6233/3380 6338/6234/4873
f 6195/6235/4874 6339/6232/3395 6337/6236/4875
f 6246/6195/4862 6197/6237/3380 6196/6238/3380
f 6245/6197/4863 6199/6239/4863 6198/6240/4869
f 6250/6200/4863 6200/6241/3380 6199/6239/4863
f 6245/6197/4863 6198/6240/4869 6197/6237/3380
f 6248/6199/3389 6202/6242/4869 6201/6243/3380
f 6248/6199/3389 6203/6244/3380 6202/6242/4869
f 6253/6204/4863 6205/6245/4869 6204/6246/4876
f 6253/6204/4863 6206/6247/4863 6205/6245/4869
f 6253/6204/4863 6204/6246/4876 6203/6244/3380
f 6250/6200/4863 6201/6243/3380 6200/6241/3380
f 6246/6195/4862 6321/6248/3384 6320/6249/4877
f 6246/6195/4862 6196/6238/3380 6321/6248/3384
f 6246/6195/4862 6320/6249/4877 6181/6250/3384
f 6245/6197/4863 6197/6237/3380 6246/6195/4862
f 6199/6239/4863 6245/6197/4863 6250/6200/4863
f 6185/6196/3392 6246/6195/4862 6175/6251/4878
f 6248/6199/3389 6201/6243/3380 6250/6200/4863
f 6253/6204/4863 6203/6244/3380 6248/6199/3389
f 6252/6202/3392 6248/6199/3389 6174/6252/4879
f 6249/6198/3380 6174/6252/4879 6248/6199/3389
f 6173/6253/4880 6247/6203/4865 6252/6202/3392
f 6253/6204/4863 6251/6201/4864 6206/6247/4863
f 6174/6252/4879 6249/6198/3380 6185/6196/3392
f 6251/6201/4864 6207/6254/3380 6206/6247/4863
f 6208/6255/3380 6251/6201/4864 6257/6205/3389
f 6257/6205/3389 6210/6256/3380 6209/6257/4863
f 6256/6207/4863 6211/6258/3380 6210/6256/3380
f 6257/6205/3389 6209/6257/4863 6208/6255/3380
f 6259/6208/3389 6213/6259/3380 6212/6260/3380
f 6259/6208/3389 6214/6261/4863 6213/6259/3380
f 6258/6210/4863 6216/6262/3380 6215/6263/3380
f 6258/6210/4863 6217/6264/3380 6216/6262/3380
f 6258/6210/4863 6215/6263/3380 6214/6261/4863
f 6256/6207/4863 6212/6260/3380 6211/6258/3380
f 6256/6207/4863 6210/6256/3380 6257/6205/3389
f 6259/6208/3389 6212/6260/3380 6256/6207/4863
f 6255/6206/4866 6172/6265/4881 6259/6208/3389
f 6263/6213/4869 6217/6264/3380 6258/6210/4863
f 6259/6208/3389 6258/6210/4863 6214/6261/4863
f 6173/6253/4880 6257/6205/3389 6247/6203/4865
f 6219/6266/3380 6263/6213/4869 6261/6212/3389
f 6261/6212/3389 6220/6267/3380 6219/6266/3380
f 6266/6217/4863 6221/6268/3380 6261/6212/3389
f 6220/6267/3380 6261/6212/3389 6221/6268/3380
f 6265/6215/4868 6261/6212/3389 6171/6269/4882
f 6263/6213/4869 6218/6270/4876 6217/6264/3380
f 6255/6206/4866 6257/6205/3389 6173/6253/4880
f 6184/6271/3392 6317/6272/4883 6316/6273/3392
f 6316/6273/3392 6311/6274/3380 6184/6271/3392
f 6311/6274/3380 6310/6275/3380 6312/6276/3380
f 6317/6272/4883 6183/6277/3395 6318/6278/4884
f 6182/6279/4885 6181/6250/3384 6319/6280/4886
f 6181/6250/3384 6320/6249/4877 6319/6280/4886
f 6318/6278/4884 6183/6277/3395 6182/6279/4885
f 6183/6277/3395 6317/6272/4883 6184/6271/3392
f 6184/6271/3392 6311/6274/3380 6312/6276/3380
f 6318/6278/4884 6182/6279/4885 6319/6280/4886
f 6313/6281/3380 6312/6276/3380 6310/6275/3380
f 6186/6282/3392 6313/6281/3380 6309/6283/3392
f 6310/6275/3380 6309/6283/3392 6313/6281/3380
f 6326/6284/3392 6186/6282/3392 6309/6283/3392
f 6325/6285/4887 6187/6286/3390 6326/6284/3392
f 6188/6287/3381 6325/6285/4887 6324/6288/4887
f 6186/6282/3392 6326/6284/3392 6187/6286/3390
f 6324/6288/4887 6323/6289/4888 6189/6290/4889
f 6188/6287/3381 6324/6288/4887 6189/6290/4889
f 6322/6291/4876 6158/6292/4876 6323/6289/4888
f 6189/6290/4889 6323/6289/4888 6158/6292/4876
f 6308/6293/3392 6158/6292/4876 6322/6291/4876
f 6187/6286/3390 6325/6285/4887 6188/6287/3381
f 6181/6250/3384 6175/6251/4878 6246/6195/4862
f 6173/6253/4880 6252/6202/3392 6174/6252/4879
f 6307/6294/4871 6158/6292/4876 6308/6293/3392
f 6307/6294/4871 6159/6295/4871 6158/6292/4876
f 6304/6296/4871 6160/6297/4871 6159/6295/4871
f 6262/6211/4868 6254/6209/4867 6172/6265/4881
f 6255/6206/4866 6173/6253/4880 6172/6265/4881
f 6171/6269/4882 6262/6211/4868 6172/6265/4881
f 6160/6297/4871 6300/6298/4871 6161/6299/4871
f 6171/6269/4882 6261/6212/3389 6262/6211/4868
f 6185/6196/3392 6175/6251/4878 6174/6252/4879
f 6298/6300/4871 6162/6301/4871 6161/6299/4871
f 6159/6295/4871 6306/6302/4871 6305/6303/4871
f 6160/6297/4871 6303/6304/4871 6302/6305/4866
f 6304/6296/4871 6159/6295/4871 6305/6303/4871
f 6161/6299/4871 6300/6298/4871 6299/6306/4871
f 6162/6301/4871 6297/6307/4871 6296/6308/4871
f 6298/6300/4871 6161/6299/4871 6299/6306/4871
f 6301/6309/4871 6160/6297/4871 6302/6305/4866
f 6296/6308/4871 6295/6310/4871 6162/6301/4871
f 6254/6209/4867 6259/6208/3389 6172/6265/4881
f 6264/6214/4870 6224/6311/3380 6223/6312/4863
f 6264/6214/4870 6226/6313/3380 6225/6314/3380
f 6270/6218/4871 6227/6315/3380 6226/6313/3380
f 6264/6214/4870 6225/6314/3380 6224/6311/3380
f 6269/6220/4863 6229/6316/4869 6228/6317/4863
f 6269/6220/4863 6230/6318/3380 6229/6316/4869
f 6272/6221/3389 6232/6319/4863 6231/6320/3380
f 6271/6223/3392 6233/6321/3380 6232/6319/4863
f 6272/6221/3389 6231/6320/3380 6230/6318/3380
f 6270/6218/4871 6228/6317/4863 6227/6315/3380
f 6223/6312/4863 6266/6217/4863 6264/6214/4870
f 6226/6313/3380 6264/6214/4870 6270/6218/4871
f 6170/6322/4890 6260/6216/3380 6265/6215/4868
f 6270/6218/4871 6260/6216/3380 6170/6322/4890
f 6170/6322/4890 6268/6219/4868 6270/6218/4871
f 6170/6322/4890 6265/6215/4868 6171/6269/4882
f 6230/6318/3380 6269/6220/4863 6272/6221/3389
f 6232/6319/4863 6272/6221/3389 6271/6223/3392
f 6268/6219/4868 6169/6323/4891 6272/6221/3389
f 6267/6222/3384 6272/6221/3389 6169/6323/4891
f 6274/6224/3380 6267/6222/3384 6169/6323/4891
f 6170/6322/4890 6169/6323/4891 6268/6219/4868
f 6269/6220/4863 6228/6317/4863 6270/6218/4871
f 6271/6223/3392 6234/6324/4863 6233/6321/3380
f 6222/6325/3384 6266/6217/4863 6223/6312/4863
f 6235/6326/3380 6234/6324/4863 6275/6226/4871
f 6236/6327/3380 6235/6326/3380 6275/6226/4871
f 6238/6328/3380 6237/6329/4863 6273/6225/3389
f 6239/6330/3380 6238/6328/3380 6273/6225/3389
f 6237/6329/4863 6236/6327/3380 6275/6226/4871
f 6241/6331/3380 6240/6332/4876 6278/6230/4863
f 6242/6333/4863 6241/6331/3380 6276/6227/4864
f 6244/6334/4883 6243/6335/3380 6279/6231/4872
f 6276/6227/4864 6243/6335/3380 6242/6333/4863
f 6278/6230/4863 6240/6332/4876 6239/6330/3380
f 6340/6336/3380 6244/6334/4883 6279/6231/4872
f 6273/6225/3389 6237/6329/4863 6275/6226/4871
f 6278/6230/4863 6239/6330/3380 6273/6225/3389
f 6274/6224/3380 6168/6337/4892 6273/6225/3389
f 6277/6228/3380 6273/6225/3389 6168/6337/4892
f 6180/6229/3393 6277/6228/3380 6168/6337/4892
f 6169/6323/4891 6168/6337/4892 6274/6224/3380
f 6276/6227/4864 6279/6231/4872 6243/6335/3380
f 6241/6331/3380 6278/6230/4863 6276/6227/4864
f 6179/6338/3384 6279/6231/4872 6167/6339/4893
f 6180/6229/3393 6167/6339/4893 6279/6231/4872
f 6279/6231/4872 6179/6338/3384 6341/6340/4894
f 6342/6341/4887 6341/6340/4894 6179/6338/3384
f 6168/6337/4892 6167/6339/4893 6180/6229/3393
f 6279/6231/4872 6341/6340/4894 6340/6336/3380
f 6234/6324/4863 6271/6223/3392 6275/6226/4871
f 6292/6342/4871 6164/6343/4871 6163/6344/4871
f 6338/6234/4873 6194/6233/3380 6165/6345/4895
f 6166/6346/3380 6165/6345/4895 6194/6233/3380
f 6289/6347/4871 6165/6345/4895 6164/6343/4871
f 6286/6348/4896 6338/6234/4873 6165/6345/4895
f 6166/6346/3380 6195/6235/4874 6190/6349/3380
f 6195/6235/4874 6166/6346/3380 6339/6232/3395
f 6336/6350/4897 6335/6351/4898 6339/6232/3395
f 6339/6232/3395 6335/6351/4898 6337/6236/4875
f 6338/6234/4873 6284/6352/4899 6339/6232/3395
f 6194/6233/3380 6339/6232/3395 6166/6346/3380
f 6295/6310/4871 6163/6344/4871 6162/6301/4871
f 6284/6352/4899 6336/6350/4897 6339/6232/3395
f 6163/6344/4871 6294/6353/4871 6293/6354/4871
f 6164/6343/4871 6291/6355/4871 6290/6356/4866
f 6292/6342/4871 6163/6344/4871 6293/6354/4871
f 6165/6345/4895 6288/6357/4871 6287/6358/4871
f 6338/6234/4873 6286/6348/4896 6285/6359/4863
f 6286/6348/4896 6165/6345/4895 6287/6358/4871
f 6289/6347/4871 6164/6343/4871 6290/6356/4866
f 6343/6360/4900 6178/6361/4901 6177/6362/3390
f 6344/6363/4883 6177/6362/3390 6176/6364/3392
f 6282/6365/3380 6315/6366/3380 6314/6367/3380
f 6283/6368/4869 6314/6367/3380 6193/6369/3390
f 6176/6364/3392 6315/6366/3380 6281/6370/3380
f 6176/6364/3392 6280/6371/3392 6344/6363/4883
f 6176/6364/3392 6281/6370/3380 6280/6371/3392
f 6343/6360/4900 6177/6362/3390 6344/6363/4883
f 6178/6361/4901 6342/6341/4887 6179/6338/3384
f 6327/6372/4902 6283/6368/4869 6193/6369/3390
f 6195/6235/4874 6333/6373/4903 6332/6374/3380
f 6331/6375/3380 6191/6376/3384 6190/6349/3380
f 6190/6349/3380 6195/6235/4874 6331/6375/3380
f 6334/6377/3384 6333/6373/4903 6337/6236/4875
f 6195/6235/4874 6337/6236/4875 6333/6373/4903
f 6335/6351/4898 6334/6377/3384 6337/6236/4875
f 6329/6378/3380 6192/6379/3382 6191/6376/3384
f 6329/6378/3380 6328/6380/3386 6192/6379/3382
f 6191/6376/3384 6330/6381/4904 6329/6378/3380
f 6332/6374/3380 6331/6375/3380 6195/6235/4874
f 6331/6375/3380 6330/6381/4904 6191/6376/3384
f 6327/6372/4902 6192/6379/3382 6328/6380/3386
f 6327/6372/4902 6193/6369/3390 6192/6379/3382
f 6178/6361/4901 6343/6360/4900 6342/6341/4887
f 6345/6382/4905 6810/6383/4906 6811/6384/4907
f 6347/6385/4908 6812/6386/4909 6809/6387/4910
f 6348/6388/4911 6814/6389/4912 6813/6390/4913
f 6350/6391/4914 6818/6392/4915 6817/6393/4916
f 6351/6394/4917 6820/6395/4918 6819/6396/4919
f 6352/6397/1037 6701/6398/1037 6702/6399/1037
f 6354/6400/1037 6807/6401/1037 6706/6402/1037 6705/6403/1037
f 6353/6404/1037 6354/6400/1037 6705/6403/1037 6704/6405/1037
f 6359/6406/4920 6725/6407/4921 6724/6408/4922
f 6357/6409/4923 6698/6410/4924 6699/6411/4925 6362/6412/4926
f 6362/6412/4926 6729/6413/4927 6730/6414/4928 6361/6415/4929
f 6363/6416/4930 6715/6417/4931 6716/6418/4932 6387/6419/4932
f 6387/6419/4932 6717/6420/4933 6718/6421/4934 6386/6422/4935
f 6385/6423/4930 6731/6424/4936 6732/6425/4932 6364/6426/4930
f 6364/6426/4930 6742/6427/4932 6733/6428/4937 6384/6429/4938
f 6386/6422/4935 6719/6430/4936 6741/6431/4932 6385/6423/4930
f 6383/6432/4930 6738/6433/4932 6735/6434/4932 6382/6435/4930
f 6382/6435/4930 6736/6436/4932 6739/6437/4936 6381/6438/4935
f 6380/6439/4938 6749/6440/4932 6750/6441/4932 6379/6442/4930
f 6379/6442/4930 6758/6443/4932 6744/6444/4932 6378/6445/4930
f 6381/6438/4935 6740/6446/4936 6743/6447/4932 6380/6439/4938
f 6384/6429/4938 6734/6448/4936 6737/6449/4932 6383/6432/4930
f 6365/6450/4930 6754/6451/4932 6755/6452/4932 6377/6453/4930
f 6377/6453/4930 6747/6454/4932 6748/6455/4936 6376/6456/4930
f 6375/6457/4930 6759/6458/4939 6760/6459/4937 6374/6460/4935
f 6374/6460/4935 6761/6461/4932 6753/6462/4932 6373/6463/4930
f 6376/6456/4930 6756/6464/4932 6757/6465/4936 6375/6457/4930
f 6372/6466/4930 6770/6467/4936 6771/6468/4936 6371/6469/4930
f 6371/6469/4930 6772/6470/4936 6762/6471/4936 6370/6472/4930
f 6369/6473/4930 6765/6474/4932 6766/6475/4936 6368/6476/4930
f 6367/6477/4930 6768/6478/4932 6769/6479/4930 6366/6480/4930
f 6368/6476/4930 6767/6481/4932 6773/6482/4932 6367/6477/4930
f 6370/6472/4930 6763/6483/4932 6764/6484/4936 6369/6473/4930
f 6373/6463/4930 6751/6485/4932 6752/6486/4936 6372/6466/4930
f 6378/6445/4930 6745/6487/4932 6746/6488/4932 6365/6450/4930
f 6400/6489/4940 6389/6490/4941 6390/6491/4942
f 6392/6492/4943 6400/6489/4940 6391/6493/4944
f 6390/6491/4942 6391/6493/4944 6400/6489/4940
f 6401/6494/4945 6392/6492/4943 6393/6495/4946
f 6401/6494/4945 6394/6496/4947 6402/6497/4948
f 6400/6489/4940 6392/6492/4943 6401/6494/4945
f 6400/6489/4940 6790/6498/4949 6791/6499/4950
f 6401/6494/4945 6787/6500/4951 6788/6501/4952
f 6401/6494/4945 6788/6501/4952 6789/6502/4953
f 6402/6497/4948 6785/6503/4954 6786/6504/4955 6401/6494/4945
f 6402/6497/4948 6394/6496/4947 6395/6505/4956
f 6395/6505/4956 6403/6506/4957 6402/6497/4948
f 6403/6506/4957 6397/6507/4958 6404/6508/4959
f 6402/6497/4948 6403/6506/4957 6783/6509/4960 6784/6510/4961
f 6404/6508/4959 6398/6511/4962 6405/6512/4963
f 6388/6513/4964 6405/6512/4963 6399/6514/4965
f 6405/6512/4963 6398/6511/4962 6399/6514/4965
f 6404/6508/4959 6779/6515/4966 6780/6516/4967
f 6403/6506/4957 6782/6517/4968 6783/6509/4960
f 6404/6508/4959 6778/6518/4969 6779/6515/4966
f 6405/6512/4963 6774/6519/4970 6776/6520/4971
f 6409/6521/800 6709/6522/800 6710/6523/800
f 6408/6524/800 6711/6525/800 6712/6526/800
f 6407/6527/800 6713/6528/800 6686/6529/800
f 6408/6524/800 6712/6526/800 6713/6528/800 6407/6527/800
f 6412/6530/4972 6695/6531/4973 6683/6532/4974
f 6413/6533/4975 6697/6534/4976 6696/6535/4977
f 6410/6536/4978 6687/6537/4979 6688/6538/4980 6416/6539/4981
f 6416/6539/4981 6690/6540/4982 6691/6541/4983 6415/6542/4984
f 6515/6543/4985 6680/6544/4986 6679/6545/4987
f 6515/6543/4985 6678/6546/4988 6677/6547/4989
f 6515/6543/4985 6679/6545/4987 6678/6546/4988
f 6472/6548/1046 6674/6549/4990 6675/6550/4991 6471/6551/1046
f 6518/6552/1051 6671/6553/4992 6669/6554/4993
f 6516/6555/4994 6673/6556/4995 6672/6557/4996
f 6517/6558/4997 6676/6559/4998 6675/6550/4991
f 6515/6543/4985 6463/6560/1046 6464/6561/1046
f 6517/6558/4997 6515/6543/4985 6677/6547/4989 6676/6559/4998
f 6460/6562/1049 6516/6555/4994 6518/6552/1051
f 6518/6552/1051 6516/6555/4994 6672/6557/4996 6671/6553/4992
f 6517/6558/4997 6461/6563/1049 6462/6564/1049
f 6476/6565/1049 6666/6566/4999 6667/6567/5000 6475/6568/1049
f 6520/6569/5001 6457/6570/1049 6458/6571/1046
f 6519/6572/5002 6668/6573/5003 6665/6574/5004
f 6520/6569/5001 6670/6575/5005 6667/6567/5000
f 6520/6569/5001 6459/6576/1049 6518/6552/1051
f 6417/6577/1049 6681/6578/5006 6680/6544/4986 6515/6543/4985
f 6521/6579/5007 6664/6580/5008 6663/6581/5009
f 6480/6582/1046 6660/6583/4990 6661/6584/5010 6479/6585/1046
f 6478/6586/1049 6662/6587/5011 6663/6581/5009
f 6481/6588/1046 6657/6589/5012 6659/6590/5013 6480/6582/1046
f 6482/6591/1046 6655/6592/5014 6656/6593/5015
f 6482/6591/1046 6656/6593/5015 6658/6594/5016 6481/6588/1046
f 6485/6595/3362 6651/6596/5017 6652/6597/5018 6484/6598/1049
f 6523/6599/5019 6455/6600/1049 6521/6579/5007
f 6486/6601/1046 6649/6602/5020 6650/6603/5021 6485/6595/3362
f 6484/6598/1049 6653/6604/5022 6654/6605/5023 6483/6606/1046
f 6486/6601/1046 6648/6607/5022 6649/6602/5020
f 6489/6608/3362 6644/6609/5017 6645/6610/5024 6488/6611/1049
f 6490/6612/1049 6642/6613/5025 6643/6614/5026 6489/6608/3362
f 6488/6611/1049 6646/6615/5027 6647/6616/5023 6487/6617/5028
f 6490/6612/1049 6641/6618/5022 6642/6613/5025
f 6519/6572/5002 6665/6574/5004 6664/6580/5008 6521/6579/5007
f 6456/6619/1049 6519/6572/5002 6521/6579/5007
f 6465/6620/1045 6417/6577/1049 6515/6543/4985
f 6465/6620/1045 6515/6543/4985 6464/6561/1046
f 6517/6558/4997 6462/6564/1049 6463/6560/1046
f 6460/6562/1049 6461/6563/1049 6516/6555/4994
f 6518/6552/1051 6459/6576/1049 6460/6562/1049
f 6523/6599/5019 6453/6621/1049 6454/6622/1046
f 6456/6619/1049 6457/6570/1049 6519/6572/5002
f 6522/6623/5029 6452/6624/1049 6453/6621/1049
f 6456/6619/1049 6521/6579/5007 6455/6600/1049
f 6452/6624/1049 6522/6623/5029 6525/6625/5029
f 6524/6626/5030 6451/6627/1049 6525/6625/5029
f 6448/6628/1046 6526/6629/5031 6527/6630/5032
f 6485/6595/3362 6650/6603/5021 6651/6596/5017
f 6524/6626/5030 6449/6631/1046 6450/6632/1046
f 6528/6633/5029 6445/6634/1049 6446/6635/1046
f 6531/6636/5033 6443/6637/1049 6530/6638/5034
f 6530/6638/5034 6529/6639/5035 6644/6609/5017 6643/6614/5026
f 6444/6640/1046 6529/6639/5035 6530/6638/5034
f 6528/6633/5029 6447/6641/1046 6527/6630/5032
f 6526/6629/5031 6448/6628/1046 6449/6631/1046
f 6529/6639/5035 6444/6640/1046 6445/6634/1049
f 6530/6638/5034 6443/6637/1049 6444/6640/1046
f 6447/6641/1046 6448/6628/1046 6527/6630/5032
f 6452/6624/1049 6525/6625/5029 6451/6627/1049
f 6525/6625/5029 6522/6623/5029 6657/6589/5012 6658/6594/5016
f 6492/6642/1049 6639/6643/5036 6640/6644/5037 6491/6645/1046
f 6532/6646/5038 6638/6647/5039 6637/6648/5040
f 6494/6649/1046 6634/6650/5022 6635/6651/5041
f 6534/6652/5042 6636/6653/5043 6635/6651/5041
f 6535/6654/5007 6631/6655/5044 6630/6656/5045
f 6498/6657/1046 6627/6658/5022 6628/6659/5046
f 6537/6660/5047 6629/6661/5043 6628/6659/5046
f 6496/6662/1046 6632/6663/5048 6633/6664/5049 6495/6665/1046
f 6532/6646/5038 6440/6666/1046 6441/6667/1046
f 6534/6652/5042 6532/6646/5038 6637/6648/5040 6636/6653/5043
f 6533/6668/5050 6437/6669/1046 6438/6670/1046
f 6533/6668/5050 6439/6671/1049 6534/6652/5042
f 6497/6672/1049 6629/6661/5043 6630/6656/5045
f 6536/6673/5031 6433/6674/1046 6434/6675/1046
f 6536/6673/5031 6624/6676/4995 6625/6677/5051 6538/6678/5052
f 6538/6678/5052 6625/6677/5051 6622/6679/5053
f 6536/6673/5031 6435/6680/1046 6537/6660/5047
f 6535/6654/5007 6436/6681/1046 6437/6669/1046
f 6531/6636/5033 6441/6667/1046 6442/6682/1046
f 6539/6683/5054 6623/6684/4992 6621/6685/5055
f 6504/6686/5056 6618/6687/5057 6619/6688/5058 6503/6689/1049
f 6502/6690/1046 6620/6691/5057 6621/6685/5055
f 6505/6692/5059 6616/6693/5060 6617/6694/5061 6504/6686/5056
f 6506/6695/5062 6838/6696/5063 6613/6697/5064
f 6506/6695/5062 6613/6697/5064 6614/6698/5065 6505/6692/5059
f 6509/6699/1046 6834/6700/5066 6835/6701/5067 6508/6702/1046
f 6541/6703/5068 6431/6704/1049 6539/6683/5054
f 6510/6705/1049 6831/6706/5020 6833/6707/5069 6509/6699/1046
f 6508/6702/1046 6836/6708/5027 6837/6709/5070 6507/6710/1046
f 6510/6705/1049 6830/6711/5071 6831/6706/5020
f 6513/6712/3362 6827/6713/5017 6828/6714/5072 6512/6715/3362
f 6514/6716/1046 6825/6717/4989 6826/6718/5021 6513/6712/3362
f 6512/6715/3362 6829/6719/5073 6832/6720/5074 6511/6721/3362
f 6466/6722/1054 6823/6723/5075 6825/6717/4989 6514/6716/1046
f 6538/6678/5052 6622/6679/5053 6623/6684/4992 6539/6683/5054
f 6538/6678/5052 6432/6724/1049 6433/6674/1046
f 6439/6671/1049 6440/6666/1046 6534/6652/5042
f 6537/6660/5047 6435/6680/1046 6436/6681/1046
f 6541/6703/5068 6429/6725/1049 6430/6726/1046
f 6540/6727/5076 6428/6728/1049 6429/6725/1049
f 6432/6724/1049 6539/6683/5054 6431/6704/1049
f 6428/6728/1049 6540/6727/5076 6615/6729/5031 6543/6730/5077
f 6542/6731/5078 6427/6732/1049 6543/6730/5077
f 6542/6731/5078 6425/6733/1049 6426/6734/1046
f 6428/6728/1049 6543/6730/5077 6427/6732/1049
f 6544/6735/5029 6424/6736/1049 6425/6733/1049
f 6546/6737/5050 6421/6738/1046 6422/6739/1046
f 6513/6712/3362 6826/6718/5021 6827/6713/5017
f 6546/6737/5050 6423/6740/1049 6545/6741/5079
f 6545/6741/5079 6544/6735/5029 6834/6700/5066 6833/6707/5069
f 6547/6742/5080 6420/6743/1049 6421/6738/1046
f 6545/6741/5079 6423/6740/1049 6424/6736/1049
f 6548/6744/5029 6419/6745/1049 6420/6743/1049
f 6548/6744/5029 6418/6746/1046 6419/6745/1049
f 6418/6746/1046 6548/6744/5029 6823/6723/5075 6824/6747/5081
f 6543/6730/5077 6615/6729/5031 6614/6698/5065
f 6550/6748/5082 6577/6749/5083 6578/6750/5084
f 282/5/5 289/1/1 292/6/6
f 288/3/3 291/203/212 292/6/6
f 284/8/8 287/14/14 285/13/13
f 283/10/10 286/211/220 287/14/14
f 1/4/4 282/5/5 283/10/10
f 86/15/15 281/18/18 278/16/16
f 2/11/11 280/12/12 281/18/18
f 105/19/19 279/22/22 276/20/20
f 3/17/17 278/16/16 279/22/22
f 141/23/23 277/26/26 274/24/24
f 4/21/21 276/20/20 277/26/26
f 225/27/27 275/30/30 248/28/28
f 5/25/25 274/24/24 275/30/30
f 6/29/29 248/28/28 249/31/31
f 71/33/33 69/37/37 65/34/34
f 70/36/36 67/38/38 69/37/37
f 91/39/39 89/43/43 82/40/40
f 90/42/42 84/46/46 89/43/43
f 75/47/47 74/48/48 83/45/45
f 81/50/50 79/53/53 75/47/47
f 80/52/52 77/54/54 79/53/53
f 68/35/35 65/34/34 76/49/49
f 152/55/55 150/59/59 114/56/56
f 151/58/58 116/62/62 150/59/59
f 107/63/63 103/66/66 115/61/61
f 113/70/70 111/73/73 107/63/63
f 112/72/72 109/74/74 111/73/73
f 98/75/75 92/69/69 108/67/67
f 100/77/77 99/79/79 92/69/69
f 95/78/78 94/80/80 99/79/79
f 97/82/82 96/81/81 94/80/80
f 88/41/41 82/40/40 96/81/81
f 211/83/83 214/86/86 212/84/84
f 214/86/86 213/249/258 207/87/87
f 192/90/90 139/93/93 206/89/89
f 194/97/97 193/94/94 139/93/93
f 198/100/100 196/98/98 194/97/97
f 202/104/104 200/102/102 198/100/100
f 201/106/106 197/103/103 200/102/102
f 204/108/108 203/110/110 134/99/99
f 189/109/109 136/112/112 203/110/110
f 191/116/116 190/113/113 136/112/112
f 131/117/117 120/115/115 190/113/113
f 133/119/119 132/121/121 120/115/115
f 182/124/124 181/120/120 133/119/119
f 127/126/126 123/123/123 181/120/120
f 179/128/128 178/131/131 127/126/126
f 143/130/130 130/133/133 178/131/131
f 176/137/137 175/140/140 143/130/130
f 153/139/139 146/141/141 175/140/140
f 171/144/144 173/147/281 172/145/5085
f 155/154/160 166/165/174 164/164/173
f 166/165/174 165/263/272 159/166/175
f 158/168/177 149/169/178 157/167/176
f 149/169/178 148/250/259 125/57/57
f 223/170/179 222/174/183 140/171/180
f 208/173/182 142/175/184 222/174/183
f 220/177/186 219/180/189 208/173/182
f 215/179/188 210/181/190 219/180/189
f 217/183/192 216/182/191 210/181/190
f 205/85/85 137/88/88 216/182/191
f 239/184/193 238/188/197 224/185/194
f 227/187/196 226/189/198 238/188/197
f 236/191/200 235/194/203 227/187/196
f 230/193/202 229/195/204 235/194/203
f 233/197/206 231/196/205 229/195/204
f 232/198/207 221/172/181 231/196/205
f 244/201/210 243/199/208 241/200/209
f 237/186/195 224/185/194 243/199/208
f 290/7/7 286/211/220 283/10/10
f 78/51/51 75/47/47 84/46/46
f 116/62/62 151/58/58 110/71/71
f 245/247/256 241/200/209 240/32/32
f 399/294/318 402/297/321 400/295/319
f 402/297/321 401/420/443 342/298/322
f 406/299/323 408/302/326 407/300/324
f 408/302/326 403/304/328 341/303/327
f 403/304/328 405/306/330 404/305/329
f 405/306/330 399/294/318 340/296/320
f 425/307/331 432/310/334 431/308/332
f 432/310/334 416/317/341 414/311/335
f 416/317/341 419/318/342 417/314/338
f 419/318/342 418/426/449 409/316/340
f 409/316/340 411/320/344 410/319/343
f 411/320/344 406/299/323 338/301/325
f 459/321/345 462/324/348 460/322/346
f 462/324/348 461/465/488 455/325/349
f 455/325/349 454/448/471 448/328/352
f 448/328/352 436/337/361 435/331/355
f 436/337/361 439/339/363 437/334/358
f 440/341/365 443/342/366 441/338/362
f 443/342/366 442/455/478 438/340/364
f 438/340/364 445/344/368 444/343/367
f 445/344/368 423/348/372 422/345/369
f 423/348/372 426/350/374 424/347/371
f 427/351/375 430/352/376 428/349/373
f 430/352/376 429/432/455 425/307/331
f 479/353/377 481/356/380 480/354/378
f 481/356/380 476/363/387 471/357/381
f 476/363/387 478/364/388 477/360/384
f 478/364/388 466/367/391 449/362/386
f 472/365/389 475/368/392 473/366/390
f 475/368/392 474/449/472 468/369/393
f 468/369/393 456/374/398 451/371/395
f 456/374/398 458/376/400 457/373/397
f 463/377/401 465/378/402 464/375/399
f 465/378/402 452/323/347 446/326/350
f 493/379/403 495/382/406 494/380/404
f 495/382/406 490/389/413 489/383/407
f 490/389/413 492/390/414 491/386/410
f 492/390/414 484/397/421 482/388/412
f 321/384/408 329/385/409 331/391/415
f 329/385/409 328/387/411 330/393/417
f 328/387/411 332/395/419 334/394/418
f 332/395/419 327/358/382 333/396/420
f 484/397/421 487/399/423 485/398/422
f 487/399/423 486/450/473 483/400/424
f 483/400/424 469/355/379 327/358/382
f 322/401/425 323/404/428 326/402/426
f 323/404/428 321/384/408 325/392/416
f 496/405/429 497/406/430 323/404/428
f 497/406/430 488/381/405 321/384/408
f 486/450/473 479/353/377 469/355/379
f 503/499/522 505/498/521 526/512/535
f 505/498/521 507/501/524 525/514/537
f 524/517/538 525/514/537 507/501/524
f 509/503/526 511/505/528 523/518/539
f 511/505/528 513/507/530 522/519/540
f 521/522/542 522/519/540 513/507/530
f 829/525/543 828/532/550 830/526/544
f 831/527/545 830/526/544 816/528/546
f 826/530/548 821/536/554 827/531/549
f 819/534/552 815/539/556 820/535/553
f 833/538/555 832/767/754 815/539/556
f 529/541/558 806/763/750 807/544/560
f 808/547/563 799/553/569 809/548/564
f 797/551/567 788/560/575 798/552/568
f 783/556/572 800/555/571 802/561/576
f 800/555/571 782/559/571 801/563/578
f 802/561/576 801/563/578 701/564/579
f 823/529/547 816/528/546 824/565/580
f 825/566/581 824/565/580 818/567/582
f 813/570/584 812/571/585 779/558/574
f 779/558/574 803/572/560 805/573/586
f 803/572/560 778/543/560 804/542/559
f 805/573/586 804/542/559 530/546/562
f 771/581/593 703/615/624 772/582/594
f 773/583/595 772/582/594 735/584/596
f 748/587/599 762/586/598 764/593/605
f 762/586/598 747/590/602 763/596/607
f 764/593/605 763/596/607 732/597/608
f 740/589/601 765/598/609 767/600/611
f 765/598/609 739/599/610 766/602/613
f 767/600/611 766/602/613 680/603/614
f 787/606/617 786/605/616 780/607/618
f 780/607/618 792/611/621 789/609/620
f 790/562/577 701/564/579 791/612/622
f 792/611/621 791/612/622 775/613/620
f 775/613/620 795/616/625 741/614/623
f 793/574/587 530/546/562 794/580/592
f 795/616/625 794/580/592 702/576/589
f 735/584/596 768/619/627 770/617/626
f 768/619/627 743/622/630 769/620/628
f 770/617/626 769/620/628 705/621/629
f 741/614/623 702/576/589 742/575/588
f 708/629/636 682/659/663 721/630/637
f 722/631/638 721/630/637 699/632/639
f 751/594/606 732/597/608 752/634/641
f 753/635/641 752/634/641 737/636/642
f 737/636/642 757/640/646 754/638/644
f 755/601/612 680/603/614 756/641/647
f 757/640/646 756/641/647 733/642/644
f 729/644/648 700/643/648 730/647/651
f 731/645/649 730/647/651 704/648/652
f 717/650/654 711/657/661 718/651/655
f 719/652/656 718/651/655 708/629/636
f 725/654/658 709/649/653 726/655/659
f 727/656/660 726/655/659 711/657/661
f 713/662/666 707/667/671 714/663/667
f 715/660/664 714/663/667 688/664/668
f 733/642/644 760/665/669 713/662/666
f 758/618/608 705/621/629 759/666/670
f 760/665/669 759/666/670 707/667/671
f 695/675/677 690/680/681 696/676/678
f 697/670/674 696/676/678 677/677/634
f 699/632/639 724/678/679 695/675/677
f 712/661/665 688/664/668 723/679/680
f 724/678/679 723/679/680 690/680/681
f 648/686/686 664/687/687 666/683/684
f 664/687/687 653/691/689 665/688/683
f 666/683/684 665/688/683 619/689/685
f 677/677/634 532/627/634 678/690/688
f 679/692/690 678/690/688 648/686/686
f 683/694/692 674/701/699 684/695/693
f 685/696/694 684/695/693 656/697/695
f 672/699/697 651/713/707 673/700/698
f 669/698/696 656/697/695 670/703/701
f 671/704/702 670/703/701 658/705/703
f 658/705/703 657/707/704 644/708/685
f 660/712/683 650/682/683 661/681/682
f 662/714/708 661/681/682 533/685/685
f 626/723/715 620/800/786 627/724/716
f 628/718/711 627/724/716 606/725/717
f 619/689/685 620/800/786 626/723/715
f 641/729/721 617/722/715 642/721/714
f 643/730/722 642/721/714 618/717/710
f 630/732/723 624/740/731 631/733/724
f 632/734/725 631/733/724 621/735/726
f 638/737/728 622/731/716 639/738/729
f 640/739/730 639/738/729 624/740/731
f 610/748/737 607/755/742 611/749/734
f 612/743/734 611/749/734 601/750/735
f 616/751/738 637/753/740 610/748/737
f 625/719/712 606/725/717 636/754/741
f 637/753/740 636/754/741 607/755/742
f 621/735/726 534/720/713 634/752/739
f 635/756/743 634/752/739 616/751/738
f 613/758/745 604/747/737 614/746/736
f 771/581/593 789/609/620 775/613/620
f 539/779/765 540/799/785 653/691/689
f 835/832/817 837/831/521 859/845/821
f 837/831/521 839/834/818 858/847/823
f 857/850/538 858/847/823 839/834/818
f 841/836/526 843/838/528 856/851/539
f 843/838/528 845/840/820 855/852/824
f 854/855/825 855/852/824 845/840/820
f 1096/863/831 1105/864/832 1107/860/828
f 1105/864/832 1099/1052/988 1106/865/833
f 1107/860/828 1106/865/833 1082/866/834
f 1083/872/838 1060/1060/996 1079/868/836
f 1095/873/839 1103/875/841 1100/867/835
f 1101/861/829 1082/866/834 1102/876/842
f 1103/875/841 1102/876/842 1083/872/838
f 1061/882/847 1041/1061/997 1057/878/844
f 1079/868/836 1060/1060/996 1080/887/566
f 1081/885/850 1080/887/566 1061/882/847
f 1092/888/852 1090/894/858 1093/889/853
f 1094/890/854 1093/889/853 1075/891/855
f 1088/893/857 862/870/836 1089/886/851
f 1085/892/856 1075/891/855 1086/895/859
f 1087/896/860 1086/895/859 1077/897/861
f 1077/897/861 1076/883/848 1046/881/843
f 863/880/846 1057/878/844 1059/908/869
f 1057/878/844 1041/1061/997 1058/909/868
f 1059/908/869 1058/909/868 1042/903/864
f 1066/910/870 1045/924/882 1067/911/871
f 1065/916/876 1064/919/879 1051/917/877
f 1051/917/877 1050/920/880 1038/921/864
f 1053/923/881 1044/907/868 1054/906/867
f 1055/927/884 1054/906/867 1005/901/864
f 1040/930/886 1039/900/863 864/905/866
f 1029/943/899 1023/949/904 1030/944/900
f 1031/940/896 1030/944/900 1016/945/898
f 1032/946/901 1021/950/905 1033/947/902
f 1034/948/903 1033/947/902 1023/949/904
f 1035/954/908 1012/931/887 1036/955/909
f 1037/956/910 1036/955/909 1014/951/906
f 1011/965/914 1027/967/916 1024/962/912
f 1025/941/897 1016/945/898 1026/968/917
f 1027/967/916 1026/968/917 1018/963/913
f 1018/963/913 1017/969/918 1008/958/803
f 1008/958/803 1007/932/888 865/936/892
f 986/980/928 985/979/927 982/981/929
f 957/960/911 999/959/892 1001/987/934
f 999/959/892 865/936/892 1000/975/924
f 1001/987/934 1000/975/924 958/971/920
f 982/981/929 993/991/938 990/989/936
f 991/988/935 958/971/920 992/970/919
f 993/991/938 992/970/919 866/974/923
f 866/974/923 973/973/922 974/994/941
f 977/997/943 951/1010/954 978/998/944
f 963/1005/951 962/1004/950 953/1006/952
f 965/1011/940 949/1020/961 966/1012/955
f 967/1008/953 966/1012/955 952/1013/726
f 866/974/923 948/993/940 969/1021/940
f 952/1013/726 971/1023/962 968/1022/942
f 969/1021/940 948/993/940 970/992/939
f 971/1023/962 970/992/939 867/996/942
f 940/1026/965 939/1025/964 934/1027/966
f 934/1027/966 933/1030/969 927/1031/970
f 941/1033/971 928/1037/975 942/1034/972
f 944/1016/942 924/1015/957 945/1041/979
f 946/1042/980 945/1041/979 926/1038/976
f 927/1031/970 921/1040/978 936/1045/983
f 937/1046/984 936/1045/983 923/1047/985
f 871/1053/989 1106/865/833 1099/1052/988
f 872/1055/991 1060/1060/996 1083/872/838
f 876/1085/1019 974/994/941 973/973/922
f 1140/1120/1038 1136/1124/1038 1137/1121/1038
f 1153/1123/1038 1152/1125/1039 1136/1124/1038
f 1152/1125/1039 1154/1131/1038 1138/1126/1038
f 1136/1124/1038 1138/1126/1038 1139/1127/1038
f 1138/1126/1038 1154/1131/1038 1142/1128/1038
f 1138/1126/1038 1135/1134/1038 1143/1135/1038
f 1153/1123/1038 1140/1120/1038 1134/1142/1038
f 1137/1121/1038 1139/1127/1038 1129/1144/1044
f 1141/1122/1038 1155/1149/1038 1134/1142/1038
f 1197/1165/1045 1180/1169/1046 1185/1166/1046
f 1199/1168/1048 1182/1170/1046 1180/1169/1046
f 1182/1170/1046 1183/1177/1046 1181/1171/1046
f 1180/1169/1046 1181/1171/1046 1186/1172/1046
f 1189/1173/1046 1183/1177/1046 1182/1170/1046
f 1183/1177/1046 1173/1178/1045 1174/1179/1045
f 1188/1176/1046 1182/1170/1046 1199/1168/1048
f 1181/1171/1046 1175/1180/1045 1176/1187/1045
f 1186/1172/1046 1184/1191/1046 1179/1188/1046
f 1186/1172/1046 1177/1189/1045 1178/1190/1045
f 1185/1166/1046 1179/1188/1046 1200/1196/1054
f 1202/1198/1056 1218/1252/1109 1219/1199/1057
f 1263/1201/1059 1261/1209/1066 1264/1202/1060
f 1262/1204/1062 1265/1203/1061 1264/1202/1060
f 1268/1206/1063 1259/1210/1067 1269/1207/1064
f 1263/1201/1059 1270/1208/1065 1269/1207/1064
f 1259/1210/1067 1272/1255/1110 1271/1214/1071
f 1204/1217/1074 1221/1220/1077 1222/1218/1075
f 1202/1198/1056 1217/1200/1058 1222/1218/1075
f 1203/1216/1073 1202/1198/1056 1221/1220/1077
f 1204/1217/1074 1205/1230/1087 1251/1221/1078
f 1255/1222/1079 1253/1229/1086 1252/1223/1080
f 1255/1222/1079 1254/1224/1081 1240/1225/1082
f 1267/1227/1084 1258/1205/1058 1250/1213/1070
f 1267/1227/1084 1266/1228/1085 1252/1223/1080
f 1224/1231/1088 1225/1234/1091 1223/1232/1089
f 1224/1231/1088 1204/1217/1074 1220/1219/1076
f 1241/1235/1092 1205/1230/1087 1204/1217/1074
f 1206/1233/1090 1207/1244/1101 1241/1235/1092
f 1246/1236/1093 1244/1243/1100 1242/1237/1094
f 1243/1239/1096 1246/1236/1093 1245/1238/1095
f 1249/1241/1098 1247/1226/1083 1240/1225/1082
f 1244/1243/1100 1249/1241/1098 1248/1242/1099
f 1226/1245/1102 1206/1233/1090 1223/1232/1089
f 1239/1247/1104 1237/1240/1097 1207/1244/1101
f 1218/1252/1109 1202/1198/1056 1203/1216/1073
f 1238/1248/1105 1207/1244/1101 1206/1233/1090
f 1211/1264/1118 1212/1269/1122 1239/1247/1104
f 1289/1270/1123 1290/1339/1190 1288/1271/1124
f 1365/1273/1126 1363/1347/1196 1360/1274/1127
f 1292/1281/1133 1293/1284/1136 1291/1282/1134
f 1292/1281/1133 1274/1272/1125 1288/1271/1124
f 1341/1285/1137 1275/1280/1130 1274/1272/1125
f 1292/1281/1133 1276/1283/1135 1277/1286/1138
f 1355/1287/1139 1353/1351/1200 1352/1288/1140
f 1347/1290/1142 1355/1287/1139 1354/1289/1141
f 1350/1292/1144 1342/1299/1150 1351/1293/1145
f 1295/1300/1151 1296/1303/1154 1294/1301/1152
f 1295/1300/1151 1276/1283/1135 1291/1282/1134
f 1277/1286/1138 1276/1283/1135 1295/1300/1151
f 1295/1300/1151 1278/1302/1153 1279/1305/1156
f 1334/1306/1157 1333/1313/1164 1335/1307/1158
f 1328/1309/1160 1336/1308/1159 1335/1307/1158
f 1331/1311/1162 1323/1323/1174 1332/1312/1163
f 1344/1315/1166 1339/1321/1172 1345/1316/1167
f 1343/1318/1169 1346/1317/1168 1345/1316/1167
f 1347/1290/1142 1337/1291/1143 1348/1319/1170
f 1344/1315/1166 1349/1320/1171 1348/1319/1170
f 1297/1324/1175 1278/1302/1153 1294/1301/1152
f 1317/1326/1177 1315/1332/1183 1314/1327/1178
f 1325/1329/1180 1320/1336/1187 1326/1330/1181
f 1327/1331/1182 1326/1330/1181 1315/1332/1183
f 1330/1334/1185 1328/1309/1160 1318/1310/1161
f 1330/1334/1185 1329/1335/1186 1320/1336/1187
f 1289/1270/1123 1274/1272/1125 1275/1280/1130
f 1333/1313/1164 1334/1306/1157 1343/1318/1169
f 1279/1305/1156 1278/1302/1153 1297/1324/1175
f 1383/1364/1209 1384/1416/1260 1382/1365/1210
f 1438/1367/1212 1437/1418/1262 1368/1368/1213
f 1386/1370/1215 1387/1373/1218 1385/1371/1216
f 1386/1370/1215 1367/1366/1211 1382/1365/1210
f 1368/1368/1213 1367/1366/1211 1386/1370/1215
f 1386/1370/1215 1369/1372/1217 1370/1375/1220
f 1434/1376/1221 1427/1381/1226 1435/1377/1222
f 1422/1379/1224 1436/1378/1223 1435/1377/1222
f 1425/1369/1214 1368/1368/1213 1426/1374/1219
f 1371/1382/1227 1389/1385/1230 1390/1383/1228
f 1369/1372/1217 1385/1371/1216 1390/1383/1228
f 1370/1375/1220 1369/1372/1217 1389/1385/1230
f 1389/1385/1230 1371/1382/1227 1372/1387/1232
f 1421/1388/1233 1419/1400/1245 1415/1389/1234
f 1421/1388/1233 1420/1390/1235 1417/1391/1236
f 1417/1391/1236 1416/1394/1239 1403/1395/1240
f 1428/1397/1242 1424/1403/1248 1429/1398/1243
f 1430/1399/1244 1429/1398/1243 1415/1389/1234
f 1433/1401/1246 1431/1425/1267 1422/1379/1224
f 1428/1397/1242 1433/1401/1246 1432/1402/1247
f 1371/1382/1227 1388/1384/1229 1392/1405/1250
f 1406/1407/1252 1405/1412/1257 1407/1408/1253
f 1409/1396/1241 1403/1395/1240 1410/1410/1255
f 1406/1407/1252 1411/1411/1256 1410/1410/1255
f 1437/1418/1262 1394/1421/1259 1395/1419/1259
f 1383/1364/1209 1367/1366/1211 1368/1368/1213
f 1372/1387/1232 1371/1382/1227 1391/1406/1251
f 1439/1436/1276 1455/1484/1323 1456/1437/1277
f 1501/1439/1279 1500/1444/1284 1502/1440/1280
f 1496/1442/1282 1503/1441/1281 1502/1440/1280
f 1441/1447/1286 1458/1450/1289 1459/1448/1287
f 1439/1436/1276 1454/1438/1278 1459/1448/1287
f 1440/1446/1285 1439/1436/1276 1458/1450/1289
f 1441/1447/1286 1442/1460/1299 1490/1451/1290
f 1493/1452/1291 1491/1459/1298 1494/1453/1292
f 1495/1454/1293 1494/1453/1292 1483/1455/1294
f 1496/1442/1282 1489/1443/1283 1497/1457/1296
f 1498/1458/1297 1497/1457/1296 1491/1459/1298
f 1443/1461/1300 1461/1464/1303 1462/1462/1301
f 1441/1447/1286 1457/1449/1288 1462/1462/1301
f 1442/1460/1299 1441/1447/1286 1461/1464/1303
f 1461/1464/1303 1443/1461/1300 1444/1466/1305
f 1488/1467/1306 1486/1497/1331 1485/1468/1307
f 1488/1467/1306 1487/1469/1308 1474/1470/1309
f 1483/1455/1294 1442/1460/1299 1484/1465/1304
f 1443/1461/1300 1460/1463/1302 1464/1472/1311
f 1479/1474/1313 1477/1479/1318 1476/1475/1314
f 1480/1471/1310 1474/1470/1309 1481/1477/1316
f 1482/1478/1317 1481/1477/1316 1476/1475/1314
f 1499/1445/1277 1447/1488/1320 1448/1485/1324
f 1455/1484/1323 1439/1436/1276 1440/1446/1285
f 1446/1487/1326 1447/1488/1320 1500/1444/1284
f 1444/1466/1305 1443/1461/1300 1463/1473/1312
f 1475/1480/1319 1463/1473/1312 1466/1495/796
f 1486/1497/1331 1492/1456/1295 1483/1455/1294
f 1509/1507/1037 1523/1513/1037 1530/1508/1037
f 1525/1518/1037 1518/1521/1037 1526/1519/1037
f 1527/1520/1037 1526/1519/1037 1520/1515/1037
f 1520/1515/1037 1519/1523/1037 1512/1524/1037
f 1510/1504/1037 1532/1503/1037 1534/1525/1037
f 1532/1503/1037 1513/1502/1037 1533/1527/1037
f 1534/1525/1037 1533/1527/1037 1514/1522/1037
f 1538/1540/1037 1540/1558/1037 1522/1528/1037
f 1583/1572/800 1576/1578/800 1562/1573/800
f 1579/1583/800 1571/1587/800 1578/1584/800
f 1573/1581/800 1579/1583/800 1580/1585/800
f 1565/1589/800 1572/1588/800 1573/1581/800
f 1587/1590/800 1585/1567/800 1563/1569/800
f 1586/1592/800 1566/1568/800 1585/1567/800
f 1567/1586/800 1586/1592/800 1587/1590/800
f 1591/1605/800 1565/1589/800 1575/1593/800
f 1703/1630/1335 1668/1636/1335 1704/1631/1336
f 1705/1632/1336 1704/1631/1336 1701/1633/1337
f 1704/1631/1336 1977/1637/1339 1975/1635/1337
f 1668/1636/1335 1976/1669/1335 1977/1637/1339
f 1979/1638/1340 1980/1641/1343 1978/1639/1341
f 1701/1633/1337 1975/1635/1337 1980/1641/1343
f 1714/1642/1344 1710/1647/1348 1715/1643/1345
f 1716/1644/1346 1715/1643/1345 1712/1645/1347
f 1712/1645/1347 1711/1649/1347 1703/1630/1335
f 1722/1651/1351 1719/1657/1357 1723/1652/1352
f 1724/1653/1353 1723/1652/1352 1710/1647/1348
f 1725/1654/1354 1717/1658/1358 1726/1655/1355
f 1727/1656/1356 1726/1655/1355 1719/1657/1357
f 1728/1663/1363 1721/1666/1366 1729/1664/1364
f 1730/1665/1365 1729/1664/1364 1706/1659/1359
f 1669/1661/1361 1654/1674/1369 2041/1668/1368
f 1654/1674/1369 1665/1675/1369 2042/1672/1368
f 1665/1675/1369 1655/1680/1374 1677/1676/1370
f 2042/1672/1368 1677/1676/1370 1653/1677/1371
f 1666/1678/1372 1667/1679/1373 1665/1675/1369
f 1667/1679/1373 1657/1685/1378 1655/1680/1374
f 1663/1686/1379 1664/1688/1381 1662/1681/1375
f 1671/1687/1380 1672/1691/1383 1670/1690/1373
f 1660/1689/1382 1661/2448/1996 1672/1691/1383
f 1674/1683/1376 1675/1694/1386 1673/1692/1384
f 1683/1698/1357 1684/1700/1360 1682/1699/1389
f 1656/1684/1377 1673/1692/1384 1684/1700/1360
f 1686/1695/1387 1687/1702/1391 1685/1701/1390
f 1678/1697/1388 1682/1699/1389 1687/1702/1391
f 1972/1703/1392 1680/1713/1402 2035/1704/1393
f 2036/1705/1394 2035/1704/1393 1679/1706/1395
f 2038/1671/1335 1973/1673/1335 2039/1708/1397
f 1689/1710/1399 1690/1715/1336 1688/1714/1338
f 1653/1677/1371 1676/1696/1335 1690/1715/1336
f 2009/1716/1403 2011/1720/1407 2008/1717/1404
f 2013/1719/1406 2014/1724/1411 2012/1723/1410
f 1994/1722/1409 2001/2518/2062 2014/1724/1411
f 1982/1731/1416 1983/1730/1416 1996/1737/1422
f 2029/1754/1432 2003/1745/1427 2030/1755/1406
f 2031/1756/1433 2030/1755/1406 2017/1753/1407
f 2017/1753/1407 2016/1757/1412 2007/1750/1405
f 2660/1760/1435 2529/1759/1435 2447/1763/1438
f 2646/1770/1445 2647/1772/1447 2645/1771/1446
f 2553/1766/1441 2626/1775/1450 2647/1772/1447
f 2627/1765/1440 2629/1779/1454 2626/1775/1450
f 2516/1769/1444 2628/1780/1455 2629/1779/1454
f 2628/1780/1455 2554/1792/1444 2583/1781/1456
f 2623/1782/1457 2625/1784/1458 2622/1783/1451
f 2583/1781/1456 2624/1787/1461 2625/1784/1458
f 2584/1793/1444 2634/1822/1444 2635/1794/1466
f 2585/1788/1462 2620/2523/2066 2621/1795/1467
f 2642/1800/1449 2649/2531/2070 2650/1801/1471
f 2651/1773/1448 2652/1802/1472 2642/1800/1449
f 2555/1776/1451 2622/1783/1451 2652/1802/1472
f 2657/1758/1434 2658/1807/1434 2656/1803/1473
f 2517/1762/1437 2645/1771/1446 2658/1807/1434
f 2658/1807/1434 2644/1809/1478 2531/1804/1474
f 2556/1813/1482 2587/1812/1481 2588/1817/1485
f 2636/1815/1483 2638/1820/1488 2584/1793/1444
f 2588/1817/1485 2637/1818/1486 2638/1820/1488
f 2637/1818/1486 2576/1819/1487 2592/1821/1489
f 2576/1819/1487 2593/1827/1491 2595/1825/1490
f 2593/1827/1491 2579/1831/1494 2594/1828/1492
f 2595/1825/1490 2594/1828/1492 2534/1829/1444
f 2577/1830/1493 2538/1834/1497 2578/1832/1495
f 2549/1835/1498 2525/1843/1505 2550/1836/1499
f 2546/1844/1506 2506/1876/1526 2547/1845/1434
f 2548/1840/1503 2547/1845/1434 2526/1846/1507
f 2528/1847/1508 2542/1851/1512 2539/1848/1509
f 2540/1841/1504 2526/1846/1507 2541/1852/1512
f 2542/1851/1512 2541/1852/1512 2458/1853/1439
f 2580/1854/1513 2572/1861/1517 2581/1855/1514
f 2582/1856/1514 2581/1855/1514 2557/1857/1449
f 2570/1859/1515 2536/1872/1524 2571/1860/1516
f 2565/1858/1449 2557/1857/1449 2566/1863/1470
f 2559/1866/1469 2558/1865/1520 2525/1843/1505
f 2589/1824/1444 2573/1826/1444 2590/1867/1521
f 2560/1871/1523 2535/1873/1523 2561/1875/1445
f 2562/1874/1525 2561/1875/1445 2506/1876/1526
f 2505/1833/1496 2563/2452/1999 2564/1877/1442
f 2689/1883/1529 2444/1882/1528 1941/1886/1532
f 2686/1881/1527 2687/1892/1538 2685/1888/1534
f 1940/1885/1531 2676/1895/1531 2687/1892/1538
f 2687/1892/1538 2473/1894/1540 2446/1889/1535
f 2683/1893/1539 2684/1898/1543 2682/1897/1542
f 2445/1896/1541 2679/1933/1575 2684/1898/1543
f 2450/1890/1536 2453/1901/1546 2449/1899/1544
f 2691/1900/1545 2692/2558/2096 2690/1903/1548
f 2460/1906/1550 2462/1909/1553 1938/1907/1551
f 1941/1886/1532 2443/1891/1537 2462/1909/1553
f 2462/1909/1553 2461/1910/1553 1623/1911/1554
f 2677/1917/1560 2678/1924/1567 2676/1895/1531
f 2474/1913/1556 2667/1927/1570 2678/1924/1567
f 2668/1912/1555 2670/1930/1572 2667/1927/1570
f 2448/1916/1559 2669/1920/1563 2670/1930/1572
f 2669/1920/1563 2475/1919/1562 2665/1931/1573
f 2680/1929/1571 2681/1934/1576 2679/1933/1575
f 2498/1926/1569 2674/2552/2091 2681/1934/1576
f 2508/1950/1589 2459/1965/1599 2509/1951/1555
f 2510/1945/1585 2509/1951/1555 2471/1952/1556
f 2483/1946/1570 2471/1952/1556 2484/1956/1592
f 2485/1953/1590 2484/1956/1592 1843/1957/1531
f 2458/1853/1439 2503/1966/1600 2519/1958/1593
f 2504/1960/1595 2519/1958/1593 2521/1963/1598
f 2519/1958/1593 2503/1966/1600 2520/1964/1597
f 2521/1963/1598 2520/1964/1597 2459/1965/1599
f 2458/1853/1439 2522/1880/1439 2523/1967/1601
f 2461/1910/1553 2468/1974/1553 1839/1971/1551
f 2454/1973/1603 1844/1989/1532 2467/1975/1604
f 2468/1974/1553 2467/1975/1604 1831/1976/1551
f 2452/1904/1549 2466/1979/1606 2463/1972/1544
f 2464/1977/1605 2457/1985/1611 2465/1978/1606
f 2466/1979/1606 2465/1978/1606 2454/1973/1603
f 2478/1942/1583 2455/1941/1583 2491/1980/1607
f 2492/1981/1608 2491/1980/1607 2469/1982/1540
f 2469/1982/1540 2495/1986/1612 2493/1984/1610
f 2482/1954/1531 1843/1957/1531 2494/1987/1527
f 2495/1986/1612 2494/1987/1527 2456/1988/1528
f 2456/1988/1528 2497/1991/1614 2496/1990/1613
f 1949/1992/1615 1955/1996/1619 1960/1993/1616
f 1956/1995/1618 1958/1998/1621 1955/1996/1619
f 1950/1997/1620 1957/2564/2102 1958/1998/1621
f 1952/2003/1625 1954/2006/1628 1951/2004/1626
f 1946/2000/1623 1953/1999/1622 1954/2006/1628
f 1953/1999/1622 1937/2002/1622 1942/2007/1629
f 1938/1907/1551 1623/1911/1554 1838/2013/1635
f 1623/1911/1554 1839/1971/1551 1841/2014/1636
f 1831/1976/1551 1846/2475/2020 1847/2017/1623
f 1833/2018/1638 1832/2476/2021 1834/2019/1639
f 1929/2021/1640 1930/2025/1644 1928/2022/1641
f 1894/2024/1643 1908/2028/1647 1930/2025/1644
f 1930/2025/1644 1922/2027/1646 1912/2030/1649
f 1888/2038/1657 1890/2058/1674 1903/2037/1656
f 1905/2033/1652 1907/2040/1659 1904/2039/1658
f 1903/2037/1656 1906/2675/2197 1907/2040/1659
f 1909/2041/1660 1910/2043/1662 1908/2028/1647
f 1917/2042/1661 1918/2045/1664 1916/2044/1663
f 1901/2034/1653 1904/2039/1658 1918/2045/1664
f 1926/2026/1645 1927/2664/2186 1925/2049/1667
f 1924/2050/1668 1923/2592/2118 1920/2047/1665
f 1920/2047/1665 1856/2062/1677 1622/2051/1650
f 1897/2052/1669 1899/2056/1672 1892/2053/1670
f 1887/2055/1671 1898/2576/2107 1899/2056/1672
f 1856/2062/1677 1858/2064/1678 1855/2063/1650
f 1858/2064/1678 1857/2078/1691 1854/2065/1650
f 1867/2066/1679 1866/2077/1690 1873/2067/1680
f 1874/2068/1681 1873/2067/1680 1864/2069/1682
f 1857/2078/1691 1876/2080/1693 1875/2079/1692
f 2370/2083/1696 2249/2082/1695 2173/2086/1699
f 2363/2093/1706 2364/2095/1708 2362/2094/1707
f 2269/2089/1702 2350/2096/1709 2364/2095/1708
f 2350/2096/1709 2271/2106/1718 2359/2097/1710
f 2351/2088/1701 2353/2100/1712 2350/2096/1709
f 1914/2092/1705 2352/2103/1715 2353/2100/1712
f 2345/2102/1714 2346/2108/1720 2358/2107/1719
f 2347/2101/1713 2349/2109/1721 2346/2108/1720
f 2270/2104/1716 2348/2661/2183 2349/2109/1721
f 2367/2081/1694 2368/2114/1726 2366/2110/1722
f 2226/2085/1698 2362/2094/1707 2368/2114/1726
f 2368/2114/1726 2361/2116/1728 2251/2111/1723
f 2320/2117/1729 2321/2120/1732 2295/2118/1730
f 1862/2031/1650 1919/2048/1666 2321/2120/1732
f 1919/2048/1666 1622/2051/1650 2311/2121/1732
f 2317/2127/1737 2319/2129/1739 2306/2128/1738
f 2295/2118/1730 2318/2122/1733 2319/2129/1739
f 2318/2122/1733 1860/2123/1733 2307/2130/1737
f 2297/2131/1740 2293/2148/1755 2298/2132/1741
f 2299/2133/1742 2298/2132/1741 2260/2134/1705
f 2314/2136/1744 2310/2140/1748 2315/2137/1745
f 2308/2139/1747 2280/2145/1753 2309/2141/1749
f 2282/2142/1750 2300/2144/1752 2302/2149/1756
f 2300/2144/1752 2281/2147/1754 2301/2151/1758
f 2302/2149/1756 2301/2151/1758 1859/2152/1759
f 1622/2051/1650 1855/2063/1650 2313/2153/1732
f 1855/2063/1650 1854/2065/1650 2312/2154/1760
f 2313/2153/1732 2312/2154/1760 1861/2146/1730
f 1861/2146/1730 2303/2594/2119 2304/2155/1761
f 2264/2164/1767 2200/2191/1698 2265/2165/1768
f 2266/2159/1764 2265/2165/1768 2241/2166/1695
f 2253/2160/1765 2241/2166/1695 2254/2173/1775
f 2255/2169/1771 2254/2173/1775 2162/2174/1776
f 2289/2135/1743 2260/2134/1705 2290/2175/1713
f 2291/2176/1777 2290/2175/1713 2279/2177/1778
f 2283/2178/1778 2279/2177/1778 2284/2179/1779
f 2286/2150/1757 1859/2152/1759 2287/2184/1701
f 2288/2181/1712 2287/2184/1701 2261/2185/1702
f 2273/2182/1702 2261/2185/1702 2274/2190/1785
f 2275/2188/1783 2274/2190/1785 2200/2191/1698
f 2170/2196/1788 2172/2202/1794 2169/2197/1789
f 2184/2201/1793 2186/2208/1800 2183/2204/1796
f 2416/2207/1799 2417/2212/1802 2415/2209/1801
f 2417/2212/1802 2179/2321/1889 2165/2213/1803
f 2369/2087/1700 2173/2086/1699 2223/2225/1812
f 2376/2227/1814 2378/2229/1816 2375/2228/1815
f 2223/2225/1812 2377/2232/1819 2378/2229/1816
f 2403/2223/1811 2404/2237/1824 2402/2199/1791
f 2187/2219/1807 2387/2240/1827 2404/2237/1824
f 2388/2218/1806 2389/2243/1830 2387/2240/1827
f 2174/2222/1810 2375/2228/1815 2389/2243/1830
f 2397/2247/1834 2398/2253/1839 2396/2252/1838
f 2386/2249/1835 2392/2693/2212 2398/2253/1839
f 2394/2244/1831 2395/2254/1840 2385/2251/1837
f 2188/2235/1822 2381/2671/2193 2395/2254/1840
f 2410/2242/1829 2411/2255/1841 2409/2205/1797
f 2193/2239/1826 2399/2258/1844 2411/2255/1841
f 2400/2238/1825 2401/2261/1846 2399/2258/1844
f 2189/2241/1828 2383/2248/1808 2401/2261/1846
f 2413/2260/1845 2414/2262/1847 2412/2210/1795
f 2406/2257/1843 2407/2687/2207 2414/2262/1847
f 2212/2263/1848 2177/2285/1807 2213/2264/1825
f 2214/2265/1825 2213/2264/1825 2190/2266/1849
f 2192/2268/1851 2204/2273/1856 2201/2269/1852
f 2202/2267/1850 2190/2266/1849 2203/2274/1857
f 2204/2273/1856 2203/2274/1857 2157/2275/1792
f 2227/2276/1858 2175/2288/1868 2228/2277/1859
f 2217/2284/1865 2216/2283/1864 2177/2285/1807
f 2218/2289/1869 2163/2309/1810 2219/2290/1806
f 2220/2286/1866 2219/2290/1806 2176/2291/1807
f 2206/2287/1867 2176/2291/1807 2207/2294/1850
f 2208/2292/1870 2207/2294/1850 2153/2295/1871
f 2244/2170/1772 2162/2174/1776 2245/2302/1878
f 2246/2298/1874 2245/2302/1878 2198/2303/1879
f 2233/2299/1875 2198/2303/1879 2234/2308/1884
f 2235/2306/1882 2234/2308/1884 2163/2309/1810
f 2179/2321/1889 2182/2324/1892 2178/2319/1801
f 2180/2322/1890 2166/2270/1853 2181/2323/1891
f 2182/2324/1892 2181/2323/1891 2168/2320/1888
f 2168/2320/1888 2167/2325/1888 2159/2318/1887
f 2159/2318/1887 2158/2326/1893 2154/2315/1790
f 2069/2327/1894 2071/2331/1898 2068/2328/1895
f 2064/2330/1897 2070/2694/2213 2071/2331/1898
f 2067/2329/1896 2068/2328/1895 2074/2336/1903
f 2065/2217/1805 1777/2216/1804 2055/2337/1904
f 2055/2337/1904 2060/2341/1908 2062/2339/1906
f 2060/2341/1908 2057/2345/1912 2061/2342/1909
f 2062/2339/1906 2061/2342/1909 2054/2343/1910
f 2076/2346/1913 2063/2353/1920 2077/2347/1914
f 2115/2352/1919 2114/2351/1918 2063/2353/1920
f 1766/2354/1921 1754/2363/1928 1767/2355/1922
f 1768/2356/1922 1767/2355/1922 1756/2357/1923
f 1769/2359/1925 1752/2365/1930 1770/2360/1926
f 1758/2364/1929 1753/2367/1932 1759/2369/1934
f 1778/2370/1935 1774/2376/1941 1779/2371/1936
f 1780/2372/1937 1779/2371/1936 1752/2365/1930
f 1781/2373/1938 1772/2377/1942 1782/2374/1939
f 1783/2375/1940 1782/2374/1939 1774/2376/1941
f 1773/2379/1944 2096/2381/1946 1761/2380/1945
f 1749/2378/1943 2087/2385/1948 2096/2381/1946
f 2096/2381/1946 2095/2384/1946 1750/2386/1945
f 1751/2366/1931 1761/2380/1945 1763/2387/1932
f 1761/2380/1945 1750/2386/1945 1762/2388/1949
f 1784/2389/1950 1776/2394/1955 1785/2390/1951
f 1786/2391/1952 1785/2390/1951 1749/2378/1943
f 2093/2398/1959 2094/2698/2217 2092/2382/1947
f 2109/2401/1962 2108/2409/1959 2090/2402/1963
f 1798/2407/1968 1800/2415/1952 1797/2414/1943
f 1796/2406/1967 1799/2622/2146 1800/2415/1952
f 2095/2384/1946 2111/2417/1972 2110/2416/1945
f 2090/2402/1963 1764/2410/1943 1802/2418/1973
f 2111/2417/1972 1802/2418/1973 1765/2419/1974
f 1797/2414/1943 1806/2634/2158 1807/2426/1979
f 1809/2424/1977 1811/2428/1981 1808/2427/1980
f 1807/2426/1979 1810/2629/2153 1811/2428/1981
f 1818/2432/1984 1819/2434/1986 1817/2433/1985
f 1804/2425/1978 1808/2427/1980 1819/2434/1986
f 1821/2429/1982 1822/2436/1987 1820/2435/1945
f 1814/2431/1983 1817/2433/1985 1822/2436/1987
f 1824/2437/1926 1825/2441/1989 1823/2440/1927
f 1801/2421/1930 1812/2430/1930 1825/2441/1989
f 1992/1747/1429 1990/1707/1396 1679/1706/1395
f 1669/1661/1361 1720/1667/1367 1666/1678/1372
f 1720/1667/1367 1691/2536/2075 1692/2451/1997
f 1950/1997/1620 1944/2005/1627 1951/2004/1626
f 1740/2544/2083 2660/1760/1435 2659/1764/1439
f 1738/2567/2028 1739/2566/2019 1950/1997/1620
f 2303/2594/2119 1861/2146/1730 2312/2154/1760
f 1788/2637/2160 1762/2388/1949 1815/2439/1988
f 1733/2682/2114 1734/2572/2105 1902/2036/1655
f 1732/2683/2203 2064/2330/1897 2069/2327/1894
f 2930/2726/2238 2947/2729/2241 2945/2727/2239
f 2947/2729/2241 2946/2721/2234 2921/2723/2236
f 2919/2730/2242 2878/2725/2234 2946/2721/2234
f 2866/2733/2245 2869/2736/2248 2867/2734/2246
f 2869/2736/2248 2868/2740/2252 2841/2737/2249
f 2901/2745/2257 2903/2746/2254 2902/2742/2254
f 2903/2746/2254 2862/2750/2261 2852/2739/2251
f 2851/2751/2262 2876/2748/2259 2903/2746/2254
f 2881/2756/2267 2884/2757/2268 2882/2754/2265
f 2884/2757/2268 2883/2759/2270 2864/2755/2266
f 2861/2758/2269 2853/2895/2385 2883/2759/2270
f 2898/2747/2258 2900/2762/2273 2899/2752/2263
f 2900/2762/2273 2881/2756/2267 2865/2753/2264
f 2854/2749/2260 2875/2764/2275 2900/2762/2273
f 2895/2765/2276 2897/2767/2277 2896/2763/2274
f 2905/2769/2279 2907/2770/2280 2906/2766/2274
f 2907/2770/2280 2891/2774/2283 2871/2768/2278
f 2874/2772/2271 2873/3387/2750 2861/2758/2269
f 2894/2775/2284 2893/3391/2753 2874/2772/2271
f 2926/2776/2285 2944/2777/2286 2942/2731/2243
f 2944/2777/2286 2943/2779/2242 2919/2730/2242
f 2932/2778/2287 2920/3426/2782 2943/2779/2242
f 3089/2783/2291 2765/2791/2297 3088/2784/2292
f 2842/2786/2294 3089/2783/2291 3090/2785/2293
f 2839/2789/2296 2741/2807/2311 2765/2791/2297
f 2868/2740/2252 2890/2793/2299 2888/2792/2298
f 2890/2793/2299 2889/2788/2294 2842/2786/2294
f 2858/2794/2300 2752/2790/2294 2889/2788/2294
f 3092/2796/2302 2766/2803/2308 3091/2797/2303
f 2765/2791/2297 3092/2796/2302 3093/2798/2304
f 3094/2799/2305 3096/3372/2739 3097/2800/2306
f 3098/2802/2308 3099/2805/2307 3094/2799/2305
f 2743/2804/2309 2798/2824/2327 3099/2805/2307
f 3092/2796/2302 2765/2791/2297 2741/2807/2311
f 2794/2813/2316 2797/2814/2317 2795/2811/2314
f 2797/2814/2317 2796/2816/2319 2763/2812/2315
f 2757/2815/2318 2744/2826/2329 2796/2816/2319
f 2835/2819/2322 2837/2820/2323 2836/2808/2312
f 2837/2820/2323 2794/2813/2316 2764/2810/2302
f 2742/2823/2326 2779/2822/2325 2837/2820/2323
f 2763/2812/2315 2799/2827/2307 2798/2824/2327
f 2758/2829/2331 2817/2830/2332 2814/2825/2328
f 2817/2830/2332 2815/2832/2330 2767/2828/2330
f 2816/2831/2333 2768/3367/2736 2815/2832/2330
f 2832/2835/2335 2834/2836/2336 2833/2821/2324
f 2834/2836/2336 2790/2839/2339 2747/2818/2321
f 2831/2841/2341 2786/2854/2354 2756/2840/2340
f 2790/2839/2339 2793/2842/2342 2791/2817/2320
f 2793/2842/2342 2792/2844/2344 2757/2815/2318
f 2770/2843/2343 2760/2847/2347 2792/2844/2344
f 2771/2848/2348 2813/2849/2349 2810/2846/2346
f 2813/2849/2349 2811/2833/2334 2758/2829/2331
f 2812/2850/2350 2748/2834/2308 2811/2833/2334
f 2789/2855/2355 2788/2859/2358 2770/2843/2343
f 2826/2861/2360 2829/2862/2361 2827/2853/2353
f 2829/2862/2361 2828/2857/2355 2789/2855/2355
f 2769/2865/2364 2783/2864/2363 2829/2862/2361
f 2809/2868/2366 2807/2851/2351 2771/2848/2348
f 2808/2870/2368 2759/2852/2352 2807/2851/2351
f 2822/2873/2370 2825/2874/2371 2823/2863/2362
f 2825/2874/2371 2824/2877/2372 2780/2858/2357
f 2818/2881/2375 2821/2882/2376 2819/2875/2355
f 2821/2882/2376 2820/2884/2378 2784/2878/2362
f 2805/2886/2379 2803/2867/2359 2773/2860/2359
f 2846/2889/2380 2844/2887/2356 2805/2886/2379
f 2845/2890/2381 2804/2888/2356 2844/2887/2356
f 2848/2891/2382 2847/2871/2369 2781/2869/2367
f 2864/2755/2266 2887/2892/2301 2885/2795/2301
f 2887/2892/2301 2886/2894/2384 2858/2794/2300
f 2870/2893/2383 2859/2897/2386 2886/2894/2384
f 2838/2896/2294 2840/2898/2387 2839/2789/2296
f 2840/2898/2387 2761/2809/2313 2741/2807/2311
f 3368/2899/2388 3318/2912/2398 3367/2900/2389
f 3337/2911/2397 3335/2905/2393 3315/2907/2393
f 3336/2914/2301 3314/2909/2393 3335/2905/2393
f 2745/2915/2400 3336/2914/2301 3337/2911/2397
f 3428/2919/2402 3414/2924/2404 3427/2918/2356
f 3392/2920/2403 3428/2919/2402 3429/2917/2401
f 3413/2925/2405 3388/2935/2410 3412/2923/2367
f 3418/2930/2406 3416/2934/2409 3375/2931/2352
f 3417/2933/2408 3386/2938/2409 3416/2934/2409
f 3397/2943/2413 3387/2939/2356 3396/2936/2411
f 3374/2944/2414 3397/2943/2413 3398/2940/2345
f 3422/2946/2416 3420/2949/2418 2774/2947/2417
f 3421/2948/2350 3376/2952/2421 3420/2949/2418
f 3378/2937/2412 3421/2948/2350 3422/2946/2416
f 3402/2954/2423 3400/2950/2419 3378/2937/2412
f 3401/2956/2320 3377/2953/2422 3400/2950/2419
f 2775/2957/2302 3401/2956/2320 3402/2954/2423
f 3426/2959/2426 3424/2962/2330 3380/2960/2427
f 3425/2961/2428 3379/2965/2431 3424/2962/2330
f 2751/2951/2420 3425/2961/2428 3426/2959/2426
f 2750/2967/2432 3407/3340/2717 3408/2964/2430
f 3406/2973/2438 3404/2963/2429 2751/2951/2420
f 3405/2974/2314 3382/2966/2417 3404/2963/2429
f 3384/2971/2436 3405/2974/2314 3406/2973/2438
f 2746/2976/2439 3383/2975/2316 3384/2971/2436
f 3112/2977/2440 3108/2981/2308 2750/2967/2432
f 3383/2975/2316 2746/2976/2439 3107/2978/2441
f 3113/2984/2446 3109/2979/2442 3108/2981/2308
f 3116/2985/2447 3119/2986/2448 3117/2982/2444
f 3119/2986/2448 3118/3342/2718 3113/2984/2446
f 3340/2987/2449 3338/2990/2452 2776/2908/2395
f 3339/2989/2451 3115/2993/2455 3338/2990/2452
f 3114/2991/2453 3339/2989/2451 3340/2987/2449
f 3120/2994/2456 3122/2996/2458 3121/2992/2454
f 3123/2997/2459 3125/2998/2460 3124/2995/2457
f 3125/2998/2460 3116/2985/2447 3111/2983/2445
f 3245/3002/2464 3302/3001/2463 3303/3000/2462
f 3306/3004/2465 3304/3008/2469 3256/3006/2467
f 3305/3007/2468 3272/3012/2472 3304/3008/2469
f 3258/3009/2470 3305/3007/2468 3306/3004/2465
f 3271/3013/2473 3251/3067/2513 3270/3011/2471
f 3365/3015/2475 3308/2904/2253 3364/2902/2391
f 3317/3017/2477 3365/3015/2475 3366/3016/2476
f 3347/3024/2482 3359/3022/2282 3360/3023/2481
f 3327/3028/2484 3346/3027/2282 3347/3024/2482
f 3372/3030/2485 3363/3035/2490 3371/3031/2486
f 3345/3020/2282 3372/3030/2485 3373/3032/2487
f 3362/3033/2488 3328/3018/2478 3361/3034/2489
f 3349/3038/2492 3312/3037/2264 3327/3028/2484
f 3341/3040/2494 3349/3038/2492 3350/3039/2493
f 3351/3042/2495 3353/3045/2497 3341/3040/2494
f 3352/3046/2498 3322/3050/2502 3331/3044/2264
f 3319/3047/2499 3352/3046/2498 3353/3045/2497
f 3333/3049/2501 3320/2913/2399 3332/2910/2396
f 3322/3050/2502 3333/3049/2501 3334/3048/2500
f 3354/3053/2504 3356/3056/2506 3342/3054/2505
f 3355/3057/2254 3309/3052/2258 3319/3047/2499
f 2860/3058/2504 3355/3057/2254 3356/3056/2506
f 3325/3065/2512 3114/2991/2453 3324/2988/2450
f 3311/3062/2509 3325/3065/2512 3326/3064/2511
f 3275/3066/2241 3273/3071/2516 2933/3069/2514
f 3274/3070/2515 3254/3073/2518 3273/3071/2516
f 3248/3072/2517 3274/3070/2515 3275/3066/2241
f 3009/3074/2519 3012/3078/2523 3010/3075/2520
f 2962/3084/2527 3011/3082/2523 3012/3078/2523
f 2928/3092/2534 2931/3095/2537 2929/3093/2535
f 2931/3095/2537 2930/2726/2238 2916/2728/2240
f 2956/3101/2543 2958/3103/2545 2957/3100/2542
f 2993/3102/2544 2995/3105/2547 2994/3098/2540
f 2995/3105/2547 2924/3109/2551 2912/3097/2539
f 2911/3104/2546 2955/3107/2549 2995/3105/2547
f 2938/3113/2555 2941/3114/2556 2939/3112/2554
f 2941/3114/2556 2940/2781/2289 2926/2776/2285
f 2990/3106/2548 2992/3119/2561 2991/3110/2552
f 2992/3119/2561 2938/3113/2555 2927/3111/2553
f 2914/3108/2550 2953/3121/2563 2992/3119/2561
f 2986/3122/2563 2989/3125/2566 2987/3120/2562
f 2989/3125/2566 2949/3127/2568 2918/3118/2560
f 2954/3124/2565 2988/3427/2783 2989/3125/2566
f 2980/3141/2579 2982/3142/2580 2981/3131/2571
f 2982/3142/2580 2968/3137/2576 2967/3133/2573
f 2983/3143/2581 2985/3144/2582 2984/3126/2567
f 2985/3144/2582 2964/3132/2572 2951/3128/2569
f 2937/3146/2584 2936/3433/2788 2913/2782/2290
f 2974/3148/2585 2973/3424/2780 2937/3146/2584
f 2970/3140/2577 2978/3149/2586 2976/3147/2574
f 2978/3149/2586 2977/3420/2777 2974/3148/2585
f 3027/3077/2522 3029/3150/2533 3028/3090/2533
f 3029/3150/2533 3013/3155/2590 2960/3087/2530
f 2959/3079/2524 3006/3154/2533 3029/3150/2533
f 3015/3157/2592 2956/3101/2543 2880/3089/2532
f 3057/3151/2587 3060/3158/2593 3058/3156/2591
f 3060/3158/2593 3059/3160/2595 3015/3157/2592
f 3003/3159/2594 2997/3447/2795 3059/3160/2595
f 3053/3162/2597 3056/3163/2598 3054/3161/2596
f 3056/3163/2598 3055/3166/2601 3003/3159/2594
f 3067/3170/2605 3069/3171/2606 3068/3168/2603
f 3069/3171/2606 3049/3174/2609 3019/3165/2600
f 3018/3176/2608 3043/3173/2608 3069/3171/2606
f 3049/3174/2609 3052/3177/2610 3050/3164/2599
f 3052/3177/2610 3051/3446/2794 3004/3167/2602
f 3063/3183/2608 3066/3187/2617 3064/3172/2607
f 3070/3188/2618 3072/3189/2619 3071/3186/2613
f 3072/3189/2619 3061/3436/2789 3039/3181/2613
f 3023/3191/2533 3026/3194/2622 3024/3152/2588
f 3045/3195/2623 3048/3196/2624 3046/3193/2621
f 3025/3199/2626 3047/3197/2625 3048/3196/2624
f 3073/3200/2627 3074/3442/2791 3047/3197/2625
f 3230/3207/2623 3232/3211/2635 3231/3208/2632
f 3181/3210/2634 3211/3215/2637 3232/3211/2635
f 3210/3212/2633 3213/3217/2624 3211/3215/2637
f 3183/3214/2636 3212/3221/2639 3213/3217/2624
f 3034/3226/2533 3182/3224/2624 3183/3214/2636
f 3209/3229/2608 3217/3235/2642 3229/3231/2607
f 3224/3232/2607 3227/3238/2644 3225/3236/2620
f 3226/3241/2646 3191/3243/2647 3214/3239/2645
f 3219/3234/2607 3226/3241/2646 3227/3238/2644
f 3208/3246/2648 3218/3244/2620 3219/3234/2607
f 3215/3247/2649 3234/3250/2651 3235/3248/2650
f 3236/3242/2613 3239/3253/2654 3215/3247/2649
f 3238/3254/2655 3192/3256/2656 3237/3251/2652
f 3179/3245/2645 3238/3254/2655 3239/3253/2654
f 3243/3255/2611 3241/3260/2660 3188/3258/2658
f 3242/3259/2659 3197/3264/2663 3241/3260/2660
f 3194/3261/2661 3242/3259/2659 3243/3255/2611
f 3196/3262/2662 3169/3270/2666 3195/3263/2602
f 3220/3220/2603 3222/3266/2664 3208/3246/2648
f 3221/3267/2608 3178/3265/2596 3194/3261/2661
f 3167/3222/2608 3221/3267/2608 3222/3266/2664
f 3200/3271/2667 3168/3273/2668 3199/3269/2665
f 3000/3225/2640 3200/3271/2667 3201/3268/2596
f 3205/3272/2602 3203/3277/2672 3022/3275/2670
f 3204/3276/2671 3173/3281/2674 3203/3277/2672
f 3170/3278/2673 3204/3276/2671 3205/3272/2602
f 3172/3279/2592 2910/3324/2705 3171/3280/2532
f 3184/3283/2676 3186/3284/2533 3034/3226/2533
f 3185/3285/2533 2999/3282/2675 3170/3278/2673
f 2909/3286/2677 3185/3285/2533 3186/3284/2533
f 3280/3287/2678 3294/3295/2682 3295/3288/2679
f 3268/3291/2584 3300/3298/2685 3301/3297/2684
f 3297/3301/2686 3265/3296/2683 3280/3287/2678
f 3286/3303/2688 3297/3301/2686 3298/3302/2687
f 3250/3306/2691 3285/3305/2690 3286/3303/2688
f 3247/3308/2693 3288/3311/2695 3289/3309/2694
f 3278/3316/2699 3258/3009/2470 3277/3005/2466
f 3260/3314/2692 3278/3316/2699 3279/3315/2698
f 3246/3318/2548 3259/3317/2553 3260/3314/2692
f 3291/3322/2703 2922/3320/2701 3244/3321/2702
f 2910/3324/2705 3291/3322/2703 3292/3323/2704
f 3261/3325/2706 3264/3328/2708 3246/3318/2548
f 3263/3329/2709 3248/3072/2517 3262/3068/2238
f 3249/3327/2546 3263/3329/2709 3264/3328/2708
f 3036/3332/2519 3038/3333/2523 3011/3082/2523
f 3001/3335/2712 3037/3334/2711 3038/3333/2523
f 3110/2980/2443 3407/3340/2717 2750/2967/2432
f 3076/3341/2715 3379/2965/2431 3408/2964/2430
f 3313/2906/2394 2776/2908/2395 2746/2976/2439
f 3075/3373/2740 2798/2824/2327 2799/2827/2307
f 2921/2723/2236 2855/2722/2235 3080/3394/2728
f 3605/3456/2802 3608/3459/2805 3606/3457/2803
f 3608/3459/2805 3607/3451/2797 3592/3454/2800
f 3587/3460/2806 3487/3452/2798 3607/3451/2797
f 3493/3469/2815 3496/3471/2817 3494/3468/2814
f 3543/3473/2818 3546/3474/2816 3544/3470/2816
f 3546/3474/2816 3545/3477/2820 3495/3472/2810
f 3481/3479/2821 3490/3476/2816 3546/3474/2816
f 3495/3472/2810 3517/3480/2809 3515/3463/2809
f 3517/3480/2809 3516/3482/2822 3474/3467/2813
f 3500/3481/2809 3477/3498/2833 3516/3482/2822
f 3514/3487/2826 3512/3489/2809 3500/3481/2809
f 3554/3493/2823 3552/3488/2826 3514/3487/2826
f 3553/3495/2831 3513/3491/2828 3552/3488/2826
f 3584/3503/2837 3582/3505/2839 3513/3491/2828
f 3583/3504/2838 3525/3506/2840 3582/3505/2839
f 3539/3507/2841 3542/3508/2842 3540/3475/2819
f 3542/3508/2842 3541/3485/2824 3478/3478/2810
f 3535/3513/2846 3538/3515/2848 3536/3511/2844
f 3572/3517/2849 3575/3518/2850 3573/3514/2847
f 3575/3518/2850 3574/3521/2853 3537/3516/2843
f 3523/3523/2854 3532/3520/2852 3575/3518/2850
f 3537/3516/2843 3563/3524/2855 3561/3509/2825
f 3563/3524/2855 3562/3492/2829 3491/3486/2825
f 3547/3525/2856 3509/3494/2830 3562/3492/2829
f 3560/3530/2857 3558/3532/2860 3547/3525/2856
f 3579/3536/2858 3577/3531/2819 3560/3530/2857
f 3578/3538/2861 3559/3534/2857 3577/3531/2819
f 3581/3541/2863 3580/3539/2825 3550/3533/2825
f 3568/3542/2864 3571/3543/2865 3569/3519/2851
f 3571/3543/2865 3570/3528/2859 3510/3522/2843
f 3564/3548/2867 3567/3549/2868 3565/3544/2852
f 3567/3549/2868 3566/3535/2843 3533/3529/2843
f 3604/3552/2870 3603/3556/2874 3587/3460/2806
f 3620/3558/2876 3623/3559/2877 3621/3550/2869
f 3623/3559/2877 3622/3554/2872 3604/3552/2870
f 3639/3576/2891 3638/4107/3296 3626/3575/2879
f 3645/3577/2892 3624/3572/2888 3612/3568/2886
f 3630/3579/2894 3629/4108/3297 3593/3555/2873
f 3626/3575/2879 3642/3580/2895 3640/3578/2893
f 3642/3580/2895 3641/4106/3295 3630/3579/2894
f 3633/3581/2896 3632/4104/3294 3589/3557/2875
f 3588/3565/2883 3636/3582/2897 3635/3450/2796
f 3636/3582/2897 3493/3469/2815 3475/3455/2801
f 3507/3584/2899 3505/3587/2901 3480/3585/2900
f 3506/3586/2899 3479/3591/2901 3505/3587/2901
f 3531/3589/2899 3529/3593/2901 3479/3591/2901
f 3530/3592/2902 3486/4065/3268 3529/3593/2901
f 4070/3596/2903 3472/3718/2982 4069/3597/2904
f 4093/3607/2911 4091/3602/2908 4067/3604/2909
f 4092/3609/2913 4066/3606/2910 4091/3602/2908
f 4029/3610/2914 4092/3609/2913 4093/3607/2911
f 4085/3620/2921 4072/3624/2925 4084/3621/2922
f 4074/3613/2917 4085/3620/2921 4086/3622/2923
f 4088/3627/2926 4062/3611/2915 4087/3628/2873
f 4064/3623/2924 4088/3627/2926 4089/3629/2927
f 4081/3632/2928 4059/3618/2920 4075/3619/2917
f 4061/3634/2930 4081/3632/2928 4082/3633/2929
f 4046/3637/2931 4060/3636/2887 4061/3634/2930
f 4022/3640/2934 4045/3639/2933 4046/3637/2931
f 4099/3644/2937 4097/3599/2906 4023/3600/2906
f 4098/3646/2937 3520/3601/2907 4097/3599/2906
f 4024/3647/2939 4098/3646/2937 4099/3644/2937
f 4049/3651/2941 4037/3655/2945 4048/3650/2807
f 4034/3652/2942 4049/3651/2941 4050/3648/2890
f 4096/3653/2943 4094/3642/2803 4025/3605/2803
f 4095/3654/2944 4035/3645/2938 4094/3642/2803
f 4037/3655/2945 4095/3654/2944 4096/3653/2943
f 4153/3671/2951 4148/3673/2953 4152/3670/2950
f 4121/3660/2843 4153/3671/2951 4154/3669/2857
f 4147/3674/2954 4125/3667/2825 4146/3663/2825
f 4151/3675/2955 4149/3678/2829 4108/3666/2829
f 4150/3677/2825 4100/3688/2963 4149/3678/2829
f 4109/3679/2956 4150/3677/2825 4151/3675/2955
f 4133/3682/2958 4109/3679/2956 4132/3676/2843
f 4102/3683/2959 4133/3682/2958 4134/3680/2957
f 4137/3689/2964 3485/3706/2974 4136/3687/2962
f 4101/3690/2965 4137/3689/2964 4138/3685/2857
f 4127/3696/2968 4111/3695/2828 4155/3691/2826
f 4130/3701/2970 4128/3703/2972 4111/3695/2828
f 4129/3702/2971 4114/3704/2973 4128/3703/2972
f 4113/3705/2823 3527/3699/2809 4112/3698/2809
f 4117/3708/2809 4115/3594/2836 3483/3590/2836
f 4116/3710/2809 3471/3595/2812 4115/3594/2836
f 3484/3711/2975 4116/3710/2809 4117/3708/2809
f 4139/3712/2976 4142/3714/2978 4101/3690/2965
f 4141/3715/2979 4103/3709/2962 4140/3707/2830
f 4105/3716/2980 4141/3715/2979 4142/3714/2978
f 3472/3718/2982 4104/3717/2981 4105/3716/2980
f 4040/3725/2987 4028/3727/2989 4039/3724/2986
f 4026/3726/2988 4040/3725/2987 4041/3722/2984
f 3809/3728/2990 3804/3734/2996 3808/3729/2991
f 3806/3731/2993 3809/3728/2990 3810/3730/2992
f 3747/3736/2998 3805/3735/2997 3806/3731/2993
f 3744/3738/3000 3653/3756/3017 3668/3733/2995
f 3805/3735/2997 3747/3736/2998 3730/3739/2999
f 3815/3740/3001 3813/3745/3006 3814/3741/3002
f 3804/3734/2996 3815/3740/3001 3816/3742/3003
f 3812/3743/3004 3669/3748/3009 3811/3744/3005
f 3694/3746/3007 3696/3749/3010 3695/3747/3008
f 3696/3749/3010 3679/3753/3014 3661/3750/3011
f 3659/3755/3016 3666/3752/3013 3696/3749/3010
f 3691/3757/3018 3693/3760/3020 3692/3751/3012
f 3693/3760/3020 3675/3765/3025 3488/3754/3015
f 3667/3759/3018 3672/3764/3024 3693/3760/3020
f 3723/3766/3026 3725/3768/3028 3724/3762/3022
f 3773/3770/3030 3743/3776/3036 3730/3739/2999
f 3746/3778/3038 3745/3782/3042 3653/3756/3017
f 3768/3772/3032 3771/3784/3044 3769/3777/3037
f 3771/3784/3044 3770/3780/3040 3746/3778/3038
f 3731/3774/3034 3737/3786/3046 3771/3784/3044
f 3764/3787/3047 3767/3791/3050 3765/3785/3045
f 3767/3791/3050 3766/3794/3053 3733/3781/3041
f 3740/3789/3046 3749/3793/3052 3767/3791/3050
f 3760/3796/3054 3763/3800/3057 3761/3792/3051
f 3763/3800/3057 3762/3803/3060 3738/3795/3041
f 3774/3806/3062 3777/3808/3064 3775/3805/3061
f 3790/3810/3066 3792/3811/3067 3791/3807/3063
f 3757/3809/3065 3759/4165/3337 3758/3801/3058
f 3778/3814/3070 3781/3815/3071 3779/3797/3055
f 3739/3816/3072 3780/4168/3340 3781/3815/3071
f 3782/3817/3073 3785/3818/3074 3783/3788/3048
f 3785/3818/3074 3748/3799/3056 3740/3789/3046
f 3732/3820/3076 3784/3819/3075 3785/3818/3074
f 3786/3821/3035 3789/3822/3077 3787/3773/3033
f 3789/3822/3077 3736/3790/3049 3731/3774/3034
f 3742/3824/3079 3788/3823/3078 3789/3822/3077
f 3679/3753/3014 3682/3832/3087 3680/3831/3086
f 3682/3832/3087 3681/3826/3081 3662/3829/3084
f 3617/3836/3091 3619/3839/3094 3618/3837/3092
f 3619/3839/3094 3605/3456/2802 3591/3458/2804
f 3590/3842/3097 3594/3841/3096 3619/3839/3094
f 3614/3843/3098 3616/3845/3100 3615/3840/3095
f 3649/3846/3101 3651/3847/3102 3650/3844/3099
f 3651/3847/3102 3620/3558/2876 3601/3551/2804
f 3599/3850/3105 3613/3849/3104 3651/3847/3102
f 3646/3852/3107 3648/3853/3108 3647/3848/3103
f 3648/3853/3108 3609/3567/2885 3586/3563/2881
f 3689/3858/3113 3709/3859/3114 3707/3856/3111
f 3709/3859/3114 3708/3861/3116 3677/3857/3112
f 3697/3860/3115 3657/3871/3124 3708/3861/3116
f 3687/3761/3021 3690/3864/3118 3688/3854/3109
f 3690/3864/3118 3689/3858/3113 3678/3855/3110
f 3677/3857/3112 3712/3868/3088 3710/3833/3088
f 3712/3868/3088 3711/3870/3123 3652/3827/3082
f 3698/3869/3122 3656/4118/3304 3711/3870/3123
f 3720/3767/3027 3722/3872/3125 3721/3867/3121
f 3722/3872/3125 3683/3874/3127 3671/3866/3120
f 3703/3880/3119 3702/4152/3328 3685/3877/3130
f 3716/3883/3133 3715/4148/3326 3703/3880/3119
f 3717/3884/3134 3719/3886/3136 3718/3873/3126
f 3727/3887/3137 3729/3888/3138 3728/3885/3135
f 3729/3888/3138 3713/3882/3119 3700/3879/3131
f 3685/3877/3130 3706/3889/3139 3704/3862/3117
f 3706/3889/3139 3705/4149/3327 3697/3860/3115
f 4020/3890/3140 4011/3897/3146 4019/3891/3141
f 3989/3893/3143 4020/3890/3140 4021/3892/3142
f 4010/3895/3144 3992/3923/3164 4009/3896/3145
f 3991/3902/3150 4007/3900/3148 4008/3901/3149
f 3978/3905/3151 3990/3904/3135 3991/3902/3150
f 4017/3910/3088 4015/3914/3157 3970/3912/3156
f 4016/3913/3088 3664/3945/3181 4015/3914/3157
f 3971/3915/3158 4016/3913/3088 4017/3910/3088
f 3995/3916/3159 3998/3919/3160 3978/3905/3151
f 3997/3920/3161 3982/3925/3165 3996/3918/3130
f 3979/3921/3162 3997/3920/3161 3998/3919/3160
f 4014/3922/3163 4012/3907/3153 3972/3909/3155
f 4013/3924/3111 3980/3911/3112 4012/3907/3153
f 3982/3925/3165 4013/3924/3111 4014/3922/3163
f 4051/3928/3168 4053/3932/3170 4042/3929/3095
f 4052/3933/3171 3470/3657/2935 4034/3652/2942
f 4030/3934/3172 4052/3933/3171 4053/3932/3170
f 4054/3935/3173 4056/3940/3177 4030/3934/3172
f 4055/3941/3178 4026/3726/2988 4038/3723/2985
f 4032/3937/3175 4055/3941/3178 4056/3940/3177
f 3985/3946/3182 3974/3949/3185 3984/3944/3084
f 3831/3947/3183 3985/3946/3182 3986/3942/3179
f 3935/3950/3035 3938/3954/3189 3936/3951/3186
f 3937/3957/3191 3735/4020/3234 3885/3955/3190
f 3894/3958/3035 3937/3957/3191 3938/3954/3189
f 3887/3959/3192 3958/3962/3194 3959/3960/3193
f 3961/3966/3197 3901/4027/3240 3960/3967/3198
f 3754/3968/3199 3961/3966/3197 3962/3963/3195
f 3931/3953/3188 3934/3971/3201 3932/3969/3200
f 3933/3974/3203 3889/4015/3230 3896/3972/3056
f 3885/3955/3190 3933/3974/3203 3934/3971/3201
f 3927/3970/3037 3930/3977/3205 3928/3975/3204
f 3896/3972/3056 3929/3981/3207 3930/3977/3205
f 3902/3978/3052 3924/4000/3222 3945/3983/3208
f 3946/3984/3209 3949/3989/3214 3939/3985/3210
f 3948/3987/3212 3922/3992/3217 3947/3988/3213
f 3905/3990/3215 3948/3987/3212 3949/3989/3214
f 3953/3991/3216 3951/3996/3220 3907/3994/3218
f 3952/3995/3219 3906/4009/3225 3951/3996/3220
f 3903/3997/3221 3952/3995/3219 3953/3991/3216
f 3940/3998/3208 3943/4003/3223 3941/4001/3211
f 3926/3999/3208 3942/4002/3211 3943/4003/3223
f 3900/3982/3052 3925/4004/3208 3926/3999/3208
f 3957/4008/3058 3955/4012/3227 3898/4010/3041
f 3956/4011/3226 3909/3961/3038 3955/4012/3227
f 3911/4007/3211 3956/4011/3226 3957/4008/3058
f 3899/4014/3229 3910/4013/3228 3911/4007/3211
f 3912/4016/3231 3915/4017/3232 3899/4014/3229
f 3914/4018/3045 3754/3968/3199 3913/3965/3041
f 3888/4019/3233 3914/4018/3045 3915/4017/3232
f 3916/4021/3235 3919/4023/3236 3888/4019/3233
f 3918/4024/3237 3893/4031/3041 3917/4022/2997
f 3890/4025/3238 3918/4024/3237 3919/4023/3236
f 3965/4026/3239 3963/4030/3243 3673/4028/3241
f 3964/4029/3242 3891/4033/3245 3963/4030/3243
f 3893/4031/3041 3964/4029/3242 3965/4026/3239
f 3845/4037/3249 3734/4035/3247 3890/4025/3238
f 3999/4038/3250 4001/4041/3251 3987/4039/3012
f 4000/4042/3252 3521/3927/3167 3979/3921/3162
f 3976/4043/3253 4000/4042/3252 4001/4041/3251
f 3967/4046/3255 3674/4044/3009 3966/4045/3254
f 3660/4032/3244 3967/4046/3255 3968/4047/3256
f 3967/4046/3255 3660/4032/3244 3830/4051/2996
f 4002/4049/3009 4004/4052/3258 3976/4043/3253
f 4003/4053/3008 3831/3947/3183 3983/3943/3180
f 3832/4050/3257 4003/4053/3008 4004/4052/3258
f 3833/4054/3259 3836/4055/3260 3834/4048/3255
f 3836/4055/3260 3835/4122/3308 3832/4050/3257
f 3847/4056/3261 3846/4058/3263 3734/4035/3247
f 3841/4057/3262 3837/4060/3263 3846/4058/3263
f 3839/4059/3041 3830/4051/2996 3660/4032/3244
f 3838/4061/3264 3840/4062/3265 3839/4059/3041
f 3840/4062/3265 3833/4054/3259 3830/4051/2996
f 3844/4063/3266 3843/4134/3030 3841/4057/3262
f 3819/4081/3269 3505/3587/2901 3479/3591/2901
f 3802/4117/3278 3596/3828/3083 3597/3838/3093
f 3653/3756/3017 3745/3782/3042 3665/3758/3019
f 4164/4177/3347 4166/4181/3350 4167/4178/3348
f 4168/4180/3347 4169/4183/3350 4166/4181/3350
f 4158/4188/3355 4165/4179/3349 4167/4178/3348
f 4174/4192/1046 4173/4237/1045 4181/4193/1045
f 4175/4195/3358 4174/4192/1046 4182/4194/1046
f 4176/4197/1046 4175/4195/3358 4183/4196/1046
f 4178/4199/1049 4177/4252/1049 4185/4200/3359
f 4179/4202/1046 4178/4199/1049 4186/4201/1049
f 4180/4204/1046 4179/4202/1046 4187/4203/1046
f 4182/4194/1046 4181/4193/1045 4189/4206/1050
f 4183/4196/1046 4182/4194/1046 4190/4207/1046
f 4187/4203/1046 4186/4201/1049 4192/4209/1045
f 4188/4205/1046 4187/4203/1046 4193/4210/1046
f 4193/4210/1046 4192/4209/1045 4196/4213/1049
f 4202/4215/1046 4201/4304/1045 4207/4221/1045
f 4203/4216/1046 4202/4215/1046 4208/4222/1046
f 4205/4220/1046 4204/4219/1045 4212/4224/1049
f 4206/4226/1046 4205/4220/1046 4213/4225/1046
f 4208/4222/1046 4207/4221/1045 4216/4228/1045
f 4209/4223/1046 4208/4222/1046 4217/4229/1046
f 4210/4231/3361 4209/4223/1046 4218/4230/3361
f 4212/4224/1049 4211/4341/3365 4220/4233/1054
f 4213/4225/1046 4212/4224/1049 4221/4234/1049
f 4214/4227/1046 4213/4225/1046 4222/4235/1046
f 4263/4240/3362 4311/4238/1048 4173/4237/1045
f 4289/4242/1051 4181/4193/1045 4173/4237/1045
f 4261/4246/1054 4175/4195/3358 4176/4197/1046
f 4177/4252/1049 4258/4271/3368 4259/4249/3365
f 4310/4263/3361 4191/4208/1046 4195/4212/1046
f 4257/4270/1046 4177/4252/1049 4178/4199/1049
f 4255/4275/1049 4256/4272/1054 4178/4199/1049
f 4194/4211/1046 4272/4293/1046 4273/4280/1046
f 4196/4213/1049 4192/4209/1045 4299/4283/3363
f 4199/4217/1046 4203/4216/1046 4305/4312/3358
f 4298/4313/1051 4215/4315/1051 4216/4228/1045
f 4216/4228/1045 4276/4319/1047 4277/4314/3362
f 4220/4233/1054 4211/4341/3365 4210/4231/3361
f 4219/4232/1046 4218/4230/3361 4279/4323/1050
f 4220/4233/1054 4219/4232/1046 4281/4325/3374
f 4200/4218/1049 4303/4329/1045 4304/4330/3377
f 4214/4227/1046 4266/4346/1046 4267/4339/1046
f 4283/4343/1046 4284/4345/1050 4221/4234/1049
f 4285/4344/1049 4222/4235/1046 4221/4234/1049
f 4222/4235/1046 4285/4344/1049 4286/4349/3362
f 4386/4352/634 4388/4358/634 4385/4357/634
f 4381/4356/634 4387/4393/634 4388/4358/634
f 4377/4359/634 4378/4363/634 4360/4360/634
f 4383/4362/634 4384/4368/634 4382/4366/634
f 4390/4367/634 4391/4370/634 4389/4369/634
f 4376/4354/634 4379/4353/634 4391/4370/634
f 4334/4361/634 4360/4360/634 4361/4378/634
f 4361/4378/634 4366/4415/634 4367/4381/634
f 4372/4379/634 4374/4383/634 4363/4382/634
f 4367/4381/634 4373/4418/634 4374/4383/634
f 4369/4386/634 4371/4390/634 4368/4389/634
f 4363/4382/634 4370/4422/634 4371/4390/634
f 4430/4440/3380 4429/4443/3380 4419/4441/3381
f 4429/4443/3380 4432/4450/3384 4431/4444/3382
f 4425/4445/3380 4420/4448/3383 4422/4446/3380
f 4420/4448/3383 4423/4462/3391 4424/4449/3380
f 4427/4454/3388 4408/4451/3385 4432/4450/3384
f 4431/4444/3382 4432/4450/3384 4410/4453/3387
f 4407/4458/3389 4402/4459/3390 4430/4440/3380
f 4419/4441/3381 4413/4457/3384 4414/4461/3384
f 4443/4474/3399 4438/6751/5086 4437/4472/3397
f 4439/4479/3403 4438/6751/5086 4443/4474/3399
f 4453/4483/3406 4450/4488/3409 4449/4485/3407
f 4455/4491/3412 4454/4486/3408 4449/4485/3407
f 4765/4494/3415 4764/4501/3422 4766/4495/3416
f 4767/4496/3417 4766/4495/3416 4749/4497/3418
f 4762/4499/3420 4753/4504/3425 4763/4500/3421
f 4769/4503/3424 4768/4740/3630 4753/4504/3425
f 4459/4506/3427 4744/4733/3624 4745/4509/3430
f 4735/4512/3433 4731/4526/3444 4736/4513/3434
f 4737/4514/3435 4736/4513/3434 4706/4515/3432
f 4726/4523/3442 4738/4522/3441 4740/4527/3445
f 4738/4522/3441 4725/4525/3441 4739/4529/3447
f 4740/4527/3445 4739/4529/3447 4649/4530/3448
f 4755/4531/3449 4751/4537/3455 4756/4532/3450
f 4759/4498/3419 4749/4497/3418 4760/4535/3453
f 4761/4536/3454 4760/4535/3453 4751/4537/3455
f 4711/4524/3443 4741/4539/3429 4743/4540/3441
f 4741/4539/3429 4710/4508/3429 4742/4507/3428
f 4743/4540/3441 4742/4507/3428 4460/4511/3432
f 4713/4548/3464 4651/4574/3487 4714/4549/3465
f 4715/4550/3466 4714/4549/3465 4693/4551/3467
f 4703/4553/3469 4697/4557/3472 4704/4554/3470
f 4695/4552/3468 4693/4551/3467 4696/4556/3471
f 4728/4516/3436 4706/4515/3432 4729/4560/3475
f 4730/4561/3476 4729/4560/3475 4723/4562/3477
f 4723/4562/3477 4734/4566/3480 4717/4564/3478
f 4732/4528/3446 4649/4530/3448 4733/4567/3481
f 4734/4566/3480 4733/4567/3481 4707/4568/3478
f 4708/4565/3479 4717/4564/3478 4719/4571/3484
f 4717/4564/3478 4707/4568/3478 4718/4573/3486
f 4719/4571/3484 4718/4573/3486 4651/4574/3487
f 4720/4541/3457 4460/4511/3432 4721/4547/3463
f 4722/4575/3488 4721/4547/3463 4650/4543/3459
f 4698/4576/3489 4650/4543/3459 4699/4542/3458
f 4700/4577/3490 4699/4542/3458 4461/4546/3462
f 4672/4586/3497 4662/4589/3500 4677/4587/3498
f 4664/4592/3503 4663/4591/3502 4647/4593/3504
f 4686/4602/3512 4648/4601/3512 4687/4605/3515
f 4688/4603/3513 4687/4605/3515 4665/4606/3516
f 4679/4608/3518 4673/4611/3521 4680/4609/3519
f 4682/4616/3526 4666/4607/3517 4683/4617/3527
f 4684/4618/3528 4683/4617/3527 4668/4612/3522
f 4669/4622/3512 4660/4625/3534 4670/4623/3532
f 4671/4620/3530 4670/4623/3532 4632/4624/3533
f 4658/4578/3491 4461/4546/3462 4659/4585/3496
f 4642/4633/3540 4639/4639/3545 4643/4634/3541
f 4644/4628/3537 4643/4634/3541 4628/4635/3492
f 4637/4638/3544 4634/4644/3549 4638/4640/3546
f 4655/4621/3531 4632/4624/3533 4656/4643/3548
f 4657/4642/3547 4656/4643/3548 4634/4644/3549
f 4570/4650/3554 4587/4651/3555 4589/4647/3552
f 4587/4651/3555 4576/4658/3561 4588/4652/3556
f 4589/4647/3552 4588/4652/3556 4553/4653/3553
f 4463/4580/3492 4619/4579/3492 4621/4656/3559
f 4619/4579/3492 4575/4584/3492 4620/4657/3560
f 4621/4656/3559 4620/4657/3560 4576/4658/3561
f 4608/4659/3562 4606/4673/3575 4609/4660/3563
f 4610/4661/3564 4609/4660/3563 4593/4662/3565
f 4625/4664/3567 4602/4670/3573 4626/4665/3568
f 4627/4666/3569 4626/4665/3568 4604/4667/3570
f 4604/4667/3570 4612/4669/3572 4614/4674/3576
f 4612/4669/3572 4603/4672/3572 4613/4676/3577
f 4614/4674/3576 4613/4676/3577 4572/4677/3578
f 4628/4635/3492 4596/4641/3492 4629/4678/3579
f 4630/4679/3580 4629/4678/3579 4598/4671/3574
f 4598/4671/3574 4616/4680/3581 4618/4681/3582
f 4616/4680/3581 4597/4655/3558 4617/4654/3557
f 4618/4681/3582 4617/4654/3557 4570/4650/3554
f 4590/4683/3584 4574/4696/3594 4591/4684/3585
f 4592/4685/3585 4591/4684/3585 4577/4686/3586
f 4579/4687/3587 4577/4686/3586 4580/4688/3588
f 4581/4689/3589 4580/4688/3588 4566/4690/3590
f 4570/4650/3554 4573/4646/3551 4583/4695/3552
f 4583/4695/3552 4573/4646/3551 4584/4645/3550
f 4585/4697/3595 4584/4645/3550 4464/4649/3553
f 4560/4706/3602 4554/4773/3662 4561/4707/3603
f 4562/4701/3598 4561/4707/3603 4538/4708/3599
f 4553/4653/3553 4554/4773/3662 4560/4706/3602
f 4563/4712/3607 4551/4705/3602 4564/4704/3601
f 4565/4713/3608 4564/4704/3601 4552/4700/3597
f 4556/4714/3609 4552/4700/3597 4557/4699/3596
f 4558/4715/3610 4557/4699/3596 4465/4703/3600
f 4542/4724/3616 4539/4775/3664 4543/4725/3617
f 4544/4719/3613 4543/4725/3617 4537/4726/3614
f 4538/4708/3599 4539/4775/3664 4542/4724/3616
f 4547/4728/3619 4535/4723/3616 4548/4722/3615
f 4473/4738/3628 4474/4739/3629 4702/4544/3460
f 4462/4751/3641 4475/4772/3661 4576/4658/3561
f 4772/4808/3696 4774/4807/3695 4795/4821/3709
f 4774/4807/3695 4776/4810/3698 4794/4823/3711
f 4776/4810/3698 4778/4812/3700 4793/4826/3712
f 4780/4814/3702 4782/4816/3704 4791/4827/3713
f 4782/4816/3704 4783/4818/3706 4790/4832/3716
f 4792/4828/3714 4793/4826/3712 4778/4812/3700
f 5192/4839/3722 5200/4840/3723 5202/4836/3719
f 5200/4840/3723 5195/5177/3995 5201/4841/3718
f 5202/4836/3719 5201/4841/3718 5174/4842/3724
f 5168/4848/3730 5186/4849/3731 5188/4845/3727
f 5186/4849/3731 5175/4856/3737 5187/4850/3726
f 5188/4845/3727 5187/4850/3726 5145/4851/3732
f 5191/4852/3733 5198/4854/3735 5186/4849/3731
f 5196/4837/3720 5174/4842/3724 5197/4855/3736
f 5198/4854/3735 5197/4855/3736 5175/4856/3737
f 5190/4857/3738 5189/4862/3743 5170/4858/3739
f 5183/4860/3741 5173/4844/3726 5184/4843/3725
f 5112/4868/3749 5164/4869/3750 5166/4865/3746
f 5164/4869/3750 5146/4876/3756 5165/4870/3467
f 5166/4865/3746 5165/4870/3467 5060/4871/3751
f 5167/4872/3752 5178/4874/3754 5164/4869/3750
f 5176/4846/3728 5145/4851/3732 5177/4875/3755
f 5178/4874/3754 5177/4875/3755 5146/4876/3756
f 5180/4859/3740 5170/4858/3739 5181/4877/3757
f 5182/4878/3758 5181/4877/3757 5172/4879/3759
f 5172/4879/3759 5171/4873/3753 5167/4872/3752
f 5158/4882/3760 5154/4887/3765 5159/4883/3761
f 5160/4884/3762 5159/4883/3761 5109/4885/3763
f 5149/4890/3768 5161/4891/3769 5163/4888/3766
f 5161/4891/3769 5148/4864/3745 5162/4863/3744
f 5163/4888/3766 5162/4863/3744 4800/4867/3748
f 5058/4892/3770 5132/4898/3771 5129/4893/3492
f 5130/4897/3494 5061/4906/3777 5131/4899/3549
f 5132/4898/3771 5131/4899/3549 4936/4900/3772
f 5142/4866/3747 5060/4871/3751 5143/4905/3776
f 5144/4903/3774 5143/4905/3776 5061/4906/3777
f 5133/4907/3778 5120/4912/3782 5134/4908/3779
f 5135/4909/3780 5134/4908/3779 5106/4910/3533
f 5115/4915/3785 5136/4916/3786 5138/4913/3783
f 5136/4916/3786 5114/4926/3794 5137/4917/3787
f 5138/4913/3783 5137/4917/3787 5057/4918/3495
f 5151/4886/3764 5109/4885/3763 5152/4919/3788
f 5153/4920/3789 5152/4919/3788 5147/4921/3790
f 5147/4921/3790 5157/4925/3793 5139/4923/3791
f 5155/4889/3767 4800/4867/3748 5156/4904/3775
f 5157/4925/3793 5156/4904/3775 5110/4902/3512
f 5111/4924/3792 5139/4923/3791 5141/4927/3795
f 5139/4923/3791 5110/4902/3512 5140/4901/3773
f 5141/4927/3795 5140/4901/3773 4949/4896/3533
f 5103/4934/3800 5097/4939/3804 5104/4935/3801
f 5105/4931/3799 5104/4935/3801 5089/4936/3492
f 5095/4937/3802 5088/4943/3807 5096/4938/3803
f 5086/4941/3805 5059/4954/3817 5087/4942/3806
f 5117/4911/3781 5106/4910/3533 5118/4945/3808
f 5119/4946/3809 5118/4945/3808 5113/4947/3810
f 5113/4947/3810 5124/4951/3814 5121/4949/3812
f 5122/4914/3784 5057/4918/3495 5123/4952/3815
f 5124/4951/3814 5123/4952/3815 5107/4953/3816
f 5107/4953/3816 5128/4956/3818 5125/4955/3817
f 5126/4928/3796 4949/4896/3533 5127/4895/3548
f 5128/4956/3818 5127/4895/3548 5058/4892/3770
f 5010/4963/3824 5009/4966/3827 4982/4964/3825
f 4982/4964/3825 4981/4970/3828 4976/4971/3829
f 4976/4971/3829 4975/4975/3832 4947/4976/3833
f 4944/4978/3835 4932/4986/3842 4945/4979/3836
f 4946/4980/3837 4945/4979/3836 4939/4981/3838
f 4939/4981/3838 4953/4989/3845 4950/4987/3843
f 4951/4985/3841 4931/4984/3841 4952/4990/3846
f 4953/4989/3845 4952/4990/3846 4888/4991/3847
f 5083/4997/3852 5082/4996/3851 5053/4998/3853
f 5071/5000/3855 5065/5007/3860 5072/5001/3856
f 5073/5002/3857 5072/5001/3856 5062/5003/3858
f 5081/5006/3859 5080/5005/3859 5065/5007/3860
f 5075/5010/3863 5077/5014/3866 5074/5011/3864
f 5062/5003/3858 4948/5009/3862 5076/5013/3865
f 5077/5014/3866 5076/5013/3865 4989/5015/3867
s 0
f 5034/5018/3868 5033/5022/3871 5027/5019/3869
f 5037/5023/3872 4986/5035/3881 5038/5024/3870
f 5044/5030/5087 5035/5033/3880 5045/5031/3879
f 5049/5034/3880 5048/5037/3882 4986/5035/3881
s 1
f 5014/5039/3884 5050/5041/3886 5052/5038/3883
f 5050/5041/3886 5031/5046/3890 5051/5042/3887
f 5052/5038/3883 5051/5042/3887 5020/5043/3872
f 5029/5045/3889 4973/5061/3902 5030/5047/3891
f 5012/5026/3869 5043/5053/3896 5040/5049/3892
f 5041/5036/3872 5020/5043/3872 5042/5054/3897
f 5043/5053/3896 5042/5054/3897 5022/5050/3893
f 5022/5050/3893 5021/5055/3898 4979/5056/3899
f 5007/5058/3901 5006/5057/3900 4970/4967/3566
f 4971/5066/3907 5016/5067/3908 5018/5064/3905
f 5016/5067/3908 4965/5076/3914 5017/5068/3909
f 5018/5064/3905 5017/5068/3909 4972/5069/3910
f 5024/5060/3563 4993/5065/3906 5025/5073/3874
f 5026/5072/3912 5025/5073/3874 4995/5071/3911
f 4995/5071/3911 4994/5074/3895 4962/4969/3566
f 4997/5075/3913 4964/5078/3913 4998/5080/3917
f 4999/5079/3916 4998/5080/3917 4919/4974/3583
f 4958/5016/3570 5001/5083/3919 5003/5081/3918
f 5001/5083/3919 4969/5089/3924 5002/5084/3920
f 5003/5081/3918 5002/5084/3920 4966/5085/3583
f 4989/5015/3867 5079/5087/3922 5001/5083/3919
f 5066/5086/3921 4967/5090/3925 5078/5088/3923
f 5079/5087/3922 5078/5088/3923 4969/5089/3924
f 5067/5095/3929 5056/5103/3936 5068/5096/3930
f 5069/5094/3928 5068/5096/3930 4967/5090/3925
f 5085/4993/3849 5101/5100/3933 5098/5097/3931
f 5099/4932/3492 5089/4936/3492 5100/5101/3934
f 5101/5100/3933 5100/5101/3934 5091/5098/3931
f 5091/5098/3931 5090/5102/3935 5056/5103/3936
f 4927/4983/3840 4955/5107/3938 4957/5105/3841
f 4955/5107/3938 4935/5112/3942 4956/5108/3939
f 4957/5105/3841 4956/5108/3939 4924/5109/3843
f 4947/4976/3833 4978/5110/3940 4955/5107/3938
f 4966/5085/3583 4933/5093/3583 4977/5111/3941
f 4978/5110/3940 4977/5111/3941 4935/5112/3942
f 4900/5121/3950 4898/5120/3949 4901/5122/3951
f 4902/5123/3952 4901/5122/3951 4885/5124/3946
f 4890/5131/3957 4896/5148/3970 4904/5127/3597
f 4904/5127/3597 4896/5148/3970 4905/5134/3959
f 4906/5132/3958 4905/5134/3959 4868/5135/3946
f 4938/5136/3960 4928/4988/3844 4941/5137/3961
f 4942/5138/3962 4941/5137/3961 4930/5139/3963
f 4930/5139/3963 4929/5141/3964 4916/5142/3606
f 4921/5143/3965 4916/5142/3606 4922/5144/3966
f 4923/5145/3967 4922/5144/3966 4890/5131/3957
f 4924/5109/3843 4802/4961/3822 4925/5118/3947
f 4926/5146/3968 4925/5118/3947 4889/5114/3944
f 4890/5131/3957 4908/5147/3969 4910/5149/3597
f 4908/5147/3969 4889/5114/3944 4909/5113/3943
f 4910/5149/3597 4909/5113/3943 4803/5117/3946
f 4876/5151/3971 4874/5159/3979 4877/5152/3972
f 4878/5153/3973 4877/5152/3972 4871/5154/3974
f 4882/5156/3976 4872/5160/3980 4883/5157/3977
f 4884/5158/3978 4883/5157/3977 4874/5159/3979
f 4871/5154/3974 4865/5163/3983 4880/5172/3991
f 4881/5173/3992 4880/5172/3991 4867/5174/3993
f 4864/5181/3997 5206/5180/3997 5200/4840/3723
f 5209/5190/4006 5210/5191/4007 5061/4906/3777
f 5211/5223/4038 5212/5224/4039 4913/5115/3945
f 5215/5252/4066 5217/5251/4065 5239/5265/3709
f 5217/5251/4065 5219/5254/4067 5238/5267/4072
f 5219/5254/4067 5221/5256/4069 5237/5270/3712
f 5223/5258/3702 5225/5260/4071 5235/5271/4074
f 5225/5260/4071 5226/5262/3706 5234/5276/4076
f 5236/5272/4075 5237/5270/3712 5221/5256/4069
f 5283/5278/4077 5281/5286/4085 5282/5279/4078
f 5270/5281/4080 5283/5278/4077 5284/5280/4079
f 5295/5285/4084 5294/5331/4130 5281/5286/4085
f 5296/5287/4086 5299/5288/4087 5297/5283/4082
f 5299/5288/4087 5298/5328/4127 5295/5285/4084
f 5277/5289/4088 5276/5304/4103 5271/5290/4089
f 5251/5292/4091 5276/5304/4103 5277/5289/4088
f 5280/5294/4093 5279/5295/4094 5270/5281/4080
f 5275/5291/4090 5271/5290/4089 5279/5295/4094
f 5301/5298/4097 5302/5336/4135 5304/5300/4099
f 5304/5300/4099 5296/5287/4086 5293/5284/4083
f 5305/5301/4100 5307/5302/4101 5306/5296/4095
f 5307/5302/4101 5302/5336/4135 5301/5298/4097
f 5308/5303/4102 5309/5335/4134 5276/5304/4103
f 5276/5304/4103 5309/5335/4134 5300/5297/4096
f 5259/5305/4104 5256/5315/4114 5258/5306/4105
f 5257/5308/4107 5253/5317/4116 5259/5305/4104
f 5266/5309/4108 5265/5312/4111 5254/5310/4109
f 5258/5306/4105 5256/5315/4114 5265/5312/4111
f 5273/5318/4117 5269/5321/4120 5272/5319/4118
f 5254/5310/4109 5273/5318/4117 5274/5320/4119
f 5269/5321/4120 5268/5322/4121 5251/5292/4091
f 5252/5313/4112 5310/5343/4142 5311/5323/4122
f 5268/5322/4121 5311/5323/4122 5308/5303/4102
f 5249/5316/4115 5312/5346/4145 5313/5324/4123
f 5313/5324/4123 5310/5343/4142 5252/5313/4112
f 5262/5325/4124 5249/5316/4115 5253/5317/4116
f 5261/5327/4126 5250/5345/4144 5262/5325/4124
f 5389/5353/4151 5327/5357/4155 5325/5354/4152
f 5386/5356/4154 5324/5359/4157 5327/5357/4155
f 5327/5357/4155 5329/5361/4159 5328/5362/4153
f 5332/5363/4160 5335/5364/4161 5333/5358/4156
f 5335/5364/4161 5334/5405/4202 5329/5361/4159
f 5346/5365/4162 5331/5371/4168 5384/5366/4163
f 5379/5368/4165 5330/5379/4176 5346/5365/4162
f 5337/5369/4166 5324/5359/4157 5386/5356/4154
f 5331/5371/4168 5337/5369/4166 5387/5370/4167
f 5339/5376/4173 5341/5408/4205 5340/5375/4172
f 5340/5375/4172 5341/5408/4205 5332/5363/4160
f 5342/5377/4174 5344/5378/4175 5343/5372/4169
f 5344/5378/4175 5339/5376/4173 5338/5374/4171
f 5330/5379/4176 5345/5417/4214 5347/5380/4177
f 5347/5380/4177 5336/5373/4170 5331/5371/4168
f 5371/5381/4178 5368/5392/4189 5370/5382/4179
f 5366/5384/4181 5371/5381/4178 5372/5383/4180
f 5377/5386/4183 5367/5390/4187 5376/5387/4184
f 5370/5382/4179 5368/5392/4189 5377/5386/4183
f 5382/5394/4191 5380/5398/4195 5381/5395/4192
f 5376/5387/4184 5367/5390/4187 5382/5394/4191
f 5351/5397/4194 5330/5379/4176 5379/5368/4165
f 5349/5389/4186 5350/5419/4216 5352/5399/4196
f 5352/5399/4196 5345/5417/4214 5330/5379/4176
f 5353/5400/4197 5355/5401/4198 5354/5391/4188
f 5355/5401/4198 5350/5419/4216 5349/5389/4186
f 5375/5402/4199 5374/5404/4201 5348/5393/4190
f 5373/5403/4200 5356/5421/4218 5374/5404/4201
f 5358/5409/4206 5325/5354/4152 5328/5362/4153
f 5469/5428/4224 5468/5432/4228 5460/5429/4225
f 5463/5431/4227 5462/5434/4230 5468/5432/4228
f 5466/5433/4229 5464/5436/4232 5462/5434/4230
f 5465/5435/4231 5461/5544/4340 5464/5436/4232
f 5473/5437/4233 5472/5440/4236 5470/5438/4234
f 5467/5430/4226 5460/5429/4225 5472/5440/4236
f 5491/5441/4237 5490/5445/4241 5477/5442/4238
f 5482/5444/4240 5480/5448/4244 5490/5445/4241
f 5485/5452/4248 5483/5449/4245 5480/5448/4244
f 5484/5453/4249 5479/5451/4247 5483/5449/4245
f 5488/5454/4250 5486/5456/4252 5476/5450/4246
f 5487/5455/4251 5475/5547/4343 5486/5456/4252
f 5494/5457/4253 5493/5460/4256 5481/5458/4254
f 5477/5442/4238 5474/5446/4242 5493/5460/4256
f 5500/5461/4257 5498/5465/4261 5495/5462/4258
f 5499/5464/4260 5496/5554/4350 5498/5465/4261
f 5508/5466/4262 5507/5470/4266 5501/5467/4263
f 5503/5469/4265 5502/5472/4268 5507/5470/4266
f 5505/5471/4267 5504/5473/4269 5502/5472/4268
f 5497/5463/4259 5495/5462/4258 5504/5473/4269
f 5520/5474/4270 5518/5478/4274 5511/5475/4271
f 5519/5477/4273 5514/5481/4277 5518/5478/4274
f 5513/5482/4278 5510/5568/4364 5512/5480/4276
f 5530/5483/4279 5529/5487/4283 5515/5484/4280
f 5534/5490/4286 5533/5486/4282 5530/5483/4279
f 5524/5492/4288 5521/5489/4285 5533/5486/4282
f 5527/5493/4289 5525/5495/4291 5521/5489/4285
f 5526/5494/4290 5523/5497/4293 5525/5495/4291
f 5511/5475/4271 5509/5479/4275 5522/5496/4292
f 5537/5498/4294 5536/5501/4297 5531/5499/4295
f 5528/5485/4281 5515/5484/4280 5536/5501/4297
f 5552/5502/4298 5550/5506/4302 5539/5503/4299
f 5551/5505/4301 5545/5573/4369 5550/5506/4302
f 5558/5507/4303 5557/5511/4307 5538/5508/4304
f 5562/5514/4310 5561/5510/4306 5558/5507/4303
f 5553/5516/4312 5541/5513/4309 5561/5510/4306
f 5555/5517/4313 5554/5519/4315 5541/5513/4309
f 5546/5518/4314 5544/5521/4317 5554/5519/4315
f 5549/5523/4319 5547/5522/4318 5544/5521/4317
f 5549/5523/4319 5548/5605/4401 5543/5504/4300
f 5565/5524/4320 5564/5527/4323 5559/5525/4321
f 5556/5509/4305 5538/5508/4304 5564/5527/4323
f 5572/5528/4324 5571/5532/4328 5419/5529/4325
f 5566/5531/4327 5421/5534/4330 5571/5532/4328
f 5569/5533/4329 5567/5536/4332 5421/5534/4330
f 5569/5533/4329 5568/5575/4371 5420/5535/4331
f 5576/5537/4333 5575/5540/4336 5573/5538/4334
f 5570/5530/4326 5419/5529/4325 5575/5540/4336
f 5523/5497/4293 5526/5494/4290 5517/5476/4272
f 5691/5614/4409 5694/5617/4412 5692/5615/4410
f 5694/5617/4412 5693/5761/4554 5577/5618/4413
f 5695/5619/4414 5697/5622/4417 5696/5620/4415
f 5697/5622/4417 5691/5614/4409 5578/5616/4411
f 5702/5623/4418 5705/5626/4421 5703/5624/4419
f 5705/5626/4421 5704/5815/4606 5701/5627/4422
f 5701/5627/4422 5700/5768/4560 5580/5630/4425
f 5706/5631/4426 5708/5635/4430 5707/5632/4427
f 5709/5636/4431 5711/5637/4432 5710/5634/4429
f 5711/5637/4432 5702/5623/4418 5698/5625/4420
f 5712/5638/4433 5715/5641/4436 5713/5639/4434
f 5715/5641/4436 5714/5772/4564 5583/5642/4437
f 5716/5643/4438 5718/5646/4441 5717/5644/4439
f 5718/5646/4441 5712/5638/4433 5584/5640/4435
f 5723/5647/4442 5726/5650/4445 5724/5648/4443
f 5726/5650/4445 5725/5822/4613 5722/5651/4446
f 5722/5651/4446 5721/5821/4612 5586/5654/4449
f 5727/5655/4450 5729/5659/4454 5728/5656/4451
f 5730/5660/4455 5732/5661/4456 5731/5658/4453
f 5732/5661/4456 5723/5647/4442 5719/5649/4444
f 5739/5662/4457 5750/5665/4460 5748/5663/4458
f 5750/5665/4460 5749/5831/4622 5743/5666/4461
f 5743/5666/4461 5742/5778/4570 5589/5669/4464
f 5754/5670/4465 5756/5673/4468 5755/5671/4466
f 5756/5673/4468 5737/5680/4475 5736/5674/4469
f 5751/5678/4473 5753/5681/4476 5752/5679/4474
f 5753/5681/4476 5744/5684/4479 5740/5682/4477
f 5744/5684/4479 5747/5685/4480 5745/5683/4478
f 5747/5685/4480 5746/5834/4625 5739/5662/4457
f 5757/5686/4481 5759/5689/4484 5758/5687/4482
f 5759/5689/4484 5733/5672/4467 5591/5675/4470
f 5762/5690/4485 5770/5693/4488 5768/5691/4486
f 5770/5693/4488 5769/5802/4594 5593/5694/4489
f 5771/5695/4490 5773/5698/4493 5772/5696/4491
f 5773/5698/4493 5764/5703/4498 5763/5699/4494
f 5764/5703/4498 5767/5704/4499 5765/5702/4497
f 5767/5704/4499 5766/5835/4626 5762/5690/4485
f 5774/5705/4500 5776/5708/4503 5775/5706/4501
f 5776/5708/4503 5760/5697/4492 5595/5700/4495
f 5777/5709/4504 5780/5712/4507 5778/5710/4505
f 5780/5712/4507 5779/5806/4598 5597/5713/4508
f 5781/5714/4509 5783/5717/4512 5782/5715/4510
f 5783/5717/4512 5777/5709/4504 5598/5711/4506
f 5742/5778/4570 5727/5655/4450 5588/5657/4452
f 5850/5848/3492 5852/5851/3492 5851/5849/3492
f 5852/5851/3492 5849/5863/3492 5811/5852/3492
f 5853/5856/3492 5855/5859/3492 5854/5857/3492
f 5855/5859/3492 5850/5848/3492 5813/5850/3492
f 5863/5853/3492 5811/5852/3492 5821/5862/3492
f 5841/5867/3492 5840/5865/3492 5849/5863/3492
f 5843/5869/3492 5842/5868/3492 5852/5851/3492
f 5853/5856/3492 5848/5888/3492 5847/5885/3492
f 5882/5904/4639 5883/5926/4658 5881/5905/4640
f 5901/5907/4642 5882/5904/4639 5867/5906/4641
f 5885/5909/4644 5886/5912/4647 5884/5910/4645
f 5867/5906/4641 5881/5905/4640 5886/5912/4647
f 5899/5908/4643 5867/5906/4641 5885/5909/4644
f 5900/5913/4648 5885/5909/4644 5868/5911/4646
f 5888/5915/4649 5889/5918/4652 5887/5916/4650
f 5868/5911/4646 5884/5910/4645 5889/5918/4652
f 5897/5914/4645 5868/5911/4646 5888/5915/4649
f 5898/5919/4653 5888/5915/4649 5869/5917/4651
f 5869/5917/4651 5887/5916/4650 5891/5921/4654
f 5895/5920/4650 5869/5917/4651 5890/5922/4655
f 5878/5927/4659 5881/5905/4640 5883/5926/4658
f 5894/5930/4661 5874/5931/4662 5901/5907/4642
f 5916/5939/4665 5917/5961/4685 5915/5940/4666
f 5936/5942/4668 5916/5939/4665 5904/5941/4667
f 5919/5944/4670 5920/5947/4673 5918/5945/4671
f 5904/5941/4667 5915/5940/4666 5920/5947/4673
f 5934/5943/4669 5904/5941/4667 5919/5944/4670
f 5935/5948/4674 5919/5944/4670 5905/5946/4672
f 5922/5950/4676 5923/5953/4679 5921/5951/4677
f 5905/5946/4672 5918/5945/4671 5923/5953/4679
f 5932/5949/4675 5905/5946/4672 5922/5950/4676
f 5933/5954/4680 5922/5950/4676 5906/5952/4678
f 5906/5952/4678 5921/5951/4677 5925/5956/4682
f 5930/5955/4681 5906/5952/4678 5924/5957/4683
f 5912/5962/4686 5913/5967/4689 5920/5947/4673
f 5928/5966/4688 5932/5949/4675 5933/5954/4680
f 5957/5977/4697 5944/5981/4701 5945/5978/4698
f 5953/5980/4700 5943/5986/4706 5944/5981/4701
f 5956/5979/4699 5945/5978/4698 5946/5982/4702
f 5949/5984/4704 5950/5993/4711 5942/5985/4705
f 5951/5987/4707 6563/6752/5088 5952/5991/4710 5940/5988/4708
f 5950/5993/4711 5951/5987/4707 5941/5989/4709
f 5990/6010/4718 5979/6014/4722 5980/6011/4719
f 5986/6013/4721 5978/6019/4726 5979/6014/4722
f 5989/6012/4720 5980/6011/4719 5981/6015/4723
f 5982/6017/4724 5983/6026/4733 5977/6018/4725
f 5984/6020/4727 5985/6024/4731 5975/6021/4728
f 5983/6026/4733 5984/6020/4727 5976/6022/4729
f 6019/6040/1049 6020/6043/3492 6006/6041/3492
f 6022/6045/3492 6021/6049/3492 6017/6046/1046
f 6024/6050/3492 6023/6061/3492 6014/6051/1049
f 6004/6053/1049 6025/6060/3492 6024/6050/3492
f 6027/6057/3492 6026/6054/3492 6011/6056/1046
f 6007/6062/3492 6028/6065/3492 6008/6063/1049
f 6040/6068/4737 6043/6100/4769 6046/6071/4740
f 6046/6071/4740 6045/6096/4765 6042/6070/4739
f 6076/6072/4741 6029/6067/4736 6041/6069/4738
f 6030/6074/4743 6047/6104/4773 6049/6075/4744
f 6050/6078/4747 6052/6079/4748 6051/6077/4746
f 6052/6079/4748 6043/6100/4769 6040/6068/4737
f 6077/6080/4749 6048/6076/4745 6029/6067/4736
f 6030/6074/4743 6048/6076/4745 6077/6080/4749
f 6053/6082/4751 6055/6085/4754 6054/6083/4752
f 6055/6085/4754 6047/6104/4773 6030/6074/4743
f 6070/6086/4755 6069/6094/4763 6066/6087/4756
f 6064/6089/4758 6069/6094/4763 6070/6086/4755
f 6075/6091/4760 6074/6093/4762 6065/6081/4750
f 6066/6087/4756 6074/6093/4762 6075/6091/4760
f 6072/6095/4764 6071/6114/4783 6031/6084/4753
f 6080/6099/4768 6042/6070/4739 6045/6096/4765
f 6079/6105/4774 6078/6073/4742 6041/6069/4738
f 6124/6120/4789 6122/6128/4797 6123/6121/4790
f 6119/6123/4792 6111/6125/4794 6124/6120/4789
f 6138/6127/4796 6137/6172/4840 6122/6128/4797
f 6139/6129/4798 6142/6130/4799 6140/6124/4793
f 6142/6130/4799 6141/6169/4837 6138/6127/4796
f 6118/6131/4800 6117/6145/4814 6112/6132/4801
f 6092/6134/4803 6117/6145/4814 6118/6131/4800
f 6120/6136/4805 6111/6125/4794 6119/6123/4792
f 6116/6133/4802 6112/6132/4801 6120/6136/4805
f 6144/6140/4809 6145/6178/4846 6147/6142/4811
f 6147/6142/4811 6139/6129/4798 6136/6126/4795
f 6143/6139/4808 6148/6176/4844 6150/6143/4812
f 6150/6143/4812 6145/6178/4846 6144/6140/4809
f 6151/6144/4813 6152/6177/4845 6117/6145/4814
f 6117/6145/4814 6152/6177/4845 6143/6139/4808
f 6100/6146/4815 6097/6156/4824 6099/6147/4816
f 6098/6149/4818 6094/6158/4826 6100/6146/4815
f 6107/6150/4819 6106/6153/4822 6095/6151/4820
f 6099/6147/4816 6097/6156/4824 6106/6153/4822
f 6114/6159/4827 6110/6162/4830 6113/6160/4828
f 6095/6151/4820 6114/6159/4827 6115/6161/4829
f 6110/6162/4830 6109/6163/4831 6092/6134/4803
f 6093/6154/4821 6153/6185/4853 6154/6164/4832
f 6109/6163/4831 6154/6164/4832 6151/6144/4813
f 6090/6157/4825 6155/6188/4856 6156/6165/4833
f 6156/6165/4833 6153/6185/4853 6093/6154/4821
f 6103/6166/4834 6090/6157/4825 6094/6158/4826
f 6102/6168/4836 6091/6187/4855 6103/6166/4834
f 6250/6200/4863 6245/6197/4863 6185/6196/3392
f 6251/6201/4864 6253/6204/4863 6252/6202/3392
f 6263/6213/4869 6258/6210/4863 6254/6209/4867
f 6264/6214/4870 6266/6217/4863 6265/6215/4868
f 6275/6226/4871 6271/6223/3392 6267/6222/3384
f 6276/6227/4864 6278/6230/4863 6277/6228/3380
f 6208/6255/3380 6207/6254/3380 6251/6201/4864
f 6219/6266/3380 6218/6270/4876 6263/6213/4869
f 6266/6217/4863 6222/6325/3384 6221/6268/3380
f 6307/6294/4871 6306/6302/4871 6159/6295/4871
f 6304/6296/4871 6303/6304/4871 6160/6297/4871
f 6160/6297/4871 6301/6309/4871 6300/6298/4871
f 6298/6300/4871 6297/6307/4871 6162/6301/4871
f 6292/6342/4871 6291/6355/4871 6164/6343/4871
f 6289/6347/4871 6288/6357/4871 6165/6345/4895
f 6338/6234/4873 6285/6359/4863 6284/6352/4899
f 6295/6310/4871 6294/6353/4871 6163/6344/4871
f 6282/6365/3380 6281/6370/3380 6315/6366/3380
f 6283/6368/4869 6282/6365/3380 6314/6367/3380
f 6345/6382/4905 6347/6385/4908 6809/6387/4910 6810/6383/4906
f 6347/6385/4908 6348/6388/4911 6813/6390/4913 6812/6386/4909
f 6357/6409/4923 6700/6753/5089 6698/6410/4924
f 6362/6412/4926 6699/6411/4925 6729/6413/4927
f 6363/6416/4930 6714/6754/5090 6715/6417/4931
f 6387/6419/4932 6716/6418/4932 6717/6420/4933
f 6385/6423/4930 6741/6431/4932 6731/6424/4936
f 6364/6426/4930 6732/6425/4932 6742/6427/4932
f 6386/6422/4935 6718/6421/4934 6719/6430/4936
f 6383/6432/4930 6737/6449/4932 6738/6433/4932
f 6382/6435/4930 6735/6434/4932 6736/6436/4932
f 6380/6439/4938 6743/6447/4932 6749/6440/4932
f 6379/6442/4930 6750/6441/4932 6758/6443/4932
f 6381/6438/4935 6739/6437/4936 6740/6446/4936
f 6384/6429/4938 6733/6428/4937 6734/6448/4936
f 6365/6450/4930 6746/6488/4932 6754/6451/4932
f 6377/6453/4930 6755/6452/4932 6747/6454/4932
f 6375/6457/4930 6757/6465/4936 6759/6458/4939
f 6374/6460/4935 6760/6459/4937 6761/6461/4932
f 6376/6456/4930 6748/6455/4936 6756/6464/4932
f 6372/6466/4930 6752/6486/4936 6770/6467/4936
f 6371/6469/4930 6771/6468/4936 6772/6470/4936
f 6369/6473/4930 6764/6484/4936 6765/6474/4932
f 6367/6477/4930 6773/6482/4932 6768/6478/4932
f 6368/6476/4930 6766/6475/4936 6767/6481/4932
f 6370/6472/4930 6762/6471/4936 6763/6483/4932
f 6373/6463/4930 6753/6462/4932 6751/6485/4932
f 6378/6445/4930 6744/6444/4932 6745/6487/4932
f 6401/6494/4945 6393/6495/4946 6394/6496/4947
f 6400/6489/4940 6401/6494/4945 6789/6502/4953 6790/6498/4949
f 6395/6505/4956 6396/6755/5091 6403/6506/4957
f 6403/6506/4957 6396/6755/5091 6397/6507/4958
f 6404/6508/4959 6397/6507/4958 6398/6511/4962
f 6410/6536/4978 6689/6756/5092 6687/6537/4979
f 6416/6539/4981 6688/6538/4980 6690/6540/4982
f 6472/6548/1046 6673/6556/4995 6674/6549/4990
f 6515/6543/4985 6517/6558/4997 6463/6560/1046
f 6517/6558/4997 6516/6555/4994 6461/6563/1049
f 6476/6565/1049 6668/6573/5003 6666/6566/4999
f 6520/6569/5001 6519/6572/5002 6457/6570/1049
f 6520/6569/5001 6518/6552/1051 6669/6554/4993 6670/6575/5005
f 6520/6569/5001 6458/6571/1046 6459/6576/1049
f 6480/6582/1046 6659/6590/5013 6660/6583/4990
f 6478/6586/1049 6479/6585/1046 6661/6584/5010 6662/6587/5011
f 6482/6591/1046 6483/6606/1046 6654/6605/5023 6655/6592/5014
f 6523/6599/5019 6454/6622/1046 6455/6600/1049
f 6484/6598/1049 6652/6597/5018 6653/6604/5022
f 6486/6601/1046 6487/6617/5028 6647/6616/5023 6648/6607/5022
f 6488/6611/1049 6645/6610/5024 6646/6615/5027
f 6490/6612/1049 6491/6645/1046 6640/6644/5037 6641/6618/5022
f 6523/6599/5019 6522/6623/5029 6453/6621/1049
f 6524/6626/5030 6450/6632/1046 6451/6627/1049
f 6524/6626/5030 6526/6629/5031 6449/6631/1046
f 6528/6633/5029 6529/6639/5035 6445/6634/1049
f 6531/6636/5033 6442/6682/1046 6443/6637/1049
f 6528/6633/5029 6446/6635/1046 6447/6641/1046
f 6492/6642/1049 6638/6647/5039 6639/6643/5036
f 6494/6649/1046 6495/6665/1046 6633/6664/5049 6634/6650/5022
f 6498/6657/1046 6499/6757/1049 6626/6758/5053 6627/6658/5022
f 6496/6662/1046 6631/6655/5044 6632/6663/5048
f 6532/6646/5038 6534/6652/5042 6440/6666/1046
f 6533/6668/5050 6535/6654/5007 6437/6669/1046
f 6533/6668/5050 6438/6670/1046 6439/6671/1049
f 6536/6673/5031 6538/6678/5052 6433/6674/1046
f 6536/6673/5031 6626/6758/5053 6624/6676/4995
f 6536/6673/5031 6434/6675/1046 6435/6680/1046
f 6535/6654/5007 6537/6660/5047 6436/6681/1046
f 6531/6636/5033 6532/6646/5038 6441/6667/1046
f 6504/6686/5056 6617/6694/5061 6618/6687/5057
f 6502/6690/1046 6503/6689/1049 6619/6688/5058 6620/6691/5057
f 6506/6695/5062 6507/6710/1046 6837/6709/5070 6838/6696/5063
f 6541/6703/5068 6430/6726/1046 6431/6704/1049
f 6508/6702/1046 6835/6701/5067 6836/6708/5027
f 6510/6705/1049 6511/6721/3362 6832/6720/5074 6830/6711/5071
f 6512/6715/3362 6828/6714/5072 6829/6719/5073
f 6538/6678/5052 6539/6683/5054 6432/6724/1049
f 6541/6703/5068 6540/6727/5076 6429/6725/1049
f 6542/6731/5078 6426/6734/1046 6427/6732/1049
f 6542/6731/5078 6544/6735/5029 6425/6733/1049
f 6544/6735/5029 6545/6741/5079 6424/6736/1049
f 6546/6737/5050 6547/6742/5080 6421/6738/1046
f 6546/6737/5050 6422/6739/1046 6423/6740/1049
f 6547/6742/5080 6548/6744/5029 6420/6743/1049
f 6671/6553/4992 6672/6557/4996 6473/6759/1049
f 6794/1629/800 6795/6760/800 1595/1627/800
f 6693/6761/5093 6697/6534/4976 6413/6533/4975 6414/6762/1111
f 6596/4421/634 6612/4423/634 4371/4390/634 4370/4422/634
f 6663/6581/5009 6662/6587/5011 6523/6599/5019 6521/6579/5007
f 6797/6763/634 6796/6764/5094 4388/4358/634 4387/4393/634
f 6670/6575/5005 6669/6554/4993 6474/6765/3362
f 6672/6557/4996 6673/6556/4995 6472/6548/1046 6473/6759/1049
f 6819/6396/4919 6818/6392/4915 6350/6391/4914 6351/6394/4917
f 6835/6701/5067 6834/6700/5066 6544/6735/5029
f 6804/4395/634 6806/6766/634 4389/4369/634 4391/4370/634
f 6827/6713/5017 6826/6718/5021 6548/6744/5029 6547/6742/5080
f 6660/6583/4990 6659/6590/5013 6522/6623/5029 6523/6599/5019
f 6832/6720/5074 6829/6719/5073 6546/6737/5050
f 6831/6706/5020 6830/6711/5071 6546/6737/5050 6545/6741/5079
f 6786/6504/4955 6787/6500/4951 6401/6494/4945
f 6777/6767/5095 6778/6518/4969 6404/6508/4959 6405/6512/4963
f 6589/4401/634 6590/6768/634 4360/4360/634 4382/4366/634
f 6622/6679/5053 6625/6677/5051 6500/6769/1046 6501/6770/1046
f 6815/6771/5096 6814/6389/4912 6348/6388/4911 6349/6772/1195
f 6630/6656/5045 6631/6655/5044 6496/6662/1046 6497/6672/1049
f 6653/6604/5022 6652/6597/5018 6526/6629/5031 6524/6626/5030
f 6597/6773/1037 6599/6774/1037 1509/1507/1037 1529/1509/1037
f 6726/6775/5097 6725/6407/4921 6359/6406/4920 6360/6776/1263
f 6582/6777/800 6581/1624/800 1593/1623/800 1582/1574/800
f 6627/6658/5022 6626/6758/5053 6536/6673/5031
f 6830/6711/5071 6832/6720/5074 6546/6737/5050
f 6683/6532/4974 6682/6778/5098 6411/6779/1116 6412/6530/4972
f 6662/6587/5011 6661/6584/5010 6523/6599/5019
f 6583/1625/800 6587/6780/800 6793/1628/800 1594/1626/800
f 6791/6499/4950 6792/6781/5099 6400/6489/4940
f 6708/6782/5100 6707/6783/5101 6389/6490/4941 6400/6489/4940
f 6666/6566/4999 6668/6573/5003 6519/6572/5002 6520/6569/5001
f 6675/6550/4991 6674/6549/4990 6517/6558/4997
f 6608/6784/634 6606/4425/634 4362/4388/634 4364/4387/634
f 6637/6648/5040 6638/6647/5039 6492/6642/1049 6493/6785/1049
f 6635/6651/5041 6634/6650/5022 6533/6668/5050 6534/6652/5042
f 6686/6529/800 6685/6786/800 6406/6787/800 6407/6527/800
f 6676/6559/4998 6677/6547/4989 6470/6788/3362
f 6775/6789/5102 6774/6519/4970 6405/6512/4963 6388/6513/4964
f 6652/6597/5018 6651/6596/5017 6526/6629/5031
f 6649/6602/5020 6648/6607/5022 6528/6633/5029 6527/6630/5032
f 6808/6790/1037 6807/6401/1037 6354/6400/1037 6355/6791/1037
f 6628/6659/5046 6629/6661/5043 6497/6672/1049 6498/6657/1046
f 6655/6592/5014 6654/6605/5023 6524/6626/5030
f 6621/6685/5055 6620/6691/5057 6541/6703/5068 6539/6683/5054
f 6625/6677/5051 6624/6676/4995 6500/6769/1046
f 6696/6535/4977 6695/6531/4973 6412/6530/4972 6413/6533/4975
f 6641/6618/5022 6640/6644/5037 6531/6636/5033
f 1557/1614/800 6559/1615/800 1584/1591/800
f 6801/4392/634 6797/6763/634 4387/4393/634
f 6614/6698/5065 6613/6697/5064 6543/6730/5077
f 6568/6792/5103 6567/6793/5104 6549/6794/5105
f 6675/6550/4991 6676/6559/4998 6470/6788/3362 6471/6551/1046
f 6618/6687/5057 6617/6694/5061 6540/6727/5076 6541/6703/5068
f 6617/6694/5061 6616/6693/5060 6540/6727/5076
f 6619/6688/5058 6618/6687/5057 6541/6703/5068
f 6664/6580/5008 6665/6574/5004 6477/6795/1049
f 6824/6747/5081 6823/6723/5075 6466/6722/1054
f 6661/6584/5010 6660/6583/4990 6523/6599/5019
f 6806/6766/634 6805/4399/634 4389/4369/634
f 6598/1562/1037 6597/6773/1037 1529/1509/1037 1541/1559/1037
f 6829/6719/5073 6828/6714/5072 6547/6742/5080 6546/6737/5050
f 6594/4417/634 6593/4419/634 4373/4418/634
f 6796/6764/5094 6802/6796/634 4388/4358/634
f 6635/6651/5041 6636/6653/5043 6493/6785/1049 6494/6649/1046
f 6838/6696/5063 6837/6709/5070 6542/6731/5078
f 6821/6797/5106 6820/6395/4918 6351/6394/4917 6346/6798/1191
f 6692/6799/5107 6694/6800/5108 6414/6762/1111 6415/6542/4984
f 6648/6607/5022 6647/6616/5023 6528/6633/5029
f 6632/6663/5048 6631/6655/5044 6535/6654/5007 6533/6668/5050
f 6584/6801/800 6582/6777/800 1582/1574/800 1562/1573/800
f 6634/6650/5022 6633/6664/5049 6533/6668/5050
f 6599/6774/1037 6600/6802/1037 1509/1507/1037
f 6682/6778/5098 6684/6803/3375 6411/6779/1116
f 6667/6567/5000 6666/6566/4999 6520/6569/5001
f 6639/6643/5036 6638/6647/5039 6532/6646/5038 6531/6636/5033
f 6605/6804/1037 6604/1564/1037 1539/1563/1037
f 6572/6805/1037 6571/1106/1035 1109/1105/1035
f 6640/6644/5037 6639/6643/5036 6531/6636/5033
f 6678/6546/4988 6679/6545/4987 6468/6806/1049 6469/6807/1046
f 6611/4424/634 6610/6808/634 4368/4389/634 4371/4390/634
f 6836/6708/5027 6835/6701/5067 6544/6735/5029 6542/6731/5078
f 6658/6594/5016 6656/6593/5015 6525/6625/5029
f 6646/6615/5027 6645/6610/5024 6529/6639/5035 6528/6633/5029
f 6643/6614/5026 6642/6613/5025 6530/6638/5034
f 6727/6809/5109 6726/6775/5097 6360/6776/1263
f 6802/6796/634 6803/4394/634 4385/4357/634 4388/4358/634
f 6633/6664/5049 6632/6663/5048 6533/6668/5050
f 6620/6691/5057 6619/6688/5058 6541/6703/5068
f 6776/6520/4971 6777/6767/5095 6405/6512/4963
f 6679/6545/4987 6680/6544/4986 6467/6810/3362 6468/6806/1049
f 6667/6567/5000 6670/6575/5005 6474/6765/3362 6475/6568/1049
f 6780/6516/4967 6781/6811/5110 6403/6506/4957 6404/6508/4959
f 6728/6812/5111 6727/6809/5109 6360/6776/1263 6361/6415/4929
f 6781/6811/5110 6782/6517/4968 6403/6506/4957
f 6624/6676/4995 6626/6758/5053 6499/6757/1049 6500/6769/1046
f 6677/6547/4989 6678/6546/4988 6469/6807/1046 6470/6788/3362
f 6650/6603/5021 6649/6602/5020 6527/6630/5032
f 6825/6717/4989 6823/6723/5075 6548/6744/5029
f 6591/6813/634 6592/4416/634 4366/4415/634 4360/4360/634
f 6721/6814/5112 6720/6815/5113 6356/6816/5114 6358/6817/5115
f 6600/6802/1037 6601/1555/1037 1517/1517/1037 1509/1507/1037
f 6630/6656/5045 6629/6661/5043 6537/6660/5047 6535/6654/5007
f 6586/1622/800 6585/6818/800 1562/1573/800 1570/1582/800
f 6665/6574/5004 6668/6573/5003 6476/6565/1049 6477/6795/1049
f 6691/6541/4983 6692/6799/5107 6415/6542/4984
f 6621/6685/5055 6623/6684/4992 6501/6770/1046 6502/6690/1046
f 6816/6819/5116 6815/6771/5096 6349/6772/1195
f 6723/6820/5117 6721/6814/5112 6358/6817/5115
f 6784/6510/4961 6785/6503/4954 6402/6497/4948
f 6636/6653/5043 6637/6648/5040 6493/6785/1049
f 6654/6605/5023 6653/6604/5022 6524/6626/5030
f 6647/6616/5023 6646/6615/5027 6528/6633/5029
f 6651/6596/5017 6650/6603/5021 6527/6630/5032 6526/6629/5031
f 6704/6405/1037 6703/6821/1037 6353/6404/1037
f 6826/6718/5021 6825/6717/4989 6548/6744/5029
f 6613/6697/5064 6838/6696/5063 6542/6731/5078 6543/6730/5077
f 6680/6544/4986 6681/6578/5006 6467/6810/3362
f 6694/6800/5108 6693/6761/5093 6414/6762/1111
f 6561/1552/1037 1504/1549/1037 1531/1526/1037
f 6703/6821/1037 6701/6398/1037 6352/6397/1037 6353/6404/1037
f 6833/6707/5069 6831/6706/5020 6545/6741/5079
f 6585/6818/800 6584/6801/800 1562/1573/800
f 6822/6822/5118 6821/6797/5106 6346/6798/1191
f 6610/6808/634 6609/6823/634 4368/4389/634
f 6628/6659/5046 6627/6658/5022 6536/6673/5031 6537/6660/5047
f 6799/4398/634 6800/4391/634 4381/4356/634 4380/4355/634
f 6792/6781/5099 6708/6782/5100 6400/6489/4940
f 6724/6408/4922 6723/6820/5117 6358/6817/5115 6359/6406/4920
f 6833/6707/5069 6834/6700/5066 6509/6699/1046
f 6817/6393/4916 6816/6819/5116 6349/6772/1195 6350/6391/4914
f 6645/6610/5024 6644/6609/5017 6529/6639/5035
f 6656/6593/5015 6655/6592/5014 6524/6626/5030 6525/6625/5029
f 6828/6714/5072 6827/6713/5017 6547/6742/5080
f 6580/6824/5119 6579/6825/5120 1110/6826/5121
f 6730/6414/4928 6728/6812/5111 6361/6415/4929
f 6658/6594/5016 6657/6589/5012 6481/6588/1046
f 6569/6827/5122 6566/6828/5123 499/6829/3405
f 6623/6684/4992 6622/6679/5053 6501/6770/1046
f 6720/6815/5113 6722/6830/1271 6356/6816/5114
f 6564/6831/5124 6565/6832/5125 500/6833/5126
f 6614/6698/5065 6615/6729/5031 6540/6727/5076 6616/6693/5060 6505/6692/5059
f 6710/6523/800 6711/6525/800 6408/6524/800 6409/6521/800
f 6603/1565/1037 6602/1561/1037 1542/1560/1037
f 6663/6581/5009 6664/6580/5008 6477/6795/1049 6478/6586/1049
f 6570/6834/5127 6576/6835/5128 498/6836/5129
f 6674/6549/4990 6673/6556/4995 6516/6555/4994 6517/6558/4997
f 6659/6590/5013 6657/6589/5012 6522/6623/5029
f 6574/6837/5130 6575/6838/5130 1108/6839/5130
f 6643/6614/5026 6644/6609/5017 6489/6608/3362
f 6642/6613/5025 6641/6618/5022 6531/6636/5033 6530/6638/5034
f 6590/6768/634 6591/6813/634 4360/4360/634
f 6609/6823/634 6608/6784/634 4364/4387/634 4368/4389/634
f 6669/6554/4993 6671/6553/4992 6473/6759/1049 6474/6765/3362
f 6837/6709/5070 6836/6708/5027 6542/6731/5078
