# Blender 4.5.2 LTS
# www.blender.org
mtllib materials.mtl
o link6
v 0.000000 -0.040757 -0.028689
v -0.002772 -0.040757 -0.028555
v -0.005516 -0.040757 -0.028153
v -0.008209 -0.040757 -0.027490
v -0.010827 -0.040756 -0.026569
v 0.000000 -0.040756 -0.027146
v -0.007241 -0.040756 -0.025458
v -0.006461 -0.040756 -0.025997
v -0.005590 -0.040756 -0.026367
v -0.003765 -0.040756 -0.026826
v -0.001892 -0.040756 -0.027070
v 0.000000 -0.040744 0.027167
v -0.001890 -0.040744 0.027092
v -0.003764 -0.040744 0.026848
v -0.005617 -0.040744 0.026399
v -0.006476 -0.040744 0.026021
v -0.007241 -0.040744 0.025479
v 0.000000 -0.040743 0.028711
v -0.010827 -0.040744 0.026590
v -0.008209 -0.040743 0.027511
v -0.005516 -0.040743 0.028174
v -0.002772 -0.040743 0.028576
v -0.028700 -0.040750 0.000011
v -0.028680 -0.040750 0.001074
v -0.028620 -0.040749 0.002135
v -0.028521 -0.040749 0.003192
v -0.028382 -0.040749 0.004245
v -0.028205 -0.040749 0.005291
v -0.027989 -0.040748 0.006330
v -0.027736 -0.040748 0.007361
v -0.027445 -0.040748 0.008381
v -0.027117 -0.040748 0.009390
v -0.026752 -0.040747 0.010386
v -0.026351 -0.040747 0.011369
v -0.025915 -0.040747 0.012336
v -0.025442 -0.040747 0.013286
v -0.024935 -0.040747 0.014219
v -0.024393 -0.040746 0.015133
v -0.023816 -0.040746 0.016026
v -0.023207 -0.040746 0.016896
v -0.022565 -0.040746 0.017743
v -0.021893 -0.040745 0.018565
v -0.021191 -0.040745 0.019361
v -0.020460 -0.040745 0.020130
v -0.019701 -0.040745 0.020872
v -0.018916 -0.040745 0.021586
v -0.018105 -0.040745 0.022270
v -0.017270 -0.040744 0.022924
v -0.016411 -0.040744 0.023548
v -0.015530 -0.040744 0.024139
v -0.014628 -0.040744 0.024698
v -0.013705 -0.040744 0.025224
v -0.012764 -0.040744 0.025715
v -0.011804 -0.040744 0.026171
v -0.011804 -0.040756 -0.026149
v -0.012764 -0.040756 -0.025694
v -0.013705 -0.040756 -0.025203
v -0.014628 -0.040756 -0.024677
v -0.015530 -0.040756 -0.024118
v -0.016411 -0.040756 -0.023527
v -0.017270 -0.040755 -0.022903
v -0.018105 -0.040755 -0.022249
v -0.018916 -0.040755 -0.021565
v -0.019701 -0.040755 -0.020851
v -0.020460 -0.040755 -0.020109
v -0.021191 -0.040755 -0.019340
v -0.021893 -0.040754 -0.018544
v -0.022565 -0.040754 -0.017722
v -0.023207 -0.040754 -0.016875
v -0.023816 -0.040754 -0.016005
v -0.024393 -0.040754 -0.015111
v -0.024935 -0.040753 -0.014198
v -0.025442 -0.040753 -0.013265
v -0.025915 -0.040753 -0.012315
v -0.026351 -0.040753 -0.011347
v -0.026752 -0.040752 -0.010365
v -0.027117 -0.040752 -0.009369
v -0.027445 -0.040752 -0.008360
v -0.027736 -0.040752 -0.007339
v -0.027989 -0.040751 -0.006309
v -0.028205 -0.040751 -0.005270
v -0.028382 -0.040751 -0.004224
v -0.028521 -0.040751 -0.003171
v -0.028620 -0.040750 -0.002114
v -0.028680 -0.040750 -0.001053
v -0.011356 -0.040744 0.024033
v -0.013320 -0.040744 0.023096
v -0.015207 -0.040745 0.021999
v -0.016997 -0.040745 0.020746
v -0.018671 -0.040745 0.019354
v -0.020220 -0.040746 0.017827
v -0.021639 -0.040746 0.016171
v -0.022911 -0.040746 0.014400
v -0.024024 -0.040747 0.012535
v -0.024975 -0.040747 0.010582
v -0.025762 -0.040748 0.008549
v -0.026378 -0.040748 0.006462
v -0.026817 -0.040749 0.004343
v -0.027081 -0.040749 0.002192
v -0.027168 -0.040750 0.000011
v -0.027078 -0.040750 -0.002178
v -0.026811 -0.040751 -0.004342
v -0.026369 -0.040751 -0.006468
v -0.025754 -0.040752 -0.008547
v -0.024971 -0.040752 -0.010567
v -0.024021 -0.040753 -0.012516
v -0.022908 -0.040753 -0.014383
v -0.021633 -0.040754 -0.016156
v -0.020214 -0.040754 -0.017813
v -0.018666 -0.040755 -0.019338
v -0.016995 -0.040755 -0.020726
v -0.015207 -0.040755 -0.021978
v -0.013320 -0.040755 -0.023075
v -0.011356 -0.040756 -0.024011
v -0.024951 -0.034019 -0.025654
v -0.023894 -0.034753 -0.025693
v -0.022818 -0.035457 -0.025729
v -0.021724 -0.036136 -0.025763
v -0.020575 -0.036813 -0.025793
v -0.019495 -0.037419 -0.025815
v -0.018365 -0.038028 -0.025831
v -0.017221 -0.038619 -0.025838
v -0.016051 -0.039200 -0.025834
v -0.014942 -0.039729 -0.025820
v -0.013796 -0.040254 -0.025793
v -0.025947 -0.033999 -0.024271
v -0.024940 -0.034712 -0.024343
v -0.023916 -0.035400 -0.024415
v -0.022877 -0.036067 -0.024484
v -0.021788 -0.036737 -0.024552
v -0.020768 -0.037343 -0.024611
v -0.019704 -0.037956 -0.024666
v -0.018631 -0.038557 -0.024713
v -0.017541 -0.039151 -0.024754
v -0.016514 -0.039696 -0.024782
v -0.015460 -0.040238 -0.024801
v -0.026883 -0.033979 -0.022845
v -0.025925 -0.034673 -0.022945
v -0.024953 -0.035345 -0.023045
v -0.023969 -0.036001 -0.023143
v -0.022939 -0.036665 -0.023242
v -0.021977 -0.037269 -0.023331
v -0.020977 -0.037886 -0.023418
v -0.019976 -0.038495 -0.023500
v -0.018964 -0.039103 -0.023576
v -0.018018 -0.039663 -0.023640
v -0.017055 -0.040221 -0.023697
v -0.027758 -0.033960 -0.021379
v -0.026849 -0.034635 -0.021500
v -0.025927 -0.035293 -0.021622
v -0.024996 -0.035937 -0.021744
v -0.024023 -0.036594 -0.021868
v -0.023119 -0.037197 -0.021980
v -0.022183 -0.037817 -0.022092
v -0.021250 -0.038435 -0.022201
v -0.020316 -0.039055 -0.022305
v -0.019449 -0.039629 -0.022398
v -0.018575 -0.040204 -0.022486
v -0.028573 -0.033942 -0.019876
v -0.027710 -0.034600 -0.020013
v -0.026837 -0.035244 -0.020152
v -0.025957 -0.035877 -0.020290
v -0.025040 -0.036527 -0.020432
v -0.024191 -0.037128 -0.020562
v -0.023317 -0.037751 -0.020693
v -0.022451 -0.038376 -0.020822
v -0.021590 -0.039007 -0.020948
v -0.020800 -0.039595 -0.021062
v -0.020011 -0.040186 -0.021173
v -0.029326 -0.033925 -0.018339
v -0.028508 -0.034567 -0.018487
v -0.027681 -0.035197 -0.018636
v -0.026849 -0.035820 -0.018786
v -0.025987 -0.036464 -0.018940
v -0.025190 -0.037063 -0.019081
v -0.024375 -0.037688 -0.019225
v -0.023573 -0.038319 -0.019367
v -0.022783 -0.038961 -0.019508
v -0.022066 -0.039562 -0.019636
v -0.021358 -0.040169 -0.019765
v -0.030039 -0.033909 -0.016717
v -0.029264 -0.034535 -0.016871
v -0.028482 -0.035152 -0.017026
v -0.027699 -0.035765 -0.017181
v -0.026888 -0.036403 -0.017342
v -0.026143 -0.036999 -0.017489
v -0.025385 -0.037626 -0.017641
v -0.024646 -0.038263 -0.017790
v -0.023926 -0.038915 -0.017939
v -0.023280 -0.039528 -0.018076
v -0.022651 -0.040151 -0.018215
v -0.030644 -0.033895 -0.015174
v -0.029907 -0.034507 -0.015329
v -0.029165 -0.035113 -0.015484
v -0.028423 -0.035717 -0.015640
v -0.027658 -0.036349 -0.015801
v -0.026959 -0.036943 -0.015950
v -0.026251 -0.037571 -0.016102
v -0.025566 -0.038212 -0.016253
v -0.024906 -0.038873 -0.016404
v -0.024322 -0.039498 -0.016544
v -0.023762 -0.040134 -0.016686
v -0.031207 -0.033882 -0.013552
v -0.030507 -0.034481 -0.013703
v -0.029803 -0.035076 -0.013854
v -0.029101 -0.035672 -0.014006
v -0.028380 -0.036298 -0.014163
v -0.027724 -0.036889 -0.014308
v -0.027064 -0.037517 -0.014457
v -0.026431 -0.038163 -0.014604
v -0.025828 -0.038831 -0.014752
v -0.025302 -0.039467 -0.014889
v -0.024807 -0.040117 -0.015029
v -0.031706 -0.033870 -0.011908
v -0.031039 -0.034457 -0.012050
v -0.030370 -0.035042 -0.012193
v -0.029704 -0.035631 -0.012337
v -0.029023 -0.036251 -0.012485
v -0.028406 -0.036840 -0.012622
v -0.027790 -0.037468 -0.012762
v -0.027204 -0.038117 -0.012901
v -0.026652 -0.038792 -0.013041
v -0.026178 -0.039437 -0.013171
v -0.025742 -0.040100 -0.013304
v -0.032140 -0.033860 -0.010243
v -0.031502 -0.034436 -0.010374
v -0.030864 -0.035012 -0.010505
v -0.030231 -0.035593 -0.010636
v -0.029585 -0.036208 -0.010771
v -0.029004 -0.036795 -0.010896
v -0.028426 -0.037423 -0.011024
v -0.027882 -0.038074 -0.011151
v -0.027375 -0.038755 -0.011278
v -0.026947 -0.039408 -0.011397
v -0.026561 -0.040084 -0.011518
v -0.032508 -0.033850 -0.008562
v -0.031896 -0.034418 -0.008676
v -0.031285 -0.034986 -0.008792
v -0.030680 -0.035560 -0.008907
v -0.030066 -0.036170 -0.009026
v -0.029514 -0.036754 -0.009135
v -0.028970 -0.037381 -0.009247
v -0.028462 -0.038035 -0.009359
v -0.027994 -0.038720 -0.009470
v -0.027605 -0.039381 -0.009574
v -0.027262 -0.040069 -0.009679
v -0.032810 -0.033842 -0.006866
v -0.032220 -0.034402 -0.006962
v -0.031632 -0.034963 -0.007058
v -0.031051 -0.035532 -0.007154
v -0.030462 -0.036138 -0.007254
v -0.029937 -0.036719 -0.007345
v -0.029421 -0.037345 -0.007438
v -0.028942 -0.037999 -0.007530
v -0.028506 -0.038688 -0.007623
v -0.028149 -0.039356 -0.007709
v -0.027841 -0.040053 -0.007796
v -0.033045 -0.033835 -0.005158
v -0.032473 -0.034388 -0.005233
v -0.031903 -0.034944 -0.005308
v -0.031341 -0.035508 -0.005382
v -0.030774 -0.036110 -0.005459
v -0.030269 -0.036688 -0.005530
v -0.029775 -0.037313 -0.005602
v -0.029320 -0.037967 -0.005673
v -0.028909 -0.038659 -0.005744
v -0.028577 -0.039332 -0.005810
v -0.028295 -0.040039 -0.005877
v -0.033215 -0.033830 -0.003437
v -0.032656 -0.034378 -0.003488
v -0.032100 -0.034929 -0.003539
v -0.031552 -0.035490 -0.003591
v -0.031000 -0.036087 -0.003643
v -0.030510 -0.036663 -0.003691
v -0.030033 -0.037285 -0.003740
v -0.029595 -0.037939 -0.003788
v -0.029202 -0.038632 -0.003836
v -0.028887 -0.039310 -0.003881
v -0.028623 -0.040026 -0.003926
v -0.033316 -0.033826 -0.001718
v -0.032766 -0.034371 -0.001744
v -0.032218 -0.034919 -0.001771
v -0.031680 -0.035476 -0.001797
v -0.031138 -0.036071 -0.001823
v -0.030658 -0.036644 -0.001848
v -0.030192 -0.037264 -0.001873
v -0.029765 -0.037916 -0.001897
v -0.029382 -0.038610 -0.001921
v -0.029075 -0.039290 -0.001943
v -0.028821 -0.040013 -0.001965
v -0.028700 -0.040750 0.000011
v -0.028680 -0.040750 -0.001053
v -0.028620 -0.040750 -0.002114
v -0.028521 -0.040751 -0.003171
v -0.028382 -0.040751 -0.004224
v -0.028205 -0.040751 -0.005270
v -0.027989 -0.040751 -0.006309
v -0.027736 -0.040752 -0.007339
v -0.027445 -0.040752 -0.008360
v -0.027117 -0.040752 -0.009369
v -0.026752 -0.040752 -0.010365
v -0.026351 -0.040753 -0.011347
v -0.025915 -0.040753 -0.012315
v -0.025442 -0.040753 -0.013265
v -0.024935 -0.040753 -0.014198
v -0.024393 -0.040754 -0.015111
v -0.023816 -0.040754 -0.016005
v -0.023207 -0.040754 -0.016875
v -0.022565 -0.040754 -0.017722
v -0.021893 -0.040754 -0.018544
v -0.021191 -0.040755 -0.019340
v -0.020460 -0.040755 -0.020109
v -0.019701 -0.040755 -0.020851
v -0.018916 -0.040755 -0.021565
v -0.018105 -0.040755 -0.022249
v -0.017270 -0.040755 -0.022903
v -0.016411 -0.040756 -0.023527
v -0.015530 -0.040756 -0.024118
v -0.014628 -0.040756 -0.024677
v -0.013705 -0.040756 -0.025203
v -0.012764 -0.040756 -0.025694
v -0.011804 -0.040756 -0.026149
v -0.010827 -0.040756 -0.026569
v -0.024850 -0.033351 -0.026992
v -0.025365 -0.033351 -0.026308
v -0.025874 -0.033351 -0.025602
v -0.026375 -0.033351 -0.024874
v -0.026868 -0.033351 -0.024125
v -0.027352 -0.033350 -0.023352
v -0.027826 -0.033350 -0.022558
v -0.028289 -0.033350 -0.021740
v -0.028742 -0.033350 -0.020900
v -0.029138 -0.033350 -0.020126
v -0.029522 -0.033349 -0.019334
v -0.029895 -0.033349 -0.018525
v -0.030256 -0.033349 -0.017699
v -0.030604 -0.033349 -0.016855
v -0.030938 -0.033349 -0.015994
v -0.031263 -0.033348 -0.015098
v -0.031562 -0.033348 -0.014221
v -0.031828 -0.033348 -0.013384
v -0.032079 -0.033348 -0.012536
v -0.032315 -0.033348 -0.011676
v -0.032536 -0.033347 -0.010805
v -0.032742 -0.033347 -0.009918
v -0.032933 -0.033347 -0.009016
v -0.033105 -0.033347 -0.008111
v -0.033257 -0.033347 -0.007216
v -0.033390 -0.033346 -0.006327
v -0.033505 -0.033346 -0.005434
v -0.033604 -0.033346 -0.004536
v -0.033684 -0.033346 -0.003634
v -0.033747 -0.033346 -0.002728
v -0.033792 -0.033345 -0.001819
v -0.033820 -0.033345 -0.000907
v -0.033829 -0.033345 0.000009
v -0.011290 -0.040578 -0.026608
v -0.011751 -0.040397 -0.026644
v -0.012672 -0.040026 -0.026709
v -0.013589 -0.039643 -0.026765
v -0.014501 -0.039248 -0.026813
v -0.015408 -0.038841 -0.026854
v -0.016308 -0.038420 -0.026888
v -0.017203 -0.037985 -0.026916
v -0.018090 -0.037535 -0.026938
v -0.018970 -0.037071 -0.026956
v -0.019841 -0.036591 -0.026969
v -0.020703 -0.036094 -0.026978
v -0.021556 -0.035581 -0.026985
v -0.022397 -0.035051 -0.026989
v -0.023228 -0.034503 -0.026991
v -0.024046 -0.033936 -0.026991
v -0.033425 -0.033751 0.000009
v -0.033019 -0.034154 0.000009
v -0.032210 -0.034964 0.000009
v -0.031423 -0.035796 0.000009
v -0.030683 -0.036669 0.000010
v -0.030015 -0.037598 0.000010
v -0.029447 -0.038592 0.000010
v -0.029004 -0.039647 0.000010
v -0.028834 -0.040193 0.000010
v -0.028763 -0.040471 0.000010
v -0.028718 -0.040380 -0.001976
v -0.028871 -0.040008 -0.000978
v -0.028769 -0.040377 -0.000983
v -0.024851 -0.033338 0.027009
v -0.024804 -0.034156 0.025595
v -0.023660 -0.034939 0.025639
v -0.022496 -0.035690 0.025681
v -0.021312 -0.036410 0.025718
v -0.020113 -0.037103 0.025750
v -0.018901 -0.037771 0.025774
v -0.017732 -0.038387 0.025788
v -0.016453 -0.039034 0.025791
v -0.015224 -0.039629 0.025781
v -0.013993 -0.040199 0.025757
v -0.025866 -0.034131 0.024128
v -0.024781 -0.034891 0.024211
v -0.023677 -0.035625 0.024292
v -0.022558 -0.036335 0.024370
v -0.021427 -0.037023 0.024443
v -0.020288 -0.037693 0.024511
v -0.019195 -0.038317 0.024568
v -0.018007 -0.038978 0.024621
v -0.016873 -0.039592 0.024661
v -0.015747 -0.040181 0.024689
v -0.026861 -0.034106 0.022612
v -0.025833 -0.034846 0.022725
v -0.024789 -0.035563 0.022838
v -0.023733 -0.036262 0.022949
v -0.022669 -0.036945 0.023056
v -0.021602 -0.037617 0.023159
v -0.020584 -0.038248 0.023251
v -0.019485 -0.038923 0.023344
v -0.018445 -0.039554 0.023424
v -0.017421 -0.040162 0.023494
v -0.027787 -0.034083 0.021049
v -0.026815 -0.034802 0.021186
v -0.025829 -0.035504 0.021323
v -0.024835 -0.036192 0.021459
v -0.023836 -0.036871 0.021593
v -0.022840 -0.037543 0.021722
v -0.021894 -0.038182 0.021842
v -0.020881 -0.038869 0.021966
v -0.019933 -0.039516 0.022077
v -0.019009 -0.040143 0.022181
v -0.028644 -0.034061 0.019445
v -0.027725 -0.034762 0.019599
v -0.026795 -0.035448 0.019753
v -0.025860 -0.036126 0.019907
v -0.024924 -0.036800 0.020059
v -0.023995 -0.037473 0.020207
v -0.023120 -0.038117 0.020346
v -0.022191 -0.038816 0.020492
v -0.021330 -0.039478 0.020627
v -0.020502 -0.040124 0.020755
v -0.029431 -0.034041 0.017802
v -0.028562 -0.034724 0.017966
v -0.027686 -0.035396 0.018131
v -0.026807 -0.036064 0.018295
v -0.025931 -0.036733 0.018458
v -0.025066 -0.037406 0.018619
v -0.024257 -0.038055 0.018770
v -0.023407 -0.038765 0.018930
v -0.022629 -0.039442 0.019079
v -0.021892 -0.040105 0.019223
v -0.030146 -0.034022 0.016124
v -0.029325 -0.034689 0.016292
v -0.028498 -0.035348 0.016461
v -0.027672 -0.036007 0.016630
v -0.026852 -0.036670 0.016797
v -0.026048 -0.037343 0.016963
v -0.025301 -0.037997 0.017119
v -0.024525 -0.038716 0.017286
v -0.023826 -0.039406 0.017442
v -0.023173 -0.040086 0.017594
v -0.030788 -0.034005 0.014415
v -0.030012 -0.034657 0.014581
v -0.029231 -0.035304 0.014748
v -0.028454 -0.035954 0.014915
v -0.027686 -0.036613 0.015081
v -0.026938 -0.037285 0.015245
v -0.026249 -0.037941 0.015400
v -0.025541 -0.038669 0.015566
v -0.024913 -0.039371 0.015723
v -0.024338 -0.040067 0.015876
v -0.031358 -0.033990 0.012677
v -0.030621 -0.034628 0.012836
v -0.029884 -0.035264 0.012995
v -0.029151 -0.035906 0.013155
v -0.028431 -0.036560 0.013314
v -0.027733 -0.037230 0.013471
v -0.027096 -0.037890 0.013620
v -0.026450 -0.038624 0.013779
v -0.025886 -0.039338 0.013929
v -0.025382 -0.040049 0.014076
v -0.031854 -0.033976 0.010915
v -0.031153 -0.034602 0.011061
v -0.030453 -0.035228 0.011209
v -0.029760 -0.035862 0.011356
v -0.029082 -0.036512 0.011502
v -0.028430 -0.037181 0.011647
v -0.027840 -0.037842 0.011784
v -0.027249 -0.038583 0.011930
v -0.026742 -0.039306 0.012069
v -0.026298 -0.040031 0.012205
v -0.032275 -0.033964 0.009131
v -0.031606 -0.034579 0.009261
v -0.030939 -0.035197 0.009391
v -0.030280 -0.035824 0.009522
v -0.029640 -0.036469 0.009651
v -0.029027 -0.037136 0.009779
v -0.028477 -0.037799 0.009900
v -0.027933 -0.038544 0.010029
v -0.027474 -0.039276 0.010151
v -0.027082 -0.040014 0.010271
v -0.032620 -0.033954 0.007329
v -0.031978 -0.034560 0.007439
v -0.031339 -0.035170 0.007548
v -0.030710 -0.035791 0.007658
v -0.030101 -0.036432 0.007766
v -0.029521 -0.037097 0.007873
v -0.029005 -0.037760 0.007974
v -0.028500 -0.038509 0.008082
v -0.028080 -0.039248 0.008184
v -0.027731 -0.039998 0.008284
v -0.032890 -0.033946 0.005512
v -0.032269 -0.034545 0.005598
v -0.031652 -0.035148 0.005684
v -0.031047 -0.035764 0.005769
v -0.030463 -0.036400 0.005854
v -0.029910 -0.037063 0.005937
v -0.029421 -0.037725 0.006015
v -0.028946 -0.038477 0.006099
v -0.028557 -0.039222 0.006177
v -0.028240 -0.039982 0.006254
v -0.033084 -0.033940 0.003685
v -0.032479 -0.034533 0.003744
v -0.031879 -0.035131 0.003803
v -0.031291 -0.035742 0.003862
v -0.030726 -0.036375 0.003920
v -0.030193 -0.037035 0.003977
v -0.029723 -0.037696 0.004030
v -0.029270 -0.038448 0.004087
v -0.028902 -0.039198 0.004140
v -0.028607 -0.039968 0.004192
v -0.033201 -0.033936 0.001849
v -0.032606 -0.034525 0.001880
v -0.032016 -0.035119 0.001910
v -0.031441 -0.035727 0.001940
v -0.030887 -0.036356 0.001970
v -0.030367 -0.037014 0.001999
v -0.029909 -0.037673 0.002026
v -0.029469 -0.038425 0.002055
v -0.029114 -0.039177 0.002081
v -0.028830 -0.039955 0.002107
v -0.028700 -0.040750 0.000011
v -0.028680 -0.040750 0.001074
v -0.028620 -0.040749 0.002135
v -0.028521 -0.040749 0.003192
v -0.028382 -0.040749 0.004245
v -0.028205 -0.040749 0.005291
v -0.027989 -0.040748 0.006330
v -0.027736 -0.040748 0.007361
v -0.027445 -0.040748 0.008381
v -0.027117 -0.040748 0.009390
v -0.026752 -0.040747 0.010386
v -0.026351 -0.040747 0.011369
v -0.025915 -0.040747 0.012336
v -0.025442 -0.040747 0.013286
v -0.024935 -0.040747 0.014219
v -0.024393 -0.040746 0.015133
v -0.023816 -0.040746 0.016026
v -0.023207 -0.040746 0.016896
v -0.022565 -0.040746 0.017743
v -0.021893 -0.040745 0.018565
v -0.021191 -0.040745 0.019361
v -0.020460 -0.040745 0.020130
v -0.019701 -0.040745 0.020872
v -0.018916 -0.040745 0.021586
v -0.018105 -0.040745 0.022270
v -0.017270 -0.040744 0.022924
v -0.016411 -0.040744 0.023548
v -0.015530 -0.040744 0.024139
v -0.014628 -0.040744 0.024698
v -0.013705 -0.040744 0.025224
v -0.012764 -0.040744 0.025715
v -0.011804 -0.040744 0.026171
v -0.033829 -0.033345 0.000009
v -0.033425 -0.033751 0.000009
v -0.033019 -0.034154 0.000009
v -0.032210 -0.034964 0.000009
v -0.031423 -0.035796 0.000009
v -0.030683 -0.036669 0.000010
v -0.030015 -0.037598 0.000010
v -0.029447 -0.038592 0.000010
v -0.029004 -0.039647 0.000010
v -0.028834 -0.040193 0.000010
v -0.028763 -0.040471 0.000010
v -0.028717 -0.040350 0.002120
v -0.028887 -0.039949 0.001060
v -0.028774 -0.040347 0.001066
v -0.025395 -0.033339 0.026286
v -0.025923 -0.033339 0.025551
v -0.026435 -0.033339 0.024804
v -0.026930 -0.033339 0.024046
v -0.027408 -0.033339 0.023278
v -0.027870 -0.033340 0.022500
v -0.028315 -0.033340 0.021712
v -0.028744 -0.033340 0.020914
v -0.029155 -0.033340 0.020108
v -0.029550 -0.033340 0.019293
v -0.029928 -0.033340 0.018471
v -0.030288 -0.033341 0.017641
v -0.030631 -0.033341 0.016803
v -0.030957 -0.033341 0.015959
v -0.031266 -0.033341 0.015108
v -0.031558 -0.033341 0.014251
v -0.031832 -0.033342 0.013388
v -0.032089 -0.033342 0.012520
v -0.032328 -0.033342 0.011647
v -0.032549 -0.033342 0.010770
v -0.032753 -0.033343 0.009888
v -0.032940 -0.033343 0.009002
v -0.033108 -0.033343 0.008113
v -0.033259 -0.033343 0.007220
v -0.033393 -0.033343 0.006325
v -0.033508 -0.033344 0.005427
v -0.033606 -0.033344 0.004527
v -0.033686 -0.033344 0.003626
v -0.033749 -0.033344 0.002723
v -0.033793 -0.033344 0.001819
v -0.033820 -0.033345 0.000914
v -0.010827 -0.040744 0.026590
v -0.011752 -0.040384 0.026665
v -0.012673 -0.040013 0.026730
v -0.013589 -0.039630 0.026786
v -0.014501 -0.039236 0.026834
v -0.015408 -0.038828 0.026874
v -0.016309 -0.038407 0.026908
v -0.017203 -0.037972 0.026936
v -0.018090 -0.037522 0.026958
v -0.018970 -0.037058 0.026975
v -0.019841 -0.036578 0.026988
v -0.020703 -0.036081 0.026997
v -0.021556 -0.035568 0.027003
v -0.022398 -0.035038 0.027007
v -0.023228 -0.034490 0.027009
v -0.024046 -0.033923 0.027009
v 0.000000 0.041580 -0.027010
v -0.029842 -0.030901 -0.023796
v -0.032165 -0.028474 -0.023797
v -0.034301 -0.025861 -0.023798
v -0.036231 -0.023078 -0.023798
v -0.037877 -0.020263 -0.023799
v -0.039348 -0.017232 -0.023800
v -0.040611 -0.013998 -0.023800
v -0.041590 -0.010745 -0.023801
v -0.042366 -0.007090 -0.023802
v -0.042793 -0.003720 -0.023803
v -0.042953 -0.000327 -0.023804
v -0.042844 0.003068 -0.023805
v -0.042467 0.006445 -0.023805
v -0.041824 0.009781 -0.023806
v -0.040919 0.013057 -0.023807
v -0.039759 0.016251 -0.023808
v -0.038349 0.019344 -0.023808
v -0.036698 0.022317 -0.023809
v -0.034817 0.025150 -0.023810
v -0.032718 0.027826 -0.023810
v -0.030413 0.030327 -0.023811
v -0.027917 0.032639 -0.023812
v -0.025246 0.034746 -0.023812
v -0.022416 0.036635 -0.023812
v -0.019446 0.038295 -0.023813
v -0.016353 0.039713 -0.023813
v -0.013159 0.040883 -0.023813
v -0.009882 0.041796 -0.023814
v -0.006456 0.042460 -0.023814
v -0.003155 0.042832 -0.023814
v -0.030672 -0.031760 -0.020525
v -0.033060 -0.029266 -0.020526
v -0.035256 -0.026580 -0.020527
v -0.037240 -0.023720 -0.020527
v -0.038932 -0.020826 -0.020528
v -0.040444 -0.017710 -0.020529
v -0.041741 -0.014387 -0.020530
v -0.042747 -0.011043 -0.020530
v -0.043545 -0.007287 -0.020531
v -0.043984 -0.003823 -0.020532
v -0.044148 -0.000335 -0.020533
v -0.044036 0.003155 -0.020534
v -0.043649 0.006625 -0.020535
v -0.042988 0.010054 -0.020535
v -0.042059 0.013421 -0.020536
v -0.040865 0.016705 -0.020537
v -0.039416 0.019884 -0.020538
v -0.037720 0.022939 -0.020538
v -0.035786 0.025851 -0.020539
v -0.033629 0.028601 -0.020540
v -0.031260 0.031172 -0.020540
v -0.028694 0.033548 -0.020541
v -0.025949 0.035714 -0.020541
v -0.023040 0.037656 -0.020542
v -0.019987 0.039361 -0.020542
v -0.016808 0.040820 -0.020543
v -0.013525 0.042022 -0.020543
v -0.010158 0.042960 -0.020543
v -0.006636 0.043643 -0.020543
v -0.003242 0.044025 -0.020543
v -0.031380 -0.032493 -0.017188
v -0.033824 -0.029941 -0.017189
v -0.036070 -0.027192 -0.017189
v -0.038099 -0.024267 -0.017190
v -0.039831 -0.021306 -0.017191
v -0.041378 -0.018118 -0.017192
v -0.043734 -0.011297 -0.017193
v -0.044550 -0.007454 -0.017194
v -0.045000 -0.003910 -0.017195
v -0.045168 -0.000342 -0.017196
v -0.045053 0.003228 -0.017197
v -0.044657 0.006779 -0.017198
v -0.043981 0.010287 -0.017199
v -0.043030 0.013732 -0.017199
v -0.041809 0.017091 -0.017200
v -0.040326 0.020344 -0.017201
v -0.038590 0.023469 -0.017202
v -0.036613 0.026449 -0.017202
v -0.034405 0.029262 -0.017203
v -0.031981 0.031893 -0.017204
v -0.029357 0.034324 -0.017204
v -0.026548 0.036540 -0.017205
v -0.023572 0.038526 -0.017205
v -0.020448 0.040271 -0.017206
v -0.017197 0.041763 -0.017206
v -0.013837 0.042993 -0.017206
v -0.010392 0.043953 -0.017206
v -0.006789 0.044652 -0.017207
v -0.003317 0.045043 -0.017207
v -0.034451 -0.030495 -0.013800
v -0.036739 -0.027696 -0.013800
v -0.038806 -0.024716 -0.013801
v -0.040570 -0.021700 -0.013802
v -0.044546 -0.011506 -0.013804
v -0.045377 -0.007592 -0.013805
v -0.045835 -0.003982 -0.013806
v -0.046006 -0.000348 -0.013807
v -0.045889 0.003289 -0.013808
v -0.045485 0.006906 -0.013809
v -0.044797 0.010479 -0.013810
v -0.043828 0.013988 -0.013810
v -0.042585 0.017409 -0.013811
v -0.041074 0.020722 -0.013812
v -0.039307 0.023906 -0.013813
v -0.037292 0.026940 -0.013813
v -0.035043 0.029806 -0.013814
v -0.032575 0.032486 -0.013815
v -0.029901 0.034962 -0.013815
v -0.027040 0.037219 -0.013816
v -0.024009 0.039242 -0.013816
v -0.020828 0.041019 -0.013817
v -0.017516 0.042539 -0.013817
v -0.014094 0.043792 -0.013817
v -0.010585 0.044769 -0.013818
v -0.006915 0.045481 -0.013818
v -0.003379 0.045879 -0.013818
v -0.034941 -0.030928 -0.010370
v -0.037261 -0.028089 -0.010371
v -0.039358 -0.025066 -0.010372
v -0.041146 -0.022008 -0.010373
v -0.042744 -0.018715 -0.010373
v -0.044116 -0.015202 -0.010374
v -0.045179 -0.011669 -0.010375
v -0.046022 -0.007699 -0.010376
v -0.046486 -0.004038 -0.010377
v -0.046660 -0.000352 -0.010378
v -0.046541 0.003337 -0.010379
v -0.046132 0.007005 -0.010379
v -0.045434 0.010629 -0.010380
v -0.044451 0.014187 -0.010381
v -0.043190 0.017657 -0.010382
v -0.041658 0.021017 -0.010383
v -0.039865 0.024246 -0.010384
v -0.037822 0.027324 -0.010384
v -0.035541 0.030231 -0.010385
v -0.033038 0.032948 -0.010386
v -0.030326 0.035459 -0.010386
v -0.027425 0.037748 -0.010387
v -0.024351 0.039801 -0.010387
v -0.021124 0.041603 -0.010388
v -0.017765 0.043144 -0.010388
v -0.014294 0.044415 -0.010388
v -0.010735 0.045407 -0.010388
v -0.007013 0.046128 -0.010389
v -0.003427 0.046532 -0.010389
v -0.035291 -0.031237 -0.006916
v -0.037634 -0.028369 -0.006916
v -0.039752 -0.025316 -0.006917
v -0.041558 -0.022227 -0.006918
v -0.043172 -0.018901 -0.006919
v -0.044557 -0.015354 -0.006920
v -0.045631 -0.011785 -0.006920
v -0.046482 -0.007775 -0.006921
v -0.046951 -0.004077 -0.006922
v -0.047127 -0.000354 -0.006923
v -0.047007 0.003371 -0.006924
v -0.046594 0.007076 -0.006925
v -0.045888 0.010736 -0.006926
v -0.044896 0.014330 -0.006927
v -0.043622 0.017835 -0.006928
v -0.042075 0.021229 -0.006928
v -0.040264 0.024490 -0.006929
v -0.038201 0.027598 -0.006930
v -0.035897 0.030534 -0.006931
v -0.033368 0.033279 -0.006931
v -0.030630 0.035815 -0.006932
v -0.027699 0.038127 -0.006932
v -0.024594 0.040200 -0.006933
v -0.021335 0.042020 -0.006933
v -0.017942 0.043577 -0.006934
v -0.014438 0.044860 -0.006934
v -0.010843 0.045862 -0.006934
v -0.007083 0.046591 -0.006934
v -0.003461 0.046999 -0.006934
v -0.035500 -0.031421 -0.003451
v -0.037857 -0.028537 -0.003452
v -0.039988 -0.025466 -0.003453
v -0.041805 -0.022358 -0.003453
v -0.043428 -0.019013 -0.003454
v -0.044822 -0.015444 -0.003455
v -0.045902 -0.011854 -0.003456
v -0.046758 -0.007820 -0.003457
v -0.047230 -0.004101 -0.003458
v -0.047406 -0.000356 -0.003459
v -0.047286 0.003392 -0.003460
v -0.046870 0.007118 -0.003460
v -0.046160 0.010801 -0.003461
v -0.045162 0.014416 -0.003462
v -0.043881 0.017942 -0.003463
v -0.042325 0.021355 -0.003464
v -0.040503 0.024636 -0.003465
v -0.038427 0.027763 -0.003465
v -0.036110 0.030716 -0.003466
v -0.033566 0.033477 -0.003467
v -0.030812 0.036028 -0.003467
v -0.027863 0.038354 -0.003468
v -0.024740 0.040439 -0.003468
v -0.021462 0.042270 -0.003469
v -0.018049 0.043836 -0.003469
v -0.014523 0.045127 -0.003469
v -0.010907 0.046135 -0.003470
v -0.007125 0.046868 -0.003470
v -0.003482 0.047278 -0.003470
v -0.024850 -0.033351 -0.026992
v -0.025365 -0.033351 -0.026308
v -0.025874 -0.033351 -0.025602
v -0.026375 -0.033351 -0.024874
v -0.026868 -0.033351 -0.024125
v -0.027352 -0.033350 -0.023352
v -0.027826 -0.033350 -0.022558
v -0.028289 -0.033350 -0.021740
v -0.028742 -0.033350 -0.020900
v -0.029138 -0.033350 -0.020126
v -0.029522 -0.033349 -0.019334
v -0.029895 -0.033349 -0.018525
v -0.030256 -0.033349 -0.017699
v -0.030604 -0.033349 -0.016855
v -0.030938 -0.033349 -0.015994
v -0.031263 -0.033348 -0.015098
v -0.031562 -0.033348 -0.014221
v -0.031828 -0.033348 -0.013384
v -0.032079 -0.033348 -0.012536
v -0.032315 -0.033348 -0.011676
v -0.032536 -0.033347 -0.010805
v -0.032742 -0.033347 -0.009918
v -0.032933 -0.033347 -0.009016
v -0.033105 -0.033347 -0.008111
v -0.033257 -0.033347 -0.007216
v -0.033390 -0.033346 -0.006327
v -0.033505 -0.033346 -0.005434
v -0.033604 -0.033346 -0.004536
v -0.033684 -0.033346 -0.003634
v -0.033747 -0.033346 -0.002728
v -0.033792 -0.033345 -0.001819
v -0.033820 -0.033345 -0.000907
v -0.033829 -0.033345 0.000009
v -0.030272 -0.031346 -0.022170
v -0.028573 -0.032078 -0.023796
v -0.028985 -0.032540 -0.022170
v -0.031042 -0.032142 -0.018865
v -0.033690 -0.032286 -0.010370
v -0.034713 -0.030727 -0.012089
v -0.033218 -0.031834 -0.013799
v -0.033471 -0.032076 -0.012089
v -0.034027 -0.032608 -0.006915
v -0.035133 -0.031098 -0.008645
v -0.033876 -0.032463 -0.008645
v -0.034229 -0.032801 -0.003451
v -0.035413 -0.031344 -0.005184
v -0.034145 -0.032721 -0.005183
v -0.035552 -0.031467 -0.001720
v -0.034279 -0.032848 -0.001720
v 0.000000 0.047500 -0.000010
v 0.000000 0.047476 -0.001740
v 0.000000 0.047406 -0.003473
v 0.000000 0.047289 -0.005207
v 0.000000 0.047125 -0.006941
v 0.000000 0.046915 -0.008672
v 0.000000 0.046657 -0.010398
v 0.000000 0.046352 -0.012118
v 0.000000 0.046001 -0.013830
v 0.000000 0.045604 -0.015532
v 0.000000 0.045160 -0.017222
v 0.000000 0.044672 -0.018898
v 0.000000 0.044139 -0.020558
v 0.000000 0.043563 -0.022201
v 0.000000 0.042944 -0.023825
v 0.000000 0.042282 -0.025429
v -0.002809 0.041485 -0.027010
v -0.005605 0.041200 -0.027009
v -0.008376 0.040728 -0.027009
v -0.011108 0.040069 -0.027009
v -0.013790 0.039227 -0.027009
v -0.016408 0.038206 -0.027009
v -0.018952 0.037010 -0.027009
v -0.021409 0.035646 -0.027008
v -0.023768 0.034118 -0.027008
v -0.026019 0.032435 -0.027007
v -0.028151 0.030603 -0.027007
v -0.030154 0.028632 -0.027007
v -0.032020 0.026529 -0.027006
v -0.033739 0.024306 -0.027006
v -0.035304 0.021972 -0.027005
v -0.036708 0.019537 -0.027004
v -0.037944 0.017012 -0.027004
v -0.039007 0.014411 -0.027003
v -0.039892 0.011743 -0.027003
v -0.040595 0.009021 -0.027002
v -0.041112 0.006259 -0.027001
v -0.041441 0.003467 -0.027001
v -0.041581 0.000660 -0.027000
v -0.041531 -0.002150 -0.026999
v -0.041291 -0.004950 -0.026999
v -0.040863 -0.007728 -0.026998
v -0.040248 -0.010471 -0.026997
v -0.039449 -0.013165 -0.026997
v -0.038471 -0.015800 -0.026996
v -0.037316 -0.018362 -0.026995
v -0.035991 -0.020841 -0.026995
v -0.034501 -0.023225 -0.026994
v -0.032854 -0.025502 -0.026994
v -0.031057 -0.027663 -0.026993
v -0.029118 -0.029698 -0.026993
v -0.027046 -0.031597 -0.026992
v -0.034969 -0.032147 0.000008
v -0.036077 -0.030898 0.000008
v -0.037150 -0.029599 0.000008
v -0.038186 -0.028251 0.000007
v -0.039180 -0.026854 0.000007
v -0.040131 -0.025412 0.000007
v -0.041034 -0.023926 0.000006
v -0.041888 -0.022398 0.000006
v -0.042689 -0.020831 0.000006
v -0.043434 -0.019228 0.000005
v -0.044123 -0.017591 0.000005
v -0.044752 -0.015923 0.000004
v -0.045319 -0.014228 0.000004
v -0.045823 -0.012510 0.000004
v -0.046263 -0.010771 0.000003
v -0.046637 -0.009015 0.000003
v -0.046944 -0.007247 0.000002
v -0.047184 -0.005469 0.000002
v -0.047357 -0.003686 0.000002
v -0.047462 -0.001902 0.000001
v -0.047500 -0.000120 0.000001
v -0.047471 0.001656 -0.000000
v -0.047377 0.003421 -0.000000
v -0.047218 0.005174 -0.000001
v -0.046995 0.006910 -0.000001
v -0.046710 0.008625 -0.000001
v -0.046366 0.010318 -0.000002
v -0.045964 0.011984 -0.000002
v -0.045505 0.013622 -0.000003
v -0.044993 0.015227 -0.000003
v -0.044430 0.016799 -0.000003
v -0.043819 0.018335 -0.000004
v -0.043154 0.019849 -0.000004
v -0.042430 0.021354 -0.000004
v -0.041645 0.022846 -0.000005
v -0.040801 0.024321 -0.000005
v -0.039897 0.025778 -0.000005
v -0.038933 0.027211 -0.000006
v -0.037911 0.028618 -0.000006
v -0.036831 0.029995 -0.000006
v -0.035695 0.031339 -0.000007
v -0.034504 0.032646 -0.000007
v -0.033259 0.033913 -0.000007
v -0.031964 0.035137 -0.000008
v -0.030619 0.036314 -0.000008
v -0.029228 0.037443 -0.000008
v -0.027794 0.038520 -0.000008
v -0.026319 0.039542 -0.000009
v -0.024806 0.040508 -0.000009
v -0.023259 0.041416 -0.000009
v -0.021681 0.042264 -0.000009
v -0.020075 0.043049 -0.000010
v -0.018446 0.043772 -0.000010
v -0.016797 0.044431 -0.000010
v -0.015132 0.045025 -0.000010
v -0.013453 0.045555 -0.000010
v -0.011766 0.046020 -0.000010
v -0.010074 0.046420 -0.000010
v -0.008379 0.046755 -0.000010
v -0.006687 0.047027 -0.000010
v -0.005000 0.047236 -0.000010
v -0.003321 0.047384 -0.000010
v -0.001653 0.047471 -0.000010
v -0.043988 -0.015252 -0.010997
v -0.043684 -0.016048 -0.011104
v -0.043221 -0.017028 -0.011578
v -0.042781 -0.017742 -0.012321
v -0.042420 -0.018145 -0.013198
v -0.042159 -0.018251 -0.014112
v -0.042008 -0.018079 -0.015005
v -0.041980 -0.017625 -0.015833
v -0.042094 -0.016880 -0.016517
v -0.042362 -0.015885 -0.016929
v -0.042751 -0.014782 -0.016959
v -0.043194 -0.013758 -0.016597
v -0.043621 -0.012959 -0.015929
v -0.043987 -0.012455 -0.015077
v -0.044266 -0.012257 -0.014150
v -0.044446 -0.012353 -0.013229
v -0.044520 -0.012730 -0.012373
v -0.044470 -0.013386 -0.011649
v -0.044284 -0.014278 -0.011160
v -0.043461 -0.016985 -0.010374
v -0.044162 -0.011407 -0.015505
v -0.044679 -0.013457 -0.010375
v -0.044885 -0.011593 -0.012094
v -0.017965 -0.034992 0.028305
v -0.015737 -0.036600 0.028096
v -0.013442 -0.038084 0.027876
v -0.011098 -0.039460 0.027633
v -0.013468 -0.034934 0.029096
v -0.011804 -0.036515 0.028823
v -0.010090 -0.038001 0.028545
v -0.008337 -0.039406 0.028257
v -0.008920 -0.034881 0.029538
v -0.007824 -0.036438 0.029275
v -0.006692 -0.037927 0.028995
v -0.005534 -0.039359 0.028696
v -0.004248 -0.034824 0.029754
v -0.003728 -0.036354 0.029523
v -0.003191 -0.037848 0.029260
v -0.002640 -0.039309 0.028964
v -0.019047 -0.034136 0.028409
v -0.020175 -0.035028 0.027731
v -0.021389 -0.034156 0.027794
v 0.000000 -0.040743 0.028711
v -0.002772 -0.040743 0.028576
v -0.005516 -0.040743 0.028174
v -0.008209 -0.040743 0.027511
v -0.024851 -0.033338 0.027009
v -0.023375 -0.033338 0.027555
v -0.021881 -0.033338 0.028023
v -0.020369 -0.033338 0.028422
v -0.018840 -0.033338 0.028756
v -0.017297 -0.033338 0.029034
v -0.015741 -0.033338 0.029261
v -0.014173 -0.033338 0.029445
v -0.012596 -0.033338 0.029593
v -0.011016 -0.033338 0.029709
v -0.009442 -0.033338 0.029800
v -0.007871 -0.033338 0.029868
v -0.006302 -0.033338 0.029916
v -0.004732 -0.033338 0.029948
v -0.003159 -0.033338 0.029966
v -0.001583 -0.033338 0.029975
v 0.000000 -0.033338 0.029977
v -0.010827 -0.040744 0.026590
v -0.011752 -0.040384 0.026665
v -0.012673 -0.040013 0.026730
v -0.013589 -0.039630 0.026786
v -0.014501 -0.039236 0.026834
v -0.015408 -0.038828 0.026874
v -0.016309 -0.038407 0.026908
v -0.017203 -0.037972 0.026936
v -0.018090 -0.037522 0.026958
v -0.018970 -0.037058 0.026975
v -0.019841 -0.036578 0.026988
v -0.020703 -0.036081 0.026997
v -0.021556 -0.035568 0.027003
v -0.022398 -0.035038 0.027007
v -0.023228 -0.034490 0.027009
v -0.024046 -0.033923 0.027009
v 0.000000 -0.035204 0.029756
v 0.000000 -0.037062 0.029471
v 0.000000 -0.038909 0.029122
v 0.000000 0.041593 0.026991
v -0.003349 0.042829 0.023795
v -0.006742 0.042427 0.023795
v -0.010037 0.041770 0.023795
v -0.013285 0.040853 0.023796
v -0.016462 0.039680 0.023796
v -0.019425 0.038317 0.023796
v -0.022368 0.036676 0.023796
v -0.025256 0.034750 0.023797
v -0.027922 0.032646 0.023797
v -0.030653 0.030096 0.023798
v -0.032935 0.027580 0.023799
v -0.035011 0.024891 0.023799
v -0.036868 0.022046 0.023800
v -0.038495 0.019063 0.023801
v -0.039881 0.015961 0.023801
v -0.041017 0.012759 0.023802
v -0.041897 0.009476 0.023803
v -0.042515 0.006133 0.023804
v -0.042866 0.002751 0.023804
v -0.042949 -0.000648 0.023805
v -0.042763 -0.004044 0.023806
v -0.042308 -0.007415 0.023807
v -0.041588 -0.010740 0.023808
v -0.040607 -0.013998 0.023809
v -0.039371 -0.017168 0.023809
v -0.037889 -0.020231 0.023810
v -0.036168 -0.023166 0.023811
v -0.034221 -0.025955 0.023811
v -0.032060 -0.028581 0.023812
v -0.029633 -0.031090 0.023813
v -0.003442 0.044020 0.020524
v -0.006930 0.043607 0.020524
v -0.010316 0.042932 0.020524
v -0.013655 0.041990 0.020524
v -0.016920 0.040784 0.020525
v -0.019965 0.039382 0.020525
v -0.022990 0.037696 0.020525
v -0.025959 0.035717 0.020526
v -0.028700 0.033554 0.020526
v -0.031506 0.030933 0.020527
v -0.033852 0.028346 0.020528
v -0.035986 0.025583 0.020528
v -0.037894 0.022659 0.020529
v -0.039566 0.019593 0.020530
v -0.040991 0.016405 0.020530
v -0.042159 0.013113 0.020531
v -0.043063 0.009739 0.020532
v -0.043698 0.006303 0.020533
v -0.044059 0.002827 0.020534
v -0.044145 -0.000667 0.020534
v -0.043953 -0.004158 0.020535
v -0.043486 -0.007623 0.020536
v -0.042746 -0.011040 0.020537
v -0.041738 -0.014389 0.020538
v -0.040467 -0.017647 0.020539
v -0.038943 -0.020795 0.020539
v -0.037175 -0.023812 0.020540
v -0.035174 -0.026679 0.020541
v -0.032952 -0.029378 0.020541
v -0.030458 -0.031956 0.020542
v -0.003521 0.045036 0.017187
v -0.007090 0.044613 0.017187
v -0.010554 0.043923 0.017187
v -0.013970 0.042958 0.017187
v -0.017311 0.041724 0.017188
v -0.020426 0.040291 0.017188
v -0.023521 0.038566 0.017188
v -0.026558 0.036540 0.017189
v -0.029362 0.034327 0.017189
v -0.032234 0.031646 0.017190
v -0.034634 0.029000 0.017191
v -0.036817 0.026172 0.017191
v -0.040480 0.020045 0.017193
v -0.041937 0.016782 0.017193
v -0.043132 0.013415 0.017194
v -0.044058 0.009962 0.017195
v -0.044707 0.006447 0.017196
v -0.045077 0.002891 0.017197
v -0.045164 -0.000684 0.017198
v -0.044968 -0.004255 0.017198
v -0.044490 -0.007800 0.017199
v -0.043733 -0.011296 0.017200
v -0.042701 -0.014722 0.017201
v -0.041402 -0.018055 0.017202
v -0.039842 -0.021276 0.017203
v -0.038033 -0.024362 0.017203
v -0.035986 -0.027296 0.017204
v -0.033713 -0.030057 0.017205
v -0.031161 -0.032695 0.017205
v -0.003587 0.045870 0.013798
v -0.007221 0.045440 0.013798
v -0.010750 0.044737 0.013798
v -0.014230 0.043755 0.013798
v -0.017632 0.042498 0.013798
v -0.020805 0.041037 0.013799
v -0.023958 0.039280 0.013799
v -0.027051 0.037218 0.013800
v -0.029907 0.034964 0.013800
v -0.032832 0.032232 0.013801
v -0.035276 0.029537 0.013801
v -0.042715 0.017093 0.013804
v -0.043933 0.013663 0.013805
v -0.044875 0.010146 0.013806
v -0.045537 0.006566 0.013807
v -0.045913 0.002944 0.013808
v -0.046002 -0.000697 0.013809
v -0.045802 -0.004334 0.013809
v -0.045315 -0.007945 0.013810
v -0.044544 -0.011506 0.013811
v -0.043494 -0.014996 0.013812
v -0.042170 -0.018391 0.013813
v -0.040582 -0.021671 0.013814
v -0.038739 -0.024815 0.013814
v -0.036653 -0.027803 0.013815
v -0.034339 -0.030616 0.013816
v -0.003638 0.046521 0.010368
v -0.007324 0.046085 0.010368
v -0.010903 0.045372 0.010368
v -0.014432 0.044375 0.010369
v -0.017882 0.043101 0.010369
v -0.021101 0.041620 0.010369
v -0.024298 0.039838 0.010370
v -0.027435 0.037746 0.010370
v -0.030332 0.035460 0.010371
v -0.033298 0.032690 0.010371
v -0.035777 0.029956 0.010372
v -0.038033 0.027035 0.010373
v -0.040050 0.023945 0.010373
v -0.041817 0.020705 0.010374
v -0.043322 0.017335 0.010375
v -0.044557 0.013856 0.010376
v -0.045513 0.010290 0.010377
v -0.046184 0.006659 0.010378
v -0.046566 0.002985 0.010378
v -0.046656 -0.000708 0.010379
v -0.046453 -0.004397 0.010380
v -0.045959 -0.008059 0.010381
v -0.045177 -0.011671 0.010382
v -0.044112 -0.015210 0.010383
v -0.042769 -0.018653 0.010384
v -0.041158 -0.021980 0.010384
v -0.039289 -0.025169 0.010385
v -0.037174 -0.028199 0.010386
v -0.034827 -0.031052 0.010387
v -0.003674 0.046986 0.006914
v -0.007397 0.046545 0.006914
v -0.011012 0.045825 0.006914
v -0.014576 0.044819 0.006914
v -0.018061 0.043531 0.006914
v -0.021312 0.042035 0.006915
v -0.024541 0.040236 0.006915
v -0.027710 0.038123 0.006916
v -0.030636 0.035814 0.006916
v -0.033632 0.033016 0.006917
v -0.036136 0.030255 0.006917
v -0.038413 0.027305 0.006918
v -0.040451 0.024184 0.006919
v -0.042235 0.020911 0.006920
v -0.043756 0.017508 0.006920
v -0.045003 0.013994 0.006921
v -0.045968 0.010392 0.006922
v -0.046646 0.006724 0.006923
v -0.047032 0.003014 0.006924
v -0.047123 -0.000716 0.006925
v -0.046918 -0.004442 0.006926
v -0.046419 -0.008140 0.006927
v -0.045629 -0.011788 0.006927
v -0.044553 -0.015363 0.006928
v -0.043197 -0.018841 0.006929
v -0.041570 -0.022201 0.006930
v -0.039683 -0.025421 0.006931
v -0.037546 -0.028482 0.006931
v -0.035175 -0.031363 0.006932
v -0.003696 0.047264 0.003449
v -0.007441 0.046821 0.003449
v -0.011077 0.046096 0.003449
v -0.014663 0.045084 0.003449
v -0.018168 0.043789 0.003450
v -0.021439 0.042284 0.003450
v -0.024687 0.040473 0.003451
v -0.027874 0.038348 0.003451
v -0.030817 0.036025 0.003452
v -0.033831 0.033211 0.003452
v -0.036350 0.030434 0.003453
v -0.038641 0.027466 0.003454
v -0.040691 0.024326 0.003454
v -0.042486 0.021035 0.003455
v -0.044015 0.017611 0.003456
v -0.045270 0.014076 0.003457
v -0.046241 0.010453 0.003458
v -0.046923 0.006763 0.003458
v -0.047311 0.003031 0.003459
v -0.047402 -0.000721 0.003460
v -0.047196 -0.004469 0.003461
v -0.046695 -0.008190 0.003462
v -0.045900 -0.011859 0.003463
v -0.044817 -0.015455 0.003464
v -0.043453 -0.018954 0.003465
v -0.041817 -0.022333 0.003465
v -0.039918 -0.025573 0.003466
v -0.037769 -0.028652 0.003467
v -0.035384 -0.031550 0.003468
v -0.033829 -0.033345 0.000009
v -0.033820 -0.033345 0.000914
v -0.033793 -0.033344 0.001819
v -0.033749 -0.033344 0.002723
v -0.033686 -0.033344 0.003626
v -0.033606 -0.033344 0.004527
v -0.033508 -0.033344 0.005427
v -0.033393 -0.033343 0.006325
v -0.033259 -0.033343 0.007220
v -0.033108 -0.033343 0.008113
v -0.032940 -0.033343 0.009002
v -0.032753 -0.033343 0.009888
v -0.032549 -0.033342 0.010770
v -0.032328 -0.033342 0.011647
v -0.032089 -0.033342 0.012520
v -0.031832 -0.033342 0.013388
v -0.031558 -0.033341 0.014251
v -0.031266 -0.033341 0.015108
v -0.030957 -0.033341 0.015959
v -0.030631 -0.033341 0.016803
v -0.030288 -0.033341 0.017641
v -0.029928 -0.033340 0.018471
v -0.029550 -0.033340 0.019293
v -0.029155 -0.033340 0.020108
v -0.028744 -0.033340 0.020914
v -0.028315 -0.033340 0.021712
v -0.027870 -0.033340 0.022500
v -0.027408 -0.033339 0.023278
v -0.026930 -0.033339 0.024046
v -0.026435 -0.033339 0.024804
v -0.025923 -0.033339 0.025551
v -0.025395 -0.033339 0.026286
v -0.024851 -0.033338 0.027009
v -0.034056 -0.032978 0.003468
v -0.033856 -0.032783 0.006933
v -0.035297 -0.031472 0.005200
v -0.033973 -0.032897 0.005201
v -0.033520 -0.032457 0.010387
v -0.035018 -0.031223 0.008662
v -0.033705 -0.032637 0.008662
v -0.033050 -0.032002 0.013816
v -0.034600 -0.030849 0.012105
v -0.033302 -0.032246 0.012106
v -0.029183 -0.033124 0.020542
v -0.030825 -0.032342 0.018881
v -0.028393 -0.032226 0.023813
v -0.030060 -0.031539 0.022187
v -0.028802 -0.032692 0.022187
v 0.000000 0.047500 -0.000010
v -0.001653 0.047471 -0.000010
v -0.003321 0.047384 -0.000010
v -0.005000 0.047236 -0.000010
v -0.006687 0.047027 -0.000010
v -0.008379 0.046755 -0.000010
v -0.010074 0.046420 -0.000010
v -0.011766 0.046020 -0.000010
v -0.013453 0.045555 -0.000010
v -0.015132 0.045025 -0.000010
v -0.016797 0.044431 -0.000010
v -0.018446 0.043772 -0.000010
v -0.020075 0.043049 -0.000010
v -0.021681 0.042264 -0.000009
v -0.023259 0.041416 -0.000009
v -0.024806 0.040508 -0.000009
v -0.026319 0.039542 -0.000009
v -0.027794 0.038520 -0.000008
v -0.029228 0.037443 -0.000008
v -0.030619 0.036314 -0.000008
v -0.031964 0.035137 -0.000008
v -0.033259 0.033913 -0.000007
v -0.034504 0.032646 -0.000007
v -0.035695 0.031339 -0.000007
v -0.036831 0.029995 -0.000006
v -0.037911 0.028618 -0.000006
v -0.038933 0.027211 -0.000006
v -0.039897 0.025778 -0.000005
v -0.040801 0.024321 -0.000005
v -0.041645 0.022846 -0.000005
v -0.042430 0.021354 -0.000004
v -0.043154 0.019849 -0.000004
v -0.043819 0.018335 -0.000004
v -0.044430 0.016799 -0.000003
v -0.044993 0.015227 -0.000003
v -0.045505 0.013622 -0.000003
v -0.045964 0.011984 -0.000002
v -0.046366 0.010318 -0.000002
v -0.046710 0.008625 -0.000001
v -0.046995 0.006910 -0.000001
v -0.047218 0.005174 -0.000001
v -0.047377 0.003421 -0.000000
v -0.047471 0.001656 -0.000000
v -0.047500 -0.000120 0.000001
v -0.047462 -0.001902 0.000001
v -0.047357 -0.003686 0.000002
v -0.047184 -0.005469 0.000002
v -0.046944 -0.007247 0.000002
v -0.046637 -0.009015 0.000003
v -0.046263 -0.010771 0.000003
v -0.045823 -0.012510 0.000004
v -0.045319 -0.014228 0.000004
v -0.044752 -0.015923 0.000004
v -0.044123 -0.017591 0.000005
v -0.043434 -0.019228 0.000005
v -0.042689 -0.020831 0.000006
v -0.041888 -0.022398 0.000006
v -0.041034 -0.023926 0.000006
v -0.040131 -0.025412 0.000007
v -0.039180 -0.026854 0.000007
v -0.038186 -0.028251 0.000007
v -0.037150 -0.029599 0.000008
v -0.036077 -0.030898 0.000008
v -0.034969 -0.032147 0.000008
v 0.000000 0.042294 0.025410
v 0.000000 0.042955 0.023807
v 0.000000 0.043574 0.022182
v 0.000000 0.044149 0.020539
v 0.000000 0.044681 0.018878
v 0.000000 0.045169 0.017202
v 0.000000 0.045611 0.015512
v 0.000000 0.046008 0.013810
v 0.000000 0.046358 0.012098
v 0.000000 0.046662 0.010378
v 0.000000 0.046919 0.008651
v 0.000000 0.047129 0.006920
v 0.000000 0.047292 0.005186
v 0.000000 0.047408 0.003452
v 0.000000 0.047477 0.001719
v -0.027046 -0.031584 0.027009
v -0.029118 -0.029685 0.027008
v -0.031057 -0.027650 0.027008
v -0.032854 -0.025489 0.027007
v -0.034502 -0.023212 0.027007
v -0.035991 -0.020828 0.027006
v -0.037316 -0.018350 0.027006
v -0.038471 -0.015787 0.027005
v -0.039450 -0.013152 0.027004
v -0.040249 -0.010458 0.027004
v -0.040863 -0.007715 0.027003
v -0.041292 -0.004937 0.027002
v -0.041531 -0.002137 0.027002
v -0.041581 0.000673 0.027001
v -0.041441 0.003480 0.027000
v -0.041112 0.006272 0.027000
v -0.040595 0.009034 0.026999
v -0.039892 0.011756 0.026998
v -0.039008 0.014424 0.026998
v -0.037945 0.017025 0.026997
v -0.036708 0.019550 0.026997
v -0.035304 0.021984 0.026996
v -0.033739 0.024319 0.026995
v -0.032020 0.026542 0.026995
v -0.030154 0.028645 0.026994
v -0.028151 0.030616 0.026994
v -0.026019 0.032448 0.026993
v -0.023769 0.034131 0.026993
v -0.021409 0.035659 0.026993
v -0.018952 0.037023 0.026992
v -0.016409 0.038219 0.026992
v -0.013790 0.039240 0.026992
v -0.011108 0.040082 0.026992
v -0.008376 0.040741 0.026992
v -0.005605 0.041213 0.026991
v -0.002809 0.041498 0.026991
v -0.038485 0.023754 0.016994
v -0.039185 0.022686 0.016799
v -0.039879 0.021757 0.016233
v -0.040505 0.021067 0.015326
v -0.040969 0.020758 0.014166
v -0.041165 0.020967 0.012912
v -0.041143 0.021261 0.012335
v -0.041039 0.021663 0.011842
v -0.040617 0.022685 0.011194
v -0.040011 0.023807 0.010995
v -0.039309 0.024873 0.011213
v -0.038584 0.025792 0.011794
v -0.037928 0.026454 0.012680
v -0.037431 0.026748 0.013817
v -0.037283 0.026713 0.014446
v -0.037225 0.026544 0.015066
v -0.037258 0.026254 0.015640
v -0.037382 0.025859 0.016131
v -0.037847 0.024863 0.016781
v -0.040964 0.022346 0.010374
v -0.036412 0.028124 0.013802
v -0.035749 0.027613 0.017191
v -0.034972 0.029283 0.015502
v -0.036099 0.027882 0.015502
v 0.000000 -0.023257 -0.029994
v -0.016500 -0.000007 -0.029999
v 0.000000 0.032993 -0.030007
v 0.000000 -0.006007 -0.029998
v -0.016500 -0.016507 -0.029995
v -0.008250 -0.000007 -0.029999
v -0.008250 -0.016507 -0.029995
v 0.000000 0.005993 -0.030001
v -0.001854 0.005699 -0.030000
v -0.003527 0.004847 -0.030000
v -0.004854 0.003520 -0.030000
v -0.005706 0.001847 -0.030000
v -0.006000 -0.000007 -0.029999
v -0.005706 -0.001861 -0.029999
v -0.004854 -0.003534 -0.029998
v -0.003527 -0.004861 -0.029998
v -0.001854 -0.005714 -0.029998
v -0.016500 0.016493 -0.030003
v -0.008250 0.016493 -0.030003
v -0.008250 0.008243 -0.030001
v -0.004125 0.016493 -0.030003
v -0.004125 0.008243 -0.030001
v -0.008250 -0.008257 -0.029997
v -0.004125 -0.008257 -0.029997
v -0.008250 0.004118 -0.030000
v -0.006187 0.008243 -0.030001
v -0.006187 0.004118 -0.030000
v -0.016500 0.008243 -0.030001
v -0.012375 0.016493 -0.030003
v -0.012375 -0.000007 -0.029999
v -0.012375 0.008243 -0.030001
v -0.024750 -0.000007 -0.029999
v -0.024750 0.016493 -0.030003
v -0.008250 -0.004132 -0.029998
v -0.006188 -0.008257 -0.029997
v -0.006188 -0.004132 -0.029998
v -0.016500 -0.008257 -0.029997
v -0.012375 -0.016507 -0.029995
v -0.012375 -0.008257 -0.029997
v -0.024750 -0.016507 -0.029995
v -0.002063 -0.008257 -0.029997
v 0.000000 -0.012757 -0.029996
v -0.001622 -0.013014 -0.029996
v -0.003086 -0.013760 -0.029996
v -0.004247 -0.014921 -0.029996
v -0.004993 -0.016385 -0.029995
v -0.005250 -0.018007 -0.029995
v -0.004993 -0.019630 -0.029994
v -0.004247 -0.021093 -0.029994
v -0.003086 -0.022255 -0.029994
v -0.001622 -0.023000 -0.029994
v -0.004125 -0.012382 -0.029996
v -0.008250 -0.024757 -0.029993
v -0.008250 -0.012382 -0.029996
v -0.006188 -0.016507 -0.029995
v -0.006188 -0.012382 -0.029996
v -0.008250 -0.020632 -0.029994
v -0.006188 -0.024757 -0.029993
v -0.006188 -0.020632 -0.029994
v -0.016500 -0.024757 -0.029993
v -0.012375 -0.024757 -0.029993
v 0.000000 -0.033007 -0.029991
v -0.002876 -0.032882 -0.029991
v -0.005730 -0.032506 -0.029991
v -0.008541 -0.031883 -0.029992
v -0.011287 -0.031017 -0.029992
v -0.013946 -0.029915 -0.029992
v -0.016500 -0.028586 -0.029992
v -0.018928 -0.027039 -0.029993
v -0.021212 -0.025287 -0.029993
v -0.023335 -0.023342 -0.029994
v -0.025280 -0.021219 -0.029994
v -0.027032 -0.018935 -0.029995
v -0.028579 -0.016507 -0.029995
v -0.029908 -0.013953 -0.029996
v -0.031010 -0.011294 -0.029997
v -0.031876 -0.008548 -0.029997
v -0.032499 -0.005737 -0.029998
v -0.032874 -0.002883 -0.029999
v -0.033000 -0.000007 -0.029999
v -0.032874 0.002869 -0.030000
v -0.032499 0.005723 -0.030001
v -0.031876 0.008534 -0.030001
v -0.031010 0.011280 -0.030002
v -0.029908 0.013939 -0.030003
v -0.028579 0.016493 -0.030003
v -0.027032 0.018921 -0.030004
v -0.025279 0.021205 -0.030004
v -0.023334 0.023327 -0.030005
v -0.021212 0.025272 -0.030005
v -0.018928 0.027025 -0.030006
v -0.016500 0.028572 -0.030006
v -0.013946 0.029901 -0.030006
v -0.011287 0.031003 -0.030007
v -0.008541 0.031868 -0.030007
v -0.005730 0.032491 -0.030007
v -0.002876 0.032867 -0.030007
v -0.020625 -0.016507 -0.029995
v -0.028875 -0.000007 -0.029999
v -0.024750 -0.008257 -0.029997
v -0.028875 -0.008257 -0.029997
v -0.024750 0.008243 -0.030001
v -0.028875 0.008243 -0.030001
v -0.016500 0.024743 -0.030005
v -0.020625 0.016493 -0.030003
v -0.008250 0.024743 -0.030005
v -0.012375 0.024743 -0.030005
v -0.004125 0.024743 -0.030005
v 0.000000 -0.032993 0.030009
v 0.000000 -0.017993 0.030005
v 0.000000 0.018007 0.029997
v -0.003308 -0.017686 0.030005
v -0.006503 -0.016777 0.030005
v -0.009476 -0.015297 0.030005
v -0.012127 -0.013295 0.030004
v -0.014365 -0.010840 0.030003
v -0.016113 -0.008016 0.030003
v -0.017313 -0.004919 0.030002
v -0.017924 -0.001654 0.030001
v -0.017924 0.001668 0.030000
v -0.017313 0.004933 0.030000
v -0.016113 0.008031 0.029999
v -0.014365 0.010855 0.029998
v -0.012127 0.013309 0.029998
v -0.009476 0.015311 0.029997
v -0.006503 0.016792 0.029997
v -0.003308 0.017701 0.029997
v -0.016500 -0.016493 0.030005
v -0.012375 -0.016493 0.030005
v -0.016500 0.016507 0.029997
v -0.024750 0.000007 0.030001
v -0.024750 -0.016493 0.030005
v -0.020625 0.000007 0.030001
v -0.024750 -0.008243 0.030003
v -0.020625 -0.016493 0.030005
v -0.020625 -0.008243 0.030003
v -0.024750 0.016507 0.029997
v -0.020625 0.016507 0.029997
v -0.024750 0.008257 0.029999
v -0.020625 0.008257 0.029999
v -0.012375 0.016507 0.029997
v 0.000000 0.033007 0.029993
v -0.003045 0.032866 0.029993
v -0.006064 0.032445 0.029993
v -0.009031 0.031747 0.029993
v -0.011921 0.030779 0.029993
v -0.014710 0.029548 0.029994
v -0.017372 0.028064 0.029994
v -0.019887 0.026342 0.029995
v -0.022232 0.024395 0.029995
v -0.024388 0.022239 0.029995
v -0.026335 0.019894 0.029996
v -0.028057 0.017380 0.029997
v -0.029541 0.014717 0.029997
v -0.030772 0.011928 0.029998
v -0.031741 0.009038 0.029999
v -0.032438 0.006071 0.029999
v -0.032860 0.003052 0.030000
v -0.033000 0.000007 0.030001
v -0.032860 -0.003038 0.030001
v -0.032438 -0.006056 0.030002
v -0.031741 -0.009024 0.030003
v -0.030772 -0.011914 0.030004
v -0.029541 -0.014702 0.030004
v -0.028058 -0.017365 0.030005
v -0.026335 -0.019880 0.030006
v -0.024388 -0.022225 0.030006
v -0.022232 -0.024380 0.030007
v -0.019887 -0.026327 0.030007
v -0.017373 -0.028050 0.030008
v -0.014710 -0.029533 0.030008
v -0.011921 -0.030764 0.030008
v -0.009031 -0.031733 0.030008
v -0.006064 -0.032431 0.030009
v -0.003045 -0.032852 0.030009
v -0.016500 0.024757 0.029995
v -0.012375 0.024757 0.029995
v -0.028875 0.000007 0.030001
v -0.028875 0.008257 0.029999
v -0.028875 -0.008243 0.030003
v -0.016500 -0.024743 0.030007
v -0.012375 -0.024743 0.030007
v -0.004210 0.039461 0.028107
v -0.003985 0.037356 0.029013
v -0.003746 0.035120 0.029651
v -0.008114 0.038846 0.028107
v -0.007681 0.036774 0.029014
v -0.007221 0.034573 0.029651
v -0.011939 0.037846 0.028108
v -0.011302 0.035828 0.029014
v -0.010625 0.033683 0.029651
v -0.015644 0.036471 0.028108
v -0.014810 0.034525 0.029014
v -0.013923 0.032459 0.029651
v -0.019178 0.034743 0.028108
v -0.018155 0.032890 0.029014
v -0.017068 0.030921 0.029652
v -0.022450 0.032723 0.028109
v -0.021252 0.030978 0.029015
v -0.019980 0.029124 0.029652
v -0.025511 0.030397 0.028109
v -0.024150 0.028776 0.029015
v -0.022704 0.027053 0.029653
v -0.028333 0.027785 0.028110
v -0.026821 0.026303 0.029016
v -0.025215 0.024729 0.029653
v -0.030888 0.024912 0.028111
v -0.029240 0.023584 0.029017
v -0.027490 0.022172 0.029654
v -0.033154 0.021806 0.028111
v -0.031385 0.020643 0.029017
v -0.029506 0.019408 0.029654
v -0.035108 0.018495 0.028112
v -0.033235 0.017508 0.029018
v -0.031245 0.016461 0.029655
v -0.036733 0.015010 0.028113
v -0.034773 0.014210 0.029019
v -0.032691 0.013359 0.029656
v -0.038012 0.011384 0.028114
v -0.035984 0.010777 0.029020
v -0.033830 0.010133 0.029657
v -0.038935 0.007652 0.028115
v -0.036858 0.007244 0.029020
v -0.034651 0.006811 0.029657
v -0.039514 0.003613 0.028116
v -0.037406 0.003421 0.029021
v -0.035166 0.003217 0.029658
v -0.039678 0.000007 0.028117
v -0.037561 0.000007 0.029022
v -0.035313 0.000007 0.029659
v -0.039455 -0.004203 0.028118
v -0.037350 -0.003978 0.029023
v -0.035113 -0.003739 0.029660
v -0.038840 -0.008107 0.028119
v -0.036768 -0.007674 0.029024
v -0.034566 -0.007214 0.029661
v -0.037840 -0.011932 0.028119
v -0.035821 -0.011294 0.029025
v -0.033676 -0.010618 0.029662
v -0.036464 -0.015637 0.028120
v -0.034519 -0.014802 0.029026
v -0.032452 -0.013916 0.029662
v -0.034736 -0.019171 0.028121
v -0.032883 -0.018147 0.029027
v -0.030914 -0.017060 0.029663
v -0.032717 -0.022443 0.028122
v -0.030971 -0.021245 0.029027
v -0.029117 -0.019972 0.029664
v -0.030390 -0.025504 0.028123
v -0.028769 -0.024143 0.029028
v -0.027047 -0.022697 0.029665
v -0.027779 -0.028326 0.028123
v -0.026297 -0.026814 0.029029
v -0.024722 -0.025208 0.029665
v -0.024906 -0.030881 0.028124
v -0.023577 -0.029233 0.029029
v -0.022166 -0.027482 0.029666
v -0.020636 -0.031378 0.029030
v -0.019401 -0.029498 0.029666
v 0.000000 -0.032993 0.030009
v -0.024851 -0.033338 0.027009
v -0.023375 -0.033338 0.027555
v -0.021881 -0.033338 0.028023
v -0.020369 -0.033338 0.028422
v -0.018840 -0.033338 0.028756
v -0.017297 -0.033338 0.029034
v -0.015741 -0.033338 0.029261
v -0.014173 -0.033338 0.029445
v -0.012596 -0.033338 0.029593
v -0.011016 -0.033338 0.029709
v -0.009442 -0.033338 0.029800
v -0.007871 -0.033338 0.029868
v -0.006302 -0.033338 0.029916
v -0.004732 -0.033338 0.029948
v -0.003159 -0.033338 0.029966
v -0.001583 -0.033338 0.029975
v 0.000000 0.041593 0.026991
v -0.002809 0.041498 0.026991
v -0.005605 0.041213 0.026991
v -0.008376 0.040741 0.026992
v -0.011108 0.040082 0.026992
v -0.013790 0.039240 0.026992
v -0.016409 0.038219 0.026992
v -0.018952 0.037023 0.026992
v -0.021409 0.035659 0.026993
v -0.023769 0.034131 0.026993
v -0.026019 0.032448 0.026993
v -0.028151 0.030616 0.026994
v -0.030154 0.028645 0.026994
v -0.032020 0.026542 0.026995
v -0.033739 0.024319 0.026995
v -0.035304 0.021984 0.026996
v -0.036708 0.019550 0.026997
v -0.037945 0.017025 0.026997
v -0.039008 0.014424 0.026998
v -0.039892 0.011756 0.026998
v -0.040595 0.009034 0.026999
v -0.041112 0.006272 0.027000
v -0.041441 0.003480 0.027000
v -0.041581 0.000673 0.027001
v -0.041531 -0.002137 0.027002
v -0.041292 -0.004937 0.027002
v -0.040863 -0.007715 0.027003
v -0.040249 -0.010458 0.027004
v -0.039450 -0.013152 0.027004
v -0.038471 -0.015787 0.027005
v -0.037316 -0.018350 0.027006
v -0.035991 -0.020828 0.027006
v -0.034502 -0.023212 0.027007
v -0.032854 -0.025489 0.027007
v -0.031057 -0.027650 0.027008
v -0.029118 -0.029685 0.027008
v -0.027046 -0.031584 0.027009
v -0.003045 -0.032852 0.030009
v -0.006064 -0.032431 0.030009
v -0.009031 -0.031733 0.030008
v -0.011921 -0.030764 0.030008
v -0.014710 -0.029533 0.030008
v -0.017373 -0.028050 0.030008
v -0.019887 -0.026327 0.030007
v -0.022232 -0.024380 0.030007
v -0.024388 -0.022225 0.030006
v -0.026335 -0.019880 0.030006
v -0.028058 -0.017365 0.030005
v -0.029541 -0.014702 0.030004
v -0.030772 -0.011914 0.030004
v -0.031741 -0.009024 0.030003
v -0.032438 -0.006056 0.030002
v -0.032860 -0.003038 0.030001
v -0.033000 0.000007 0.030001
v -0.032860 0.003052 0.030000
v -0.032438 0.006071 0.029999
v -0.031741 0.009038 0.029999
v -0.030772 0.011928 0.029998
v -0.029541 0.014717 0.029997
v -0.028057 0.017380 0.029997
v -0.026335 0.019894 0.029996
v -0.024388 0.022239 0.029995
v -0.022232 0.024395 0.029995
v -0.019887 0.026342 0.029995
v -0.017372 0.028064 0.029994
v -0.014710 0.029548 0.029994
v -0.011921 0.030779 0.029993
v -0.009031 0.031747 0.029993
v -0.006064 0.032445 0.029993
v -0.003045 0.032866 0.029993
v 0.000000 0.033007 0.029993
v 0.000000 0.035280 0.029659
v 0.000000 0.037492 0.029040
v 0.000000 0.039607 0.028146
v 0.000000 -0.033338 0.029977
v -0.013353 -0.032683 0.029667
v 0.000000 -0.033007 -0.029991
v -0.016524 -0.031215 -0.029650
v -0.020703 -0.031348 -0.029013
v -0.019463 -0.029471 -0.029650
v -0.024881 -0.030915 -0.028108
v -0.023553 -0.029266 -0.029014
v -0.022143 -0.027514 -0.029651
v -0.027672 -0.028443 -0.028108
v -0.026196 -0.026926 -0.029014
v -0.024627 -0.025314 -0.029652
v -0.030219 -0.025720 -0.028109
v -0.028607 -0.024348 -0.029015
v -0.026894 -0.022891 -0.029652
v -0.032499 -0.022770 -0.028110
v -0.030765 -0.021556 -0.029016
v -0.028923 -0.020266 -0.029653
v -0.034492 -0.019619 -0.028110
v -0.032652 -0.018573 -0.029016
v -0.030697 -0.017461 -0.029653
v -0.036181 -0.016295 -0.028111
v -0.034250 -0.015426 -0.029017
v -0.032200 -0.014503 -0.029654
v -0.037550 -0.012827 -0.028112
v -0.035547 -0.012143 -0.029018
v -0.033418 -0.011417 -0.029655
v -0.038588 -0.009246 -0.028113
v -0.036529 -0.008753 -0.029019
v -0.034342 -0.008229 -0.029656
v -0.039311 -0.005395 -0.028114
v -0.037213 -0.005108 -0.029020
v -0.034985 -0.004802 -0.029656
v -0.039651 -0.001476 -0.028115
v -0.037535 -0.001398 -0.029020
v -0.035288 -0.001315 -0.029657
v -0.039625 0.002055 -0.028116
v -0.037510 0.001945 -0.029021
v -0.035265 0.001828 -0.029658
v -0.039223 0.005985 -0.028117
v -0.037130 0.005665 -0.029022
v -0.034907 0.005325 -0.029659
v -0.038462 0.009742 -0.028118
v -0.036410 0.009222 -0.029023
v -0.034230 0.008669 -0.029660
v -0.037342 0.013408 -0.028118
v -0.035349 0.012692 -0.029024
v -0.033233 0.011931 -0.029660
v -0.035873 0.016948 -0.028119
v -0.033959 0.016044 -0.029025
v -0.031926 0.015082 -0.029661
v -0.034098 0.020283 -0.028120
v -0.032279 0.019200 -0.029025
v -0.030346 0.018050 -0.029662
v -0.032043 0.023394 -0.028121
v -0.030333 0.022145 -0.029026
v -0.028517 0.020819 -0.029663
v -0.029705 0.026299 -0.028121
v -0.028120 0.024895 -0.029027
v -0.026437 0.023404 -0.029663
v -0.027105 0.028971 -0.028122
v -0.025659 0.027424 -0.029027
v -0.024122 0.025782 -0.029664
v -0.024265 0.031387 -0.028123
v -0.022971 0.029712 -0.029028
v -0.021595 0.027932 -0.029664
v -0.021211 0.033526 -0.028123
v -0.020080 0.031737 -0.029028
v -0.018877 0.029836 -0.029665
v -0.017970 0.035369 -0.028124
v -0.017011 0.033481 -0.029029
v -0.015993 0.031476 -0.029665
v -0.014570 0.036899 -0.028124
v -0.013793 0.034930 -0.029029
v -0.012967 0.032838 -0.029665
v -0.011042 0.038104 -0.028124
v -0.010453 0.036071 -0.029029
v -0.009827 0.033910 -0.029666
v -0.007416 0.038972 -0.028124
v -0.007020 0.036892 -0.029029
v -0.006600 0.034683 -0.029666
v -0.003493 0.039517 -0.028124
v -0.003306 0.037408 -0.029030
v -0.003109 0.035168 -0.029666
v 0.000000 0.041580 -0.027010
v -0.024850 -0.033351 -0.026992
v -0.027046 -0.031597 -0.026992
v -0.029118 -0.029698 -0.026993
v -0.031057 -0.027663 -0.026993
v -0.032854 -0.025502 -0.026994
v -0.034501 -0.023225 -0.026994
v -0.035991 -0.020841 -0.026995
v -0.037316 -0.018362 -0.026995
v -0.038471 -0.015800 -0.026996
v -0.039449 -0.013165 -0.026997
v -0.040248 -0.010471 -0.026997
v -0.040863 -0.007728 -0.026998
v -0.041291 -0.004950 -0.026999
v -0.041531 -0.002150 -0.026999
v -0.041581 0.000660 -0.027000
v -0.041441 0.003467 -0.027001
v -0.041112 0.006259 -0.027001
v -0.040595 0.009021 -0.027002
v -0.039892 0.011743 -0.027003
v -0.039007 0.014411 -0.027003
v -0.037944 0.017012 -0.027004
v -0.036708 0.019537 -0.027004
v -0.035304 0.021972 -0.027005
v -0.033739 0.024306 -0.027006
v -0.032020 0.026529 -0.027006
v -0.030154 0.028632 -0.027007
v -0.028151 0.030603 -0.027007
v -0.026019 0.032435 -0.027007
v -0.023768 0.034118 -0.027008
v -0.021409 0.035646 -0.027008
v -0.018952 0.037010 -0.027009
v -0.016408 0.038206 -0.027009
v -0.013790 0.039227 -0.027009
v -0.011108 0.040069 -0.027009
v -0.008376 0.040728 -0.027009
v -0.005605 0.041200 -0.027009
v -0.002809 0.041485 -0.027010
v 0.000000 0.039594 -0.028163
v 0.000000 0.037478 -0.029057
v 0.000000 0.035265 -0.029674
v 0.000000 0.032993 -0.030007
v -0.002876 0.032867 -0.030007
v -0.005730 0.032491 -0.030007
v -0.008541 0.031868 -0.030007
v -0.011287 0.031003 -0.030007
v -0.013946 0.029901 -0.030006
v -0.016500 0.028572 -0.030006
v -0.018928 0.027025 -0.030006
v -0.021212 0.025272 -0.030005
v -0.023334 0.023327 -0.030005
v -0.025279 0.021205 -0.030004
v -0.027032 0.018921 -0.030004
v -0.028579 0.016493 -0.030003
v -0.029908 0.013939 -0.030003
v -0.031010 0.011280 -0.030002
v -0.031876 0.008534 -0.030001
v -0.032499 0.005723 -0.030001
v -0.032874 0.002869 -0.030000
v -0.033000 -0.000007 -0.029999
v -0.032874 -0.002883 -0.029999
v -0.032499 -0.005737 -0.029998
v -0.031876 -0.008548 -0.029997
v -0.031010 -0.011294 -0.029997
v -0.029908 -0.013953 -0.029996
v -0.028579 -0.016507 -0.029995
v -0.027032 -0.018935 -0.029995
v -0.025280 -0.021219 -0.029994
v -0.023335 -0.023342 -0.029994
v -0.021212 -0.025287 -0.029993
v -0.018928 -0.027039 -0.029993
v -0.016500 -0.028586 -0.029992
v -0.013946 -0.029915 -0.029992
v -0.011287 -0.031017 -0.029992
v -0.008541 -0.031883 -0.029992
v -0.005730 -0.032506 -0.029991
v -0.002876 -0.032882 -0.029991
v 0.000000 -0.033352 -0.029959
v -0.001582 -0.033352 -0.029957
v -0.003158 -0.033352 -0.029949
v -0.004730 -0.033352 -0.029930
v -0.006299 -0.033352 -0.029898
v -0.007869 -0.033352 -0.029850
v -0.009440 -0.033352 -0.029783
v -0.011015 -0.033352 -0.029692
v -0.012595 -0.033352 -0.029575
v -0.014174 -0.033352 -0.029428
v -0.015743 -0.033352 -0.029244
v -0.017299 -0.033352 -0.029016
v -0.018842 -0.033352 -0.028739
v -0.020370 -0.033352 -0.028404
v -0.021881 -0.033352 -0.028006
v -0.023375 -0.033352 -0.027537
v -0.017964 -0.035005 -0.028287
v -0.015737 -0.036613 -0.028077
v -0.013442 -0.038097 -0.027856
v -0.011098 -0.039473 -0.027613
v -0.013468 -0.034948 -0.029077
v -0.011804 -0.036528 -0.028804
v -0.010089 -0.038015 -0.028525
v -0.008337 -0.039420 -0.028236
v -0.008919 -0.034896 -0.029519
v -0.007823 -0.036452 -0.029256
v -0.006692 -0.037941 -0.028975
v -0.005534 -0.039373 -0.028676
v -0.004248 -0.034838 -0.029735
v -0.003728 -0.036368 -0.029504
v -0.003190 -0.037862 -0.029240
v -0.002640 -0.039323 -0.028943
v -0.019046 -0.034149 -0.028391
v -0.020175 -0.035041 -0.027712
v -0.021388 -0.034169 -0.027776
v 0.000000 -0.040757 -0.028689
v -0.002772 -0.040757 -0.028555
v -0.005516 -0.040757 -0.028153
v -0.008209 -0.040757 -0.027490
v -0.010827 -0.040756 -0.026569
v -0.011290 -0.040578 -0.026608
v -0.011751 -0.040397 -0.026644
v -0.012672 -0.040026 -0.026709
v -0.013589 -0.039643 -0.026765
v -0.014501 -0.039248 -0.026813
v -0.015408 -0.038841 -0.026854
v -0.016308 -0.038420 -0.026888
v -0.017203 -0.037985 -0.026916
v -0.018090 -0.037535 -0.026938
v -0.018970 -0.037071 -0.026956
v -0.019841 -0.036591 -0.026969
v -0.020703 -0.036094 -0.026978
v -0.021556 -0.035581 -0.026985
v -0.022397 -0.035051 -0.026989
v -0.023228 -0.034503 -0.026991
v -0.024046 -0.033936 -0.026991
v -0.024850 -0.033351 -0.026992
v -0.023375 -0.033352 -0.027537
v -0.021881 -0.033352 -0.028006
v -0.020370 -0.033352 -0.028404
v -0.018842 -0.033352 -0.028739
v -0.017299 -0.033352 -0.029016
v -0.015743 -0.033352 -0.029244
v -0.014174 -0.033352 -0.029428
v -0.012595 -0.033352 -0.029575
v -0.011015 -0.033352 -0.029692
v -0.009440 -0.033352 -0.029783
v -0.007869 -0.033352 -0.029850
v -0.006299 -0.033352 -0.029898
v -0.004730 -0.033352 -0.029930
v -0.003158 -0.033352 -0.029949
v -0.001582 -0.033352 -0.029957
v 0.000000 -0.033352 -0.029959
v 0.000000 -0.035219 -0.029737
v 0.000000 -0.037076 -0.029451
v 0.000000 -0.038923 -0.029102
v -0.035000 -0.015253 -0.012297
v -0.035000 -0.014639 -0.012411
v -0.035000 -0.014108 -0.012740
v -0.035000 -0.013731 -0.013239
v -0.035000 -0.013560 -0.013840
v -0.035000 -0.013618 -0.014462
v -0.035000 -0.013897 -0.015021
v -0.035000 -0.014359 -0.015442
v -0.035000 -0.014941 -0.015668
v -0.035000 -0.015566 -0.015668
v -0.035000 -0.016149 -0.015442
v -0.035000 -0.016610 -0.015021
v -0.035000 -0.016888 -0.014461
v -0.035000 -0.016946 -0.013839
v -0.035000 -0.016775 -0.013238
v -0.035000 -0.016398 -0.012740
v -0.035000 -0.015867 -0.012411
v -0.035000 -0.015253 -0.010997
v -0.035000 -0.015876 -0.011062
v -0.035000 -0.016473 -0.011256
v -0.035000 -0.017016 -0.011569
v -0.035000 -0.017482 -0.011989
v -0.035000 -0.017851 -0.012496
v -0.035000 -0.018106 -0.013069
v -0.035000 -0.018237 -0.013682
v -0.035000 -0.018237 -0.014309
v -0.035000 -0.018107 -0.014923
v -0.035000 -0.017852 -0.015496
v -0.035000 -0.017483 -0.016003
v -0.035000 -0.017017 -0.016423
v -0.035000 -0.016474 -0.016737
v -0.035000 -0.015878 -0.016931
v -0.035000 -0.015254 -0.016997
v -0.035000 -0.014630 -0.016931
v -0.035000 -0.014034 -0.016737
v -0.035000 -0.013490 -0.016424
v -0.035000 -0.013024 -0.016004
v -0.035000 -0.012656 -0.015497
v -0.035000 -0.012400 -0.014924
v -0.035000 -0.012270 -0.014311
v -0.035000 -0.012270 -0.013684
v -0.035000 -0.012400 -0.013070
v -0.035000 -0.012655 -0.012497
v -0.035000 -0.013023 -0.011990
v -0.035000 -0.013489 -0.011570
v -0.035000 -0.014032 -0.011256
v -0.035000 -0.014629 -0.011062
v -0.035000 -0.016538 -0.011853
v -0.035000 -0.014824 -0.011854
v -0.035000 -0.017396 -0.012710
v -0.035000 -0.017396 -0.014425
v -0.035000 -0.013967 -0.011854
v -0.035000 -0.013110 -0.012711
v -0.035000 -0.013110 -0.014426
v -0.035000 -0.017396 -0.015282
v -0.035000 -0.016539 -0.016139
v -0.035000 -0.014825 -0.016139
v -0.035000 -0.013968 -0.016140
v -0.035000 -0.013111 -0.015283
v -0.035000 -0.015253 -0.010997
v -0.039760 -0.015253 -0.010997
v -0.039760 -0.014070 -0.011240
v -0.039760 -0.013111 -0.011897
v -0.039760 -0.012476 -0.012863
v -0.039760 -0.012253 -0.013997
v -0.039760 -0.012497 -0.015180
v -0.039760 -0.013153 -0.016139
v -0.039760 -0.014120 -0.016774
v -0.035000 -0.015254 -0.016997
v -0.039760 -0.015254 -0.016997
v -0.039760 -0.016437 -0.016753
v -0.039760 -0.017396 -0.016096
v -0.039760 -0.018031 -0.015130
v -0.039760 -0.018253 -0.013996
v -0.039760 -0.018010 -0.012813
v -0.039760 -0.017353 -0.011854
v -0.039760 -0.016387 -0.011219
v -0.035000 -0.015253 -0.010997
v -0.039760 -0.015253 -0.010997
v -0.043988 -0.015252 -0.010997
v -0.043684 -0.016048 -0.011104
v -0.043221 -0.017028 -0.011578
v -0.042781 -0.017742 -0.012321
v -0.042420 -0.018145 -0.013198
v -0.042159 -0.018251 -0.014112
v -0.042008 -0.018079 -0.015005
v -0.041980 -0.017625 -0.015833
v -0.042094 -0.016880 -0.016517
v -0.042362 -0.015885 -0.016929
v -0.042751 -0.014782 -0.016959
v -0.043194 -0.013758 -0.016597
v -0.043621 -0.012959 -0.015929
v -0.043987 -0.012455 -0.015077
v -0.044266 -0.012257 -0.014150
v -0.044446 -0.012353 -0.013229
v -0.044520 -0.012730 -0.012373
v -0.044470 -0.013386 -0.011649
v -0.044284 -0.014278 -0.011160
v -0.043988 -0.015252 -0.010997
v -0.042141 -0.015252 -0.010997
v -0.042141 -0.016387 -0.011219
v -0.039760 -0.015831 -0.011053
v -0.042141 -0.015831 -0.011053
v -0.042141 -0.017353 -0.011854
v -0.039760 -0.016901 -0.011489
v -0.042141 -0.016901 -0.011489
v -0.042141 -0.018010 -0.012813
v -0.039760 -0.017728 -0.012301
v -0.042141 -0.017728 -0.012301
v -0.039760 -0.018192 -0.013392
v -0.039760 -0.018197 -0.014574
v -0.039760 -0.017760 -0.015644
v -0.039760 -0.016948 -0.016472
v -0.039760 -0.015858 -0.016935
v -0.042140 -0.014120 -0.016774
v -0.042140 -0.013153 -0.016139
v -0.039760 -0.013606 -0.016504
v -0.042140 -0.013606 -0.016504
v -0.042140 -0.012497 -0.015180
v -0.039760 -0.012778 -0.015692
v -0.042140 -0.012778 -0.015692
v -0.042140 -0.012253 -0.013997
v -0.039760 -0.012315 -0.014601
v -0.042140 -0.012315 -0.014601
v -0.042140 -0.012476 -0.012863
v -0.039760 -0.012309 -0.013419
v -0.042140 -0.012309 -0.013419
v -0.042140 -0.013111 -0.011897
v -0.039760 -0.012746 -0.012349
v -0.042140 -0.012746 -0.012349
v -0.042141 -0.014070 -0.011240
v -0.039760 -0.013558 -0.011521
v -0.042141 -0.013558 -0.011521
v -0.042141 -0.015252 -0.010997
v -0.039760 -0.014649 -0.011058
v -0.042141 -0.014649 -0.011058
v -0.035000 -0.014629 -0.011062
v -0.035000 -0.014032 -0.011256
v -0.035000 -0.013489 -0.011570
v -0.035000 -0.013023 -0.011990
v -0.035000 -0.012655 -0.012497
v -0.035000 -0.012400 -0.013070
v -0.035000 -0.012270 -0.013684
v -0.035000 -0.012270 -0.014311
v -0.035000 -0.012400 -0.014924
v -0.035000 -0.012656 -0.015497
v -0.035000 -0.013024 -0.016004
v -0.035000 -0.013490 -0.016424
v -0.035000 -0.014034 -0.016737
v -0.035000 -0.014630 -0.016931
v -0.035000 -0.015878 -0.016931
v -0.035000 -0.016474 -0.016737
v -0.035000 -0.017017 -0.016423
v -0.035000 -0.017483 -0.016003
v -0.035000 -0.017852 -0.015496
v -0.035000 -0.018107 -0.014923
v -0.035000 -0.018237 -0.014309
v -0.035000 -0.018237 -0.013682
v -0.035000 -0.018106 -0.013069
v -0.035000 -0.017851 -0.012496
v -0.035000 -0.017482 -0.011989
v -0.035000 -0.017016 -0.011569
v -0.035000 -0.016473 -0.011256
v -0.035000 -0.015876 -0.011062
v -0.037380 -0.014070 -0.011240
v -0.037380 -0.015253 -0.010997
v -0.037380 -0.014649 -0.011058
v -0.037380 -0.013111 -0.011897
v -0.037380 -0.013558 -0.011521
v -0.037380 -0.012476 -0.012863
v -0.037380 -0.012746 -0.012349
v -0.037380 -0.012253 -0.013997
v -0.037380 -0.012309 -0.013419
v -0.037380 -0.012497 -0.015180
v -0.037380 -0.012315 -0.014601
v -0.037380 -0.013153 -0.016139
v -0.037380 -0.012778 -0.015692
v -0.037380 -0.014120 -0.016774
v -0.037380 -0.013606 -0.016504
v -0.037380 -0.015254 -0.016997
v -0.039760 -0.014676 -0.016940
v -0.037380 -0.014676 -0.016940
v -0.037380 -0.016437 -0.016753
v -0.037380 -0.015858 -0.016935
v -0.037380 -0.017396 -0.016096
v -0.037380 -0.016948 -0.016472
v -0.037380 -0.018031 -0.015130
v -0.037380 -0.017760 -0.015644
v -0.037380 -0.018253 -0.013996
v -0.037380 -0.018197 -0.014574
v -0.037380 -0.018010 -0.012813
v -0.037380 -0.018192 -0.013392
v -0.037380 -0.017353 -0.011854
v -0.037380 -0.017728 -0.012301
v -0.037380 -0.016387 -0.011219
v -0.037380 -0.016901 -0.011489
v -0.037380 -0.015253 -0.010997
v -0.037380 -0.015831 -0.011053
v -0.035000 0.023754 0.015694
v -0.035000 0.024368 0.015579
v -0.035000 0.024899 0.015250
v -0.035000 0.025275 0.014752
v -0.035000 0.025446 0.014151
v -0.035000 0.025388 0.013529
v -0.035000 0.025110 0.012969
v -0.035000 0.024648 0.012549
v -0.035000 0.024065 0.012323
v -0.035000 0.023441 0.012323
v -0.035000 0.022858 0.012549
v -0.035000 0.022397 0.012970
v -0.035000 0.022118 0.013529
v -0.035000 0.022061 0.014151
v -0.035000 0.022232 0.014752
v -0.035000 0.022608 0.015251
v -0.035000 0.023140 0.015579
v -0.035000 0.023754 0.016994
v -0.035000 0.023130 0.016929
v -0.035000 0.022534 0.016735
v -0.035000 0.021991 0.016422
v -0.035000 0.021525 0.016002
v -0.035000 0.021156 0.015495
v -0.035000 0.020901 0.014922
v -0.035000 0.020770 0.014308
v -0.035000 0.020770 0.013681
v -0.035000 0.020900 0.013068
v -0.035000 0.021155 0.012495
v -0.035000 0.021524 0.011987
v -0.035000 0.021990 0.011568
v -0.035000 0.022533 0.011254
v -0.035000 0.023129 0.011060
v -0.035000 0.023753 0.010994
v -0.035000 0.024376 0.011060
v -0.035000 0.024973 0.011253
v -0.035000 0.025516 0.011567
v -0.035000 0.025982 0.011986
v -0.035000 0.026351 0.012494
v -0.035000 0.026606 0.013066
v -0.035000 0.026737 0.013680
v -0.035000 0.026737 0.014307
v -0.035000 0.026607 0.014921
v -0.035000 0.026352 0.015494
v -0.035000 0.025983 0.016001
v -0.035000 0.025517 0.016421
v -0.035000 0.024974 0.016734
v -0.035000 0.024378 0.016928
v -0.035000 0.022468 0.016137
v -0.035000 0.024183 0.016137
v -0.035000 0.021611 0.015280
v -0.035000 0.021611 0.013566
v -0.035000 0.025040 0.016137
v -0.035000 0.025897 0.015279
v -0.035000 0.025896 0.013565
v -0.035000 0.021610 0.012709
v -0.035000 0.022467 0.011852
v -0.035000 0.024182 0.011851
v -0.035000 0.025039 0.011851
v -0.035000 0.025896 0.012708
v -0.035000 0.023754 0.016994
v -0.035000 0.023754 0.016994
v -0.038485 0.023754 0.016994
v -0.039185 0.022686 0.016799
v -0.039879 0.021757 0.016233
v -0.040505 0.021067 0.015326
v -0.040969 0.020758 0.014166
v -0.041165 0.020967 0.012912
v -0.041143 0.021261 0.012335
v -0.041039 0.021663 0.011842
v -0.040617 0.022685 0.011194
v -0.040011 0.023807 0.010995
v -0.039309 0.024873 0.011213
v -0.038584 0.025792 0.011794
v -0.037928 0.026454 0.012680
v -0.037431 0.026748 0.013817
v -0.037283 0.026713 0.014446
v -0.037225 0.026544 0.015066
v -0.037258 0.026254 0.015640
v -0.037382 0.025859 0.016131
v -0.037847 0.024863 0.016781
v -0.038485 0.023754 0.016994
v -0.038084 0.023754 0.016994
v -0.038084 0.022620 0.016772
v -0.038084 0.023176 0.016938
v -0.038084 0.021654 0.016137
v -0.038084 0.022106 0.016501
v -0.038084 0.020997 0.015178
v -0.038084 0.021278 0.015689
v -0.038084 0.020753 0.013995
v -0.038084 0.020815 0.014599
v -0.038084 0.020976 0.012860
v -0.038084 0.020810 0.013417
v -0.039625 0.020810 0.013417
v -0.039625 0.020976 0.012860
v -0.038084 0.020879 0.013135
v -0.039625 0.020879 0.013135
v -0.038084 0.021611 0.011894
v -0.038084 0.021246 0.012347
v -0.039625 0.021246 0.012347
v -0.039625 0.021611 0.011894
v -0.038084 0.021418 0.012112
v -0.039625 0.021418 0.012112
v -0.038084 0.022570 0.011237
v -0.038084 0.022058 0.011519
v -0.039625 0.022058 0.011519
v -0.038084 0.021825 0.011696
v -0.039625 0.021825 0.011696
v -0.038084 0.023753 0.010994
v -0.038084 0.023149 0.011056
v -0.038084 0.024887 0.011217
v -0.038084 0.024331 0.011050
v -0.038084 0.025401 0.011487
v -0.038084 0.023754 0.016994
v -0.035000 0.024378 0.016928
v -0.035000 0.024974 0.016734
v -0.035000 0.025517 0.016421
v -0.035000 0.025983 0.016001
v -0.035000 0.026352 0.015494
v -0.035000 0.026607 0.014921
v -0.035000 0.026737 0.014307
v -0.035000 0.026737 0.013680
v -0.035000 0.026606 0.013066
v -0.035000 0.026351 0.012494
v -0.035000 0.025982 0.011986
v -0.035000 0.025516 0.011567
v -0.035000 0.024973 0.011253
v -0.035000 0.024376 0.011060
v -0.035000 0.023753 0.010994
v -0.035000 0.023129 0.011060
v -0.035000 0.022533 0.011254
v -0.035000 0.021990 0.011568
v -0.035000 0.021524 0.011987
v -0.035000 0.021155 0.012495
v -0.035000 0.020900 0.013068
v -0.035000 0.020770 0.013681
v -0.035000 0.020770 0.014308
v -0.035000 0.020901 0.014922
v -0.035000 0.021156 0.015495
v -0.035000 0.021525 0.016002
v -0.035000 0.021991 0.016422
v -0.035000 0.022534 0.016735
v -0.035000 0.023130 0.016929
v -0.038084 0.024058 0.016979
v -0.036542 0.023754 0.016994
v -0.036542 0.024058 0.016979
v -0.036542 0.025853 0.011851
v -0.038084 0.026052 0.012066
v -0.036542 0.026052 0.012066
v -0.036542 0.025401 0.011487
v -0.038084 0.025636 0.011658
v -0.036542 0.025636 0.011658
v -0.036542 0.024887 0.011217
v -0.038084 0.025151 0.011339
v -0.036542 0.025151 0.011339
v -0.036542 0.024331 0.011050
v -0.038084 0.024613 0.011120
v -0.036542 0.024613 0.011120
v -0.036542 0.023149 0.011056
v -0.038084 0.023449 0.011010
v -0.036542 0.023753 0.010994
v -0.036542 0.023449 0.011010
v -0.036542 0.022570 0.011237
v -0.038084 0.022855 0.011132
v -0.036542 0.022855 0.011132
v -0.036542 0.022058 0.011519
v -0.038084 0.022307 0.011366
v -0.036542 0.022307 0.011366
v -0.036542 0.021611 0.011894
v -0.036542 0.021825 0.011696
v -0.036542 0.021246 0.012347
v -0.036542 0.021418 0.012112
v -0.036542 0.020976 0.012860
v -0.038084 0.021099 0.012597
v -0.036542 0.021099 0.012597
v -0.036542 0.020810 0.013417
v -0.036542 0.020879 0.013135
v -0.036542 0.020753 0.013995
v -0.038084 0.020767 0.013704
v -0.036542 0.020767 0.013704
v -0.036542 0.020815 0.014599
v -0.038084 0.020769 0.014298
v -0.036542 0.020769 0.014298
v -0.036542 0.020997 0.015178
v -0.038084 0.020891 0.014893
v -0.036542 0.020891 0.014893
v -0.036542 0.021278 0.015689
v -0.038084 0.021125 0.015440
v -0.036542 0.021125 0.015440
v -0.036542 0.021654 0.016137
v -0.038084 0.021455 0.015922
v -0.036542 0.021455 0.015922
v -0.036542 0.022106 0.016501
v -0.038084 0.021871 0.016330
v -0.036542 0.021871 0.016330
v -0.036542 0.022620 0.016772
v -0.038084 0.022356 0.016649
v -0.036542 0.022356 0.016649
v -0.036542 0.023176 0.016938
v -0.038084 0.022894 0.016868
v -0.036542 0.022894 0.016868
v -0.036542 0.023754 0.016994
v -0.038084 0.023464 0.016980
v -0.036542 0.023464 0.016980
v 0.000000 -0.033007 -0.029991
v 0.016500 -0.000007 -0.029999
v 0.000000 0.005993 -0.030001
v 0.000000 -0.012757 -0.029996
v 0.008250 -0.000007 -0.029999
v 0.016500 -0.016507 -0.029995
v 0.008250 -0.016507 -0.029995
v 0.000000 0.032993 -0.030007
v 0.003045 0.032852 -0.030007
v 0.006064 0.032431 -0.030007
v 0.009031 0.031733 -0.030007
v 0.011921 0.030764 -0.030006
v 0.014709 0.029533 -0.030006
v 0.017372 0.028050 -0.030006
v 0.019887 0.026327 -0.030005
v 0.022232 0.024380 -0.030005
v 0.024387 0.022225 -0.030004
v 0.026335 0.019880 -0.030004
v 0.028057 0.017365 -0.030003
v 0.029540 0.014702 -0.030002
v 0.030772 0.011914 -0.030002
v 0.031740 0.009024 -0.030001
v 0.032438 0.006056 -0.030000
v 0.032859 0.003038 -0.030000
v 0.033000 -0.000007 -0.029999
v 0.016500 0.016493 -0.030003
v 0.008250 0.016493 -0.030003
v 0.008250 0.024743 -0.030005
v 0.004125 0.016493 -0.030003
v 0.004125 0.024743 -0.030005
v 0.016500 0.024743 -0.030005
v 0.012375 0.016493 -0.030003
v 0.012375 0.024743 -0.030005
v 0.024750 -0.000007 -0.029999
v 0.024750 0.016493 -0.030003
v 0.020625 0.016493 -0.030003
v 0.024750 0.008243 -0.030001
v 0.028875 -0.000007 -0.029999
v 0.028875 0.008243 -0.030001
v 0.024750 -0.016507 -0.029995
v 0.024750 -0.008257 -0.029997
v 0.028875 -0.008257 -0.029997
v 0.032859 -0.003052 -0.029998
v 0.032438 -0.006071 -0.029997
v 0.031740 -0.009038 -0.029997
v 0.030772 -0.011928 -0.029996
v 0.029540 -0.014717 -0.029995
v 0.028057 -0.017380 -0.029995
v 0.026335 -0.019894 -0.029994
v 0.024387 -0.022239 -0.029994
v 0.022232 -0.024395 -0.029993
v 0.019887 -0.026342 -0.029993
v 0.017372 -0.028064 -0.029992
v 0.014709 -0.029548 -0.029992
v 0.011921 -0.030779 -0.029992
v 0.009031 -0.031747 -0.029991
v 0.006064 -0.032445 -0.029991
v 0.003045 -0.032866 -0.029991
v 0.016500 -0.024757 -0.029993
v 0.020625 -0.016507 -0.029995
v 0.008250 -0.024757 -0.029993
v 0.012375 -0.016507 -0.029995
v 0.012375 -0.024757 -0.029993
v 0.000000 -0.023257 -0.029994
v 0.001622 -0.023000 -0.029994
v 0.003086 -0.022255 -0.029994
v 0.004247 -0.021093 -0.029994
v 0.004993 -0.019630 -0.029994
v 0.005250 -0.018007 -0.029995
v 0.004993 -0.016385 -0.029995
v 0.004247 -0.014921 -0.029996
v 0.003086 -0.013760 -0.029996
v 0.001622 -0.013014 -0.029996
v 0.008250 -0.008257 -0.029997
v 0.004125 -0.008257 -0.029997
v 0.006187 -0.016507 -0.029995
v 0.008250 -0.020632 -0.029994
v 0.006187 -0.024757 -0.029993
v 0.006187 -0.020632 -0.029994
v 0.004125 -0.012382 -0.029996
v 0.006187 -0.008257 -0.029997
v 0.008250 -0.012382 -0.029996
v 0.006187 -0.012382 -0.029996
v 0.012375 -0.000007 -0.029999
v 0.016500 -0.008257 -0.029997
v 0.012375 -0.008257 -0.029997
v 0.002062 -0.008257 -0.029997
v 0.000000 -0.006007 -0.029998
v 0.001854 -0.005714 -0.029998
v 0.003527 -0.004861 -0.029998
v 0.004854 -0.003534 -0.029998
v 0.005706 -0.001861 -0.029999
v 0.006000 -0.000007 -0.029999
v 0.005706 0.001847 -0.030000
v 0.004854 0.003520 -0.030000
v 0.003527 0.004847 -0.030000
v 0.001854 0.005699 -0.030000
v 0.008250 0.008243 -0.030001
v 0.004125 0.008243 -0.030001
v 0.008250 -0.004132 -0.029998
v 0.006187 -0.004132 -0.029998
v 0.006188 0.008243 -0.030001
v 0.008250 0.004118 -0.030000
v 0.006188 0.004118 -0.030000
v 0.016500 0.008243 -0.030001
v 0.012375 0.008243 -0.030001
v 0.003349 0.042817 -0.023814
v 0.006742 0.042416 -0.023814
v 0.010037 0.041759 -0.023813
v 0.013285 0.040842 -0.023813
v 0.016462 0.039669 -0.023813
v 0.019425 0.038305 -0.023813
v 0.022368 0.036665 -0.023812
v 0.025256 0.034739 -0.023812
v 0.027922 0.032634 -0.023811
v 0.030653 0.030084 -0.023811
v 0.032935 0.027568 -0.023810
v 0.035011 0.024879 -0.023809
v 0.036868 0.022035 -0.023809
v 0.038495 0.019052 -0.023808
v 0.039881 0.015950 -0.023807
v 0.041017 0.012747 -0.023806
v 0.041897 0.009464 -0.023806
v 0.042515 0.006121 -0.023805
v 0.042866 0.002740 -0.023804
v 0.042949 -0.000660 -0.023803
v 0.042762 -0.004056 -0.023802
v 0.042308 -0.007427 -0.023802
v 0.041588 -0.010752 -0.023801
v 0.040607 -0.014010 -0.023800
v 0.039371 -0.017180 -0.023799
v 0.037888 -0.020242 -0.023799
v 0.036168 -0.023177 -0.023798
v 0.034221 -0.025967 -0.023797
v 0.032059 -0.028593 -0.023797
v 0.029632 -0.031102 -0.023796
v 0.003442 0.044010 -0.020543
v 0.006930 0.043597 -0.020543
v 0.010316 0.042922 -0.020543
v 0.013655 0.041980 -0.020543
v 0.016920 0.040774 -0.020542
v 0.019965 0.039372 -0.020542
v 0.022990 0.037686 -0.020542
v 0.025959 0.035707 -0.020541
v 0.028700 0.033544 -0.020541
v 0.031506 0.030923 -0.020540
v 0.033852 0.028336 -0.020539
v 0.035986 0.025573 -0.020539
v 0.037894 0.022649 -0.020538
v 0.039566 0.019583 -0.020537
v 0.040991 0.016394 -0.020536
v 0.042159 0.013103 -0.020536
v 0.043063 0.009728 -0.020535
v 0.043698 0.006293 -0.020534
v 0.044059 0.002817 -0.020533
v 0.044144 -0.000677 -0.020532
v 0.043953 -0.004168 -0.020532
v 0.043485 -0.007633 -0.020531
v 0.042745 -0.011050 -0.020530
v 0.041737 -0.014399 -0.020529
v 0.040467 -0.017657 -0.020528
v 0.038943 -0.020805 -0.020528
v 0.037174 -0.023822 -0.020527
v 0.035173 -0.026689 -0.020526
v 0.032952 -0.029388 -0.020526
v 0.030457 -0.031966 -0.020525
v 0.003521 0.045027 -0.017207
v 0.007090 0.044605 -0.017206
v 0.010554 0.043914 -0.017206
v 0.013970 0.042950 -0.017206
v 0.017311 0.041716 -0.017206
v 0.020426 0.040282 -0.017205
v 0.023521 0.038557 -0.017205
v 0.026558 0.036532 -0.017204
v 0.029362 0.034319 -0.017204
v 0.032234 0.031638 -0.017203
v 0.034633 0.028992 -0.017203
v 0.036816 0.026164 -0.017202
v 0.038769 0.023173 -0.017201
v 0.040480 0.020036 -0.017200
v 0.041937 0.016774 -0.017200
v 0.043132 0.013406 -0.017199
v 0.044057 0.009954 -0.017198
v 0.044707 0.006439 -0.017197
v 0.045076 0.002883 -0.017196
v 0.045164 -0.000692 -0.017195
v 0.044968 -0.004263 -0.017195
v 0.044490 -0.007808 -0.017194
v 0.043732 -0.011304 -0.017193
v 0.041401 -0.018064 -0.017191
v 0.039842 -0.021284 -0.017191
v 0.038033 -0.024371 -0.017190
v 0.035985 -0.027304 -0.017189
v 0.033713 -0.030066 -0.017188
v 0.031160 -0.032703 -0.017188
v 0.003587 0.045864 -0.013818
v 0.007221 0.045433 -0.013818
v 0.010750 0.044730 -0.013817
v 0.014230 0.043748 -0.013817
v 0.017632 0.042491 -0.013817
v 0.020805 0.041031 -0.013817
v 0.023958 0.039274 -0.013816
v 0.027051 0.037211 -0.013816
v 0.029907 0.034957 -0.013815
v 0.032832 0.032226 -0.013814
v 0.035276 0.029530 -0.013814
v 0.037500 0.026650 -0.013813
v 0.039489 0.023604 -0.013812
v 0.041231 0.020409 -0.013812
v 0.042715 0.017086 -0.013811
v 0.043933 0.013656 -0.013810
v 0.044875 0.010140 -0.013809
v 0.045536 0.006559 -0.013808
v 0.045913 0.002937 -0.013807
v 0.046002 -0.000704 -0.013806
v 0.045802 -0.004341 -0.013806
v 0.045315 -0.007952 -0.013805
v 0.044544 -0.011513 -0.013804
v 0.040581 -0.021678 -0.013801
v 0.038738 -0.024822 -0.013801
v 0.036653 -0.027810 -0.013800
v 0.034338 -0.030623 -0.013799
v 0.003638 0.046516 -0.010389
v 0.007324 0.046080 -0.010389
v 0.010903 0.045367 -0.010388
v 0.014432 0.044370 -0.010388
v 0.017882 0.043096 -0.010388
v 0.021101 0.041614 -0.010387
v 0.024298 0.039833 -0.010387
v 0.027435 0.037740 -0.010386
v 0.030332 0.035454 -0.010386
v 0.033298 0.032685 -0.010385
v 0.035777 0.029951 -0.010385
v 0.038032 0.027030 -0.010384
v 0.040050 0.023940 -0.010383
v 0.041817 0.020700 -0.010382
v 0.043322 0.017330 -0.010381
v 0.044557 0.013851 -0.010381
v 0.045513 0.010284 -0.010380
v 0.046184 0.006653 -0.010379
v 0.046565 0.002980 -0.010378
v 0.046655 -0.000713 -0.010377
v 0.046453 -0.004402 -0.010376
v 0.045959 -0.008064 -0.010375
v 0.045177 -0.011676 -0.010375
v 0.044111 -0.015215 -0.010374
v 0.042769 -0.018659 -0.010373
v 0.041158 -0.021985 -0.010372
v 0.039289 -0.025174 -0.010371
v 0.037174 -0.028204 -0.010371
v 0.034826 -0.031057 -0.010370
v 0.003674 0.046983 -0.006934
v 0.007397 0.046542 -0.006934
v 0.011012 0.045822 -0.006934
v 0.014576 0.044815 -0.006934
v 0.018061 0.043528 -0.006933
v 0.021312 0.042032 -0.006933
v 0.024541 0.040232 -0.006933
v 0.027710 0.038119 -0.006932
v 0.030636 0.035810 -0.006931
v 0.033632 0.033013 -0.006931
v 0.036135 0.030252 -0.006930
v 0.038413 0.027301 -0.006929
v 0.040451 0.024180 -0.006929
v 0.042235 0.020908 -0.006928
v 0.043756 0.017504 -0.006927
v 0.045003 0.013990 -0.006926
v 0.045968 0.010388 -0.006925
v 0.046646 0.006721 -0.006924
v 0.047031 0.003010 -0.006924
v 0.047122 -0.000719 -0.006923
v 0.046918 -0.004445 -0.006922
v 0.046419 -0.008144 -0.006921
v 0.045629 -0.011792 -0.006920
v 0.044553 -0.015366 -0.006919
v 0.043197 -0.018845 -0.006918
v 0.041570 -0.022205 -0.006918
v 0.039682 -0.025425 -0.006917
v 0.037546 -0.028486 -0.006916
v 0.035175 -0.031367 -0.006915
v 0.003696 0.047262 -0.003470
v 0.007441 0.046819 -0.003470
v 0.011077 0.046094 -0.003469
v 0.014663 0.045082 -0.003469
v 0.018168 0.043787 -0.003469
v 0.021439 0.042282 -0.003469
v 0.024687 0.040472 -0.003468
v 0.027874 0.038346 -0.003468
v 0.030817 0.036023 -0.003467
v 0.033831 0.033209 -0.003466
v 0.036350 0.030432 -0.003466
v 0.038641 0.027464 -0.003465
v 0.040691 0.024325 -0.003464
v 0.042486 0.021033 -0.003463
v 0.044015 0.017609 -0.003463
v 0.045270 0.014074 -0.003462
v 0.046241 0.010451 -0.003461
v 0.046922 0.006761 -0.003460
v 0.047310 0.003029 -0.003459
v 0.047402 -0.000723 -0.003458
v 0.047196 -0.004471 -0.003457
v 0.046694 -0.008192 -0.003456
v 0.045900 -0.011861 -0.003455
v 0.044817 -0.015457 -0.003455
v 0.043453 -0.018956 -0.003454
v 0.041816 -0.022335 -0.003453
v 0.039917 -0.025575 -0.003452
v 0.037768 -0.028654 -0.003451
v 0.035383 -0.031552 -0.003451
v 0.000000 0.041580 -0.027010
v 0.000000 0.042282 -0.025429
v 0.000000 0.042944 -0.023825
v 0.000000 0.043563 -0.022201
v 0.000000 0.044139 -0.020558
v 0.000000 0.044672 -0.018898
v 0.000000 0.045160 -0.017222
v 0.000000 0.045604 -0.015532
v 0.000000 0.046001 -0.013830
v 0.000000 0.046352 -0.012118
v 0.000000 0.046657 -0.010398
v 0.000000 0.046915 -0.008672
v 0.000000 0.047125 -0.006941
v 0.000000 0.047289 -0.005207
v 0.000000 0.047406 -0.003473
v 0.000000 0.047476 -0.001740
v 0.000000 0.047500 -0.000010
v 0.041586 -0.000007 -0.026999
v 0.041497 0.002713 -0.027000
v 0.041230 0.005422 -0.027001
v 0.040787 0.008106 -0.027001
v 0.040169 0.010757 -0.027002
v 0.039379 0.013361 -0.027003
v 0.038421 0.015908 -0.027003
v 0.037298 0.018387 -0.027004
v 0.036015 0.020787 -0.027004
v 0.034578 0.023098 -0.027005
v 0.032993 0.025310 -0.027005
v 0.031266 0.027413 -0.027006
v 0.029406 0.029399 -0.027006
v 0.027420 0.031260 -0.027007
v 0.025316 0.032986 -0.027007
v 0.023104 0.034571 -0.027008
v 0.020793 0.036008 -0.027008
v 0.018393 0.037291 -0.027008
v 0.015914 0.038414 -0.027009
v 0.013368 0.039373 -0.027009
v 0.010763 0.040163 -0.027009
v 0.008113 0.040781 -0.027009
v 0.005428 0.041224 -0.027009
v 0.002720 0.041491 -0.027009
v 0.024850 -0.033352 -0.026991
v 0.027009 -0.031628 -0.026992
v 0.029050 -0.029764 -0.026992
v 0.030962 -0.027770 -0.026993
v 0.032737 -0.025652 -0.026993
v 0.034368 -0.023422 -0.026994
v 0.035847 -0.021088 -0.026994
v 0.037167 -0.018661 -0.026995
v 0.038324 -0.016152 -0.026996
v 0.039312 -0.013571 -0.026996
v 0.040126 -0.010931 -0.026997
v 0.040763 -0.008242 -0.026997
v 0.041219 -0.005517 -0.026998
v 0.041494 -0.002768 -0.026999
v 0.001653 0.047471 -0.000010
v 0.003321 0.047384 -0.000010
v 0.005000 0.047236 -0.000010
v 0.006687 0.047027 -0.000010
v 0.008379 0.046755 -0.000010
v 0.010074 0.046419 -0.000010
v 0.011766 0.046020 -0.000010
v 0.013453 0.045555 -0.000010
v 0.015131 0.045025 -0.000010
v 0.016797 0.044431 -0.000010
v 0.018446 0.043772 -0.000009
v 0.020075 0.043049 -0.000009
v 0.021681 0.042263 -0.000009
v 0.023259 0.041416 -0.000009
v 0.024806 0.040508 -0.000009
v 0.026318 0.039542 -0.000008
v 0.027794 0.038520 -0.000008
v 0.029228 0.037443 -0.000008
v 0.030619 0.036314 -0.000008
v 0.031964 0.035137 -0.000007
v 0.033259 0.033913 -0.000007
v 0.034504 0.032646 -0.000007
v 0.035695 0.031339 -0.000006
v 0.036831 0.029995 -0.000006
v 0.037911 0.028618 -0.000006
v 0.038933 0.027211 -0.000005
v 0.039897 0.025778 -0.000005
v 0.040801 0.024321 -0.000005
v 0.041645 0.022845 -0.000004
v 0.042430 0.021353 -0.000004
v 0.043154 0.019849 -0.000004
v 0.043818 0.018335 -0.000003
v 0.044430 0.016799 -0.000003
v 0.044993 0.015227 -0.000003
v 0.045505 0.013621 -0.000002
v 0.045963 0.011984 -0.000002
v 0.046366 0.010318 -0.000001
v 0.046710 0.008625 -0.000001
v 0.046995 0.006909 -0.000001
v 0.047217 0.005174 -0.000000
v 0.047376 0.003421 -0.000000
v 0.047471 0.001655 0.000001
v 0.047500 -0.000120 0.000001
v 0.047462 -0.001902 0.000002
v 0.047357 -0.003687 0.000002
v 0.047184 -0.005469 0.000002
v 0.046944 -0.007247 0.000003
v 0.046636 -0.009015 0.000003
v 0.046263 -0.010771 0.000004
v 0.045823 -0.012510 0.000004
v 0.045319 -0.014229 0.000005
v 0.044751 -0.015923 0.000005
v 0.044122 -0.017591 0.000005
v 0.043434 -0.019228 0.000006
v 0.042688 -0.020832 0.000006
v 0.041887 -0.022399 0.000006
v 0.041034 -0.023926 0.000007
v 0.040130 -0.025412 0.000007
v 0.039180 -0.026855 0.000008
v 0.038185 -0.028251 0.000008
v 0.037150 -0.029599 0.000008
v 0.036076 -0.030899 0.000008
v 0.034968 -0.032148 0.000009
v 0.033828 -0.033345 0.000009
v 0.033819 -0.033345 -0.000908
v 0.033792 -0.033345 -0.001823
v 0.033746 -0.033346 -0.002734
v 0.033683 -0.033346 -0.003641
v 0.033603 -0.033346 -0.004540
v 0.033506 -0.033346 -0.005430
v 0.033390 -0.033347 -0.006323
v 0.033254 -0.033347 -0.007231
v 0.033099 -0.033347 -0.008144
v 0.032927 -0.033347 -0.009047
v 0.032737 -0.033347 -0.009939
v 0.032532 -0.033348 -0.010821
v 0.032311 -0.033348 -0.011692
v 0.032074 -0.033348 -0.012552
v 0.031828 -0.033348 -0.013382
v 0.031556 -0.033348 -0.014237
v 0.031251 -0.033349 -0.015133
v 0.030931 -0.033349 -0.016012
v 0.030596 -0.033349 -0.016873
v 0.030248 -0.033349 -0.017717
v 0.029887 -0.033349 -0.018544
v 0.029513 -0.033350 -0.019353
v 0.029128 -0.033350 -0.020145
v 0.028731 -0.033350 -0.020920
v 0.028280 -0.033350 -0.021757
v 0.027818 -0.033350 -0.022571
v 0.027345 -0.033351 -0.023363
v 0.026862 -0.033351 -0.024133
v 0.026371 -0.033351 -0.024880
v 0.025871 -0.033351 -0.025606
v 0.025364 -0.033351 -0.026310
v 0.034056 -0.032980 -0.003450
v 0.033855 -0.032787 -0.006915
v 0.035296 -0.031475 -0.005183
v 0.033972 -0.032900 -0.005183
v 0.033520 -0.032463 -0.010370
v 0.035018 -0.031227 -0.008645
v 0.033704 -0.032641 -0.008645
v 0.033050 -0.032009 -0.013799
v 0.034599 -0.030855 -0.012089
v 0.033301 -0.032252 -0.012088
v 0.030824 -0.032351 -0.018864
v 0.028392 -0.032238 -0.023796
v 0.030060 -0.031549 -0.022170
v 0.028801 -0.032702 -0.022170
v 0.042574 -0.015254 -0.016996
v 0.042407 -0.015744 -0.016956
v 0.042154 -0.016624 -0.016665
v 0.042007 -0.017362 -0.016130
v 0.041980 -0.017919 -0.015373
v 0.042096 -0.018225 -0.014411
v 0.042376 -0.018178 -0.013328
v 0.042788 -0.017733 -0.012307
v 0.043252 -0.016969 -0.011535
v 0.043689 -0.016036 -0.011100
v 0.044050 -0.015068 -0.011002
v 0.044314 -0.014157 -0.011204
v 0.044474 -0.013360 -0.011669
v 0.044519 -0.012730 -0.012374
v 0.044437 -0.012338 -0.013291
v 0.044215 -0.012274 -0.014346
v 0.043865 -0.012599 -0.015394
v 0.043436 -0.013280 -0.016256
v 0.042993 -0.014195 -0.016803
v 0.042080 -0.016422 -0.017192
v 0.040955 -0.017869 -0.018868
v 0.041130 -0.016052 -0.020529
v 0.042240 -0.014572 -0.018868
v 0.041625 -0.016245 -0.018868
v 0.044160 -0.011415 -0.015504
v 0.043469 -0.016962 -0.010373
v 0.044676 -0.013467 -0.010374
v 0.044883 -0.011600 -0.012093
v 0.039454 -0.004216 -0.028114
v 0.037349 -0.003992 -0.029019
v 0.035113 -0.003753 -0.029656
v 0.038840 -0.008121 -0.028113
v 0.036767 -0.007688 -0.029019
v 0.034566 -0.007229 -0.029656
v 0.037839 -0.011945 -0.028112
v 0.035821 -0.011308 -0.029018
v 0.033676 -0.010632 -0.029655
v 0.036464 -0.015651 -0.028111
v 0.034518 -0.014817 -0.029017
v 0.032452 -0.013930 -0.029654
v 0.034736 -0.019184 -0.028110
v 0.032883 -0.018161 -0.029016
v 0.030914 -0.017075 -0.029653
v 0.032716 -0.022456 -0.028109
v 0.030971 -0.021259 -0.029015
v 0.029117 -0.019987 -0.029653
v 0.030390 -0.025518 -0.028109
v 0.028769 -0.024157 -0.029015
v 0.027046 -0.022711 -0.029652
v 0.027778 -0.028339 -0.028108
v 0.026296 -0.026828 -0.029014
v 0.024722 -0.025222 -0.029651
v 0.024905 -0.030895 -0.028107
v 0.023577 -0.029247 -0.029013
v 0.022165 -0.027496 -0.029651
v 0.020636 -0.031392 -0.029013
v 0.019400 -0.029513 -0.029650
v 0.000000 -0.033007 -0.029991
v 0.000000 -0.033352 -0.029959
v 0.041586 -0.000007 -0.026999
v 0.041494 -0.002768 -0.026999
v 0.041219 -0.005517 -0.026998
v 0.040763 -0.008242 -0.026997
v 0.040126 -0.010931 -0.026997
v 0.039312 -0.013571 -0.026996
v 0.038324 -0.016152 -0.026996
v 0.037167 -0.018661 -0.026995
v 0.035847 -0.021088 -0.026994
v 0.034368 -0.023422 -0.026994
v 0.032737 -0.025652 -0.026993
v 0.030962 -0.027770 -0.026993
v 0.029050 -0.029764 -0.026992
v 0.027009 -0.031628 -0.026992
v 0.024850 -0.033352 -0.026991
v 0.003045 -0.032866 -0.029991
v 0.006064 -0.032445 -0.029991
v 0.009031 -0.031747 -0.029991
v 0.011921 -0.030779 -0.029992
v 0.014709 -0.029548 -0.029992
v 0.017372 -0.028064 -0.029992
v 0.019887 -0.026342 -0.029993
v 0.022232 -0.024395 -0.029993
v 0.024387 -0.022239 -0.029994
v 0.026335 -0.019894 -0.029994
v 0.028057 -0.017380 -0.029995
v 0.029540 -0.014717 -0.029995
v 0.030772 -0.011928 -0.029996
v 0.031740 -0.009038 -0.029997
v 0.032438 -0.006071 -0.029997
v 0.032859 -0.003052 -0.029998
v 0.033000 -0.000007 -0.029999
v 0.035273 -0.000007 -0.029666
v 0.037485 -0.000007 -0.029047
v 0.039601 -0.000007 -0.028154
v 0.023374 -0.033352 -0.027537
v 0.021879 -0.033352 -0.028006
v 0.020366 -0.033352 -0.028404
v 0.018837 -0.033352 -0.028739
v 0.017293 -0.033352 -0.029017
v 0.015737 -0.033352 -0.029244
v 0.014169 -0.033352 -0.029428
v 0.012592 -0.033352 -0.029575
v 0.011014 -0.033352 -0.029692
v 0.009441 -0.033352 -0.029782
v 0.007871 -0.033352 -0.029850
v 0.006301 -0.033352 -0.029898
v 0.004731 -0.033352 -0.029930
v 0.003159 -0.033352 -0.029948
v 0.001582 -0.033352 -0.029957
v 0.013352 -0.032698 -0.029650
v 0.000000 0.032993 -0.030007
v 0.004209 0.039448 -0.028124
v 0.003985 0.037342 -0.029030
v 0.003746 0.035106 -0.029666
v 0.008114 0.038833 -0.028124
v 0.007681 0.036760 -0.029029
v 0.007221 0.034559 -0.029666
v 0.011938 0.037833 -0.028124
v 0.011302 0.035814 -0.029029
v 0.010625 0.033669 -0.029665
v 0.015644 0.036457 -0.028124
v 0.014810 0.034511 -0.029029
v 0.013923 0.032445 -0.029665
v 0.019178 0.034729 -0.028123
v 0.018154 0.032876 -0.029028
v 0.017067 0.030907 -0.029665
v 0.022450 0.032710 -0.028123
v 0.021252 0.030964 -0.029028
v 0.019979 0.029110 -0.029664
v 0.025511 0.030383 -0.028122
v 0.024150 0.028762 -0.029027
v 0.022704 0.027039 -0.029664
v 0.028332 0.027771 -0.028122
v 0.026821 0.026289 -0.029027
v 0.025215 0.024715 -0.029663
v 0.030888 0.024899 -0.028121
v 0.029240 0.023570 -0.029026
v 0.027489 0.022158 -0.029663
v 0.033154 0.021792 -0.028120
v 0.031385 0.020629 -0.029025
v 0.029506 0.019393 -0.029662
v 0.035108 0.018481 -0.028119
v 0.033235 0.017494 -0.029025
v 0.031245 0.016446 -0.029661
v 0.036732 0.014996 -0.028118
v 0.034773 0.014195 -0.029024
v 0.032691 0.013345 -0.029660
v 0.038012 0.011370 -0.028118
v 0.035984 0.010763 -0.029023
v 0.033829 0.010118 -0.029660
v 0.038935 0.007638 -0.028117
v 0.036857 0.007230 -0.029022
v 0.034651 0.006796 -0.029659
v 0.039514 0.003599 -0.028116
v 0.037406 0.003407 -0.029021
v 0.035166 0.003202 -0.029658
v 0.041586 -0.000007 -0.026999
v 0.000000 0.035265 -0.029674
v 0.000000 0.037478 -0.029057
v 0.000000 0.039594 -0.028163
v 0.033000 -0.000007 -0.029999
v 0.032859 0.003038 -0.030000
v 0.032438 0.006056 -0.030000
v 0.031740 0.009024 -0.030001
v 0.030772 0.011914 -0.030002
v 0.029540 0.014702 -0.030002
v 0.028057 0.017365 -0.030003
v 0.026335 0.019880 -0.030004
v 0.024387 0.022225 -0.030004
v 0.022232 0.024380 -0.030005
v 0.019887 0.026327 -0.030005
v 0.017372 0.028050 -0.030006
v 0.014709 0.029533 -0.030006
v 0.011921 0.030764 -0.030006
v 0.009031 0.031733 -0.030007
v 0.006064 0.032431 -0.030007
v 0.003045 0.032852 -0.030007
v 0.000000 0.041580 -0.027010
v 0.002720 0.041491 -0.027009
v 0.005428 0.041224 -0.027009
v 0.008113 0.040781 -0.027009
v 0.010763 0.040163 -0.027009
v 0.013368 0.039373 -0.027009
v 0.015914 0.038414 -0.027009
v 0.018393 0.037291 -0.027008
v 0.020793 0.036008 -0.027008
v 0.023104 0.034571 -0.027008
v 0.025316 0.032986 -0.027007
v 0.027420 0.031260 -0.027007
v 0.029406 0.029399 -0.027006
v 0.031266 0.027413 -0.027006
v 0.032993 0.025310 -0.027005
v 0.034578 0.023098 -0.027005
v 0.036015 0.020787 -0.027004
v 0.037298 0.018387 -0.027004
v 0.038421 0.015908 -0.027003
v 0.039379 0.013361 -0.027003
v 0.040169 0.010757 -0.027002
v 0.040787 0.008106 -0.027001
v 0.041230 0.005422 -0.027001
v 0.041497 0.002713 -0.027000
v 0.039601 -0.000007 -0.028154
v 0.037485 -0.000007 -0.029047
v 0.035273 -0.000007 -0.029666
v 0.000000 -0.017993 0.030005
v 0.000000 0.033007 0.029993
v 0.000000 0.018007 0.029997
v 0.000000 -0.032993 0.030009
v 0.003044 -0.032852 0.030009
v 0.006063 -0.032431 0.030009
v 0.009030 -0.031733 0.030009
v 0.011921 -0.030764 0.030008
v 0.014709 -0.029533 0.030008
v 0.017372 -0.028050 0.030008
v 0.019887 -0.026327 0.030007
v 0.022232 -0.024380 0.030007
v 0.024387 -0.022225 0.030006
v 0.026334 -0.019880 0.030006
v 0.028057 -0.017365 0.030005
v 0.029540 -0.014702 0.030005
v 0.030771 -0.011914 0.030004
v 0.031740 -0.009024 0.030003
v 0.032438 -0.006057 0.030003
v 0.032859 -0.003038 0.030002
v 0.033000 0.000007 0.030001
v 0.016500 -0.016493 0.030005
v 0.012375 -0.016493 0.030005
v 0.016500 -0.024743 0.030007
v 0.012375 -0.024743 0.030007
v 0.024750 0.000007 0.030001
v 0.024750 -0.016493 0.030005
v 0.020625 -0.016493 0.030005
v 0.028875 0.000007 0.030001
v 0.024750 -0.008243 0.030003
v 0.028875 -0.008243 0.030003
v 0.016500 0.016507 0.029997
v 0.024750 0.016507 0.029997
v 0.032859 0.003052 0.030000
v 0.032438 0.006071 0.030000
v 0.031740 0.009038 0.029999
v 0.030771 0.011928 0.029998
v 0.029540 0.014716 0.029998
v 0.028057 0.017379 0.029997
v 0.026334 0.019894 0.029996
v 0.024387 0.022239 0.029996
v 0.022232 0.024394 0.029995
v 0.019887 0.026342 0.029995
v 0.017372 0.028064 0.029994
v 0.014709 0.029548 0.029994
v 0.011921 0.030779 0.029994
v 0.009031 0.031747 0.029993
v 0.006064 0.032445 0.029993
v 0.003045 0.032866 0.029993
v 0.024750 0.008257 0.029999
v 0.028875 0.008257 0.029999
v 0.016500 0.024757 0.029995
v 0.020625 0.016507 0.029997
v 0.012375 0.016507 0.029997
v 0.012375 0.024757 0.029995
v 0.003307 0.017701 0.029997
v 0.006502 0.016792 0.029997
v 0.009476 0.015311 0.029997
v 0.012126 0.013309 0.029998
v 0.014364 0.010855 0.029998
v 0.016113 0.008030 0.029999
v 0.017313 0.004933 0.030000
v 0.017923 0.001668 0.030001
v 0.017923 -0.001654 0.030001
v 0.017313 -0.004919 0.030002
v 0.016113 -0.008016 0.030003
v 0.014364 -0.010840 0.030004
v 0.012126 -0.013295 0.030004
v 0.009475 -0.015297 0.030005
v 0.006502 -0.016777 0.030005
v 0.003307 -0.017686 0.030005
v 0.020625 0.000007 0.030001
v 0.020625 0.008257 0.029999
v 0.020625 -0.008243 0.030003
v 0.029841 -0.030890 0.023813
v 0.032164 -0.028463 0.023812
v 0.034300 -0.025850 0.023812
v 0.036231 -0.023067 0.023811
v 0.037877 -0.020251 0.023810
v 0.039348 -0.017220 0.023810
v 0.040611 -0.013987 0.023809
v 0.041589 -0.010734 0.023808
v 0.042365 -0.007079 0.023807
v 0.042793 -0.003709 0.023806
v 0.042952 -0.000316 0.023806
v 0.042843 0.003079 0.023805
v 0.042467 0.006456 0.023804
v 0.041824 0.009792 0.023803
v 0.040919 0.013068 0.023802
v 0.039758 0.016262 0.023802
v 0.038348 0.019355 0.023801
v 0.036698 0.022328 0.023800
v 0.034817 0.025161 0.023800
v 0.032718 0.027837 0.023799
v 0.030413 0.030338 0.023798
v 0.027917 0.032650 0.023798
v 0.025246 0.034757 0.023797
v 0.022416 0.036646 0.023797
v 0.019445 0.038306 0.023796
v 0.016353 0.039725 0.023796
v 0.013159 0.040894 0.023796
v 0.009882 0.041807 0.023795
v 0.006456 0.042472 0.023795
v 0.003154 0.042844 0.023795
v 0.030672 -0.031751 0.020542
v 0.033060 -0.029256 0.020542
v 0.035255 -0.026570 0.020541
v 0.037239 -0.023710 0.020540
v 0.038931 -0.020816 0.020540
v 0.040443 -0.017701 0.020539
v 0.041741 -0.014377 0.020538
v 0.042747 -0.011034 0.020537
v 0.043544 -0.007277 0.020537
v 0.043984 -0.003813 0.020536
v 0.044148 -0.000326 0.020535
v 0.044036 0.003164 0.020534
v 0.043649 0.006635 0.020533
v 0.042988 0.010064 0.020532
v 0.042058 0.013431 0.020532
v 0.040865 0.016714 0.020531
v 0.039416 0.019893 0.020530
v 0.037719 0.022948 0.020529
v 0.035786 0.025860 0.020529
v 0.033628 0.028611 0.020528
v 0.031259 0.031182 0.020527
v 0.028694 0.033558 0.020527
v 0.025948 0.035724 0.020526
v 0.023040 0.037666 0.020526
v 0.019987 0.039371 0.020525
v 0.016808 0.040829 0.020525
v 0.013525 0.042032 0.020525
v 0.010158 0.042970 0.020524
v 0.006636 0.043653 0.020524
v 0.003242 0.044035 0.020524
v 0.031380 -0.032485 0.017206
v 0.033823 -0.029933 0.017205
v 0.036069 -0.027184 0.017204
v 0.038099 -0.024259 0.017204
v 0.039830 -0.021298 0.017203
v 0.041377 -0.018110 0.017202
v 0.042705 -0.014710 0.017201
v 0.043734 -0.011289 0.017201
v 0.044550 -0.007446 0.017200
v 0.044999 -0.003902 0.017199
v 0.045167 -0.000334 0.017198
v 0.045053 0.003236 0.017197
v 0.044656 0.006787 0.017196
v 0.043981 0.010295 0.017195
v 0.043029 0.013740 0.017195
v 0.041809 0.017099 0.017194
v 0.040326 0.020352 0.017193
v 0.036613 0.026457 0.017191
v 0.034405 0.029270 0.017191
v 0.031981 0.031901 0.017190
v 0.029357 0.034332 0.017190
v 0.026548 0.036548 0.017189
v 0.023572 0.038534 0.017189
v 0.020448 0.040279 0.017188
v 0.017197 0.041771 0.017188
v 0.013837 0.043001 0.017187
v 0.010392 0.043961 0.017187
v 0.006789 0.044660 0.017187
v 0.003317 0.045051 0.017187
v 0.034451 -0.030489 0.013816
v 0.036739 -0.027690 0.013815
v 0.038806 -0.024710 0.013815
v 0.040569 -0.021694 0.013814
v 0.042145 -0.018447 0.013813
v 0.043497 -0.014984 0.013812
v 0.044546 -0.011500 0.013812
v 0.045377 -0.007585 0.013811
v 0.045834 -0.003976 0.013810
v 0.046005 -0.000341 0.013809
v 0.045889 0.003296 0.013808
v 0.045485 0.006912 0.013807
v 0.044797 0.010486 0.013806
v 0.043828 0.013994 0.013806
v 0.042585 0.017415 0.013805
v 0.035043 0.029813 0.013802
v 0.032575 0.032492 0.013801
v 0.029901 0.034968 0.013800
v 0.027040 0.037225 0.013800
v 0.024009 0.039248 0.013799
v 0.020828 0.041026 0.013799
v 0.017516 0.042545 0.013799
v 0.014094 0.043798 0.013798
v 0.010585 0.044776 0.013798
v 0.006915 0.045488 0.013798
v 0.003379 0.045886 0.013798
v 0.034940 -0.030923 0.010387
v 0.037261 -0.028084 0.010386
v 0.039357 -0.025062 0.010386
v 0.041146 -0.022003 0.010385
v 0.042744 -0.018710 0.010384
v 0.044115 -0.015198 0.010383
v 0.045179 -0.011664 0.010382
v 0.046021 -0.007694 0.010381
v 0.046486 -0.004033 0.010381
v 0.046659 -0.000347 0.010380
v 0.046541 0.003341 0.010379
v 0.046132 0.007009 0.010378
v 0.045433 0.010634 0.010377
v 0.044451 0.014192 0.010376
v 0.043190 0.017662 0.010375
v 0.041658 0.021022 0.010375
v 0.039865 0.024251 0.010374
v 0.037822 0.027329 0.010373
v 0.035541 0.030235 0.010372
v 0.033038 0.032953 0.010372
v 0.030326 0.035464 0.010371
v 0.027425 0.037753 0.010370
v 0.024351 0.039805 0.010370
v 0.021124 0.041608 0.010370
v 0.017765 0.043149 0.010369
v 0.014294 0.044420 0.010369
v 0.010735 0.045411 0.010369
v 0.007013 0.046133 0.010368
v 0.003427 0.046537 0.010368
v 0.035290 -0.031233 0.006933
v 0.037634 -0.028366 0.006932
v 0.039751 -0.025313 0.006931
v 0.041558 -0.022224 0.006930
v 0.043172 -0.018898 0.006930
v 0.044557 -0.015351 0.006929
v 0.045631 -0.011782 0.006928
v 0.046482 -0.007772 0.006927
v 0.046951 -0.004074 0.006926
v 0.047126 -0.000351 0.006925
v 0.047007 0.003374 0.006924
v 0.046593 0.007079 0.006923
v 0.045888 0.010739 0.006923
v 0.044896 0.014333 0.006922
v 0.043622 0.017838 0.006921
v 0.042075 0.021232 0.006920
v 0.040264 0.024493 0.006919
v 0.038200 0.027601 0.006918
v 0.035897 0.030537 0.006918
v 0.033368 0.033282 0.006917
v 0.030630 0.035818 0.006916
v 0.027699 0.038130 0.006916
v 0.024594 0.040203 0.006915
v 0.021335 0.042024 0.006915
v 0.017942 0.043580 0.006915
v 0.014437 0.044864 0.006914
v 0.010843 0.045865 0.006914
v 0.007083 0.046594 0.006914
v 0.003461 0.047002 0.006914
v 0.035499 -0.031420 0.003468
v 0.037857 -0.028535 0.003467
v 0.039987 -0.025464 0.003467
v 0.041804 -0.022357 0.003466
v 0.043428 -0.019011 0.003465
v 0.044821 -0.015442 0.003464
v 0.045901 -0.011852 0.003463
v 0.046758 -0.007819 0.003462
v 0.047229 -0.004099 0.003462
v 0.047406 -0.000354 0.003461
v 0.047286 0.003393 0.003460
v 0.046870 0.007120 0.003459
v 0.046160 0.010802 0.003458
v 0.045162 0.014417 0.003457
v 0.043881 0.017943 0.003456
v 0.042324 0.021357 0.003455
v 0.040503 0.024637 0.003455
v 0.038427 0.027764 0.003454
v 0.036110 0.030717 0.003453
v 0.033566 0.033478 0.003452
v 0.030812 0.036030 0.003452
v 0.027863 0.038355 0.003451
v 0.024740 0.040441 0.003451
v 0.021462 0.042272 0.003450
v 0.018049 0.043838 0.003450
v 0.014523 0.045129 0.003450
v 0.010907 0.046136 0.003449
v 0.007125 0.046870 0.003449
v 0.003482 0.047280 0.003449
v 0.000000 0.047500 -0.000010
v 0.000000 0.047477 0.001719
v 0.000000 0.047408 0.003452
v 0.000000 0.047292 0.005186
v 0.000000 0.047129 0.006920
v 0.000000 0.046919 0.008651
v 0.000000 0.046662 0.010378
v 0.000000 0.046358 0.012098
v 0.000000 0.046008 0.013810
v 0.000000 0.045611 0.015512
v 0.000000 0.045169 0.017202
v 0.000000 0.044681 0.018878
v 0.000000 0.044149 0.020539
v 0.000000 0.043574 0.022182
v 0.000000 0.042955 0.023807
v 0.000000 0.042294 0.025410
v 0.033828 -0.033345 0.000009
v 0.034968 -0.032148 0.000009
v 0.036076 -0.030899 0.000008
v 0.037150 -0.029599 0.000008
v 0.038185 -0.028251 0.000008
v 0.039180 -0.026855 0.000008
v 0.040130 -0.025412 0.000007
v 0.041034 -0.023926 0.000007
v 0.041887 -0.022399 0.000006
v 0.042688 -0.020832 0.000006
v 0.043434 -0.019228 0.000006
v 0.044122 -0.017591 0.000005
v 0.044751 -0.015923 0.000005
v 0.045319 -0.014229 0.000005
v 0.045823 -0.012510 0.000004
v 0.046263 -0.010771 0.000004
v 0.046636 -0.009015 0.000003
v 0.046944 -0.007247 0.000003
v 0.047184 -0.005469 0.000002
v 0.047357 -0.003687 0.000002
v 0.047462 -0.001902 0.000002
v 0.047500 -0.000120 0.000001
v 0.047471 0.001655 0.000001
v 0.047376 0.003421 -0.000000
v 0.047217 0.005174 -0.000000
v 0.046995 0.006909 -0.000001
v 0.046710 0.008625 -0.000001
v 0.046366 0.010318 -0.000001
v 0.045963 0.011984 -0.000002
v 0.045505 0.013621 -0.000002
v 0.044993 0.015227 -0.000003
v 0.044430 0.016799 -0.000003
v 0.043818 0.018335 -0.000003
v 0.043154 0.019849 -0.000004
v 0.042430 0.021353 -0.000004
v 0.041645 0.022845 -0.000004
v 0.040801 0.024321 -0.000005
v 0.039897 0.025778 -0.000005
v 0.038933 0.027211 -0.000005
v 0.037911 0.028618 -0.000006
v 0.036831 0.029995 -0.000006
v 0.035695 0.031339 -0.000006
v 0.034504 0.032646 -0.000007
v 0.033259 0.033913 -0.000007
v 0.031964 0.035137 -0.000007
v 0.030619 0.036314 -0.000008
v 0.029228 0.037443 -0.000008
v 0.027794 0.038520 -0.000008
v 0.026318 0.039542 -0.000008
v 0.024806 0.040508 -0.000009
v 0.023259 0.041416 -0.000009
v 0.021681 0.042263 -0.000009
v 0.020075 0.043049 -0.000009
v 0.018446 0.043772 -0.000009
v 0.016797 0.044431 -0.000010
v 0.015131 0.045025 -0.000010
v 0.013453 0.045555 -0.000010
v 0.011766 0.046020 -0.000010
v 0.010074 0.046419 -0.000010
v 0.008379 0.046755 -0.000010
v 0.006687 0.047027 -0.000010
v 0.005000 0.047236 -0.000010
v 0.003321 0.047384 -0.000010
v 0.001653 0.047471 -0.000010
v 0.041586 0.000006 0.027002
v 0.041494 -0.002755 0.027002
v 0.041219 -0.005505 0.027003
v 0.040762 -0.008229 0.027004
v 0.040125 -0.010918 0.027004
v 0.039311 -0.013559 0.027005
v 0.038324 -0.016139 0.027005
v 0.037167 -0.018648 0.027006
v 0.035846 -0.021075 0.027007
v 0.034367 -0.023409 0.027007
v 0.032737 -0.025640 0.027008
v 0.030961 -0.027757 0.027008
v 0.029049 -0.029752 0.027009
v 0.027009 -0.031615 0.027009
v 0.024850 -0.033339 0.027009
v 0.000000 0.041593 0.026991
v 0.002720 0.041504 0.026991
v 0.005428 0.041237 0.026992
v 0.008113 0.040794 0.026992
v 0.010763 0.040176 0.026992
v 0.013367 0.039386 0.026992
v 0.015914 0.038427 0.026992
v 0.018393 0.037304 0.026993
v 0.020793 0.036021 0.026993
v 0.023104 0.034584 0.026993
v 0.025316 0.032999 0.026994
v 0.027420 0.031273 0.026994
v 0.029406 0.029412 0.026994
v 0.031266 0.027426 0.026995
v 0.032992 0.025322 0.026995
v 0.034578 0.023110 0.026996
v 0.036015 0.020799 0.026997
v 0.037297 0.018399 0.026997
v 0.038420 0.015921 0.026998
v 0.039379 0.013374 0.026998
v 0.040169 0.010770 0.026999
v 0.040787 0.008119 0.027000
v 0.041230 0.005434 0.027000
v 0.041497 0.002726 0.027001
v 0.025394 -0.033339 0.026286
v 0.025922 -0.033339 0.025551
v 0.026434 -0.033339 0.024804
v 0.026929 -0.033339 0.024047
v 0.027408 -0.033340 0.023278
v 0.027869 -0.033340 0.022500
v 0.028315 -0.033340 0.021712
v 0.028743 -0.033340 0.020915
v 0.029155 -0.033340 0.020108
v 0.029549 -0.033340 0.019294
v 0.029927 -0.033341 0.018471
v 0.030287 -0.033341 0.017641
v 0.030631 -0.033341 0.016803
v 0.030957 -0.033341 0.015959
v 0.031266 -0.033341 0.015108
v 0.031557 -0.033342 0.014251
v 0.031831 -0.033342 0.013389
v 0.032088 -0.033342 0.012521
v 0.032327 -0.033342 0.011648
v 0.032549 -0.033343 0.010770
v 0.032753 -0.033343 0.009888
v 0.032939 -0.033343 0.009002
v 0.033108 -0.033343 0.008113
v 0.033259 -0.033343 0.007221
v 0.033392 -0.033344 0.006325
v 0.033508 -0.033344 0.005427
v 0.033606 -0.033344 0.004528
v 0.033686 -0.033344 0.003626
v 0.033748 -0.033344 0.002723
v 0.033793 -0.033345 0.001819
v 0.033819 -0.033345 0.000914
v 0.029367 -0.032960 0.020543
v 0.030271 -0.031336 0.022187
v 0.028572 -0.032067 0.023813
v 0.028984 -0.032530 0.022187
v 0.031041 -0.032134 0.018882
v 0.033690 -0.032281 0.010387
v 0.034713 -0.030721 0.012106
v 0.033217 -0.031828 0.013816
v 0.033470 -0.032071 0.012106
v 0.034027 -0.032605 0.006933
v 0.035133 -0.031094 0.008662
v 0.033875 -0.032459 0.008662
v 0.034229 -0.032799 0.003468
v 0.035412 -0.031342 0.005201
v 0.034145 -0.032718 0.005201
v 0.035551 -0.031466 0.001737
v 0.034279 -0.032848 0.001737
v 0.040043 0.023753 0.010995
v 0.040647 0.022623 0.011217
v 0.041056 0.021608 0.011898
v 0.041151 0.021214 0.012406
v 0.041162 0.020936 0.012990
v 0.040948 0.020763 0.014241
v 0.040473 0.021097 0.015384
v 0.039844 0.021799 0.016271
v 0.039148 0.022738 0.016818
v 0.038449 0.023811 0.016994
v 0.037817 0.024920 0.016756
v 0.037361 0.025913 0.016077
v 0.037248 0.026297 0.015573
v 0.037227 0.026572 0.014989
v 0.037297 0.026724 0.014365
v 0.037456 0.026742 0.013739
v 0.037973 0.026416 0.012612
v 0.038638 0.025735 0.011742
v 0.039349 0.024821 0.011189
v 0.040792 0.022658 0.010374
v 0.038871 0.025814 0.010373
v 0.033000 0.000007 0.030001
v 0.039454 0.004216 0.028116
v 0.037349 0.003992 0.029022
v 0.035113 0.003753 0.029659
v 0.038839 0.008121 0.028115
v 0.036767 0.007688 0.029021
v 0.034566 0.007228 0.029658
v 0.037839 0.011945 0.028114
v 0.035820 0.011308 0.029020
v 0.033676 0.010632 0.029657
v 0.036464 0.015651 0.028113
v 0.034518 0.014816 0.029019
v 0.032451 0.013930 0.029656
v 0.034736 0.019184 0.028112
v 0.032882 0.018161 0.029018
v 0.030914 0.017074 0.029655
v 0.032716 0.022456 0.028112
v 0.030971 0.021259 0.029017
v 0.029116 0.019986 0.029655
v 0.030390 0.025517 0.028111
v 0.028768 0.024156 0.029017
v 0.027046 0.022711 0.029654
v 0.027778 0.028339 0.028110
v 0.026296 0.026828 0.029016
v 0.024722 0.025222 0.029653
v 0.024905 0.030895 0.028110
v 0.023577 0.029247 0.029016
v 0.022165 0.027496 0.029653
v 0.021799 0.033160 0.028109
v 0.020636 0.031392 0.029015
v 0.019400 0.029513 0.029652
v 0.018488 0.035114 0.028108
v 0.017501 0.033242 0.029015
v 0.016453 0.031252 0.029652
v 0.015003 0.036739 0.028108
v 0.014202 0.034779 0.029014
v 0.013352 0.032698 0.029651
v 0.011377 0.038019 0.028108
v 0.010770 0.035991 0.029014
v 0.010125 0.033837 0.029651
v 0.007645 0.038941 0.028108
v 0.007237 0.036864 0.029014
v 0.006803 0.034658 0.029651
v 0.003606 0.039521 0.028107
v 0.003414 0.037413 0.029013
v 0.003209 0.035173 0.029651
v 0.000000 0.041593 0.026991
v 0.000000 0.039607 0.028146
v 0.000000 0.037492 0.029040
v 0.000000 0.035280 0.029659
v 0.041586 0.000006 0.027002
v 0.041497 0.002726 0.027001
v 0.041230 0.005434 0.027000
v 0.040787 0.008119 0.027000
v 0.040169 0.010770 0.026999
v 0.039379 0.013374 0.026998
v 0.038420 0.015921 0.026998
v 0.037297 0.018399 0.026997
v 0.036015 0.020799 0.026997
v 0.034578 0.023110 0.026996
v 0.032992 0.025322 0.026995
v 0.031266 0.027426 0.026995
v 0.029406 0.029412 0.026994
v 0.027420 0.031273 0.026994
v 0.025316 0.032999 0.026994
v 0.023104 0.034584 0.026993
v 0.020793 0.036021 0.026993
v 0.018393 0.037304 0.026993
v 0.015914 0.038427 0.026992
v 0.013367 0.039386 0.026992
v 0.010763 0.040176 0.026992
v 0.008113 0.040794 0.026992
v 0.005428 0.041237 0.026992
v 0.002720 0.041504 0.026991
v 0.000000 0.033007 0.029993
v 0.003045 0.032866 0.029993
v 0.006064 0.032445 0.029993
v 0.009031 0.031747 0.029993
v 0.011921 0.030779 0.029994
v 0.014709 0.029548 0.029994
v 0.017372 0.028064 0.029994
v 0.019887 0.026342 0.029995
v 0.022232 0.024394 0.029995
v 0.024387 0.022239 0.029996
v 0.026334 0.019894 0.029996
v 0.028057 0.017379 0.029997
v 0.029540 0.014716 0.029998
v 0.030771 0.011928 0.029998
v 0.031740 0.009038 0.029999
v 0.032438 0.006071 0.030000
v 0.032859 0.003052 0.030000
v 0.035272 0.000007 0.029668
v 0.037484 0.000007 0.029050
v 0.039600 0.000007 0.028156
v 0.018154 -0.032876 0.029030
v 0.017067 -0.030907 0.029667
v 0.021251 -0.030964 0.029030
v 0.019979 -0.029110 0.029666
v 0.025510 -0.030383 0.028124
v 0.024149 -0.028762 0.029029
v 0.022703 -0.027039 0.029666
v 0.028332 -0.027772 0.028124
v 0.026820 -0.026289 0.029029
v 0.025215 -0.024715 0.029665
v 0.030888 -0.024899 0.028123
v 0.029240 -0.023570 0.029028
v 0.027489 -0.022158 0.029665
v 0.033153 -0.021792 0.028122
v 0.031384 -0.020629 0.029028
v 0.029505 -0.019393 0.029664
v 0.035107 -0.018481 0.028121
v 0.033234 -0.017495 0.029027
v 0.031244 -0.016447 0.029663
v 0.036732 -0.014996 0.028121
v 0.034772 -0.014196 0.029026
v 0.032690 -0.013345 0.029663
v 0.038012 -0.011371 0.028120
v 0.035984 -0.010763 0.029025
v 0.033829 -0.010118 0.029662
v 0.038934 -0.007638 0.028119
v 0.036857 -0.007230 0.029024
v 0.034650 -0.006797 0.029661
v 0.039514 -0.003600 0.028118
v 0.037405 -0.003407 0.029023
v 0.035166 -0.003202 0.029660
v 0.033000 0.000007 0.030001
v 0.000000 -0.032993 0.030009
v 0.032859 -0.003038 0.030002
v 0.032438 -0.006057 0.030003
v 0.031740 -0.009024 0.030003
v 0.030771 -0.011914 0.030004
v 0.029540 -0.014702 0.030005
v 0.028057 -0.017365 0.030005
v 0.026334 -0.019880 0.030006
v 0.024387 -0.022225 0.030006
v 0.022232 -0.024380 0.030007
v 0.019887 -0.026327 0.030007
v 0.017372 -0.028050 0.030008
v 0.014709 -0.029533 0.030008
v 0.011921 -0.030764 0.030008
v 0.009030 -0.031733 0.030009
v 0.006063 -0.032431 0.030009
v 0.003044 -0.032852 0.030009
v 0.024850 -0.033339 0.027009
v 0.027009 -0.031615 0.027009
v 0.029049 -0.029752 0.027009
v 0.030961 -0.027757 0.027008
v 0.032737 -0.025640 0.027008
v 0.034367 -0.023409 0.027007
v 0.035846 -0.021075 0.027007
v 0.037167 -0.018648 0.027006
v 0.038324 -0.016139 0.027005
v 0.039311 -0.013559 0.027005
v 0.040125 -0.010918 0.027004
v 0.040762 -0.008229 0.027004
v 0.041219 -0.005505 0.027003
v 0.041494 -0.002755 0.027002
v 0.041586 0.000006 0.027002
v 0.039600 0.000007 0.028156
v 0.037484 0.000007 0.029050
v 0.035272 0.000007 0.029668
v 0.000000 -0.033338 0.029977
v 0.001573 -0.033338 0.029973
v 0.003146 -0.033338 0.029962
v 0.004720 -0.033338 0.029940
v 0.006293 -0.033338 0.029908
v 0.007866 -0.033338 0.029861
v 0.009438 -0.033338 0.029796
v 0.011009 -0.033338 0.029709
v 0.012578 -0.033338 0.029594
v 0.014145 -0.033338 0.029448
v 0.015707 -0.033338 0.029263
v 0.017264 -0.033338 0.029035
v 0.018812 -0.033338 0.028756
v 0.020350 -0.033338 0.028421
v 0.021872 -0.033338 0.028022
v 0.023374 -0.033338 0.027554
v 0.018004 -0.034996 0.028295
v 0.015772 -0.036603 0.028087
v 0.013472 -0.038086 0.027868
v 0.011123 -0.039461 0.027626
v 0.013554 -0.034938 0.029083
v 0.011879 -0.036518 0.028811
v 0.010154 -0.038004 0.028534
v 0.008391 -0.039408 0.028246
v 0.009052 -0.034886 0.029528
v 0.007940 -0.036442 0.029264
v 0.006792 -0.037931 0.028984
v 0.005617 -0.039362 0.028686
v 0.004529 -0.034831 0.029745
v 0.003975 -0.036361 0.029513
v 0.003402 -0.037854 0.029249
v 0.002815 -0.039313 0.028952
v 0.000000 -0.040743 0.028711
v 0.019088 -0.034140 0.028398
v 0.020191 -0.035032 0.027724
v 0.021406 -0.034160 0.027787
v 0.000000 -0.033338 0.029977
v 0.000000 -0.035204 0.029756
v 0.000000 -0.037062 0.029471
v 0.000000 -0.038909 0.029122
v 0.002771 -0.040743 0.028576
v 0.005516 -0.040743 0.028174
v 0.008208 -0.040743 0.027511
v 0.024850 -0.033339 0.027009
v 0.023374 -0.033338 0.027554
v 0.021872 -0.033338 0.028022
v 0.020350 -0.033338 0.028421
v 0.018812 -0.033338 0.028756
v 0.017264 -0.033338 0.029035
v 0.015707 -0.033338 0.029263
v 0.014145 -0.033338 0.029448
v 0.012578 -0.033338 0.029594
v 0.011009 -0.033338 0.029709
v 0.009438 -0.033338 0.029796
v 0.007866 -0.033338 0.029861
v 0.006293 -0.033338 0.029908
v 0.004720 -0.033338 0.029940
v 0.003146 -0.033338 0.029962
v 0.001573 -0.033338 0.029973
v 0.010826 -0.040744 0.026590
v 0.011289 -0.040565 0.026629
v 0.011751 -0.040384 0.026665
v 0.012672 -0.040013 0.026730
v 0.013588 -0.039630 0.026786
v 0.014500 -0.039236 0.026834
v 0.015407 -0.038828 0.026875
v 0.016308 -0.038407 0.026908
v 0.017202 -0.037972 0.026936
v 0.018090 -0.037523 0.026958
v 0.018969 -0.037058 0.026975
v 0.019840 -0.036578 0.026988
v 0.020703 -0.036082 0.026997
v 0.021555 -0.035568 0.027003
v 0.022397 -0.035038 0.027007
v 0.023227 -0.034490 0.027009
v 0.024045 -0.033924 0.027010
v 0.024850 -0.033339 0.027009
v 0.024803 -0.034157 0.025596
v 0.023660 -0.034939 0.025640
v 0.022495 -0.035690 0.025681
v 0.021311 -0.036411 0.025719
v 0.020112 -0.037104 0.025750
v 0.018900 -0.037771 0.025774
v 0.017731 -0.038387 0.025788
v 0.016453 -0.039034 0.025791
v 0.015223 -0.039629 0.025782
v 0.013993 -0.040199 0.025757
v 0.025865 -0.034131 0.024129
v 0.024780 -0.034891 0.024211
v 0.023676 -0.035625 0.024292
v 0.022557 -0.036335 0.024370
v 0.021426 -0.037023 0.024444
v 0.020287 -0.037693 0.024511
v 0.019194 -0.038317 0.024568
v 0.018006 -0.038978 0.024621
v 0.016872 -0.039592 0.024661
v 0.015746 -0.040181 0.024689
v 0.026860 -0.034106 0.022612
v 0.025832 -0.034846 0.022725
v 0.024788 -0.035563 0.022838
v 0.023732 -0.036262 0.022949
v 0.022668 -0.036945 0.023056
v 0.021602 -0.037617 0.023159
v 0.020583 -0.038249 0.023251
v 0.019484 -0.038923 0.023344
v 0.018444 -0.039554 0.023424
v 0.017421 -0.040163 0.023495
v 0.027787 -0.034083 0.021050
v 0.026814 -0.034802 0.021187
v 0.025828 -0.035504 0.021324
v 0.024834 -0.036192 0.021460
v 0.023835 -0.036871 0.021593
v 0.022839 -0.037543 0.021723
v 0.021893 -0.038182 0.021842
v 0.020881 -0.038869 0.021966
v 0.019932 -0.039516 0.022077
v 0.019008 -0.040144 0.022181
v 0.028644 -0.034061 0.019445
v 0.027724 -0.034762 0.019599
v 0.026795 -0.035448 0.019753
v 0.025859 -0.036126 0.019907
v 0.024924 -0.036800 0.020059
v 0.023995 -0.037473 0.020208
v 0.023119 -0.038117 0.020346
v 0.022190 -0.038816 0.020492
v 0.021329 -0.039479 0.020627
v 0.020501 -0.040124 0.020755
v 0.029430 -0.034041 0.017803
v 0.028562 -0.034724 0.017966
v 0.027685 -0.035396 0.018131
v 0.026806 -0.036064 0.018296
v 0.025930 -0.036733 0.018459
v 0.025065 -0.037406 0.018619
v 0.024256 -0.038055 0.018770
v 0.023406 -0.038765 0.018930
v 0.022629 -0.039442 0.019079
v 0.021892 -0.040105 0.019224
v 0.030145 -0.034022 0.016125
v 0.029324 -0.034689 0.016292
v 0.028498 -0.035348 0.016461
v 0.027671 -0.036007 0.016630
v 0.026852 -0.036671 0.016798
v 0.026047 -0.037343 0.016963
v 0.025301 -0.037997 0.017120
v 0.024525 -0.038716 0.017286
v 0.023825 -0.039406 0.017442
v 0.023173 -0.040086 0.017595
v 0.030788 -0.034005 0.014415
v 0.030011 -0.034657 0.014581
v 0.029231 -0.035304 0.014748
v 0.028453 -0.035954 0.014915
v 0.027686 -0.036613 0.015081
v 0.026937 -0.037285 0.015245
v 0.026248 -0.037942 0.015401
v 0.025541 -0.038669 0.015567
v 0.024912 -0.039371 0.015723
v 0.024338 -0.040067 0.015876
v 0.031357 -0.033990 0.012677
v 0.030621 -0.034628 0.012836
v 0.029883 -0.035264 0.012996
v 0.029150 -0.035906 0.013155
v 0.028430 -0.036560 0.013314
v 0.027732 -0.037231 0.013471
v 0.027096 -0.037890 0.013620
v 0.026450 -0.038625 0.013779
v 0.025886 -0.039338 0.013929
v 0.025381 -0.040049 0.014076
v 0.031853 -0.033976 0.010915
v 0.031153 -0.034602 0.011062
v 0.030452 -0.035228 0.011209
v 0.029760 -0.035863 0.011356
v 0.029082 -0.036512 0.011502
v 0.028430 -0.037181 0.011647
v 0.027840 -0.037842 0.011784
v 0.027248 -0.038583 0.011931
v 0.026741 -0.039306 0.012069
v 0.026297 -0.040031 0.012205
v 0.032274 -0.033965 0.009131
v 0.031605 -0.034580 0.009261
v 0.030938 -0.035197 0.009392
v 0.030280 -0.035824 0.009522
v 0.029639 -0.036469 0.009651
v 0.029026 -0.037137 0.009779
v 0.028477 -0.037799 0.009900
v 0.027932 -0.038544 0.010029
v 0.027473 -0.039276 0.010151
v 0.027082 -0.040014 0.010271
v 0.032620 -0.033955 0.007329
v 0.031977 -0.034560 0.007439
v 0.031338 -0.035170 0.007549
v 0.030709 -0.035791 0.007658
v 0.030100 -0.036432 0.007766
v 0.029520 -0.037097 0.007874
v 0.029005 -0.037760 0.007975
v 0.028499 -0.038509 0.008083
v 0.028080 -0.039248 0.008184
v 0.027730 -0.039998 0.008284
v 0.032889 -0.033946 0.005513
v 0.032269 -0.034545 0.005598
v 0.031652 -0.035148 0.005684
v 0.031047 -0.035764 0.005770
v 0.030462 -0.036401 0.005854
v 0.029910 -0.037063 0.005937
v 0.029420 -0.037726 0.006016
v 0.028945 -0.038477 0.006099
v 0.028556 -0.039222 0.006178
v 0.028239 -0.039982 0.006254
v 0.033083 -0.033940 0.003685
v 0.032478 -0.034533 0.003744
v 0.031878 -0.035131 0.003803
v 0.031291 -0.035743 0.003862
v 0.030725 -0.036375 0.003920
v 0.030192 -0.037035 0.003977
v 0.029722 -0.037696 0.004030
v 0.029269 -0.038449 0.004087
v 0.028902 -0.039198 0.004140
v 0.028607 -0.039968 0.004192
v 0.033200 -0.033936 0.001849
v 0.032605 -0.034525 0.001880
v 0.032016 -0.035119 0.001910
v 0.031440 -0.035727 0.001940
v 0.030887 -0.036357 0.001970
v 0.030366 -0.037014 0.001999
v 0.029909 -0.037673 0.002026
v 0.029469 -0.038425 0.002055
v 0.029113 -0.039177 0.002082
v 0.028830 -0.039955 0.002107
v 0.028700 -0.040750 0.000011
v 0.028680 -0.040750 0.001074
v 0.028620 -0.040750 0.002135
v 0.028520 -0.040749 0.003192
v 0.028382 -0.040749 0.004245
v 0.028204 -0.040749 0.005291
v 0.027989 -0.040749 0.006330
v 0.027735 -0.040748 0.007361
v 0.027444 -0.040748 0.008381
v 0.027116 -0.040748 0.009390
v 0.026752 -0.040748 0.010386
v 0.026351 -0.040747 0.011369
v 0.025914 -0.040747 0.012336
v 0.025442 -0.040747 0.013287
v 0.024934 -0.040747 0.014219
v 0.024392 -0.040746 0.015133
v 0.023816 -0.040746 0.016026
v 0.023206 -0.040746 0.016897
v 0.022565 -0.040746 0.017743
v 0.021892 -0.040746 0.018565
v 0.021190 -0.040745 0.019361
v 0.020459 -0.040745 0.020130
v 0.019700 -0.040745 0.020872
v 0.018915 -0.040745 0.021586
v 0.018104 -0.040745 0.022270
v 0.017269 -0.040745 0.022925
v 0.016411 -0.040744 0.023548
v 0.015530 -0.040744 0.024140
v 0.014627 -0.040744 0.024699
v 0.013705 -0.040744 0.025224
v 0.012763 -0.040744 0.025715
v 0.011803 -0.040744 0.026171
v 0.025394 -0.033339 0.026286
v 0.025922 -0.033339 0.025551
v 0.026434 -0.033339 0.024804
v 0.026929 -0.033339 0.024047
v 0.027408 -0.033340 0.023278
v 0.027869 -0.033340 0.022500
v 0.028315 -0.033340 0.021712
v 0.028743 -0.033340 0.020915
v 0.029155 -0.033340 0.020108
v 0.029549 -0.033340 0.019294
v 0.029927 -0.033341 0.018471
v 0.030287 -0.033341 0.017641
v 0.030631 -0.033341 0.016803
v 0.030957 -0.033341 0.015959
v 0.031266 -0.033341 0.015108
v 0.031557 -0.033342 0.014251
v 0.031831 -0.033342 0.013389
v 0.032088 -0.033342 0.012521
v 0.032327 -0.033342 0.011648
v 0.032549 -0.033343 0.010770
v 0.032753 -0.033343 0.009888
v 0.032939 -0.033343 0.009002
v 0.033108 -0.033343 0.008113
v 0.033259 -0.033343 0.007221
v 0.033392 -0.033344 0.006325
v 0.033508 -0.033344 0.005427
v 0.033606 -0.033344 0.004528
v 0.033686 -0.033344 0.003626
v 0.033748 -0.033344 0.002723
v 0.033793 -0.033345 0.001819
v 0.033819 -0.033345 0.000914
v 0.033828 -0.033345 0.000009
v 0.010826 -0.040744 0.026590
v 0.011289 -0.040565 0.026629
v 0.011751 -0.040384 0.026665
v 0.012672 -0.040013 0.026730
v 0.013588 -0.039630 0.026786
v 0.014500 -0.039236 0.026834
v 0.015407 -0.038828 0.026875
v 0.016308 -0.038407 0.026908
v 0.017202 -0.037972 0.026936
v 0.018090 -0.037523 0.026958
v 0.018969 -0.037058 0.026975
v 0.019840 -0.036578 0.026988
v 0.020703 -0.036082 0.026997
v 0.021555 -0.035568 0.027003
v 0.022397 -0.035038 0.027007
v 0.023227 -0.034490 0.027009
v 0.024045 -0.033924 0.027010
v 0.033424 -0.033751 0.000009
v 0.033018 -0.034154 0.000009
v 0.032209 -0.034964 0.000009
v 0.031423 -0.035796 0.000010
v 0.030682 -0.036669 0.000010
v 0.030014 -0.037599 0.000010
v 0.029446 -0.038592 0.000010
v 0.029003 -0.039647 0.000011
v 0.028834 -0.040194 0.000011
v 0.028762 -0.040471 0.000011
v 0.028716 -0.040351 0.002120
v 0.028886 -0.039949 0.001060
v 0.028774 -0.040347 0.001066
v 0.018004 -0.035009 -0.028276
v 0.015772 -0.036617 -0.028068
v 0.013472 -0.038100 -0.027848
v 0.011123 -0.039474 -0.027605
v 0.013554 -0.034952 -0.029065
v 0.011880 -0.036532 -0.028792
v 0.010154 -0.038018 -0.028514
v 0.008391 -0.039421 -0.028226
v 0.009053 -0.034900 -0.029509
v 0.007940 -0.036456 -0.029245
v 0.006792 -0.037945 -0.028964
v 0.005617 -0.039375 -0.028665
v 0.004530 -0.034845 -0.029727
v 0.003975 -0.036375 -0.029494
v 0.003402 -0.037868 -0.029229
v 0.002815 -0.039327 -0.028932
v 0.000000 -0.040757 -0.028689
v 0.019088 -0.034154 -0.028380
v 0.020191 -0.035045 -0.027705
v 0.021406 -0.034173 -0.027769
v 0.000000 -0.033352 -0.029959
v 0.000000 -0.035219 -0.029737
v 0.000000 -0.037076 -0.029451
v 0.000000 -0.038923 -0.029102
v 0.002772 -0.040757 -0.028554
v 0.005516 -0.040757 -0.028153
v 0.008209 -0.040757 -0.027490
v 0.010826 -0.040756 -0.026569
v 0.024850 -0.033352 -0.026991
v 0.023374 -0.033352 -0.027537
v 0.021879 -0.033352 -0.028006
v 0.020366 -0.033352 -0.028404
v 0.018837 -0.033352 -0.028739
v 0.017293 -0.033352 -0.029017
v 0.015737 -0.033352 -0.029244
v 0.014169 -0.033352 -0.029428
v 0.012592 -0.033352 -0.029575
v 0.011014 -0.033352 -0.029692
v 0.009441 -0.033352 -0.029782
v 0.007871 -0.033352 -0.029850
v 0.006301 -0.033352 -0.029898
v 0.004731 -0.033352 -0.029930
v 0.003159 -0.033352 -0.029948
v 0.001582 -0.033352 -0.029957
v 0.011751 -0.040397 -0.026644
v 0.012672 -0.040026 -0.026709
v 0.013589 -0.039643 -0.026765
v 0.014501 -0.039249 -0.026813
v 0.015407 -0.038841 -0.026854
v 0.016308 -0.038420 -0.026888
v 0.017202 -0.037985 -0.026916
v 0.018090 -0.037535 -0.026938
v 0.018969 -0.037071 -0.026956
v 0.019841 -0.036591 -0.026969
v 0.020703 -0.036094 -0.026978
v 0.021555 -0.035581 -0.026984
v 0.022397 -0.035051 -0.026988
v 0.023227 -0.034503 -0.026990
v 0.024045 -0.033937 -0.026991
v 0.024951 -0.034019 -0.025654
v 0.023894 -0.034753 -0.025693
v 0.022817 -0.035458 -0.025729
v 0.021724 -0.036136 -0.025763
v 0.020574 -0.036813 -0.025793
v 0.019495 -0.037420 -0.025815
v 0.018365 -0.038028 -0.025830
v 0.017220 -0.038620 -0.025837
v 0.016051 -0.039200 -0.025834
v 0.014942 -0.039729 -0.025820
v 0.013796 -0.040254 -0.025792
v 0.025946 -0.033999 -0.024271
v 0.024940 -0.034712 -0.024343
v 0.023916 -0.035400 -0.024415
v 0.022877 -0.036067 -0.024484
v 0.021788 -0.036738 -0.024552
v 0.020768 -0.037343 -0.024610
v 0.019703 -0.037956 -0.024665
v 0.018630 -0.038557 -0.024713
v 0.017540 -0.039152 -0.024753
v 0.016514 -0.039696 -0.024782
v 0.015460 -0.040238 -0.024801
v 0.026882 -0.033979 -0.022845
v 0.025925 -0.034673 -0.022945
v 0.024953 -0.035346 -0.023044
v 0.023968 -0.036001 -0.023143
v 0.022938 -0.036665 -0.023242
v 0.021977 -0.037269 -0.023331
v 0.020977 -0.037886 -0.023418
v 0.019975 -0.038495 -0.023500
v 0.018964 -0.039103 -0.023575
v 0.018018 -0.039663 -0.023640
v 0.017055 -0.040221 -0.023697
v 0.027758 -0.033960 -0.021378
v 0.026849 -0.034635 -0.021500
v 0.025927 -0.035293 -0.021622
v 0.024995 -0.035937 -0.021744
v 0.024023 -0.036595 -0.021867
v 0.023119 -0.037197 -0.021980
v 0.022183 -0.037817 -0.022092
v 0.021250 -0.038435 -0.022201
v 0.020315 -0.039055 -0.022305
v 0.019449 -0.039629 -0.022398
v 0.018574 -0.040204 -0.022486
v 0.028573 -0.033942 -0.019875
v 0.027710 -0.034600 -0.020013
v 0.026837 -0.035244 -0.020152
v 0.025956 -0.035877 -0.020290
v 0.025040 -0.036528 -0.020432
v 0.024191 -0.037129 -0.020562
v 0.023316 -0.037751 -0.020693
v 0.022450 -0.038376 -0.020822
v 0.021590 -0.039007 -0.020947
v 0.020800 -0.039596 -0.021061
v 0.020011 -0.040186 -0.021173
v 0.029326 -0.033926 -0.018338
v 0.028507 -0.034567 -0.018487
v 0.027681 -0.035197 -0.018636
v 0.026849 -0.035820 -0.018786
v 0.025986 -0.036464 -0.018940
v 0.025190 -0.037063 -0.019081
v 0.024374 -0.037688 -0.019225
v 0.023573 -0.038319 -0.019367
v 0.022783 -0.038961 -0.019507
v 0.022066 -0.039562 -0.019636
v 0.021358 -0.040169 -0.019765
v 0.030038 -0.033910 -0.016717
v 0.029263 -0.034535 -0.016871
v 0.028482 -0.035152 -0.017026
v 0.027698 -0.035765 -0.017181
v 0.026888 -0.036403 -0.017342
v 0.026143 -0.036999 -0.017489
v 0.025385 -0.037626 -0.017640
v 0.024646 -0.038263 -0.017790
v 0.023925 -0.038915 -0.017939
v 0.023279 -0.039529 -0.018076
v 0.022651 -0.040151 -0.018214
v 0.030643 -0.033896 -0.015174
v 0.029906 -0.034507 -0.015328
v 0.029165 -0.035113 -0.015484
v 0.028423 -0.035718 -0.015640
v 0.027658 -0.036349 -0.015801
v 0.026959 -0.036943 -0.015949
v 0.026251 -0.037571 -0.016102
v 0.025566 -0.038213 -0.016253
v 0.024906 -0.038873 -0.016404
v 0.024321 -0.039498 -0.016544
v 0.023761 -0.040134 -0.016685
v 0.031207 -0.033882 -0.013552
v 0.030506 -0.034481 -0.013703
v 0.029803 -0.035076 -0.013854
v 0.029100 -0.035672 -0.014006
v 0.028380 -0.036298 -0.014163
v 0.027723 -0.036890 -0.014308
v 0.027064 -0.037518 -0.014456
v 0.026431 -0.038163 -0.014604
v 0.025828 -0.038831 -0.014752
v 0.025302 -0.039467 -0.014889
v 0.024807 -0.040117 -0.015028
v 0.031706 -0.033871 -0.011907
v 0.031038 -0.034458 -0.012050
v 0.030369 -0.035042 -0.012193
v 0.029703 -0.035631 -0.012336
v 0.029023 -0.036251 -0.012485
v 0.028406 -0.036840 -0.012621
v 0.027789 -0.037468 -0.012762
v 0.027204 -0.038117 -0.012901
v 0.026652 -0.038792 -0.013041
v 0.026178 -0.039437 -0.013171
v 0.025741 -0.040101 -0.013303
v 0.032139 -0.033860 -0.010243
v 0.031502 -0.034436 -0.010373
v 0.030864 -0.035012 -0.010504
v 0.030230 -0.035594 -0.010635
v 0.029585 -0.036208 -0.010771
v 0.029003 -0.036795 -0.010895
v 0.028425 -0.037423 -0.011023
v 0.027881 -0.038075 -0.011151
v 0.027375 -0.038755 -0.011278
v 0.026947 -0.039409 -0.011397
v 0.026561 -0.040084 -0.011517
v 0.032507 -0.033850 -0.008561
v 0.031896 -0.034418 -0.008676
v 0.031285 -0.034986 -0.008791
v 0.030680 -0.035561 -0.008907
v 0.030065 -0.036171 -0.009025
v 0.029514 -0.036754 -0.009135
v 0.028970 -0.037382 -0.009247
v 0.028461 -0.038035 -0.009358
v 0.027994 -0.038720 -0.009470
v 0.027605 -0.039381 -0.009573
v 0.027262 -0.040069 -0.009679
v 0.032809 -0.033842 -0.006865
v 0.032220 -0.034402 -0.006961
v 0.031631 -0.034963 -0.007058
v 0.031050 -0.035532 -0.007154
v 0.030462 -0.036138 -0.007253
v 0.029936 -0.036719 -0.007344
v 0.029420 -0.037345 -0.007438
v 0.028941 -0.037999 -0.007530
v 0.028506 -0.038688 -0.007623
v 0.028149 -0.039356 -0.007709
v 0.027840 -0.040054 -0.007796
v 0.033045 -0.033835 -0.005157
v 0.032473 -0.034389 -0.005232
v 0.031903 -0.034944 -0.005307
v 0.031341 -0.035509 -0.005382
v 0.030773 -0.036110 -0.005459
v 0.030268 -0.036688 -0.005530
v 0.029775 -0.037313 -0.005602
v 0.029320 -0.037967 -0.005673
v 0.028909 -0.038659 -0.005744
v 0.028576 -0.039332 -0.005810
v 0.028295 -0.040039 -0.005877
v 0.033214 -0.033830 -0.003436
v 0.032655 -0.034378 -0.003488
v 0.032099 -0.034929 -0.003539
v 0.031551 -0.035490 -0.003590
v 0.031000 -0.036088 -0.003643
v 0.030510 -0.036663 -0.003691
v 0.030033 -0.037286 -0.003740
v 0.029595 -0.037939 -0.003788
v 0.029202 -0.038632 -0.003836
v 0.028886 -0.039310 -0.003880
v 0.028622 -0.040026 -0.003925
v 0.033316 -0.033826 -0.001717
v 0.032765 -0.034371 -0.001744
v 0.032218 -0.034919 -0.001770
v 0.031679 -0.035476 -0.001796
v 0.031138 -0.036071 -0.001823
v 0.030658 -0.036644 -0.001847
v 0.030192 -0.037264 -0.001872
v 0.029764 -0.037916 -0.001897
v 0.029381 -0.038610 -0.001921
v 0.029075 -0.039291 -0.001943
v 0.028820 -0.040013 -0.001965
v 0.028700 -0.040750 0.000011
v 0.028680 -0.040750 -0.001052
v 0.028620 -0.040751 -0.002113
v 0.028520 -0.040751 -0.003171
v 0.028382 -0.040751 -0.004223
v 0.028204 -0.040751 -0.005270
v 0.027989 -0.040752 -0.006309
v 0.027735 -0.040752 -0.007339
v 0.027445 -0.040752 -0.008359
v 0.027117 -0.040752 -0.009368
v 0.026752 -0.040753 -0.010365
v 0.026351 -0.040753 -0.011347
v 0.025914 -0.040753 -0.012314
v 0.025442 -0.040753 -0.013265
v 0.024934 -0.040753 -0.014198
v 0.024392 -0.040754 -0.015111
v 0.023816 -0.040754 -0.016004
v 0.023206 -0.040754 -0.016875
v 0.022565 -0.040754 -0.017722
v 0.021892 -0.040755 -0.018543
v 0.021190 -0.040755 -0.019339
v 0.020459 -0.040755 -0.020109
v 0.019701 -0.040755 -0.020851
v 0.018915 -0.040755 -0.021564
v 0.018105 -0.040755 -0.022249
v 0.017270 -0.040756 -0.022903
v 0.016411 -0.040756 -0.023527
v 0.015530 -0.040756 -0.024118
v 0.014628 -0.040756 -0.024677
v 0.013705 -0.040756 -0.025202
v 0.012763 -0.040756 -0.025693
v 0.011803 -0.040756 -0.026149
v 0.010826 -0.040756 -0.026569
v 0.011751 -0.040397 -0.026644
v 0.012672 -0.040026 -0.026709
v 0.013589 -0.039643 -0.026765
v 0.014501 -0.039249 -0.026813
v 0.015407 -0.038841 -0.026854
v 0.016308 -0.038420 -0.026888
v 0.017202 -0.037985 -0.026916
v 0.018090 -0.037535 -0.026938
v 0.018969 -0.037071 -0.026956
v 0.019841 -0.036591 -0.026969
v 0.020703 -0.036094 -0.026978
v 0.021555 -0.035581 -0.026984
v 0.022397 -0.035051 -0.026988
v 0.023227 -0.034503 -0.026990
v 0.024045 -0.033937 -0.026991
v 0.024850 -0.033352 -0.026991
v 0.025364 -0.033351 -0.026310
v 0.025871 -0.033351 -0.025606
v 0.026371 -0.033351 -0.024880
v 0.026862 -0.033351 -0.024133
v 0.027345 -0.033351 -0.023363
v 0.027818 -0.033350 -0.022571
v 0.028280 -0.033350 -0.021757
v 0.028731 -0.033350 -0.020920
v 0.029128 -0.033350 -0.020145
v 0.029513 -0.033350 -0.019353
v 0.029887 -0.033349 -0.018544
v 0.030248 -0.033349 -0.017717
v 0.030596 -0.033349 -0.016873
v 0.030931 -0.033349 -0.016012
v 0.031251 -0.033349 -0.015133
v 0.031556 -0.033348 -0.014237
v 0.031828 -0.033348 -0.013382
v 0.032074 -0.033348 -0.012552
v 0.032311 -0.033348 -0.011692
v 0.032532 -0.033348 -0.010821
v 0.032737 -0.033347 -0.009939
v 0.032927 -0.033347 -0.009047
v 0.033099 -0.033347 -0.008144
v 0.033254 -0.033347 -0.007231
v 0.033390 -0.033347 -0.006323
v 0.033506 -0.033346 -0.005430
v 0.033603 -0.033346 -0.004540
v 0.033683 -0.033346 -0.003641
v 0.033746 -0.033346 -0.002734
v 0.033792 -0.033345 -0.001823
v 0.033819 -0.033345 -0.000908
v 0.033828 -0.033345 0.000009
v 0.033424 -0.033751 0.000009
v 0.033018 -0.034154 0.000009
v 0.032209 -0.034964 0.000009
v 0.031423 -0.035796 0.000010
v 0.030682 -0.036669 0.000010
v 0.030014 -0.037599 0.000010
v 0.029446 -0.038592 0.000010
v 0.029003 -0.039647 0.000011
v 0.028834 -0.040194 0.000011
v 0.028762 -0.040471 0.000011
v 0.028717 -0.040381 -0.001976
v 0.028871 -0.040008 -0.000978
v 0.028769 -0.040377 -0.000983
v 0.035000 0.023753 0.012294
v 0.035000 0.024367 0.012409
v 0.035000 0.024898 0.012738
v 0.035000 0.025275 0.013236
v 0.035000 0.025446 0.013837
v 0.035000 0.025388 0.014459
v 0.035000 0.025110 0.015019
v 0.035000 0.024649 0.015440
v 0.035000 0.024066 0.015665
v 0.035000 0.023441 0.015666
v 0.035000 0.022859 0.015440
v 0.035000 0.022397 0.015019
v 0.035000 0.022118 0.014460
v 0.035000 0.022060 0.013838
v 0.035000 0.022231 0.013237
v 0.035000 0.022608 0.012738
v 0.035000 0.023139 0.012409
v 0.035000 0.023753 0.010994
v 0.035000 0.023129 0.011060
v 0.035000 0.022532 0.011254
v 0.035000 0.021989 0.011568
v 0.035000 0.021523 0.011988
v 0.035000 0.021155 0.012495
v 0.035000 0.020900 0.013068
v 0.035000 0.020770 0.013682
v 0.035000 0.020770 0.014309
v 0.035000 0.020900 0.014922
v 0.035000 0.021156 0.015495
v 0.035000 0.021524 0.016002
v 0.035000 0.021990 0.016422
v 0.035000 0.022534 0.016735
v 0.035000 0.023130 0.016929
v 0.035000 0.023754 0.016994
v 0.035000 0.024378 0.016929
v 0.035000 0.024974 0.016735
v 0.035000 0.025517 0.016421
v 0.035000 0.025983 0.016001
v 0.035000 0.026352 0.015494
v 0.035000 0.026607 0.014921
v 0.035000 0.026737 0.014307
v 0.035000 0.026737 0.013680
v 0.035000 0.026606 0.013067
v 0.035000 0.026351 0.012494
v 0.035000 0.025982 0.011987
v 0.035000 0.025516 0.011567
v 0.035000 0.024973 0.011254
v 0.035000 0.024376 0.011060
v 0.035000 0.022467 0.011852
v 0.035000 0.024181 0.011852
v 0.035000 0.021610 0.012709
v 0.035000 0.021610 0.014424
v 0.035000 0.025038 0.011851
v 0.035000 0.025896 0.012708
v 0.035000 0.025896 0.014423
v 0.035000 0.021611 0.015281
v 0.035000 0.022468 0.016138
v 0.035000 0.024182 0.016137
v 0.035000 0.025039 0.016137
v 0.035000 0.025896 0.015280
v 0.035000 0.023753 0.010994
v 0.035000 0.023754 0.016994
v 0.035000 0.023753 0.010994
v 0.040043 0.023753 0.010995
v 0.040647 0.022623 0.011217
v 0.041056 0.021608 0.011898
v 0.041151 0.021214 0.012406
v 0.041162 0.020936 0.012990
v 0.040948 0.020763 0.014241
v 0.040473 0.021097 0.015384
v 0.039844 0.021799 0.016271
v 0.039148 0.022738 0.016818
v 0.038449 0.023811 0.016994
v 0.037817 0.024920 0.016756
v 0.037361 0.025913 0.016077
v 0.037248 0.026297 0.015573
v 0.037227 0.026572 0.014989
v 0.037297 0.026724 0.014365
v 0.037456 0.026742 0.013739
v 0.037973 0.026416 0.012612
v 0.038638 0.025735 0.011742
v 0.039349 0.024821 0.011189
v 0.040043 0.023753 0.010995
v 0.038084 0.023753 0.010995
v 0.038084 0.022618 0.011218
v 0.038084 0.023175 0.011051
v 0.038084 0.021652 0.011853
v 0.038084 0.020996 0.012812
v 0.038084 0.021277 0.012300
v 0.039626 0.021652 0.011853
v 0.039626 0.021277 0.012300
v 0.038084 0.021454 0.012068
v 0.039626 0.021454 0.012068
v 0.038084 0.022104 0.011488
v 0.039626 0.020996 0.012812
v 0.038084 0.021124 0.012550
v 0.039626 0.021124 0.012550
v 0.038084 0.020753 0.013995
v 0.038084 0.020814 0.013391
v 0.039626 0.020814 0.013391
v 0.038084 0.020891 0.013097
v 0.039626 0.020891 0.013097
v 0.038084 0.020976 0.015130
v 0.038084 0.020810 0.014573
v 0.038084 0.021612 0.016095
v 0.038084 0.021247 0.015643
v 0.038084 0.022571 0.016752
v 0.038084 0.022059 0.016470
v 0.038084 0.023150 0.016933
v 0.038084 0.025895 0.011894
v 0.038084 0.024935 0.011237
v 0.038084 0.025447 0.011519
v 0.038084 0.023753 0.010995
v 0.038084 0.024356 0.011056
v 0.035000 0.024376 0.011060
v 0.035000 0.024973 0.011254
v 0.035000 0.025516 0.011567
v 0.035000 0.025982 0.011987
v 0.035000 0.026351 0.012494
v 0.035000 0.026606 0.013067
v 0.035000 0.026737 0.013680
v 0.035000 0.026737 0.014307
v 0.035000 0.026607 0.014921
v 0.035000 0.026352 0.015494
v 0.035000 0.025983 0.016001
v 0.035000 0.025517 0.016421
v 0.035000 0.024974 0.016735
v 0.035000 0.024378 0.016929
v 0.035000 0.023130 0.016929
v 0.035000 0.022534 0.016735
v 0.035000 0.021990 0.016422
v 0.035000 0.021524 0.016002
v 0.035000 0.021156 0.015495
v 0.035000 0.020900 0.014922
v 0.035000 0.020770 0.014309
v 0.035000 0.020770 0.013682
v 0.035000 0.020900 0.013068
v 0.035000 0.021155 0.012495
v 0.035000 0.021523 0.011988
v 0.035000 0.021989 0.011568
v 0.035000 0.022532 0.011254
v 0.035000 0.023129 0.011060
v 0.036542 0.024356 0.011056
v 0.038084 0.024056 0.011010
v 0.036542 0.023753 0.010995
v 0.036542 0.024056 0.011010
v 0.036542 0.024935 0.011237
v 0.038084 0.024650 0.011132
v 0.036542 0.024650 0.011132
v 0.036542 0.025447 0.011519
v 0.038084 0.025198 0.011365
v 0.036542 0.025198 0.011365
v 0.036542 0.025895 0.011894
v 0.036542 0.025680 0.011695
v 0.038084 0.026088 0.012111
v 0.036542 0.026088 0.012111
v 0.036542 0.023754 0.016995
v 0.038084 0.024044 0.016980
v 0.036542 0.024044 0.016980
v 0.036542 0.022571 0.016752
v 0.038084 0.022856 0.016857
v 0.036542 0.023150 0.016933
v 0.036542 0.022856 0.016857
v 0.036542 0.022059 0.016470
v 0.038084 0.022308 0.016624
v 0.036542 0.022308 0.016624
v 0.036542 0.021612 0.016095
v 0.038084 0.021826 0.016294
v 0.036542 0.021826 0.016294
v 0.036542 0.021247 0.015643
v 0.038084 0.021418 0.015878
v 0.036542 0.021418 0.015878
v 0.036542 0.020976 0.015130
v 0.038084 0.021099 0.015393
v 0.036542 0.021099 0.015393
v 0.036542 0.020810 0.014573
v 0.038084 0.020879 0.014855
v 0.036542 0.020879 0.014855
v 0.036542 0.020753 0.013995
v 0.038084 0.020767 0.014286
v 0.036542 0.020767 0.014286
v 0.036542 0.020814 0.013391
v 0.038084 0.020769 0.013692
v 0.036542 0.020769 0.013692
v 0.036542 0.020996 0.012812
v 0.036542 0.020891 0.013097
v 0.036542 0.021277 0.012300
v 0.036542 0.021124 0.012550
v 0.036542 0.021652 0.011853
v 0.036542 0.021454 0.012068
v 0.036542 0.022104 0.011488
v 0.038084 0.021870 0.011660
v 0.036542 0.021870 0.011660
v 0.036542 0.022618 0.011218
v 0.038084 0.022355 0.011340
v 0.036542 0.022355 0.011340
v 0.036542 0.023175 0.011051
v 0.038084 0.022892 0.011121
v 0.036542 0.022892 0.011121
v 0.036542 0.023753 0.010995
v 0.038084 0.023462 0.011009
v 0.036542 0.023462 0.011009
v 0.035000 -0.015254 -0.015696
v 0.035000 -0.014640 -0.015582
v 0.035000 -0.014108 -0.015253
v 0.035000 -0.013732 -0.014754
v 0.035000 -0.013561 -0.014153
v 0.035000 -0.013618 -0.013531
v 0.035000 -0.013897 -0.012972
v 0.035000 -0.014358 -0.012551
v 0.035000 -0.014941 -0.012325
v 0.035000 -0.015565 -0.012325
v 0.035000 -0.016148 -0.012551
v 0.035000 -0.016610 -0.012971
v 0.035000 -0.016888 -0.013531
v 0.035000 -0.016946 -0.014153
v 0.035000 -0.016775 -0.014754
v 0.035000 -0.016399 -0.015252
v 0.035000 -0.015868 -0.015581
v 0.035000 -0.015254 -0.016996
v 0.035000 -0.015878 -0.016930
v 0.035000 -0.016474 -0.016737
v 0.035000 -0.017017 -0.016423
v 0.035000 -0.017483 -0.016003
v 0.035000 -0.017852 -0.015496
v 0.035000 -0.018107 -0.014923
v 0.035000 -0.018237 -0.014309
v 0.035000 -0.018237 -0.013682
v 0.035000 -0.018106 -0.013068
v 0.035000 -0.017851 -0.012496
v 0.035000 -0.017482 -0.011988
v 0.035000 -0.017016 -0.011569
v 0.035000 -0.016473 -0.011255
v 0.035000 -0.015876 -0.011062
v 0.035000 -0.015253 -0.010996
v 0.035000 -0.014629 -0.011062
v 0.035000 -0.014033 -0.011256
v 0.035000 -0.013490 -0.011570
v 0.035000 -0.013024 -0.011989
v 0.035000 -0.012655 -0.012497
v 0.035000 -0.012400 -0.013070
v 0.035000 -0.012270 -0.013683
v 0.035000 -0.012270 -0.014310
v 0.035000 -0.012401 -0.014924
v 0.035000 -0.012656 -0.015497
v 0.035000 -0.013025 -0.016004
v 0.035000 -0.013491 -0.016424
v 0.035000 -0.014034 -0.016737
v 0.035000 -0.014630 -0.016931
v 0.035000 -0.016540 -0.016139
v 0.035000 -0.014825 -0.016139
v 0.035000 -0.017397 -0.015281
v 0.035000 -0.017396 -0.013567
v 0.035000 -0.013968 -0.016139
v 0.035000 -0.013111 -0.015282
v 0.035000 -0.013111 -0.013568
v 0.035000 -0.017396 -0.012710
v 0.035000 -0.016539 -0.011853
v 0.035000 -0.014824 -0.011853
v 0.035000 -0.013967 -0.011854
v 0.035000 -0.013110 -0.012711
v 0.035000 -0.015254 -0.016996
v 0.039760 -0.015254 -0.016996
v 0.039760 -0.014071 -0.016753
v 0.039760 -0.013112 -0.016097
v 0.039760 -0.012476 -0.015131
v 0.039760 -0.012253 -0.013997
v 0.039760 -0.012496 -0.012814
v 0.039760 -0.013153 -0.011854
v 0.039760 -0.014118 -0.011219
v 0.035000 -0.015253 -0.010996
v 0.039760 -0.015253 -0.010996
v 0.039760 -0.016436 -0.011239
v 0.039760 -0.017395 -0.011895
v 0.039760 -0.018030 -0.012861
v 0.039760 -0.018253 -0.013995
v 0.039760 -0.018011 -0.015178
v 0.039760 -0.017354 -0.016138
v 0.039760 -0.016388 -0.016773
v 0.035000 -0.015254 -0.016996
v 0.039760 -0.015254 -0.016996
v 0.042574 -0.015254 -0.016996
v 0.042407 -0.015744 -0.016956
v 0.042154 -0.016624 -0.016665
v 0.042007 -0.017362 -0.016130
v 0.041980 -0.017919 -0.015373
v 0.042096 -0.018225 -0.014411
v 0.042376 -0.018178 -0.013328
v 0.042788 -0.017733 -0.012307
v 0.043252 -0.016969 -0.011535
v 0.043689 -0.016036 -0.011100
v 0.044050 -0.015068 -0.011002
v 0.044314 -0.014157 -0.011204
v 0.044474 -0.013360 -0.011669
v 0.044519 -0.012730 -0.012374
v 0.044437 -0.012338 -0.013291
v 0.044215 -0.012274 -0.014346
v 0.043865 -0.012599 -0.015394
v 0.043436 -0.013280 -0.016256
v 0.042993 -0.014195 -0.016803
v 0.042574 -0.015254 -0.016996
v 0.039760 -0.015832 -0.016940
v 0.042141 -0.014071 -0.016753
v 0.039760 -0.014650 -0.016935
v 0.042141 -0.014650 -0.016935
v 0.039760 -0.016902 -0.016502
v 0.039760 -0.017729 -0.015690
v 0.039760 -0.018192 -0.014599
v 0.039760 -0.018197 -0.013417
v 0.042141 -0.017395 -0.011895
v 0.042141 -0.016436 -0.011239
v 0.039760 -0.016947 -0.011520
v 0.042141 -0.016948 -0.011520
v 0.042141 -0.015253 -0.010996
v 0.039760 -0.015857 -0.011057
v 0.042141 -0.015857 -0.011057
v 0.042141 -0.014118 -0.011219
v 0.039760 -0.014675 -0.011052
v 0.042141 -0.014675 -0.011052
v 0.042141 -0.013153 -0.011854
v 0.039760 -0.013605 -0.011490
v 0.042141 -0.013605 -0.011490
v 0.042141 -0.012496 -0.012814
v 0.039760 -0.012778 -0.012302
v 0.042141 -0.012778 -0.012302
v 0.042141 -0.012253 -0.013997
v 0.039760 -0.012315 -0.013393
v 0.042141 -0.012315 -0.013393
v 0.042141 -0.012476 -0.015131
v 0.039760 -0.012310 -0.014575
v 0.042141 -0.012310 -0.014575
v 0.042141 -0.013112 -0.016097
v 0.039760 -0.012747 -0.015645
v 0.042141 -0.012747 -0.015645
v 0.039760 -0.013559 -0.016472
v 0.042141 -0.013559 -0.016472
v 0.035000 -0.014630 -0.016931
v 0.035000 -0.014034 -0.016737
v 0.035000 -0.013491 -0.016424
v 0.035000 -0.013025 -0.016004
v 0.035000 -0.012656 -0.015497
v 0.035000 -0.012401 -0.014924
v 0.035000 -0.012270 -0.014310
v 0.035000 -0.012270 -0.013683
v 0.035000 -0.012400 -0.013070
v 0.035000 -0.012655 -0.012497
v 0.035000 -0.013024 -0.011989
v 0.035000 -0.013490 -0.011570
v 0.035000 -0.014033 -0.011256
v 0.035000 -0.014629 -0.011062
v 0.035000 -0.015876 -0.011062
v 0.035000 -0.016473 -0.011255
v 0.035000 -0.017016 -0.011569
v 0.035000 -0.017482 -0.011988
v 0.035000 -0.017851 -0.012496
v 0.035000 -0.018106 -0.013068
v 0.035000 -0.018237 -0.013682
v 0.035000 -0.018237 -0.014309
v 0.035000 -0.018107 -0.014923
v 0.035000 -0.017852 -0.015496
v 0.035000 -0.017483 -0.016003
v 0.035000 -0.017017 -0.016423
v 0.035000 -0.016474 -0.016737
v 0.035000 -0.015878 -0.016930
v 0.037380 -0.014071 -0.016753
v 0.037380 -0.015254 -0.016996
v 0.037380 -0.014650 -0.016935
v 0.037380 -0.013112 -0.016097
v 0.037380 -0.013559 -0.016472
v 0.037380 -0.012476 -0.015131
v 0.037380 -0.012747 -0.015645
v 0.037380 -0.012253 -0.013997
v 0.037380 -0.012310 -0.014575
v 0.037380 -0.012496 -0.012814
v 0.037380 -0.012315 -0.013393
v 0.037380 -0.013153 -0.011855
v 0.037380 -0.012778 -0.012302
v 0.037380 -0.014118 -0.011219
v 0.037380 -0.013605 -0.011490
v 0.037380 -0.015253 -0.010996
v 0.037380 -0.014675 -0.011053
v 0.037380 -0.016436 -0.011239
v 0.037380 -0.015857 -0.011057
v 0.037380 -0.017395 -0.011895
v 0.037380 -0.016947 -0.011520
v 0.037380 -0.018030 -0.012861
v 0.039760 -0.017760 -0.012347
v 0.037380 -0.017760 -0.012347
v 0.037380 -0.018253 -0.013995
v 0.037380 -0.018197 -0.013417
v 0.037380 -0.018011 -0.015178
v 0.037380 -0.018192 -0.014599
v 0.037380 -0.017354 -0.016138
v 0.037380 -0.017729 -0.015690
v 0.037380 -0.016388 -0.016773
v 0.037380 -0.016902 -0.016502
v 0.037380 -0.015254 -0.016996
v 0.037380 -0.015832 -0.016940
v 0.000000 -0.040757 -0.028689
v 0.000000 -0.040756 -0.027146
v 0.000000 -0.040744 0.027167
v 0.010826 -0.040756 -0.026569
v 0.008209 -0.040757 -0.027490
v 0.005516 -0.040757 -0.028153
v 0.002772 -0.040757 -0.028554
v 0.028700 -0.040750 0.000011
v 0.028680 -0.040750 -0.001052
v 0.028620 -0.040751 -0.002113
v 0.028520 -0.040751 -0.003171
v 0.028382 -0.040751 -0.004223
v 0.028204 -0.040751 -0.005270
v 0.027989 -0.040752 -0.006309
v 0.027735 -0.040752 -0.007339
v 0.027445 -0.040752 -0.008359
v 0.027117 -0.040752 -0.009368
v 0.026752 -0.040753 -0.010365
v 0.026351 -0.040753 -0.011347
v 0.025914 -0.040753 -0.012314
v 0.025442 -0.040753 -0.013265
v 0.024934 -0.040753 -0.014198
v 0.024392 -0.040754 -0.015111
v 0.023816 -0.040754 -0.016004
v 0.023206 -0.040754 -0.016875
v 0.022565 -0.040754 -0.017722
v 0.021892 -0.040755 -0.018543
v 0.021190 -0.040755 -0.019339
v 0.020459 -0.040755 -0.020109
v 0.019701 -0.040755 -0.020851
v 0.018915 -0.040755 -0.021564
v 0.018105 -0.040755 -0.022249
v 0.017270 -0.040756 -0.022903
v 0.016411 -0.040756 -0.023527
v 0.015530 -0.040756 -0.024118
v 0.014628 -0.040756 -0.024677
v 0.013705 -0.040756 -0.025202
v 0.012763 -0.040756 -0.025693
v 0.011803 -0.040756 -0.026149
v 0.010826 -0.040744 0.026590
v 0.011803 -0.040744 0.026171
v 0.012763 -0.040744 0.025715
v 0.013705 -0.040744 0.025224
v 0.014627 -0.040744 0.024699
v 0.015530 -0.040744 0.024140
v 0.016411 -0.040744 0.023548
v 0.017269 -0.040745 0.022925
v 0.018104 -0.040745 0.022270
v 0.018915 -0.040745 0.021586
v 0.019700 -0.040745 0.020872
v 0.020459 -0.040745 0.020130
v 0.021190 -0.040745 0.019361
v 0.021892 -0.040746 0.018565
v 0.022565 -0.040746 0.017743
v 0.023206 -0.040746 0.016897
v 0.023816 -0.040746 0.016026
v 0.024392 -0.040746 0.015133
v 0.024934 -0.040747 0.014219
v 0.025442 -0.040747 0.013287
v 0.025914 -0.040747 0.012336
v 0.026351 -0.040747 0.011369
v 0.026752 -0.040748 0.010386
v 0.027116 -0.040748 0.009390
v 0.027444 -0.040748 0.008381
v 0.027735 -0.040748 0.007361
v 0.027989 -0.040749 0.006330
v 0.028204 -0.040749 0.005291
v 0.028382 -0.040749 0.004245
v 0.028520 -0.040749 0.003192
v 0.028620 -0.040750 0.002135
v 0.028680 -0.040750 0.001074
v 0.000000 -0.040743 0.028711
v 0.002771 -0.040743 0.028576
v 0.005516 -0.040743 0.028174
v 0.008208 -0.040743 0.027511
v 0.007241 -0.040744 0.025479
v 0.006461 -0.040744 0.026018
v 0.005589 -0.040744 0.026388
v 0.003765 -0.040744 0.026848
v 0.001891 -0.040744 0.027092
v 0.001888 -0.040756 -0.027071
v 0.003761 -0.040756 -0.026827
v 0.005611 -0.040756 -0.026381
v 0.006471 -0.040756 -0.026003
v 0.007241 -0.040756 -0.025458
v 0.011355 -0.040756 -0.024011
v 0.013319 -0.040756 -0.023075
v 0.015207 -0.040755 -0.021978
v 0.016997 -0.040755 -0.020724
v 0.018670 -0.040755 -0.019332
v 0.020220 -0.040754 -0.017806
v 0.021638 -0.040754 -0.016149
v 0.022910 -0.040754 -0.014379
v 0.024023 -0.040753 -0.012514
v 0.024975 -0.040753 -0.010561
v 0.025762 -0.040752 -0.008527
v 0.026378 -0.040752 -0.006440
v 0.026817 -0.040751 -0.004321
v 0.027080 -0.040751 -0.002171
v 0.027168 -0.040750 0.000011
v 0.027078 -0.040750 0.002200
v 0.026811 -0.040749 0.004363
v 0.026368 -0.040749 0.006490
v 0.025754 -0.040748 0.008569
v 0.024970 -0.040748 0.010588
v 0.024020 -0.040747 0.012537
v 0.022907 -0.040747 0.014404
v 0.021633 -0.040746 0.016178
v 0.020213 -0.040746 0.017835
v 0.018665 -0.040745 0.019359
v 0.016995 -0.040745 0.020748
v 0.015207 -0.040745 0.021999
v 0.013319 -0.040745 0.023096
v 0.011355 -0.040744 0.024032
v 0.035500 0.023440 0.014944
v 0.035500 0.024419 0.014741
v 0.035500 0.023988 0.015125
v 0.035500 0.024124 0.014923
v 0.035500 0.024279 0.014845
v 0.035500 0.023957 0.014974
v 0.035500 0.023610 0.014984
v 0.035500 0.023784 0.014994
v 0.035500 0.024732 0.013791
v 0.035500 0.024419 0.014741
v 0.035500 0.024850 0.014356
v 0.035500 0.024538 0.014614
v 0.035500 0.024634 0.014468
v 0.035500 0.024703 0.014308
v 0.035500 0.024743 0.014138
v 0.035500 0.024753 0.013964
v 0.035500 0.024732 0.013791
v 0.035500 0.024067 0.013045
v 0.035500 0.024615 0.013226
v 0.035500 0.024682 0.013624
v 0.035500 0.024604 0.013468
v 0.035500 0.024499 0.013329
v 0.035500 0.024372 0.013209
v 0.035500 0.024227 0.013114
v 0.035500 0.023087 0.013248
v 0.035500 0.023518 0.012864
v 0.035500 0.024067 0.013045
v 0.035500 0.023897 0.013005
v 0.035500 0.023723 0.012995
v 0.035500 0.023550 0.013015
v 0.035500 0.023383 0.013066
v 0.035500 0.023227 0.013144
v 0.035500 0.023440 0.014944
v 0.035500 0.022774 0.014198
v 0.035500 0.022892 0.014763
v 0.035500 0.022824 0.014365
v 0.035500 0.022903 0.014521
v 0.035500 0.023007 0.014660
v 0.035500 0.023134 0.014780
v 0.035500 0.023280 0.014875
v 0.037000 0.022070 0.015548
v 0.037000 0.021910 0.014779
v 0.037000 0.021750 0.014010
v 0.037000 0.021590 0.013240
v 0.037000 0.022999 0.016158
v 0.037000 0.022839 0.015388
v 0.037000 0.022359 0.013080
v 0.037000 0.022200 0.012311
v 0.037000 0.023768 0.015998
v 0.037000 0.023608 0.015228
v 0.037000 0.023129 0.012921
v 0.037000 0.022969 0.012151
v 0.037000 0.024538 0.015838
v 0.037000 0.024378 0.015068
v 0.037000 0.023898 0.012761
v 0.037000 0.023738 0.011991
v 0.037000 0.025307 0.015678
v 0.037000 0.025147 0.014909
v 0.037000 0.024667 0.012601
v 0.037000 0.024507 0.011831
v 0.037000 0.025916 0.014749
v 0.037000 0.025756 0.013979
v 0.037000 0.025596 0.013210
v 0.037000 0.025437 0.012441
v 0.037000 0.024615 0.013226
v 0.037000 0.024732 0.013791
v 0.037000 0.024850 0.014356
v 0.037000 0.022892 0.014763
v 0.037000 0.022774 0.014198
v 0.037000 0.022657 0.013633
v 0.037000 0.026446 0.013435
v 0.037000 0.026377 0.013174
v 0.037000 0.026283 0.012921
v 0.037000 0.026165 0.012679
v 0.037000 0.026024 0.012449
v 0.037000 0.025862 0.012233
v 0.037000 0.025680 0.012034
v 0.037000 0.025479 0.011854
v 0.037000 0.025261 0.011695
v 0.037000 0.025029 0.011559
v 0.037000 0.024783 0.011446
v 0.037000 0.024528 0.011358
v 0.037000 0.024266 0.011295
v 0.037000 0.023999 0.011258
v 0.037000 0.023729 0.011246
v 0.037000 0.023460 0.011261
v 0.037000 0.023194 0.011302
v 0.037000 0.022933 0.011370
v 0.037000 0.022680 0.011464
v 0.037000 0.022437 0.011582
v 0.037000 0.022207 0.011723
v 0.037000 0.021992 0.011886
v 0.037000 0.021793 0.012068
v 0.037000 0.021613 0.012269
v 0.037000 0.021454 0.012486
v 0.037000 0.021317 0.012719
v 0.037000 0.021205 0.012964
v 0.037000 0.021117 0.013219
v 0.037000 0.021054 0.013482
v 0.037000 0.021017 0.013749
v 0.037000 0.021005 0.014018
v 0.037000 0.021019 0.014288
v 0.037000 0.021061 0.014554
v 0.037000 0.021129 0.014815
v 0.037000 0.021223 0.015068
v 0.037000 0.021341 0.015310
v 0.037000 0.021482 0.015540
v 0.037000 0.021644 0.015756
v 0.037000 0.021827 0.015955
v 0.037000 0.022027 0.016135
v 0.037000 0.022245 0.016294
v 0.037000 0.022478 0.016430
v 0.037000 0.022723 0.016543
v 0.037000 0.022978 0.016631
v 0.037000 0.023240 0.016694
v 0.037000 0.023508 0.016731
v 0.037000 0.023777 0.016743
v 0.037000 0.024046 0.016728
v 0.037000 0.024313 0.016687
v 0.037000 0.024574 0.016619
v 0.037000 0.024827 0.016525
v 0.037000 0.025069 0.016407
v 0.037000 0.025299 0.016266
v 0.037000 0.025515 0.016103
v 0.037000 0.025714 0.015921
v 0.037000 0.025894 0.015720
v 0.037000 0.026053 0.015503
v 0.037000 0.026189 0.015270
v 0.037000 0.026301 0.015025
v 0.037000 0.026389 0.014770
v 0.037000 0.026452 0.014507
v 0.037000 0.026490 0.014240
v 0.037000 0.026502 0.013971
v 0.037000 0.026487 0.013701
v 0.037000 0.024419 0.014741
v 0.037000 0.023988 0.015125
v 0.037000 0.023440 0.014944
v 0.037000 0.023087 0.013248
v 0.037000 0.023518 0.012864
v 0.037000 0.024067 0.013045
v 0.037000 0.023988 0.015125
v 0.037000 0.024419 0.014741
v 0.035500 0.023988 0.015125
v 0.036250 0.023988 0.015125
v 0.035500 0.024419 0.014741
v 0.035500 0.024850 0.014356
v 0.037000 0.024850 0.014356
v 0.036250 0.024850 0.014356
v 0.035500 0.023957 0.014974
v 0.036250 0.024419 0.014741
v 0.036250 0.024204 0.014933
v 0.035875 0.024419 0.014741
v 0.035875 0.024204 0.014933
v 0.037000 0.022892 0.014763
v 0.037000 0.023988 0.015125
v 0.036250 0.023988 0.015125
v 0.037000 0.023440 0.014944
v 0.035500 0.022892 0.014763
v 0.036250 0.022892 0.014763
v 0.035500 0.023440 0.014944
v 0.035500 0.023988 0.015125
v 0.036250 0.023440 0.014944
v 0.035875 0.023440 0.014944
v 0.036250 0.023714 0.015035
v 0.035875 0.023714 0.015035
v 0.035500 0.023957 0.014974
v 0.037000 0.022657 0.013633
v 0.035500 0.022892 0.014763
v 0.037000 0.022774 0.014198
v 0.037000 0.022892 0.014763
v 0.036250 0.022892 0.014763
v 0.035500 0.022657 0.013633
v 0.036250 0.022657 0.013633
v 0.035500 0.022774 0.014198
v 0.037000 0.023518 0.012864
v 0.037000 0.022657 0.013633
v 0.036250 0.022657 0.013633
v 0.037000 0.023087 0.013248
v 0.035500 0.023518 0.012864
v 0.036250 0.023518 0.012864
v 0.035500 0.023087 0.013248
v 0.035500 0.022657 0.013633
v 0.035500 0.023518 0.012864
v 0.037000 0.023518 0.012864
v 0.036250 0.023518 0.012864
v 0.037000 0.024615 0.013226
v 0.037000 0.024067 0.013045
v 0.035500 0.024615 0.013226
v 0.036250 0.024615 0.013226
v 0.035500 0.024067 0.013045
v 0.037000 0.024615 0.013226
v 0.035500 0.024732 0.013791
v 0.035500 0.024615 0.013226
v 0.037000 0.024850 0.014356
v 0.037000 0.024732 0.013791
v 0.035500 0.024850 0.014356
v 0.036250 0.024850 0.014356
v 0.036250 0.024615 0.013226
v 0.035500 0.023087 0.013248
v 0.035500 0.022774 0.014198
v 0.035500 0.022657 0.013633
v 0.035500 0.022968 0.013375
v 0.035500 0.022872 0.013521
v 0.035500 0.022804 0.013681
v 0.035500 0.022764 0.013851
v 0.035500 0.022754 0.014025
v 0.034923 0.023753 0.013994
v 0.035211 0.023855 0.014484
v 0.034923 0.023753 0.013994
v 0.035211 0.023795 0.014493
v 0.034923 0.023753 0.013994
v 0.035211 0.023739 0.014494
v 0.034923 0.023753 0.013994
v 0.035211 0.023682 0.014489
v 0.034923 0.023753 0.013994
v 0.035211 0.023626 0.014478
v 0.034923 0.023753 0.013994
v 0.035211 0.023573 0.014461
v 0.034923 0.023753 0.013994
v 0.035211 0.023523 0.014438
v 0.034923 0.023753 0.013994
v 0.035211 0.023475 0.014410
v 0.034923 0.023753 0.013994
v 0.035211 0.023431 0.014377
v 0.034923 0.023753 0.013994
v 0.035211 0.023390 0.014339
v 0.034923 0.023753 0.013994
v 0.035211 0.023355 0.014296
v 0.034923 0.023753 0.013994
v 0.035211 0.023324 0.014250
v 0.034923 0.023753 0.013994
v 0.035211 0.023298 0.014201
v 0.034923 0.023753 0.013994
v 0.035211 0.023277 0.014147
v 0.034923 0.023753 0.013994
v 0.035211 0.023264 0.014096
v 0.034923 0.023753 0.013994
v 0.035211 0.023255 0.014037
v 0.034923 0.023753 0.013994
v 0.035211 0.023253 0.013980
v 0.034923 0.023753 0.013994
v 0.035211 0.023258 0.013923
v 0.034923 0.023753 0.013994
v 0.035211 0.023270 0.013867
v 0.034923 0.023753 0.013994
v 0.035211 0.023287 0.013814
v 0.034923 0.023753 0.013994
v 0.035211 0.023310 0.013764
v 0.034923 0.023753 0.013994
v 0.035211 0.023338 0.013716
v 0.034923 0.023753 0.013994
v 0.035211 0.023371 0.013672
v 0.034923 0.023753 0.013994
v 0.035211 0.023409 0.013632
v 0.034923 0.023753 0.013994
v 0.035211 0.023451 0.013596
v 0.034923 0.023753 0.013994
v 0.035211 0.023497 0.013565
v 0.034923 0.023753 0.013994
v 0.035211 0.023546 0.013539
v 0.034923 0.023753 0.013994
v 0.035211 0.023601 0.013518
v 0.034923 0.023753 0.013994
v 0.035211 0.023651 0.013505
v 0.034923 0.023753 0.013994
v 0.035211 0.023711 0.013496
v 0.034923 0.023753 0.013994
v 0.035211 0.023768 0.013495
v 0.034923 0.023753 0.013994
v 0.035211 0.023825 0.013500
v 0.034923 0.023753 0.013994
v 0.035211 0.023880 0.013511
v 0.034923 0.023753 0.013994
v 0.035211 0.023933 0.013528
v 0.034923 0.023753 0.013994
v 0.035211 0.023984 0.013551
v 0.034923 0.023753 0.013994
v 0.035211 0.024032 0.013579
v 0.034923 0.023753 0.013994
v 0.035211 0.024076 0.013612
v 0.034923 0.023753 0.013994
v 0.035211 0.024116 0.013650
v 0.034923 0.023753 0.013994
v 0.035211 0.024152 0.013693
v 0.034923 0.023753 0.013994
v 0.035211 0.024183 0.013739
v 0.034923 0.023753 0.013994
v 0.035211 0.024208 0.013788
v 0.034923 0.023753 0.013994
v 0.035211 0.024229 0.013842
v 0.034923 0.023753 0.013994
v 0.035211 0.024243 0.013893
v 0.034923 0.023753 0.013994
v 0.035211 0.024251 0.013952
v 0.034923 0.023753 0.013994
v 0.035211 0.024253 0.014009
v 0.034923 0.023753 0.013994
v 0.035211 0.024248 0.014066
v 0.034923 0.023753 0.013994
v 0.035211 0.024237 0.014122
v 0.034923 0.023753 0.013994
v 0.035211 0.024220 0.014175
v 0.034923 0.023753 0.013994
v 0.035211 0.024197 0.014225
v 0.034923 0.023753 0.013994
v 0.035211 0.024169 0.014273
v 0.034923 0.023753 0.013994
v 0.035211 0.024135 0.014317
v 0.034923 0.023753 0.013994
v 0.035211 0.024097 0.014357
v 0.034923 0.023753 0.013994
v 0.035211 0.024055 0.014393
v 0.034923 0.023753 0.013994
v 0.035211 0.024009 0.014424
v 0.034923 0.023753 0.013994
v 0.035211 0.023960 0.014450
v 0.034923 0.023753 0.013994
v 0.035211 0.023906 0.014471
v 0.035211 0.023855 0.014484
v 0.035500 0.023087 0.013248
v 0.035500 0.022968 0.013375
v 0.035500 0.022872 0.013521
v 0.035500 0.022804 0.013681
v 0.035500 0.022764 0.013851
v 0.035500 0.022754 0.014025
v 0.035500 0.024067 0.013045
v 0.035500 0.023897 0.013005
v 0.035500 0.023723 0.012995
v 0.035500 0.023550 0.013015
v 0.035500 0.023383 0.013066
v 0.035500 0.023227 0.013144
v 0.035500 0.024732 0.013791
v 0.035500 0.024682 0.013624
v 0.035500 0.024604 0.013468
v 0.035500 0.024499 0.013329
v 0.035500 0.024372 0.013209
v 0.035500 0.024227 0.013114
v 0.035500 0.022774 0.014198
v 0.035500 0.022824 0.014365
v 0.035500 0.022903 0.014521
v 0.035500 0.023007 0.014660
v 0.035500 0.023134 0.014780
v 0.035500 0.023280 0.014875
v 0.035500 0.023957 0.014974
v 0.035500 0.024124 0.014923
v 0.035500 0.024279 0.014845
v 0.035500 0.024419 0.014741
v 0.035500 0.023440 0.014944
v 0.035500 0.023610 0.014984
v 0.035500 0.023784 0.014994
v 0.035500 0.023957 0.014974
v 0.035500 0.024538 0.014614
v 0.035500 0.024634 0.014468
v 0.035500 0.024703 0.014308
v 0.035500 0.024743 0.014138
v 0.035500 0.024753 0.013964
v 0.035629 -0.015839 -0.013226
v 0.035628 -0.014851 -0.013068
v 0.035631 -0.015391 -0.012862
v 0.035629 -0.015192 -0.013002
v 0.035629 -0.015019 -0.013020
v 0.035630 -0.015366 -0.013015
v 0.035629 -0.015694 -0.013129
v 0.035630 -0.015535 -0.013057
v 0.035618 -0.014220 -0.013844
v 0.035628 -0.014851 -0.013068
v 0.035621 -0.014266 -0.013559
v 0.035624 -0.014312 -0.013274
v 0.035626 -0.014582 -0.013171
v 0.035626 -0.014694 -0.013144
v 0.035625 -0.014553 -0.013246
v 0.035623 -0.014432 -0.013371
v 0.035621 -0.014334 -0.013515
v 0.035620 -0.014263 -0.013675
v 0.035618 -0.014220 -0.013844
v 0.035609 -0.014577 -0.014778
v 0.035611 -0.014129 -0.014414
v 0.035615 -0.014174 -0.014129
v 0.035610 -0.014353 -0.014596
v 0.035616 -0.014208 -0.014017
v 0.035614 -0.014226 -0.014191
v 0.035612 -0.014273 -0.014358
v 0.035611 -0.014349 -0.014515
v 0.035610 -0.014451 -0.014657
v 0.035610 -0.015564 -0.014937
v 0.035608 -0.015294 -0.015039
v 0.035606 -0.015024 -0.015142
v 0.035609 -0.014577 -0.014778
v 0.035608 -0.014721 -0.014876
v 0.035608 -0.014880 -0.014947
v 0.035608 -0.015049 -0.014989
v 0.035608 -0.015223 -0.015002
v 0.035609 -0.015396 -0.014984
v 0.035629 -0.015839 -0.013226
v 0.035626 -0.016286 -0.013591
v 0.035623 -0.016241 -0.013876
v 0.035627 -0.016063 -0.013409
v 0.035620 -0.016195 -0.014161
v 0.035622 -0.016207 -0.013987
v 0.035623 -0.016190 -0.013814
v 0.035625 -0.016142 -0.013646
v 0.035627 -0.016066 -0.013489
v 0.035628 -0.015964 -0.013348
v 0.037134 -0.017330 -0.013166
v 0.037125 -0.017205 -0.013942
v 0.037117 -0.017080 -0.014717
v 0.037108 -0.016956 -0.015493
v 0.037141 -0.016679 -0.012266
v 0.037133 -0.016554 -0.013041
v 0.037107 -0.016180 -0.015369
v 0.037099 -0.016055 -0.016144
v 0.037140 -0.015903 -0.012141
v 0.037132 -0.015778 -0.012917
v 0.037106 -0.015404 -0.015244
v 0.037098 -0.015280 -0.016020
v 0.037140 -0.015127 -0.012016
v 0.037131 -0.015002 -0.012792
v 0.037105 -0.014629 -0.015119
v 0.037097 -0.014504 -0.015895
v 0.037139 -0.014351 -0.011892
v 0.037130 -0.014227 -0.012667
v 0.037105 -0.013853 -0.014995
v 0.037096 -0.013728 -0.015770
v 0.037129 -0.013451 -0.012543
v 0.037121 -0.013326 -0.013319
v 0.037112 -0.013202 -0.014094
v 0.037104 -0.013077 -0.014870
v 0.037111 -0.014124 -0.014429
v 0.037118 -0.014216 -0.013859
v 0.037124 -0.014308 -0.013289
v 0.037126 -0.016282 -0.013607
v 0.037120 -0.016191 -0.014177
v 0.037113 -0.016099 -0.014747
v 0.037116 -0.012488 -0.013582
v 0.037113 -0.012459 -0.013850
v 0.037110 -0.012457 -0.014119
v 0.037107 -0.012481 -0.014388
v 0.037104 -0.012531 -0.014653
v 0.037102 -0.012605 -0.014912
v 0.037100 -0.012705 -0.015163
v 0.037097 -0.012828 -0.015403
v 0.037095 -0.012975 -0.015629
v 0.037094 -0.013144 -0.015840
v 0.037092 -0.013333 -0.016032
v 0.037091 -0.013540 -0.016205
v 0.037090 -0.013763 -0.016357
v 0.037089 -0.013999 -0.016487
v 0.037089 -0.014247 -0.016594
v 0.037089 -0.014503 -0.016677
v 0.037089 -0.014767 -0.016733
v 0.037089 -0.015035 -0.016762
v 0.037090 -0.015305 -0.016764
v 0.037091 -0.015574 -0.016740
v 0.037092 -0.015839 -0.016691
v 0.037094 -0.016098 -0.016616
v 0.037096 -0.016349 -0.016516
v 0.037098 -0.016588 -0.016393
v 0.037100 -0.016815 -0.016246
v 0.037102 -0.017025 -0.016077
v 0.037105 -0.017217 -0.015888
v 0.037107 -0.017390 -0.015681
v 0.037110 -0.017543 -0.015459
v 0.037113 -0.017673 -0.015222
v 0.037116 -0.017780 -0.014975
v 0.037119 -0.017862 -0.014718
v 0.037122 -0.017919 -0.014454
v 0.037125 -0.017948 -0.014186
v 0.037127 -0.017950 -0.013916
v 0.037130 -0.017926 -0.013648
v 0.037133 -0.017876 -0.013383
v 0.037135 -0.017801 -0.013123
v 0.037138 -0.017702 -0.012873
v 0.037140 -0.017578 -0.012633
v 0.037142 -0.017432 -0.012407
v 0.037144 -0.017263 -0.012196
v 0.037145 -0.017074 -0.012004
v 0.037146 -0.016867 -0.011831
v 0.037147 -0.016644 -0.011679
v 0.037148 -0.016408 -0.011549
v 0.037148 -0.016160 -0.011442
v 0.037149 -0.015903 -0.011359
v 0.037148 -0.015640 -0.011303
v 0.037148 -0.015371 -0.011274
v 0.037147 -0.015102 -0.011272
v 0.037146 -0.014833 -0.011296
v 0.037145 -0.014568 -0.011345
v 0.037144 -0.014309 -0.011420
v 0.037142 -0.014058 -0.011520
v 0.037140 -0.013818 -0.011643
v 0.037138 -0.013592 -0.011790
v 0.037135 -0.013382 -0.011959
v 0.037133 -0.013189 -0.012148
v 0.037130 -0.013016 -0.012355
v 0.037127 -0.012864 -0.012577
v 0.037124 -0.012734 -0.012814
v 0.037122 -0.012627 -0.013061
v 0.037119 -0.012544 -0.013318
v 0.037127 -0.014847 -0.013084
v 0.037131 -0.015386 -0.012878
v 0.037129 -0.015834 -0.013242
v 0.037111 -0.015739 -0.014884
v 0.037109 -0.015380 -0.015021
v 0.037106 -0.015020 -0.015158
v 0.037109 -0.014572 -0.014794
v 0.037131 -0.015386 -0.012878
v 0.037127 -0.014847 -0.013084
v 0.035631 -0.015391 -0.012862
v 0.036378 -0.014849 -0.013076
v 0.036379 -0.015119 -0.012973
v 0.036003 -0.014850 -0.013072
v 0.036004 -0.015120 -0.012969
v 0.035628 -0.014851 -0.013068
v 0.035624 -0.014312 -0.013274
v 0.035626 -0.014582 -0.013171
v 0.037124 -0.014308 -0.013289
v 0.036374 -0.014310 -0.013281
v 0.036380 -0.015376 -0.012946
v 0.035630 -0.015366 -0.013015
v 0.035630 -0.015366 -0.013015
v 0.036379 -0.015836 -0.013234
v 0.036004 -0.015838 -0.013230
v 0.036380 -0.015613 -0.013052
v 0.036005 -0.015614 -0.013048
v 0.037131 -0.015386 -0.012878
v 0.036380 -0.015376 -0.012946
v 0.037126 -0.016282 -0.013607
v 0.037129 -0.015834 -0.013242
v 0.035626 -0.016286 -0.013591
v 0.036376 -0.016284 -0.013599
v 0.035629 -0.015839 -0.013226
v 0.035627 -0.016063 -0.013409
v 0.035630 -0.015366 -0.013015
v 0.035614 -0.016103 -0.014731
v 0.035626 -0.016286 -0.013591
v 0.035623 -0.016241 -0.013876
v 0.037113 -0.016099 -0.014747
v 0.037120 -0.016191 -0.014177
v 0.037126 -0.016282 -0.013607
v 0.036376 -0.016284 -0.013599
v 0.036114 -0.016102 -0.014736
v 0.036614 -0.016101 -0.014741
v 0.035620 -0.016195 -0.014161
v 0.035614 -0.016103 -0.014731
v 0.037113 -0.016099 -0.014747
v 0.036614 -0.016101 -0.014741
v 0.036114 -0.016102 -0.014736
v 0.037106 -0.015020 -0.015158
v 0.037109 -0.015380 -0.015021
v 0.037111 -0.015739 -0.014884
v 0.035606 -0.015024 -0.015142
v 0.036106 -0.015023 -0.015147
v 0.036606 -0.015022 -0.015153
v 0.035610 -0.015564 -0.014937
v 0.035608 -0.015294 -0.015039
v 0.035612 -0.015834 -0.014834
v 0.037106 -0.015020 -0.015158
v 0.035611 -0.014129 -0.014414
v 0.036606 -0.015022 -0.015153
v 0.036106 -0.015023 -0.015147
v 0.037111 -0.014124 -0.014429
v 0.037109 -0.014572 -0.014794
v 0.036361 -0.014127 -0.014421
v 0.035609 -0.014577 -0.014778
v 0.035610 -0.014353 -0.014596
v 0.035606 -0.015024 -0.015142
v 0.037111 -0.014124 -0.014429
v 0.035618 -0.014220 -0.013844
v 0.035621 -0.014266 -0.013559
v 0.035611 -0.014129 -0.014414
v 0.035615 -0.014174 -0.014129
v 0.037124 -0.014308 -0.013289
v 0.037118 -0.014216 -0.013859
v 0.035624 -0.014312 -0.013274
v 0.036374 -0.014310 -0.013281
v 0.036361 -0.014127 -0.014421
v 0.035610 -0.015564 -0.014937
v 0.035620 -0.016195 -0.014161
v 0.035614 -0.016103 -0.014731
v 0.035612 -0.015834 -0.014834
v 0.035611 -0.015721 -0.014860
v 0.035613 -0.015862 -0.014758
v 0.035614 -0.015983 -0.014633
v 0.035616 -0.016081 -0.014489
v 0.035618 -0.016152 -0.014330
v 0.035041 -0.015209 -0.013996
v 0.035336 -0.015288 -0.013506
v 0.035041 -0.015209 -0.013996
v 0.035336 -0.015346 -0.013519
v 0.035041 -0.015209 -0.013996
v 0.035335 -0.015400 -0.013537
v 0.035041 -0.015209 -0.013996
v 0.035335 -0.015451 -0.013562
v 0.035041 -0.015209 -0.013996
v 0.035335 -0.015499 -0.013593
v 0.035041 -0.015209 -0.013996
v 0.035335 -0.015543 -0.013628
v 0.035041 -0.015209 -0.013996
v 0.035335 -0.015582 -0.013667
v 0.035041 -0.015209 -0.013996
v 0.035334 -0.015616 -0.013710
v 0.035041 -0.015209 -0.013996
v 0.035334 -0.015646 -0.013757
v 0.035041 -0.015209 -0.013996
v 0.035333 -0.015670 -0.013807
v 0.035041 -0.015209 -0.013996
v 0.035333 -0.015688 -0.013859
v 0.035041 -0.015209 -0.013996
v 0.035332 -0.015701 -0.013913
v 0.035041 -0.015209 -0.013996
v 0.035332 -0.015707 -0.013968
v 0.035041 -0.015209 -0.013996
v 0.035331 -0.015708 -0.014026
v 0.035041 -0.015209 -0.013996
v 0.035331 -0.015702 -0.014078
v 0.035041 -0.015209 -0.013996
v 0.035330 -0.015689 -0.014137
v 0.035041 -0.015209 -0.013996
v 0.035329 -0.015670 -0.014191
v 0.035041 -0.015209 -0.013996
v 0.035329 -0.015645 -0.014242
v 0.035041 -0.015209 -0.013996
v 0.035328 -0.015615 -0.014290
v 0.035041 -0.015209 -0.013996
v 0.035328 -0.015580 -0.014334
v 0.035041 -0.015209 -0.013996
v 0.035327 -0.015541 -0.014373
v 0.035041 -0.015209 -0.013996
v 0.035327 -0.015497 -0.014407
v 0.035041 -0.015209 -0.013996
v 0.035326 -0.015450 -0.014437
v 0.035041 -0.015209 -0.013996
v 0.035326 -0.015401 -0.014461
v 0.035041 -0.015209 -0.013996
v 0.035325 -0.015348 -0.014479
v 0.035041 -0.015209 -0.013996
v 0.035325 -0.015294 -0.014492
v 0.035041 -0.015209 -0.013996
v 0.035325 -0.015239 -0.014498
v 0.035041 -0.015209 -0.013996
v 0.035325 -0.015181 -0.014498
v 0.035041 -0.015209 -0.013996
v 0.035325 -0.015129 -0.014493
v 0.035041 -0.015209 -0.013996
v 0.035325 -0.015070 -0.014480
v 0.035041 -0.015209 -0.013996
v 0.035325 -0.015017 -0.014461
v 0.035041 -0.015209 -0.013996
v 0.035325 -0.014965 -0.014436
v 0.035041 -0.015209 -0.013996
v 0.035325 -0.014917 -0.014406
v 0.035041 -0.015209 -0.013996
v 0.035325 -0.014874 -0.014371
v 0.035041 -0.015209 -0.013996
v 0.035326 -0.014835 -0.014331
v 0.035041 -0.015209 -0.013996
v 0.035326 -0.014800 -0.014288
v 0.035041 -0.015209 -0.013996
v 0.035326 -0.014771 -0.014241
v 0.035041 -0.015209 -0.013996
v 0.035327 -0.014747 -0.014191
v 0.035041 -0.015209 -0.013996
v 0.035327 -0.014728 -0.014139
v 0.035041 -0.015209 -0.013996
v 0.035328 -0.014716 -0.014085
v 0.035041 -0.015209 -0.013996
v 0.035328 -0.014709 -0.014030
v 0.035041 -0.015209 -0.013996
v 0.035329 -0.014709 -0.013972
v 0.035041 -0.015209 -0.013996
v 0.035330 -0.014715 -0.013920
v 0.035041 -0.015209 -0.013996
v 0.035330 -0.014728 -0.013861
v 0.035041 -0.015209 -0.013996
v 0.035331 -0.014747 -0.013807
v 0.035041 -0.015209 -0.013996
v 0.035331 -0.014771 -0.013756
v 0.035041 -0.015209 -0.013996
v 0.035332 -0.014802 -0.013708
v 0.035041 -0.015209 -0.013996
v 0.035333 -0.014837 -0.013665
v 0.035041 -0.015209 -0.013996
v 0.035333 -0.014876 -0.013626
v 0.035041 -0.015209 -0.013996
v 0.035334 -0.014919 -0.013591
v 0.035041 -0.015209 -0.013996
v 0.035334 -0.014966 -0.013562
v 0.035041 -0.015209 -0.013996
v 0.035334 -0.015016 -0.013538
v 0.035041 -0.015209 -0.013996
v 0.035335 -0.015068 -0.013519
v 0.035041 -0.015209 -0.013996
v 0.035335 -0.015122 -0.013507
v 0.035041 -0.015209 -0.013996
v 0.035335 -0.015177 -0.013500
v 0.035041 -0.015209 -0.013996
v 0.035335 -0.015236 -0.013500
v 0.035336 -0.015288 -0.013506
v 0.035610 -0.015564 -0.014937
v 0.035611 -0.015721 -0.014860
v 0.035613 -0.015862 -0.014758
v 0.035614 -0.015983 -0.014633
v 0.035616 -0.016081 -0.014489
v 0.035618 -0.016152 -0.014330
v 0.035609 -0.014577 -0.014778
v 0.035608 -0.014721 -0.014876
v 0.035608 -0.014880 -0.014947
v 0.035608 -0.015049 -0.014989
v 0.035608 -0.015223 -0.015002
v 0.035609 -0.015396 -0.014984
v 0.035618 -0.014220 -0.013844
v 0.035616 -0.014208 -0.014017
v 0.035614 -0.014226 -0.014191
v 0.035612 -0.014273 -0.014358
v 0.035611 -0.014349 -0.014515
v 0.035610 -0.014451 -0.014657
v 0.035620 -0.016195 -0.014161
v 0.035622 -0.016207 -0.013987
v 0.035623 -0.016190 -0.013814
v 0.035625 -0.016142 -0.013646
v 0.035627 -0.016066 -0.013489
v 0.035628 -0.015964 -0.013348
v 0.035630 -0.015366 -0.013015
v 0.035629 -0.015192 -0.013002
v 0.035629 -0.015019 -0.013020
v 0.035629 -0.015839 -0.013226
v 0.035629 -0.015694 -0.013129
v 0.035630 -0.015535 -0.013057
v 0.035630 -0.015366 -0.013015
v 0.035628 -0.014851 -0.013068
v 0.035626 -0.014694 -0.013144
v 0.035625 -0.014553 -0.013246
v 0.035623 -0.014432 -0.013371
v 0.035621 -0.014334 -0.013515
v 0.035620 -0.014263 -0.013675
v -0.035500 0.024538 0.013375
v -0.035500 0.024682 0.014364
v -0.035500 0.024896 0.013828
v -0.035500 0.024753 0.014024
v -0.035500 0.024733 0.014197
v -0.035500 0.024743 0.013850
v -0.035500 0.024634 0.013520
v -0.035500 0.024703 0.013680
v -0.035500 0.023898 0.014984
v -0.035500 0.024682 0.014364
v -0.035500 0.024183 0.014942
v -0.035500 0.024469 0.014901
v -0.035500 0.024576 0.014632
v -0.035500 0.024604 0.014520
v -0.035500 0.024500 0.014660
v -0.035500 0.024373 0.014779
v -0.035500 0.024227 0.014875
v -0.035500 0.024067 0.014944
v -0.035500 0.023898 0.014984
v -0.035500 0.022969 0.014614
v -0.035500 0.023326 0.015067
v -0.035500 0.023612 0.015025
v -0.035500 0.023147 0.014840
v -0.035500 0.023724 0.014994
v -0.035500 0.023550 0.014973
v -0.035500 0.023383 0.014923
v -0.035500 0.023228 0.014845
v -0.035500 0.023088 0.014741
v -0.035500 0.022824 0.013624
v -0.035500 0.022718 0.013892
v -0.035500 0.022611 0.014161
v -0.035500 0.022790 0.014387
v -0.035500 0.022969 0.014614
v -0.035500 0.022873 0.014468
v -0.035500 0.022804 0.014308
v -0.035500 0.022764 0.014138
v -0.035500 0.022754 0.013964
v -0.035500 0.022774 0.013791
v -0.035500 0.024538 0.013375
v -0.035500 0.024181 0.012921
v -0.035500 0.023895 0.012963
v -0.035500 0.024360 0.013148
v -0.035500 0.023609 0.013005
v -0.035500 0.023783 0.012995
v -0.035500 0.023957 0.013015
v -0.035500 0.024123 0.013065
v -0.035500 0.024279 0.013143
v -0.035500 0.024419 0.013248
v -0.037000 0.024637 0.011881
v -0.037000 0.023859 0.011994
v -0.037000 0.023082 0.012107
v -0.037000 0.022304 0.012220
v -0.037000 0.025527 0.012545
v -0.037000 0.024750 0.012658
v -0.037000 0.022417 0.012998
v -0.037000 0.021640 0.013111
v -0.037000 0.025641 0.013322
v -0.037000 0.024863 0.013436
v -0.037000 0.022531 0.013775
v -0.037000 0.021753 0.013888
v -0.037000 0.025754 0.014100
v -0.037000 0.024976 0.014213
v -0.037000 0.022644 0.014553
v -0.037000 0.021866 0.014666
v -0.037000 0.025867 0.014877
v -0.037000 0.025090 0.014991
v -0.037000 0.022757 0.015330
v -0.037000 0.021979 0.015443
v -0.037000 0.025203 0.015768
v -0.037000 0.024425 0.015881
v -0.037000 0.023648 0.015995
v -0.037000 0.022870 0.016108
v -0.037000 0.023326 0.015067
v -0.037000 0.023898 0.014984
v -0.037000 0.024469 0.014901
v -0.037000 0.024181 0.012921
v -0.037000 0.023609 0.013005
v -0.037000 0.023038 0.013088
v -0.037000 0.024150 0.016715
v -0.037000 0.023881 0.016741
v -0.037000 0.023611 0.016739
v -0.037000 0.023343 0.016711
v -0.037000 0.023079 0.016657
v -0.037000 0.022821 0.016579
v -0.037000 0.022571 0.016475
v -0.037000 0.022334 0.016349
v -0.037000 0.022109 0.016199
v -0.037000 0.021902 0.016027
v -0.037000 0.021712 0.015835
v -0.037000 0.021542 0.015625
v -0.037000 0.021393 0.015400
v -0.037000 0.021266 0.015162
v -0.037000 0.021163 0.014913
v -0.037000 0.021085 0.014655
v -0.037000 0.021032 0.014390
v -0.037000 0.021007 0.014122
v -0.037000 0.021009 0.013852
v -0.037000 0.021037 0.013584
v -0.037000 0.021090 0.013319
v -0.037000 0.021169 0.013061
v -0.037000 0.021272 0.012812
v -0.037000 0.021399 0.012574
v -0.037000 0.021549 0.012350
v -0.037000 0.021721 0.012142
v -0.037000 0.021913 0.011953
v -0.037000 0.022122 0.011783
v -0.037000 0.022347 0.011634
v -0.037000 0.022586 0.011507
v -0.037000 0.022835 0.011404
v -0.037000 0.023093 0.011325
v -0.037000 0.023357 0.011273
v -0.037000 0.023626 0.011248
v -0.037000 0.023895 0.011249
v -0.037000 0.024164 0.011277
v -0.037000 0.024428 0.011331
v -0.037000 0.024686 0.011410
v -0.037000 0.024935 0.011513
v -0.037000 0.025173 0.011640
v -0.037000 0.025398 0.011790
v -0.037000 0.025605 0.011962
v -0.037000 0.025795 0.012154
v -0.037000 0.025965 0.012363
v -0.037000 0.026114 0.012588
v -0.037000 0.026241 0.012826
v -0.037000 0.026344 0.013075
v -0.037000 0.026422 0.013333
v -0.037000 0.026475 0.013598
v -0.037000 0.026500 0.013866
v -0.037000 0.026498 0.014136
v -0.037000 0.026470 0.014404
v -0.037000 0.026417 0.014669
v -0.037000 0.026338 0.014927
v -0.037000 0.026235 0.015176
v -0.037000 0.026108 0.015414
v -0.037000 0.025958 0.015638
v -0.037000 0.025786 0.015846
v -0.037000 0.025594 0.016035
v -0.037000 0.025384 0.016205
v -0.037000 0.025160 0.016354
v -0.037000 0.024921 0.016481
v -0.037000 0.024672 0.016585
v -0.037000 0.024414 0.016663
v -0.037000 0.024682 0.014364
v -0.037000 0.024896 0.013828
v -0.037000 0.024538 0.013375
v -0.037000 0.022824 0.013624
v -0.037000 0.022611 0.014161
v -0.037000 0.022969 0.014614
v -0.037000 0.024896 0.013828
v -0.037000 0.024682 0.014364
v -0.035500 0.024896 0.013828
v -0.036250 0.024896 0.013828
v -0.035500 0.024682 0.014364
v -0.035500 0.024469 0.014901
v -0.035500 0.024576 0.014632
v -0.036250 0.024682 0.014364
v -0.037000 0.024469 0.014901
v -0.036250 0.024469 0.014901
v -0.035500 0.024743 0.013850
v -0.036250 0.024789 0.014096
v -0.035875 0.024682 0.014364
v -0.035875 0.024789 0.014096
v -0.037000 0.024181 0.012921
v -0.037000 0.024896 0.013828
v -0.036250 0.024896 0.013828
v -0.037000 0.024538 0.013375
v -0.035500 0.024181 0.012921
v -0.036250 0.024181 0.012921
v -0.035500 0.024538 0.013375
v -0.035500 0.024360 0.013148
v -0.036250 0.024538 0.013375
v -0.035500 0.024896 0.013828
v -0.035875 0.024538 0.013375
v -0.036250 0.024717 0.013601
v -0.035875 0.024717 0.013601
v -0.035500 0.024743 0.013850
v -0.035500 0.024181 0.012921
v -0.035500 0.023895 0.012963
v -0.037000 0.023038 0.013088
v -0.037000 0.023609 0.013005
v -0.037000 0.024181 0.012921
v -0.036250 0.024181 0.012921
v -0.035500 0.023038 0.013088
v -0.036250 0.023038 0.013088
v -0.035500 0.023609 0.013005
v -0.035500 0.023324 0.013046
v -0.037000 0.023038 0.013088
v -0.036250 0.023038 0.013088
v -0.037000 0.022611 0.014161
v -0.037000 0.022824 0.013624
v -0.035500 0.022611 0.014161
v -0.036250 0.022611 0.014161
v -0.035500 0.022824 0.013624
v -0.035500 0.022718 0.013892
v -0.035500 0.023038 0.013088
v -0.035500 0.022931 0.013356
v -0.037000 0.023326 0.015067
v -0.037000 0.022611 0.014161
v -0.036250 0.022611 0.014161
v -0.037000 0.022969 0.014614
v -0.035500 0.023326 0.015067
v -0.036250 0.023326 0.015067
v -0.035500 0.022969 0.014614
v -0.035500 0.023147 0.014840
v -0.035500 0.022611 0.014161
v -0.035500 0.022790 0.014387
v -0.037000 0.024469 0.014901
v -0.035500 0.023898 0.014984
v -0.035500 0.024183 0.014942
v -0.035500 0.023326 0.015067
v -0.035500 0.023612 0.015025
v -0.037000 0.023898 0.014984
v -0.035500 0.024469 0.014901
v -0.036250 0.024469 0.014901
v -0.037000 0.023326 0.015067
v -0.036250 0.023326 0.015067
v -0.035500 0.022824 0.013624
v -0.035500 0.023609 0.013005
v -0.035500 0.023324 0.013046
v -0.035500 0.023038 0.013088
v -0.035500 0.022931 0.013356
v -0.035500 0.022903 0.013468
v -0.035500 0.023007 0.013329
v -0.035500 0.023134 0.013209
v -0.035500 0.023280 0.013114
v -0.035500 0.023440 0.013045
v -0.034923 0.023753 0.013994
v -0.035211 0.024248 0.013922
v -0.034923 0.023753 0.013994
v -0.035211 0.024236 0.013863
v -0.034923 0.023753 0.013994
v -0.035211 0.024218 0.013809
v -0.034923 0.023753 0.013994
v -0.035211 0.024194 0.013758
v -0.034923 0.023753 0.013994
v -0.035211 0.024164 0.013709
v -0.034923 0.023753 0.013994
v -0.035211 0.024130 0.013665
v -0.034923 0.023753 0.013994
v -0.035211 0.024091 0.013625
v -0.034923 0.023753 0.013994
v -0.035211 0.024048 0.013590
v -0.034923 0.023753 0.013994
v -0.035211 0.024002 0.013560
v -0.034923 0.023753 0.013994
v -0.035211 0.023952 0.013535
v -0.034923 0.023753 0.013994
v -0.035211 0.023901 0.013516
v -0.034923 0.023753 0.013994
v -0.035211 0.023847 0.013503
v -0.034923 0.023753 0.013994
v -0.035211 0.023792 0.013496
v -0.034923 0.023753 0.013994
v -0.035211 0.023733 0.013495
v -0.034923 0.023753 0.013994
v -0.035211 0.023681 0.013499
v -0.034923 0.023753 0.013994
v -0.035211 0.023622 0.013512
v -0.034923 0.023753 0.013994
v -0.035211 0.023568 0.013530
v -0.034923 0.023753 0.013994
v -0.035211 0.023517 0.013554
v -0.034923 0.023753 0.013994
v -0.035211 0.023468 0.013583
v -0.034923 0.023753 0.013994
v -0.035211 0.023424 0.013618
v -0.034923 0.023753 0.013994
v -0.035211 0.023385 0.013656
v -0.034923 0.023753 0.013994
v -0.035211 0.023350 0.013699
v -0.034923 0.023753 0.013994
v -0.035211 0.023320 0.013746
v -0.034923 0.023753 0.013994
v -0.035211 0.023295 0.013795
v -0.034923 0.023753 0.013994
v -0.035211 0.023276 0.013847
v -0.034923 0.023753 0.013994
v -0.035211 0.023262 0.013901
v -0.034923 0.023753 0.013994
v -0.035211 0.023255 0.013956
v -0.034923 0.023753 0.013994
v -0.035211 0.023254 0.014014
v -0.034923 0.023753 0.013994
v -0.035211 0.023259 0.014066
v -0.034923 0.023753 0.013994
v -0.035211 0.023271 0.014125
v -0.034923 0.023753 0.013994
v -0.035211 0.023289 0.014179
v -0.034923 0.023753 0.013994
v -0.035211 0.023313 0.014231
v -0.034923 0.023753 0.013994
v -0.035211 0.023343 0.014279
v -0.034923 0.023753 0.013994
v -0.035211 0.023377 0.014323
v -0.034923 0.023753 0.013994
v -0.035211 0.023416 0.014363
v -0.034923 0.023753 0.013994
v -0.035211 0.023459 0.014398
v -0.034923 0.023753 0.013994
v -0.035211 0.023505 0.014428
v -0.034923 0.023753 0.013994
v -0.035211 0.023554 0.014453
v -0.034923 0.023753 0.013994
v -0.035211 0.023606 0.014472
v -0.034923 0.023753 0.013994
v -0.035211 0.023660 0.014485
v -0.034923 0.023753 0.013994
v -0.035211 0.023715 0.014493
v -0.034923 0.023753 0.013994
v -0.035211 0.023773 0.014494
v -0.034923 0.023753 0.013994
v -0.035211 0.023826 0.014489
v -0.034923 0.023753 0.013994
v -0.035211 0.023884 0.014477
v -0.034923 0.023753 0.013994
v -0.035211 0.023938 0.014459
v -0.034923 0.023753 0.013994
v -0.035211 0.023990 0.014435
v -0.034923 0.023753 0.013994
v -0.035211 0.024039 0.014405
v -0.034923 0.023753 0.013994
v -0.035211 0.024083 0.014371
v -0.034923 0.023753 0.013994
v -0.035211 0.024122 0.014332
v -0.034923 0.023753 0.013994
v -0.035211 0.024157 0.014289
v -0.034923 0.023753 0.013994
v -0.035211 0.024187 0.014243
v -0.034923 0.023753 0.013994
v -0.035211 0.024212 0.014193
v -0.034923 0.023753 0.013994
v -0.035211 0.024231 0.014141
v -0.034923 0.023753 0.013994
v -0.035211 0.024245 0.014087
v -0.034923 0.023753 0.013994
v -0.035211 0.024252 0.014033
v -0.034923 0.023753 0.013994
v -0.035211 0.024253 0.013974
v -0.035211 0.024248 0.013922
v -0.035500 0.022824 0.013624
v -0.035500 0.022903 0.013468
v -0.035500 0.023007 0.013329
v -0.035500 0.023134 0.013209
v -0.035500 0.023280 0.013114
v -0.035500 0.023440 0.013045
v -0.035500 0.022969 0.014614
v -0.035500 0.022873 0.014468
v -0.035500 0.022804 0.014308
v -0.035500 0.022764 0.014138
v -0.035500 0.022754 0.013964
v -0.035500 0.022774 0.013791
v -0.035500 0.023898 0.014984
v -0.035500 0.023724 0.014994
v -0.035500 0.023550 0.014973
v -0.035500 0.023383 0.014923
v -0.035500 0.023228 0.014845
v -0.035500 0.023088 0.014741
v -0.035500 0.023609 0.013005
v -0.035500 0.023783 0.012995
v -0.035500 0.023957 0.013015
v -0.035500 0.024123 0.013065
v -0.035500 0.024279 0.013143
v -0.035500 0.024419 0.013248
v -0.035500 0.024538 0.013375
v -0.035500 0.024743 0.013850
v -0.035500 0.024753 0.014024
v -0.035500 0.024733 0.014197
v -0.035500 0.024634 0.013520
v -0.035500 0.024703 0.013680
v -0.035500 0.024743 0.013850
v -0.035500 0.024682 0.014364
v -0.035500 0.024604 0.014520
v -0.035500 0.024500 0.014660
v -0.035500 0.024373 0.014779
v -0.035500 0.024227 0.014875
v -0.035500 0.024067 0.014944
v -0.035500 -0.014588 -0.014743
v -0.035500 -0.014274 -0.013793
v -0.035500 -0.014215 -0.014076
v -0.035500 -0.014157 -0.014359
v -0.035500 -0.014372 -0.014551
v -0.035500 -0.014468 -0.014616
v -0.035500 -0.014373 -0.014470
v -0.035500 -0.014304 -0.014310
v -0.035500 -0.014264 -0.014141
v -0.035500 -0.014254 -0.013967
v -0.035500 -0.014274 -0.013793
v -0.035500 -0.014940 -0.013047
v -0.035500 -0.014391 -0.013228
v -0.035500 -0.014324 -0.013627
v -0.035500 -0.014403 -0.013471
v -0.035500 -0.014507 -0.013331
v -0.035500 -0.014634 -0.013212
v -0.035500 -0.014779 -0.013116
v -0.035500 -0.015919 -0.013250
v -0.035500 -0.015488 -0.012866
v -0.035500 -0.014940 -0.013047
v -0.035500 -0.015109 -0.013007
v -0.035500 -0.015283 -0.012997
v -0.035500 -0.015456 -0.013017
v -0.035500 -0.015623 -0.013068
v -0.035500 -0.015779 -0.013146
v -0.035500 -0.016232 -0.014200
v -0.035500 -0.016350 -0.013634
v -0.035500 -0.016134 -0.013442
v -0.035500 -0.015919 -0.013250
v -0.035500 -0.016038 -0.013377
v -0.035500 -0.016134 -0.013523
v -0.035500 -0.016203 -0.013683
v -0.035500 -0.016218 -0.013941
v -0.035500 -0.016203 -0.013683
v -0.035500 -0.016243 -0.013852
v -0.035500 -0.016253 -0.014026
v -0.035500 -0.014588 -0.014743
v -0.035500 -0.015567 -0.014946
v -0.035500 -0.015019 -0.015127
v -0.035500 -0.015397 -0.014986
v -0.035500 -0.015223 -0.014996
v -0.035500 -0.015050 -0.014976
v -0.035500 -0.014883 -0.014926
v -0.035500 -0.014728 -0.014847
v -0.037000 -0.014750 -0.016231
v -0.037000 -0.015496 -0.015985
v -0.037000 -0.016243 -0.015738
v -0.037000 -0.016989 -0.015492
v -0.037000 -0.013758 -0.015732
v -0.037000 -0.014504 -0.015485
v -0.037000 -0.016742 -0.014746
v -0.037000 -0.017488 -0.014499
v -0.037000 -0.013511 -0.014986
v -0.037000 -0.014257 -0.014739
v -0.037000 -0.016496 -0.014000
v -0.037000 -0.017242 -0.013753
v -0.037000 -0.013265 -0.014240
v -0.037000 -0.014011 -0.013993
v -0.037000 -0.016249 -0.013254
v -0.037000 -0.016995 -0.013007
v -0.037000 -0.013018 -0.013494
v -0.037000 -0.013764 -0.013247
v -0.037000 -0.016003 -0.012508
v -0.037000 -0.016749 -0.012261
v -0.037000 -0.013518 -0.012501
v -0.037000 -0.014264 -0.012255
v -0.037000 -0.015010 -0.012008
v -0.037000 -0.015756 -0.011762
v -0.037000 -0.015488 -0.012866
v -0.037000 -0.014940 -0.013047
v -0.037000 -0.014391 -0.013228
v -0.037000 -0.015019 -0.015127
v -0.037000 -0.015567 -0.014946
v -0.037000 -0.016115 -0.014765
v -0.037000 -0.014390 -0.011385
v -0.037000 -0.014651 -0.011314
v -0.037000 -0.014916 -0.011269
v -0.037000 -0.015185 -0.011250
v -0.037000 -0.015455 -0.011257
v -0.037000 -0.015723 -0.011289
v -0.037000 -0.015986 -0.011348
v -0.037000 -0.016243 -0.011431
v -0.037000 -0.016490 -0.011540
v -0.037000 -0.016724 -0.011673
v -0.037000 -0.016944 -0.011830
v -0.037000 -0.017148 -0.012006
v -0.037000 -0.017333 -0.012202
v -0.037000 -0.017500 -0.012414
v -0.037000 -0.017645 -0.012642
v -0.037000 -0.017767 -0.012882
v -0.037000 -0.017864 -0.013134
v -0.037000 -0.017936 -0.013394
v -0.037000 -0.017981 -0.013660
v -0.037000 -0.018000 -0.013929
v -0.037000 -0.017993 -0.014199
v -0.037000 -0.017960 -0.014466
v -0.037000 -0.017902 -0.014730
v -0.037000 -0.017819 -0.014986
v -0.037000 -0.017710 -0.015233
v -0.037000 -0.017576 -0.015467
v -0.037000 -0.017420 -0.015687
v -0.037000 -0.017243 -0.015891
v -0.037000 -0.017048 -0.016077
v -0.037000 -0.016835 -0.016243
v -0.037000 -0.016608 -0.016388
v -0.037000 -0.016367 -0.016510
v -0.037000 -0.016116 -0.016608
v -0.037000 -0.015856 -0.016679
v -0.037000 -0.015590 -0.016724
v -0.037000 -0.015321 -0.016743
v -0.037000 -0.015051 -0.016736
v -0.037000 -0.014783 -0.016704
v -0.037000 -0.014520 -0.016645
v -0.037000 -0.014264 -0.016562
v -0.037000 -0.014017 -0.016453
v -0.037000 -0.013782 -0.016320
v -0.037000 -0.013563 -0.016164
v -0.037000 -0.013359 -0.015987
v -0.037000 -0.013173 -0.015791
v -0.037000 -0.013007 -0.015579
v -0.037000 -0.012862 -0.015351
v -0.037000 -0.012740 -0.015111
v -0.037000 -0.012642 -0.014859
v -0.037000 -0.012571 -0.014599
v -0.037000 -0.012525 -0.014333
v -0.037000 -0.012506 -0.014064
v -0.037000 -0.012513 -0.013795
v -0.037000 -0.012546 -0.013527
v -0.037000 -0.012604 -0.013263
v -0.037000 -0.012688 -0.013007
v -0.037000 -0.012797 -0.012760
v -0.037000 -0.012930 -0.012526
v -0.037000 -0.013086 -0.012306
v -0.037000 -0.013263 -0.012102
v -0.037000 -0.013459 -0.011916
v -0.037000 -0.013671 -0.011750
v -0.037000 -0.013899 -0.011605
v -0.037000 -0.014139 -0.011483
v -0.037000 -0.014274 -0.013793
v -0.037000 -0.014157 -0.014359
v -0.037000 -0.014588 -0.014743
v -0.037000 -0.016232 -0.014200
v -0.037000 -0.016350 -0.013634
v -0.037000 -0.015919 -0.013250
v -0.037000 -0.014157 -0.014359
v -0.037000 -0.014274 -0.013793
v -0.035500 -0.014157 -0.014359
v -0.036250 -0.014157 -0.014359
v -0.035500 -0.014274 -0.013793
v -0.035500 -0.014215 -0.014076
v -0.035500 -0.014391 -0.013228
v -0.037000 -0.014391 -0.013228
v -0.036250 -0.014391 -0.013228
v -0.037000 -0.014157 -0.014359
v -0.036250 -0.014157 -0.014359
v -0.037000 -0.015019 -0.015127
v -0.037000 -0.014588 -0.014743
v -0.035500 -0.015019 -0.015127
v -0.036250 -0.015019 -0.015127
v -0.035500 -0.014588 -0.014743
v -0.035500 -0.014157 -0.014359
v -0.035500 -0.014372 -0.014551
v -0.037000 -0.016115 -0.014765
v -0.035500 -0.015019 -0.015127
v -0.035500 -0.015567 -0.014946
v -0.037000 -0.015567 -0.014946
v -0.037000 -0.015019 -0.015127
v -0.036250 -0.015019 -0.015127
v -0.035500 -0.016115 -0.014765
v -0.036250 -0.016115 -0.014765
v -0.037000 -0.016115 -0.014765
v -0.036250 -0.016115 -0.014765
v -0.037000 -0.016350 -0.013634
v -0.037000 -0.016232 -0.014200
v -0.035500 -0.016350 -0.013634
v -0.036250 -0.016232 -0.014200
v -0.036250 -0.016291 -0.013917
v -0.035875 -0.016232 -0.014200
v -0.035875 -0.016291 -0.013917
v -0.035500 -0.016232 -0.014200
v -0.035500 -0.016218 -0.013941
v -0.035500 -0.016115 -0.014765
v -0.036250 -0.016276 -0.013659
v -0.035500 -0.016203 -0.013683
v -0.037000 -0.016350 -0.013634
v -0.035500 -0.015488 -0.012866
v -0.037000 -0.015488 -0.012866
v -0.037000 -0.015919 -0.013250
v -0.036250 -0.015488 -0.012866
v -0.035500 -0.015919 -0.013250
v -0.035500 -0.016350 -0.013634
v -0.036250 -0.015919 -0.013250
v -0.035875 -0.015919 -0.013250
v -0.036250 -0.016134 -0.013442
v -0.035875 -0.016134 -0.013442
v -0.036250 -0.016350 -0.013634
v -0.035500 -0.016203 -0.013683
v -0.037000 -0.015488 -0.012866
v -0.035500 -0.014940 -0.013047
v -0.035500 -0.015488 -0.012866
v -0.037000 -0.014391 -0.013228
v -0.037000 -0.014940 -0.013047
v -0.035500 -0.014391 -0.013228
v -0.036250 -0.014391 -0.013228
v -0.036250 -0.015488 -0.012866
v -0.035500 -0.016232 -0.014200
v -0.035500 -0.015567 -0.014946
v -0.035500 -0.016115 -0.014765
v -0.035500 -0.016182 -0.014367
v -0.035500 -0.016104 -0.014522
v -0.035500 -0.016000 -0.014662
v -0.035500 -0.015873 -0.014781
v -0.035500 -0.015727 -0.014877
v -0.034923 -0.015253 -0.013997
v -0.035211 -0.015728 -0.013840
v -0.034923 -0.015253 -0.013997
v -0.035211 -0.015706 -0.013784
v -0.034923 -0.015253 -0.013997
v -0.035211 -0.015679 -0.013734
v -0.034923 -0.015253 -0.013997
v -0.035211 -0.015646 -0.013687
v -0.034923 -0.015253 -0.013997
v -0.035211 -0.015608 -0.013644
v -0.034923 -0.015253 -0.013997
v -0.035211 -0.015567 -0.013607
v -0.034923 -0.015253 -0.013997
v -0.035211 -0.015522 -0.013575
v -0.034923 -0.015253 -0.013997
v -0.035211 -0.015474 -0.013548
v -0.034923 -0.015253 -0.013997
v -0.035211 -0.015423 -0.013526
v -0.034923 -0.015253 -0.013997
v -0.035211 -0.015370 -0.013510
v -0.034923 -0.015253 -0.013997
v -0.035211 -0.015315 -0.013500
v -0.034923 -0.015253 -0.013997
v -0.035211 -0.015260 -0.013497
v -0.034923 -0.015253 -0.013997
v -0.035211 -0.015205 -0.013499
v -0.034923 -0.015253 -0.013997
v -0.035211 -0.015147 -0.013508
v -0.034923 -0.015253 -0.013997
v -0.035211 -0.015096 -0.013522
v -0.034923 -0.015253 -0.013997
v -0.035211 -0.015040 -0.013544
v -0.034923 -0.015253 -0.013997
v -0.035211 -0.014990 -0.013571
v -0.034923 -0.015253 -0.013997
v -0.035211 -0.014944 -0.013604
v -0.034923 -0.015253 -0.013997
v -0.035211 -0.014901 -0.013642
v -0.034923 -0.015253 -0.013997
v -0.035211 -0.014864 -0.013683
v -0.034923 -0.015253 -0.013997
v -0.035211 -0.014832 -0.013728
v -0.034923 -0.015253 -0.013997
v -0.035211 -0.014804 -0.013776
v -0.034923 -0.015253 -0.013997
v -0.035211 -0.014783 -0.013827
v -0.034923 -0.015253 -0.013997
v -0.035211 -0.014767 -0.013880
v -0.034923 -0.015253 -0.013997
v -0.035211 -0.014757 -0.013935
v -0.034923 -0.015253 -0.013997
v -0.035211 -0.014753 -0.013990
v -0.034923 -0.015253 -0.013997
v -0.035211 -0.014756 -0.014045
v -0.034923 -0.015253 -0.013997
v -0.035211 -0.014765 -0.014103
v -0.034923 -0.015253 -0.013997
v -0.035211 -0.014778 -0.014153
v -0.034923 -0.015253 -0.013997
v -0.035211 -0.014801 -0.014209
v -0.034923 -0.015253 -0.013997
v -0.035211 -0.014828 -0.014259
v -0.034923 -0.015253 -0.013997
v -0.035211 -0.014861 -0.014306
v -0.034923 -0.015253 -0.013997
v -0.035211 -0.014898 -0.014349
v -0.034923 -0.015253 -0.013997
v -0.035211 -0.014940 -0.014386
v -0.034923 -0.015253 -0.013997
v -0.035211 -0.014985 -0.014418
v -0.034923 -0.015253 -0.013997
v -0.035211 -0.015033 -0.014445
v -0.034923 -0.015253 -0.013997
v -0.035211 -0.015084 -0.014467
v -0.034923 -0.015253 -0.013997
v -0.035211 -0.015137 -0.014483
v -0.034923 -0.015253 -0.013997
v -0.035211 -0.015191 -0.014493
v -0.034923 -0.015253 -0.013997
v -0.035211 -0.015247 -0.014496
v -0.034923 -0.015253 -0.013997
v -0.035211 -0.015302 -0.014494
v -0.034923 -0.015253 -0.013997
v -0.035211 -0.015360 -0.014485
v -0.034923 -0.015253 -0.013997
v -0.035211 -0.015410 -0.014471
v -0.034923 -0.015253 -0.013997
v -0.035211 -0.015466 -0.014449
v -0.034923 -0.015253 -0.013997
v -0.035211 -0.015516 -0.014422
v -0.034923 -0.015253 -0.013997
v -0.035211 -0.015563 -0.014389
v -0.034923 -0.015253 -0.013997
v -0.035211 -0.015605 -0.014352
v -0.034923 -0.015253 -0.013997
v -0.035211 -0.015643 -0.014310
v -0.034923 -0.015253 -0.013997
v -0.035211 -0.015675 -0.014265
v -0.034923 -0.015253 -0.013997
v -0.035211 -0.015702 -0.014217
v -0.034923 -0.015253 -0.013997
v -0.035211 -0.015724 -0.014166
v -0.034923 -0.015253 -0.013997
v -0.035211 -0.015740 -0.014113
v -0.034923 -0.015253 -0.013997
v -0.035211 -0.015749 -0.014058
v -0.034923 -0.015253 -0.013997
v -0.035211 -0.015753 -0.014003
v -0.034923 -0.015253 -0.013997
v -0.035211 -0.015751 -0.013948
v -0.034923 -0.015253 -0.013997
v -0.035211 -0.015742 -0.013890
v -0.035211 -0.015728 -0.013840
v -0.035500 -0.014274 -0.013793
v -0.035500 -0.014324 -0.013627
v -0.035500 -0.014403 -0.013471
v -0.035500 -0.014507 -0.013331
v -0.035500 -0.014634 -0.013212
v -0.035500 -0.014779 -0.013116
v -0.035500 -0.014588 -0.014743
v -0.035500 -0.014468 -0.014616
v -0.035500 -0.014373 -0.014470
v -0.035500 -0.014304 -0.014310
v -0.035500 -0.014264 -0.014141
v -0.035500 -0.014254 -0.013967
v -0.035500 -0.015567 -0.014946
v -0.035500 -0.015397 -0.014986
v -0.035500 -0.015223 -0.014996
v -0.035500 -0.015050 -0.014976
v -0.035500 -0.014883 -0.014926
v -0.035500 -0.014728 -0.014847
v -0.035500 -0.014940 -0.013047
v -0.035500 -0.015109 -0.013007
v -0.035500 -0.015283 -0.012997
v -0.035500 -0.015456 -0.013017
v -0.035500 -0.015623 -0.013068
v -0.035500 -0.015779 -0.013146
v -0.035500 -0.016203 -0.013683
v -0.035500 -0.016243 -0.013852
v -0.035500 -0.016253 -0.014026
v -0.035500 -0.016232 -0.014200
v -0.035500 -0.015919 -0.013250
v -0.035500 -0.016038 -0.013377
v -0.035500 -0.016134 -0.013523
v -0.035500 -0.016203 -0.013683
v -0.035500 -0.016182 -0.014367
v -0.035500 -0.016104 -0.014522
v -0.035500 -0.016000 -0.014662
v -0.035500 -0.015873 -0.014781
v -0.035500 -0.015727 -0.014877
vn 0.0002 -1.0000 0.0004
vn -0.0001 -1.0000 0.0003
vn -0.0000 -1.0000 0.0002
vn 0.0003 -1.0000 0.0003
vn 0.0004 -1.0000 0.0003
vn 0.0006 -1.0000 0.0003
vn -0.0000 -1.0000 -0.0000
vn 0.0001 -1.0000 0.0002
vn 0.0001 -1.0000 0.0003
vn -0.0001 -1.0000 -0.0004
vn 0.0002 -1.0000 0.0002
vn -0.0000 -1.0000 -0.0002
vn 0.0001 -1.0000 0.0001
vn -0.0000 -1.0000 0.0001
vn 0.0001 -1.0000 0.0004
vn -0.0002 -1.0000 0.0002
vn 0.0002 -1.0000 0.0005
vn -0.0001 -1.0000 0.0001
vn 0.0001 -1.0000 0.0006
vn -0.0000 -1.0000 0.0007
vn -0.0002 -1.0000 0.0001
vn -0.0002 -1.0000 -0.0000
vn -0.0000 -1.0000 0.0004
vn 0.0001 -1.0000 0.0005
vn 0.0004 -1.0000 0.0005
vn 0.0007 -1.0000 0.0004
vn 0.0003 -1.0000 0.0002
vn 0.0005 -1.0000 0.0003
vn 0.0002 -1.0000 -0.0002
vn -0.0003 -1.0000 0.0004
vn 0.0002 -1.0000 0.0001
vn 0.0002 -1.0000 -0.0000
vn -0.0001 -1.0000 0.0004
vn -0.0000 -1.0000 0.0005
vn -0.0002 -1.0000 0.0004
vn -0.0002 -1.0000 0.0005
vn -0.0001 -1.0000 0.0006
vn -0.0000 -1.0000 0.0006
vn -0.5441 -0.7482 -0.3797
vn -0.5421 -0.7402 -0.3978
vn -0.5195 -0.7547 -0.4007
vn -0.5249 -0.7585 -0.3863
vn -0.4981 -0.7666 -0.4052
vn -0.5083 -0.7651 -0.3952
vn -0.4771 -0.7759 -0.4127
vn -0.4906 -0.7696 -0.4086
vn -0.4551 -0.7829 -0.4243
vn -0.4753 -0.7692 -0.4271
vn -0.4349 -0.7861 -0.4392
vn -0.4584 -0.7662 -0.4502
vn -0.4134 -0.7862 -0.4594
vn -0.4402 -0.7598 -0.4784
vn -0.3908 -0.7830 -0.4840
vn -0.4197 -0.7515 -0.5090
vn -0.3658 -0.7771 -0.5122
vn -0.3991 -0.7405 -0.5408
vn -0.3414 -0.7690 -0.5404
vn -0.3739 -0.7294 -0.5729
vn -0.3188 -0.7569 -0.5704
vn -0.5643 -0.7437 -0.3583
vn -0.5631 -0.7353 -0.3772
vn -0.5485 -0.7520 -0.3654
vn -0.5345 -0.7568 -0.3764
vn -0.5205 -0.7587 -0.3918
vn -0.5091 -0.7555 -0.4124
vn -0.4969 -0.7491 -0.4380
vn -0.4842 -0.7388 -0.4687
vn -0.4683 -0.7270 -0.5023
vn -0.4517 -0.7130 -0.5364
vn -0.4286 -0.6993 -0.5721
vn -0.5836 -0.7391 -0.3363
vn -0.5813 -0.7325 -0.3543
vn -0.5702 -0.7458 -0.3444
vn -0.5590 -0.7487 -0.3564
vn -0.5490 -0.7479 -0.3731
vn -0.5424 -0.7414 -0.3952
vn -0.5353 -0.7312 -0.4229
vn -0.5274 -0.7169 -0.4559
vn -0.5175 -0.7005 -0.4914
vn -0.5049 -0.6830 -0.5278
vn -0.4789 -0.6768 -0.5591
vn -0.6016 -0.7346 -0.3136
vn -0.5990 -0.7284 -0.3326
vn -0.5906 -0.7398 -0.3223
vn -0.5826 -0.7404 -0.3351
vn -0.5765 -0.7367 -0.3534
vn -0.5750 -0.7266 -0.3760
vn -0.5727 -0.7128 -0.4049
vn -0.5700 -0.6944 -0.4393
vn -0.5647 -0.6736 -0.4768
vn -0.5583 -0.6506 -0.5147
vn -0.5403 -0.6345 -0.5527
vn -0.6180 -0.7309 -0.2895
vn -0.6136 -0.7265 -0.3093
vn -0.6094 -0.7345 -0.2987
vn -0.6051 -0.7326 -0.3118
vn -0.6027 -0.7261 -0.3310
vn -0.6054 -0.7129 -0.3539
vn -0.6083 -0.6949 -0.3835
vn -0.6114 -0.6715 -0.4186
vn -0.6119 -0.6456 -0.4570
vn -0.6120 -0.6166 -0.4953
vn -0.6022 -0.5904 -0.5373
vn -0.6340 -0.7264 -0.2654
vn -0.6286 -0.7239 -0.2842
vn -0.6281 -0.7280 -0.2748
vn -0.6269 -0.7238 -0.2881
vn -0.6284 -0.7146 -0.3074
vn -0.6354 -0.6977 -0.3308
vn -0.6436 -0.6754 -0.3601
vn -0.6527 -0.6465 -0.3951
vn -0.6589 -0.6144 -0.4341
vn -0.6637 -0.5795 -0.4729
vn -0.6620 -0.5445 -0.5150
vn -0.6469 -0.7237 -0.2403
vn -0.6422 -0.7209 -0.2603
vn -0.6430 -0.7238 -0.2502
vn -0.6449 -0.7176 -0.2629
vn -0.6505 -0.7054 -0.2816
vn -0.6612 -0.6858 -0.3041
vn -0.6735 -0.6597 -0.3333
vn -0.6882 -0.6263 -0.3663
vn -0.7007 -0.5880 -0.4040
vn -0.7107 -0.5474 -0.4419
vn -0.7159 -0.5034 -0.4839
vn -0.6595 -0.7203 -0.2152
vn -0.6538 -0.7191 -0.2357
vn -0.6581 -0.7187 -0.2243
vn -0.6627 -0.7104 -0.2370
vn -0.6712 -0.6958 -0.2557
vn -0.6860 -0.6729 -0.2766
vn -0.7031 -0.6428 -0.3040
vn -0.7224 -0.6045 -0.3358
vn -0.7399 -0.5603 -0.3722
vn -0.7554 -0.5128 -0.4078
vn -0.7662 -0.4616 -0.4471
vn -0.6703 -0.7175 -0.1895
vn -0.6647 -0.7169 -0.2102
vn -0.6712 -0.7145 -0.1977
vn -0.6782 -0.7044 -0.2094
vn -0.6902 -0.6871 -0.2271
vn -0.7082 -0.6614 -0.2471
vn -0.7298 -0.6273 -0.2720
vn -0.7533 -0.5845 -0.3014
vn -0.7754 -0.5348 -0.3357
vn -0.7959 -0.4807 -0.3681
vn -0.8106 -0.4234 -0.4046
vn -0.6797 -0.7151 -0.1634
vn -0.6742 -0.7151 -0.1846
vn -0.6824 -0.7107 -0.1709
vn -0.6917 -0.6989 -0.1816
vn -0.7072 -0.6791 -0.1966
vn -0.7286 -0.6506 -0.2142
vn -0.7531 -0.6135 -0.2377
vn -0.7807 -0.5664 -0.2640
vn -0.8070 -0.5115 -0.2953
vn -0.8313 -0.4515 -0.3241
vn -0.8492 -0.3892 -0.3569
vn -0.6879 -0.7128 -0.1369
vn -0.6828 -0.7131 -0.1590
vn -0.6920 -0.7075 -0.1433
vn -0.7037 -0.6940 -0.1522
vn -0.7213 -0.6723 -0.1663
vn -0.7454 -0.6415 -0.1813
vn -0.7736 -0.6009 -0.2012
vn -0.8046 -0.5500 -0.2239
vn -0.8341 -0.4909 -0.2515
vn -0.8617 -0.4256 -0.2763
vn -0.8822 -0.3583 -0.3054
vn -0.6944 -0.7112 -0.1091
vn -0.6898 -0.7117 -0.1327
vn -0.7000 -0.7049 -0.1145
vn -0.7133 -0.6902 -0.1220
vn -0.7335 -0.6665 -0.1335
vn -0.7597 -0.6336 -0.1463
vn -0.7899 -0.5911 -0.1632
vn -0.8238 -0.5367 -0.1822
vn -0.8567 -0.4734 -0.2048
vn -0.8866 -0.4042 -0.2249
vn -0.9094 -0.3337 -0.2485
vn -0.6996 -0.7098 -0.0816
vn -0.6953 -0.7107 -0.1068
vn -0.7063 -0.7027 -0.0857
vn -0.7208 -0.6870 -0.0917
vn -0.7428 -0.6618 -0.1010
vn -0.7703 -0.6280 -0.1102
vn -0.8030 -0.5830 -0.1235
vn -0.8389 -0.5264 -0.1381
vn -0.8743 -0.4597 -0.1558
vn -0.9059 -0.3875 -0.1710
vn -0.9311 -0.3113 -0.1902
vn -0.7033 -0.7088 -0.0540
vn -0.6994 -0.7103 -0.0800
vn -0.7110 -0.7009 -0.0568
vn -0.7261 -0.6849 -0.0612
vn -0.7490 -0.6591 -0.0678
vn -0.7783 -0.6235 -0.0738
vn -0.8124 -0.5771 -0.0829
vn -0.8498 -0.5188 -0.0926
vn -0.8868 -0.4500 -0.1055
vn -0.9197 -0.3755 -0.1150
vn -0.9466 -0.2965 -0.1264
vn -0.7057 -0.7080 -0.0267
vn -0.7026 -0.7096 -0.0536
vn -0.7131 -0.7005 -0.0281
vn -0.7290 -0.6839 -0.0300
vn -0.7534 -0.6567 -0.0338
vn -0.7832 -0.6207 -0.0367
vn -0.8177 -0.5742 -0.0415
vn -0.8564 -0.5142 -0.0460
vn -0.8935 -0.4457 -0.0547
vn -0.9286 -0.3665 -0.0584
vn -0.9540 -0.2892 -0.0787
vn -0.9683 -0.2476 -0.0326
vn -0.9666 -0.2477 -0.0657
vn -0.5254 -0.7411 -0.4180
vn -0.5529 -0.7269 -0.4073
vn -0.5428 -0.7285 -0.4178
vn -0.5081 -0.7527 -0.4187
vn -0.5725 -0.7238 -0.3852
vn -0.5628 -0.7253 -0.3964
vn -0.5820 -0.7224 -0.3735
vn -0.4907 -0.7633 -0.4202
vn -0.4733 -0.7728 -0.4228
vn -0.4558 -0.7811 -0.4267
vn -0.4382 -0.7881 -0.4323
vn -0.4204 -0.7936 -0.4399
vn -0.4023 -0.7974 -0.4498
vn -0.6252 -0.7156 -0.3115
vn -0.6178 -0.7167 -0.3235
vn -0.6092 -0.7181 -0.3364
vn -0.6325 -0.7144 -0.2993
vn -0.6650 -0.7093 -0.2337
vn -0.6589 -0.7103 -0.2476
vn -0.6462 -0.7123 -0.2740
vn -0.6395 -0.7133 -0.2868
vn -0.6527 -0.7113 -0.2609
vn -0.6004 -0.7195 -0.3491
vn -0.5913 -0.7209 -0.3614
vn -0.6705 -0.7085 -0.2202
vn -0.3648 -0.7998 -0.4767
vn -0.3454 -0.7981 -0.4938
vn -0.3254 -0.7945 -0.5127
vn -0.3050 -0.7892 -0.5330
vn -0.3838 -0.7995 -0.4620
vn -0.2842 -0.7826 -0.5539
vn -0.2632 -0.7749 -0.5746
vn -0.2527 -0.7709 -0.5847
vn -0.2422 -0.7668 -0.5944
vn -0.2692 -0.7561 -0.5965
vn -0.3262 -0.7306 -0.5998
vn -0.2972 -0.7440 -0.5984
vn -0.3868 -0.6996 -0.6008
vn -0.3560 -0.7158 -0.6007
vn -0.4184 -0.6818 -0.6001
vn -0.4508 -0.6626 -0.5981
vn -0.5508 -0.5972 -0.5831
vn -0.4838 -0.6421 -0.5947
vn -0.6177 -0.5481 -0.5639
vn -0.5172 -0.6202 -0.5898
vn -0.5844 -0.5731 -0.5745
vn -0.6506 -0.5224 -0.5512
vn -0.6827 -0.4962 -0.5364
vn -0.7138 -0.4698 -0.5194
vn -0.6958 -0.7045 -0.1395
vn -0.6924 -0.7050 -0.1535
vn -0.6886 -0.7056 -0.1673
vn -0.6844 -0.7063 -0.1808
vn -0.7081 -0.7026 -0.0702
vn -0.7063 -0.7029 -0.0841
vn -0.7042 -0.7032 -0.0979
vn -0.7018 -0.7036 -0.1116
vn -0.6990 -0.7040 -0.1255
vn -0.6801 -0.7069 -0.1941
vn -0.6755 -0.7077 -0.2072
vn -0.7047 -0.7090 -0.0265
vn -0.7107 -0.7022 -0.0422
vn -0.7096 -0.7024 -0.0562
vn -0.7115 -0.7021 -0.0281
vn -0.7059 -0.7083 0.0001
vn -0.7122 -0.7020 0.0001
vn -0.7120 -0.7020 -0.0140
vn -0.7042 -0.7100 0.0001
vn -0.7142 -0.6999 0.0002
vn -0.7420 -0.6704 0.0002
vn -0.7852 -0.6192 0.0001
vn -0.8393 -0.5437 0.0001
vn -0.7438 -0.4434 -0.5001
vn -0.7724 -0.4173 -0.4787
vn -0.7994 -0.3919 -0.4554
vn -0.8890 -0.3013 -0.3447
vn -0.9222 -0.2654 -0.2812
vn -0.8480 -0.3439 -0.4032
vn -0.9359 -0.2504 -0.2479
vn -0.8246 -0.3674 -0.4302
vn -0.8695 -0.3219 -0.3747
vn -0.9066 -0.2824 -0.3135
vn -0.9476 -0.2374 -0.2139
vn -0.9574 -0.2265 -0.1792
vn -0.8958 -0.4444 0.0001
vn -0.9449 -0.3273 -0.0000
vn -0.9582 -0.2845 -0.0309
vn -0.9642 -0.2653 0.0001
vn -0.9653 -0.2178 -0.1440
vn -0.9714 -0.2112 -0.1083
vn -0.9757 -0.2068 -0.0724
vn -0.9783 -0.2042 -0.0362
vn -0.9722 -0.2342 -0.0000
vn -0.9791 -0.2033 -0.0000
vn -0.5401 -0.7512 0.3795
vn -0.5400 -0.7417 0.3978
vn -0.5617 -0.7379 0.3742
vn -0.5206 -0.7609 0.3873
vn -0.5169 -0.7559 0.4018
vn -0.5025 -0.7669 0.3991
vn -0.4924 -0.7684 0.4087
vn -0.4845 -0.7692 0.4167
vn -0.4692 -0.7767 0.4202
vn -0.4677 -0.7669 0.4395
vn -0.4474 -0.7822 0.4335
vn -0.4511 -0.7607 0.4667
vn -0.4223 -0.7831 0.4566
vn -0.4309 -0.7505 0.5011
vn -0.4026 -0.7809 0.4775
vn -0.4090 -0.7391 0.5352
vn -0.3708 -0.7741 0.5130
vn -0.3892 -0.7240 0.5695
vn -0.3500 -0.7653 0.5402
vn -0.5627 -0.7456 0.3570
vn -0.5812 -0.7343 0.3507
vn -0.5459 -0.7536 0.3662
vn -0.5315 -0.7571 0.3799
vn -0.5187 -0.7560 0.3993
vn -0.5070 -0.7499 0.4250
vn -0.4961 -0.7394 0.4552
vn -0.4819 -0.7251 0.4919
vn -0.4650 -0.7093 0.5297
vn -0.4466 -0.6932 0.5657
vn -0.5830 -0.7408 0.3337
vn -0.5996 -0.7305 0.3270
vn -0.5700 -0.7462 0.3439
vn -0.5596 -0.7470 0.3591
vn -0.5517 -0.7424 0.3800
vn -0.5456 -0.7323 0.4075
vn -0.5400 -0.7177 0.4396
vn -0.5323 -0.6980 0.4790
vn -0.5212 -0.6775 0.5190
vn -0.5065 -0.6572 0.5582
vn -0.6023 -0.7358 0.3096
vn -0.6163 -0.7270 0.3025
vn -0.5923 -0.7393 0.3204
vn -0.5860 -0.7372 0.3365
vn -0.5834 -0.7288 0.3585
vn -0.5826 -0.7148 0.3869
vn -0.5830 -0.6952 0.4205
vn -0.5820 -0.6699 0.4610
vn -0.5775 -0.6432 0.5028
vn -0.5672 -0.6176 0.5448
vn -0.6199 -0.7312 0.2845
vn -0.6314 -0.7242 0.2772
vn -0.6132 -0.7325 0.2956
vn -0.6109 -0.7276 0.3120
vn -0.6127 -0.7160 0.3346
vn -0.6178 -0.6974 0.3634
vn -0.6243 -0.6726 0.3974
vn -0.6296 -0.6415 0.4383
vn -0.6323 -0.6076 0.4806
vn -0.6287 -0.5776 0.5208
vn -0.6360 -0.7270 0.2587
vn -0.6458 -0.7212 0.2506
vn -0.6324 -0.7261 0.2699
vn -0.6340 -0.7185 0.2862
vn -0.6405 -0.7033 0.3085
vn -0.6514 -0.6798 0.3369
vn -0.6632 -0.6504 0.3704
vn -0.6758 -0.6121 0.4106
vn -0.6845 -0.5716 0.4525
vn -0.6868 -0.5322 0.4950
vn -0.6509 -0.7228 0.2322
vn -0.6582 -0.7186 0.2244
vn -0.6498 -0.7202 0.2431
vn -0.6552 -0.7097 0.2589
vn -0.6661 -0.6912 0.2803
vn -0.6818 -0.6637 0.3076
vn -0.6993 -0.6290 0.3397
vn -0.7183 -0.5840 0.3781
vn -0.7332 -0.5359 0.4185
vn -0.7391 -0.4880 0.4642
vn -0.6639 -0.7192 0.2049
vn -0.6689 -0.7167 0.1973
vn -0.6658 -0.7144 0.2151
vn -0.6744 -0.7016 0.2300
vn -0.6893 -0.6799 0.2501
vn -0.7095 -0.6486 0.2755
vn -0.7321 -0.6089 0.3055
vn -0.7566 -0.5577 0.3413
vn -0.7776 -0.5017 0.3789
vn -0.7899 -0.4469 0.4200
vn -0.6751 -0.7162 0.1769
vn -0.6786 -0.7146 0.1698
vn -0.6794 -0.7097 0.1862
vn -0.6912 -0.6945 0.1998
vn -0.7099 -0.6696 0.2181
vn -0.7343 -0.6346 0.2410
vn -0.7612 -0.5904 0.2683
vn -0.7911 -0.5330 0.3002
vn -0.8167 -0.4705 0.3340
vn -0.8340 -0.4083 0.3712
vn -0.6849 -0.7134 0.1483
vn -0.6866 -0.7130 0.1419
vn -0.6914 -0.7054 0.1564
vn -0.7058 -0.6882 0.1683
vn -0.7276 -0.6608 0.1844
vn -0.7556 -0.6223 0.2044
vn -0.7863 -0.5741 0.2282
vn -0.8204 -0.5115 0.2556
vn -0.8503 -0.4427 0.2847
vn -0.8717 -0.3739 0.3167
vn -0.6928 -0.7111 0.1194
vn -0.6934 -0.7115 0.1139
vn -0.7012 -0.7017 0.1260
vn -0.7179 -0.6828 0.1360
vn -0.7423 -0.6532 0.1493
vn -0.7732 -0.6121 0.1658
vn -0.8073 -0.5602 0.1856
vn -0.8445 -0.4935 0.2080
vn -0.8777 -0.4194 0.2318
vn -0.9040 -0.3428 0.2554
vn -0.6990 -0.7095 0.0900
vn -0.6984 -0.7105 0.0857
vn -0.7087 -0.6991 0.0951
vn -0.7272 -0.6786 0.1029
vn -0.7540 -0.6471 0.1132
vn -0.7872 -0.6038 0.1257
vn -0.8235 -0.5495 0.1411
vn -0.8636 -0.4788 0.1578
vn -0.8989 -0.4011 0.1760
vn -0.9268 -0.3207 0.1957
vn -0.7035 -0.7081 0.0602
vn -0.7024 -0.7095 0.0568
vn -0.7139 -0.6973 0.0639
vn -0.7340 -0.6756 0.0690
vn -0.7623 -0.6427 0.0761
vn -0.7969 -0.5981 0.0846
vn -0.8351 -0.5418 0.0949
vn -0.8768 -0.4691 0.1061
vn -0.9138 -0.3885 0.1183
vn -0.9433 -0.3043 0.1327
vn -0.7062 -0.7074 0.0301
vn -0.7043 -0.7093 0.0285
vn -0.7176 -0.6957 0.0320
vn -0.7383 -0.6736 0.0341
vn -0.7675 -0.6400 0.0377
vn -0.8031 -0.5943 0.0419
vn -0.8421 -0.5373 0.0476
vn -0.8847 -0.4632 0.0521
vn -0.9224 -0.3816 0.0597
vn -0.9524 -0.2984 0.0620
vn -0.9683 -0.2476 0.0338
vn -0.9553 -0.2936 0.0335
vn -0.5254 -0.7409 0.4184
vn -0.5428 -0.7283 0.4181
vn -0.5534 -0.7267 0.4071
vn -0.5031 -0.7560 0.4187
vn -0.5637 -0.7250 0.3957
vn -0.5762 -0.7229 0.3812
vn -0.5869 -0.7210 0.3684
vn -0.4834 -0.7676 0.4208
vn -0.4688 -0.7749 0.4240
vn -0.4329 -0.7908 0.4328
vn -0.4558 -0.7809 0.4271
vn -0.4023 -0.7972 0.4501
vn -0.4151 -0.7961 0.4403
vn -0.5953 -0.7188 0.3592
vn -0.6012 -0.7192 0.3483
vn -0.6097 -0.7179 0.3361
vn -0.6178 -0.7166 0.3238
vn -0.6256 -0.7153 0.3113
vn -0.6330 -0.7142 0.2987
vn -0.6401 -0.7131 0.2860
vn -0.6469 -0.7120 0.2731
vn -0.6546 -0.7100 0.2596
vn -0.6591 -0.7105 0.2466
vn -0.6651 -0.7092 0.2339
vn -0.6705 -0.7083 0.2207
vn -0.3747 -0.8048 0.4602
vn -0.3454 -0.7978 0.4941
vn -0.3590 -0.8030 0.4757
vn -0.3124 -0.8031 0.5074
vn -0.2842 -0.7823 0.5543
vn -0.2986 -0.7932 0.5306
vn -0.2692 -0.7559 0.5968
vn -0.2422 -0.7665 0.5948
vn -0.2632 -0.7747 0.5750
vn -0.3416 -0.7304 0.5915
vn -0.3514 -0.7145 0.6050
vn -0.3143 -0.7380 0.5971
vn -0.2972 -0.7438 0.5987
vn -0.3796 -0.7001 0.6048
vn -0.4108 -0.6830 0.6039
vn -0.4454 -0.6636 0.6011
vn -0.5820 -0.5740 0.5760
vn -0.5416 -0.6009 0.5879
vn -0.5133 -0.6214 0.5919
vn -0.4753 -0.6444 0.5990
vn -0.6503 -0.5254 0.5487
vn -0.6177 -0.5478 0.5642
vn -0.7136 -0.4722 0.5175
vn -0.6841 -0.4788 0.5502
vn -0.6755 -0.7076 0.2074
vn -0.6803 -0.7068 0.1939
vn -0.6847 -0.7061 0.1804
vn -0.6888 -0.7055 0.1668
vn -0.6926 -0.7049 0.1531
vn -0.6960 -0.7044 0.1393
vn -0.6991 -0.7039 0.1256
vn -0.7018 -0.7035 0.1118
vn -0.7043 -0.7031 0.0979
vn -0.7064 -0.7028 0.0841
vn -0.7082 -0.7025 0.0701
vn -0.7119 -0.7003 0.0534
vn -0.7107 -0.7022 0.0422
vn -0.7116 -0.7021 0.0282
vn -0.7059 -0.7083 0.0002
vn -0.7120 -0.7020 0.0142
vn -0.7122 -0.7020 0.0002
vn -0.7042 -0.7100 0.0002
vn -0.7852 -0.6192 0.0002
vn -0.7730 -0.4167 0.4784
vn -0.7355 -0.4379 0.5169
vn -0.7909 -0.4004 0.4627
vn -0.8254 -0.3664 0.4296
vn -0.9074 -0.2809 0.3125
vn -0.8824 -0.3111 0.3531
vn -0.8704 -0.3205 0.3737
vn -0.8405 -0.3531 0.4110
vn -0.9359 -0.2500 0.2482
vn -0.9222 -0.2653 0.2813
vn -0.9475 -0.2387 0.2130
vn -0.9574 -0.2258 0.1798
vn -0.9449 -0.3273 0.0001
vn -0.9665 -0.2463 0.0726
vn -0.9752 -0.2087 0.0733
vn -0.9714 -0.2112 0.1084
vn -0.9650 -0.2209 0.1417
vn -0.9785 -0.2031 0.0359
vn -0.9791 -0.2033 0.0001
vn -0.9722 -0.2342 0.0001
vn -0.6587 -0.6820 -0.3177
vn -0.6525 -0.6756 -0.3432
vn -0.6248 -0.7013 -0.3432
vn -0.6524 -0.6643 -0.3648
vn -0.7101 -0.6284 -0.3177
vn -0.6962 -0.6162 -0.3684
vn -0.7572 -0.5708 -0.3175
vn -0.7843 -0.4990 -0.3686
vn -0.7996 -0.5096 -0.3178
vn -0.8364 -0.4467 -0.3176
vn -0.8518 -0.3750 -0.3657
vn -0.8686 -0.3802 -0.3178
vn -0.8788 -0.3045 -0.3675
vn -0.8964 -0.3089 -0.3178
vn -0.9004 -0.2336 -0.3671
vn -0.9180 -0.2372 -0.3178
vn -0.9346 -0.1572 -0.3191
vn -0.9447 -0.0821 -0.3176
vn -0.9162 -0.1569 -0.3688
vn -0.9482 -0.0072 -0.3177
vn -0.9262 -0.0819 -0.3679
vn -0.9280 0.0651 -0.3670
vn -0.9458 0.0677 -0.3176
vn -0.9194 0.1386 -0.3680
vn -0.9373 0.1423 -0.3182
vn -0.9233 0.2159 -0.3177
vn -0.9033 0.2883 -0.3178
vn -0.9060 0.2103 -0.3674
vn -0.8777 0.3588 -0.3177
vn -0.8864 0.2812 -0.3677
vn -0.8318 0.4172 -0.3660
vn -0.8466 0.4270 -0.3178
vn -0.7953 0.4822 -0.3673
vn -0.8101 0.4928 -0.3177
vn -0.7686 0.5552 -0.3178
vn -0.7086 0.6019 -0.3684
vn -0.7223 0.6143 -0.3177
vn -0.6713 0.6696 -0.3178
vn -0.6164 0.7203 -0.3181
vn -0.6596 0.6555 -0.3678
vn -0.5485 0.7517 -0.3663
vn -0.5573 0.7670 -0.3179
vn -0.4948 0.8088 -0.3178
vn -0.4293 0.8454 -0.3178
vn -0.4864 0.7931 -0.3666
vn -0.3610 0.8767 -0.3179
vn -0.4226 0.8284 -0.3675
vn -0.2847 0.8850 -0.3684
vn -0.2904 0.9026 -0.3178
vn -0.2182 0.9228 -0.3176
vn -0.1428 0.9370 -0.3187
vn -0.2153 0.9062 -0.3640
vn -0.0708 0.9262 -0.3704
vn -0.0700 0.9452 -0.3189
vn -0.6645 -0.6879 -0.2920
vn -0.6697 -0.6934 -0.2661
vn -0.7218 -0.6389 -0.2661
vn -0.7699 -0.5802 -0.2658
vn -0.8130 -0.5180 -0.2660
vn -0.8503 -0.4542 -0.2659
vn -0.8832 -0.3838 -0.2696
vn -0.9333 -0.2411 -0.2662
vn -0.9507 -0.1590 -0.2662
vn -0.9603 -0.0835 -0.2661
vn -0.9639 -0.0072 -0.2661
vn -0.9615 0.0689 -0.2661
vn -0.9530 0.1447 -0.2661
vn -0.9386 0.2195 -0.2661
vn -0.9183 0.2931 -0.2661
vn -0.8922 0.3648 -0.2661
vn -0.8606 0.4342 -0.2661
vn -0.8235 0.5009 -0.2663
vn -0.7813 0.5645 -0.2662
vn -0.7342 0.6245 -0.2662
vn -0.6825 0.6805 -0.2666
vn -0.6265 0.7325 -0.2663
vn -0.5665 0.7799 -0.2663
vn -0.5030 0.8223 -0.2662
vn -0.4364 0.8594 -0.2663
vn -0.3670 0.8913 -0.2663
vn -0.2953 0.9176 -0.2662
vn -0.2213 0.9381 -0.2662
vn -0.1449 0.9529 -0.2665
vn -0.0713 0.9610 -0.2672
vn -0.7315 -0.6475 -0.2136
vn -0.7800 -0.5881 -0.2136
vn -0.8236 -0.5253 -0.2138
vn -0.8614 -0.4607 -0.2137
vn -0.9399 -0.2428 -0.2400
vn -0.9459 -0.2443 -0.2137
vn -0.9636 -0.1610 -0.2136
vn -0.9733 -0.0846 -0.2136
vn -0.9769 -0.0073 -0.2136
vn -0.9743 0.0694 -0.2141
vn -0.9658 0.1466 -0.2136
vn -0.9512 0.2225 -0.2137
vn -0.9307 0.2970 -0.2136
vn -0.9042 0.3697 -0.2137
vn -0.8723 0.4398 -0.2139
vn -0.8347 0.5076 -0.2137
vn -0.7918 0.5720 -0.2141
vn -0.7442 0.6329 -0.2137
vn -0.6918 0.6896 -0.2140
vn -0.6349 0.7424 -0.2137
vn -0.5742 0.7903 -0.2138
vn -0.5098 0.8333 -0.2139
vn -0.4423 0.8710 -0.2139
vn -0.3719 0.9033 -0.2138
vn -0.2992 0.9299 -0.2138
vn -0.2249 0.9507 -0.2135
vn -0.1473 0.9655 -0.2146
vn -0.0738 0.9735 -0.2166
vn -0.7385 -0.6497 -0.1800
vn -0.7127 -0.6829 -0.1605
vn -0.7391 -0.6542 -0.1605
vn -0.7053 -0.6759 -0.2136
vn -0.7108 -0.6783 -0.1863
vn -0.7882 -0.5942 -0.1605
vn -0.8324 -0.5301 -0.1613
vn -0.8705 -0.4654 -0.1602
vn -0.9511 -0.2456 -0.1872
vn -0.9557 -0.2468 -0.1606
vn -0.9735 -0.1632 -0.1602
vn -0.9833 -0.0855 -0.1605
vn -0.9870 -0.0074 -0.1606
vn -0.9845 0.0706 -0.1606
vn -0.9758 0.1481 -0.1607
vn -0.9611 0.2248 -0.1606
vn -0.9403 0.3002 -0.1607
vn -0.9136 0.3735 -0.1606
vn -0.8812 0.4446 -0.1607
vn -0.8433 0.5129 -0.1607
vn -0.8000 0.5780 -0.1608
vn -0.7518 0.6395 -0.1608
vn -0.6988 0.6970 -0.1607
vn -0.6415 0.7501 -0.1607
vn -0.5802 0.7984 -0.1607
vn -0.5151 0.8419 -0.1608
vn -0.4468 0.8801 -0.1608
vn -0.3758 0.9127 -0.1607
vn -0.3024 0.9395 -0.1608
vn -0.2271 0.9605 -0.1609
vn -0.1483 0.9758 -0.1609
vn -0.0730 0.9841 -0.1618
vn -0.7470 -0.6572 -0.0999
vn -0.7155 -0.6857 -0.1338
vn -0.7178 -0.6879 -0.1069
vn -0.7480 -0.6478 -0.1443
vn -0.7940 -0.5984 -0.1071
vn -0.8384 -0.5344 -0.1075
vn -0.8767 -0.4690 -0.1071
vn -0.9014 -0.3983 -0.1697
vn -0.9108 -0.3988 -0.1071
vn -0.9193 -0.3593 -0.1606
vn -0.9400 -0.3239 -0.1071
vn -0.9332 -0.3216 -0.1606
vn -0.9451 -0.2846 -0.1606
vn -0.9627 -0.2486 -0.1071
vn -0.9803 -0.1647 -0.1086
vn -0.9905 -0.0861 -0.1072
vn -0.9942 -0.0075 -0.1071
vn -0.9917 0.0711 -0.1072
vn -0.9830 0.1493 -0.1072
vn -0.9681 0.2265 -0.1071
vn -0.9472 0.3023 -0.1072
vn -0.9203 0.3763 -0.1073
vn -0.8876 0.4479 -0.1073
vn -0.8494 0.5167 -0.1073
vn -0.8059 0.5823 -0.1073
vn -0.7573 0.6442 -0.1073
vn -0.7039 0.7021 -0.1073
vn -0.6462 0.7556 -0.1074
vn -0.5844 0.8044 -0.1073
vn -0.5188 0.8481 -0.1073
vn -0.4500 0.8865 -0.1073
vn -0.3786 0.9193 -0.1074
vn -0.3046 0.9464 -0.1074
vn -0.2287 0.9676 -0.1070
vn -0.1498 0.9828 -0.1080
vn -0.0735 0.9914 -0.1083
vn -0.7501 -0.6597 -0.0463
vn -0.7197 -0.6896 -0.0803
vn -0.7210 -0.6909 -0.0533
vn -0.7479 -0.6581 -0.0874
vn -0.7974 -0.6011 -0.0534
vn -0.8435 -0.5343 -0.0550
vn -0.8806 -0.4709 -0.0535
vn -0.9159 -0.3978 -0.0543
vn -0.9449 -0.3228 -0.0550
vn -0.9669 -0.2497 -0.0535
vn -0.9849 -0.1647 -0.0535
vn -0.9950 -0.0837 -0.0548
vn -0.9985 -0.0049 -0.0548
vn -0.9957 0.0741 -0.0548
vn -0.9872 0.1499 -0.0536
vn -0.9716 0.2301 -0.0546
vn -0.9513 0.3037 -0.0537
vn -0.9243 0.3779 -0.0536
vn -0.8903 0.4520 -0.0551
vn -0.8517 0.5212 -0.0548
vn -0.8094 0.5848 -0.0537
vn -0.7606 0.6470 -0.0537
vn -0.7070 0.7051 -0.0537
vn -0.6469 0.7606 -0.0549
vn -0.5847 0.8094 -0.0551
vn -0.5188 0.8532 -0.0550
vn -0.4496 0.8916 -0.0549
vn -0.3777 0.9243 -0.0549
vn -0.3059 0.9505 -0.0538
vn -0.2297 0.9718 -0.0538
vn -0.1501 0.9872 -0.0538
vn -0.0722 0.9958 -0.0563
vn -0.7218 -0.6916 -0.0266
vn -0.7485 -0.6626 -0.0267
vn -0.5900 -0.6906 -0.4183
vn -0.5429 -0.7285 -0.4178
vn -0.5628 -0.7254 -0.3963
vn -0.5725 -0.7238 -0.3851
vn -0.6360 -0.6488 -0.4179
vn -0.6236 -0.6860 -0.3749
vn -0.5820 -0.7224 -0.3734
vn -0.6768 -0.6048 -0.4197
vn -0.5913 -0.7209 -0.3615
vn -0.6004 -0.7195 -0.3492
vn -0.6092 -0.7181 -0.3365
vn -0.7487 -0.5120 -0.4210
vn -0.7427 -0.5612 -0.3653
vn -0.8217 -0.4384 -0.3642
vn -0.8152 -0.4011 -0.4179
vn -0.7852 -0.4564 -0.4186
vn -0.7137 -0.5600 -0.4206
vn -0.8405 -0.3445 -0.4182
vn -0.8619 -0.2833 -0.4204
vn -0.8774 -0.2302 -0.4208
vn -0.8901 -0.1745 -0.4210
vn -0.6463 -0.7122 -0.2740
vn -0.6590 -0.7103 -0.2476
vn -0.6705 -0.7085 -0.2201
vn -0.6754 -0.7077 -0.2072
vn -0.6801 -0.7070 -0.1940
vn -0.6845 -0.7063 -0.1807
vn -0.8933 -0.3848 -0.2324
vn -0.8938 -0.3754 -0.2452
vn -0.8974 -0.3597 -0.2555
vn -0.9037 -0.3388 -0.2619
vn -0.9120 -0.3153 -0.2625
vn -0.9209 -0.2933 -0.2568
vn -0.8955 -0.3878 -0.2184
vn -0.9068 -0.3761 -0.1906
vn -0.9000 -0.3851 -0.2043
vn -0.9356 -0.2647 -0.2335
vn -0.9290 -0.2759 -0.2467
vn -0.9438 -0.2696 -0.1914
vn -0.9418 -0.2835 -0.1804
vn -0.9431 -0.2619 -0.2047
vn -0.9403 -0.2603 -0.2191
vn -0.9015 -0.1093 -0.4186
vn -0.9302 -0.0052 -0.3671
vn -0.9081 0.0152 -0.4184
vn -0.9073 -0.0469 -0.4180
vn -0.9037 0.0799 -0.4206
vn -0.8971 0.1368 -0.4201
vn -0.8714 0.2560 -0.4185
vn -0.8866 0.1929 -0.4205
vn -0.8521 0.3148 -0.4181
vn -0.8601 0.3537 -0.3675
vn -0.8281 0.3728 -0.4187
vn -0.7976 0.4317 -0.4213
vn -0.7682 0.4827 -0.4205
vn -0.7531 0.5458 -0.3672
vn -0.7366 0.5300 -0.4202
vn -0.7014 0.5753 -0.4208
vn -0.6150 0.6686 -0.4181
vn -0.6591 0.6249 -0.4185
vn -0.5134 0.7476 -0.4212
vn -0.4643 0.7796 -0.4203
vn -0.3624 0.8315 -0.4210
vn -0.3530 0.8611 -0.3660
vn -0.4150 0.8069 -0.4204
vn -0.5673 0.7091 -0.4188
vn -0.6029 0.7081 -0.3675
vn -0.3019 0.8565 -0.4187
vn -0.2427 0.8753 -0.4182
vn -0.1820 0.8897 -0.4187
vn -0.1390 0.9198 -0.3669
vn -0.1168 0.8994 -0.4213
vn -0.0588 0.9057 -0.4198
vn -0.0000 0.9192 -0.3937
vn -0.0000 0.9084 -0.4182
vn -0.0000 0.9295 -0.3689
vn 0.0008 0.9396 -0.3423
vn 0.0009 0.9567 -0.2910
vn 0.0024 0.9494 -0.3140
vn 0.0009 0.9711 -0.2388
vn 0.0008 0.9826 -0.1860
vn 0.0023 0.9777 -0.2099
vn 0.0024 0.9650 -0.2623
vn -0.6885 -0.7057 -0.1673
vn -0.6923 -0.7051 -0.1535
vn -0.6958 -0.7045 -0.1396
vn -0.7018 -0.7036 -0.1117
vn -0.9153 -0.3606 -0.1793
vn -0.9247 -0.3396 -0.1720
vn -0.9374 -0.3023 -0.1730
vn -0.9310 -0.3228 -0.1702
vn -0.8987 -0.4386 0.0001
vn -0.8639 -0.5037 0.0001
vn -0.9541 -0.2995 0.0001
vn -0.9818 -0.1898 -0.0000
vn -0.9289 -0.3703 0.0001
vn -0.8248 -0.5654 0.0001
vn -0.7362 -0.6768 0.0001
vn -0.7821 -0.6231 0.0001
vn -0.9144 -0.4048 0.0001
vn -0.8819 -0.4715 0.0001
vn -0.8039 -0.5947 0.0001
vn -0.7595 -0.6505 0.0001
vn -0.8449 -0.5350 0.0001
vn -0.9992 -0.0400 -0.0000
vn -1.0000 -0.0025 -0.0000
vn -0.9970 -0.0776 -0.0000
vn -0.9994 0.0349 -0.0000
vn -0.9941 0.1089 -0.0000
vn -0.9974 0.0720 -0.0000
vn -0.9740 -0.2267 -0.0000
vn -0.9647 -0.2634 0.0001
vn -0.9934 -0.1151 -0.0000
vn -0.9883 -0.1526 -0.0000
vn -0.9421 -0.3352 0.0001
vn -0.9676 0.2523 -0.0001
vn -0.9085 0.4179 -0.0001
vn -0.9354 0.3537 -0.0001
vn -0.8399 0.5427 -0.0002
vn -0.7264 0.6873 -0.0002
vn -0.7754 0.6315 -0.0002
vn -0.8767 0.4810 -0.0001
vn -0.6153 0.7883 -0.0002
vn -0.4897 0.8719 -0.0002
vn -0.5541 0.8325 -0.0002
vn -0.3536 0.9354 -0.0002
vn -0.2477 0.9688 -0.0002
vn -0.2121 0.9773 -0.0002
vn -0.2832 0.9591 -0.0002
vn -0.4226 0.9063 -0.0002
vn -0.6729 0.7397 -0.0002
vn 0.0009 0.9912 -0.1324
vn 0.0022 0.9876 -0.1568
vn 0.0009 0.9969 -0.0789
vn 0.0023 0.9947 -0.1029
vn -0.1408 0.9900 -0.0003
vn -0.1053 0.9944 -0.0002
vn -0.1764 0.9843 -0.0003
vn 0.0022 0.9988 -0.0494
vn -0.0000 0.9996 -0.0270
vn -0.0348 0.9994 -0.0003
vn -0.0000 1.0000 -0.0002
vn -0.0699 0.9976 -0.0002
vn -0.9834 0.1816 -0.0001
vn -0.8590 0.5120 -0.0001
vn -0.8932 0.4496 -0.0001
vn -0.7515 0.6598 -0.0002
vn -0.8196 0.5729 -0.0001
vn -0.7981 0.6025 -0.0002
vn -0.9580 0.2868 -0.0001
vn -0.9761 0.2172 -0.0001
vn -0.9894 0.1455 -0.0000
vn -0.9225 0.3860 -0.0001
vn -0.9472 0.3206 -0.0001
vn -0.3883 0.9215 -0.0002
vn -0.4564 0.8898 -0.0002
vn -0.3186 0.9479 -0.0002
vn -0.7002 0.7140 -0.0002
vn -0.5222 0.8528 -0.0002
vn -0.5851 0.8109 -0.0002
vn -0.6446 0.7645 -0.0002
vn -0.2088 -0.3633 0.9080
vn -0.2491 -0.4228 0.8713
vn -0.2002 -0.3750 0.9052
vn -0.1292 -0.2797 0.9514
vn -0.1939 -0.4099 0.8913
vn -0.1294 -0.3145 0.9404
vn -0.1930 -0.4583 0.8676
vn -0.1427 -0.3542 0.9242
vn -0.2039 -0.5279 0.8245
vn -0.1633 -0.4061 0.8991
vn -0.0710 -0.1989 0.9774
vn -0.0787 -0.2303 0.9699
vn -0.0942 -0.2633 0.9601
vn -0.1164 -0.3059 0.9449
vn -0.0310 -0.1425 0.9893
vn -0.0369 -0.1678 0.9851
vn -0.0470 -0.1975 0.9792
vn -0.0522 -0.2200 0.9741
vn -0.2920 -0.4163 0.8611
vn -0.3325 -0.4460 0.8310
vn -0.3220 -0.4541 0.8307
vn -0.2538 -0.4269 0.8680
vn -0.3116 -0.4627 0.8300
vn -0.3016 -0.4718 0.8285
vn -0.2920 -0.4818 0.8262
vn -0.2828 -0.4927 0.8230
vn -0.2536 -0.3862 0.8869
vn -0.2176 -0.3560 0.9088
vn -0.1843 -0.3260 0.9272
vn -0.2740 -0.5049 0.8185
vn -0.2659 -0.5185 0.8127
vn -0.2584 -0.5340 0.8050
vn -0.2517 -0.5517 0.7952
vn -0.2459 -0.5719 0.7826
vn -0.2413 -0.5951 0.7666
vn -0.2379 -0.6216 0.7463
vn -0.2361 -0.6518 0.7207
vn -0.2360 -0.6862 0.6881
vn -0.2380 -0.7246 0.6468
vn -0.2314 -0.5962 0.7688
vn -0.0807 -0.2132 0.9737
vn -0.1019 -0.2395 0.9655
vn -0.1539 -0.2963 0.9426
vn -0.1263 -0.2674 0.9553
vn -0.0626 -0.1888 0.9800
vn -0.0049 -0.1028 0.9947
vn -0.0103 -0.1085 0.9940
vn -0.0168 -0.1181 0.9929
vn -0.0473 -0.1666 0.9849
vn -0.0248 -0.1310 0.9911
vn -0.0347 -0.1473 0.9885
vn -0.0000 -0.1008 0.9949
vn -0.0001 -0.1345 0.9909
vn -0.0873 -0.2707 0.9587
vn -0.1890 -0.4358 0.8800
vn 0.0012 -0.1642 0.9864
vn 0.0005 -0.2006 0.9797
vn -0.0000 -0.2354 0.9719
vn -0.1461 0.9182 0.3682
vn -0.0739 0.9453 0.3177
vn -0.1486 0.9366 0.3175
vn -0.2178 0.9039 0.3681
vn -0.2216 0.9220 0.3175
vn -0.2932 0.9018 0.3174
vn -0.3628 0.8761 0.3174
vn -0.2867 0.8860 0.3645
vn -0.4288 0.8459 0.3172
vn -0.3552 0.8601 0.3661
vn -0.4938 0.8097 0.3173
vn -0.4203 0.8302 0.3663
vn -0.5572 0.7672 0.3177
vn -0.4833 0.7949 0.3668
vn -0.6052 0.7064 0.3670
vn -0.6163 0.7205 0.3177
vn -0.6758 0.6645 0.3189
vn -0.7270 0.6079 0.3191
vn -0.6618 0.6541 0.3663
vn -0.7573 0.5394 0.3680
vn -0.7728 0.5494 0.3178
vn -0.8109 0.4931 0.3151
vn -0.8497 0.4208 0.3176
vn -0.7974 0.4786 0.3675
vn -0.8633 0.3479 0.3657
vn -0.8801 0.3523 0.3183
vn -0.9055 0.2815 0.3176
vn -0.9247 0.2093 0.3179
vn -0.8885 0.2776 0.3653
vn -0.9385 0.1353 0.3176
vn -0.9071 0.2062 0.3669
vn -0.9462 0.0607 0.3177
vn -0.9203 0.1345 0.3674
vn -0.9305 -0.0140 0.3661
vn -0.9481 -0.0143 0.3177
vn -0.9268 -0.0855 0.3656
vn -0.9440 -0.0894 0.3177
vn -0.9165 -0.1592 0.3670
vn -0.9339 -0.1637 0.3177
vn -0.9005 -0.2316 0.3681
vn -0.9181 -0.2371 0.3177
vn -0.8965 -0.3086 0.3179
vn -0.8523 -0.3715 0.3682
vn -0.8691 -0.3791 0.3178
vn -0.8222 -0.4362 0.3657
vn -0.8363 -0.4466 0.3180
vn -0.7984 -0.5114 0.3177
vn -0.7418 -0.5611 0.3673
vn -0.7554 -0.5730 0.3179
vn -0.6942 -0.6180 0.3690
vn -0.7076 -0.6310 0.3180
vn -0.6479 -0.6798 0.3435
vn -0.6409 -0.6735 0.3681
vn -0.6541 -0.6863 0.3180
vn -0.6094 -0.6998 0.3727
vn -0.6209 -0.7047 0.3435
vn -0.6260 -0.7093 0.3240
vn -0.1510 0.9521 0.2658
vn -0.0756 0.9608 0.2667
vn -0.2254 0.9373 0.2659
vn -0.2978 0.9168 0.2662
vn -0.3691 0.8904 0.2664
vn -0.4359 0.8598 0.2660
vn -0.5025 0.8227 0.2659
vn -0.5665 0.7800 0.2659
vn -0.6266 0.7325 0.2660
vn -0.6878 0.6754 0.2661
vn -0.7385 0.6159 0.2743
vn -0.7629 0.5892 0.2661
vn -0.7857 0.5585 0.2661
vn -0.8631 0.4286 0.2672
vn -0.8949 0.3581 0.2664
vn -0.9204 0.2864 0.2663
vn -0.9402 0.2126 0.2660
vn -0.9540 0.1375 0.2664
vn -0.9620 0.0618 0.2660
vn -0.9638 -0.0146 0.2664
vn -0.9597 -0.0909 0.2660
vn -0.9495 -0.1665 0.2660
vn -0.9333 -0.2409 0.2663
vn -0.9113 -0.3142 0.2661
vn -0.8836 -0.3854 0.2661
vn -0.8503 -0.4541 0.2662
vn -0.8117 -0.5199 0.2661
vn -0.7681 -0.5825 0.2661
vn -0.7192 -0.6410 0.2681
vn -0.6598 -0.6923 0.2923
vn -0.6650 -0.6977 0.2664
vn -0.0766 0.9737 0.2144
vn -0.1534 0.9648 0.2136
vn -0.2283 0.9499 0.2134
vn -0.3021 0.9290 0.2137
vn -0.3738 0.9026 0.2134
vn -0.4420 0.8713 0.2132
vn -0.5085 0.8342 0.2135
vn -0.5740 0.7905 0.2135
vn -0.6350 0.7424 0.2137
vn -0.6955 0.6854 0.2154
vn -0.7443 0.6232 0.2399
vn -0.7490 0.6272 0.2136
vn -0.7677 0.5939 0.2406
vn -0.7692 0.6028 0.2122
vn -0.9328 0.2901 0.2136
vn -0.9070 0.3628 0.2136
vn -0.9528 0.2157 0.2138
vn -0.9669 0.1394 0.2136
vn -0.9749 0.0625 0.2136
vn -0.9768 -0.0149 0.2136
vn -0.9726 -0.0921 0.2136
vn -0.9622 -0.1687 0.2136
vn -0.9459 -0.2439 0.2140
vn -0.9235 -0.3184 0.2137
vn -0.8954 -0.3905 0.2137
vn -0.8617 -0.4602 0.2137
vn -0.8226 -0.5270 0.2137
vn -0.7781 -0.5903 0.2149
vn -0.7264 -0.6503 0.2222
vn -0.0771 0.9840 0.1606
vn -0.1551 0.9748 0.1605
vn -0.2307 0.9597 0.1603
vn -0.3054 0.9386 0.1604
vn -0.3776 0.9120 0.1603
vn -0.4469 0.8801 0.1604
vn -0.5142 0.8426 0.1601
vn -0.5801 0.7985 0.1608
vn -0.6422 0.7499 0.1590
vn -0.7036 0.6919 0.1617
vn -0.7556 0.6349 0.1610
vn -0.9186 0.3630 0.1562
vn -0.9425 0.2931 0.1604
vn -0.9627 0.2177 0.1605
vn -0.9769 0.1409 0.1605
vn -0.9850 0.0632 0.1606
vn -0.9869 -0.0151 0.1606
vn -0.9826 -0.0931 0.1606
vn -0.9722 -0.1705 0.1606
vn -0.9557 -0.2468 0.1606
vn -0.9331 -0.3218 0.1606
vn -0.9047 -0.3947 0.1606
vn -0.8706 -0.4650 0.1606
vn -0.8311 -0.5324 0.1607
vn -0.7864 -0.5964 0.1608
vn -0.7332 -0.6536 0.1873
vn -0.7366 -0.6570 0.1608
vn -0.7059 -0.6825 0.1897
vn -0.7094 -0.6853 0.1646
vn -0.1557 0.9820 0.1070
vn -0.0779 0.9911 0.1077
vn -0.2323 0.9667 0.1069
vn -0.3076 0.9455 0.1070
vn -0.3810 0.9184 0.1070
vn -0.4496 0.8868 0.1070
vn -0.5182 0.8485 0.1069
vn -0.5846 0.8042 0.1070
vn -0.6463 0.7555 0.1070
vn -0.7095 0.6965 0.1070
vn -0.7624 0.6382 0.1071
vn -0.8104 0.5761 0.1070
vn -0.8665 0.4727 0.1606
vn -0.8472 0.5065 0.1605
vn -0.8534 0.5102 0.1071
vn -0.8910 0.4411 0.1071
vn -0.8851 0.4372 0.1596
vn -0.9231 0.3694 0.1071
vn -0.9494 0.2952 0.1071
vn -0.9698 0.2192 0.1071
vn -0.9841 0.1419 0.1071
vn -0.9922 0.0636 0.1071
vn -0.9941 -0.0152 0.1071
vn -0.9898 -0.0938 0.1072
vn -0.9793 -0.1718 0.1073
vn -0.9626 -0.2487 0.1072
vn -0.9399 -0.3241 0.1072
vn -0.9113 -0.3975 0.1073
vn -0.8770 -0.4683 0.1073
vn -0.8372 -0.5363 0.1073
vn -0.7923 -0.6003 0.1090
vn -0.7396 -0.6595 0.1341
vn -0.7421 -0.6617 0.1073
vn -0.7120 -0.6893 0.1342
vn -0.7153 -0.6896 0.1130
vn -0.0775 0.9955 0.0538
vn -0.1567 0.9862 0.0534
vn -0.2357 0.9703 0.0546
vn -0.3092 0.9495 0.0536
vn -0.3850 0.9212 0.0558
vn -0.4542 0.8892 0.0551
vn -0.5199 0.8525 0.0544
vn -0.5864 0.8082 0.0539
vn -0.6513 0.7569 0.0533
vn -0.7141 0.6978 0.0560
vn -0.7672 0.6391 0.0548
vn -0.8154 0.5762 0.0552
vn -0.8570 0.5124 0.0544
vn -0.8959 0.4409 0.0544
vn -0.9280 0.3685 0.0546
vn -0.9542 0.2940 0.0550
vn -0.9745 0.2173 0.0555
vn -0.9883 0.1423 0.0546
vn -0.9966 0.0618 0.0546
vn -0.9984 -0.0174 0.0545
vn -0.9938 -0.0965 0.0545
vn -0.9835 -0.1725 0.0538
vn -0.9667 -0.2501 0.0539
vn -0.9430 -0.3281 0.0554
vn -0.9150 -0.3998 0.0542
vn -0.8808 -0.4704 0.0547
vn -0.8396 -0.5404 0.0547
vn -0.7957 -0.6033 0.0539
vn -0.7440 -0.6633 0.0805
vn -0.7452 -0.6646 0.0538
vn -0.7176 -0.6911 0.0869
vn -0.7204 -0.6909 0.0610
vn -0.0000 0.9194 0.3933
vn -0.0575 0.9056 0.4201
vn -0.0000 0.9085 0.4178
vn -0.1816 0.8899 0.4185
vn -0.1158 0.8997 0.4210
vn -0.0735 0.9280 0.3652
vn -0.3018 0.8568 0.4182
vn -0.2427 0.8755 0.4178
vn -0.3620 0.8320 0.4205
vn -0.4150 0.8073 0.4196
vn -0.0000 0.9296 0.3685
vn -0.0000 0.9392 0.3433
vn -0.4643 0.7798 0.4200
vn -0.5134 0.7478 0.4209
vn -0.5485 0.7524 0.3647
vn -0.6150 0.6688 0.4178
vn -0.5673 0.7093 0.4184
vn -0.6589 0.6254 0.4181
vn -0.7142 0.5958 0.3673
vn -0.7003 0.5773 0.4198
vn -0.7670 0.4842 0.4209
vn -0.7345 0.5331 0.4198
vn -0.8012 0.4278 0.4185
vn -0.8353 0.4114 0.3646
vn -0.8289 0.3719 0.4179
vn -0.0000 0.9481 0.3179
vn -0.0000 0.9564 0.2922
vn -0.0000 0.9639 0.2662
vn 0.0008 0.9712 0.2383
vn 0.0021 0.9778 0.2095
vn 0.0008 0.9827 0.1853
vn -0.8079 0.5706 0.1474
vn -0.8041 0.5612 0.1961
vn -0.7923 0.5677 0.2236
vn -0.7948 0.5680 0.2138
vn -0.7918 0.5646 0.2332
vn -0.8069 0.5303 0.2602
vn -0.8210 0.5067 0.2631
vn -0.7964 0.5509 0.2497
vn -0.8357 0.4837 0.2602
vn -0.8497 0.4636 0.2512
vn -0.7931 0.5589 0.2421
vn -0.8620 0.4477 0.2376
vn -0.8704 0.4409 0.2193
vn -0.8731 0.4447 0.1998
vn -0.8721 0.4506 0.1909
vn -0.8522 0.3141 0.4184
vn -0.8716 0.2516 0.4208
vn -0.8863 0.1955 0.4199
vn -0.9033 0.0818 0.4211
vn -0.9291 0.0580 0.3652
vn -0.9068 -0.0483 0.4187
vn -0.9080 0.0159 0.4186
vn -0.8966 0.1402 0.4200
vn -0.8996 -0.1147 0.4213
vn -0.8906 -0.1728 0.4207
vn -0.8782 -0.2290 0.4200
vn -0.8405 -0.3443 0.4184
vn -0.8803 -0.3025 0.3656
vn -0.8620 -0.2833 0.4204
vn -0.8152 -0.4009 0.4181
vn -0.7852 -0.4561 0.4188
vn -0.7142 -0.5594 0.4206
vn -0.6780 -0.6029 0.4204
vn -0.7821 -0.5031 0.3677
vn -0.7488 -0.5116 0.4213
vn -0.5908 -0.6900 0.4181
vn -0.6362 -0.6483 0.4183
vn -0.5832 -0.7220 0.3723
vn -0.5535 -0.7266 0.4070
vn -0.5429 -0.7283 0.4182
vn -0.5736 -0.7235 0.3840
vn -0.5637 -0.7251 0.3956
vn -0.7072 -0.6729 0.2169
vn -0.6756 -0.7075 0.2073
vn -0.6804 -0.7067 0.1939
vn -0.6848 -0.7061 0.1804
vn -0.6256 -0.7154 0.3113
vn -0.5923 -0.7206 0.3604
vn -0.6096 -0.7179 0.3361
vn -0.6469 -0.7120 0.2732
vn -0.6651 -0.7091 0.2340
vn -0.6594 -0.7100 0.2471
vn -0.6533 -0.7110 0.2602
vn 0.0021 0.9877 0.1563
vn -0.0000 0.9910 0.1338
vn -0.0000 0.9942 0.1071
vn 0.0009 0.9969 0.0782
vn 0.0021 0.9988 0.0489
vn -0.0000 0.9996 0.0265
vn -0.2119 0.9773 -0.0003
vn -0.3524 0.9359 -0.0010
vn -0.2826 0.9593 -0.0006
vn -0.4880 0.8728 -0.0013
vn -0.6166 0.7873 -0.0011
vn -0.6483 0.7614 -0.0032
vn -0.5559 0.8312 -0.0014
vn -0.5902 0.8073 -0.0037
vn -0.4211 0.9070 -0.0011
vn -0.1059 0.9944 -0.0006
vn -0.1429 0.9897 -0.0017
vn -0.8322 0.5266 0.1735
vn -0.8173 0.5466 0.1822
vn -0.8599 0.4802 0.1733
vn -0.8694 0.4589 0.1833
vn -0.8468 0.5038 0.1704
vn -0.7976 0.6032 -0.0007
vn -0.7513 0.6599 -0.0004
vn -0.8777 0.4793 -0.0012
vn -0.8957 0.4447 -0.0033
vn -0.8390 0.5442 -0.0011
vn -0.6734 0.7393 -0.0006
vn -0.7019 0.7122 -0.0021
vn -0.0348 0.9994 -0.0002
vn -0.1757 0.9844 -0.0007
vn -0.2455 0.9694 -0.0018
vn -0.3147 0.9492 -0.0029
vn -0.4515 0.8923 -0.0034
vn -0.3839 0.9234 -0.0030
vn -0.7258 0.6879 -0.0008
vn -0.7735 0.6338 -0.0021
vn -0.8167 0.5770 -0.0032
vn -0.9088 0.4172 -0.0006
vn -0.9234 0.3838 -0.0018
vn -0.9829 0.1839 -0.0013
vn -0.9673 0.2536 -0.0009
vn -0.9994 0.0340 -0.0006
vn -1.0000 -0.0055 -0.0021
vn -0.9934 -0.1151 0.0001
vn -0.9883 -0.1527 -0.0001
vn -0.9992 -0.0404 -0.0003
vn -0.9969 -0.0791 -0.0011
vn -0.9942 0.1073 -0.0009
vn -0.9977 0.0672 -0.0029
vn -0.9543 -0.2988 -0.0004
vn -0.8995 -0.4368 -0.0010
vn -0.9294 -0.3691 -0.0007
vn -0.8242 -0.5663 -0.0006
vn -0.8018 -0.5975 -0.0022
vn -0.7362 -0.6768 0.0002
vn -0.7115 -0.7021 0.0282
vn -0.7820 -0.6233 0.0001
vn -0.7590 -0.6511 -0.0003
vn -0.8629 -0.5054 -0.0010
vn -0.8418 -0.5398 -0.0032
vn -0.9740 -0.2265 -0.0003
vn -0.6960 -0.7044 0.1394
vn -0.6991 -0.7039 0.1257
vn -0.7019 -0.7035 0.1118
vn -0.7043 -0.7031 0.0980
vn -0.7096 -0.7023 0.0562
vn -0.9471 0.3209 -0.0003
vn -0.9568 0.2909 -0.0028
vn -0.9747 0.2233 -0.0034
vn -0.9821 -0.1885 -0.0010
vn -0.9435 -0.3314 -0.0025
vn -0.9167 -0.3996 -0.0032
vn -0.9654 -0.2608 -0.0019
vn -0.9350 0.3547 -0.0009
vn -0.0000 -0.0002 -1.0000
vn -0.0000 -0.0003 -1.0000
vn 0.0001 -0.0003 -1.0000
vn 0.0001 -0.0002 -1.0000
vn -0.0001 -0.0001 -1.0000
vn -0.0001 -0.0003 -1.0000
vn -0.0001 -0.0002 -1.0000
vn -0.0000 -0.0001 -1.0000
vn -0.0003 -0.0002 -1.0000
vn -0.0002 -0.0003 -1.0000
vn 0.0003 -0.0003 -1.0000
vn -0.0002 -0.0002 -1.0000
vn -0.0001 -0.0004 -1.0000
vn 0.0002 -0.0003 -1.0000
vn -0.0004 -0.0003 -1.0000
vn 0.0001 -0.0001 -1.0000
vn 0.0002 -0.0002 -1.0000
vn 0.0003 -0.0002 -1.0000
vn -0.0000 -0.0004 -1.0000
vn 0.0004 -0.0003 -1.0000
vn -0.0000 0.0002 1.0000
vn -0.0000 0.0003 1.0000
vn 0.0001 0.0003 1.0000
vn -0.0001 0.0003 1.0000
vn 0.0001 0.0002 1.0000
vn -0.0001 0.0002 1.0000
vn 0.0002 0.0003 1.0000
vn -0.0002 0.0002 1.0000
vn 0.0002 0.0002 1.0000
vn -0.0002 0.0003 1.0000
vn -0.0004 0.0003 1.0000
vn -0.0349 0.3333 0.9422
vn -0.0925 0.4419 0.8923
vn -0.0683 0.3273 0.9425
vn -0.0420 0.2062 0.9776
vn -0.0999 0.3192 0.9424
vn -0.1349 0.4300 0.8927
vn -0.0623 0.2010 0.9776
vn -0.1781 0.4153 0.8921
vn -0.1317 0.3074 0.9424
vn -0.0819 0.1938 0.9776
vn -0.2171 0.3939 0.8931
vn -0.1615 0.2927 0.9425
vn -0.1008 0.1847 0.9776
vn -0.2559 0.3725 0.8921
vn -0.1890 0.2756 0.9425
vn -0.1191 0.1738 0.9776
vn -0.2147 0.2568 0.9423
vn -0.2895 0.3449 0.8929
vn -0.1349 0.1613 0.9776
vn -0.3220 0.3160 0.8924
vn -0.2386 0.2342 0.9425
vn -0.1498 0.1474 0.9777
vn -0.2597 0.2106 0.9424
vn -0.3511 0.2833 0.8925
vn -0.1636 0.1322 0.9776
vn -0.2788 0.1845 0.9425
vn -0.3762 0.2481 0.8927
vn -0.1754 0.1158 0.9777
vn -0.3993 0.2103 0.8924
vn -0.2956 0.1558 0.9425
vn -0.1856 0.0994 0.9776
vn -0.4166 0.1711 0.8928
vn -0.3092 0.1265 0.9425
vn -0.1942 0.0808 0.9776
vn -0.4328 0.1295 0.8921
vn -0.3202 0.0960 0.9425
vn -0.2011 0.0605 0.9777
vn -0.3281 0.0653 0.9424
vn -0.4411 0.0871 0.8932
vn -0.2062 0.0418 0.9776
vn -0.4499 0.0407 0.8922
vn -0.3326 0.0305 0.9426
vn -0.2089 0.0193 0.9778
vn -0.4508 -0.0000 0.8926
vn -0.3342 0.0002 0.9425
vn -0.2106 0.0013 0.9776
vn -0.3321 -0.0344 0.9426
vn -0.4483 -0.0476 0.8926
vn -0.2089 -0.0208 0.9777
vn -0.4412 -0.0921 0.8927
vn -0.3271 -0.0681 0.9425
vn -0.2055 -0.0428 0.9777
vn -0.3190 -0.0996 0.9425
vn -0.4301 -0.1355 0.8925
vn -0.2002 -0.0631 0.9777
vn -0.3072 -0.1308 0.9426
vn -0.4143 -0.1774 0.8927
vn -0.1929 -0.0828 0.9777
vn -0.2929 -0.1606 0.9426
vn -0.3947 -0.2175 0.8927
vn -0.1837 -0.1014 0.9777
vn -0.2760 -0.1883 0.9425
vn -0.3726 -0.2549 0.8923
vn -0.1743 -0.1183 0.9776
vn -0.3443 -0.2891 0.8932
vn -0.2559 -0.2145 0.9426
vn -0.1620 -0.1340 0.9776
vn -0.2345 -0.2378 0.9426
vn -0.3162 -0.3223 0.8923
vn -0.1472 -0.1496 0.9777
vn -0.2823 -0.3508 0.8929
vn -0.2096 -0.2598 0.9426
vn -0.1320 -0.1631 0.9777
vn -0.1165 -0.1751 0.9776
vn -0.1835 -0.2788 0.9426
vn -0.0376 0.5554 0.8307
vn 0.0002 0.4466 0.8948
vn -0.0000 0.5566 0.8308
vn -0.0746 0.5512 0.8311
vn -0.0460 0.4480 0.8929
vn -0.1486 0.5364 0.8308
vn -0.1839 0.5248 0.8311
vn -0.2538 0.4949 0.8311
vn -0.2216 0.5159 0.8275
vn -0.2857 0.4770 0.8312
vn -0.1142 0.5468 0.8294
vn -0.3481 0.4340 0.8310
vn -0.3218 0.4593 0.8280
vn -0.3767 0.4098 0.8308
vn -0.4035 0.3834 0.8308
vn -0.4287 0.3552 0.8307
vn -0.4514 0.3255 0.8308
vn -0.4720 0.2944 0.8310
vn -0.5077 0.2279 0.8308
vn -0.5212 0.1934 0.8312
vn -0.4933 0.2612 0.8297
vn -0.5429 0.1206 0.8311
vn -0.5494 0.0845 0.8313
vn -0.5588 0.0444 0.8281
vn 0.0009 0.3287 0.9444
vn -0.0247 0.2110 0.9772
vn 0.0006 0.2069 0.9784
vn -0.0215 0.0788 0.9967
vn -0.0143 0.0805 0.9967
vn -0.0356 0.0736 0.9967
vn -0.0286 0.0765 0.9967
vn -0.0435 0.0701 0.9966
vn -0.0069 0.0813 0.9967
vn -0.0000 0.0822 0.9966
vn -0.0494 0.0660 0.9966
vn -0.0556 0.0598 0.9967
vn -0.0655 0.0487 0.9967
vn -0.0608 0.0545 0.9967
vn -0.0762 0.0292 0.9967
vn -0.0786 0.0221 0.9967
vn -0.0732 0.0359 0.9967
vn -0.0697 0.0426 0.9967
vn -0.0803 0.0148 0.9967
vn -0.0816 0.0077 0.9966
vn -0.0817 0.0004 0.9967
vn -0.5562 0.0090 0.8310
vn -0.5557 -0.0285 0.8309
vn -0.5532 -0.0656 0.8304
vn -0.5467 -0.1032 0.8310
vn -0.5385 -0.1398 0.8309
vn -0.5278 -0.1759 0.8310
vn -0.5147 -0.2111 0.8310
vn -0.4993 -0.2454 0.8310
vn -0.4815 -0.2784 0.8311
vn -0.4659 -0.3109 0.8284
vn -0.4388 -0.3410 0.8314
vn -0.4155 -0.3693 0.8313
vn -0.3929 -0.4003 0.8279
vn -0.3613 -0.4224 0.8313
vn -0.2919 -0.4162 0.8611
vn -0.2535 -0.3859 0.8870
vn -0.1841 -0.3253 0.9275
vn -0.2174 -0.3554 0.9091
vn -0.1536 -0.2957 0.9429
vn -0.1262 -0.2670 0.9554
vn -0.1019 -0.2394 0.9656
vn -0.0793 -0.1942 0.9778
vn -0.0806 -0.2132 0.9737
vn -0.0811 -0.0067 0.9967
vn -0.0785 -0.0212 0.9967
vn -0.0802 -0.0140 0.9967
vn -0.0763 -0.0285 0.9967
vn -0.0698 -0.0432 0.9966
vn -0.0734 -0.0353 0.9967
vn -0.0657 -0.0492 0.9966
vn -0.0595 -0.0553 0.9967
vn -0.0543 -0.0605 0.9967
vn -0.0484 -0.0653 0.9967
vn -0.0624 -0.1885 0.9801
vn -0.0365 -0.0738 0.9966
vn -0.0421 -0.0662 0.9969
vn -0.0296 -0.0762 0.9967
vn -0.0471 -0.1661 0.9850
vn -0.0224 -0.0786 0.9967
vn -0.0167 -0.1170 0.9930
vn -0.0151 -0.0803 0.9967
vn -0.0246 -0.1299 0.9912
vn -0.0346 -0.1464 0.9886
vn -0.0103 -0.1079 0.9941
vn -0.0076 -0.0814 0.9967
vn -0.0000 -0.0818 0.9966
vn -0.0049 -0.1026 0.9947
vn -0.1841 -0.2789 -0.9425
vn -0.1155 -0.1755 -0.9777
vn -0.0980 -0.1860 -0.9777
vn -0.2819 -0.3514 -0.8928
vn -0.2094 -0.2604 -0.9425
vn -0.1315 -0.1638 -0.9777
vn -0.2327 -0.2403 -0.9424
vn -0.3150 -0.3237 -0.8922
vn -0.1464 -0.1508 -0.9777
vn -0.3433 -0.2919 -0.8927
vn -0.2544 -0.2167 -0.9425
vn -0.1593 -0.1374 -0.9776
vn -0.3690 -0.2590 -0.8926
vn -0.2735 -0.1918 -0.9425
vn -0.1715 -0.1217 -0.9776
vn -0.2904 -0.1659 -0.9424
vn -0.3921 -0.2231 -0.8925
vn -0.1825 -0.1039 -0.9777
vn -0.4103 -0.1858 -0.8928
vn -0.3046 -0.1374 -0.9425
vn -0.1914 -0.0863 -0.9777
vn -0.3160 -0.1089 -0.9425
vn -0.4275 -0.1458 -0.8922
vn -0.1986 -0.0691 -0.9776
vn -0.4384 -0.1049 -0.8926
vn -0.3250 -0.0780 -0.9425
vn -0.2044 -0.0502 -0.9776
vn -0.4467 -0.0616 -0.8925
vn -0.3309 -0.0455 -0.9426
vn -0.2086 -0.0288 -0.9776
vn -0.3336 -0.0133 -0.9426
vn -0.4506 -0.0170 -0.8926
vn -0.2098 -0.0083 -0.9777
vn -0.3343 0.0166 -0.9423
vn -0.4497 0.0227 -0.8929
vn -0.2105 0.0095 -0.9775
vn -0.4465 0.0680 -0.8922
vn -0.3303 0.0502 -0.9425
vn -0.2076 0.0313 -0.9777
vn -0.3242 0.0812 -0.9425
vn -0.4364 0.1110 -0.8929
vn -0.2040 0.0503 -0.9777
vn -0.4245 0.1523 -0.8925
vn -0.3144 0.1126 -0.9426
vn -0.1981 0.0697 -0.9777
vn -0.4074 0.1926 -0.8927
vn -0.3021 0.1425 -0.9426
vn -0.1904 0.0884 -0.9777
vn -0.3873 0.2300 -0.8928
vn -0.2871 0.1707 -0.9426
vn -0.1812 0.1062 -0.9777
vn -0.3648 0.2659 -0.8923
vn -0.2697 0.1966 -0.9427
vn -0.1695 0.1237 -0.9777
vn -0.2506 0.2208 -0.9426
vn -0.3365 0.2978 -0.8934
vn -0.1580 0.1383 -0.9777
vn -0.2289 0.2434 -0.9425
vn -0.3082 0.3297 -0.8924
vn -0.1434 0.1532 -0.9777
vn -0.2049 0.2642 -0.9424
vn -0.2755 0.3563 -0.8928
vn -0.1281 0.1663 -0.9777
vn -0.1793 0.2820 -0.9425
vn -0.2412 0.3803 -0.8929
vn -0.1127 0.1772 -0.9777
vn -0.2046 0.4022 -0.8924
vn -0.1513 0.2977 -0.9426
vn -0.0952 0.1868 -0.9778
vn -0.1234 0.3103 -0.9426
vn -0.1648 0.4189 -0.8930
vn -0.0785 0.1949 -0.9777
vn -0.0937 0.3207 -0.9426
vn -0.1255 0.4330 -0.8926
vn -0.0598 0.2014 -0.9777
vn -0.0850 0.4433 -0.8924
vn -0.0624 0.3280 -0.9426
vn -0.0392 0.2059 -0.9778
vn -0.0391 0.4489 -0.8927
vn -0.0300 0.3330 -0.9424
vn -0.0196 0.2085 -0.9778
vn -0.2919 -0.4166 -0.8610
vn -0.3325 -0.4464 -0.8308
vn -0.2535 -0.3863 -0.8868
vn -0.3613 -0.4228 -0.8311
vn -0.4154 -0.3699 -0.8310
vn -0.4396 -0.3413 -0.8308
vn -0.1262 -0.2674 -0.9553
vn -0.1536 -0.2961 -0.9427
vn -0.1019 -0.2399 -0.9654
vn -0.0346 -0.0745 -0.9966
vn -0.0806 -0.2136 -0.9736
vn -0.1841 -0.3258 -0.9273
vn -0.2175 -0.3559 -0.9089
vn -0.0409 -0.0715 -0.9966
vn -0.4614 -0.3109 -0.8309
vn -0.4827 -0.2788 -0.8302
vn -0.4993 -0.2458 -0.8308
vn -0.5140 -0.2118 -0.8312
vn -0.5383 -0.1400 -0.8310
vn -0.5468 -0.1035 -0.8309
vn -0.5524 -0.0663 -0.8309
vn -0.5318 -0.1758 -0.8284
vn -0.5560 -0.0287 -0.8307
vn -0.5564 0.0087 -0.8309
vn -0.5541 0.0458 -0.8312
vn -0.0246 -0.1304 -0.9912
vn -0.0142 -0.0810 -0.9966
vn -0.0166 -0.1175 -0.9929
vn -0.0071 -0.0819 -0.9966
vn -0.0049 -0.1030 -0.9947
vn -0.0102 -0.1084 -0.9941
vn -0.0623 -0.1889 -0.9800
vn -0.0280 -0.0773 -0.9966
vn -0.0471 -0.1665 -0.9849
vn -0.0212 -0.0795 -0.9966
vn -0.0346 -0.1468 -0.9886
vn -0.0473 -0.0665 -0.9967
vn -0.0529 -0.0620 -0.9967
vn -0.0000 -0.0822 -0.9966
vn -0.0000 -0.1013 -0.9949
vn -0.0627 -0.0523 -0.9967
vn -0.0736 -0.0352 -0.9967
vn -0.0705 -0.0413 -0.9967
vn -0.0670 -0.0471 -0.9966
vn -0.0783 -0.0223 -0.9967
vn -0.0764 -0.0287 -0.9967
vn -0.0819 -0.0076 -0.9966
vn -0.0813 0.0009 -0.9967
vn -0.0809 -0.0143 -0.9966
vn -0.0580 -0.0575 -0.9967
vn -0.5427 0.1209 -0.8312
vn -0.5337 0.1570 -0.8310
vn -0.5548 0.0845 -0.8277
vn -0.5074 0.2276 -0.8311
vn -0.5232 0.1923 -0.8303
vn -0.4912 0.2613 -0.8309
vn -0.4723 0.2936 -0.8311
vn -0.4277 0.3549 -0.8314
vn -0.4035 0.3822 -0.8313
vn -0.3776 0.4134 -0.8286
vn -0.3479 0.4339 -0.8311
vn -0.3180 0.4564 -0.8310
vn -0.2866 0.4764 -0.8312
vn -0.2189 0.5109 -0.8313
vn -0.2561 0.4983 -0.8283
vn -0.1845 0.5247 -0.8311
vn -0.1489 0.5363 -0.8308
vn -0.1162 0.5471 -0.8290
vn -0.0743 0.5508 -0.8314
vn -0.0376 0.5550 -0.8310
vn -0.0000 0.5562 -0.8311
vn 0.0002 0.4462 -0.8949
vn -0.0801 0.0147 -0.9967
vn -0.0742 0.0340 -0.9967
vn -0.0766 0.0279 -0.9967
vn -0.0784 0.0215 -0.9967
vn -0.0670 0.0460 -0.9967
vn -0.0708 0.0401 -0.9967
vn -0.0582 0.0567 -0.9967
vn -0.0629 0.0515 -0.9967
vn -0.0527 0.0628 -0.9966
vn -0.0812 0.0077 -0.9967
vn -0.0470 0.0669 -0.9966
vn -0.0412 0.0709 -0.9966
vn -0.0272 0.0766 -0.9967
vn -0.0335 0.0740 -0.9967
vn 0.0009 0.3283 -0.9446
vn 0.0008 0.2064 -0.9785
vn -0.0203 0.0785 -0.9967
vn -0.0068 0.0812 -0.9967
vn -0.0135 0.0801 -0.9967
vn -0.0000 0.0818 -0.9966
vn -0.2352 -0.4284 -0.8724
vn -0.2046 -0.3611 -0.9098
vn -0.2001 -0.3753 -0.9050
vn -0.1960 -0.4096 -0.8910
vn -0.1210 -0.2811 -0.9520
vn -0.1294 -0.3150 -0.9402
vn -0.1987 -0.4544 -0.8684
vn -0.1427 -0.3546 -0.9241
vn -0.2029 -0.5298 -0.8235
vn -0.1641 -0.4066 -0.8987
vn -0.0648 -0.1998 -0.9777
vn -0.0787 -0.2308 -0.9698
vn -0.0943 -0.2637 -0.9600
vn -0.1138 -0.3012 -0.9467
vn -0.0266 -0.1424 -0.9895
vn -0.0370 -0.1679 -0.9851
vn -0.0470 -0.1981 -0.9790
vn -0.0578 -0.2321 -0.9710
vn -0.3219 -0.4545 -0.8305
vn -0.2573 -0.4292 -0.8658
vn -0.3116 -0.4631 -0.8297
vn -0.3016 -0.4722 -0.8283
vn -0.2920 -0.4822 -0.8260
vn -0.2740 -0.5053 -0.8183
vn -0.2828 -0.4931 -0.8227
vn -0.2920 -0.4167 -0.8609
vn -0.2536 -0.3866 -0.8867
vn -0.2177 -0.3565 -0.9086
vn -0.1844 -0.3264 -0.9271
vn -0.2584 -0.5344 -0.8047
vn -0.2659 -0.5190 -0.8124
vn -0.2459 -0.5722 -0.7824
vn -0.2517 -0.5521 -0.7949
vn -0.2379 -0.6219 -0.7461
vn -0.2413 -0.5954 -0.7664
vn -0.2361 -0.6522 -0.7204
vn -0.2360 -0.6865 -0.6878
vn -0.2380 -0.7248 -0.6465
vn -0.2398 -0.7455 -0.6219
vn -0.2296 -0.5966 -0.7690
vn -0.0807 -0.2137 -0.9736
vn -0.1019 -0.2400 -0.9654
vn -0.1539 -0.2968 -0.9425
vn -0.1263 -0.2678 -0.9552
vn -0.0626 -0.1892 -0.9799
vn -0.0103 -0.1090 -0.9940
vn -0.0168 -0.1186 -0.9928
vn -0.0049 -0.1033 -0.9946
vn -0.0472 -0.1671 -0.9848
vn -0.0347 -0.1477 -0.9884
vn -0.0247 -0.1315 -0.9910
vn -0.0000 -0.1352 -0.9908
vn -0.1750 -0.4134 -0.8936
vn -0.0927 -0.2815 -0.9551
vn 0.0014 -0.1650 -0.9863
vn 0.0005 -0.2010 -0.9796
vn -0.0000 -0.2359 -0.9718
vn -1.0000 -0.0000 -0.0000
vn 0.0019 -0.3922 -0.9199
vn -0.0000 -0.2012 -0.9795
vn -0.0000 -0.3945 -0.9189
vn 0.0002 -0.2011 -0.9796
vn -0.0000 -0.2015 -0.9795
vn 0.0107 -0.7127 -0.7014
vn -0.0000 -0.5652 -0.8250
vn -0.0000 -0.7142 -0.7000
vn -0.0001 -0.5599 -0.8286
vn -0.0000 -0.5651 -0.8250
vn 0.0001 -0.7147 -0.6995
vn 0.0179 -0.9243 -0.3812
vn -0.0000 -0.8356 -0.5493
vn -0.0000 -0.9258 -0.3781
vn -0.0007 -0.8286 -0.5598
vn -0.0000 -0.8357 -0.5492
vn -0.0001 -0.9258 -0.3781
vn -0.0050 -1.0000 0.0033
vn -0.0000 -0.9813 -0.1926
vn -0.0005 -0.9798 -0.1999
vn -0.0000 -0.9813 -0.1924
vn -0.0183 -0.9175 0.3974
vn -0.0000 -0.9795 0.2015
vn -0.0000 -0.9189 0.3945
vn 0.0080 -0.9751 0.2216
vn 0.0006 -0.9190 0.3941
vn -0.0116 -0.6972 0.7168
vn -0.0000 -0.8251 0.5651
vn -0.0000 -0.7001 0.7141
vn 0.0067 -0.8157 0.5784
vn -0.0000 -0.8251 0.5650
vn -0.0000 -0.6999 0.7142
vn -0.0050 -0.3753 0.9269
vn -0.0000 -0.5492 0.8357
vn -0.0000 -0.3778 0.9259
vn 0.0043 -0.5407 0.8412
vn -0.0000 -0.3779 0.9259
vn 0.0012 0.0020 1.0000
vn -0.0000 -0.1924 0.9813
vn 0.0018 -0.1889 0.9820
vn 0.0022 0.3926 0.9197
vn 0.0001 0.2017 0.9794
vn -0.0000 0.3945 0.9189
vn -0.0001 0.2000 0.9798
vn 0.0105 0.7128 0.7012
vn -0.0000 0.5653 0.8249
vn -0.0000 0.7142 0.6999
vn -0.0001 0.5598 0.8286
vn 0.0181 0.9243 0.3813
vn -0.0000 0.8357 0.5492
vn -0.0000 0.9259 0.3779
vn -0.0007 0.8287 0.5597
vn 0.0037 1.0000 0.0010
vn -0.0009 0.9814 0.1920
vn -0.0007 0.9799 0.1997
vn -0.0178 0.9173 -0.3978
vn -0.0000 0.9795 -0.2015
vn -0.0000 0.9189 -0.3945
vn 0.0036 0.9776 -0.2104
vn -0.0119 0.6975 -0.7164
vn -0.0000 0.8249 -0.5652
vn -0.0000 0.7005 -0.7137
vn 0.0066 0.8156 -0.5785
vn -0.0000 0.8249 -0.5653
vn -0.0000 0.6999 -0.7142
vn -0.0050 0.3753 -0.9269
vn -0.0000 0.5493 -0.8356
vn -0.0000 0.3778 -0.9259
vn 0.0044 0.5408 -0.8412
vn -0.0000 0.5492 -0.8357
vn -0.0000 0.3779 -0.9258
vn 0.0005 -0.0020 -1.0000
vn -0.0000 0.1922 -0.9814
vn 0.0016 0.1889 -0.9820
vn -0.0000 0.1924 -0.9813
vn -0.0003 -0.0014 -1.0000
vn -0.0006 -0.2104 -0.9776
vn -0.0014 -0.4126 -0.9109
vn -0.0024 -0.5970 -0.8023
vn -0.0034 -0.7545 -0.6563
vn -0.0042 -0.8775 -0.4795
vn -0.0047 -0.9599 -0.2804
vn -0.0055 -0.9979 0.0641
vn -0.0059 -0.9940 -0.1088
vn -0.0052 -0.9615 0.2748
vn -0.0044 -0.7596 0.6504
vn -0.0048 -0.8808 0.4734
vn -0.0036 -0.6025 0.7981
vn -0.0013 -0.2134 0.9770
vn -0.0026 -0.4178 0.9086
vn -0.0004 -0.0004 1.0000
vn -0.0000 -0.3248 -0.9458
vn -0.0000 -0.6225 -0.7826
vn -0.0000 -0.8410 -0.5411
vn -0.0000 -0.9987 0.0512
vn -0.0000 -0.9667 -0.2558
vn -0.0000 -0.9329 0.3602
vn -0.0000 -0.7648 0.6442
vn -0.0000 -0.4989 0.8667
vn -0.0000 -0.1575 0.9875
vn -0.0006 0.2105 0.9776
vn -0.0014 0.4125 0.9109
vn -0.0024 0.5970 0.8023
vn -0.0033 0.7544 0.6564
vn -0.0041 0.8774 0.4798
vn -0.0048 0.9599 0.2804
vn -0.0028 0.9963 0.0862
vn -0.0052 0.9616 -0.2744
vn -0.0030 0.9965 -0.0836
vn -0.0048 0.8809 -0.4732
vn -0.0036 0.6025 -0.7981
vn -0.0043 0.7593 -0.6508
vn -0.0013 0.2133 -0.9770
vn -0.0026 0.4178 -0.9086
vn -0.0015 0.0022 -1.0000
vn -0.0000 0.2102 0.9777
vn -0.0000 0.5423 0.8402
vn -0.0000 0.9418 0.3362
vn -0.0000 0.7908 0.6121
vn -0.0000 0.9993 0.0384
vn -0.0000 0.9639 -0.2663
vn -0.0000 0.8295 -0.5585
vn -0.0000 0.5919 -0.8060
vn -0.0000 0.2654 -0.9641
vn 0.0360 -0.1237 -0.9917
vn -0.0000 -0.1014 -0.9948
vn -0.0000 -0.7661 0.6427
vn 0.0018 -0.5473 0.8369
vn -0.0000 -0.6275 0.7786
vn -0.0004 -0.6296 0.7769
vn 0.0065 -0.3759 0.9266
vn -0.0000 -0.4657 0.8849
vn -0.0000 -0.4671 0.8842
vn 0.0229 -0.1729 0.9847
vn -0.0000 -0.2865 0.9581
vn 0.0005 -0.2901 0.9570
vn -0.0080 0.2041 0.9789
vn -0.0000 0.1014 0.9948
vn -0.0000 0.2015 0.9795
vn 0.0022 0.1068 0.9943
vn -0.0079 0.3962 0.9181
vn -0.0000 0.2995 0.9541
vn 0.0004 0.3945 0.9189
vn 0.0021 0.3036 0.9528
vn -0.0000 0.6428 0.7661
vn -0.0000 0.5651 0.8250
vn -0.0000 0.6427 0.7661
vn 0.0010 0.7147 0.6994
vn -0.0061 0.5666 0.8240
vn -0.0000 0.4821 0.8761
vn -0.0000 0.5649 0.8252
vn 0.0012 0.4846 0.8747
vn -0.0013 0.7147 0.6995
vn -0.0003 0.6425 0.7663
vn -0.0000 0.7787 0.6274
vn -0.0004 0.7786 0.6275
vn -0.0000 0.8355 0.5494
vn -0.0026 0.8357 0.5491
vn -0.0003 0.7780 0.6282
vn -0.0004 0.9258 0.3779
vn -0.0001 0.8849 0.4657
vn -0.0000 0.9256 0.3786
vn -0.0000 0.8833 0.4689
vn 0.0010 0.9583 0.2857
vn -0.0000 0.9258 0.3779
vn -0.0000 0.9581 0.2865
vn -0.0007 0.9812 0.1930
vn -0.0000 0.9813 0.1924
vn 0.0018 0.9814 0.1921
vn -0.0001 0.9565 0.2919
vn -0.0052 1.0000 -0.0054
vn -0.0000 0.9953 0.0965
vn 0.0002 0.9953 0.0969
vn -0.0061 0.9789 -0.2043
vn 0.0001 0.9948 -0.1017
vn 0.0034 0.9940 -0.1098
vn -0.0008 0.9186 -0.3953
vn -0.0000 0.9541 -0.2995
vn 0.0030 0.9520 -0.3060
vn -0.0026 0.8233 -0.5676
vn 0.0003 0.8761 -0.4822
vn -0.0000 0.8250 -0.5651
vn 0.0001 0.8762 -0.4819
vn -0.0008 0.6978 -0.7163
vn -0.0000 0.7661 -0.6427
vn -0.0000 0.7000 -0.7142
vn 0.0018 0.7640 -0.6452
vn 0.0023 0.5475 -0.8368
vn -0.0000 0.6275 -0.7786
vn 0.0008 0.6268 -0.7792
vn 0.0055 0.3756 -0.9268
vn -0.0000 0.4657 -0.8849
vn 0.0004 0.4673 -0.8841
vn 0.0073 0.1922 -0.9813
vn -0.0000 0.2865 -0.9581
vn 0.0002 0.2894 -0.9572
vn -0.0000 0.0965 -0.9953
vn 0.0001 0.1021 -0.9948
vn -0.0000 -0.2081 -0.9781
vn -0.0000 -0.4070 -0.9134
vn -0.0000 -0.3699 -0.9291
vn -0.0000 -0.7433 -0.6689
vn -0.0000 -0.5880 -0.8089
vn -0.0000 -0.7020 -0.7122
vn -0.0000 -0.9945 -0.1043
vn 0.0001 -0.9512 -0.3086
vn -0.0000 -0.9885 -0.1510
vn -0.0002 -0.8661 -0.4998
vn -0.0000 -0.8353 -0.5497
vn -0.0000 -0.9335 -0.3586
vn -0.0000 -0.9510 0.3092
vn -0.0000 -0.9945 0.1048
vn -0.0000 -0.9982 0.0592
vn -0.0000 -0.7430 0.6693
vn -0.0000 -0.8659 0.5002
vn -0.0002 -0.5868 0.8097
vn -0.0000 -0.8991 0.4377
vn -0.0010 -0.4028 0.9153
vn -0.0018 -0.2059 0.9786
vn -0.0022 0.1982 0.9802
vn -0.0018 -0.0076 1.0000
vn -0.0017 0.4000 0.9165
vn -0.0006 0.5859 0.8104
vn 0.0233 -0.0224 0.9995
vn -0.0000 -0.6794 0.7338
vn -0.0004 -0.3733 0.9277
vn -0.0000 -0.0181 0.9998
vn -0.0000 0.3564 0.9343
vn -0.0001 0.7435 0.6687
vn -0.0000 0.6968 0.7173
vn -0.0006 0.8673 0.4978
vn -0.0014 0.9529 0.3034
vn -0.0024 0.9956 -0.0934
vn -0.0026 0.9942 0.1074
vn -0.0009 0.9523 -0.3052
vn -0.0008 0.8674 -0.4976
vn -0.0008 0.7449 -0.6672
vn -0.0004 0.5872 -0.8094
vn -0.0010 0.4031 -0.9152
vn -0.0016 0.2007 -0.9797
vn -0.0025 -0.0111 -0.9999
vn -0.0000 0.9984 -0.0573
vn -0.0000 0.8325 0.5540
vn -0.0000 0.9322 0.3621
vn -0.0000 0.8952 -0.4457
vn -0.0000 0.6656 -0.7463
vn -0.0000 0.3557 -0.9346
vn -0.0002 -0.0001 -1.0000
vn -0.0003 -0.0003 -1.0000
vn 0.0001 -0.0004 -1.0000
vn 0.1458 0.9181 -0.3685
vn 0.0740 0.9451 -0.3182
vn 0.1490 0.9362 -0.3183
vn 0.2153 0.9053 -0.3661
vn 0.2215 0.9218 -0.3181
vn 0.2933 0.9017 -0.3178
vn 0.3553 0.8590 -0.3685
vn 0.3628 0.8760 -0.3178
vn 0.4294 0.8454 -0.3178
vn 0.4938 0.8095 -0.3177
vn 0.4197 0.8300 -0.3673
vn 0.5571 0.7670 -0.3183
vn 0.4835 0.7946 -0.3672
vn 0.6170 0.7204 -0.3167
vn 0.5460 0.7541 -0.3650
vn 0.6758 0.6644 -0.3192
vn 0.6055 0.7075 -0.3644
vn 0.7127 0.5970 -0.3683
vn 0.7270 0.6086 -0.3178
vn 0.7573 0.5410 -0.3660
vn 0.7729 0.5493 -0.3178
vn 0.8139 0.4864 -0.3177
vn 0.8328 0.4136 -0.3680
vn 0.8498 0.4206 -0.3177
vn 0.8630 0.3460 -0.3682
vn 0.8804 0.3522 -0.3177
vn 0.8878 0.2760 -0.3682
vn 0.9055 0.2814 -0.3177
vn 0.9248 0.2091 -0.3179
vn 0.9205 0.1340 -0.3670
vn 0.9385 0.1352 -0.3176
vn 0.9463 0.0605 -0.3176
vn 0.9297 -0.0137 -0.3681
vn 0.9481 -0.0144 -0.3176
vn 0.9439 -0.0895 -0.3178
vn 0.9339 -0.1640 -0.3177
vn 0.9259 -0.0863 -0.3677
vn 0.9011 -0.2313 -0.3669
vn 0.9180 -0.2369 -0.3179
vn 0.8788 -0.3025 -0.3690
vn 0.8953 -0.3101 -0.3199
vn 0.8833 -0.3447 -0.3177
vn 0.8691 -0.3791 -0.3177
vn 0.8517 -0.3729 -0.3681
vn 0.8361 -0.4476 -0.3172
vn 0.7849 -0.5002 -0.3658
vn 0.7984 -0.5117 -0.3175
vn 0.7422 -0.5611 -0.3665
vn 0.7555 -0.5731 -0.3174
vn 0.7078 -0.6304 -0.3188
vn 0.6479 -0.6800 -0.3432
vn 0.6413 -0.6733 -0.3679
vn 0.6951 -0.6180 -0.3674
vn 0.6541 -0.6865 -0.3177
vn 0.6209 -0.7029 -0.3469
vn 0.0752 0.9609 -0.2664
vn 0.1514 0.9519 -0.2664
vn 0.2253 0.9372 -0.2663
vn 0.2981 0.9166 -0.2663
vn 0.3692 0.8903 -0.2664
vn 0.4358 0.8597 -0.2664
vn 0.5020 0.8229 -0.2660
vn 0.5665 0.7799 -0.2662
vn 0.6271 0.7324 -0.2651
vn 0.6878 0.6752 -0.2664
vn 0.7389 0.6189 -0.2664
vn 0.7855 0.5586 -0.2664
vn 0.8273 0.4946 -0.2662
vn 0.8639 0.4276 -0.2662
vn 0.8950 0.3580 -0.2661
vn 0.9205 0.2861 -0.2661
vn 0.9402 0.2125 -0.2661
vn 0.9541 0.1374 -0.2660
vn 0.9620 0.0616 -0.2661
vn 0.9638 -0.0146 -0.2661
vn 0.9597 -0.0909 -0.2660
vn 0.9491 -0.1666 -0.2672
vn 0.9307 -0.2465 -0.2702
vn 0.8774 -0.3859 -0.2850
vn 0.8980 -0.3504 -0.2662
vn 0.8835 -0.3857 -0.2660
vn 0.8909 -0.3474 -0.2927
vn 0.9037 -0.3123 -0.2930
vn 0.8503 -0.4541 -0.2662
vn 0.8116 -0.5201 -0.2659
vn 0.7681 -0.5824 -0.2662
vn 0.7194 -0.6416 -0.2661
vn 0.6598 -0.6924 -0.2920
vn 0.6650 -0.6979 -0.2661
vn 0.0766 0.9737 -0.2147
vn 0.1531 0.9648 -0.2139
vn 0.2283 0.9498 -0.2139
vn 0.3021 0.9290 -0.2138
vn 0.3740 0.9023 -0.2143
vn 0.4423 0.8710 -0.2138
vn 0.5083 0.8341 -0.2142
vn 0.5741 0.7904 -0.2137
vn 0.6356 0.7422 -0.2126
vn 0.6971 0.6843 -0.2139
vn 0.7491 0.6270 -0.2138
vn 0.7962 0.5660 -0.2138
vn 0.8385 0.5012 -0.2138
vn 0.8755 0.4333 -0.2138
vn 0.9070 0.3628 -0.2137
vn 0.9328 0.2900 -0.2137
vn 0.9529 0.2152 -0.2137
vn 0.9669 0.1392 -0.2137
vn 0.9749 0.0625 -0.2136
vn 0.9768 -0.0149 -0.2135
vn 0.9725 -0.0920 -0.2138
vn 0.9622 -0.1688 -0.2137
vn 0.9399 -0.2429 -0.2400
vn 0.9458 -0.2444 -0.2137
vn 0.8226 -0.5270 -0.2135
vn 0.8617 -0.4603 -0.2136
vn 0.7783 -0.5905 -0.2136
vn 0.7291 -0.6502 -0.2136
vn 0.0772 0.9839 -0.1610
vn 0.1545 0.9748 -0.1609
vn 0.2308 0.9596 -0.1609
vn 0.3053 0.9386 -0.1608
vn 0.3776 0.9119 -0.1608
vn 0.4464 0.8802 -0.1609
vn 0.5140 0.8426 -0.1609
vn 0.5800 0.7986 -0.1607
vn 0.6416 0.7500 -0.1608
vn 0.7043 0.6915 -0.1608
vn 0.7568 0.6335 -0.1607
vn 0.8045 0.5718 -0.1607
vn 0.8471 0.5065 -0.1607
vn 0.8846 0.4378 -0.1606
vn 0.9164 0.3666 -0.1607
vn 0.9425 0.2930 -0.1606
vn 0.9627 0.2175 -0.1606
vn 0.9769 0.1407 -0.1607
vn 0.9850 0.0630 -0.1606
vn 0.9869 -0.0150 -0.1605
vn 0.9826 -0.0931 -0.1605
vn 0.9722 -0.1706 -0.1607
vn 0.9511 -0.2458 -0.1872
vn 0.9556 -0.2470 -0.1606
vn 0.8311 -0.5325 -0.1605
vn 0.8706 -0.4651 -0.1606
vn 0.7868 -0.5957 -0.1619
vn 0.7332 -0.6538 -0.1871
vn 0.7367 -0.6569 -0.1605
vn 0.6976 -0.6828 -0.2170
vn 0.7057 -0.6834 -0.1871
vn 0.7094 -0.6854 -0.1642
vn 0.1562 0.9818 -0.1080
vn 0.0779 0.9911 -0.1082
vn 0.2324 0.9667 -0.1074
vn 0.3076 0.9454 -0.1075
vn 0.3803 0.9186 -0.1074
vn 0.4498 0.8867 -0.1069
vn 0.5180 0.8487 -0.1071
vn 0.5842 0.8045 -0.1074
vn 0.6467 0.7552 -0.1074
vn 0.7095 0.6965 -0.1074
vn 0.7624 0.6382 -0.1074
vn 0.8104 0.5760 -0.1073
vn 0.8534 0.5102 -0.1073
vn 0.8911 0.4410 -0.1073
vn 0.9231 0.3693 -0.1073
vn 0.9494 0.2951 -0.1072
vn 0.9698 0.2192 -0.1072
vn 0.9841 0.1418 -0.1071
vn 0.9922 0.0634 -0.1072
vn 0.9941 -0.0151 -0.1072
vn 0.9898 -0.0938 -0.1071
vn 0.9793 -0.1718 -0.1071
vn 0.9630 -0.2471 -0.1077
vn 0.9450 -0.2848 -0.1606
vn 0.9399 -0.3242 -0.1071
vn 0.9331 -0.3218 -0.1606
vn 0.9195 -0.3588 -0.1606
vn 0.9113 -0.3975 -0.1071
vn 0.9047 -0.3947 -0.1606
vn 0.8770 -0.4685 -0.1070
vn 0.8372 -0.5364 -0.1070
vn 0.7922 -0.6008 -0.1070
vn 0.7396 -0.6596 -0.1338
vn 0.7421 -0.6617 -0.1070
vn 0.7128 -0.6875 -0.1386
vn 0.7152 -0.6897 -0.1128
vn 0.0780 0.9955 -0.0540
vn 0.1567 0.9862 -0.0538
vn 0.2333 0.9709 -0.0537
vn 0.3113 0.9487 -0.0549
vn 0.3827 0.9223 -0.0537
vn 0.4540 0.8893 -0.0545
vn 0.5200 0.8525 -0.0539
vn 0.5893 0.8061 -0.0552
vn 0.6491 0.7588 -0.0537
vn 0.7141 0.6978 -0.0563
vn 0.7656 0.6410 -0.0538
vn 0.8139 0.5785 -0.0537
vn 0.8584 0.5100 -0.0549
vn 0.8960 0.4406 -0.0549
vn 0.9280 0.3686 -0.0547
vn 0.9542 0.2940 -0.0548
vn 0.9745 0.2174 -0.0548
vn 0.9884 0.1424 -0.0535
vn 0.9966 0.0612 -0.0548
vn 0.9985 -0.0152 -0.0535
vn 0.9941 -0.0942 -0.0535
vn 0.9836 -0.1725 -0.0535
vn 0.9668 -0.2498 -0.0536
vn 0.9431 -0.3280 -0.0547
vn 0.9152 -0.3993 -0.0536
vn 0.8795 -0.4728 -0.0547
vn 0.8408 -0.5387 -0.0534
vn 0.7956 -0.6035 -0.0534
vn 0.7440 -0.6634 -0.0802
vn 0.7453 -0.6646 -0.0534
vn 0.7176 -0.6911 -0.0868
vn 0.7204 -0.6910 -0.0605
vn 0.0548 0.9055 -0.4207
vn 0.1772 0.8909 -0.4182
vn 0.1177 0.9005 -0.4187
vn 0.0722 0.9279 -0.3658
vn 0.2359 0.8770 -0.4187
vn 0.2894 0.8839 -0.3674
vn 0.2960 0.8574 -0.4209
vn 0.3974 0.8155 -0.4207
vn 0.3475 0.8381 -0.4204
vn -0.0009 0.9397 -0.3421
vn 0.4535 0.7868 -0.4186
vn 0.5047 0.7553 -0.4182
vn 0.5535 0.7199 -0.4187
vn 0.6015 0.6791 -0.4207
vn 0.6646 0.6520 -0.3650
vn 0.6392 0.6437 -0.4209
vn 0.6824 0.5993 -0.4185
vn 0.7207 0.5529 -0.4181
vn 0.7557 0.5036 -0.4187
vn 0.7994 0.4755 -0.3673
vn 0.7883 0.4488 -0.4210
vn 0.8364 0.3513 -0.4207
vn 0.8141 0.4005 -0.4205
vn 0.8597 0.2926 -0.4186
vn 0.8775 0.2350 -0.4180
vn 0.8910 0.1762 -0.4185
vn 0.9001 0.1137 -0.4207
vn 0.9077 0.2030 -0.3671
vn 0.9071 0.0051 -0.4209
vn 0.9289 0.0595 -0.3655
vn 0.9062 -0.0594 -0.4186
vn 0.9004 -0.1205 -0.4180
vn 0.9159 -0.1627 -0.3670
vn 0.8901 -0.1807 -0.4184
vn 0.9053 0.0600 -0.4205
vn -0.0023 0.9494 -0.3140
vn -0.0000 0.9562 -0.2926
vn -0.0000 0.9638 -0.2667
vn -0.0000 0.9706 -0.2405
vn -0.0000 0.9768 -0.2142
vn -0.0009 0.9826 -0.1859
vn 0.9335 -0.2679 -0.2385
vn 0.8742 -0.2428 -0.4206
vn 0.8577 -0.2961 -0.4203
vn 0.8121 -0.4068 -0.4183
vn 0.8203 -0.4402 -0.3650
vn 0.8378 -0.3481 -0.4206
vn 0.7500 -0.5123 -0.4184
vn 0.7831 -0.4606 -0.4179
vn 0.7108 -0.5636 -0.4207
vn 0.6749 -0.6066 -0.4201
vn 0.6346 -0.6501 -0.4179
vn 0.6210 -0.6883 -0.3749
vn 0.5898 -0.6910 -0.4179
vn 0.5819 -0.7224 -0.3736
vn 0.5724 -0.7239 -0.3852
vn 0.5529 -0.7269 -0.4073
vn 0.5428 -0.7285 -0.4178
vn 0.5627 -0.7254 -0.3964
vn 0.6002 -0.7195 -0.3494
vn 0.6175 -0.7168 -0.3238
vn 0.6323 -0.7145 -0.2996
vn 0.6250 -0.7156 -0.3118
vn 0.5912 -0.7209 -0.3617
vn 0.6090 -0.7181 -0.3368
vn 0.9046 -0.3358 -0.2624
vn 0.9082 -0.3254 -0.2632
vn 0.9169 -0.3028 -0.2600
vn 0.9255 -0.2830 -0.2516
vn 0.8989 -0.3543 -0.2577
vn 0.8949 -0.3699 -0.2497
vn 0.9430 -0.2616 -0.2057
vn 0.9395 -0.2607 -0.2221
vn 0.9438 -0.2696 -0.1914
vn 0.8992 -0.3859 -0.2063
vn 0.9069 -0.3760 -0.1904
vn 0.8931 -0.3815 -0.2382
vn 0.6461 -0.7123 -0.2743
vn 0.6393 -0.7134 -0.2870
vn 0.6526 -0.7113 -0.2612
vn 0.6588 -0.7103 -0.2478
vn 0.8945 -0.3873 -0.2231
vn 0.6800 -0.7070 -0.1943
vn 0.6648 -0.7094 -0.2342
vn 0.6755 -0.7077 -0.2071
vn 0.6704 -0.7085 -0.2204
vn 0.9419 -0.2830 -0.1808
vn -0.0021 0.9876 -0.1568
vn -0.0000 0.9909 -0.1343
vn -0.0000 0.9942 -0.1075
vn -0.0009 0.9969 -0.0788
vn -0.0021 0.9988 -0.0494
vn 0.0348 0.9994 -0.0002
vn 0.0699 0.9976 -0.0002
vn 0.1053 0.9944 -0.0003
vn 0.1408 0.9900 -0.0002
vn 0.1764 0.9843 -0.0003
vn 0.2121 0.9773 -0.0002
vn 0.2832 0.9591 -0.0002
vn 0.4226 0.9063 -0.0002
vn 0.3536 0.9354 -0.0002
vn 0.5541 0.8325 -0.0002
vn 0.6729 0.7397 -0.0002
vn 0.6153 0.7883 -0.0002
vn 0.4897 0.8719 -0.0002
vn 0.7981 0.6025 -0.0002
vn 0.8767 0.4810 -0.0001
vn 0.8399 0.5427 -0.0001
vn 0.7515 0.6598 -0.0002
vn 0.9085 0.4179 -0.0001
vn 0.9677 0.2523 -0.0001
vn 0.9834 0.1816 -0.0000
vn 0.9472 0.3206 -0.0001
vn 0.2477 0.9688 -0.0003
vn 0.3186 0.9479 -0.0002
vn 0.3883 0.9215 -0.0002
vn 0.4564 0.8898 -0.0002
vn 0.5222 0.8528 -0.0002
vn 0.5851 0.8109 -0.0002
vn 0.6446 0.7645 -0.0002
vn 0.7002 0.7140 -0.0002
vn 0.7264 0.6873 -0.0002
vn 0.7754 0.6315 -0.0002
vn 0.8197 0.5729 -0.0001
vn 0.8590 0.5120 -0.0001
vn 0.8933 0.4495 -0.0001
vn 0.9225 0.3860 -0.0001
vn 0.9354 0.3537 -0.0001
vn 0.9580 0.2868 -0.0001
vn 0.9761 0.2172 -0.0000
vn 0.9894 0.1455 -0.0000
vn 0.9941 0.1089 -0.0000
vn 0.9381 -0.2997 -0.1737
vn 0.9248 -0.3394 -0.1720
vn 0.9160 -0.3593 -0.1787
vn 0.9323 -0.3189 -0.1704
vn 0.9994 0.0348 -0.0000
vn 0.9934 -0.1151 -0.0000
vn 0.9992 -0.0401 -0.0000
vn 0.9541 -0.2995 -0.0000
vn 0.9739 -0.2268 0.0001
vn 0.6957 -0.7046 -0.1400
vn 0.6884 -0.7057 -0.1675
vn 0.6844 -0.7063 -0.1810
vn 0.6922 -0.7051 -0.1538
vn 0.6988 -0.7041 -0.1260
vn 0.7042 -0.7032 -0.0979
vn 0.7081 -0.7026 -0.0702
vn 0.7017 -0.7036 -0.1119
vn 0.7095 -0.7024 -0.0563
vn 0.7063 -0.7029 -0.0840
vn 0.9289 -0.3703 0.0001
vn 0.9974 0.0720 -0.0000
vn 1.0000 -0.0025 -0.0000
vn 0.9970 -0.0776 -0.0000
vn 0.9883 -0.1526 -0.0000
vn 0.9818 -0.1898 -0.0000
vn 0.9647 -0.2634 0.0001
vn 0.9421 -0.3352 0.0001
vn 0.9144 -0.4048 0.0001
vn 0.8987 -0.4386 0.0001
vn 0.8248 -0.5654 0.0001
vn 0.7362 -0.6768 0.0001
vn 0.7115 -0.7021 -0.0282
vn 0.7821 -0.6231 0.0001
vn 0.7107 -0.7022 -0.0423
vn 0.7120 -0.7020 -0.0140
vn 0.8639 -0.5037 0.0001
vn 0.8818 -0.4716 0.0001
vn 0.8449 -0.5350 0.0001
vn 0.8039 -0.5948 0.0001
vn 0.7595 -0.6505 0.0002
vn 0.7122 -0.7020 0.0002
vn 0.3328 -0.0350 -0.9424
vn 0.4423 -0.0922 -0.8921
vn 0.3269 -0.0685 -0.9426
vn 0.2099 -0.0206 -0.9775
vn 0.2054 -0.0432 -0.9777
vn 0.3190 -0.1001 -0.9425
vn 0.4290 -0.1360 -0.8930
vn 0.2002 -0.0636 -0.9777
vn 0.3074 -0.1313 -0.9425
vn 0.4146 -0.1782 -0.8924
vn 0.1937 -0.0822 -0.9776
vn 0.3947 -0.2176 -0.8927
vn 0.2924 -0.1617 -0.9425
vn 0.1844 -0.1009 -0.9777
vn 0.3725 -0.2556 -0.8921
vn 0.2755 -0.1892 -0.9425
vn 0.1736 -0.1193 -0.9776
vn 0.2563 -0.2145 -0.9425
vn 0.3445 -0.2894 -0.8931
vn 0.1609 -0.1351 -0.9777
vn 0.3162 -0.3229 -0.8920
vn 0.2339 -0.2387 -0.9425
vn 0.1482 -0.1495 -0.9776
vn 0.2104 -0.2601 -0.9424
vn 0.2824 -0.3512 -0.8927
vn 0.1331 -0.1633 -0.9776
vn 0.1165 -0.1755 -0.9776
vn 0.1835 -0.2792 -0.9425
vn 0.5552 -0.0371 -0.8309
vn 0.4463 -0.0000 -0.8949
vn 0.5564 -0.0002 -0.8309
vn 0.5512 -0.0736 -0.8311
vn 0.4478 -0.0460 -0.8929
vn 0.5362 -0.1468 -0.8312
vn 0.5258 -0.1813 -0.8311
vn 0.5139 -0.2183 -0.8296
vn 0.4973 -0.2498 -0.8308
vn 0.4795 -0.2819 -0.8311
vn 0.4374 -0.3435 -0.8311
vn 0.4143 -0.3711 -0.8311
vn 0.3285 0.0006 -0.9445
vn 0.0811 -0.0072 -0.9967
vn 0.0820 -0.0002 -0.9966
vn 0.2068 0.0003 -0.9784
vn 0.0801 -0.0144 -0.9967
vn 0.0786 -0.0218 -0.9967
vn 0.0763 -0.0289 -0.9967
vn 0.0698 -0.0437 -0.9966
vn 0.0734 -0.0358 -0.9967
vn 0.0657 -0.0497 -0.9966
vn 0.3609 -0.4232 -0.8310
vn 0.3325 -0.4464 -0.8308
vn 0.3917 -0.4021 -0.8276
vn 0.0542 -0.0610 -0.9967
vn 0.2919 -0.4166 -0.8609
vn 0.0597 -0.0558 -0.9967
vn 0.2535 -0.3863 -0.8869
vn 0.2174 -0.3559 -0.9089
vn 0.1840 -0.3257 -0.9274
vn 0.1535 -0.2960 -0.9428
vn 0.1261 -0.2673 -0.9553
vn 0.1018 -0.2398 -0.9655
vn 0.0793 -0.1947 -0.9777
vn 0.0806 -0.2136 -0.9736
vn 0.0485 -0.0658 -0.9967
vn 0.0623 -0.1889 -0.9800
vn 0.0365 -0.0743 -0.9966
vn 0.0420 -0.0666 -0.9969
vn 0.0296 -0.0767 -0.9966
vn 0.0224 -0.0791 -0.9966
vn 0.0471 -0.1665 -0.9849
vn 0.0346 -0.1469 -0.9886
vn 0.0151 -0.0808 -0.9966
vn 0.0076 -0.0819 -0.9966
vn 0.0167 -0.1175 -0.9929
vn 0.0103 -0.1084 -0.9941
vn 0.0246 -0.1304 -0.9912
vn 0.0049 -0.1030 -0.9947
vn 0.0348 0.3328 -0.9423
vn 0.0925 0.4414 -0.8925
vn 0.0684 0.3267 -0.9427
vn 0.0420 0.2059 -0.9777
vn 0.1354 0.4298 -0.8927
vn 0.1005 0.3184 -0.9426
vn 0.0622 0.2006 -0.9777
vn 0.1776 0.4152 -0.8922
vn 0.1317 0.3068 -0.9426
vn 0.0819 0.1933 -0.9777
vn 0.1609 0.2927 -0.9426
vn 0.2181 0.3935 -0.8931
vn 0.1009 0.1843 -0.9777
vn 0.1885 0.2757 -0.9426
vn 0.2553 0.3716 -0.8926
vn 0.1185 0.1740 -0.9776
vn 0.2145 0.2563 -0.9425
vn 0.2896 0.3452 -0.8927
vn 0.1344 0.1618 -0.9776
vn 0.3223 0.3165 -0.8922
vn 0.2386 0.2337 -0.9426
vn 0.1493 0.1480 -0.9777
vn 0.2602 0.2102 -0.9424
vn 0.3499 0.2817 -0.8934
vn 0.1630 0.1328 -0.9777
vn 0.2791 0.1840 -0.9425
vn 0.3770 0.2475 -0.8925
vn 0.1752 0.1164 -0.9776
vn 0.3983 0.2099 -0.8929
vn 0.2956 0.1554 -0.9426
vn 0.1857 0.0976 -0.9778
vn 0.4182 0.1708 -0.8922
vn 0.3092 0.1261 -0.9426
vn 0.1943 0.0804 -0.9776
vn 0.4310 0.1286 -0.8931
vn 0.3200 0.0955 -0.9426
vn 0.2010 0.0601 -0.9777
vn 0.3281 0.0648 -0.9424
vn 0.4429 0.0865 -0.8924
vn 0.2058 0.0402 -0.9778
vn 0.3326 0.0310 -0.9425
vn 0.4496 0.0412 -0.8923
vn 0.2090 0.0188 -0.9777
vn 0.0364 0.5551 -0.8310
vn -0.0002 0.4462 -0.8950
vn -0.0000 0.5562 -0.8310
vn 0.0724 0.5513 -0.8312
vn 0.0459 0.4477 -0.8930
vn 0.1100 0.5467 -0.8301
vn 0.1440 0.5373 -0.8310
vn 0.1787 0.5266 -0.8311
vn 0.2120 0.5188 -0.8282
vn 0.2463 0.4982 -0.8313
vn 0.2781 0.4817 -0.8311
vn 0.3100 0.4627 -0.8306
vn 0.3387 0.4412 -0.8310
vn 0.3666 0.4181 -0.8311
vn 0.3949 0.3979 -0.8281
vn -0.0009 0.3283 -0.9446
vn 0.0210 0.2120 -0.9770
vn 0.0143 0.0799 -0.9967
vn 0.0069 0.0808 -0.9967
vn -0.0000 0.0817 -0.9967
vn -0.0006 0.2064 -0.9785
vn 0.0216 0.0783 -0.9967
vn 0.0286 0.0760 -0.9967
vn 0.0435 0.0696 -0.9966
vn 0.0355 0.0732 -0.9967
vn 0.0494 0.0655 -0.9966
vn 0.0556 0.0594 -0.9967
vn 0.4183 0.3660 -0.8313
vn 0.4412 0.3385 -0.8311
vn 0.4645 0.3087 -0.8300
vn 0.4819 0.2780 -0.8310
vn 0.4986 0.2460 -0.8312
vn 0.5266 0.1781 -0.8312
vn 0.5370 0.1440 -0.8312
vn 0.5482 0.1069 -0.8295
vn 0.5517 0.0724 -0.8309
vn 0.5552 0.0362 -0.8309
vn 0.4464 -0.0004 -0.8948
vn 0.0608 0.0540 -0.9967
vn 0.0696 0.0420 -0.9967
vn 0.0732 0.0355 -0.9967
vn 0.0654 0.0483 -0.9967
vn 0.0763 0.0288 -0.9967
vn 0.0785 0.0215 -0.9967
vn 0.3285 -0.0011 -0.9445
vn 0.2068 -0.0008 -0.9784
vn 0.0802 0.0143 -0.9967
vn 0.0816 0.0072 -0.9966
vn 0.0002 0.0001 1.0000
vn 0.6561 -0.6752 0.3370
vn 0.6307 -0.7079 0.3181
vn 0.6587 -0.6819 0.3181
vn 0.6188 -0.6938 0.3685
vn 0.6296 -0.6983 0.3405
vn 0.7100 -0.6283 0.3180
vn 0.6964 -0.6158 0.3684
vn 0.6569 -0.6581 0.3680
vn 0.7423 -0.5597 0.3683
vn 0.7573 -0.5706 0.3178
vn 0.7846 -0.5003 0.3663
vn 0.7994 -0.5098 0.3178
vn 0.8362 -0.4472 0.3175
vn 0.8688 -0.3797 0.3177
vn 0.8212 -0.4396 0.3639
vn 0.8786 -0.3039 0.3683
vn 0.8964 -0.3089 0.3179
vn 0.9006 -0.2329 0.3671
vn 0.9180 -0.2370 0.3179
vn 0.9346 -0.1571 0.3191
vn 0.9269 -0.0823 0.3662
vn 0.9447 -0.0819 0.3176
vn 0.9481 -0.0072 0.3179
vn 0.9274 0.0654 0.3684
vn 0.9456 0.0679 0.3181
vn 0.9193 0.1393 0.3681
vn 0.9375 0.1424 0.3175
vn 0.9068 0.2097 0.3656
vn 0.9232 0.2161 0.3179
vn 0.9033 0.2884 0.3176
vn 0.8777 0.3589 0.3177
vn 0.8874 0.2820 0.3648
vn 0.8305 0.4180 0.3683
vn 0.8465 0.4272 0.3176
vn 0.7945 0.4830 0.3680
vn 0.8101 0.4928 0.3177
vn 0.7661 0.5537 0.3263
vn 0.7097 0.6017 0.3665
vn 0.7222 0.6143 0.3179
vn 0.6592 0.6559 0.3678
vn 0.6714 0.6697 0.3175
vn 0.6163 0.7207 0.3175
vn 0.5476 0.7526 0.3657
vn 0.5573 0.7672 0.3175
vn 0.4876 0.7928 0.3655
vn 0.4949 0.8089 0.3175
vn 0.4224 0.8289 0.3669
vn 0.4292 0.8456 0.3174
vn 0.3610 0.8769 0.3174
vn 0.2853 0.8850 0.3679
vn 0.2906 0.9027 0.3174
vn 0.2137 0.9051 0.3675
vn 0.2177 0.9230 0.3174
vn 0.1429 0.9372 0.3182
vn 0.0716 0.9447 0.3201
vn 0.1423 0.9199 0.3654
vn 0.6644 -0.6878 0.2923
vn 0.6696 -0.6933 0.2664
vn 0.7218 -0.6388 0.2663
vn 0.7698 -0.5801 0.2662
vn 0.8128 -0.5180 0.2667
vn 0.8501 -0.4546 0.2658
vn 0.8833 -0.3860 0.2661
vn 0.9113 -0.3140 0.2663
vn 0.9338 -0.2406 0.2650
vn 0.9502 -0.1596 0.2676
vn 0.9604 -0.0832 0.2660
vn 0.9639 -0.0072 0.2660
vn 0.9615 0.0691 0.2661
vn 0.9530 0.1448 0.2660
vn 0.9386 0.2197 0.2660
vn 0.9183 0.2932 0.2660
vn 0.8923 0.3648 0.2660
vn 0.8616 0.4331 0.2645
vn 0.7342 0.6247 0.2659
vn 0.7800 0.5657 0.2677
vn 0.6825 0.6808 0.2659
vn 0.6266 0.7326 0.2658
vn 0.5665 0.7800 0.2658
vn 0.5030 0.8224 0.2657
vn 0.4364 0.8596 0.2658
vn 0.3670 0.8914 0.2659
vn 0.2953 0.9177 0.2658
vn 0.2218 0.9381 0.2660
vn 0.1449 0.9530 0.2660
vn 0.0727 0.9605 0.2685
vn 0.7315 -0.6475 0.2138
vn 0.7801 -0.5879 0.2140
vn 0.8238 -0.5248 0.2144
vn 0.8614 -0.4607 0.2139
vn 0.8948 -0.3919 0.2139
vn 0.9236 -0.3181 0.2138
vn 0.9463 -0.2438 0.2125
vn 0.9631 -0.1618 0.2150
vn 0.9732 -0.0843 0.2137
vn 0.9769 -0.0073 0.2136
vn 0.9744 0.0699 0.2136
vn 0.9658 0.1468 0.2137
vn 0.9512 0.2226 0.2135
vn 0.9306 0.2971 0.2136
vn 0.9044 0.3718 0.2093
vn 0.7441 0.6330 0.2136
vn 0.6916 0.6900 0.2135
vn 0.6349 0.7425 0.2134
vn 0.5742 0.7904 0.2134
vn 0.5098 0.8334 0.2134
vn 0.4423 0.8711 0.2135
vn 0.3719 0.9034 0.2134
vn 0.2993 0.9300 0.2135
vn 0.2243 0.9509 0.2134
vn 0.1474 0.9657 0.2140
vn 0.0737 0.9736 0.2161
vn 0.7420 -0.6525 0.1541
vn 0.7096 -0.6791 0.1876
vn 0.7127 -0.6828 0.1608
vn 0.7365 -0.6479 0.1945
vn 0.7053 -0.6758 0.2139
vn 0.7882 -0.5941 0.1608
vn 0.8322 -0.5305 0.1609
vn 0.8705 -0.4652 0.1608
vn 0.9042 -0.3958 0.1607
vn 0.9332 -0.3213 0.1608
vn 0.9560 -0.2462 0.1593
vn 0.9731 -0.1635 0.1620
vn 0.9833 -0.0853 0.1606
vn 0.9870 -0.0073 0.1606
vn 0.9845 0.0705 0.1606
vn 0.9758 0.1483 0.1606
vn 0.9611 0.2249 0.1605
vn 0.9403 0.3002 0.1605
vn 0.9136 0.3736 0.1605
vn 0.6988 0.6971 0.1604
vn 0.7518 0.6396 0.1604
vn 0.6415 0.7502 0.1604
vn 0.5802 0.7986 0.1604
vn 0.5151 0.8420 0.1604
vn 0.4469 0.8801 0.1604
vn 0.3757 0.9127 0.1604
vn 0.3024 0.9396 0.1604
vn 0.2270 0.9606 0.1604
vn 0.1484 0.9758 0.1604
vn 0.0745 0.9838 0.1631
vn 0.7470 -0.6572 0.1004
vn 0.7155 -0.6856 0.1340
vn 0.7179 -0.6878 0.1075
vn 0.7432 -0.6540 0.1412
vn 0.7940 -0.5984 0.1073
vn 0.8384 -0.5343 0.1073
vn 0.8766 -0.4691 0.1073
vn 0.9109 -0.3985 0.1069
vn 0.9399 -0.3243 0.1072
vn 0.9627 -0.2484 0.1072
vn 0.9804 -0.1646 0.1087
vn 0.9905 -0.0859 0.1071
vn 0.9942 -0.0075 0.1072
vn 0.9917 0.0711 0.1072
vn 0.9830 0.1494 0.1071
vn 0.9681 0.2265 0.1071
vn 0.9472 0.3024 0.1071
vn 0.9203 0.3763 0.1071
vn 0.8884 0.4463 0.1076
vn 0.8628 0.4793 0.1606
vn 0.8856 0.4308 0.1736
vn 0.8494 0.5167 0.1071
vn 0.8433 0.5130 0.1605
vn 0.8222 0.5460 0.1606
vn 0.8059 0.5823 0.1069
vn 0.8000 0.5781 0.1605
vn 0.7573 0.6442 0.1070
vn 0.7040 0.7021 0.1069
vn 0.6462 0.7557 0.1070
vn 0.5844 0.8044 0.1069
vn 0.5189 0.8481 0.1070
vn 0.4501 0.8865 0.1070
vn 0.3785 0.9194 0.1070
vn 0.3046 0.9465 0.1069
vn 0.2285 0.9677 0.1066
vn 0.1494 0.9830 0.1070
vn 0.0735 0.9914 0.1078
vn 0.7501 -0.6597 0.0465
vn 0.7197 -0.6896 0.0805
vn 0.7210 -0.6909 0.0537
vn 0.7478 -0.6580 0.0878
vn 0.7974 -0.6011 0.0537
vn 0.8435 -0.5343 0.0553
vn 0.8805 -0.4709 0.0537
vn 0.9158 -0.3979 0.0544
vn 0.9441 -0.3253 0.0537
vn 0.9668 -0.2497 0.0536
vn 0.9849 -0.1647 0.0537
vn 0.9950 -0.0836 0.0548
vn 0.9985 -0.0075 0.0536
vn 0.9957 0.0742 0.0547
vn 0.9867 0.1528 0.0547
vn 0.9716 0.2301 0.0546
vn 0.9513 0.3037 0.0535
vn 0.9243 0.3779 0.0535
vn 0.8915 0.4498 0.0534
vn 0.8517 0.5212 0.0545
vn 0.8079 0.5868 0.0545
vn 0.7590 0.6488 0.0546
vn 0.7051 0.7070 0.0546
vn 0.6469 0.7606 0.0546
vn 0.5846 0.8095 0.0546
vn 0.5211 0.8518 0.0535
vn 0.4496 0.8916 0.0544
vn 0.3776 0.9244 0.0545
vn 0.3035 0.9513 0.0544
vn 0.2298 0.9718 0.0533
vn 0.1501 0.9872 0.0534
vn 0.0723 0.9958 0.0558
vn 0.7520 -0.6588 0.0217
vn 0.7218 -0.6916 0.0269
vn 0.5535 -0.7267 0.4070
vn 0.5889 -0.6912 0.4187
vn 0.5429 -0.7283 0.4182
vn 0.6736 -0.6081 0.4201
vn 0.6342 -0.6502 0.4184
vn 0.7105 -0.5638 0.4211
vn 0.7499 -0.5122 0.4187
vn 0.7837 -0.4587 0.4188
vn 0.5637 -0.7251 0.3956
vn 0.5736 -0.7235 0.3840
vn 0.5832 -0.7220 0.3723
vn 0.5923 -0.7206 0.3604
vn 0.8138 -0.4005 0.4212
vn 0.8529 -0.3707 0.3677
vn 0.8379 -0.3477 0.4208
vn 0.8735 -0.2437 0.4215
vn 0.8577 -0.2958 0.4206
vn 0.8900 -0.1808 0.4186
vn 0.9180 -0.1551 0.3649
vn 0.9003 -0.1189 0.4187
vn 0.9054 -0.0538 0.4212
vn 0.9300 -0.0050 0.3674
vn 0.9075 0.0034 0.4201
vn 0.9057 0.0565 0.4201
vn 0.9006 0.1182 0.4182
vn 0.8910 0.1773 0.4179
vn 0.8769 0.2364 0.4185
vn 0.8570 0.2973 0.4210
vn 0.8602 0.3539 0.3672
vn 0.8375 0.3494 0.4202
vn 0.6012 -0.7192 0.3483
vn 0.6096 -0.7179 0.3361
vn 0.6178 -0.7166 0.3238
vn 0.6255 -0.7154 0.3113
vn 0.6330 -0.7142 0.2987
vn 0.6401 -0.7131 0.2860
vn 0.6469 -0.7120 0.2732
vn 0.6533 -0.7110 0.2602
vn 0.6651 -0.7091 0.2340
vn 0.6594 -0.7101 0.2471
vn 0.6756 -0.7075 0.2074
vn 0.6705 -0.7083 0.2207
vn 0.6803 -0.7068 0.1939
vn 0.8155 0.3979 0.4203
vn 0.6848 -0.7061 0.1804
vn 0.7869 0.4536 0.4183
vn 0.7528 0.5465 0.3669
vn 0.7199 0.5538 0.4185
vn 0.7554 0.5048 0.4178
vn 0.6785 0.6021 0.4208
vn 0.6412 0.6421 0.4203
vn 0.5536 0.7201 0.4183
vn 0.6060 0.7068 0.3648
vn 0.6017 0.6791 0.4205
vn 0.5028 0.7562 0.4187
vn 0.4469 0.7892 0.4211
vn 0.3972 0.8158 0.4204
vn 0.2968 0.8572 0.4208
vn 0.3547 0.8607 0.3652
vn 0.3482 0.8379 0.4204
vn 0.1772 0.8911 0.4178
vn 0.2361 0.8770 0.4184
vn 0.1180 0.9007 0.4181
vn 0.0693 0.9284 0.3650
vn 0.0560 0.9059 0.4198
vn -0.0000 0.9086 0.4178
vn 0.8349 0.4849 0.2604
vn 0.8203 0.5079 0.2630
vn 0.8490 0.4642 0.2522
vn 0.8614 0.4486 0.2384
vn 0.8064 0.5314 0.2594
vn 0.7958 0.5520 0.2489
vn 0.8732 0.4440 0.2011
vn 0.8699 0.4412 0.2205
vn 0.7925 0.5679 0.2223
vn 0.7917 0.5651 0.2320
vn 0.8698 0.4577 0.1841
vn 0.8723 0.4497 0.1920
vn 0.7929 0.5597 0.2410
vn -0.0008 0.9568 0.2906
vn -0.0009 0.9398 0.3417
vn -0.0024 0.9495 0.3137
vn 0.7952 0.5678 0.2126
vn 0.8050 0.5602 0.1951
vn -0.0023 0.9651 0.2620
vn -0.0008 0.9712 0.2384
vn -0.0008 0.9826 0.1855
vn -0.0023 0.9778 0.2094
vn 0.6889 -0.7054 0.1668
vn 0.6926 -0.7049 0.1531
vn 0.6960 -0.7044 0.1394
vn 0.6991 -0.7039 0.1257
vn 0.7019 -0.7035 0.1118
vn 0.7043 -0.7031 0.0980
vn 0.7064 -0.7028 0.0841
vn 0.7082 -0.7026 0.0701
vn 0.7108 -0.7021 0.0422
vn 0.7096 -0.7024 0.0562
vn 0.7115 -0.7021 0.0282
vn 0.9541 -0.2995 0.0001
vn 0.8639 -0.5037 0.0002
vn 0.9934 -0.1151 0.0001
vn 0.7362 -0.6768 0.0002
vn 0.9992 -0.0400 -0.0000
vn 0.9677 0.2523 -0.0000
vn 0.7821 -0.6231 0.0002
vn 0.7120 -0.7020 0.0142
vn 0.8039 -0.5948 0.0002
vn 0.9883 -0.1526 0.0001
vn 0.8607 0.4788 0.1732
vn 0.8475 0.5027 0.1701
vn 0.8330 0.5254 0.1733
vn 0.8184 0.5451 0.1817
vn 0.7754 0.6315 -0.0001
vn -0.0009 0.9912 0.1321
vn -0.0022 0.9877 0.1563
vn -0.0009 0.9969 0.0784
vn -0.0022 0.9947 0.1027
vn 0.1764 0.9843 -0.0002
vn 0.1053 0.9944 -0.0002
vn -0.0023 0.9988 0.0489
vn 0.7264 0.6873 -0.0001
vn 0.8196 0.5729 -0.0001
vn 0.7981 0.6025 -0.0001
vn 0.2477 0.9688 -0.0002
vn 0.3330 0.0351 0.9423
vn 0.4414 0.0925 0.8925
vn 0.3270 0.0685 0.9425
vn 0.2061 0.0422 0.9776
vn 0.3190 0.1000 0.9425
vn 0.4299 0.1357 0.8926
vn 0.2008 0.0625 0.9776
vn 0.3075 0.1313 0.9424
vn 0.4153 0.1777 0.8921
vn 0.1928 0.0831 0.9777
vn 0.3937 0.2183 0.8929
vn 0.2925 0.1617 0.9425
vn 0.1846 0.1010 0.9776
vn 0.3718 0.2555 0.8925
vn 0.2755 0.1893 0.9425
vn 0.1743 0.1187 0.9775
vn 0.3453 0.2898 0.8926
vn 0.2558 0.2150 0.9425
vn 0.1610 0.1351 0.9777
vn 0.2345 0.2383 0.9425
vn 0.3166 0.3225 0.8921
vn 0.1482 0.1495 0.9776
vn 0.2103 0.2600 0.9424
vn 0.2821 0.3508 0.8930
vn 0.1319 0.1636 0.9777
vn 0.1842 0.2791 0.9424
vn 0.2477 0.3772 0.8924
vn 0.1166 0.1753 0.9776
vn 0.2104 0.3986 0.8927
vn 0.1557 0.2958 0.9425
vn 0.0979 0.1858 0.9777
vn 0.1710 0.4183 0.8921
vn 0.1262 0.3095 0.9425
vn 0.0795 0.1946 0.9777
vn 0.0964 0.3203 0.9424
vn 0.1288 0.4306 0.8933
vn 0.0614 0.2012 0.9776
vn 0.0867 0.4431 0.8923
vn 0.0644 0.3280 0.9425
vn 0.0404 0.2061 0.9777
vn 0.0313 0.3330 0.9424
vn 0.0414 0.4497 0.8922
vn 0.0192 0.2093 0.9777
vn 0.5553 0.0366 0.8309
vn 0.4463 -0.0000 0.8949
vn 0.5564 0.0002 0.8309
vn 0.5515 0.0726 0.8310
vn 0.4479 0.0460 0.8929
vn 0.5468 0.1101 0.8300
vn 0.5375 0.1442 0.8309
vn 0.5268 0.1789 0.8309
vn 0.5189 0.2120 0.8281
vn 0.4985 0.2465 0.8311
vn 0.4818 0.2783 0.8309
vn 0.4629 0.3103 0.8303
vn 0.4414 0.3389 0.8308
vn 0.4183 0.3669 0.8310
vn 0.3981 0.3950 0.8280
vn 0.3284 -0.0007 0.9445
vn 0.2122 0.0213 0.9770
vn 0.0802 0.0146 0.9967
vn 0.0809 0.0070 0.9967
vn 0.0820 0.0002 0.9966
vn 0.2067 -0.0004 0.9784
vn 0.0785 0.0218 0.9967
vn 0.0763 0.0288 0.9967
vn 0.0698 0.0437 0.9966
vn 0.0734 0.0359 0.9967
vn 0.0657 0.0497 0.9966
vn 0.0597 0.0558 0.9967
vn 0.3662 0.4185 0.8311
vn 0.3387 0.4413 0.8310
vn 0.3089 0.4648 0.8298
vn 0.2782 0.4821 0.8308
vn 0.2462 0.4988 0.8310
vn 0.1783 0.5268 0.8311
vn 0.1442 0.5372 0.8310
vn 0.1071 0.5483 0.8294
vn 0.0726 0.5518 0.8308
vn 0.0364 0.5554 0.8308
vn -0.0002 0.4466 0.8947
vn 0.0542 0.0610 0.9967
vn 0.0423 0.0699 0.9967
vn 0.0357 0.0735 0.9967
vn 0.0485 0.0657 0.9967
vn 0.0290 0.0765 0.9967
vn 0.0217 0.0787 0.9967
vn -0.0009 0.3287 0.9444
vn -0.0006 0.2069 0.9784
vn 0.0146 0.0806 0.9966
vn 0.0074 0.0817 0.9966
vn 0.1002 -0.1828 0.9780
vn 0.1890 -0.2752 0.9426
vn 0.1191 -0.1732 0.9777
vn 0.2900 -0.3454 0.8925
vn 0.2149 -0.2557 0.9426
vn 0.1348 -0.1608 0.9777
vn 0.2381 -0.2342 0.9426
vn 0.3219 -0.3151 0.8928
vn 0.1498 -0.1468 0.9778
vn 0.2597 -0.2101 0.9425
vn 0.3511 -0.2828 0.8926
vn 0.1634 -0.1317 0.9777
vn 0.3769 -0.2475 0.8926
vn 0.2792 -0.1834 0.9425
vn 0.1753 -0.1152 0.9778
vn 0.2953 -0.1562 0.9426
vn 0.3987 -0.2100 0.8927
vn 0.1855 -0.0989 0.9777
vn 0.3091 -0.1268 0.9425
vn 0.4178 -0.1710 0.8923
vn 0.1945 -0.0793 0.9777
vn 0.3199 -0.0964 0.9425
vn 0.4306 -0.1284 0.8934
vn 0.2010 -0.0612 0.9777
vn 0.4426 -0.0866 0.8925
vn 0.3282 -0.0641 0.9424
vn 0.2062 -0.0415 0.9776
vn 0.3325 -0.0310 0.9426
vn 0.4495 -0.0411 0.8923
vn 0.2087 -0.0200 0.9778
vn 0.1838 -0.3255 0.9275
vn 0.1389 -0.2860 0.9481
vn 0.1533 -0.2958 0.9429
vn 0.2173 -0.3558 0.9090
vn 0.1015 -0.2390 0.9657
vn 0.0351 -0.0731 0.9967
vn 0.0804 -0.2129 0.9738
vn 0.1258 -0.2668 0.9555
vn 0.2534 -0.3861 0.8870
vn 0.3325 -0.4460 0.8310
vn 0.2920 -0.4163 0.8611
vn 0.3614 -0.4245 0.8302
vn 0.3887 -0.3977 0.8311
vn 0.0494 -0.0655 0.9966
vn 0.4143 -0.3713 0.8310
vn 0.0435 -0.0696 0.9966
vn 0.0076 -0.0814 0.9967
vn 0.0103 -0.1085 0.9940
vn 0.0167 -0.1180 0.9929
vn 0.0151 -0.0803 0.9967
vn 0.0248 -0.1310 0.9911
vn 0.0348 -0.1473 0.9885
vn 0.0049 -0.1027 0.9947
vn 0.0224 -0.0786 0.9967
vn 0.0472 -0.1666 0.9849
vn 0.0623 -0.1886 0.9801
vn 0.0296 -0.0762 0.9967
vn 0.0555 -0.0594 0.9967
vn 0.0608 -0.0540 0.9967
vn 0.4380 -0.3432 0.8309
vn 0.4598 -0.3131 0.8310
vn 0.4796 -0.2819 0.8310
vn 0.4971 -0.2494 0.8311
vn 0.5154 -0.2196 0.8283
vn 0.5257 -0.1806 0.8313
vn 0.5366 -0.1462 0.8311
vn 0.5472 -0.1090 0.8299
vn 0.5515 -0.0735 0.8309
vn 0.5552 -0.0368 0.8309
vn 0.4465 0.0004 0.8948
vn 0.0654 -0.0483 0.9967
vn 0.0732 -0.0356 0.9967
vn 0.0696 -0.0420 0.9967
vn 0.0762 -0.0286 0.9967
vn 0.0785 -0.0216 0.9967
vn 0.3286 0.0010 0.9445
vn 0.2067 0.0009 0.9784
vn 0.0803 -0.0144 0.9967
vn 0.0815 -0.0071 0.9966
vn 0.2361 -0.4284 0.8722
vn 0.2055 -0.3617 0.9094
vn 0.2010 -0.3759 0.9046
vn 0.1966 -0.4100 0.8907
vn 0.1224 -0.2825 0.9514
vn 0.1305 -0.3163 0.9396
vn 0.1992 -0.4550 0.8680
vn 0.1436 -0.3562 0.9233
vn 0.2030 -0.5307 0.8229
vn 0.1651 -0.4085 0.8977
vn 0.0663 -0.2017 0.9772
vn 0.0800 -0.2324 0.9693
vn 0.0958 -0.2654 0.9594
vn 0.1084 -0.3152 0.9428
vn 0.0285 -0.1449 0.9890
vn 0.0394 -0.1705 0.9846
vn 0.0500 -0.2008 0.9784
vn 0.0643 -0.2302 0.9710
vn 0.3219 -0.4541 0.8308
vn 0.2587 -0.4258 0.8670
vn 0.3116 -0.4627 0.8300
vn 0.2920 -0.4818 0.8262
vn 0.3016 -0.4718 0.8285
vn 0.2827 -0.4927 0.8230
vn 0.2740 -0.5049 0.8185
vn 0.2173 -0.3557 0.9090
vn 0.2584 -0.5340 0.8050
vn 0.2658 -0.5186 0.8127
vn 0.2517 -0.5517 0.7952
vn 0.2413 -0.5951 0.7666
vn 0.2459 -0.5719 0.7826
vn 0.2361 -0.6518 0.7207
vn 0.2379 -0.6216 0.7463
vn 0.2360 -0.6862 0.6881
vn 0.2380 -0.7246 0.6468
vn 0.2398 -0.7451 0.6223
vn 0.2296 -0.5963 0.7693
vn 0.2422 -0.7665 0.5948
vn 0.0805 -0.2130 0.9737
vn 0.1015 -0.2391 0.9657
vn 0.1533 -0.2957 0.9429
vn 0.0625 -0.1887 0.9800
vn 0.0346 -0.1472 0.9885
vn 0.0247 -0.1310 0.9911
vn 0.0002 -0.1343 0.9909
vn 0.1696 -0.4220 0.8906
vn 0.1070 -0.2568 0.9605
vn -0.0012 -0.1634 0.9866
vn -0.0006 -0.2002 0.9798
vn 0.5413 -0.7506 0.3789
vn 0.5401 -0.7416 0.3979
vn 0.5173 -0.7561 0.4008
vn 0.5226 -0.7600 0.3864
vn 0.4926 -0.7693 0.4067
vn 0.5040 -0.7662 0.3985
vn 0.4709 -0.7777 0.4165
vn 0.4870 -0.7681 0.4157
vn 0.4497 -0.7820 0.4316
vn 0.4688 -0.7665 0.4391
vn 0.4293 -0.7815 0.4527
vn 0.4530 -0.7591 0.4675
vn 0.4046 -0.7814 0.4751
vn 0.4316 -0.7507 0.5002
vn 0.3772 -0.7759 0.5058
vn 0.4089 -0.7391 0.5353
vn 0.3543 -0.7648 0.5381
vn 0.3816 -0.7298 0.5673
vn 0.3244 -0.7561 0.5684
vn 0.5638 -0.7451 0.3564
vn 0.5619 -0.7373 0.3750
vn 0.5480 -0.7525 0.3654
vn 0.5335 -0.7559 0.3793
vn 0.5210 -0.7547 0.3987
vn 0.5088 -0.7491 0.4242
vn 0.4976 -0.7379 0.4559
vn 0.4817 -0.7253 0.4919
vn 0.4645 -0.7098 0.5296
vn 0.4398 -0.6972 0.5661
vn 0.5844 -0.7399 0.3330
vn 0.5810 -0.7342 0.3513
vn 0.5717 -0.7453 0.3430
vn 0.5616 -0.7459 0.3582
vn 0.5536 -0.7412 0.3796
vn 0.5462 -0.7319 0.4075
vn 0.5417 -0.7162 0.4401
vn 0.5316 -0.6986 0.4789
vn 0.5199 -0.6782 0.5194
vn 0.5009 -0.6608 0.5589
vn 0.6036 -0.7350 0.3088
vn 0.5995 -0.7303 0.3274
vn 0.5940 -0.7383 0.3195
vn 0.5881 -0.7359 0.3354
vn 0.5850 -0.7280 0.3576
vn 0.5829 -0.7146 0.3868
vn 0.5842 -0.6940 0.4209
vn 0.5818 -0.6701 0.4609
vn 0.5760 -0.6441 0.5033
vn 0.5630 -0.6204 0.5460
vn 0.6214 -0.7303 0.2836
vn 0.6163 -0.7272 0.3024
vn 0.6149 -0.7314 0.2948
vn 0.6130 -0.7263 0.3111
vn 0.6142 -0.7150 0.3340
vn 0.6181 -0.6971 0.3633
vn 0.6259 -0.6709 0.3977
vn 0.6294 -0.6414 0.4387
vn 0.6312 -0.6082 0.4813
vn 0.6274 -0.5725 0.5279
vn 0.6378 -0.7259 0.2574
vn 0.6318 -0.7240 0.2770
vn 0.6341 -0.7250 0.2688
vn 0.6361 -0.7170 0.2850
vn 0.6420 -0.7022 0.3078
vn 0.6513 -0.6799 0.3370
vn 0.6652 -0.6483 0.3704
vn 0.6744 -0.6131 0.4114
vn 0.6826 -0.5726 0.4540
vn 0.6863 -0.5290 0.4991
vn 0.6525 -0.7219 0.2307
vn 0.6455 -0.7214 0.2507
vn 0.6515 -0.7191 0.2417
vn 0.6569 -0.7086 0.2576
vn 0.6677 -0.6901 0.2793
vn 0.6818 -0.6637 0.3076
vn 0.7011 -0.6271 0.3395
vn 0.7164 -0.5853 0.3796
vn 0.7310 -0.5375 0.4203
vn 0.7410 -0.4889 0.4604
vn 0.6654 -0.7183 0.2031
vn 0.6581 -0.7188 0.2244
vn 0.6672 -0.7136 0.2136
vn 0.6758 -0.7007 0.2287
vn 0.6905 -0.6789 0.2494
vn 0.7097 -0.6484 0.2756
vn 0.7337 -0.6071 0.3050
vn 0.7552 -0.5586 0.3429
vn 0.7751 -0.5037 0.3815
vn 0.7911 -0.4458 0.4189
vn 0.6766 -0.7152 0.1751
vn 0.6691 -0.7165 0.1973
vn 0.6810 -0.7087 0.1846
vn 0.6927 -0.6934 0.1984
vn 0.7108 -0.6690 0.2171
vn 0.7343 -0.6345 0.2411
vn 0.7624 -0.5891 0.2677
vn 0.7895 -0.5344 0.3018
vn 0.8146 -0.4722 0.3368
vn 0.8340 -0.4082 0.3713
vn 0.6862 -0.7125 0.1464
vn 0.6786 -0.7146 0.1700
vn 0.6924 -0.7047 0.1551
vn 0.7068 -0.6874 0.1669
vn 0.7283 -0.6601 0.1841
vn 0.7559 -0.6220 0.2044
vn 0.7875 -0.5728 0.2274
vn 0.8189 -0.5127 0.2580
vn 0.8486 -0.4439 0.2877
vn 0.8710 -0.3741 0.3183
vn 0.6937 -0.7106 0.1175
vn 0.6867 -0.7130 0.1420
vn 0.7021 -0.7011 0.1246
vn 0.7188 -0.6821 0.1347
vn 0.7433 -0.6524 0.1483
vn 0.7735 -0.6117 0.1659
vn 0.8083 -0.5590 0.1848
vn 0.8433 -0.4945 0.2105
vn 0.8759 -0.4211 0.2353
vn 0.9018 -0.3428 0.2631
vn 0.7002 -0.7085 0.0881
vn 0.6931 -0.7117 0.1139
vn 0.7097 -0.6982 0.0936
vn 0.7280 -0.6780 0.1017
vn 0.7547 -0.6464 0.1123
vn 0.7872 -0.6038 0.1257
vn 0.8244 -0.5485 0.1398
vn 0.8623 -0.4804 0.1604
vn 0.8975 -0.4027 0.1797
vn 0.9261 -0.3201 0.1995
vn 0.7045 -0.7073 0.0584
vn 0.6986 -0.7103 0.0860
vn 0.7151 -0.6962 0.0621
vn 0.7347 -0.6751 0.0676
vn 0.7625 -0.6426 0.0751
vn 0.7970 -0.5979 0.0850
vn 0.8358 -0.5409 0.0938
vn 0.8760 -0.4699 0.1086
vn 0.9129 -0.3897 0.1215
vn 0.9434 -0.3040 0.1328
vn 0.7067 -0.7069 0.0284
vn 0.7020 -0.7099 0.0572
vn 0.7184 -0.6950 0.0304
vn 0.7386 -0.6733 0.0335
vn 0.7674 -0.6401 0.0372
vn 0.8030 -0.5945 0.0423
vn 0.8426 -0.5365 0.0464
vn 0.8832 -0.4656 0.0565
vn 0.9230 -0.3800 0.0609
vn 0.9513 -0.2966 0.0836
vn 0.9678 -0.2492 0.0349
vn 0.9652 -0.2519 0.0700
vn 0.5254 -0.7409 0.4184
vn 0.5535 -0.7266 0.4071
vn 0.5428 -0.7283 0.4182
vn 0.5031 -0.7560 0.4187
vn 0.5762 -0.7229 0.3813
vn 0.5637 -0.7250 0.3957
vn 0.4835 -0.7676 0.4208
vn 0.4689 -0.7748 0.4240
vn 0.4558 -0.7809 0.4271
vn 0.4328 -0.7908 0.4328
vn 0.4151 -0.7961 0.4404
vn 0.3909 -0.8061 0.4442
vn 0.5924 -0.7206 0.3603
vn 0.5865 -0.7212 0.3686
vn 0.6097 -0.7179 0.3361
vn 0.6256 -0.7153 0.3113
vn 0.6330 -0.7142 0.2988
vn 0.6469 -0.7120 0.2731
vn 0.6593 -0.7101 0.2471
vn 0.6542 -0.7103 0.2598
vn 0.6650 -0.7092 0.2339
vn 0.3696 -0.8087 0.4575
vn 0.3590 -0.8030 0.4757
vn 0.3454 -0.7978 0.4941
vn 0.3123 -0.8031 0.5074
vn 0.2768 -0.7857 0.5533
vn 0.2632 -0.7747 0.5750
vn 0.2692 -0.7559 0.5968
vn 0.2527 -0.7706 0.5851
vn 0.3515 -0.7145 0.6049
vn 0.2972 -0.7438 0.5987
vn 0.3142 -0.7381 0.5971
vn 0.2893 -0.7976 0.5293
vn 0.3797 -0.7001 0.6047
vn 0.4106 -0.6830 0.6040
vn 0.4452 -0.6636 0.6011
vn 0.5820 -0.5740 0.5760
vn 0.5132 -0.6214 0.5920
vn 0.6502 -0.5254 0.5488
vn 0.4753 -0.6445 0.5990
vn 0.5416 -0.6009 0.5879
vn 0.6177 -0.5478 0.5642
vn 0.6842 -0.4786 0.5503
vn 0.7136 -0.4722 0.5175
vn 0.6755 -0.7076 0.2074
vn 0.6704 -0.7084 0.2207
vn 0.6847 -0.7061 0.1804
vn 0.6888 -0.7055 0.1668
vn 0.6991 -0.7039 0.1256
vn 0.6960 -0.7044 0.1393
vn 0.7044 -0.7030 0.0978
vn 0.7018 -0.7035 0.1118
vn 0.7081 -0.7026 0.0701
vn 0.7085 -0.7010 0.0815
vn 0.7096 -0.7023 0.0562
vn 0.7040 -0.7097 0.0285
vn 0.7107 -0.7023 0.0422
vn 0.7133 -0.7004 0.0259
vn 0.7059 -0.7083 0.0002
vn 0.7042 -0.7100 0.0002
vn 0.7142 -0.6999 0.0002
vn 0.7420 -0.6704 0.0002
vn 0.7852 -0.6192 0.0002
vn 0.8393 -0.5437 0.0001
vn 0.7729 -0.4168 0.4784
vn 0.7907 -0.4007 0.4629
vn 0.8254 -0.3663 0.4295
vn 0.9074 -0.2810 0.3125
vn 0.8704 -0.3206 0.3737
vn 0.9359 -0.2501 0.2481
vn 0.8404 -0.3532 0.4111
vn 0.8825 -0.3109 0.3529
vn 0.9222 -0.2653 0.2813
vn 0.9475 -0.2381 0.2134
vn 0.9574 -0.2258 0.1797
vn 0.8958 -0.4444 0.0001
vn 0.9449 -0.3273 0.0001
vn 0.9564 -0.2903 0.0331
vn 0.9642 -0.2653 0.0001
vn 0.9650 -0.2207 0.1419
vn 0.9714 -0.2112 0.1084
vn 0.9754 -0.2081 0.0730
vn 0.9784 -0.2034 0.0360
vn 0.9722 -0.2342 0.0001
vn 0.9791 -0.2033 0.0001
vn 0.2097 -0.3648 -0.9072
vn 0.2496 -0.4238 -0.8707
vn 0.2011 -0.3764 -0.9044
vn 0.1303 -0.2822 -0.9505
vn 0.1948 -0.4112 -0.8905
vn 0.1306 -0.3168 -0.9395
vn 0.1935 -0.4598 -0.8667
vn 0.1437 -0.3566 -0.9232
vn 0.2053 -0.5293 -0.8232
vn 0.1651 -0.4089 -0.8975
vn 0.0724 -0.2016 -0.9768
vn 0.0800 -0.2328 -0.9692
vn 0.0957 -0.2660 -0.9592
vn 0.1155 -0.3039 -0.9457
vn 0.0329 -0.1459 -0.9888
vn 0.0393 -0.1711 -0.9845
vn 0.0500 -0.2011 -0.9783
vn 0.0616 -0.2354 -0.9699
vn 0.3016 -0.4722 -0.8283
vn 0.3116 -0.4631 -0.8297
vn 0.2540 -0.4293 -0.8667
vn 0.3219 -0.4545 -0.8305
vn 0.2920 -0.4822 -0.8260
vn 0.2828 -0.4931 -0.8227
vn 0.2920 -0.4167 -0.8609
vn 0.2176 -0.3564 -0.9086
vn 0.2535 -0.3866 -0.8867
vn 0.1843 -0.3263 -0.9271
vn 0.2740 -0.5053 -0.8183
vn 0.2659 -0.5189 -0.8124
vn 0.2584 -0.5344 -0.8048
vn 0.2517 -0.5521 -0.7949
vn 0.2459 -0.5722 -0.7824
vn 0.2413 -0.5954 -0.7663
vn 0.2379 -0.6219 -0.7461
vn 0.2361 -0.6522 -0.7203
vn 0.2360 -0.6865 -0.6878
vn 0.2380 -0.7248 -0.6465
vn 0.2422 -0.7668 -0.5944
vn 0.2296 -0.5966 -0.7690
vn 0.0807 -0.2137 -0.9736
vn 0.1019 -0.2399 -0.9654
vn 0.1538 -0.2967 -0.9425
vn 0.1263 -0.2677 -0.9552
vn 0.0626 -0.1893 -0.9799
vn 0.0049 -0.1033 -0.9946
vn 0.0103 -0.1090 -0.9940
vn 0.0168 -0.1186 -0.9928
vn 0.0248 -0.1315 -0.9910
vn 0.0347 -0.1477 -0.9884
vn 0.0472 -0.1671 -0.9848
vn 0.0002 -0.1347 -0.9909
vn 0.1750 -0.4134 -0.8936
vn 0.0927 -0.2815 -0.9551
vn -0.0012 -0.1640 -0.9865
vn -0.0006 -0.2007 -0.9797
vn 0.5427 -0.7489 -0.3802
vn 0.5421 -0.7402 -0.3977
vn 0.5632 -0.7357 -0.3762
vn 0.5248 -0.7586 -0.3862
vn 0.5183 -0.7533 -0.4049
vn 0.5067 -0.7660 -0.3955
vn 0.4972 -0.7658 -0.4079
vn 0.4887 -0.7702 -0.4097
vn 0.4723 -0.7752 -0.4196
vn 0.4730 -0.7707 -0.4269
vn 0.4528 -0.7811 -0.4300
vn 0.4567 -0.7673 -0.4502
vn 0.4331 -0.7849 -0.4431
vn 0.4392 -0.7604 -0.4784
vn 0.4055 -0.7851 -0.4683
vn 0.4197 -0.7509 -0.5100
vn 0.3855 -0.7808 -0.4917
vn 0.3991 -0.7404 -0.5408
vn 0.3632 -0.7748 -0.5174
vn 0.3774 -0.7288 -0.5713
vn 0.3297 -0.7671 -0.5503
vn 0.5633 -0.7442 -0.3589
vn 0.5820 -0.7321 -0.3539
vn 0.5471 -0.7529 -0.3657
vn 0.5325 -0.7580 -0.3767
vn 0.5189 -0.7592 -0.3929
vn 0.5077 -0.7564 -0.4124
vn 0.4955 -0.7500 -0.4381
vn 0.4832 -0.7395 -0.4687
vn 0.4688 -0.7264 -0.5025
vn 0.4518 -0.7129 -0.5364
vn 0.4333 -0.6991 -0.5688
vn 0.5824 -0.7397 -0.3371
vn 0.5982 -0.7293 -0.3320
vn 0.5695 -0.7462 -0.3449
vn 0.5575 -0.7496 -0.3568
vn 0.5478 -0.7482 -0.3745
vn 0.5408 -0.7424 -0.3954
vn 0.5342 -0.7318 -0.4232
vn 0.5273 -0.7171 -0.4558
vn 0.5175 -0.7004 -0.4916
vn 0.5059 -0.6823 -0.5278
vn 0.4962 -0.6637 -0.5597
vn 0.6003 -0.7353 -0.3145
vn 0.6150 -0.7258 -0.3081
vn 0.5892 -0.7407 -0.3228
vn 0.5811 -0.7415 -0.3355
vn 0.5756 -0.7370 -0.3542
vn 0.5728 -0.7282 -0.3763
vn 0.5717 -0.7134 -0.4053
vn 0.5700 -0.6944 -0.4392
vn 0.5666 -0.6720 -0.4768
vn 0.5592 -0.6502 -0.5143
vn 0.5517 -0.6279 -0.5490
vn 0.6168 -0.7314 -0.2909
vn 0.6287 -0.7236 -0.2848
vn 0.6083 -0.7349 -0.2998
vn 0.6033 -0.7335 -0.3130
vn 0.6018 -0.7264 -0.3320
vn 0.6036 -0.7140 -0.3548
vn 0.6077 -0.6951 -0.3840
vn 0.6114 -0.6715 -0.4187
vn 0.6137 -0.6439 -0.4570
vn 0.6122 -0.6162 -0.4955
vn 0.6082 -0.5886 -0.5326
vn 0.6325 -0.7274 -0.2659
vn 0.6431 -0.7205 -0.2594
vn 0.6263 -0.7294 -0.2751
vn 0.6250 -0.7254 -0.2884
vn 0.6277 -0.7154 -0.3071
vn 0.6338 -0.6995 -0.3301
vn 0.6427 -0.6764 -0.3596
vn 0.6526 -0.6474 -0.3937
vn 0.6613 -0.6136 -0.4315
vn 0.6660 -0.5791 -0.4702
vn 0.6657 -0.5457 -0.5089
vn 0.6455 -0.7243 -0.2423
vn 0.6548 -0.7183 -0.2351
vn 0.6422 -0.7242 -0.2512
vn 0.6433 -0.7185 -0.2643
vn 0.6495 -0.7058 -0.2827
vn 0.6598 -0.6867 -0.3052
vn 0.6731 -0.6600 -0.3336
vn 0.6879 -0.6263 -0.3668
vn 0.7019 -0.5868 -0.4037
vn 0.7118 -0.5464 -0.4414
vn 0.7164 -0.5060 -0.4804
vn 0.6587 -0.7205 -0.2166
vn 0.6652 -0.7164 -0.2105
vn 0.6567 -0.7197 -0.2256
vn 0.6609 -0.7117 -0.2383
vn 0.6713 -0.6957 -0.2555
vn 0.6848 -0.6740 -0.2771
vn 0.7030 -0.6429 -0.3041
vn 0.7223 -0.6046 -0.3357
vn 0.7420 -0.5587 -0.3705
vn 0.7568 -0.5119 -0.4063
vn 0.7663 -0.4646 -0.4437
vn 0.6690 -0.7184 -0.1909
vn 0.6742 -0.7150 -0.1847
vn 0.6698 -0.7154 -0.1991
vn 0.6767 -0.7054 -0.2110
vn 0.6904 -0.6869 -0.2270
vn 0.7077 -0.6619 -0.2471
vn 0.7292 -0.6279 -0.2720
vn 0.7536 -0.5842 -0.3014
vn 0.7776 -0.5331 -0.3333
vn 0.7971 -0.4799 -0.3664
vn 0.8113 -0.4255 -0.4009
vn 0.6789 -0.7156 -0.1644
vn 0.6827 -0.7133 -0.1586
vn 0.6812 -0.7116 -0.1720
vn 0.6904 -0.6999 -0.1828
vn 0.7069 -0.6792 -0.1972
vn 0.7274 -0.6515 -0.2153
vn 0.7529 -0.6137 -0.2377
vn 0.7811 -0.5660 -0.2636
vn 0.8093 -0.5095 -0.2924
vn 0.8327 -0.4505 -0.3220
vn 0.8506 -0.3900 -0.3526
vn 0.6870 -0.7135 -0.1378
vn 0.6897 -0.7119 -0.1327
vn 0.6911 -0.7082 -0.1442
vn 0.7024 -0.6950 -0.1536
vn 0.7211 -0.6726 -0.1662
vn 0.7445 -0.6423 -0.1820
vn 0.7730 -0.6016 -0.2012
vn 0.8045 -0.5501 -0.2240
vn 0.8362 -0.4889 -0.2484
vn 0.8629 -0.4247 -0.2738
vn 0.8842 -0.3581 -0.2999
vn 0.6935 -0.7119 -0.1108
vn 0.6957 -0.7104 -0.1065
vn 0.6990 -0.7056 -0.1161
vn 0.7123 -0.6909 -0.1238
vn 0.7333 -0.6666 -0.1339
vn 0.7585 -0.6348 -0.1474
vn 0.7900 -0.5910 -0.1632
vn 0.8241 -0.5366 -0.1815
vn 0.8586 -0.4714 -0.2016
vn 0.8875 -0.4035 -0.2226
vn 0.9113 -0.3317 -0.2438
vn 0.6988 -0.7104 -0.0834
vn 0.6997 -0.7099 -0.0801
vn 0.7056 -0.7032 -0.0874
vn 0.7197 -0.6879 -0.0936
vn 0.7423 -0.6623 -0.1013
vn 0.7703 -0.6278 -0.1113
vn 0.8034 -0.5825 -0.1235
vn 0.8390 -0.5263 -0.1379
vn 0.8756 -0.4583 -0.1528
vn 0.9067 -0.3865 -0.1689
vn 0.9322 -0.3110 -0.1851
vn 0.7025 -0.7095 -0.0557
vn 0.7029 -0.7093 -0.0531
vn 0.7101 -0.7017 -0.0584
vn 0.7256 -0.6853 -0.0626
vn 0.7492 -0.6588 -0.0677
vn 0.7777 -0.6241 -0.0748
vn 0.8123 -0.5774 -0.0829
vn 0.8499 -0.5188 -0.0924
vn 0.8878 -0.4488 -0.1023
vn 0.9200 -0.3753 -0.1133
vn 0.9468 -0.2964 -0.1251
vn 0.7048 -0.7089 -0.0279
vn 0.7044 -0.7093 -0.0264
vn 0.7133 -0.7003 -0.0287
vn 0.7291 -0.6837 -0.0309
vn 0.7537 -0.6564 -0.0337
vn 0.7830 -0.6209 -0.0366
vn 0.8177 -0.5742 -0.0408
vn 0.8568 -0.5137 -0.0452
vn 0.8957 -0.4419 -0.0487
vn 0.9276 -0.3692 -0.0572
vn 0.9547 -0.2915 -0.0589
vn 0.9690 -0.2448 -0.0321
vn 0.9575 -0.2867 -0.0312
vn 0.5254 -0.7411 -0.4180
vn 0.5529 -0.7269 -0.4074
vn 0.5081 -0.7527 -0.4187
vn 0.5627 -0.7254 -0.3965
vn 0.5818 -0.7224 -0.3736
vn 0.4907 -0.7633 -0.4202
vn 0.4382 -0.7881 -0.4323
vn 0.4558 -0.7811 -0.4267
vn 0.4204 -0.7936 -0.4399
vn 0.4733 -0.7728 -0.4228
vn 0.4023 -0.7974 -0.4498
vn 0.5938 -0.7192 -0.3608
vn 0.6002 -0.7195 -0.3493
vn 0.6090 -0.7181 -0.3367
vn 0.6176 -0.7168 -0.3238
vn 0.6323 -0.7144 -0.2996
vn 0.6393 -0.7133 -0.2871
vn 0.6459 -0.7124 -0.2744
vn 0.6281 -0.7136 -0.3102
vn 0.6557 -0.7091 -0.2593
vn 0.6587 -0.7104 -0.2479
vn 0.6674 -0.7076 -0.2322
vn 0.3254 -0.7945 -0.5127
vn 0.3454 -0.7981 -0.4938
vn 0.3050 -0.7892 -0.5330
vn 0.3648 -0.7998 -0.4767
vn 0.3838 -0.7995 -0.4620
vn 0.3303 -0.7399 -0.5861
vn 0.2693 -0.7561 -0.5964
vn 0.2632 -0.7749 -0.5746
vn 0.2842 -0.7826 -0.5539
vn 0.2972 -0.7441 -0.5983
vn 0.3262 -0.7306 -0.5998
vn 0.3560 -0.7158 -0.6007
vn 0.3868 -0.6995 -0.6009
vn 0.4184 -0.6818 -0.6000
vn 0.4508 -0.6626 -0.5981
vn 0.5508 -0.5972 -0.5831
vn 0.6177 -0.5481 -0.5639
vn 0.4838 -0.6421 -0.5947
vn 0.6827 -0.4962 -0.5364
vn 0.5172 -0.6202 -0.5898
vn 0.5844 -0.5731 -0.5745
vn 0.6506 -0.5224 -0.5512
vn 0.7139 -0.4698 -0.5193
vn 0.7438 -0.4434 -0.5001
vn 0.6755 -0.7077 -0.2072
vn 0.6800 -0.7070 -0.1944
vn 0.6885 -0.7056 -0.1675
vn 0.6923 -0.7051 -0.1538
vn 0.6957 -0.7045 -0.1400
vn 0.6987 -0.7042 -0.1261
vn 0.7077 -0.7030 -0.0706
vn 0.7115 -0.7005 -0.0549
vn 0.7031 -0.7024 -0.1111
vn 0.7041 -0.7101 0.0001
vn 0.7142 -0.7000 0.0002
vn 0.7412 -0.6713 -0.0003
vn 0.7849 -0.6196 -0.0000
vn 0.8377 -0.5461 -0.0011
vn 0.7724 -0.4174 -0.4787
vn 0.7994 -0.3919 -0.4554
vn 0.8246 -0.3674 -0.4302
vn 0.8890 -0.3013 -0.3447
vn 0.9222 -0.2654 -0.2812
vn 0.8480 -0.3439 -0.4032
vn 0.9359 -0.2504 -0.2479
vn 0.8695 -0.3219 -0.3746
vn 0.9066 -0.2824 -0.3135
vn 0.9476 -0.2374 -0.2139
vn 0.9574 -0.2265 -0.1792
vn 0.8952 -0.4456 -0.0004
vn 0.9678 -0.2423 -0.0688
vn 0.9653 -0.2178 -0.1439
vn 0.9714 -0.2113 -0.1083
vn 0.9757 -0.2068 -0.0724
vn 0.9783 -0.2042 -0.0362
vn 0.9722 -0.2342 -0.0000
vn 0.9791 -0.2033 -0.0000
vn 1.0000 -0.0000 -0.0000
vn 0.0075 -0.2040 0.9789
vn -0.0000 -0.1009 0.9949
vn -0.0000 -0.2010 0.9796
vn -0.0023 -0.1063 0.9943
vn 0.0088 -0.3949 0.9187
vn -0.0000 -0.2991 0.9542
vn -0.0000 -0.3941 0.9191
vn -0.0021 -0.3033 0.9529
vn 0.0058 -0.5665 0.8240
vn -0.0000 -0.4817 0.8764
vn -0.0000 -0.5647 0.8253
vn -0.0013 -0.4847 0.8747
vn -0.0004 -0.6436 0.7654
vn -0.0000 -0.7139 0.7003
vn -0.0006 -0.7155 0.6986
vn -0.0221 -0.7880 0.6153
vn -0.0000 -0.7783 0.6279
vn -0.0000 -0.0971 -0.9953
vn 0.0088 0.3950 -0.9186
vn -0.0000 0.2991 -0.9542
vn -0.0000 0.3941 -0.9191
vn -0.0020 0.3032 -0.9529
vn -0.0000 0.2010 -0.9796
vn 0.0059 0.5666 -0.8240
vn -0.0000 0.4817 -0.8764
vn -0.0000 0.5647 -0.8253
vn -0.0014 0.4847 -0.8747
vn 0.0016 0.7138 -0.7004
vn 0.0001 0.6422 -0.7665
vn -0.0000 0.7139 -0.7003
vn 0.0003 0.6422 -0.7666
vn 0.0028 0.8357 -0.5491
vn -0.0000 0.7783 -0.6279
vn -0.0000 0.8354 -0.5496
vn 0.0003 0.7780 -0.6283
vn 0.0004 0.9258 -0.3780
vn -0.0001 0.8847 -0.4662
vn -0.0000 0.9257 -0.3783
vn -0.0002 0.8831 -0.4692
vn -0.0023 0.9814 -0.1922
vn -0.0000 0.9579 -0.2870
vn -0.0000 0.9812 -0.1929
vn 0.0002 0.9563 -0.2924
vn 0.0047 1.0000 0.0053
vn -0.0001 0.9953 -0.0973
vn -0.0002 0.9953 -0.0969
vn -0.0008 0.9540 0.2997
vn -0.0000 0.9796 0.2010
vn -0.0000 0.9542 0.2991
vn 0.0013 0.9195 0.3931
vn -0.0000 0.9191 0.3941
vn 0.0062 0.9789 0.2042
vn -0.0000 0.9949 0.1009
vn -0.0000 0.9796 0.2009
vn -0.0036 0.9940 0.1093
vn 0.0015 0.9190 0.3942
vn -0.0032 0.9519 0.3064
vn -0.0005 0.7662 0.6426
vn -0.0000 0.8253 0.5647
vn -0.0000 0.7664 0.6423
vn -0.0005 0.7002 0.7139
vn -0.0000 0.7003 0.7139
vn 0.0006 0.8767 0.4811
vn -0.0000 0.8763 0.4817
vn -0.0000 0.8251 0.5650
vn 0.0024 0.8233 0.5676
vn -0.0003 0.8763 0.4817
vn 0.0006 0.6980 0.7161
vn -0.0020 0.7639 0.6453
vn -0.0006 0.5484 0.8362
vn -0.0000 0.6279 0.7783
vn -0.0000 0.5496 0.8354
vn -0.0011 0.6269 0.7791
vn -0.0060 0.3765 0.9264
vn -0.0000 0.4662 0.8847
vn -0.0000 0.3783 0.9257
vn -0.0001 0.4674 0.8841
vn -0.0009 0.1924 0.9813
vn -0.0000 0.2870 0.9579
vn -0.0000 0.1929 0.9812
vn -0.0004 0.2904 0.9569
vn -0.0000 0.0970 0.9953
vn 0.0002 0.0972 0.9953
vn 0.0028 0.0130 0.9999
vn 0.0019 -0.3989 0.9170
vn 0.0022 -0.1976 0.9803
vn 0.0012 -0.5836 0.8120
vn 0.0003 -0.7422 0.6702
vn -0.0000 -0.8867 0.4623
vn -0.0000 -0.9964 0.0852
vn -0.0003 -0.8662 -0.4998
vn -0.0000 -0.9511 -0.3088
vn -0.0000 -0.9430 -0.3328
vn -0.0000 -0.9923 -0.1239
vn -0.0000 -0.7197 -0.6943
vn -0.0000 -0.4071 -0.9134
vn -0.0000 -0.3890 -0.9212
vn -0.0000 -0.8498 -0.5271
vn 0.0001 -0.0000 -1.0000
vn -0.0249 0.1764 -0.9840
vn 0.0019 0.3989 -0.9170
vn 0.0014 0.2027 -0.9792
vn 0.0007 0.5851 -0.8109
vn -0.0000 -0.3562 0.9344
vn -0.0000 -0.6606 0.7508
vn -0.0000 -0.0188 -0.9998
vn -0.0000 0.7431 -0.6692
vn -0.0000 0.3383 -0.9410
vn -0.0000 0.6512 -0.7589
vn 0.0004 0.8668 -0.4987
vn 0.0013 0.9527 -0.3040
vn 0.0025 0.9957 0.0922
vn 0.0025 0.9942 -0.1079
vn 0.0010 0.9526 0.3043
vn 0.0009 0.8678 0.4968
vn 0.0009 0.7456 0.6663
vn 0.0004 0.5880 0.8089
vn 0.0009 0.4035 0.9150
vn 0.0009 0.2045 0.9789
vn -0.0005 0.8859 -0.4639
vn -0.0000 0.9966 -0.0822
vn -0.0000 0.9419 0.3359
vn -0.0000 0.8477 0.5304
vn -0.0000 0.3769 0.9262
vn -0.0000 0.7152 0.6989
vn -0.0000 0.0004 1.0000
vn -0.0022 -0.3922 0.9199
vn -0.0000 -0.2012 0.9795
vn -0.0000 -0.3940 0.9191
vn -0.0104 -0.7124 0.7017
vn -0.0000 -0.5646 0.8253
vn -0.0000 -0.7137 0.7005
vn 0.0001 -0.5594 0.8289
vn -0.0182 -0.9243 0.3812
vn -0.0000 -0.8352 0.5499
vn -0.0000 -0.9258 0.3780
vn 0.0006 -0.8283 0.5603
vn -0.0000 -0.8354 0.5496
vn -0.0000 -0.9257 0.3783
vn 0.0053 -1.0000 -0.0026
vn -0.0000 -0.9812 0.1930
vn 0.0006 -0.9798 0.2001
vn -0.0000 -0.9812 0.1929
vn -0.0000 -1.0000 0.0003
vn 0.0180 -0.9176 -0.3972
vn -0.0000 -0.9795 -0.2013
vn -0.0000 -0.9191 -0.3940
vn -0.0080 -0.9753 -0.2209
vn -0.0000 -0.9796 -0.2010
vn 0.0114 -0.6976 -0.7164
vn 0.0001 -0.8252 -0.5648
vn 0.0001 -0.7004 -0.7137
vn -0.0066 -0.8157 -0.5784
vn -0.0000 -0.8253 -0.5647
vn -0.0000 -0.7003 -0.7138
vn 0.0058 -0.3759 -0.9266
vn -0.0000 -0.5497 -0.8354
vn -0.0000 -0.3786 -0.9256
vn -0.0044 -0.5415 -0.8407
vn -0.0000 -0.5496 -0.8355
vn -0.0000 -0.3783 -0.9257
vn -0.0014 0.0013 -1.0000
vn 0.0001 -0.1928 -0.9812
vn -0.0001 -0.0000 -1.0000
vn -0.0017 -0.1894 -0.9819
vn 0.0001 -0.1930 -0.9812
vn -0.0024 0.3925 -0.9197
vn -0.0000 0.2012 -0.9795
vn -0.0000 0.1996 -0.9799
vn -0.0000 0.3940 -0.9191
vn -0.0100 0.7121 -0.7020
vn 0.0001 0.5645 -0.8254
vn -0.0000 0.7137 -0.7005
vn 0.0001 0.5594 -0.8289
vn -0.0001 0.7140 -0.7002
vn -0.0181 0.9243 -0.3813
vn -0.0001 0.8355 -0.5495
vn -0.0000 0.9257 -0.3784
vn 0.0008 0.8284 -0.5601
vn -0.0041 1.0000 -0.0011
vn -0.0000 0.9812 -0.1931
vn -0.0001 1.0000 -0.0001
vn 0.0006 0.9797 -0.2003
vn 0.0179 0.9176 0.3972
vn -0.0000 0.9191 0.3940
vn -0.0037 0.9777 0.2099
vn 0.0112 0.6976 0.7164
vn -0.0066 0.8159 0.5781
vn 0.0058 0.3765 0.9264
vn 0.0001 0.5497 0.8353
vn -0.0000 0.3782 0.9257
vn -0.0044 0.5410 0.8410
vn -0.0006 -0.0019 1.0000
vn -0.0000 0.1928 0.9812
vn -0.0016 0.1896 0.9819
vn 0.0003 -0.0008 1.0000
vn -0.0000 -0.2027 0.9792
vn 0.0006 -0.2101 0.9777
vn 0.0014 -0.4120 0.9112
vn 0.0024 -0.5965 0.8026
vn 0.0034 -0.7543 0.6566
vn 0.0042 -0.8773 0.4799
vn 0.0047 -0.9596 0.2812
vn -0.0002 0.0010 1.0000
vn 0.0055 -0.9979 -0.0639
vn 0.0058 -0.9939 0.1100
vn 0.0052 -0.9617 -0.2739
vn 0.0043 -0.7595 -0.6505
vn 0.0049 -0.8813 -0.4726
vn 0.0035 -0.6025 -0.7981
vn 0.0014 -0.2140 -0.9768
vn 0.0026 -0.4184 -0.9083
vn 0.0005 -0.0006 -1.0000
vn -0.0000 -0.3533 0.9355
vn -0.0000 -0.6577 0.7533
vn -0.0000 -0.8847 0.4661
vn -0.0000 -0.9932 0.1167
vn -0.0000 -0.9720 -0.2351
vn -0.0000 -0.8412 -0.5407
vn -0.0000 -0.6311 -0.7757
vn -0.0000 -0.3655 -0.9308
vn -0.0000 -0.0617 -0.9981
vn 0.0006 0.2102 -0.9777
vn 0.0013 0.4116 -0.9114
vn 0.0024 0.5965 -0.8026
vn 0.0034 0.7544 -0.6564
vn 0.0042 0.8772 -0.4801
vn 0.0047 0.9596 -0.2813
vn 0.0028 0.9962 -0.0867
vn 0.0053 0.9617 0.2739
vn 0.0030 0.9965 0.0831
vn 0.0048 0.8810 0.4730
vn 0.0036 0.6031 0.7977
vn 0.0043 0.7596 0.6503
vn 0.0013 0.2138 0.9769
vn 0.0025 0.4177 0.9086
vn 0.0018 0.0031 1.0000
vn -0.0000 0.9749 -0.2228
vn -0.0000 0.9904 0.1384
vn -0.0000 0.8264 -0.5630
vn -0.0000 0.2613 -0.9653
vn -0.0000 0.5719 -0.8203
vn -0.0000 0.8884 0.4590
vn -0.0000 0.7028 0.7114
vn -0.0000 0.4566 0.8897
vn -0.0000 0.1634 0.9866
vn 0.0004 -1.0000 -0.0002
vn -0.0001 -1.0000 0.0002
vn 0.0003 -1.0000 0.0004
vn 0.0002 -1.0000 0.0006
vn -0.0003 -1.0000 -0.0001
vn 0.0006 -1.0000 0.0002
vn -0.0004 -1.0000 0.0002
vn -0.0007 -1.0000 0.0004
vn 1.0000 -0.0001 -0.0000
vn 1.0000 0.0002 -0.0000
vn 1.0000 0.0001 -0.0000
vn 1.0000 -0.0002 -0.0000
vn 0.0175 -0.6223 -0.7826
vn -0.0000 -0.6661 -0.7458
vn -0.0000 -0.6657 -0.7462
vn -0.0000 -0.6659 -0.7460
vn -0.0000 -0.6662 -0.7458
vn -0.0000 -0.6658 -0.7461
vn -0.0002 -0.6658 -0.7461
vn -0.0000 -0.6656 -0.7463
vn -0.0000 -0.6658 -0.7462
vn 0.0125 0.3616 -0.9323
vn -0.0001 0.3136 -0.9495
vn 0.0001 0.3135 -0.9496
vn 0.1223 0.2542 -0.9594
vn 0.0417 0.2901 -0.9561
vn -0.0001 0.3132 -0.9497
vn -0.0069 0.3217 -0.9468
vn -0.0000 0.3133 -0.9497
vn -0.0000 0.3128 -0.9498
vn -0.0002 0.3138 -0.9495
vn -0.0000 0.3132 -0.9497
vn -0.0000 0.3136 -0.9495
vn -0.0000 0.9791 -0.2036
vn -0.0000 0.9791 -0.2035
vn -0.0000 0.9791 -0.2034
vn -0.0000 0.9792 -0.2028
vn -0.0000 0.6658 0.7461
vn -0.0004 0.6661 0.7458
vn -0.0000 0.6659 0.7460
vn 0.0004 0.6661 0.7458
vn -0.0000 0.6658 0.7462
vn -0.0000 0.6652 0.7466
vn -0.0000 -0.3134 0.9496
vn -0.0000 -0.3131 0.9497
vn -0.0000 -0.3136 0.9495
vn -0.0000 -0.3132 0.9497
vn -0.0000 -0.3133 0.9497
vn 0.0003 -0.9791 0.2036
vn -0.0000 -0.9791 0.2034
vn -0.0000 -0.9791 0.2035
vn -0.0000 -0.9791 0.2033
vn -0.0003 -0.9791 0.2036
vn -0.0000 -0.9792 0.2028
vn 0.8663 -0.0448 -0.4975
vn 0.8660 -0.1017 -0.4895
vn 0.8664 -0.1079 -0.4876
vn 0.8660 0.0147 -0.4998
vn 0.8660 -0.0422 -0.4982
vn 0.8660 0.0713 -0.4949
vn 0.8660 0.1273 -0.4835
vn 0.8660 0.0715 -0.4949
vn 0.8662 0.1817 -0.4654
vn 0.8660 0.1272 -0.4835
vn 0.8662 0.2327 -0.4423
vn 0.8660 0.1802 -0.4664
vn 0.8662 0.2781 -0.4153
vn 0.8660 0.2307 -0.4436
vn 0.8661 0.3217 -0.3826
vn 0.8660 0.2783 -0.4154
vn 0.8661 0.3622 -0.3444
vn 0.8660 0.3225 -0.3821
vn 0.8661 0.3985 -0.3017
vn 0.8660 0.3628 -0.3441
vn 0.8661 0.4284 -0.2575
vn 0.8660 0.3986 -0.3018
vn 0.8663 0.4541 -0.2083
vn 0.8660 0.4295 -0.2559
vn 0.8660 0.4762 -0.1524
vn 0.8660 0.4552 -0.2068
vn 0.8662 0.4885 -0.1052
vn 0.8660 0.4762 -0.1523
vn 0.8663 0.4975 -0.0451
vn 0.8660 0.4895 -0.1017
vn 0.8661 0.4996 0.0150
vn 0.8660 0.4982 -0.0422
vn 0.8660 0.4949 0.0714
vn 0.8660 0.4998 0.0148
vn 0.8661 0.4835 0.1271
vn 0.8660 0.4949 0.0715
vn 0.8663 0.4652 0.1822
vn 0.8660 0.4835 0.1272
vn 0.8662 0.4420 0.2332
vn 0.8660 0.4664 0.1802
vn 0.8661 0.4153 0.2781
vn 0.8660 0.4436 0.2307
vn 0.8661 0.3816 0.3230
vn 0.8660 0.4154 0.2783
vn 0.8661 0.3434 0.3633
vn 0.8660 0.3821 0.3225
vn 0.8661 0.3016 0.3985
vn 0.8660 0.3441 0.3628
vn 0.8662 0.2580 0.4280
vn 0.8660 0.3018 0.3986
vn 0.8662 0.2085 0.4541
vn 0.8660 0.2559 0.4295
vn 0.8663 0.1488 0.4768
vn 0.8660 0.2068 0.4552
vn 0.8663 0.1007 0.4892
vn 0.8660 0.1523 0.4762
vn 0.8663 0.0448 0.4975
vn 0.8660 0.1018 0.4895
vn 0.8660 -0.0147 0.4998
vn 0.8660 0.0421 0.4982
vn 0.8660 -0.0713 0.4949
vn 0.8660 -0.0148 0.4998
vn 0.8660 -0.1273 0.4836
vn 0.8660 -0.0714 0.4949
vn 0.8662 -0.1813 0.4657
vn 0.8660 -0.1272 0.4836
vn 0.8661 -0.2321 0.4427
vn 0.8660 -0.1802 0.4664
vn 0.8661 -0.2781 0.4153
vn 0.8660 -0.2307 0.4436
vn 0.8661 -0.3226 0.3819
vn 0.8660 -0.2783 0.4154
vn 0.8660 -0.3631 0.3438
vn 0.8660 -0.3226 0.3820
vn 0.8660 -0.3987 0.3019
vn 0.8660 -0.3628 0.3441
vn 0.8661 -0.4290 0.2566
vn 0.8660 -0.3986 0.3018
vn 0.8661 -0.4548 0.2074
vn 0.8660 -0.4296 0.2559
vn 0.8660 -0.4762 0.1524
vn 0.8660 -0.4552 0.2069
vn 0.8661 -0.4891 0.1031
vn 0.8660 -0.4762 0.1523
vn 0.8661 -0.4980 0.0428
vn 0.8660 -0.4895 0.1018
vn 0.8661 -0.4996 -0.0148
vn 0.8660 -0.4982 0.0422
vn 0.8660 -0.4949 -0.0714
vn 0.8660 -0.4998 -0.0147
vn 0.8660 -0.4835 -0.1273
vn 0.8664 -0.4654 -0.1812
vn 0.8660 -0.4835 -0.1272
vn 0.8662 -0.4423 -0.2327
vn 0.8660 -0.4664 -0.1802
vn 0.8661 -0.4153 -0.2781
vn 0.8660 -0.4436 -0.2307
vn 0.8661 -0.3816 -0.3227
vn 0.8660 -0.4154 -0.2783
vn 0.8661 -0.3434 -0.3633
vn 0.8660 -0.3821 -0.3225
vn 0.8663 -0.3020 -0.3980
vn 0.8660 -0.3441 -0.3628
vn 0.8661 -0.2577 -0.4283
vn 0.8660 -0.3018 -0.3986
vn 0.8663 -0.2082 -0.4541
vn 0.8660 -0.2559 -0.4295
vn 0.8660 -0.1524 -0.4762
vn 0.8660 -0.2068 -0.4552
vn 0.8660 -0.1018 -0.4895
vn 0.8660 -0.1523 -0.4762
vn 0.8659 -0.0986 -0.4905
vn 0.8660 0.0718 -0.4948
vn 0.8657 -0.0132 -0.5004
vn 0.8659 0.2358 -0.4410
vn 0.8660 0.3100 -0.3925
vn 0.8659 0.3736 -0.3327
vn 0.8659 0.1554 -0.4756
vn 0.8660 0.4257 -0.2624
vn 0.8659 0.4651 -0.1844
vn 0.8659 0.4900 -0.1002
vn 0.8656 0.5005 -0.0131
vn 0.8660 0.4948 0.0718
vn 0.8658 0.4757 0.1551
vn 0.8660 0.4411 0.2356
vn 0.8659 0.3930 0.3094
vn 0.8659 0.3333 0.3731
vn 0.8659 0.2622 0.4260
vn 0.8655 0.1863 0.4649
vn 0.8659 0.1020 0.4898
vn 0.8657 0.0132 0.5004
vn 0.8660 -0.0718 0.4949
vn 0.8659 -0.1559 0.4753
vn 0.8659 -0.2362 0.4409
vn 0.8660 -0.3095 0.3927
vn 0.8660 -0.3730 0.3331
vn 0.8660 -0.4254 0.2628
vn 0.8659 -0.4647 0.1849
vn 0.8660 -0.4897 0.1012
vn 0.8659 -0.5000 0.0144
vn 0.8660 -0.4948 -0.0718
vn 0.8658 -0.4756 -0.1555
vn 0.8659 -0.4410 -0.2359
vn 0.8659 -0.3929 -0.3095
vn 0.8660 -0.3332 -0.3730
vn 0.8659 -0.2623 -0.4258
vn 0.8659 -0.1842 -0.4651
vn 0.9999 0.0028 -0.0105
vn 0.9999 0.0029 -0.0105
vn 0.9999 0.0026 -0.0105
vn 0.9999 0.0029 -0.0106
vn 0.9999 0.0029 -0.0107
vn 0.9999 0.0025 -0.0104
vn 0.9999 0.0027 -0.0105
vn 0.9999 0.0030 -0.0105
vn 0.9999 0.0028 -0.0106
vn 0.9999 0.0027 -0.0111
vn 0.9999 0.0029 -0.0104
vn 0.9999 0.0027 -0.0104
vn 0.9999 0.0026 -0.0106
vn 0.9999 0.0030 -0.0106
vn 0.9999 0.0024 -0.0103
vn 0.9999 0.0028 -0.0104
vn 0.9999 0.0021 -0.0106
vn 0.9999 0.0031 -0.0104
vn 0.9999 0.0028 -0.0107
vn 0.9999 0.0030 -0.0111
vn 0.9999 0.0028 -0.0103
vn 0.9999 0.0030 -0.0107
vn 0.9999 0.0024 -0.0101
vn 0.9999 0.0021 -0.0104
vn 0.9999 0.0028 -0.0097
vn 0.9999 0.0030 -0.0102
vn 0.9999 0.0026 -0.0108
vn 0.9999 0.0029 -0.0102
vn 0.9999 0.0025 -0.0103
vn 0.9999 0.0031 -0.0107
vn 0.9999 0.0027 -0.0106
vn 0.9999 0.0024 -0.0100
vn 0.9999 0.0033 -0.0106
vn 0.9999 0.0022 -0.0110
vn 0.9999 0.0038 -0.0115
vn 0.9999 0.0031 -0.0110
vn 0.9999 0.0021 -0.0108
vn 0.9999 0.0032 -0.0106
vn 0.9999 0.0024 -0.0110
vn 0.9999 0.0028 -0.0101
vn 0.9999 0.0027 -0.0102
vn 0.9999 0.0026 -0.0113
vn -0.0478 -0.3147 -0.9480
vn -0.0087 -0.3564 -0.9343
vn -0.0088 -0.3563 -0.9343
vn -0.0082 -0.3567 -0.9342
vn -0.0088 -0.3561 -0.9344
vn -0.0089 -0.3562 -0.9344
vn 0.0642 -0.3616 -0.9301
vn -0.0207 -0.3579 -0.9335
vn -0.0089 -0.3561 -0.9344
vn 0.0041 -0.3363 -0.9417
vn -0.0107 0.6309 -0.7758
vn -0.0098 0.6311 -0.7756
vn -0.0100 0.6315 -0.7753
vn -0.0099 0.6310 -0.7757
vn -0.0097 0.6308 -0.7759
vn -0.0101 0.6305 -0.7761
vn -0.0103 0.6313 -0.7755
vn -0.0100 0.6316 -0.7752
vn -0.0013 0.9874 0.1583
vn -0.0011 0.9873 0.1586
vn -0.0011 0.9874 0.1585
vn -0.0012 0.9873 0.1586
vn -0.0011 0.9873 0.1588
vn -0.0010 0.9873 0.1587
vn 0.0088 0.3565 0.9343
vn 0.0087 0.3564 0.9343
vn 0.0089 0.3568 0.9341
vn 0.0088 0.3563 0.9343
vn 0.0089 0.3563 0.9343
vn 0.0090 0.3564 0.9343
vn 0.0086 0.3565 0.9343
vn 0.0084 0.3563 0.9343
vn 0.0084 0.3560 0.9344
vn 0.0101 -0.6308 0.7759
vn 0.0100 -0.6308 0.7759
vn 0.0098 -0.6310 0.7757
vn 0.0099 -0.6310 0.7757
vn 0.0097 -0.6309 0.7758
vn 0.0100 -0.6310 0.7757
vn 0.0011 -0.9873 -0.1588
vn 0.0011 -0.9872 -0.1593
vn 0.0012 -0.9873 -0.1587
vn 0.0011 -0.9873 -0.1590
vn 0.0011 -0.9873 -0.1586
vn 0.0011 -0.9874 -0.1585
vn 0.0011 -0.9874 -0.1584
vn 0.9999 0.0036 -0.0103
vn 0.9999 0.0031 -0.0105
vn 0.8607 0.1387 -0.4898
vn 0.8606 0.0817 -0.5028
vn 0.8608 0.0772 -0.5031
vn 0.8607 0.1944 -0.4706
vn 0.8605 0.1405 -0.4896
vn 0.8607 0.2455 -0.4460
vn 0.8606 0.1943 -0.4708
vn 0.8609 0.2935 -0.4156
vn 0.8613 0.3382 -0.3792
vn 0.8609 0.2936 -0.4156
vn 0.8616 0.3773 -0.3396
vn 0.8611 0.3370 -0.3807
vn 0.8619 0.4102 -0.2981
vn 0.8614 0.3760 -0.3414
vn 0.8621 0.4397 -0.2518
vn 0.8618 0.4105 -0.2981
vn 0.8626 0.4638 -0.2022
vn 0.8622 0.4399 -0.2512
vn 0.8632 0.4824 -0.1492
vn 0.8627 0.4640 -0.2014
vn 0.8637 0.4949 -0.0954
vn 0.8632 0.4824 -0.1491
vn 0.8642 0.5015 -0.0403
vn 0.8637 0.4950 -0.0952
vn 0.8649 0.5017 0.0181
vn 0.8642 0.5015 -0.0402
vn 0.8656 0.4964 0.0662
vn 0.8649 0.5017 0.0182
vn 0.8664 0.4833 0.1258
vn 0.8654 0.4961 0.0702
vn 0.8666 0.4644 0.1825
vn 0.8661 0.4830 0.1290
vn 0.8673 0.4393 0.2343
vn 0.8667 0.4642 0.1827
vn 0.8679 0.4090 0.2819
vn 0.8673 0.4394 0.2339
vn 0.8680 0.3752 0.3253
vn 0.8679 0.4089 0.2820
vn 0.8689 0.3351 0.3642
vn 0.8685 0.3740 0.3254
vn 0.8693 0.2914 0.3993
vn 0.8690 0.3348 0.3644
vn 0.8699 0.2438 0.4288
vn 0.8695 0.2914 0.3989
vn 0.8702 0.1940 0.4529
vn 0.8699 0.2445 0.4283
vn 0.8708 0.1423 0.4706
vn 0.8703 0.1946 0.4524
vn 0.8709 0.0880 0.4836
vn 0.8706 0.1425 0.4708
vn 0.8711 0.0332 0.4900
vn 0.8709 0.0885 0.4834
vn 0.8715 -0.0265 0.4898
vn 0.8711 0.0336 0.4899
vn 0.8716 -0.0763 0.4842
vn 0.8713 -0.0249 0.4901
vn 0.8716 -0.1337 0.4716
vn 0.8714 -0.0769 0.4845
vn 0.8713 -0.1896 0.4527
vn 0.8714 -0.1357 0.4714
vn 0.8713 -0.2406 0.4278
vn 0.8714 -0.1894 0.4526
vn 0.8711 -0.2886 0.3973
vn 0.8713 -0.3347 0.3590
vn 0.8711 -0.2887 0.3973
vn 0.8708 -0.3743 0.3188
vn 0.8708 -0.3321 0.3624
vn 0.8703 -0.4054 0.2798
vn 0.8705 -0.3712 0.3232
vn 0.8699 -0.4357 0.2311
vn 0.8702 -0.4056 0.2798
vn 0.8695 -0.4598 0.1807
vn 0.8697 -0.4351 0.2329
vn 0.8688 -0.4776 0.1308
vn 0.8693 -0.4591 0.1831
vn 0.8686 -0.4889 0.0812
vn 0.8688 -0.4776 0.1309
vn 0.8681 -0.4957 0.0253
vn 0.8683 -0.4901 0.0770
vn 0.8671 -0.4968 -0.0364
vn 0.8677 -0.4966 0.0220
vn 0.8668 -0.4916 -0.0834
vn 0.8671 -0.4968 -0.0365
vn 0.8664 -0.4785 -0.1431
vn 0.8665 -0.4912 -0.0885
vn 0.8653 -0.4591 -0.2011
vn 0.8659 -0.4781 -0.1472
vn 0.8646 -0.4345 -0.2522
vn 0.8652 -0.4593 -0.2009
vn 0.8640 -0.4040 -0.3004
vn 0.8634 -0.3694 -0.3435
vn 0.8640 -0.4041 -0.3002
vn 0.8630 -0.3301 -0.3825
vn 0.8635 -0.3691 -0.3437
vn 0.8626 -0.2865 -0.4169
vn 0.8630 -0.3299 -0.3827
vn 0.8619 -0.2408 -0.4463
vn 0.8625 -0.2865 -0.4172
vn 0.8615 -0.1914 -0.4702
vn 0.8620 -0.2397 -0.4466
vn 0.8612 -0.1377 -0.4892
vn 0.8617 -0.1898 -0.4707
vn 0.8612 -0.0859 -0.5010
vn 0.8613 -0.1376 -0.4891
vn 0.8610 -0.0305 -0.5076
vn 0.8610 -0.0837 -0.5016
vn 0.8606 0.0298 -0.5083
vn 0.8608 -0.0287 -0.5081
vn 0.8604 0.0839 -0.5026
vn 0.8607 0.2458 -0.4459
vn 0.8603 0.1677 -0.4814
vn 0.8614 0.3800 -0.3371
vn 0.8627 0.4698 -0.1870
vn 0.8621 0.4318 -0.2653
vn 0.8608 0.3171 -0.3980
vn 0.8635 0.4936 -0.1035
vn 0.8645 0.5024 -0.0166
vn 0.8653 0.4960 0.0722
vn 0.8661 0.4745 0.1573
vn 0.8672 0.4394 0.2343
vn 0.8682 0.3901 0.3066
vn 0.8691 0.3294 0.3690
vn 0.8698 0.2593 0.4198
vn 0.8704 0.1811 0.4577
vn 0.8709 0.0969 0.4818
vn 0.8711 0.0115 0.4910
vn 0.8712 -0.0773 0.4849
vn 0.8712 -0.1630 0.4631
vn 0.8712 -0.2410 0.4276
vn 0.8704 -0.3743 0.3199
vn 0.8690 -0.4646 0.1700
vn 0.8697 -0.4264 0.2488
vn 0.8705 -0.3112 0.3812
vn 0.8682 -0.4892 0.0834
vn 0.8671 -0.4981 -0.0041
vn 0.8663 -0.4912 -0.0908
vn 0.8651 -0.4696 -0.1761
vn 0.8646 -0.4344 -0.2525
vn 0.8638 -0.3852 -0.3247
vn 0.8629 -0.3247 -0.3873
vn 0.8623 -0.2531 -0.4387
vn 0.8615 -0.1750 -0.4766
vn 0.8610 -0.0909 -0.5004
vn 0.8605 -0.0039 -0.5094
vn 0.8605 0.0817 -0.5028
vn -1.0000 -0.0001 -0.0000
vn -1.0000 0.0002 -0.0000
vn -1.0000 -0.0002 -0.0000
vn -0.0188 -0.9482 -0.3171
vn -0.0000 -0.9291 -0.3698
vn -0.0000 -0.9287 -0.3708
vn -0.0000 -0.9291 -0.3699
vn -0.0000 -0.9292 -0.3696
vn 0.0001 -0.9292 -0.3696
vn -0.0000 -0.9290 -0.3700
vn -0.0000 -0.9291 -0.3700
vn -0.0000 -0.9291 -0.3697
vn -0.0000 -0.9289 -0.3703
vn 0.0002 -0.7851 0.6193
vn -0.0000 -0.7846 0.6200
vn -0.0000 -0.7850 0.6195
vn -0.1202 -0.8091 0.5753
vn -0.0000 -0.7850 0.6194
vn 0.0004 -0.7849 0.6196
vn -0.0000 -0.7849 0.6196
vn 0.0001 -0.7851 0.6193
vn 0.0001 0.1446 0.9895
vn -0.0000 0.1443 0.9895
vn -0.0000 0.1441 0.9896
vn -0.0000 0.1438 0.9896
vn 0.0003 0.1443 0.9895
vn 0.0001 0.1438 0.9896
vn -0.0000 0.9287 0.3708
vn -0.0000 0.9288 0.3705
vn -0.0000 0.9291 0.3697
vn -0.0000 0.9290 0.3701
vn -0.0000 0.9291 0.3698
vn -0.0000 0.9292 0.3696
vn -0.0000 0.9292 0.3695
vn -0.0000 0.9290 0.3700
vn -0.0001 0.7846 -0.6201
vn -0.0001 0.7849 -0.6197
vn -0.0000 0.7849 -0.6196
vn -0.0000 0.7850 -0.6195
vn 0.0001 0.7849 -0.6197
vn -0.0001 -0.1438 -0.9896
vn -0.0000 -0.1441 -0.9896
vn -0.0000 -0.1440 -0.9896
vn -0.0005 -0.1439 -0.9896
vn -0.0000 -0.1438 -0.9896
vn -1.0000 0.0001 -0.0000
vn -0.8663 -0.4827 0.1285
vn -0.8660 -0.4948 0.0720
vn -0.8663 -0.4951 0.0661
vn -0.8660 -0.4645 0.1850
vn -0.8660 -0.4825 0.1310
vn -0.8660 -0.4405 0.2366
vn -0.8660 -0.4107 0.2852
vn -0.8662 -0.3752 0.3300
vn -0.8660 -0.4107 0.2851
vn -0.8661 -0.3362 0.3699
vn -0.8660 -0.3764 0.3291
vn -0.8661 -0.2951 0.4036
vn -0.8660 -0.3378 0.3687
vn -0.8661 -0.2482 0.4339
vn -0.8660 -0.2949 0.4037
vn -0.8660 -0.1992 0.4587
vn -0.8660 -0.2485 0.4339
vn -0.8660 -0.1471 0.4779
vn -0.8660 -0.1990 0.4587
vn -0.8661 -0.0945 0.4909
vn -0.8661 -0.0393 0.4983
vn -0.8660 -0.0933 0.4912
vn -0.8660 0.0201 0.4996
vn -0.8660 -0.0384 0.4985
vn -0.8661 0.0705 0.4949
vn -0.8660 0.0200 0.4996
vn -0.8662 0.1298 0.4826
vn -0.8660 0.0720 0.4948
vn -0.8661 0.1855 0.4641
vn -0.8660 0.1310 0.4825
vn -0.8660 0.2366 0.4405
vn -0.8660 0.1850 0.4645
vn -0.8660 0.2853 0.4107
vn -0.8661 0.3298 0.3756
vn -0.8660 0.2852 0.4107
vn -0.8661 0.3697 0.3365
vn -0.8660 0.3291 0.3765
vn -0.8661 0.4035 0.2949
vn -0.8660 0.3687 0.3378
vn -0.8660 0.4340 0.2484
vn -0.8660 0.4038 0.2949
vn -0.8660 0.4586 0.1992
vn -0.8660 0.4339 0.2485
vn -0.8661 0.4777 0.1470
vn -0.8660 0.4587 0.1990
vn -0.8661 0.4910 0.0942
vn -0.8660 0.4779 0.1471
vn -0.8661 0.4983 0.0393
vn -0.8660 0.4912 0.0933
vn -0.8663 0.4990 -0.0232
vn -0.8660 0.4985 0.0384
vn -0.8663 0.4942 -0.0729
vn -0.8660 0.4996 -0.0200
vn -0.8663 0.4827 -0.1286
vn -0.8660 0.4948 -0.0721
vn -0.8661 0.4643 -0.1852
vn -0.8660 0.4825 -0.1310
vn -0.8660 0.4403 -0.2370
vn -0.8660 0.4645 -0.1850
vn -0.8660 0.4108 -0.2851
vn -0.8660 0.4405 -0.2366
vn -0.8662 0.3753 -0.3300
vn -0.8660 0.4107 -0.2852
vn -0.8661 0.3362 -0.3698
vn -0.8660 0.3765 -0.3291
vn -0.8662 0.2946 -0.4036
vn -0.8660 0.3378 -0.3686
vn -0.8660 0.2490 -0.4336
vn -0.8660 0.2950 -0.4037
vn -0.8661 0.1993 -0.4584
vn -0.8660 0.2485 -0.4339
vn -0.8660 0.1471 -0.4779
vn -0.8660 0.1990 -0.4587
vn -0.8662 0.0956 -0.4905
vn -0.8662 0.0403 -0.4980
vn -0.8660 0.0933 -0.4912
vn -0.8660 -0.0200 -0.4996
vn -0.8660 0.0385 -0.4985
vn -0.8662 -0.0692 -0.4950
vn -0.8663 -0.1288 -0.4827
vn -0.8660 -0.0720 -0.4948
vn -0.8661 -0.1849 -0.4645
vn -0.8660 -0.1310 -0.4825
vn -0.8660 -0.2366 -0.4405
vn -0.8660 -0.1850 -0.4645
vn -0.8660 -0.2852 -0.4107
vn -0.8663 -0.3306 -0.3745
vn -0.8660 -0.2851 -0.4107
vn -0.8662 -0.3706 -0.3352
vn -0.8660 -0.3290 -0.3765
vn -0.8660 -0.4037 -0.2949
vn -0.8660 -0.3687 -0.3378
vn -0.8661 -0.4337 -0.2487
vn -0.8660 -0.4037 -0.2950
vn -0.8660 -0.4590 -0.1984
vn -0.8660 -0.4339 -0.2485
vn -0.8659 -0.4780 -0.1472
vn -0.8660 -0.4587 -0.1990
vn -0.8661 -0.4908 -0.0946
vn -0.8660 -0.4779 -0.1471
vn -0.8661 -0.4982 -0.0395
vn -0.8660 -0.4912 -0.0933
vn -0.8664 -0.4990 0.0199
vn -0.8660 -0.4985 -0.0384
vn -0.8660 -0.4996 0.0200
vn -0.8659 -0.4946 0.0750
vn -0.8660 -0.4403 0.2369
vn -0.8658 -0.4745 0.1588
vn -0.8659 -0.3334 0.3728
vn -0.8660 -0.1850 0.4646
vn -0.8660 -0.2629 0.4254
vn -0.8659 -0.3934 0.3090
vn -0.8660 -0.1010 0.4898
vn -0.8659 -0.0143 0.5000
vn -0.8660 0.0727 0.4948
vn -0.8659 0.1578 0.4748
vn -0.8660 0.2369 0.4403
vn -0.8659 0.3093 0.3932
vn -0.8658 0.3732 0.3333
vn -0.8659 0.4256 0.2628
vn -0.8660 0.4646 0.1848
vn -0.8659 0.4899 0.1010
vn -0.8657 0.5004 0.0163
vn -0.8659 0.4951 -0.0719
vn -0.8657 0.4747 -0.1588
vn -0.8660 0.4403 -0.2369
vn -0.8659 0.3334 -0.3728
vn -0.8660 0.2627 -0.4255
vn -0.8658 0.1849 -0.4649
vn -0.8658 0.3934 -0.3091
vn -0.8659 0.1005 -0.4899
vn -0.8658 0.0137 -0.5002
vn -0.8660 -0.0734 -0.4947
vn -0.8658 -0.1586 -0.4747
vn -0.8660 -0.2369 -0.4403
vn -0.8658 -0.3086 -0.3940
vn -0.8659 -0.3724 -0.3339
vn -0.8660 -0.4253 -0.2629
vn -0.8660 -0.4645 -0.1850
vn -0.8660 -0.4898 -0.1011
vn -0.8658 -0.5001 -0.0143
vn -0.0000 -0.9792 -0.2031
vn -0.0000 -0.9792 -0.2028
vn 0.0001 -0.9793 -0.2026
vn -0.0000 -0.9791 -0.2036
vn 0.0001 -0.6652 0.7466
vn -0.0000 -0.6654 0.7465
vn -0.0000 -0.6652 0.7466
vn 0.0003 -0.6650 0.7469
vn -0.0000 0.3136 0.9495
vn 0.0257 0.9853 0.1689
vn -0.0000 0.9792 0.2031
vn -0.0000 0.9792 0.2029
vn -0.0506 0.9874 0.1497
vn 0.0471 0.9895 0.1363
vn -0.0000 0.9791 0.2034
vn 0.0084 0.9826 0.1856
vn -0.0000 0.9793 0.2027
vn -0.0000 0.9793 0.2026
vn -0.0137 0.6266 -0.7792
vn -0.0001 0.6652 -0.7466
vn -0.0000 0.6657 -0.7463
vn -0.1220 0.7035 -0.7001
vn -0.0415 0.6824 -0.7298
vn 0.0001 0.6655 -0.7464
vn 0.0068 0.6588 -0.7523
vn -0.0000 0.6653 -0.7466
vn -0.0001 0.6653 -0.7466
vn -0.0002 0.6653 -0.7466
vn -0.0000 0.6652 -0.7466
vn -0.0000 -0.3133 -0.9497
vn -0.0001 -0.3134 -0.9496
vn -0.0000 -0.3135 -0.9496
vn -0.0000 -0.3136 -0.9495
vn -0.0000 -0.3131 -0.9497
vn 0.0001 -0.3134 -0.9496
vn -0.0000 -0.3137 -0.9495
vn -0.8664 0.4530 -0.2102
vn -0.8660 0.4748 -0.1569
vn -0.8664 0.4761 -0.1507
vn -0.8659 0.4255 -0.2628
vn -0.8660 0.4524 -0.2128
vn -0.8662 0.3923 -0.3095
vn -0.8660 0.4253 -0.2628
vn -0.8661 0.3550 -0.3518
vn -0.8660 0.3927 -0.3095
vn -0.8662 0.3121 -0.3902
vn -0.8660 0.3550 -0.3521
vn -0.8661 0.2667 -0.4227
vn -0.8660 0.3136 -0.3894
vn -0.8661 0.2204 -0.4486
vn -0.8660 0.2686 -0.4217
vn -0.8660 0.1694 -0.4706
vn -0.8660 0.2203 -0.4488
vn -0.8660 0.1161 -0.4864
vn -0.8660 0.1694 -0.4704
vn -0.8660 0.0619 -0.4962
vn -0.8660 0.1163 -0.4863
vn -0.8661 0.0087 -0.4997
vn -0.8663 -0.0472 -0.4973
vn -0.8660 0.0066 -0.5000
vn -0.8660 -0.1064 -0.4885
vn -0.8660 -0.0487 -0.4976
vn -0.8662 -0.1539 -0.4755
vn -0.8663 -0.2105 -0.4530
vn -0.8660 -0.1569 -0.4748
vn -0.8661 -0.2630 -0.4251
vn -0.8660 -0.2128 -0.4525
vn -0.8660 -0.3095 -0.3927
vn -0.8660 -0.2629 -0.4253
vn -0.8661 -0.3519 -0.3551
vn -0.8662 -0.3900 -0.3125
vn -0.8660 -0.3521 -0.3550
vn -0.8661 -0.4226 -0.2668
vn -0.8660 -0.3894 -0.3136
vn -0.8662 -0.4484 -0.2205
vn -0.8660 -0.4217 -0.2686
vn -0.8660 -0.4705 -0.1693
vn -0.8660 -0.4488 -0.2203
vn -0.8660 -0.4863 -0.1162
vn -0.8660 -0.4704 -0.1694
vn -0.8661 -0.4960 -0.0621
vn -0.8660 -0.4863 -0.1164
vn -0.8660 -0.5000 -0.0069
vn -0.8660 -0.4962 -0.0618
vn -0.8661 -0.4976 0.0485
vn -0.8660 -0.5000 -0.0066
vn -0.8662 -0.4879 0.1081
vn -0.8660 -0.4976 0.0487
vn -0.8662 -0.4743 0.1574
vn -0.8660 -0.4885 0.1064
vn -0.8661 -0.4528 0.2115
vn -0.8660 -0.4747 0.1569
vn -0.8660 -0.4255 0.2628
vn -0.8660 -0.4524 0.2128
vn -0.8660 -0.3927 0.3095
vn -0.8660 -0.4253 0.2628
vn -0.8660 -0.3550 0.3522
vn -0.8662 -0.3121 0.3902
vn -0.8660 -0.3550 0.3521
vn -0.8661 -0.2670 0.4226
vn -0.8660 -0.3136 0.3894
vn -0.8662 -0.2203 0.4486
vn -0.8660 -0.2686 0.4217
vn -0.8660 -0.1699 0.4703
vn -0.8660 -0.2203 0.4488
vn -0.8660 -0.1166 0.4863
vn -0.8660 -0.1694 0.4704
vn -0.8660 -0.0619 0.4962
vn -0.8660 -0.1163 0.4863
vn -0.8661 -0.0087 0.4997
vn -0.8662 0.0470 0.4974
vn -0.8660 -0.0066 0.5000
vn -0.8660 0.1064 0.4885
vn -0.8660 0.0487 0.4976
vn -0.8662 0.1537 0.4755
vn -0.8660 0.1065 0.4885
vn -0.8662 0.2103 0.4533
vn -0.8660 0.1569 0.4747
vn -0.8662 0.2630 0.4250
vn -0.8660 0.2128 0.4525
vn -0.8660 0.3094 0.3928
vn -0.8660 0.2629 0.4253
vn -0.8660 0.3520 0.3551
vn -0.8660 0.3095 0.3927
vn -0.8662 0.3898 0.3127
vn -0.8660 0.3521 0.3550
vn -0.8662 0.4227 0.2667
vn -0.8660 0.3894 0.3136
vn -0.8661 0.4486 0.2203
vn -0.8660 0.4217 0.2686
vn -0.8661 0.4703 0.1697
vn -0.8660 0.4488 0.2204
vn -0.8660 0.4863 0.1165
vn -0.8660 0.4704 0.1694
vn -0.8661 0.4960 0.0618
vn -0.8660 0.4863 0.1163
vn -0.8662 0.4996 0.0088
vn -0.8660 0.4962 0.0619
vn -0.8661 0.4977 -0.0468
vn -0.8660 0.5000 0.0066
vn -0.8661 0.4884 -0.1064
vn -0.8660 0.4976 -0.0487
vn -0.8660 0.4885 -0.1065
vn -0.8658 0.4741 -0.1599
vn -0.8660 0.3925 -0.3098
vn -0.8658 0.4398 -0.2389
vn -0.8659 0.2637 -0.4250
vn -0.8660 0.1851 -0.4645
vn -0.8660 0.1017 -0.4896
vn -0.8659 0.3338 -0.3726
vn -0.8659 0.0141 -0.5000
vn -0.8659 -0.0732 -0.4949
vn -0.8660 -0.1583 -0.4744
vn -0.8658 -0.2387 -0.4398
vn -0.8660 -0.3098 -0.3925
vn -0.8658 -0.3728 -0.3338
vn -0.8659 -0.4251 -0.2637
vn -0.8661 -0.4644 -0.1850
vn -0.8660 -0.4896 -0.1015
vn -0.8660 -0.4999 -0.0149
vn -0.8657 -0.4955 0.0713
vn -0.8660 -0.4749 0.1568
vn -0.8659 -0.4400 0.2380
vn -0.8660 -0.3925 0.3098
vn -0.8658 -0.3338 0.3727
vn -0.8660 -0.2636 0.4250
vn -0.8660 -0.1850 0.4645
vn -0.8659 -0.1014 0.4899
vn -0.8659 -0.0141 0.5000
vn -0.8659 0.0733 0.4949
vn -0.8659 0.1584 0.4745
vn -0.8657 0.2389 0.4399
vn -0.8660 0.3098 0.3925
vn -0.8659 0.3726 0.3338
vn -0.8660 0.4249 0.2636
vn -0.8661 0.4645 0.1849
vn -0.8660 0.4897 0.1014
vn -0.8659 0.5000 0.0141
vn -0.8659 0.4949 -0.0732
vn -0.5383 0.1576 0.8279
vn -0.3928 -0.3995 -0.8283
vn -0.4553 0.3260 -0.8285
vn 0.0002 0.0005 -1.0000
vn 0.5505 -0.1098 -0.8276
vn 0.4639 -0.3153 -0.8279
vn 0.5179 0.2154 -0.8279
vn 0.2157 0.5183 0.8276
vn 0.7356 -0.4375 0.5171
vt 0.677915 0.200199
vt 0.676315 0.211309
vt 0.680249 0.204109
vt 0.682434 0.208102
vt 0.683778 0.228294
vt 0.686348 0.216310
vt 0.680405 0.219650
vt 0.684467 0.212170
vt 0.688075 0.220514
vt 0.670046 0.189026
vt 0.667151 0.185509
vt 0.666034 0.195727
vt 0.672808 0.192650
vt 0.675433 0.196377
vt 0.671520 0.203318
vt 0.664128 0.182102
vt 0.693401 0.237874
vt 0.688327 0.246295
vt 0.694329 0.242322
vt 0.695092 0.246801
vt 0.689479 0.255555
vt 0.696375 0.260372
vt 0.696117 0.255832
vt 0.695688 0.251306
vt 0.689865 0.264922
vt 0.686423 0.237192
vt 0.689645 0.224779
vt 0.691057 0.229097
vt 0.692309 0.233464
vt 0.608235 0.147219
vt 0.604068 0.155915
vt 0.621785 0.162108
vt 0.619506 0.151160
vt 0.627845 0.154907
vt 0.623713 0.152956
vt 0.600710 0.153610
vt 0.630241 0.166116
vt 0.631900 0.157008
vt 0.596640 0.144380
vt 0.584825 0.142662
vt 0.572891 0.142084
vt 0.581035 0.149014
vt 0.589101 0.150058
vt 0.596958 0.152025
vt 0.572891 0.148691
vt 0.654334 0.172579
vt 0.650844 0.169650
vt 0.653258 0.182111
vt 0.657715 0.175633
vt 0.659922 0.188634
vt 0.660981 0.178809
vt 0.646065 0.176167
vt 0.639758 0.161649
vt 0.635872 0.159257
vt 0.638366 0.170811
vt 0.643551 0.164181
vt 0.647248 0.166849
vt 0.696461 0.264922
vt 0.696117 0.274013
vt 0.696375 0.269473
vt 0.689488 0.274261
vt 0.695688 0.278539
vt 0.694329 0.287524
vt 0.695092 0.283045
vt 0.688355 0.283465
vt 0.693401 0.291971
vt 0.692309 0.296381
vt 0.686464 0.292534
vt 0.689645 0.305067
vt 0.691057 0.300748
vt 0.683812 0.301467
vt 0.688074 0.309331
vt 0.680423 0.310170
vt 0.686348 0.313536
vt 0.684467 0.317676
vt 0.676326 0.318528
vt 0.682433 0.321744
vt 0.680249 0.325736
vt 0.677915 0.329646
vt 0.671534 0.326512
vt 0.675433 0.333468
vt 0.672808 0.337194
vt 0.666057 0.334089
vt 0.670046 0.340818
vt 0.664128 0.347742
vt 0.667151 0.344335
vt 0.657714 0.354211
vt 0.659949 0.341179
vt 0.653277 0.347713
vt 0.660980 0.351035
vt 0.654333 0.357265
vt 0.650843 0.360195
vt 0.646072 0.353670
vt 0.643550 0.365664
vt 0.638365 0.359035
vt 0.647247 0.362995
vt 0.630238 0.363731
vt 0.635871 0.370588
vt 0.621783 0.367738
vt 0.627845 0.374938
vt 0.639756 0.368196
vt 0.631899 0.372837
vt 0.623712 0.376889
vt 0.619506 0.378685
vt 0.608235 0.382625
vt 0.604068 0.373930
vt 0.600774 0.376248
vt 0.596640 0.385465
vt 0.597072 0.377865
vt 0.584825 0.387183
vt 0.589096 0.379788
vt 0.581025 0.380832
vt 0.572891 0.387760
vt 0.572891 0.381154
vt 0.343661 0.017212
vt 0.349432 0.008606
vt 0.343661 0.008606
vt 0.337891 0.017212
vt 0.337891 0.008606
vt 0.332120 0.017212
vt 0.332120 0.008606
vt 0.326136 0.017212
vt 0.326136 0.008606
vt 0.320578 0.017212
vt 0.320578 0.008606
vt 0.314808 0.017212
vt 0.314808 0.008606
vt 0.309001 0.017212
vt 0.309001 0.008606
vt 0.303089 0.017212
vt 0.303089 0.008606
vt 0.297496 0.017212
vt 0.297496 0.008606
vt 0.291725 0.017212
vt 0.291725 0.008606
vt 0.343661 0.025819
vt 0.349432 0.017212
vt 0.337891 0.025819
vt 0.332120 0.025819
vt 0.326136 0.025819
vt 0.320578 0.025819
vt 0.314808 0.025819
vt 0.309001 0.025819
vt 0.303089 0.025819
vt 0.297496 0.025819
vt 0.291725 0.025819
vt 0.343661 0.034425
vt 0.349432 0.025819
vt 0.337891 0.034425
vt 0.332120 0.034425
vt 0.326136 0.034425
vt 0.320578 0.034425
vt 0.314808 0.034425
vt 0.309001 0.034425
vt 0.303089 0.034425
vt 0.297496 0.034425
vt 0.291725 0.034425
vt 0.343661 0.043031
vt 0.349432 0.034425
vt 0.337891 0.043031
vt 0.332120 0.043031
vt 0.326136 0.043031
vt 0.320578 0.043031
vt 0.314808 0.043031
vt 0.309001 0.043031
vt 0.303089 0.043031
vt 0.297496 0.043031
vt 0.291725 0.043031
vt 0.343661 0.051637
vt 0.349432 0.043031
vt 0.337891 0.051637
vt 0.332120 0.051637
vt 0.326136 0.051637
vt 0.320578 0.051637
vt 0.314808 0.051637
vt 0.309001 0.051637
vt 0.303089 0.051637
vt 0.297496 0.051637
vt 0.291725 0.051637
vt 0.343661 0.060534
vt 0.349432 0.051637
vt 0.337891 0.060534
vt 0.332120 0.060534
vt 0.326136 0.060534
vt 0.320578 0.060534
vt 0.314808 0.060534
vt 0.309001 0.060534
vt 0.303089 0.060534
vt 0.297496 0.060534
vt 0.291725 0.060534
vt 0.343661 0.068850
vt 0.349432 0.060534
vt 0.337891 0.068850
vt 0.332120 0.068850
vt 0.326136 0.068850
vt 0.320578 0.068850
vt 0.314808 0.068850
vt 0.309001 0.068850
vt 0.303089 0.068850
vt 0.297496 0.068850
vt 0.291725 0.068850
vt 0.343661 0.077456
vt 0.349432 0.068850
vt 0.337891 0.077456
vt 0.332120 0.077456
vt 0.326136 0.077456
vt 0.320578 0.077456
vt 0.314808 0.077456
vt 0.309001 0.077456
vt 0.303089 0.077456
vt 0.297496 0.077456
vt 0.291725 0.077456
vt 0.343661 0.086062
vt 0.349432 0.077456
vt 0.337891 0.086062
vt 0.332120 0.086062
vt 0.326136 0.086062
vt 0.320578 0.086062
vt 0.314808 0.086062
vt 0.309001 0.086062
vt 0.303089 0.086062
vt 0.297496 0.086062
vt 0.291725 0.086062
vt 0.343661 0.094668
vt 0.349432 0.086062
vt 0.337891 0.094668
vt 0.332120 0.094668
vt 0.326136 0.094668
vt 0.320578 0.094668
vt 0.314808 0.094668
vt 0.309001 0.094668
vt 0.303089 0.094668
vt 0.297496 0.094668
vt 0.291725 0.094668
vt 0.343661 0.103275
vt 0.349432 0.094668
vt 0.337891 0.103275
vt 0.332120 0.103275
vt 0.326136 0.103275
vt 0.320578 0.103275
vt 0.314808 0.103275
vt 0.309001 0.103275
vt 0.303089 0.103275
vt 0.297496 0.103275
vt 0.291725 0.103275
vt 0.343661 0.111881
vt 0.349432 0.103275
vt 0.337891 0.111881
vt 0.332120 0.111881
vt 0.326136 0.111881
vt 0.320578 0.111881
vt 0.314808 0.111881
vt 0.309001 0.111881
vt 0.303089 0.111881
vt 0.297496 0.111881
vt 0.291725 0.111881
vt 0.343661 0.120487
vt 0.349432 0.111881
vt 0.337891 0.120487
vt 0.332120 0.120487
vt 0.326136 0.120487
vt 0.320578 0.120487
vt 0.314808 0.120487
vt 0.309001 0.120487
vt 0.303089 0.120487
vt 0.297496 0.120487
vt 0.291725 0.120487
vt 0.343661 0.129115
vt 0.349432 0.120487
vt 0.337891 0.129115
vt 0.332120 0.129115
vt 0.326136 0.129115
vt 0.320578 0.129115
vt 0.314808 0.129115
vt 0.309001 0.129115
vt 0.303089 0.129115
vt 0.297496 0.129115
vt 0.291725 0.129115
vt 0.343661 0.137700
vt 0.349432 0.129115
vt 0.337891 0.137700
vt 0.332120 0.137700
vt 0.326136 0.137700
vt 0.320578 0.137700
vt 0.314808 0.137700
vt 0.309001 0.137700
vt 0.303089 0.137700
vt 0.297496 0.137700
vt 0.291725 0.137700
vt 0.288840 0.142003
vt 0.288840 0.137700
vt 0.350210 0.000000
vt 0.354494 0.004325
vt 0.354494 0.000000
vt 0.345926 0.000000
vt 0.354494 0.013182
vt 0.354494 0.008719
vt 0.354494 0.017715
vt 0.341643 0.000000
vt 0.337359 0.000000
vt 0.333075 0.000000
vt 0.328792 0.000000
vt 0.324508 0.000000
vt 0.320224 0.000000
vt 0.354494 0.040949
vt 0.354494 0.036556
vt 0.354494 0.031737
vt 0.354494 0.045395
vt 0.354494 0.068540
vt 0.354494 0.063723
vt 0.354494 0.054450
vt 0.354494 0.049895
vt 0.354494 0.059059
vt 0.354494 0.026992
vt 0.354494 0.022318
vt 0.354494 0.073220
vt 0.311657 0.000000
vt 0.307373 0.000000
vt 0.303089 0.000000
vt 0.298806 0.000000
vt 0.315940 0.000000
vt 0.294522 0.000000
vt 0.290238 0.000000
vt 0.288096 0.000000
vt 0.285954 0.000000
vt 0.285954 0.004580
vt 0.285954 0.013738
vt 0.285954 0.009160
vt 0.285954 0.022860
vt 0.285954 0.018288
vt 0.285954 0.027432
vt 0.285954 0.032004
vt 0.285954 0.045721
vt 0.285954 0.036576
vt 0.285954 0.054865
vt 0.285954 0.041148
vt 0.285954 0.050293
vt 0.285954 0.059434
vt 0.285954 0.064004
vt 0.285954 0.068576
vt 0.354494 0.100424
vt 0.354494 0.095767
vt 0.354494 0.091165
vt 0.354494 0.086628
vt 0.354494 0.123313
vt 0.354494 0.118751
vt 0.354494 0.114201
vt 0.354494 0.109661
vt 0.354494 0.105075
vt 0.354494 0.082125
vt 0.354494 0.077656
vt 0.349432 0.137700
vt 0.354494 0.132473
vt 0.354494 0.127887
vt 0.354494 0.137071
vt 0.350210 0.146306
vt 0.354494 0.146306
vt 0.354494 0.141682
vt 0.345926 0.146306
vt 0.337359 0.146306
vt 0.328792 0.146306
vt 0.320224 0.146306
vt 0.311657 0.146306
vt 0.285954 0.073153
vt 0.285954 0.077730
vt 0.285954 0.082305
vt 0.285954 0.100585
vt 0.285954 0.109728
vt 0.285954 0.091449
vt 0.285954 0.114297
vt 0.285954 0.086878
vt 0.285954 0.096020
vt 0.285954 0.105157
vt 0.285954 0.118866
vt 0.285954 0.123436
vt 0.303089 0.146306
vt 0.294522 0.146306
vt 0.291725 0.142003
vt 0.290238 0.146306
vt 0.285954 0.128007
vt 0.285954 0.132579
vt 0.285954 0.137152
vt 0.285954 0.141727
vt 0.288096 0.146306
vt 0.285954 0.146306
vt 0.151068 0.018288
vt 0.157299 0.009144
vt 0.157299 0.018288
vt 0.144838 0.018288
vt 0.151068 0.009144
vt 0.138607 0.018288
vt 0.144838 0.009144
vt 0.132376 0.018288
vt 0.138607 0.009144
vt 0.126145 0.018288
vt 0.132376 0.009144
vt 0.120179 0.018288
vt 0.126145 0.009144
vt 0.113683 0.018288
vt 0.120179 0.009144
vt 0.107452 0.018288
vt 0.113683 0.009144
vt 0.101222 0.018288
vt 0.107452 0.009144
vt 0.151068 0.027432
vt 0.157299 0.027432
vt 0.144838 0.027432
vt 0.138607 0.027432
vt 0.132376 0.027432
vt 0.126145 0.027432
vt 0.120179 0.027432
vt 0.113683 0.027432
vt 0.107452 0.027432
vt 0.101222 0.027432
vt 0.151068 0.036576
vt 0.157299 0.036576
vt 0.144838 0.036576
vt 0.138607 0.036576
vt 0.132376 0.036576
vt 0.126145 0.036576
vt 0.120179 0.036576
vt 0.113683 0.036576
vt 0.107452 0.036576
vt 0.101222 0.036576
vt 0.151068 0.045721
vt 0.157299 0.045721
vt 0.144838 0.045721
vt 0.138607 0.045721
vt 0.132376 0.045721
vt 0.126145 0.045721
vt 0.120179 0.045721
vt 0.113683 0.045721
vt 0.107452 0.045721
vt 0.101222 0.045721
vt 0.151068 0.054865
vt 0.157299 0.054865
vt 0.144838 0.054865
vt 0.138607 0.054865
vt 0.132376 0.054865
vt 0.126145 0.054865
vt 0.120179 0.054865
vt 0.113683 0.054865
vt 0.107452 0.054865
vt 0.101222 0.054865
vt 0.151068 0.064009
vt 0.157299 0.064009
vt 0.144838 0.064009
vt 0.138607 0.064009
vt 0.132376 0.064009
vt 0.126145 0.064009
vt 0.120179 0.064009
vt 0.113683 0.064009
vt 0.107452 0.064009
vt 0.101222 0.064009
vt 0.151068 0.073153
vt 0.157299 0.073153
vt 0.144838 0.073153
vt 0.138607 0.073153
vt 0.132376 0.073153
vt 0.126145 0.073153
vt 0.120179 0.073153
vt 0.113683 0.073153
vt 0.107452 0.073153
vt 0.101222 0.073153
vt 0.151068 0.082297
vt 0.157299 0.082297
vt 0.144838 0.082297
vt 0.138607 0.082297
vt 0.132376 0.082297
vt 0.126145 0.082297
vt 0.120179 0.082297
vt 0.113683 0.082297
vt 0.107452 0.082297
vt 0.101222 0.082297
vt 0.151068 0.091441
vt 0.157299 0.091441
vt 0.144838 0.091441
vt 0.138607 0.091441
vt 0.132376 0.091441
vt 0.126145 0.091441
vt 0.120179 0.091441
vt 0.113683 0.091441
vt 0.107452 0.091441
vt 0.101222 0.091441
vt 0.151068 0.100585
vt 0.157299 0.100585
vt 0.144838 0.100585
vt 0.138607 0.100585
vt 0.132376 0.100585
vt 0.126145 0.100585
vt 0.120179 0.100585
vt 0.113683 0.100585
vt 0.107452 0.100585
vt 0.101222 0.100585
vt 0.151068 0.109729
vt 0.157299 0.109729
vt 0.144838 0.109729
vt 0.138607 0.109729
vt 0.132376 0.109729
vt 0.126145 0.109729
vt 0.120179 0.109729
vt 0.113683 0.109729
vt 0.107452 0.109729
vt 0.101222 0.109729
vt 0.151068 0.118873
vt 0.157299 0.118873
vt 0.144838 0.118873
vt 0.138607 0.118873
vt 0.132376 0.118873
vt 0.126145 0.118873
vt 0.120179 0.118873
vt 0.113683 0.118873
vt 0.107452 0.118873
vt 0.101222 0.118873
vt 0.151068 0.128018
vt 0.157299 0.128018
vt 0.144838 0.128018
vt 0.138607 0.128018
vt 0.132376 0.128018
vt 0.126145 0.128018
vt 0.120179 0.128018
vt 0.113683 0.128018
vt 0.107452 0.128018
vt 0.101222 0.128018
vt 0.151068 0.137162
vt 0.157299 0.137162
vt 0.144838 0.137162
vt 0.138607 0.137162
vt 0.132376 0.137162
vt 0.126145 0.137162
vt 0.120179 0.137162
vt 0.113683 0.137162
vt 0.107452 0.137162
vt 0.101222 0.137162
vt 0.098106 0.141734
vt 0.101222 0.141734
vt 0.159247 0.000000
vt 0.163530 0.000000
vt 0.163530 0.004572
vt 0.154963 0.000000
vt 0.163530 0.009144
vt 0.163530 0.013716
vt 0.163530 0.018288
vt 0.150679 0.000000
vt 0.146395 0.000000
vt 0.137828 0.000000
vt 0.142112 0.000000
vt 0.129260 0.000000
vt 0.133544 0.000000
vt 0.163530 0.022860
vt 0.163530 0.027432
vt 0.163530 0.032004
vt 0.163530 0.036576
vt 0.163530 0.041148
vt 0.163530 0.045721
vt 0.163530 0.050293
vt 0.163530 0.054865
vt 0.163530 0.059437
vt 0.163530 0.064009
vt 0.163530 0.068581
vt 0.163530 0.073153
vt 0.124977 0.000000
vt 0.116409 0.000000
vt 0.120693 0.000000
vt 0.112126 0.000000
vt 0.103558 0.000000
vt 0.107842 0.000000
vt 0.094991 0.004580
vt 0.094991 0.000000
vt 0.099274 0.000000
vt 0.101222 0.009144
vt 0.094991 0.018288
vt 0.094991 0.013716
vt 0.094991 0.009159
vt 0.094991 0.022860
vt 0.094991 0.027432
vt 0.094991 0.032004
vt 0.094991 0.050293
vt 0.094991 0.045721
vt 0.094991 0.041149
vt 0.094991 0.036576
vt 0.094991 0.059434
vt 0.094991 0.054865
vt 0.094991 0.068577
vt 0.094991 0.064004
vt 0.163530 0.077725
vt 0.163530 0.082297
vt 0.163530 0.086869
vt 0.163530 0.091441
vt 0.163530 0.096013
vt 0.163530 0.100585
vt 0.163530 0.105157
vt 0.163530 0.109729
vt 0.163530 0.114301
vt 0.163530 0.118873
vt 0.163530 0.123445
vt 0.163530 0.128018
vt 0.163530 0.132590
vt 0.163530 0.137162
vt 0.159247 0.146306
vt 0.163530 0.141734
vt 0.163530 0.146306
vt 0.154963 0.146306
vt 0.146395 0.146306
vt 0.137828 0.146306
vt 0.129260 0.146306
vt 0.120693 0.146306
vt 0.094991 0.077730
vt 0.094991 0.073153
vt 0.094991 0.082304
vt 0.094991 0.086877
vt 0.094991 0.105157
vt 0.094991 0.100585
vt 0.094991 0.096019
vt 0.094991 0.091448
vt 0.094991 0.114296
vt 0.094991 0.109727
vt 0.094991 0.118866
vt 0.094991 0.123436
vt 0.112126 0.146306
vt 0.103558 0.146306
vt 0.099274 0.146306
vt 0.098106 0.137162
vt 0.094991 0.137152
vt 0.094991 0.132579
vt 0.094991 0.128007
vt 0.094991 0.141727
vt 0.094991 0.146306
vt 0.097133 0.146306
vt 0.433772 0.429448
vt 0.426361 0.429448
vt 0.426361 0.419562
vt 0.418951 0.429448
vt 0.433772 0.447960
vt 0.418951 0.447960
vt 0.433772 0.465752
vt 0.418951 0.482892
vt 0.433772 0.482892
vt 0.433772 0.498814
vt 0.418951 0.514737
vt 0.433772 0.514737
vt 0.418951 0.530660
vt 0.433772 0.530660
vt 0.418951 0.545835
vt 0.433772 0.545835
vt 0.433772 0.562136
vt 0.433772 0.576662
vt 0.418951 0.562136
vt 0.433772 0.590962
vt 0.418951 0.576662
vt 0.418951 0.605085
vt 0.433772 0.605085
vt 0.418951 0.619079
vt 0.433772 0.619079
vt 0.433772 0.632988
vt 0.433772 0.646859
vt 0.418951 0.632988
vt 0.433772 0.660733
vt 0.418951 0.646859
vt 0.418951 0.674655
vt 0.433772 0.674655
vt 0.418951 0.688670
vt 0.433772 0.688670
vt 0.433772 0.702822
vt 0.418951 0.717159
vt 0.433772 0.717159
vt 0.433772 0.731730
vt 0.433772 0.746587
vt 0.418951 0.731730
vt 0.418951 0.761788
vt 0.433772 0.761788
vt 0.433772 0.777391
vt 0.433772 0.793466
vt 0.418951 0.777391
vt 0.433772 0.810083
vt 0.418951 0.793466
vt 0.418951 0.827327
vt 0.433772 0.827327
vt 0.433772 0.845287
vt 0.433772 0.864581
vt 0.418951 0.845287
vt 0.418951 0.883874
vt 0.433772 0.883874
vt 0.441176 0.429448
vt 0.448579 0.429448
vt 0.448579 0.447960
vt 0.448579 0.465752
vt 0.448579 0.482892
vt 0.448579 0.498814
vt 0.448579 0.514737
vt 0.448579 0.545835
vt 0.448579 0.562136
vt 0.448579 0.576662
vt 0.448579 0.590962
vt 0.448579 0.605085
vt 0.448579 0.619079
vt 0.448579 0.632988
vt 0.448579 0.646859
vt 0.448579 0.660733
vt 0.448579 0.674655
vt 0.448579 0.688670
vt 0.448579 0.702822
vt 0.448579 0.717159
vt 0.448579 0.731730
vt 0.448579 0.746587
vt 0.448579 0.761788
vt 0.448579 0.777391
vt 0.448579 0.793466
vt 0.448579 0.810083
vt 0.448579 0.827327
vt 0.448579 0.845287
vt 0.448579 0.864581
vt 0.448579 0.883874
vt 0.463373 0.447960
vt 0.463373 0.465752
vt 0.463373 0.482892
vt 0.463373 0.498814
vt 0.455976 0.545835
vt 0.463373 0.545835
vt 0.463373 0.562136
vt 0.463373 0.576662
vt 0.463373 0.590962
vt 0.463373 0.605085
vt 0.463373 0.619079
vt 0.463373 0.632988
vt 0.463373 0.646859
vt 0.463373 0.660733
vt 0.463373 0.674655
vt 0.463373 0.688670
vt 0.463373 0.702822
vt 0.463373 0.717159
vt 0.463373 0.731730
vt 0.463373 0.746587
vt 0.463373 0.761788
vt 0.463373 0.777391
vt 0.463373 0.793466
vt 0.463373 0.810083
vt 0.463373 0.827327
vt 0.463373 0.845287
vt 0.463373 0.864581
vt 0.463373 0.883874
vt 0.470770 0.447960
vt 0.478166 0.438704
vt 0.478166 0.447960
vt 0.463373 0.438704
vt 0.470770 0.438704
vt 0.478166 0.465752
vt 0.478166 0.482892
vt 0.478166 0.498814
vt 0.470770 0.545835
vt 0.478166 0.545835
vt 0.478166 0.562136
vt 0.478166 0.576662
vt 0.478166 0.590962
vt 0.478166 0.605085
vt 0.478166 0.619079
vt 0.478166 0.632988
vt 0.478166 0.646859
vt 0.478166 0.660733
vt 0.478166 0.674655
vt 0.478166 0.688670
vt 0.478166 0.702822
vt 0.478166 0.717159
vt 0.478166 0.731730
vt 0.478166 0.746587
vt 0.478166 0.761788
vt 0.478166 0.777391
vt 0.478166 0.793466
vt 0.478166 0.810083
vt 0.478166 0.827327
vt 0.478166 0.845287
vt 0.478166 0.864581
vt 0.478166 0.883874
vt 0.492960 0.447960
vt 0.485563 0.438704
vt 0.492960 0.438704
vt 0.485563 0.447960
vt 0.492960 0.465752
vt 0.492960 0.482892
vt 0.492960 0.498814
vt 0.478166 0.514737
vt 0.492960 0.514737
vt 0.478166 0.522699
vt 0.492960 0.530660
vt 0.478166 0.530660
vt 0.478166 0.538248
vt 0.492960 0.545835
vt 0.492960 0.562136
vt 0.492960 0.576662
vt 0.492960 0.590962
vt 0.492960 0.605085
vt 0.492960 0.619079
vt 0.492960 0.632988
vt 0.492960 0.646859
vt 0.492960 0.660733
vt 0.492960 0.674655
vt 0.492960 0.688670
vt 0.492960 0.702822
vt 0.492960 0.717159
vt 0.492960 0.731730
vt 0.492960 0.746587
vt 0.492960 0.761788
vt 0.492960 0.777391
vt 0.492960 0.793466
vt 0.492960 0.810083
vt 0.492960 0.827327
vt 0.492960 0.845287
vt 0.492960 0.864581
vt 0.492960 0.883874
vt 0.507753 0.447960
vt 0.500357 0.438704
vt 0.507753 0.438704
vt 0.500357 0.447960
vt 0.507753 0.465752
vt 0.507753 0.482892
vt 0.507753 0.498814
vt 0.507753 0.514737
vt 0.507753 0.530660
vt 0.507753 0.545835
vt 0.507753 0.562136
vt 0.507753 0.576662
vt 0.507753 0.590962
vt 0.507753 0.605085
vt 0.507753 0.619079
vt 0.507753 0.632988
vt 0.507753 0.646859
vt 0.507753 0.660733
vt 0.507753 0.674655
vt 0.507753 0.688670
vt 0.507753 0.702822
vt 0.507753 0.717159
vt 0.507753 0.731730
vt 0.507753 0.746587
vt 0.507753 0.761788
vt 0.507753 0.777391
vt 0.507753 0.793466
vt 0.507753 0.810083
vt 0.507753 0.827327
vt 0.507753 0.845287
vt 0.507753 0.864581
vt 0.507753 0.883874
vt 0.515150 0.438704
vt 0.515150 0.447960
vt 0.404090 0.414635
vt 0.404090 0.397224
vt 0.407305 0.399815
vt 0.410601 0.402319
vt 0.413978 0.404733
vt 0.404090 0.431285
vt 0.418951 0.419562
vt 0.417437 0.407059
vt 0.404090 0.447258
vt 0.420978 0.409295
vt 0.424601 0.411443
vt 0.428304 0.413502
vt 0.432088 0.415474
vt 0.435557 0.417172
vt 0.404090 0.477465
vt 0.418951 0.465752
vt 0.418951 0.498814
vt 0.404090 0.505765
vt 0.404090 0.491826
vt 0.404090 0.462629
vt 0.404090 0.519332
vt 0.404090 0.532570
vt 0.404090 0.545521
vt 0.404090 0.558223
vt 0.439087 0.418796
vt 0.442678 0.420346
vt 0.446330 0.421822
vt 0.450042 0.423224
vt 0.453815 0.424553
vt 0.457726 0.425832
vt 0.461542 0.426989
vt 0.465172 0.428009
vt 0.468840 0.428964
vt 0.472548 0.429853
vt 0.458115 0.515932
vt 0.454496 0.517740
vt 0.451597 0.520984
vt 0.449779 0.525423
vt 0.449629 0.530463
vt 0.451240 0.535201
vt 0.462032 0.515561
vt 0.469819 0.518610
vt 0.466007 0.516412
vt 0.457811 0.541469
vt 0.454094 0.538993
vt 0.469604 0.540974
vt 0.472653 0.538267
vt 0.465881 0.542399
vt 0.461871 0.542536
vt 0.404090 0.570711
vt 0.418951 0.590962
vt 0.404090 0.595177
vt 0.404090 0.583019
vt 0.404090 0.607216
vt 0.404090 0.619165
vt 0.404090 0.642904
vt 0.404090 0.631052
vt 0.404090 0.654749
vt 0.418951 0.660733
vt 0.404090 0.666613
vt 0.404090 0.678524
vt 0.404090 0.690509
vt 0.418951 0.702822
vt 0.404090 0.702598
vt 0.404090 0.714818
vt 0.404090 0.739781
vt 0.404090 0.727202
vt 0.404090 0.765663
vt 0.404090 0.779042
vt 0.404090 0.806888
vt 0.418951 0.810083
vt 0.404090 0.792768
vt 0.404090 0.752589
vt 0.418951 0.746587
vt 0.404090 0.821453
vt 0.404090 0.836519
vt 0.404090 0.852149
vt 0.418951 0.864581
vt 0.404090 0.868412
vt 0.404090 0.885389
vt 0.411494 0.903168
vt 0.404090 0.903168
vt 0.418897 0.903168
vt 0.426301 0.903168
vt 0.441108 0.903168
vt 0.433704 0.903168
vt 0.455915 0.903168
vt 0.470722 0.903168
vt 0.463319 0.903168
vt 0.448511 0.903168
vt 0.476295 0.430676
vt 0.480106 0.431438
vt 0.483973 0.432137
vt 0.487846 0.432763
vt 0.495472 0.433790
vt 0.491674 0.433312
vt 0.499287 0.434204
vt 0.503120 0.434555
vt 0.506970 0.434842
vt 0.510838 0.435065
vt 0.472961 0.522167
vt 0.474987 0.526732
vt 0.474728 0.534514
vt 0.475491 0.530289
vt 0.522547 0.506408
vt 0.522547 0.491170
vt 0.522547 0.535996
vt 0.522547 0.557443
vt 0.522547 0.521347
vt 0.522547 0.475624
vt 0.514724 0.435223
vt 0.522547 0.443571
vt 0.518626 0.435318
vt 0.522547 0.459761
vt 0.522547 0.513914
vt 0.522547 0.498827
vt 0.522547 0.467733
vt 0.522547 0.435350
vt 0.522547 0.451708
vt 0.522547 0.483436
vt 0.522547 0.585099
vt 0.522547 0.591851
vt 0.522547 0.578282
vt 0.522547 0.598540
vt 0.522547 0.611735
vt 0.522547 0.605168
vt 0.522547 0.550362
vt 0.522547 0.543214
vt 0.522547 0.571402
vt 0.522547 0.564455
vt 0.522547 0.528707
vt 0.522547 0.637406
vt 0.522547 0.668280
vt 0.522547 0.656057
vt 0.522547 0.693505
vt 0.522547 0.726856
vt 0.522547 0.713262
vt 0.522547 0.680738
vt 0.522547 0.755116
vt 0.522547 0.784904
vt 0.522547 0.769811
vt 0.522547 0.816347
vt 0.522547 0.841100
vt 0.522547 0.849587
vt 0.522547 0.832733
vt 0.522547 0.800410
vt 0.522547 0.740802
vt 0.485529 0.903168
vt 0.478126 0.903168
vt 0.500336 0.903168
vt 0.492933 0.903168
vt 0.522547 0.866929
vt 0.522547 0.875790
vt 0.522547 0.858196
vt 0.507740 0.903168
vt 0.515143 0.903168
vt 0.522547 0.893907
vt 0.522547 0.903168
vt 0.522547 0.884782
vt 0.522547 0.624687
vt 0.522547 0.687082
vt 0.522547 0.674471
vt 0.522547 0.720016
vt 0.522547 0.700009
vt 0.522547 0.706594
vt 0.522547 0.643679
vt 0.522547 0.631076
vt 0.522547 0.618241
vt 0.522547 0.662164
vt 0.522547 0.649896
vt 0.522547 0.808324
vt 0.522547 0.792604
vt 0.522547 0.824483
vt 0.522547 0.733784
vt 0.522547 0.777307
vt 0.522547 0.762415
vt 0.522547 0.747912
vt 0.274112 0.522837
vt 0.267186 0.511830
vt 0.267186 0.522837
vt 0.267186 0.544850
vt 0.253334 0.522837
vt 0.253334 0.544850
vt 0.239483 0.522837
vt 0.239483 0.544850
vt 0.225631 0.522837
vt 0.225631 0.544850
vt 0.267186 0.566863
vt 0.253334 0.566863
vt 0.239483 0.566863
vt 0.225631 0.566863
vt 0.267186 0.589369
vt 0.253334 0.589369
vt 0.239483 0.589369
vt 0.225631 0.589369
vt 0.280319 0.507634
vt 0.280319 0.500823
vt 0.276035 0.500823
vt 0.274112 0.511830
vt 0.271752 0.500823
vt 0.267468 0.500823
vt 0.263184 0.500823
vt 0.258900 0.500823
vt 0.280319 0.514419
vt 0.280319 0.521190
vt 0.280319 0.527961
vt 0.254617 0.500823
vt 0.250333 0.500823
vt 0.246049 0.500823
vt 0.241765 0.500823
vt 0.237482 0.500823
vt 0.233198 0.500823
vt 0.228914 0.500823
vt 0.224631 0.500823
vt 0.220347 0.500823
vt 0.216063 0.500823
vt 0.211779 0.500823
vt 0.211779 0.528070
vt 0.280319 0.555241
vt 0.280319 0.548382
vt 0.280319 0.534746
vt 0.280319 0.541551
vt 0.280319 0.562096
vt 0.280319 0.602953
vt 0.280319 0.596129
vt 0.280319 0.589323
vt 0.280319 0.568922
vt 0.280319 0.582526
vt 0.280319 0.575729
vt 0.280319 0.609803
vt 0.263184 0.609803
vt 0.211779 0.582550
vt 0.211779 0.555313
vt 0.246049 0.609803
vt 0.228914 0.609803
vt 0.211779 0.609803
vt 0.538872 0.429448
vt 0.553694 0.409676
vt 0.553694 0.429448
vt 0.538872 0.447960
vt 0.553694 0.447960
vt 0.553694 0.465752
vt 0.553694 0.482892
vt 0.538872 0.465752
vt 0.553694 0.498814
vt 0.538872 0.482892
vt 0.553694 0.514737
vt 0.538872 0.498814
vt 0.553694 0.530660
vt 0.538872 0.514737
vt 0.538872 0.545835
vt 0.553694 0.545835
vt 0.553694 0.562136
vt 0.553694 0.576662
vt 0.538872 0.562136
vt 0.538872 0.590962
vt 0.553694 0.590962
vt 0.553694 0.605085
vt 0.553694 0.619079
vt 0.538872 0.605085
vt 0.538872 0.632988
vt 0.553694 0.632988
vt 0.553694 0.646859
vt 0.553694 0.660733
vt 0.538872 0.646859
vt 0.553694 0.674655
vt 0.538872 0.660733
vt 0.553694 0.688670
vt 0.538872 0.674655
vt 0.538872 0.702822
vt 0.553694 0.702822
vt 0.538872 0.717159
vt 0.553694 0.717159
vt 0.538872 0.731730
vt 0.553694 0.731730
vt 0.538872 0.746587
vt 0.553694 0.746587
vt 0.553694 0.761788
vt 0.538872 0.777391
vt 0.553694 0.777391
vt 0.538872 0.793466
vt 0.553694 0.793466
vt 0.553694 0.810083
vt 0.538872 0.827327
vt 0.553694 0.827327
vt 0.538872 0.845287
vt 0.553694 0.845287
vt 0.546283 0.864581
vt 0.538872 0.864581
vt 0.553694 0.864581
vt 0.538872 0.874227
vt 0.546283 0.874227
vt 0.553694 0.874227
vt 0.568501 0.429448
vt 0.568501 0.409676
vt 0.568501 0.447960
vt 0.568501 0.465752
vt 0.568501 0.482892
vt 0.568501 0.498814
vt 0.568501 0.514737
vt 0.568501 0.530660
vt 0.568501 0.545835
vt 0.568501 0.562136
vt 0.568501 0.576662
vt 0.568501 0.583812
vt 0.568501 0.590962
vt 0.568501 0.619079
vt 0.568501 0.632988
vt 0.568501 0.646859
vt 0.568501 0.660733
vt 0.568501 0.674655
vt 0.568501 0.688670
vt 0.568501 0.702822
vt 0.568501 0.717159
vt 0.568501 0.731730
vt 0.568501 0.746587
vt 0.568501 0.761788
vt 0.568501 0.777391
vt 0.568501 0.793466
vt 0.568501 0.810083
vt 0.568501 0.827327
vt 0.568501 0.845287
vt 0.561097 0.864581
vt 0.568501 0.864581
vt 0.583294 0.409676
vt 0.583294 0.429448
vt 0.583294 0.447960
vt 0.583294 0.465752
vt 0.583294 0.482892
vt 0.583294 0.498814
vt 0.583294 0.514737
vt 0.583294 0.530660
vt 0.583294 0.545835
vt 0.583294 0.562136
vt 0.575897 0.576662
vt 0.583294 0.576662
vt 0.575897 0.583812
vt 0.583294 0.583812
vt 0.583294 0.646859
vt 0.583294 0.632988
vt 0.583294 0.660733
vt 0.583294 0.674655
vt 0.583294 0.688670
vt 0.583294 0.702822
vt 0.583294 0.717159
vt 0.583294 0.731730
vt 0.583294 0.746587
vt 0.583294 0.761788
vt 0.583294 0.777391
vt 0.583294 0.793466
vt 0.583294 0.810083
vt 0.583294 0.827327
vt 0.583294 0.845287
vt 0.598088 0.409676
vt 0.598088 0.429448
vt 0.598088 0.447960
vt 0.598088 0.465752
vt 0.598088 0.482892
vt 0.598088 0.498814
vt 0.598088 0.514737
vt 0.598088 0.530660
vt 0.598088 0.545835
vt 0.598088 0.562136
vt 0.598088 0.576662
vt 0.598088 0.632988
vt 0.598088 0.646859
vt 0.598088 0.660733
vt 0.598088 0.674655
vt 0.598088 0.688670
vt 0.598088 0.702822
vt 0.598088 0.717159
vt 0.598088 0.731730
vt 0.598088 0.746587
vt 0.598088 0.761788
vt 0.598088 0.777391
vt 0.598088 0.793466
vt 0.598088 0.810083
vt 0.598088 0.827327
vt 0.590691 0.845287
vt 0.598088 0.845287
vt 0.590691 0.854934
vt 0.598088 0.854934
vt 0.612881 0.429448
vt 0.612881 0.409676
vt 0.612881 0.447960
vt 0.612881 0.465752
vt 0.612881 0.482892
vt 0.612881 0.498814
vt 0.612881 0.514737
vt 0.612881 0.530660
vt 0.612881 0.545835
vt 0.612881 0.562136
vt 0.612881 0.576662
vt 0.612881 0.590962
vt 0.598088 0.612082
vt 0.598088 0.605085
vt 0.612881 0.605085
vt 0.612881 0.619079
vt 0.598088 0.619079
vt 0.612881 0.632988
vt 0.612881 0.646859
vt 0.612881 0.660733
vt 0.612881 0.674655
vt 0.612881 0.688670
vt 0.612881 0.702822
vt 0.612881 0.717159
vt 0.612881 0.731730
vt 0.612881 0.746587
vt 0.612881 0.761788
vt 0.612881 0.777391
vt 0.612881 0.793466
vt 0.612881 0.810083
vt 0.612881 0.827327
vt 0.605484 0.845287
vt 0.612881 0.845287
vt 0.605484 0.854934
vt 0.612881 0.854934
vt 0.627675 0.409676
vt 0.627675 0.429448
vt 0.627675 0.447960
vt 0.627675 0.465752
vt 0.627675 0.482892
vt 0.627675 0.498814
vt 0.627675 0.514737
vt 0.627675 0.530660
vt 0.627675 0.545835
vt 0.627675 0.562136
vt 0.627675 0.576662
vt 0.627675 0.590962
vt 0.627675 0.605085
vt 0.627675 0.619079
vt 0.627675 0.632988
vt 0.627675 0.646859
vt 0.627675 0.660733
vt 0.627675 0.674655
vt 0.627675 0.688670
vt 0.627675 0.702822
vt 0.627675 0.717159
vt 0.627675 0.731730
vt 0.627675 0.746587
vt 0.627675 0.761788
vt 0.627675 0.777391
vt 0.627675 0.793466
vt 0.627675 0.810083
vt 0.627675 0.827327
vt 0.620278 0.845287
vt 0.627675 0.845287
vt 0.620278 0.854934
vt 0.627675 0.854934
vt 0.531415 0.389225
vt 0.524012 0.407004
vt 0.524012 0.389225
vt 0.524012 0.440244
vt 0.524012 0.423980
vt 0.538872 0.409676
vt 0.524012 0.470940
vt 0.524012 0.455874
vt 0.524012 0.485505
vt 0.524012 0.499625
vt 0.538819 0.389225
vt 0.546222 0.389225
vt 0.524012 0.513351
vt 0.524012 0.526730
vt 0.538872 0.530660
vt 0.524012 0.552612
vt 0.524012 0.539804
vt 0.524012 0.565191
vt 0.538872 0.576662
vt 0.524012 0.577574
vt 0.524012 0.601884
vt 0.524012 0.589795
vt 0.524012 0.613869
vt 0.538872 0.619079
vt 0.524012 0.625780
vt 0.553626 0.389225
vt 0.561029 0.389225
vt 0.568433 0.389225
vt 0.575836 0.389225
vt 0.583240 0.389225
vt 0.590644 0.389225
vt 0.598088 0.590962
vt 0.588205 0.592518
vt 0.580499 0.590289
vt 0.583231 0.590517
vt 0.577800 0.590700
vt 0.570185 0.597518
vt 0.569369 0.602578
vt 0.573153 0.593261
vt 0.570173 0.607598
vt 0.572710 0.612078
vt 0.575299 0.591707
vt 0.576567 0.615678
vt 0.581722 0.617455
vt 0.587155 0.617081
vt 0.589643 0.616043
vt 0.524012 0.637644
vt 0.524012 0.649489
vt 0.524012 0.661341
vt 0.524012 0.685177
vt 0.538872 0.688670
vt 0.524012 0.709374
vt 0.524012 0.697216
vt 0.524012 0.673228
vt 0.524012 0.721682
vt 0.524012 0.734170
vt 0.524012 0.746872
vt 0.524012 0.773061
vt 0.538872 0.761788
vt 0.524012 0.759823
vt 0.524012 0.786628
vt 0.524012 0.800567
vt 0.524012 0.829764
vt 0.524012 0.845135
vt 0.538872 0.810083
vt 0.524012 0.814928
vt 0.524012 0.877758
vt 0.524012 0.861108
vt 0.537808 0.885055
vt 0.527413 0.892434
vt 0.524012 0.895169
vt 0.534314 0.887384
vt 0.530848 0.889842
vt 0.583294 0.854934
vt 0.585136 0.864339
vt 0.588889 0.863362
vt 0.592655 0.862462
vt 0.581395 0.865393
vt 0.544872 0.880759
vt 0.552028 0.876913
vt 0.559266 0.873481
vt 0.555637 0.875147
vt 0.541327 0.882848
vt 0.548439 0.878782
vt 0.566578 0.870433
vt 0.577669 0.866527
vt 0.573956 0.867744
vt 0.562913 0.871910
vt 0.570259 0.869045
vt 0.598047 0.389225
vt 0.605451 0.389225
vt 0.612854 0.389225
vt 0.620258 0.389225
vt 0.627661 0.389225
vt 0.635065 0.389225
vt 0.642468 0.442806
vt 0.642468 0.476046
vt 0.642468 0.459660
vt 0.642468 0.507489
vt 0.642468 0.537277
vt 0.642468 0.544480
vt 0.642468 0.522581
vt 0.642468 0.529978
vt 0.642468 0.491983
vt 0.642468 0.416602
vt 0.642468 0.425464
vt 0.594485 0.600583
vt 0.592067 0.596068
vt 0.594534 0.610312
vt 0.591771 0.614503
vt 0.595348 0.605463
vt 0.642468 0.585799
vt 0.642468 0.572377
vt 0.642468 0.611655
vt 0.642468 0.617922
vt 0.642468 0.598888
vt 0.642468 0.551591
vt 0.642468 0.558609
vt 0.642468 0.398486
vt 0.642468 0.389225
vt 0.642468 0.407611
vt 0.642468 0.434197
vt 0.642468 0.451293
vt 0.642468 0.467910
vt 0.642468 0.499789
vt 0.642468 0.484069
vt 0.642468 0.515086
vt 0.642468 0.565537
vt 0.642468 0.579131
vt 0.642468 0.592384
vt 0.642468 0.605311
vt 0.642468 0.624113
vt 0.642468 0.630229
vt 0.642468 0.667705
vt 0.642468 0.654987
vt 0.642468 0.693852
vt 0.642468 0.700542
vt 0.642468 0.720991
vt 0.642468 0.727937
vt 0.642468 0.707294
vt 0.642468 0.714110
vt 0.642468 0.680658
vt 0.642468 0.687225
vt 0.642468 0.756397
vt 0.642468 0.785985
vt 0.642468 0.771046
vt 0.642468 0.816768
vt 0.642468 0.824660
vt 0.642468 0.848822
vt 0.634722 0.857165
vt 0.642468 0.832632
vt 0.642468 0.840685
vt 0.642468 0.801223
vt 0.642468 0.808956
vt 0.642468 0.742031
vt 0.604019 0.860200
vt 0.607828 0.859588
vt 0.611646 0.859045
vt 0.596432 0.861635
vt 0.600220 0.860882
vt 0.615473 0.858569
vt 0.623151 0.857815
vt 0.630858 0.857319
vt 0.619308 0.858159
vt 0.627001 0.857535
vt 0.642468 0.642497
vt 0.642468 0.648714
vt 0.642468 0.674152
vt 0.642468 0.661317
vt 0.642468 0.734950
vt 0.642468 0.763686
vt 0.642468 0.778479
vt 0.642468 0.793566
vt 0.642468 0.749179
vt 0.638592 0.857074
vt 0.642468 0.857043
vt 0.642468 0.636336
vt 0.488491 0.070310
vt 0.488491 0.105465
vt 0.452969 0.087887
vt 0.452969 0.105465
vt 0.452969 0.070310
vt 0.524012 0.070310
vt 0.524012 0.123042
vt 0.488491 0.123042
vt 0.417448 0.035155
vt 0.452969 0.052732
vt 0.417448 0.052732
vt 0.417448 0.070310
vt 0.417448 0.017577
vt 0.452969 0.035155
vt 0.488491 0.026366
vt 0.488491 0.035155
vt 0.452969 0.017577
vt 0.488491 0.017577
vt 0.506251 0.035155
vt 0.488491 0.052732
vt 0.524012 0.035155
vt 0.524012 0.052732
vt 0.559533 0.070310
vt 0.541772 0.035155
vt 0.559533 0.035155
vt 0.559533 0.052732
vt 0.577293 0.035155
vt 0.595054 0.035155
vt 0.595054 0.052732
vt 0.595054 0.070310
vt 0.541772 0.026366
vt 0.577293 0.017577
vt 0.559533 0.017577
vt 0.559533 0.008789
vt 0.559533 0.026366
vt 0.577293 0.026366
vt 0.595054 0.026366
vt 0.612814 0.035155
vt 0.612814 0.026366
vt 0.630575 0.035155
vt 0.630575 0.070310
vt 0.630575 0.052732
vt 0.524012 0.105465
vt 0.559533 0.123042
vt 0.559533 0.105465
vt 0.595054 0.087887
vt 0.595054 0.105465
vt 0.623010 0.006913
vt 0.624117 0.000000
vt 0.666096 0.000000
vt 0.619800 0.013150
vt 0.665555 0.012256
vt 0.578908 0.000000
vt 0.580014 0.006913
vt 0.583225 0.013150
vt 0.549845 0.000000
vt 0.588226 0.018099
vt 0.544912 0.015028
vt 0.630575 0.026366
vt 0.608497 0.021276
vt 0.614799 0.018099
vt 0.663938 0.024418
vt 0.661255 0.036395
vt 0.601512 0.022371
vt 0.594527 0.021276
vt 0.539196 0.020684
vt 0.548581 0.007901
vt 0.508827 0.020684
vt 0.503112 0.015028
vt 0.499443 0.007901
vt 0.382468 0.012256
vt 0.381927 0.000000
vt 0.498178 0.000000
vt 0.384086 0.024418
vt 0.531995 0.024316
vt 0.524012 0.025567
vt 0.516029 0.024316
vt 0.506251 0.026366
vt 0.657527 0.048095
vt 0.647060 0.070310
vt 0.652784 0.059428
vt 0.640400 0.080656
vt 0.624481 0.099433
vt 0.615342 0.107721
vt 0.632855 0.090389
vt 0.595054 0.121780
vt 0.605508 0.115189
vt 0.572607 0.132139
vt 0.584059 0.127445
vt 0.560786 0.135828
vt 0.548684 0.138483
vt 0.536395 0.140085
vt 0.524012 0.140620
vt 0.511628 0.140085
vt 0.390496 0.048095
vt 0.407623 0.080656
vt 0.395239 0.059428
vt 0.386769 0.036395
vt 0.400963 0.070310
vt 0.415169 0.090389
vt 0.423543 0.099433
vt 0.452969 0.121780
vt 0.487238 0.135828
vt 0.475416 0.132139
vt 0.463964 0.127445
vt 0.499339 0.138483
vt 0.432682 0.107721
vt 0.442515 0.115189
vt 0.159662 0.755649
vt 0.177239 0.791170
vt 0.159662 0.791170
vt 0.194817 0.826692
vt 0.177239 0.826692
vt 0.177239 0.755649
vt 0.194817 0.791170
vt 0.212394 0.826692
vt 0.159662 0.720128
vt 0.212394 0.649086
vt 0.212394 0.684607
vt 0.194817 0.684607
vt 0.177239 0.720128
vt 0.194817 0.755649
vt 0.177239 0.684607
vt 0.194817 0.720128
vt 0.229972 0.684607
vt 0.229972 0.862213
vt 0.212394 0.862213
vt 0.282704 0.678149
vt 0.269729 0.614171
vt 0.282704 0.613565
vt 0.256865 0.615984
vt 0.254996 0.683382
vt 0.244222 0.618989
vt 0.268610 0.679468
vt 0.229972 0.649086
vt 0.231906 0.623160
vt 0.220025 0.628461
vt 0.208677 0.634847
vt 0.242326 0.689757
vt 0.231031 0.698376
vt 0.221495 0.708945
vt 0.214044 0.721104
vt 0.208930 0.734440
vt 0.197962 0.642263
vt 0.178785 0.659928
vt 0.187969 0.650648
vt 0.170487 0.670024
vt 0.156827 0.692317
vt 0.163147 0.680852
vt 0.206330 0.748498
vt 0.206330 0.762800
vt 0.147453 0.716766
vt 0.151580 0.704323
vt 0.142684 0.742539
vt 0.144479 0.729541
vt 0.229972 0.826692
vt 0.231031 0.812923
vt 0.242326 0.821542
vt 0.254996 0.827917
vt 0.214044 0.790194
vt 0.208930 0.776858
vt 0.221495 0.802354
vt 0.268610 0.831830
vt 0.256865 0.895315
vt 0.244222 0.892310
vt 0.269729 0.897128
vt 0.282704 0.833150
vt 0.282704 0.897734
vt 0.220025 0.882838
vt 0.231906 0.888139
vt 0.208677 0.876452
vt 0.163147 0.830447
vt 0.142684 0.768759
vt 0.142084 0.755649
vt 0.147453 0.794533
vt 0.144479 0.781757
vt 0.151580 0.806976
vt 0.178785 0.851371
vt 0.187969 0.860651
vt 0.197962 0.869035
vt 0.156827 0.818982
vt 0.170487 0.841274
vt 0.861851 0.018963
vt 0.871347 0.036744
vt 0.861851 0.036744
vt 0.852210 0.036744
vt 0.861851 0.054525
vt 0.871347 0.054525
vt 0.852210 0.054525
vt 0.871347 0.072306
vt 0.861851 0.072306
vt 0.852210 0.072306
vt 0.871347 0.089999
vt 0.861851 0.089999
vt 0.852210 0.089999
vt 0.871347 0.107294
vt 0.861851 0.107294
vt 0.852210 0.107294
vt 0.861851 0.124589
vt 0.871347 0.124589
vt 0.852210 0.124589
vt 0.871347 0.141884
vt 0.861851 0.141884
vt 0.852210 0.141884
vt 0.861851 0.159179
vt 0.871347 0.159179
vt 0.852210 0.159179
vt 0.861851 0.176475
vt 0.871347 0.176475
vt 0.852210 0.176475
vt 0.871347 0.193770
vt 0.861851 0.193770
vt 0.852210 0.193770
vt 0.871347 0.211065
vt 0.861851 0.211065
vt 0.852210 0.211065
vt 0.871347 0.228360
vt 0.861851 0.228360
vt 0.852210 0.228360
vt 0.861851 0.245655
vt 0.871347 0.245655
vt 0.852210 0.245655
vt 0.871347 0.264008
vt 0.861851 0.264008
vt 0.852210 0.264008
vt 0.871347 0.280245
vt 0.861851 0.280245
vt 0.852210 0.280245
vt 0.861851 0.299208
vt 0.871347 0.299208
vt 0.852210 0.299208
vt 0.871347 0.316989
vt 0.861851 0.316989
vt 0.852210 0.316989
vt 0.861851 0.334770
vt 0.871347 0.334770
vt 0.852210 0.334770
vt 0.861851 0.352551
vt 0.871347 0.352551
vt 0.852210 0.352551
vt 0.861851 0.370244
vt 0.871347 0.370244
vt 0.852210 0.370244
vt 0.861851 0.387539
vt 0.871347 0.387539
vt 0.852210 0.387539
vt 0.871347 0.404834
vt 0.861851 0.404834
vt 0.852210 0.404834
vt 0.861851 0.422130
vt 0.871347 0.422130
vt 0.852210 0.422130
vt 0.871347 0.439425
vt 0.861851 0.439425
vt 0.852210 0.439425
vt 0.852210 0.456720
vt 0.861851 0.456720
vt 0.880462 0.012060
vt 0.870989 0.000000
vt 0.880462 0.000000
vt 0.880462 0.024120
vt 0.871347 0.018963
vt 0.880462 0.048241
vt 0.880462 0.060301
vt 0.880462 0.084422
vt 0.880462 0.072361
vt 0.880462 0.096482
vt 0.880462 0.036181
vt 0.880462 0.120602
vt 0.880462 0.108542
vt 0.880462 0.132662
vt 0.880462 0.144723
vt 0.880462 0.156783
vt 0.880462 0.168843
vt 0.880462 0.180903
vt 0.880462 0.205024
vt 0.880462 0.217084
vt 0.880462 0.192963
vt 0.880462 0.241204
vt 0.880462 0.253265
vt 0.880462 0.265325
vt 0.861516 0.000000
vt 0.852210 0.018963
vt 0.852043 0.000000
vt 0.842570 0.049455
vt 0.842570 0.032970
vt 0.842570 0.082425
vt 0.842570 0.065940
vt 0.842570 0.098910
vt 0.842570 0.016485
vt 0.842570 0.000000
vt 0.842570 0.115395
vt 0.842570 0.131880
vt 0.842570 0.164850
vt 0.842570 0.148365
vt 0.842570 0.214305
vt 0.842570 0.230790
vt 0.842570 0.197820
vt 0.842570 0.181335
vt 0.842570 0.247275
vt 0.842570 0.263760
vt 0.842570 0.280245
vt 0.880462 0.277385
vt 0.880462 0.289445
vt 0.880462 0.301505
vt 0.880462 0.313566
vt 0.880462 0.325626
vt 0.880462 0.337686
vt 0.880462 0.349746
vt 0.880462 0.361806
vt 0.880462 0.373867
vt 0.880462 0.385927
vt 0.880462 0.397987
vt 0.880462 0.410047
vt 0.880462 0.422108
vt 0.880462 0.434168
vt 0.876240 0.451398
vt 0.880462 0.446228
vt 0.872259 0.456848
vt 0.865034 0.468675
vt 0.868522 0.462602
vt 0.861800 0.475068
vt 0.858822 0.481775
vt 0.856097 0.488778
vt 0.852210 0.491310
vt 0.853613 0.496057
vt 0.842570 0.296730
vt 0.842570 0.329700
vt 0.842570 0.313215
vt 0.842570 0.346185
vt 0.842570 0.379155
vt 0.842570 0.362670
vt 0.842570 0.395640
vt 0.842570 0.412125
vt 0.842570 0.428610
vt 0.842570 0.445095
vt 0.851375 0.503557
vt 0.842570 0.478065
vt 0.842570 0.461580
vt 0.842570 0.494550
vt 0.849407 0.511242
vt 0.842570 0.511035
vt 0.845304 0.535329
vt 0.842570 0.527520
vt 0.846359 0.527145
vt 0.847729 0.519109
vt 0.844566 0.543633
vt 0.842570 0.544005
vt 0.842570 0.560490
vt 0.844136 0.552029
vt 0.843998 0.560490
vt 0.979923 0.104150
vt 0.970283 0.104150
vt 0.970283 0.086876
vt 0.989420 0.120921
vt 0.979923 0.120921
vt 0.970283 0.120921
vt 0.979923 0.137692
vt 0.989420 0.137692
vt 0.970283 0.137692
vt 0.989420 0.154463
vt 0.979923 0.154463
vt 0.970283 0.154463
vt 0.989420 0.171234
vt 0.979923 0.171234
vt 0.970283 0.171234
vt 0.979923 0.188005
vt 0.989420 0.188005
vt 0.970283 0.188005
vt 0.989420 0.204776
vt 0.979923 0.204776
vt 0.970283 0.204776
vt 0.979923 0.221547
vt 0.989420 0.221547
vt 0.970283 0.221547
vt 0.989420 0.238318
vt 0.979923 0.238318
vt 0.970283 0.238318
vt 0.989420 0.255942
vt 0.979923 0.255942
vt 0.970283 0.255942
vt 0.979923 0.273637
vt 0.989420 0.273637
vt 0.970283 0.273637
vt 0.979923 0.289518
vt 0.989420 0.289518
vt 0.970283 0.289518
vt 0.989420 0.307290
vt 0.979923 0.307290
vt 0.970283 0.307290
vt 0.979923 0.324532
vt 0.989420 0.324532
vt 0.970283 0.324532
vt 0.989420 0.341775
vt 0.979923 0.341775
vt 0.970283 0.341775
vt 0.989420 0.359017
vt 0.979923 0.359017
vt 0.970283 0.359017
vt 0.989420 0.376009
vt 0.979923 0.376009
vt 0.970283 0.376009
vt 0.989420 0.392780
vt 0.979923 0.392780
vt 0.970283 0.392780
vt 0.979923 0.409551
vt 0.989420 0.409551
vt 0.970283 0.409551
vt 0.979923 0.426322
vt 0.989420 0.426322
vt 0.970283 0.426322
vt 0.979923 0.443093
vt 0.989420 0.443093
vt 0.970283 0.443093
vt 0.979923 0.459864
vt 0.989420 0.459864
vt 0.970283 0.459864
vt 0.989420 0.476635
vt 0.979923 0.476635
vt 0.970283 0.476635
vt 0.979923 0.493406
vt 0.989420 0.493406
vt 0.970283 0.493406
vt 0.979923 0.510177
vt 0.989420 0.510177
vt 0.970283 0.510177
vt 0.989420 0.526948
vt 0.979923 0.526948
vt 0.970283 0.526948
vt 0.989420 0.544764
vt 0.979923 0.544764
vt 0.970283 0.544764
vt 0.994313 0.109093
vt 0.998535 0.114262
vt 0.990333 0.103645
vt 0.998535 0.126323
vt 0.998535 0.150443
vt 0.998535 0.162503
vt 0.976899 0.078725
vt 0.979877 0.085431
vt 0.974172 0.071719
vt 0.960642 0.077846
vt 0.971686 0.064433
vt 0.983110 0.091823
vt 0.986597 0.097893
vt 0.960642 0.093415
vt 0.998535 0.174564
vt 0.998535 0.186624
vt 0.998535 0.198684
vt 0.998535 0.210744
vt 0.998535 0.234865
vt 0.998535 0.246925
vt 0.998535 0.258985
vt 0.998535 0.222804
vt 0.998535 0.271045
vt 0.998535 0.283105
vt 0.998535 0.295166
vt 0.964430 0.033334
vt 0.960642 0.031138
vt 0.963376 0.025153
vt 0.960642 0.015569
vt 0.962209 0.008459
vt 0.962639 0.016852
vt 0.969446 0.056927
vt 0.960642 0.062277
vt 0.967477 0.049238
vt 0.960642 0.046708
vt 0.965800 0.041369
vt 0.960642 0.108984
vt 0.960642 0.124553
vt 0.960642 0.000000
vt 0.962070 0.000000
vt 0.960642 0.155692
vt 0.960642 0.202399
vt 0.960642 0.186830
vt 0.960642 0.171261
vt 0.960642 0.233538
vt 0.960642 0.217969
vt 0.960642 0.264676
vt 0.960642 0.280245
vt 0.960642 0.249107
vt 0.960642 0.140123
vt 0.998535 0.319286
vt 0.998535 0.331346
vt 0.998535 0.307226
vt 0.998535 0.355467
vt 0.998535 0.343407
vt 0.998535 0.367527
vt 0.998535 0.379587
vt 0.998535 0.403708
vt 0.998535 0.415768
vt 0.998535 0.427828
vt 0.998535 0.439888
vt 0.998535 0.451948
vt 0.998535 0.464009
vt 0.998535 0.488129
vt 0.998535 0.476069
vt 0.998535 0.500189
vt 0.998535 0.512250
vt 0.998535 0.524310
vt 0.998535 0.536370
vt 0.998535 0.548430
vt 0.998535 0.560490
vt 0.989062 0.560490
vt 0.960642 0.311384
vt 0.960642 0.358091
vt 0.960642 0.342522
vt 0.960642 0.326953
vt 0.960642 0.389229
vt 0.960642 0.373660
vt 0.960642 0.420368
vt 0.960642 0.404799
vt 0.960642 0.435937
vt 0.960642 0.295814
vt 0.960642 0.451506
vt 0.960642 0.467075
vt 0.960642 0.498214
vt 0.960642 0.482645
vt 0.979589 0.560490
vt 0.970116 0.560490
vt 0.960642 0.513783
vt 0.960642 0.544921
vt 0.960642 0.529352
vt 0.960642 0.560490
vt 0.194796 0.511830
vt 0.201722 0.522837
vt 0.194796 0.522837
vt 0.180945 0.522837
vt 0.194796 0.544850
vt 0.180945 0.544850
vt 0.167093 0.522837
vt 0.167093 0.544850
vt 0.153242 0.522837
vt 0.153242 0.544850
vt 0.194796 0.566863
vt 0.180945 0.566863
vt 0.167093 0.566863
vt 0.153242 0.566863
vt 0.194796 0.589369
vt 0.180945 0.589369
vt 0.167093 0.589369
vt 0.153242 0.589369
vt 0.203646 0.500823
vt 0.201722 0.511830
vt 0.199362 0.500823
vt 0.195078 0.500823
vt 0.190795 0.500823
vt 0.182227 0.500823
vt 0.186511 0.500823
vt 0.207929 0.507634
vt 0.207929 0.500823
vt 0.207929 0.514416
vt 0.207929 0.521185
vt 0.207929 0.527954
vt 0.173660 0.500823
vt 0.177943 0.500823
vt 0.165092 0.500823
vt 0.169376 0.500823
vt 0.156525 0.500823
vt 0.160809 0.500823
vt 0.152241 0.500823
vt 0.147957 0.500823
vt 0.143674 0.500823
vt 0.141532 0.500823
vt 0.139390 0.528070
vt 0.139390 0.500823
vt 0.207929 0.555241
vt 0.207929 0.548376
vt 0.207929 0.534737
vt 0.207929 0.541542
vt 0.207929 0.562102
vt 0.207929 0.596133
vt 0.207929 0.589330
vt 0.207929 0.602955
vt 0.207929 0.568932
vt 0.207929 0.575739
vt 0.207929 0.582535
vt 0.207929 0.609803
vt 0.190795 0.609803
vt 0.139390 0.555313
vt 0.139390 0.582550
vt 0.173660 0.609803
vt 0.156525 0.609803
vt 0.139390 0.609803
vt 0.018165 0.505086
vt 0.022180 0.505669
vt 0.020197 0.503862
vt 0.017567 0.508903
vt 0.015307 0.507487
vt 0.017886 0.502512
vt 0.010871 0.505086
vt 0.015348 0.501677
vt 0.012694 0.506992
vt 0.021812 0.508776
vt 0.024834 0.510320
vt 0.023749 0.507853
vt 0.021812 0.516157
vt 0.025389 0.512962
vt 0.019169 0.511049
vt 0.019897 0.513636
vt 0.010041 0.501677
vt 0.012694 0.501395
vt 0.010081 0.507487
vt 0.007224 0.505086
vt 0.007503 0.502512
vt 0.005192 0.503862
vt 0.003209 0.505669
vt 0.003577 0.508776
vt 0.007821 0.508903
vt 0.005492 0.513636
vt 0.006220 0.511049
vt 0.000555 0.510320
vt 0.001640 0.507853
vt 0.003577 0.516157
vt 0.000000 0.512962
vt 0.024834 0.518303
vt 0.025389 0.515662
vt 0.021812 0.519848
vt 0.019651 0.516315
vt 0.018467 0.518723
vt 0.016502 0.520535
vt 0.018165 0.523538
vt 0.023749 0.520770
vt 0.022180 0.522955
vt 0.017886 0.526112
vt 0.020197 0.524762
vt 0.014023 0.521507
vt 0.015348 0.526946
vt 0.010871 0.523538
vt 0.012694 0.527229
vt 0.007224 0.523538
vt 0.006922 0.518723
vt 0.003577 0.519848
vt 0.005737 0.516315
vt 0.000555 0.518303
vt 0.000000 0.515662
vt 0.001640 0.520770
vt 0.008887 0.520535
vt 0.011365 0.521507
vt 0.007503 0.526112
vt 0.010041 0.526946
vt 0.003209 0.522955
vt 0.005192 0.524762
vt 0.084447 0.483163
vt 0.074199 0.480545
vt 0.074199 0.483163
vt 0.084447 0.480545
vt 0.074199 0.477928
vt 0.063951 0.477928
vt 0.063951 0.480545
vt 0.063951 0.483163
vt 0.084447 0.488200
vt 0.074199 0.485682
vt 0.074199 0.488200
vt 0.084447 0.485682
vt 0.063951 0.485682
vt 0.063951 0.488200
vt 0.084447 0.493209
vt 0.074199 0.490705
vt 0.074199 0.493209
vt 0.084447 0.490705
vt 0.063951 0.490705
vt 0.063951 0.493209
vt 0.084447 0.498218
vt 0.074199 0.495713
vt 0.074199 0.498218
vt 0.084447 0.495713
vt 0.063951 0.495713
vt 0.063951 0.498218
vt 0.084447 0.503453
vt 0.074199 0.500835
vt 0.074199 0.503453
vt 0.084447 0.500835
vt 0.063951 0.500835
vt 0.063951 0.503453
vt 0.084447 0.508490
vt 0.074199 0.505972
vt 0.074199 0.508490
vt 0.084447 0.505972
vt 0.063951 0.505972
vt 0.063951 0.508490
vt 0.084447 0.513499
vt 0.074199 0.510995
vt 0.074199 0.513499
vt 0.084447 0.510995
vt 0.063951 0.510995
vt 0.063951 0.513499
vt 0.084447 0.518508
vt 0.074199 0.516003
vt 0.074199 0.518508
vt 0.084447 0.516003
vt 0.084447 0.523743
vt 0.074199 0.521125
vt 0.074199 0.523743
vt 0.084447 0.521125
vt 0.084447 0.528780
vt 0.074199 0.526262
vt 0.074199 0.528780
vt 0.084447 0.526262
vt 0.084447 0.533789
vt 0.074199 0.531285
vt 0.074199 0.533789
vt 0.084447 0.531285
vt 0.084447 0.538798
vt 0.074199 0.536294
vt 0.074199 0.538798
vt 0.084447 0.536294
vt 0.084447 0.544033
vt 0.074199 0.541415
vt 0.074199 0.544033
vt 0.084447 0.541415
vt 0.084447 0.549071
vt 0.074199 0.546552
vt 0.074199 0.549071
vt 0.084447 0.546552
vt 0.063951 0.544033
vt 0.063951 0.546552
vt 0.063951 0.549071
vt 0.084447 0.554079
vt 0.074199 0.551575
vt 0.074199 0.554079
vt 0.084447 0.551575
vt 0.063951 0.551575
vt 0.063951 0.554079
vt 0.084447 0.559088
vt 0.074199 0.556584
vt 0.074199 0.559088
vt 0.084447 0.556584
vt 0.063951 0.556584
vt 0.063951 0.559088
vt 0.094695 0.477928
vt 0.094695 0.480633
vt 0.094695 0.483338
vt 0.094695 0.486044
vt 0.094695 0.488749
vt 0.094695 0.491454
vt 0.094695 0.494160
vt 0.094695 0.499570
vt 0.094695 0.496865
vt 0.094695 0.502276
vt 0.094695 0.507686
vt 0.094695 0.504981
vt 0.094695 0.510392
vt 0.094695 0.515803
vt 0.094695 0.513097
vt 0.094695 0.518508
vt 0.055997 0.477928
vt 0.054719 0.482197
vt 0.053920 0.486604
vt 0.053707 0.490830
vt 0.054801 0.498876
vt 0.054022 0.494873
vt 0.056002 0.502975
vt 0.057576 0.507257
vt 0.059418 0.511758
vt 0.061324 0.516462
vt 0.094695 0.521213
vt 0.094695 0.523919
vt 0.094695 0.526624
vt 0.094695 0.529329
vt 0.094695 0.532035
vt 0.094695 0.534740
vt 0.094695 0.537445
vt 0.094695 0.542856
vt 0.094695 0.540151
vt 0.094695 0.545561
vt 0.094695 0.550972
vt 0.094695 0.548267
vt 0.094695 0.556383
vt 0.094695 0.553677
vt 0.094695 0.559088
vt 0.063000 0.521240
vt 0.064151 0.525909
vt 0.064521 0.534366
vt 0.064643 0.530286
vt 0.063872 0.538298
vt 0.062750 0.542277
vt 0.061192 0.546449
vt 0.059300 0.550904
vt 0.057301 0.555615
vt 0.055997 0.559088
vt 0.045018 0.505086
vt 0.049034 0.505669
vt 0.047051 0.503862
vt 0.044421 0.508903
vt 0.042161 0.507487
vt 0.044740 0.502512
vt 0.037725 0.505086
vt 0.042202 0.501677
vt 0.039548 0.506992
vt 0.048665 0.508776
vt 0.051688 0.510320
vt 0.050602 0.507853
vt 0.048665 0.516157
vt 0.052242 0.512962
vt 0.046023 0.511049
vt 0.046750 0.513636
vt 0.036894 0.501677
vt 0.039548 0.501395
vt 0.036935 0.507487
vt 0.034078 0.505086
vt 0.034356 0.502512
vt 0.032045 0.503862
vt 0.030062 0.505669
vt 0.030431 0.508776
vt 0.034675 0.508903
vt 0.032346 0.513636
vt 0.033073 0.511049
vt 0.027408 0.510320
vt 0.028494 0.507853
vt 0.030431 0.516157
vt 0.026854 0.512962
vt 0.051688 0.518303
vt 0.052242 0.515662
vt 0.048665 0.519848
vt 0.046505 0.516315
vt 0.045320 0.518723
vt 0.043356 0.520535
vt 0.045018 0.523538
vt 0.050602 0.520770
vt 0.049034 0.522955
vt 0.044740 0.526112
vt 0.047051 0.524762
vt 0.040877 0.521507
vt 0.042202 0.526946
vt 0.037725 0.523538
vt 0.039548 0.527229
vt 0.034078 0.523538
vt 0.033776 0.518723
vt 0.030431 0.519848
vt 0.032591 0.516315
vt 0.027408 0.518303
vt 0.026854 0.515662
vt 0.028494 0.520770
vt 0.035740 0.520535
vt 0.038219 0.521507
vt 0.034356 0.526112
vt 0.036894 0.526946
vt 0.030062 0.522955
vt 0.032045 0.524762
vt 0.055016 0.440206
vt 0.053707 0.446845
vt 0.055016 0.446845
vt 0.083011 0.446845
vt 0.084270 0.440206
vt 0.083011 0.440206
vt 0.086774 0.440206
vt 0.085522 0.446845
vt 0.086774 0.446845
vt 0.085522 0.440206
vt 0.089279 0.440206
vt 0.088027 0.446845
vt 0.089279 0.446845
vt 0.088027 0.440206
vt 0.091783 0.440206
vt 0.090531 0.446845
vt 0.091783 0.446845
vt 0.090531 0.440206
vt 0.096905 0.440206
vt 0.095596 0.446845
vt 0.096905 0.446845
vt 0.095596 0.440206
vt 0.094287 0.446845
vt 0.099522 0.440206
vt 0.098214 0.446845
vt 0.099522 0.446845
vt 0.098214 0.440206
vt 0.103301 0.446845
vt 0.102041 0.453483
vt 0.103301 0.453483
vt 0.104560 0.446845
vt 0.104560 0.453483
vt 0.102041 0.440206
vt 0.100782 0.446845
vt 0.102041 0.446845
vt 0.100782 0.440206
vt 0.104560 0.440206
vt 0.103301 0.440206
vt 0.105812 0.446845
vt 0.105812 0.453483
vt 0.107064 0.446845
vt 0.107064 0.453483
vt 0.107064 0.440206
vt 0.105812 0.440206
vt 0.109569 0.440206
vt 0.108317 0.446845
vt 0.109569 0.446845
vt 0.108317 0.440206
vt 0.110821 0.446845
vt 0.109569 0.453483
vt 0.110821 0.453483
vt 0.112073 0.446845
vt 0.112073 0.453483
vt 0.112073 0.440206
vt 0.110821 0.440206
vt 0.114578 0.440206
vt 0.113325 0.446845
vt 0.114578 0.446845
vt 0.113325 0.440206
vt 0.117195 0.440206
vt 0.115886 0.446845
vt 0.117195 0.446845
vt 0.115886 0.440206
vt 0.119813 0.440206
vt 0.118504 0.446845
vt 0.119813 0.446845
vt 0.118504 0.440206
vt 0.122331 0.440206
vt 0.121072 0.446845
vt 0.122331 0.446845
vt 0.121072 0.440206
vt 0.124850 0.440206
vt 0.123591 0.446845
vt 0.124850 0.446845
vt 0.123591 0.440206
vt 0.127355 0.440206
vt 0.126102 0.446845
vt 0.127355 0.446845
vt 0.126102 0.440206
vt 0.129859 0.440206
vt 0.128607 0.446845
vt 0.129859 0.446845
vt 0.128607 0.440206
vt 0.132363 0.440206
vt 0.131111 0.446845
vt 0.132363 0.446845
vt 0.131111 0.440206
vt 0.134868 0.440206
vt 0.133615 0.446845
vt 0.134868 0.446845
vt 0.133615 0.440206
vt 0.056413 0.433568
vt 0.053707 0.433568
vt 0.059118 0.433568
vt 0.058598 0.445825
vt 0.064529 0.433568
vt 0.061823 0.433568
vt 0.063756 0.443823
vt 0.072645 0.433568
vt 0.069939 0.433568
vt 0.072036 0.443396
vt 0.067234 0.433568
vt 0.066476 0.443289
vt 0.069256 0.443147
vt 0.053707 0.440206
vt 0.078055 0.433568
vt 0.075350 0.433568
vt 0.074759 0.444035
vt 0.083466 0.433568
vt 0.080761 0.433568
vt 0.086171 0.433568
vt 0.079846 0.446175
vt 0.088877 0.433568
vt 0.091582 0.433568
vt 0.096993 0.433568
vt 0.094287 0.433568
vt 0.099698 0.433568
vt 0.102403 0.433568
vt 0.094287 0.440206
vt 0.084636 0.449000
vt 0.053707 0.448572
vt 0.089339 0.452121
vt 0.094050 0.455144
vt 0.098991 0.457754
vt 0.105109 0.433568
vt 0.104243 0.459570
vt 0.107814 0.433568
vt 0.110520 0.433568
vt 0.115930 0.433568
vt 0.113225 0.433568
vt 0.118636 0.433568
vt 0.121341 0.433568
vt 0.124046 0.433568
vt 0.126752 0.433568
vt 0.129457 0.433568
vt 0.132162 0.433568
vt 0.134868 0.433568
vt 0.115315 0.459270
vt 0.106990 0.460018
vt 0.109789 0.460111
vt 0.120542 0.457275
vt 0.125457 0.454575
vt 0.130168 0.451587
vt 0.134868 0.448572
vt 0.105465 0.862213
vt 0.123042 0.826692
vt 0.123042 0.862213
vt 0.070310 0.862213
vt 0.087887 0.826692
vt 0.087887 0.862213
vt 0.105465 0.826692
vt 0.105465 0.791170
vt 0.070310 0.826692
vt 0.087887 0.791170
vt 0.070310 0.791170
vt 0.087887 0.755649
vt 0.105465 0.773410
vt 0.105465 0.755649
vt 0.114253 0.791170
vt 0.123042 0.791170
vt 0.114253 0.773410
vt 0.017577 0.791170
vt 0.035155 0.755649
vt 0.035155 0.791170
vt 0.052732 0.826692
vt 0.035155 0.826692
vt 0.070310 0.720128
vt 0.035155 0.720128
vt 0.052732 0.684607
vt 0.035155 0.684607
vt 0.070310 0.684607
vt 0.070310 0.755649
vt 0.017577 0.755649
vt 0.070310 0.649086
vt 0.105465 0.737889
vt 0.114253 0.720128
vt 0.114253 0.737889
vt 0.123042 0.702368
vt 0.123042 0.720128
vt 0.105465 0.720128
vt 0.114253 0.702368
vt 0.105465 0.702368
vt 0.114253 0.684607
vt 0.131831 0.720128
vt 0.087887 0.720128
vt 0.087887 0.684607
vt 0.105465 0.684607
vt 0.105465 0.666847
vt 0.087887 0.649086
vt 0.105465 0.649086
vt 0.114253 0.666847
vt 0.114253 0.649086
vt 0.021062 0.680852
vt 0.017577 0.720128
vt 0.014742 0.692317
vt 0.028403 0.670024
vt 0.036700 0.659928
vt 0.000600 0.742539
vt 0.002394 0.729541
vt 0.005368 0.716766
vt 0.009496 0.704323
vt 0.066593 0.634847
vt 0.055877 0.642263
vt 0.089822 0.623160
vt 0.077940 0.628461
vt 0.102137 0.618989
vt 0.045885 0.650648
vt 0.114781 0.615984
vt 0.000600 0.768759
vt 0.000000 0.755649
vt 0.002394 0.781757
vt 0.005368 0.794533
vt 0.009496 0.806976
vt 0.014742 0.818982
vt 0.028403 0.841274
vt 0.021062 0.830447
vt 0.045885 0.860651
vt 0.036700 0.851371
vt 0.055877 0.869035
vt 0.066593 0.876452
vt 0.077940 0.882838
vt 0.102137 0.892310
vt 0.089822 0.888139
vt 0.122521 0.664862
vt 0.119343 0.671164
vt 0.127645 0.614171
vt 0.127470 0.659861
vt 0.118248 0.678149
vt 0.119343 0.685134
vt 0.122521 0.691435
vt 0.133706 0.656651
vt 0.140620 0.655544
vt 0.140620 0.613565
vt 0.127470 0.696436
vt 0.140620 0.700753
vt 0.133706 0.699647
vt 0.140620 0.729816
vt 0.125592 0.734750
vt 0.119935 0.740465
vt 0.116304 0.747666
vt 0.115052 0.755649
vt 0.116304 0.763632
vt 0.119935 0.770834
vt 0.114781 0.895315
vt 0.125592 0.776549
vt 0.132719 0.731080
vt 0.132719 0.780218
vt 0.140620 0.897734
vt 0.127645 0.897128
vt 0.140620 0.781483
vt 0.299029 0.429448
vt 0.313851 0.409676
vt 0.313851 0.429448
vt 0.299029 0.447960
vt 0.313851 0.447960
vt 0.313851 0.465752
vt 0.299029 0.482892
vt 0.313851 0.482892
vt 0.313851 0.498814
vt 0.313851 0.514737
vt 0.299029 0.498814
vt 0.313851 0.530660
vt 0.299029 0.514737
vt 0.313851 0.545835
vt 0.299029 0.530660
vt 0.313851 0.562136
vt 0.299029 0.545835
vt 0.299029 0.576662
vt 0.313851 0.576662
vt 0.299029 0.590962
vt 0.313851 0.590962
vt 0.313851 0.605085
vt 0.299029 0.619079
vt 0.313851 0.619079
vt 0.299029 0.632988
vt 0.313851 0.632988
vt 0.299029 0.646859
vt 0.313851 0.646859
vt 0.313851 0.660733
vt 0.299029 0.674655
vt 0.313851 0.674655
vt 0.313851 0.688670
vt 0.299029 0.702822
vt 0.313851 0.702822
vt 0.313851 0.717159
vt 0.313851 0.731730
vt 0.299029 0.717159
vt 0.299029 0.746587
vt 0.313851 0.746587
vt 0.299029 0.761788
vt 0.313851 0.761788
vt 0.313851 0.769590
vt 0.313851 0.777391
vt 0.299029 0.777391
vt 0.313851 0.793466
vt 0.299029 0.810083
vt 0.313851 0.810083
vt 0.299029 0.827327
vt 0.313851 0.827327
vt 0.313851 0.845287
vt 0.306440 0.864581
vt 0.299029 0.864581
vt 0.299029 0.845287
vt 0.313851 0.864581
vt 0.306440 0.874227
vt 0.328658 0.409676
vt 0.328658 0.429448
vt 0.328658 0.447960
vt 0.328658 0.465752
vt 0.328658 0.482892
vt 0.328658 0.498814
vt 0.328658 0.514737
vt 0.328658 0.530660
vt 0.328658 0.545835
vt 0.328658 0.562136
vt 0.328658 0.576662
vt 0.328658 0.590962
vt 0.328658 0.605085
vt 0.328658 0.619079
vt 0.328658 0.632988
vt 0.328658 0.646859
vt 0.328658 0.660733
vt 0.328658 0.674655
vt 0.328658 0.688670
vt 0.328658 0.702822
vt 0.328658 0.717159
vt 0.328658 0.731730
vt 0.328658 0.746587
vt 0.321254 0.777391
vt 0.328658 0.769590
vt 0.328658 0.777391
vt 0.321254 0.769590
vt 0.321254 0.761788
vt 0.328658 0.793466
vt 0.328658 0.810083
vt 0.328658 0.827327
vt 0.328658 0.845287
vt 0.321254 0.864581
vt 0.328658 0.864581
vt 0.343451 0.409676
vt 0.343451 0.429448
vt 0.343451 0.447960
vt 0.343451 0.465752
vt 0.343451 0.482892
vt 0.343451 0.498814
vt 0.343451 0.514737
vt 0.343451 0.530660
vt 0.343451 0.545835
vt 0.343451 0.562136
vt 0.343451 0.576662
vt 0.343451 0.590962
vt 0.343451 0.605085
vt 0.343451 0.619079
vt 0.343451 0.632988
vt 0.343451 0.646859
vt 0.343451 0.660733
vt 0.343451 0.674655
vt 0.343451 0.688670
vt 0.343451 0.702822
vt 0.343451 0.717159
vt 0.343451 0.731730
vt 0.336055 0.746587
vt 0.343451 0.746587
vt 0.343451 0.810083
vt 0.343451 0.793466
vt 0.343451 0.827327
vt 0.343451 0.845287
vt 0.358245 0.409676
vt 0.358245 0.429448
vt 0.358245 0.447960
vt 0.358245 0.465752
vt 0.358245 0.482892
vt 0.358245 0.498814
vt 0.358245 0.514737
vt 0.358245 0.530660
vt 0.358245 0.545835
vt 0.358245 0.562136
vt 0.358245 0.576662
vt 0.358245 0.590962
vt 0.358245 0.605085
vt 0.358245 0.619079
vt 0.358245 0.632988
vt 0.358245 0.646859
vt 0.358245 0.660733
vt 0.358245 0.674655
vt 0.358245 0.688670
vt 0.358245 0.702822
vt 0.358245 0.717159
vt 0.358245 0.731730
vt 0.350848 0.746587
vt 0.358245 0.746587
vt 0.358245 0.810083
vt 0.358245 0.793466
vt 0.358245 0.827327
vt 0.350848 0.845287
vt 0.358245 0.845287
vt 0.343451 0.854934
vt 0.350848 0.854934
vt 0.358245 0.854934
vt 0.373038 0.429448
vt 0.373038 0.409676
vt 0.373038 0.447960
vt 0.373038 0.465752
vt 0.373038 0.482892
vt 0.373038 0.498814
vt 0.373038 0.514737
vt 0.373038 0.530660
vt 0.373038 0.545835
vt 0.373038 0.562136
vt 0.373038 0.576662
vt 0.373038 0.590962
vt 0.373038 0.605085
vt 0.373038 0.619079
vt 0.373038 0.632988
vt 0.373038 0.646859
vt 0.373038 0.660733
vt 0.373038 0.674655
vt 0.373038 0.688670
vt 0.373038 0.702822
vt 0.373038 0.717159
vt 0.373038 0.731730
vt 0.373038 0.746587
vt 0.358245 0.754187
vt 0.373038 0.761788
vt 0.358245 0.761788
vt 0.358245 0.769590
vt 0.373038 0.777391
vt 0.358245 0.777391
vt 0.373038 0.793466
vt 0.373038 0.810083
vt 0.373038 0.827327
vt 0.365642 0.845287
vt 0.373038 0.845287
vt 0.365642 0.854934
vt 0.373038 0.854934
vt 0.387832 0.409676
vt 0.387832 0.429448
vt 0.387832 0.447960
vt 0.387832 0.465752
vt 0.387832 0.482892
vt 0.387832 0.498814
vt 0.387832 0.514737
vt 0.387832 0.530660
vt 0.387832 0.545835
vt 0.387832 0.562136
vt 0.387832 0.576662
vt 0.387832 0.590962
vt 0.387832 0.605085
vt 0.387832 0.619079
vt 0.387832 0.632988
vt 0.387832 0.646859
vt 0.387832 0.660733
vt 0.387832 0.674655
vt 0.387832 0.688670
vt 0.387832 0.702822
vt 0.387832 0.717159
vt 0.387832 0.731730
vt 0.387832 0.746587
vt 0.387832 0.761788
vt 0.387832 0.777391
vt 0.387832 0.793466
vt 0.387832 0.810083
vt 0.387832 0.827327
vt 0.380435 0.845287
vt 0.387832 0.845287
vt 0.380435 0.854934
vt 0.387832 0.854934
vt 0.291572 0.389225
vt 0.284169 0.406452
vt 0.284169 0.389225
vt 0.284169 0.438722
vt 0.284169 0.422923
vt 0.299029 0.409676
vt 0.284169 0.453919
vt 0.299029 0.465752
vt 0.284169 0.468581
vt 0.284169 0.496519
vt 0.284169 0.482763
vt 0.298976 0.389225
vt 0.306379 0.389225
vt 0.284169 0.509896
vt 0.284169 0.522936
vt 0.284169 0.535679
vt 0.284169 0.548162
vt 0.299029 0.562136
vt 0.284169 0.560418
vt 0.284169 0.572479
vt 0.284169 0.584375
vt 0.284169 0.596135
vt 0.299029 0.605085
vt 0.284169 0.607785
vt 0.284169 0.630861
vt 0.284169 0.619352
vt 0.284169 0.642337
vt 0.284169 0.653804
vt 0.284169 0.665288
vt 0.284169 0.676813
vt 0.299029 0.660733
vt 0.284169 0.700087
vt 0.299029 0.688670
vt 0.284169 0.712071
vt 0.284169 0.724205
vt 0.299029 0.731730
vt 0.284169 0.736519
vt 0.284169 0.688405
vt 0.313783 0.389225
vt 0.321187 0.389225
vt 0.328590 0.389225
vt 0.335994 0.389225
vt 0.343397 0.389225
vt 0.350801 0.389225
vt 0.336493 0.751641
vt 0.284169 0.749047
vt 0.284169 0.761822
vt 0.284169 0.788260
vt 0.299029 0.793466
vt 0.284169 0.774880
vt 0.284169 0.816165
vt 0.284169 0.802006
vt 0.284169 0.830788
vt 0.284169 0.845932
vt 0.284169 0.861661
vt 0.299029 0.874227
vt 0.284169 0.878046
vt 0.297474 0.885358
vt 0.294026 0.887678
vt 0.287374 0.892585
vt 0.284169 0.895169
vt 0.290660 0.890087
vt 0.304615 0.880984
vt 0.312078 0.876963
vt 0.319081 0.873635
vt 0.315549 0.875263
vt 0.301004 0.883126
vt 0.308306 0.878930
vt 0.329726 0.766331
vt 0.329519 0.764098
vt 0.330420 0.759225
vt 0.332774 0.754942
vt 0.331039 0.770273
vt 0.333307 0.773519
vt 0.345686 0.749948
vt 0.341095 0.749974
vt 0.349677 0.751416
vt 0.345516 0.776181
vt 0.349955 0.773735
vt 0.336569 0.775864
vt 0.326326 0.870602
vt 0.322673 0.872081
vt 0.330040 0.869196
vt 0.333815 0.867865
vt 0.340806 0.776850
vt 0.348848 0.863447
vt 0.337651 0.866608
vt 0.345258 0.864381
vt 0.341548 0.865425
vt 0.352647 0.754018
vt 0.358204 0.389225
vt 0.365608 0.389225
vt 0.373011 0.389225
vt 0.380415 0.389225
vt 0.387818 0.389225
vt 0.395222 0.389225
vt 0.402625 0.398486
vt 0.402625 0.389225
vt 0.402625 0.407611
vt 0.402625 0.416602
vt 0.402625 0.425464
vt 0.402625 0.434197
vt 0.402625 0.442806
vt 0.402625 0.459660
vt 0.402625 0.491983
vt 0.402625 0.476046
vt 0.402625 0.522581
vt 0.402625 0.551591
vt 0.402625 0.537277
vt 0.402625 0.507489
vt 0.402625 0.585799
vt 0.402625 0.611655
vt 0.402625 0.598888
vt 0.402625 0.572377
vt 0.402625 0.624113
vt 0.402625 0.654987
vt 0.402625 0.667705
vt 0.402625 0.642497
vt 0.402625 0.451293
vt 0.402625 0.467910
vt 0.402625 0.484069
vt 0.402625 0.499789
vt 0.402625 0.515086
vt 0.402625 0.529978
vt 0.402625 0.544480
vt 0.402625 0.558609
vt 0.402625 0.565537
vt 0.402625 0.579131
vt 0.402625 0.592384
vt 0.402625 0.605311
vt 0.402625 0.617922
vt 0.402625 0.630229
vt 0.402625 0.636336
vt 0.402625 0.648714
vt 0.402625 0.661317
vt 0.402625 0.674152
vt 0.402625 0.680658
vt 0.354611 0.757365
vt 0.355080 0.765605
vt 0.353217 0.769937
vt 0.355539 0.761292
vt 0.402625 0.693852
vt 0.402625 0.720991
vt 0.402625 0.707294
vt 0.402625 0.756397
vt 0.402625 0.742031
vt 0.363918 0.860279
vt 0.356304 0.861731
vt 0.352556 0.862556
vt 0.360091 0.860972
vt 0.367783 0.859652
vt 0.375566 0.858602
vt 0.383182 0.857841
vt 0.371688 0.859090
vt 0.387016 0.857555
vt 0.379381 0.858188
vt 0.402625 0.771046
vt 0.402625 0.687225
vt 0.402625 0.700542
vt 0.402625 0.714110
vt 0.402625 0.727937
vt 0.402625 0.734950
vt 0.402625 0.749179
vt 0.402625 0.763686
vt 0.402625 0.778479
vt 0.402625 0.785985
vt 0.402625 0.816768
vt 0.402625 0.848822
vt 0.394786 0.857171
vt 0.402625 0.832632
vt 0.390892 0.857331
vt 0.398697 0.857075
vt 0.402625 0.801223
vt 0.402625 0.793566
vt 0.402625 0.808956
vt 0.402625 0.824660
vt 0.402625 0.840685
vt 0.402625 0.857043
vt 0.940566 0.018963
vt 0.950062 0.036744
vt 0.940566 0.036744
vt 0.930925 0.018963
vt 0.930925 0.036744
vt 0.940566 0.054525
vt 0.950062 0.054525
vt 0.930925 0.054525
vt 0.940566 0.072306
vt 0.950062 0.072306
vt 0.930925 0.072306
vt 0.950062 0.089999
vt 0.940566 0.089999
vt 0.930925 0.089999
vt 0.950062 0.107294
vt 0.940566 0.107294
vt 0.930925 0.107294
vt 0.940566 0.124589
vt 0.950062 0.124589
vt 0.930925 0.124589
vt 0.950062 0.141884
vt 0.940566 0.141884
vt 0.930925 0.141884
vt 0.940566 0.159179
vt 0.950062 0.159179
vt 0.930925 0.159179
vt 0.930925 0.176475
vt 0.940566 0.176475
vt 0.959178 0.011856
vt 0.949704 0.000000
vt 0.959178 0.000000
vt 0.959178 0.023712
vt 0.950062 0.018963
vt 0.959178 0.047424
vt 0.959178 0.059280
vt 0.959178 0.071135
vt 0.959178 0.082991
vt 0.959178 0.094847
vt 0.959178 0.118559
vt 0.959178 0.130415
vt 0.940231 0.000000
vt 0.921285 0.016485
vt 0.921285 0.000000
vt 0.930758 0.000000
vt 0.921285 0.032970
vt 0.921285 0.049455
vt 0.921285 0.065940
vt 0.921285 0.098910
vt 0.921285 0.082425
vt 0.921285 0.115395
vt 0.959178 0.154127
vt 0.959178 0.165983
vt 0.959178 0.142271
vt 0.921285 0.148365
vt 0.954954 0.171154
vt 0.921285 0.131880
vt 0.950971 0.176607
vt 0.947232 0.182365
vt 0.943743 0.188441
vt 0.940508 0.194837
vt 0.937531 0.201545
vt 0.934806 0.208548
vt 0.930925 0.211065
vt 0.932324 0.215824
vt 0.921285 0.164850
vt 0.930088 0.223319
vt 0.921285 0.197820
vt 0.921285 0.181335
vt 0.921285 0.214305
vt 0.921285 0.230790
vt 0.928121 0.231001
vt 0.926444 0.238865
vt 0.921285 0.247275
vt 0.921285 0.263760
vt 0.924020 0.255082
vt 0.923282 0.263386
vt 0.925074 0.246900
vt 0.921285 0.280245
vt 0.922851 0.271783
vt 0.922713 0.280245
vt 0.901208 0.018963
vt 0.910705 0.036744
vt 0.901208 0.036744
vt 0.891568 0.036744
vt 0.910705 0.054525
vt 0.901208 0.054525
vt 0.891568 0.054525
vt 0.910705 0.072306
vt 0.901208 0.072306
vt 0.891568 0.072306
vt 0.901208 0.089999
vt 0.910705 0.089999
vt 0.891568 0.089999
vt 0.901208 0.107294
vt 0.910705 0.107294
vt 0.891568 0.107294
vt 0.901208 0.124589
vt 0.910705 0.124589
vt 0.891568 0.124589
vt 0.910705 0.141884
vt 0.901208 0.141884
vt 0.891568 0.141884
vt 0.901208 0.159179
vt 0.910705 0.159179
vt 0.891568 0.159179
vt 0.901208 0.176475
vt 0.910705 0.176475
vt 0.891568 0.176475
vt 0.910705 0.193770
vt 0.901208 0.193770
vt 0.891568 0.193770
vt 0.910705 0.211065
vt 0.901208 0.211065
vt 0.891568 0.211065
vt 0.910705 0.228360
vt 0.901208 0.228360
vt 0.891568 0.228360
vt 0.901208 0.245655
vt 0.910705 0.245655
vt 0.891568 0.245655
vt 0.901208 0.264008
vt 0.910705 0.264008
vt 0.891568 0.264008
vt 0.919820 0.011677
vt 0.910347 0.000000
vt 0.919820 0.000000
vt 0.919820 0.023354
vt 0.910705 0.018963
vt 0.919820 0.035031
vt 0.919820 0.046708
vt 0.919820 0.058384
vt 0.919820 0.070061
vt 0.919820 0.081738
vt 0.919820 0.093415
vt 0.919820 0.105092
vt 0.919820 0.116769
vt 0.919820 0.128446
vt 0.919820 0.140123
vt 0.900874 0.000000
vt 0.891568 0.018963
vt 0.881927 0.032970
vt 0.881927 0.016485
vt 0.881927 0.000000
vt 0.891400 0.000000
vt 0.881927 0.049455
vt 0.881927 0.065940
vt 0.881927 0.098910
vt 0.881927 0.082425
vt 0.881927 0.115395
vt 0.881927 0.131880
vt 0.919820 0.151799
vt 0.919820 0.163476
vt 0.919820 0.175153
vt 0.919820 0.186830
vt 0.919820 0.198507
vt 0.919820 0.221861
vt 0.919820 0.233538
vt 0.919820 0.245215
vt 0.919820 0.256891
vt 0.919820 0.268568
vt 0.919820 0.280245
vt 0.910347 0.280245
vt 0.881927 0.148365
vt 0.881927 0.181335
vt 0.881927 0.197820
vt 0.881927 0.164850
vt 0.881927 0.214305
vt 0.881927 0.230790
vt 0.900874 0.280245
vt 0.891400 0.280245
vt 0.881927 0.247275
vt 0.881927 0.263760
vt 0.881927 0.280245
vt 0.213127 0.286264
vt 0.248648 0.268504
vt 0.248648 0.286264
vt 0.035521 0.286264
vt 0.071042 0.268504
vt 0.071042 0.286264
vt 0.071042 0.250743
vt 0.106563 0.250743
vt 0.106563 0.232982
vt 0.142084 0.232982
vt 0.142084 0.250743
vt 0.035521 0.268504
vt 0.142084 0.215222
vt 0.177606 0.250743
vt 0.213127 0.250743
vt 0.213127 0.268504
vt 0.177606 0.232982
vt 0.213127 0.232982
vt 0.177606 0.215222
vt 0.071042 0.232982
vt 0.056459 0.226160
vt 0.067287 0.218743
vt 0.046363 0.234544
vt 0.028699 0.253921
vt 0.021282 0.264748
vt 0.037083 0.243824
vt 0.078752 0.212357
vt 0.106563 0.215222
vt 0.115977 0.199881
vt 0.103201 0.202885
vt 0.128975 0.198067
vt 0.090758 0.207056
vt 0.134934 0.262376
vt 0.142084 0.197461
vt 0.120875 0.265004
vt 0.009595 0.288219
vt 0.014896 0.276213
vt 0.005424 0.300662
vt 0.069817 0.311549
vt 0.064584 0.339546
vt 0.000000 0.339546
vt 0.000606 0.326436
vt 0.002419 0.313438
vt 0.065903 0.325305
vt 0.095380 0.277699
vt 0.107539 0.270170
vt 0.076192 0.298747
vt 0.084811 0.287334
vt 0.168192 0.199881
vt 0.155194 0.198067
vt 0.180968 0.202885
vt 0.149235 0.262376
vt 0.216882 0.218743
vt 0.163294 0.265004
vt 0.193411 0.207056
vt 0.205417 0.212357
vt 0.227709 0.226160
vt 0.237806 0.234544
vt 0.247086 0.243824
vt 0.255470 0.253921
vt 0.176629 0.270170
vt 0.188789 0.277699
vt 0.207977 0.298747
vt 0.199358 0.287334
vt 0.218265 0.325305
vt 0.214352 0.311549
vt 0.281750 0.313438
vt 0.278745 0.300662
vt 0.269273 0.276213
vt 0.274574 0.288219
vt 0.262887 0.264748
vt 0.283563 0.326436
vt 0.219585 0.339546
vt 0.284169 0.339546
vt 0.666204 0.429448
vt 0.673615 0.419562
vt 0.673615 0.429448
vt 0.658793 0.419562
vt 0.666204 0.419562
vt 0.673615 0.447960
vt 0.658793 0.447960
vt 0.658793 0.429448
vt 0.658793 0.465752
vt 0.673615 0.465752
vt 0.658793 0.482892
vt 0.673615 0.482892
vt 0.673615 0.498814
vt 0.673615 0.514737
vt 0.658793 0.498814
vt 0.658793 0.530660
vt 0.673615 0.530660
vt 0.658793 0.545835
vt 0.673615 0.545835
vt 0.673615 0.562136
vt 0.658793 0.576662
vt 0.673615 0.576662
vt 0.673615 0.590962
vt 0.658793 0.605085
vt 0.673615 0.605085
vt 0.658793 0.619079
vt 0.673615 0.619079
vt 0.658793 0.632988
vt 0.673615 0.632988
vt 0.673615 0.646859
vt 0.673615 0.660733
vt 0.658793 0.646859
vt 0.658793 0.674655
vt 0.673615 0.674655
vt 0.658793 0.688670
vt 0.673615 0.688670
vt 0.673615 0.702822
vt 0.658793 0.717159
vt 0.673615 0.717159
vt 0.658793 0.731730
vt 0.673615 0.731730
vt 0.673615 0.746587
vt 0.658793 0.761788
vt 0.673615 0.761788
vt 0.658793 0.777391
vt 0.673615 0.777391
vt 0.658793 0.793466
vt 0.673615 0.793466
vt 0.673615 0.810083
vt 0.658793 0.827327
vt 0.673615 0.827327
vt 0.658793 0.845287
vt 0.673615 0.845287
vt 0.673615 0.864581
vt 0.673615 0.883874
vt 0.658793 0.864581
vt 0.681019 0.429448
vt 0.688422 0.429448
vt 0.688422 0.447960
vt 0.688422 0.465752
vt 0.688422 0.482892
vt 0.688422 0.498814
vt 0.688422 0.514737
vt 0.688422 0.530660
vt 0.688422 0.545835
vt 0.688422 0.562136
vt 0.688422 0.576662
vt 0.688422 0.590962
vt 0.688422 0.605085
vt 0.688422 0.619079
vt 0.688422 0.632988
vt 0.688422 0.646859
vt 0.688422 0.660733
vt 0.688422 0.674655
vt 0.688422 0.717159
vt 0.688422 0.702822
vt 0.688422 0.731730
vt 0.688422 0.746587
vt 0.688422 0.761788
vt 0.688422 0.777391
vt 0.688422 0.793466
vt 0.688422 0.810083
vt 0.688422 0.827327
vt 0.688422 0.845287
vt 0.688422 0.864581
vt 0.688422 0.883874
vt 0.703216 0.447960
vt 0.703216 0.465752
vt 0.703216 0.482892
vt 0.703216 0.498814
vt 0.703216 0.514737
vt 0.703216 0.530660
vt 0.703216 0.545835
vt 0.703216 0.562136
vt 0.703216 0.576662
vt 0.703216 0.590962
vt 0.703216 0.605085
vt 0.703216 0.619079
vt 0.703216 0.632988
vt 0.703216 0.646859
vt 0.703216 0.660733
vt 0.703216 0.717159
vt 0.703216 0.731730
vt 0.703216 0.746587
vt 0.703216 0.761788
vt 0.703216 0.777391
vt 0.703216 0.793466
vt 0.703216 0.810083
vt 0.703216 0.827327
vt 0.703216 0.845287
vt 0.703216 0.864581
vt 0.703216 0.883874
vt 0.718009 0.447960
vt 0.710612 0.438704
vt 0.718009 0.438704
vt 0.710612 0.447960
vt 0.703216 0.438704
vt 0.718009 0.465752
vt 0.718009 0.482892
vt 0.718009 0.498814
vt 0.718009 0.514737
vt 0.718009 0.530660
vt 0.718009 0.545835
vt 0.718009 0.562136
vt 0.718009 0.576662
vt 0.718009 0.590962
vt 0.718009 0.605085
vt 0.718009 0.619079
vt 0.718009 0.632988
vt 0.718009 0.646859
vt 0.718009 0.660733
vt 0.718009 0.731730
vt 0.718009 0.717159
vt 0.718009 0.746587
vt 0.718009 0.761788
vt 0.718009 0.777391
vt 0.718009 0.793466
vt 0.718009 0.810083
vt 0.718009 0.827327
vt 0.718009 0.845287
vt 0.718009 0.864581
vt 0.718009 0.883874
vt 0.732803 0.447960
vt 0.725406 0.438704
vt 0.732803 0.438704
vt 0.725406 0.447960
vt 0.732803 0.465752
vt 0.732803 0.482892
vt 0.732803 0.498814
vt 0.732803 0.514737
vt 0.732803 0.530660
vt 0.732803 0.545835
vt 0.732803 0.562136
vt 0.732803 0.576662
vt 0.732803 0.590962
vt 0.732803 0.605085
vt 0.732803 0.619079
vt 0.732803 0.632988
vt 0.732803 0.646859
vt 0.732803 0.660733
vt 0.732803 0.674655
vt 0.718009 0.681662
vt 0.718009 0.674655
vt 0.732803 0.688670
vt 0.718009 0.688670
vt 0.718009 0.695746
vt 0.732803 0.702822
vt 0.718009 0.702822
vt 0.732803 0.717159
vt 0.732803 0.731730
vt 0.732803 0.746587
vt 0.732803 0.761788
vt 0.732803 0.777391
vt 0.732803 0.793466
vt 0.732803 0.810083
vt 0.732803 0.827327
vt 0.732803 0.845287
vt 0.732803 0.864581
vt 0.732803 0.883874
vt 0.747596 0.447960
vt 0.740199 0.438704
vt 0.747596 0.438704
vt 0.740199 0.447960
vt 0.747596 0.465752
vt 0.747596 0.482892
vt 0.747596 0.498814
vt 0.747596 0.514737
vt 0.747596 0.530660
vt 0.747596 0.545835
vt 0.747596 0.562136
vt 0.747596 0.576662
vt 0.747596 0.590962
vt 0.747596 0.605085
vt 0.747596 0.619079
vt 0.747596 0.632988
vt 0.747596 0.646859
vt 0.747596 0.660733
vt 0.747596 0.674655
vt 0.747596 0.688670
vt 0.747596 0.702822
vt 0.747596 0.717159
vt 0.747596 0.731730
vt 0.747596 0.746587
vt 0.747596 0.761788
vt 0.747596 0.777391
vt 0.747596 0.793466
vt 0.747596 0.810083
vt 0.747596 0.827327
vt 0.747596 0.845287
vt 0.747596 0.864581
vt 0.747596 0.883874
vt 0.754993 0.447960
vt 0.754993 0.438704
vt 0.647334 0.399958
vt 0.643933 0.414347
vt 0.643933 0.397224
vt 0.643933 0.446461
vt 0.643933 0.430732
vt 0.643933 0.461605
vt 0.643933 0.476228
vt 0.643933 0.490386
vt 0.650769 0.402551
vt 0.654235 0.405009
vt 0.657729 0.407338
vt 0.661249 0.409544
vt 0.643933 0.504133
vt 0.658793 0.514737
vt 0.643933 0.517513
vt 0.643933 0.543346
vt 0.643933 0.530571
vt 0.643933 0.555873
vt 0.658793 0.562136
vt 0.643933 0.568188
vt 0.643933 0.580322
vt 0.658793 0.590962
vt 0.643933 0.592305
vt 0.643933 0.603988
vt 0.643933 0.615580
vt 0.643933 0.627105
vt 0.643933 0.638589
vt 0.643933 0.650056
vt 0.658793 0.660733
vt 0.643933 0.661532
vt 0.664793 0.411634
vt 0.668360 0.413610
vt 0.671949 0.415480
vt 0.675559 0.417246
vt 0.679188 0.418912
vt 0.682835 0.420482
vt 0.686500 0.421960
vt 0.690181 0.423348
vt 0.697590 0.425865
vt 0.693878 0.424649
vt 0.705057 0.428054
vt 0.701317 0.427000
vt 0.708811 0.429031
vt 0.643933 0.673041
vt 0.712576 0.429931
vt 0.643933 0.684608
vt 0.658793 0.702822
vt 0.643933 0.708018
vt 0.643933 0.696258
vt 0.643933 0.719914
vt 0.643933 0.731975
vt 0.643933 0.756714
vt 0.658793 0.746587
vt 0.643933 0.744231
vt 0.643933 0.769457
vt 0.643933 0.782497
vt 0.643933 0.795874
vt 0.643933 0.823812
vt 0.658793 0.810083
vt 0.643933 0.809630
vt 0.643933 0.853671
vt 0.643933 0.838473
vt 0.643933 0.869470
vt 0.658793 0.883874
vt 0.643933 0.885941
vt 0.651337 0.903168
vt 0.643933 0.903168
vt 0.658740 0.903168
vt 0.690045 0.685052
vt 0.689319 0.690078
vt 0.692372 0.680485
vt 0.696270 0.676908
vt 0.690338 0.695101
vt 0.693310 0.699350
vt 0.706740 0.675212
vt 0.701319 0.674993
vt 0.700773 0.702106
vt 0.698058 0.701777
vt 0.711455 0.677673
vt 0.709262 0.676179
vt 0.695516 0.700847
vt 0.680951 0.903168
vt 0.666144 0.903168
vt 0.673547 0.903168
vt 0.703491 0.701801
vt 0.708399 0.699633
vt 0.688354 0.903168
vt 0.695758 0.903168
vt 0.710565 0.903168
vt 0.703161 0.903168
vt 0.716354 0.430757
vt 0.720142 0.431511
vt 0.723941 0.432193
vt 0.727749 0.432805
vt 0.731567 0.433348
vt 0.735394 0.433824
vt 0.739229 0.434234
vt 0.743072 0.434578
vt 0.750779 0.435074
vt 0.746922 0.434858
vt 0.754643 0.435228
vt 0.762390 0.475624
vt 0.762390 0.506408
vt 0.762390 0.535996
vt 0.762390 0.521347
vt 0.762390 0.491170
vt 0.762390 0.571402
vt 0.762390 0.557443
vt 0.762390 0.443571
vt 0.762390 0.585099
vt 0.762390 0.598540
vt 0.762390 0.624687
vt 0.762390 0.637406
vt 0.762390 0.611735
vt 0.762390 0.459761
vt 0.758513 0.435319
vt 0.762390 0.435350
vt 0.762390 0.451708
vt 0.762390 0.467733
vt 0.762390 0.483436
vt 0.762390 0.498827
vt 0.762390 0.513914
vt 0.762390 0.528707
vt 0.762390 0.543214
vt 0.762390 0.550362
vt 0.762390 0.564455
vt 0.762390 0.578282
vt 0.762390 0.591851
vt 0.762390 0.618241
vt 0.762390 0.631076
vt 0.762390 0.649896
vt 0.762390 0.656057
vt 0.762390 0.643679
vt 0.762390 0.605168
vt 0.714509 0.681785
vt 0.715342 0.686691
vt 0.714455 0.691547
vt 0.712121 0.695986
vt 0.762390 0.680738
vt 0.762390 0.668280
vt 0.762390 0.713262
vt 0.762390 0.693505
vt 0.725372 0.903168
vt 0.717968 0.903168
vt 0.740179 0.903168
vt 0.732776 0.903168
vt 0.762390 0.755116
vt 0.762390 0.784904
vt 0.762390 0.769811
vt 0.762390 0.816347
vt 0.762390 0.858196
vt 0.762390 0.875790
vt 0.762390 0.832733
vt 0.762390 0.800410
vt 0.762390 0.740802
vt 0.754986 0.903168
vt 0.747583 0.903168
vt 0.762390 0.726856
vt 0.762390 0.674471
vt 0.762390 0.687082
vt 0.762390 0.700009
vt 0.762390 0.706594
vt 0.762390 0.720016
vt 0.762390 0.733784
vt 0.762390 0.747912
vt 0.762390 0.762415
vt 0.762390 0.777307
vt 0.762390 0.792604
vt 0.762390 0.808324
vt 0.762390 0.824483
vt 0.762390 0.841100
vt 0.762390 0.849587
vt 0.762390 0.866929
vt 0.762390 0.884782
vt 0.762390 0.893907
vt 0.762390 0.903168
vt 0.762390 0.662164
vt 0.783135 0.018963
vt 0.792632 0.036744
vt 0.783135 0.036744
vt 0.773495 0.036744
vt 0.783135 0.054525
vt 0.792632 0.054525
vt 0.773495 0.054525
vt 0.783135 0.072306
vt 0.792632 0.072306
vt 0.773495 0.072306
vt 0.792632 0.089999
vt 0.783135 0.089999
vt 0.773495 0.089999
vt 0.792632 0.107294
vt 0.783135 0.107294
vt 0.773495 0.107294
vt 0.792632 0.124589
vt 0.783135 0.124589
vt 0.773495 0.124589
vt 0.783135 0.141884
vt 0.792632 0.141884
vt 0.773495 0.141884
vt 0.783135 0.159179
vt 0.792632 0.159179
vt 0.773495 0.159179
vt 0.783135 0.176475
vt 0.792632 0.176475
vt 0.773495 0.176475
vt 0.792632 0.193770
vt 0.783135 0.193770
vt 0.773495 0.193770
vt 0.792632 0.211065
vt 0.783135 0.211065
vt 0.773495 0.211065
vt 0.783135 0.228360
vt 0.792632 0.228360
vt 0.773495 0.228360
vt 0.792632 0.245655
vt 0.783135 0.245655
vt 0.773495 0.245655
vt 0.783135 0.264008
vt 0.792632 0.264008
vt 0.773495 0.264008
vt 0.801747 0.011677
vt 0.792274 0.000000
vt 0.801747 0.000000
vt 0.801747 0.023354
vt 0.792632 0.018963
vt 0.801747 0.035031
vt 0.801747 0.046708
vt 0.801747 0.058384
vt 0.801747 0.070061
vt 0.801747 0.081738
vt 0.801747 0.093415
vt 0.801747 0.105092
vt 0.801747 0.116769
vt 0.801747 0.128446
vt 0.801747 0.140123
vt 0.782801 0.000000
vt 0.773495 0.018963
vt 0.763855 0.032970
vt 0.763855 0.016485
vt 0.763855 0.000000
vt 0.773328 0.000000
vt 0.763855 0.049455
vt 0.763855 0.065940
vt 0.763855 0.098910
vt 0.763855 0.082425
vt 0.763855 0.115395
vt 0.763855 0.131880
vt 0.801747 0.151799
vt 0.801747 0.163476
vt 0.801747 0.175153
vt 0.801747 0.186830
vt 0.801747 0.198507
vt 0.801747 0.221861
vt 0.801747 0.233538
vt 0.801747 0.245215
vt 0.801747 0.256891
vt 0.801747 0.268568
vt 0.801747 0.280245
vt 0.792274 0.280245
vt 0.763855 0.148365
vt 0.763855 0.181335
vt 0.763855 0.197820
vt 0.763855 0.164850
vt 0.763855 0.214305
vt 0.763855 0.230790
vt 0.782801 0.280245
vt 0.773328 0.280245
vt 0.763855 0.247275
vt 0.763855 0.263760
vt 0.763855 0.280245
vt 0.812853 0.089999
vt 0.822493 0.107294
vt 0.812853 0.107294
vt 0.831990 0.124589
vt 0.822493 0.124589
vt 0.812853 0.124589
vt 0.822493 0.141884
vt 0.831990 0.141884
vt 0.812853 0.141884
vt 0.822493 0.159179
vt 0.831990 0.159179
vt 0.812853 0.159179
vt 0.831990 0.176475
vt 0.822493 0.176475
vt 0.812853 0.176475
vt 0.822493 0.193770
vt 0.831990 0.193770
vt 0.812853 0.193770
vt 0.822493 0.211065
vt 0.831990 0.211065
vt 0.812853 0.211065
vt 0.822493 0.228360
vt 0.831990 0.228360
vt 0.812853 0.228360
vt 0.831990 0.245655
vt 0.822493 0.245655
vt 0.812853 0.245655
vt 0.822493 0.264008
vt 0.831990 0.264008
vt 0.812853 0.264008
vt 0.825687 0.091644
vt 0.822493 0.089999
vt 0.822438 0.085237
vt 0.829178 0.097762
vt 0.816704 0.071579
vt 0.803212 0.082425
vt 0.814231 0.064355
vt 0.819441 0.078545
vt 0.832911 0.103576
vt 0.841105 0.114262
vt 0.836890 0.109079
vt 0.841105 0.126118
vt 0.841105 0.137974
vt 0.803212 0.115395
vt 0.841105 0.149830
vt 0.803212 0.098910
vt 0.803212 0.016485
vt 0.805254 0.016787
vt 0.806018 0.025088
vt 0.803212 0.032970
vt 0.807083 0.033280
vt 0.808443 0.041331
vt 0.804794 0.008412
vt 0.803212 0.000000
vt 0.804640 0.000000
vt 0.803212 0.049455
vt 0.810092 0.049211
vt 0.812023 0.056893
vt 0.803212 0.065940
vt 0.803212 0.131880
vt 0.803212 0.148365
vt 0.841105 0.161686
vt 0.841105 0.173542
vt 0.841105 0.185398
vt 0.841105 0.197254
vt 0.841105 0.209110
vt 0.841105 0.220966
vt 0.841105 0.232822
vt 0.841105 0.244677
vt 0.841105 0.256533
vt 0.841105 0.268389
vt 0.841105 0.280245
vt 0.831632 0.280245
vt 0.803212 0.164850
vt 0.803212 0.197820
vt 0.803212 0.181335
vt 0.803212 0.214305
vt 0.803212 0.230790
vt 0.822158 0.280245
vt 0.812685 0.280245
vt 0.803212 0.247275
vt 0.803212 0.280245
vt 0.803212 0.263760
vt 0.267159 0.400120
vt 0.274082 0.411016
vt 0.267159 0.411016
vt 0.253314 0.411016
vt 0.267159 0.432805
vt 0.253314 0.432805
vt 0.239469 0.411016
vt 0.239469 0.432805
vt 0.225624 0.411016
vt 0.225624 0.432805
vt 0.267159 0.454595
vt 0.253314 0.454595
vt 0.239469 0.454595
vt 0.225624 0.454595
vt 0.267159 0.476386
vt 0.253314 0.476386
vt 0.239469 0.476386
vt 0.225624 0.476386
vt 0.280319 0.396035
vt 0.276035 0.389225
vt 0.280319 0.389225
vt 0.274082 0.400120
vt 0.271752 0.389225
vt 0.263184 0.389225
vt 0.267468 0.389225
vt 0.258900 0.389225
vt 0.254617 0.389225
vt 0.280319 0.402844
vt 0.280319 0.409654
vt 0.280319 0.416463
vt 0.246049 0.389225
vt 0.250333 0.389225
vt 0.241765 0.389225
vt 0.233198 0.389225
vt 0.237482 0.389225
vt 0.224631 0.389225
vt 0.228914 0.389225
vt 0.220347 0.389225
vt 0.216063 0.389225
vt 0.213921 0.389225
vt 0.211779 0.416465
vt 0.211779 0.389225
vt 0.280319 0.443702
vt 0.280319 0.436892
vt 0.280319 0.423273
vt 0.280319 0.430083
vt 0.280319 0.450511
vt 0.280319 0.491369
vt 0.280319 0.484559
vt 0.280319 0.477749
vt 0.280319 0.457321
vt 0.280319 0.464130
vt 0.280319 0.470940
vt 0.280319 0.498178
vt 0.263184 0.498178
vt 0.211779 0.443702
vt 0.211779 0.470931
vt 0.246049 0.498178
vt 0.228914 0.498178
vt 0.211779 0.498178
vt 0.056078 0.018288
vt 0.062309 0.009144
vt 0.056078 0.009144
vt 0.049847 0.018288
vt 0.049847 0.009144
vt 0.043616 0.018288
vt 0.043616 0.009144
vt 0.037385 0.018288
vt 0.037385 0.009144
vt 0.031154 0.018288
vt 0.031154 0.009144
vt 0.025188 0.018288
vt 0.025188 0.009144
vt 0.018693 0.018288
vt 0.018693 0.009144
vt 0.012462 0.018288
vt 0.012462 0.009144
vt 0.006231 0.018288
vt 0.006231 0.009144
vt 0.056078 0.027432
vt 0.062309 0.018288
vt 0.049847 0.027432
vt 0.043616 0.027432
vt 0.037385 0.027432
vt 0.031154 0.027432
vt 0.025188 0.027432
vt 0.018693 0.027432
vt 0.012462 0.027432
vt 0.006231 0.027432
vt 0.056078 0.036576
vt 0.062309 0.027432
vt 0.049847 0.036576
vt 0.043616 0.036576
vt 0.037385 0.036576
vt 0.031154 0.036576
vt 0.025188 0.036576
vt 0.018693 0.036576
vt 0.012462 0.036576
vt 0.006231 0.036576
vt 0.056078 0.045721
vt 0.062309 0.036576
vt 0.049847 0.045721
vt 0.043616 0.045721
vt 0.037385 0.045721
vt 0.031154 0.045721
vt 0.025188 0.045721
vt 0.018693 0.045721
vt 0.012462 0.045721
vt 0.006231 0.045721
vt 0.056078 0.054865
vt 0.062309 0.045721
vt 0.049847 0.054865
vt 0.043616 0.054865
vt 0.037385 0.054865
vt 0.031154 0.054865
vt 0.025188 0.054865
vt 0.018693 0.054865
vt 0.012462 0.054865
vt 0.006231 0.054865
vt 0.056078 0.064009
vt 0.062309 0.054865
vt 0.049847 0.064009
vt 0.043616 0.064009
vt 0.037385 0.064009
vt 0.031154 0.064009
vt 0.025188 0.064009
vt 0.018693 0.064009
vt 0.012462 0.064009
vt 0.006231 0.064009
vt 0.056078 0.073153
vt 0.062309 0.064009
vt 0.049847 0.073153
vt 0.043616 0.073153
vt 0.037385 0.073153
vt 0.031154 0.073153
vt 0.025188 0.073153
vt 0.018693 0.073153
vt 0.012462 0.073153
vt 0.006231 0.073153
vt 0.056078 0.082297
vt 0.062309 0.073153
vt 0.049847 0.082297
vt 0.043616 0.082297
vt 0.037385 0.082297
vt 0.031154 0.082297
vt 0.025188 0.082297
vt 0.018693 0.082297
vt 0.012462 0.082297
vt 0.006231 0.082297
vt 0.056078 0.091441
vt 0.062309 0.082297
vt 0.049847 0.091441
vt 0.043616 0.091441
vt 0.037385 0.091441
vt 0.031154 0.091441
vt 0.025188 0.091441
vt 0.018693 0.091441
vt 0.012462 0.091441
vt 0.006231 0.091441
vt 0.056078 0.100585
vt 0.062309 0.091441
vt 0.049847 0.100585
vt 0.043616 0.100585
vt 0.037385 0.100585
vt 0.031154 0.100585
vt 0.025188 0.100585
vt 0.018693 0.100585
vt 0.012462 0.100585
vt 0.006231 0.100585
vt 0.056078 0.109729
vt 0.062309 0.100585
vt 0.049847 0.109729
vt 0.043616 0.109729
vt 0.037385 0.109729
vt 0.031154 0.109729
vt 0.025188 0.109729
vt 0.018693 0.109729
vt 0.012462 0.109729
vt 0.006231 0.109729
vt 0.056078 0.118873
vt 0.062309 0.109729
vt 0.049847 0.118873
vt 0.043616 0.118873
vt 0.037385 0.118873
vt 0.031154 0.118873
vt 0.025188 0.118873
vt 0.018693 0.118873
vt 0.012462 0.118873
vt 0.006231 0.118873
vt 0.056078 0.128018
vt 0.062309 0.118873
vt 0.049847 0.128018
vt 0.043616 0.128018
vt 0.037385 0.128018
vt 0.031154 0.128018
vt 0.025188 0.128018
vt 0.018693 0.128018
vt 0.012462 0.128018
vt 0.006231 0.128018
vt 0.056078 0.137162
vt 0.062309 0.128018
vt 0.049847 0.137162
vt 0.043616 0.137162
vt 0.037385 0.137162
vt 0.031154 0.137162
vt 0.025188 0.137162
vt 0.018693 0.137162
vt 0.012462 0.137162
vt 0.006231 0.137162
vt 0.003115 0.141734
vt 0.003115 0.137162
vt 0.064256 0.000000
vt 0.068540 0.004572
vt 0.068540 0.000000
vt 0.059972 0.000000
vt 0.068540 0.013716
vt 0.068540 0.009144
vt 0.055688 0.000000
vt 0.051405 0.000000
vt 0.047121 0.000000
vt 0.042837 0.000000
vt 0.038554 0.000000
vt 0.034270 0.000000
vt 0.068540 0.022860
vt 0.068540 0.018288
vt 0.068540 0.032004
vt 0.068540 0.027432
vt 0.068540 0.041148
vt 0.068540 0.036576
vt 0.068540 0.050293
vt 0.068540 0.045721
vt 0.068540 0.054865
vt 0.068540 0.064009
vt 0.068540 0.059437
vt 0.068540 0.068581
vt 0.029986 0.000000
vt 0.025702 0.000000
vt 0.021419 0.000000
vt 0.017135 0.000000
vt 0.008567 0.000000
vt 0.004284 0.000000
vt 0.000000 0.004580
vt 0.002142 0.000000
vt 0.000000 0.000000
vt 0.000000 0.018288
vt 0.000000 0.009159
vt 0.000000 0.013716
vt 0.012851 0.000000
vt 0.000000 0.022860
vt 0.000000 0.027432
vt 0.000000 0.032004
vt 0.000000 0.050293
vt 0.000000 0.041148
vt 0.000000 0.059434
vt 0.000000 0.036576
vt 0.000000 0.045721
vt 0.000000 0.054865
vt 0.000000 0.064004
vt 0.000000 0.068577
vt 0.068540 0.077725
vt 0.068540 0.073153
vt 0.068540 0.086869
vt 0.068540 0.082297
vt 0.068540 0.096013
vt 0.068540 0.091441
vt 0.068540 0.105157
vt 0.068540 0.100585
vt 0.068540 0.114301
vt 0.068540 0.109729
vt 0.068540 0.123445
vt 0.068540 0.118873
vt 0.068540 0.128018
vt 0.062309 0.137162
vt 0.068540 0.132590
vt 0.068540 0.141734
vt 0.068540 0.137162
vt 0.064256 0.146306
vt 0.068540 0.146306
vt 0.059972 0.146306
vt 0.051405 0.146306
vt 0.042837 0.146306
vt 0.034270 0.146306
vt 0.025702 0.146306
vt 0.000000 0.077730
vt 0.000000 0.082305
vt 0.000000 0.086877
vt 0.000000 0.105157
vt 0.000000 0.096019
vt 0.000000 0.114297
vt 0.000000 0.091449
vt 0.000000 0.100585
vt 0.000000 0.109727
vt 0.000000 0.118866
vt 0.000000 0.123436
vt 0.017135 0.146306
vt 0.008567 0.146306
vt 0.006231 0.141734
vt 0.004284 0.146306
vt 0.000000 0.128007
vt 0.000000 0.132578
vt 0.000000 0.137152
vt 0.000000 0.141727
vt 0.002142 0.146306
vt 0.000000 0.146306
vt 0.201692 0.411016
vt 0.194770 0.400120
vt 0.194770 0.411016
vt 0.194770 0.432805
vt 0.180925 0.411016
vt 0.180925 0.432805
vt 0.167080 0.411016
vt 0.167080 0.432805
vt 0.153235 0.411016
vt 0.153235 0.432805
vt 0.194770 0.454595
vt 0.180925 0.454595
vt 0.167080 0.454595
vt 0.153235 0.454595
vt 0.194770 0.476386
vt 0.180925 0.476386
vt 0.167080 0.476386
vt 0.153235 0.476386
vt 0.195078 0.389225
vt 0.199362 0.389225
vt 0.201692 0.400120
vt 0.203646 0.389225
vt 0.190795 0.389225
vt 0.186511 0.389225
vt 0.207929 0.396035
vt 0.207929 0.389225
vt 0.207929 0.409595
vt 0.207929 0.402822
vt 0.207929 0.416369
vt 0.182227 0.389225
vt 0.177943 0.389225
vt 0.173660 0.389225
vt 0.169376 0.389225
vt 0.165092 0.389225
vt 0.160809 0.389225
vt 0.156525 0.389225
vt 0.152241 0.389225
vt 0.147957 0.389225
vt 0.143674 0.389225
vt 0.139390 0.389225
vt 0.139390 0.416466
vt 0.207929 0.443641
vt 0.207929 0.436787
vt 0.207929 0.423154
vt 0.207929 0.429959
vt 0.207929 0.450490
vt 0.207929 0.491329
vt 0.207929 0.484507
vt 0.207929 0.477702
vt 0.207929 0.470908
vt 0.207929 0.464114
vt 0.207929 0.457311
vt 0.207929 0.498178
vt 0.190795 0.498178
vt 0.139390 0.443702
vt 0.139390 0.470932
vt 0.173660 0.498178
vt 0.156525 0.498178
vt 0.139390 0.498178
vt 0.247688 0.017212
vt 0.253459 0.008606
vt 0.253459 0.017212
vt 0.241918 0.017212
vt 0.247688 0.008606
vt 0.236147 0.017212
vt 0.241918 0.008606
vt 0.230163 0.017212
vt 0.236147 0.008606
vt 0.224606 0.017212
vt 0.230163 0.008606
vt 0.218835 0.017212
vt 0.224606 0.008606
vt 0.213028 0.017212
vt 0.218835 0.008606
vt 0.207116 0.017212
vt 0.213028 0.008606
vt 0.201523 0.017212
vt 0.207116 0.008606
vt 0.195752 0.017212
vt 0.201523 0.008606
vt 0.247688 0.025819
vt 0.253459 0.025819
vt 0.241918 0.025819
vt 0.236147 0.025819
vt 0.230163 0.025819
vt 0.224606 0.025819
vt 0.218835 0.025819
vt 0.213028 0.025819
vt 0.207116 0.025819
vt 0.201523 0.025819
vt 0.195752 0.025819
vt 0.247688 0.034425
vt 0.253459 0.034425
vt 0.241918 0.034425
vt 0.236147 0.034425
vt 0.230163 0.034425
vt 0.224606 0.034425
vt 0.218835 0.034425
vt 0.213028 0.034425
vt 0.207116 0.034425
vt 0.201523 0.034425
vt 0.195752 0.034425
vt 0.247688 0.043031
vt 0.253459 0.043031
vt 0.241918 0.043031
vt 0.236147 0.043031
vt 0.230163 0.043031
vt 0.224606 0.043031
vt 0.218835 0.043031
vt 0.213028 0.043031
vt 0.207116 0.043031
vt 0.201523 0.043031
vt 0.195752 0.043031
vt 0.247688 0.051637
vt 0.253459 0.051637
vt 0.241918 0.051637
vt 0.236147 0.051637
vt 0.230163 0.051637
vt 0.224606 0.051637
vt 0.218835 0.051637
vt 0.213028 0.051637
vt 0.207116 0.051637
vt 0.201523 0.051637
vt 0.195752 0.051637
vt 0.247688 0.060534
vt 0.253459 0.060534
vt 0.241918 0.060534
vt 0.236147 0.060534
vt 0.230163 0.060534
vt 0.224606 0.060534
vt 0.218835 0.060534
vt 0.213028 0.060534
vt 0.207116 0.060534
vt 0.201523 0.060534
vt 0.195752 0.060534
vt 0.247688 0.068850
vt 0.253459 0.068850
vt 0.241918 0.068850
vt 0.236147 0.068850
vt 0.230163 0.068850
vt 0.224606 0.068850
vt 0.218835 0.068850
vt 0.213028 0.068850
vt 0.207116 0.068850
vt 0.201523 0.068850
vt 0.195752 0.068850
vt 0.247688 0.077456
vt 0.253459 0.077456
vt 0.241918 0.077456
vt 0.236147 0.077456
vt 0.230163 0.077456
vt 0.224606 0.077456
vt 0.218835 0.077456
vt 0.213028 0.077456
vt 0.207116 0.077456
vt 0.201523 0.077456
vt 0.195752 0.077456
vt 0.247688 0.086062
vt 0.253459 0.086062
vt 0.241918 0.086062
vt 0.236147 0.086062
vt 0.230163 0.086062
vt 0.224606 0.086062
vt 0.218835 0.086062
vt 0.213028 0.086062
vt 0.207116 0.086062
vt 0.201523 0.086062
vt 0.195752 0.086062
vt 0.247688 0.094668
vt 0.253459 0.094668
vt 0.241918 0.094668
vt 0.236147 0.094668
vt 0.230163 0.094668
vt 0.224606 0.094668
vt 0.218835 0.094668
vt 0.213028 0.094668
vt 0.207116 0.094668
vt 0.201523 0.094668
vt 0.195752 0.094668
vt 0.247688 0.103275
vt 0.253459 0.103275
vt 0.241918 0.103275
vt 0.236147 0.103275
vt 0.230163 0.103275
vt 0.224606 0.103275
vt 0.218835 0.103275
vt 0.213028 0.103275
vt 0.207116 0.103275
vt 0.201523 0.103275
vt 0.195752 0.103275
vt 0.247688 0.111881
vt 0.253459 0.111881
vt 0.241918 0.111881
vt 0.236147 0.111881
vt 0.230163 0.111881
vt 0.224606 0.111881
vt 0.218835 0.111881
vt 0.213028 0.111881
vt 0.207116 0.111881
vt 0.201523 0.111881
vt 0.195752 0.111881
vt 0.247688 0.120487
vt 0.253459 0.120487
vt 0.241918 0.120487
vt 0.236147 0.120487
vt 0.230163 0.120487
vt 0.224606 0.120487
vt 0.218835 0.120487
vt 0.213028 0.120487
vt 0.207116 0.120487
vt 0.201523 0.120487
vt 0.195752 0.120487
vt 0.247688 0.129115
vt 0.253459 0.129115
vt 0.241918 0.129115
vt 0.236147 0.129115
vt 0.230163 0.129115
vt 0.224606 0.129115
vt 0.218835 0.129115
vt 0.213028 0.129115
vt 0.207116 0.129115
vt 0.201523 0.129115
vt 0.195752 0.129115
vt 0.247688 0.137700
vt 0.253459 0.137700
vt 0.241918 0.137700
vt 0.236147 0.137700
vt 0.230163 0.137700
vt 0.224606 0.137700
vt 0.218835 0.137700
vt 0.213028 0.137700
vt 0.207116 0.137700
vt 0.201523 0.137700
vt 0.195752 0.137700
vt 0.192867 0.142003
vt 0.195752 0.142003
vt 0.254237 0.000000
vt 0.258521 0.000000
vt 0.258521 0.004313
vt 0.249954 0.000000
vt 0.258521 0.008694
vt 0.258521 0.013144
vt 0.258521 0.017663
vt 0.245670 0.000000
vt 0.232819 0.000000
vt 0.237102 0.000000
vt 0.228535 0.000000
vt 0.241386 0.000000
vt 0.224251 0.000000
vt 0.258521 0.022252
vt 0.258521 0.026911
vt 0.258521 0.031641
vt 0.258521 0.036443
vt 0.258521 0.045288
vt 0.258521 0.049791
vt 0.258521 0.054348
vt 0.258521 0.040839
vt 0.258521 0.058960
vt 0.258521 0.063628
vt 0.258521 0.068351
vt 0.258521 0.073130
vt 0.207116 0.000000
vt 0.211400 0.000000
vt 0.202833 0.000000
vt 0.215684 0.000000
vt 0.219967 0.000000
vt 0.195752 0.008606
vt 0.189981 0.004580
vt 0.194265 0.000000
vt 0.189981 0.000000
vt 0.198549 0.000000
vt 0.189981 0.009160
vt 0.189981 0.013738
vt 0.189981 0.018288
vt 0.189981 0.022860
vt 0.189981 0.027432
vt 0.189981 0.032004
vt 0.189981 0.045721
vt 0.189981 0.054865
vt 0.189981 0.036576
vt 0.189981 0.064004
vt 0.189981 0.041149
vt 0.189981 0.050293
vt 0.189981 0.059434
vt 0.189981 0.068577
vt 0.189981 0.073153
vt 0.258521 0.077664
vt 0.258521 0.082038
vt 0.258521 0.086543
vt 0.258521 0.091082
vt 0.258521 0.095655
vt 0.258521 0.100262
vt 0.258521 0.104905
vt 0.258521 0.114218
vt 0.258521 0.118768
vt 0.258521 0.123292
vt 0.258521 0.127847
vt 0.258521 0.109584
vt 0.258521 0.132443
vt 0.258521 0.137051
vt 0.254237 0.146306
vt 0.258521 0.141672
vt 0.258521 0.146306
vt 0.249954 0.146306
vt 0.241386 0.146306
vt 0.232819 0.146306
vt 0.224251 0.146306
vt 0.215684 0.146306
vt 0.189981 0.077730
vt 0.189981 0.082305
vt 0.189981 0.086878
vt 0.189981 0.100585
vt 0.189981 0.109728
vt 0.189981 0.091449
vt 0.189981 0.114297
vt 0.189981 0.096020
vt 0.189981 0.105157
vt 0.189981 0.118866
vt 0.189981 0.123436
vt 0.207116 0.146306
vt 0.198549 0.146306
vt 0.194265 0.146306
vt 0.192867 0.137700
vt 0.189981 0.128007
vt 0.189981 0.132579
vt 0.189981 0.137152
vt 0.189981 0.141727
vt 0.192123 0.146306
vt 0.189981 0.146306
vt 0.045018 0.392916
vt 0.049034 0.393499
vt 0.047051 0.391692
vt 0.044421 0.396733
vt 0.042161 0.395317
vt 0.044740 0.390342
vt 0.042202 0.389508
vt 0.037725 0.392916
vt 0.039548 0.394823
vt 0.048665 0.396606
vt 0.051688 0.398151
vt 0.050602 0.395684
vt 0.048665 0.403987
vt 0.052242 0.400792
vt 0.046023 0.398879
vt 0.046750 0.401467
vt 0.036894 0.389508
vt 0.039548 0.389225
vt 0.034356 0.390342
vt 0.034078 0.392916
vt 0.032045 0.391692
vt 0.030062 0.393499
vt 0.030431 0.396606
vt 0.036935 0.395317
vt 0.034675 0.396733
vt 0.032346 0.401467
vt 0.033073 0.398879
vt 0.027408 0.398151
vt 0.028494 0.395684
vt 0.030431 0.403987
vt 0.026854 0.400792
vt 0.051688 0.406134
vt 0.052242 0.403492
vt 0.048665 0.407678
vt 0.046505 0.404145
vt 0.045320 0.406553
vt 0.043356 0.408365
vt 0.045018 0.411368
vt 0.050602 0.408600
vt 0.049034 0.410785
vt 0.044740 0.413942
vt 0.047051 0.412592
vt 0.040877 0.409337
vt 0.042202 0.414777
vt 0.037725 0.411368
vt 0.039548 0.415059
vt 0.034078 0.411368
vt 0.033776 0.406553
vt 0.030431 0.407678
vt 0.032591 0.404145
vt 0.027408 0.406134
vt 0.026854 0.403492
vt 0.028494 0.408600
vt 0.035740 0.408365
vt 0.038219 0.409337
vt 0.034356 0.413942
vt 0.036894 0.414777
vt 0.030062 0.410785
vt 0.032045 0.412592
vt 0.056325 0.395865
vt 0.055016 0.402504
vt 0.056325 0.402504
vt 0.055016 0.395865
vt 0.053707 0.402504
vt 0.058942 0.395865
vt 0.057634 0.402504
vt 0.058942 0.402504
vt 0.057634 0.395865
vt 0.061461 0.395865
vt 0.060202 0.402504
vt 0.061461 0.402504
vt 0.060202 0.395865
vt 0.062720 0.395865
vt 0.063980 0.402504
vt 0.063980 0.395865
vt 0.065232 0.395865
vt 0.065232 0.402504
vt 0.093035 0.402504
vt 0.094287 0.395865
vt 0.093035 0.395865
vt 0.099522 0.395865
vt 0.098214 0.402504
vt 0.099522 0.402504
vt 0.098214 0.395865
vt 0.096905 0.402504
vt 0.102041 0.395865
vt 0.100782 0.402504
vt 0.102041 0.402504
vt 0.100782 0.395865
vt 0.104560 0.395865
vt 0.103301 0.402504
vt 0.104560 0.402504
vt 0.103301 0.395865
vt 0.107064 0.395865
vt 0.105812 0.402504
vt 0.107064 0.402504
vt 0.105812 0.395865
vt 0.109569 0.395865
vt 0.108317 0.402504
vt 0.109569 0.402504
vt 0.108317 0.395865
vt 0.112073 0.395865
vt 0.110821 0.402504
vt 0.112073 0.402504
vt 0.110821 0.395865
vt 0.114578 0.395865
vt 0.113325 0.402504
vt 0.114578 0.402504
vt 0.113325 0.395865
vt 0.118504 0.402504
vt 0.117195 0.409143
vt 0.118504 0.409143
vt 0.119813 0.402504
vt 0.119813 0.409143
vt 0.117195 0.395865
vt 0.115886 0.402504
vt 0.117195 0.402504
vt 0.115886 0.395865
vt 0.119813 0.395865
vt 0.118504 0.395865
vt 0.123591 0.402504
vt 0.122331 0.409143
vt 0.123591 0.409143
vt 0.124850 0.402504
vt 0.124850 0.409143
vt 0.121072 0.402504
vt 0.121072 0.409143
vt 0.122331 0.402504
vt 0.122331 0.395865
vt 0.121072 0.395865
vt 0.124850 0.395865
vt 0.123591 0.395865
vt 0.127355 0.395865
vt 0.126102 0.402504
vt 0.127355 0.402504
vt 0.126102 0.395865
vt 0.129859 0.395865
vt 0.128607 0.402504
vt 0.129859 0.402504
vt 0.128607 0.395865
vt 0.132363 0.395865
vt 0.131111 0.402504
vt 0.132363 0.402504
vt 0.131111 0.395865
vt 0.134868 0.395865
vt 0.133615 0.402504
vt 0.134868 0.402504
vt 0.133615 0.395865
vt 0.053707 0.389225
vt 0.053707 0.395865
vt 0.059118 0.389225
vt 0.056413 0.389225
vt 0.061823 0.389225
vt 0.067234 0.389225
vt 0.064529 0.389225
vt 0.067793 0.402020
vt 0.069939 0.389225
vt 0.072899 0.399799
vt 0.075350 0.389225
vt 0.072645 0.389225
vt 0.080761 0.389225
vt 0.078055 0.389225
vt 0.078383 0.398815
vt 0.075605 0.399117
vt 0.086171 0.389225
vt 0.083466 0.389225
vt 0.083912 0.399393
vt 0.091582 0.389225
vt 0.088877 0.389225
vt 0.089129 0.401353
vt 0.081173 0.398904
vt 0.094287 0.389225
vt 0.096905 0.395865
vt 0.099698 0.389225
vt 0.096993 0.389225
vt 0.102403 0.389225
vt 0.053707 0.410939
vt 0.058414 0.407954
vt 0.063031 0.404891
vt 0.094047 0.404076
vt 0.105109 0.389225
vt 0.098748 0.407087
vt 0.103451 0.410085
vt 0.107814 0.389225
vt 0.110520 0.389225
vt 0.115930 0.389225
vt 0.113225 0.389225
vt 0.118636 0.389225
vt 0.121341 0.389225
vt 0.124046 0.389225
vt 0.126752 0.389225
vt 0.129457 0.389225
vt 0.132162 0.389225
vt 0.134868 0.389225
vt 0.108352 0.412791
vt 0.113518 0.414834
vt 0.119005 0.415759
vt 0.121803 0.415712
vt 0.129879 0.413539
vt 0.124577 0.415302
vt 0.134868 0.410939
vt 0.018165 0.392916
vt 0.022180 0.393499
vt 0.020197 0.391692
vt 0.017567 0.396733
vt 0.015307 0.395317
vt 0.017886 0.390342
vt 0.015348 0.389508
vt 0.010871 0.392916
vt 0.012694 0.394823
vt 0.021812 0.396606
vt 0.024834 0.398151
vt 0.023749 0.395684
vt 0.021812 0.403987
vt 0.025389 0.400792
vt 0.019169 0.398879
vt 0.019897 0.401467
vt 0.010041 0.389508
vt 0.012694 0.389225
vt 0.007503 0.390342
vt 0.007224 0.392916
vt 0.005192 0.391692
vt 0.003209 0.393499
vt 0.003577 0.396606
vt 0.010081 0.395317
vt 0.007821 0.396733
vt 0.005492 0.401467
vt 0.006220 0.398879
vt 0.000555 0.398151
vt 0.001640 0.395684
vt 0.003577 0.403987
vt 0.000000 0.400792
vt 0.024834 0.406134
vt 0.025389 0.403492
vt 0.021812 0.407678
vt 0.019651 0.404145
vt 0.018467 0.406553
vt 0.016502 0.408365
vt 0.018165 0.411368
vt 0.023749 0.408600
vt 0.022180 0.410785
vt 0.017886 0.413942
vt 0.020197 0.412592
vt 0.014023 0.409337
vt 0.015348 0.414777
vt 0.010871 0.411368
vt 0.012694 0.415059
vt 0.007224 0.411368
vt 0.006922 0.406553
vt 0.003577 0.407678
vt 0.005737 0.404145
vt 0.000555 0.406134
vt 0.000000 0.403492
vt 0.001640 0.408600
vt 0.008887 0.408365
vt 0.011365 0.409337
vt 0.007503 0.413942
vt 0.010041 0.414777
vt 0.003209 0.410785
vt 0.005192 0.412592
vt 0.127288 0.483163
vt 0.117040 0.480545
vt 0.117040 0.483163
vt 0.106792 0.480545
vt 0.106792 0.483163
vt 0.127288 0.488200
vt 0.117040 0.485682
vt 0.117040 0.488200
vt 0.127288 0.485682
vt 0.106792 0.485682
vt 0.106792 0.488200
vt 0.127288 0.493209
vt 0.117040 0.490705
vt 0.117040 0.493209
vt 0.127288 0.490705
vt 0.106792 0.490705
vt 0.106792 0.493209
vt 0.127288 0.498218
vt 0.117040 0.495713
vt 0.117040 0.498218
vt 0.127288 0.495713
vt 0.106792 0.495713
vt 0.106792 0.498218
vt 0.127288 0.503453
vt 0.117040 0.500835
vt 0.117040 0.503453
vt 0.127288 0.500835
vt 0.106792 0.500835
vt 0.106792 0.503453
vt 0.127288 0.508490
vt 0.117040 0.505972
vt 0.117040 0.508490
vt 0.127288 0.505972
vt 0.106792 0.505972
vt 0.106792 0.508490
vt 0.127288 0.513499
vt 0.117040 0.510995
vt 0.117040 0.513499
vt 0.127288 0.510995
vt 0.106792 0.510995
vt 0.106792 0.513499
vt 0.127288 0.518508
vt 0.117040 0.516003
vt 0.117040 0.518508
vt 0.127288 0.516003
vt 0.106792 0.516003
vt 0.106792 0.518508
vt 0.127288 0.523743
vt 0.117040 0.521125
vt 0.117040 0.523743
vt 0.127288 0.521125
vt 0.106792 0.521125
vt 0.106792 0.523743
vt 0.127288 0.528780
vt 0.117040 0.526262
vt 0.117040 0.528780
vt 0.127288 0.526262
vt 0.106792 0.526262
vt 0.106792 0.528780
vt 0.127288 0.533789
vt 0.117040 0.531285
vt 0.117040 0.533789
vt 0.127288 0.531285
vt 0.127288 0.538798
vt 0.117040 0.536294
vt 0.117040 0.538798
vt 0.127288 0.536294
vt 0.127288 0.544033
vt 0.117040 0.541415
vt 0.117040 0.544033
vt 0.127288 0.541415
vt 0.127288 0.549071
vt 0.117040 0.546552
vt 0.117040 0.549071
vt 0.127288 0.546552
vt 0.127288 0.554079
vt 0.117040 0.551575
vt 0.117040 0.554079
vt 0.127288 0.551575
vt 0.127288 0.559088
vt 0.117040 0.556584
vt 0.117040 0.559088
vt 0.127288 0.556584
vt 0.137537 0.477928
vt 0.127288 0.480545
vt 0.137537 0.480633
vt 0.137537 0.483338
vt 0.137537 0.486044
vt 0.137537 0.488749
vt 0.137537 0.491454
vt 0.137537 0.494160
vt 0.127288 0.477928
vt 0.137537 0.499570
vt 0.137537 0.496865
vt 0.137537 0.502276
vt 0.137537 0.507686
vt 0.137537 0.504981
vt 0.137537 0.510392
vt 0.137537 0.515803
vt 0.137537 0.513097
vt 0.137537 0.518508
vt 0.117040 0.477928
vt 0.103122 0.482595
vt 0.101214 0.487202
vt 0.104927 0.477928
vt 0.099367 0.491957
vt 0.097861 0.496709
vt 0.096905 0.501287
vt 0.096548 0.505599
vt 0.096744 0.509690
vt 0.097432 0.513678
vt 0.098569 0.517714
vt 0.137537 0.521213
vt 0.137537 0.523919
vt 0.137537 0.526624
vt 0.137537 0.529329
vt 0.137537 0.532035
vt 0.137537 0.534740
vt 0.137537 0.537445
vt 0.137537 0.542856
vt 0.137537 0.540151
vt 0.137537 0.545561
vt 0.137537 0.550972
vt 0.137537 0.548267
vt 0.137537 0.556383
vt 0.137537 0.553677
vt 0.137537 0.559088
vt 0.105781 0.535898
vt 0.106983 0.540594
vt 0.104006 0.531076
vt 0.100121 0.521925
vt 0.102004 0.526376
vt 0.107484 0.544961
vt 0.107366 0.549024
vt 0.106736 0.552966
vt 0.105647 0.556971
vt 0.104927 0.559088
vt 0.481748 0.144380
vt 0.489306 0.150055
vt 0.493564 0.142662
vt 0.505498 0.142084
vt 0.497369 0.149012
vt 0.505497 0.148691
vt 0.481340 0.151964
vt 0.477634 0.153581
vt 0.456606 0.162107
vt 0.458883 0.151160
vt 0.454676 0.152956
vt 0.470154 0.147219
vt 0.450543 0.154907
vt 0.446488 0.157008
vt 0.448150 0.166114
vt 0.474321 0.155915
vt 0.440023 0.170810
vt 0.442516 0.159257
vt 0.438631 0.161649
vt 0.434838 0.164181
vt 0.431141 0.166849
vt 0.432316 0.176174
vt 0.424055 0.172579
vt 0.425111 0.182132
vt 0.427545 0.169650
vt 0.418440 0.188666
vt 0.420674 0.175633
vt 0.414261 0.182102
vt 0.417408 0.178809
vt 0.408343 0.189026
vt 0.412332 0.195756
vt 0.411238 0.185509
vt 0.405580 0.192650
vt 0.406855 0.203333
vt 0.402955 0.196377
vt 0.400474 0.200199
vt 0.395955 0.208101
vt 0.402063 0.211317
vt 0.398140 0.204109
vt 0.393921 0.212170
vt 0.397966 0.219675
vt 0.392040 0.216309
vt 0.394576 0.228378
vt 0.388744 0.224779
vt 0.390314 0.220514
vt 0.391925 0.237311
vt 0.386079 0.233464
vt 0.387331 0.229097
vt 0.388901 0.255584
vt 0.390034 0.246380
vt 0.383297 0.246801
vt 0.384988 0.237874
vt 0.384060 0.242321
vt 0.382272 0.255832
vt 0.382700 0.251306
vt 0.382014 0.260372
vt 0.388523 0.264922
vt 0.381927 0.264922
vt 0.442517 0.370588
vt 0.448148 0.363729
vt 0.440023 0.359034
vt 0.434839 0.365664
vt 0.432324 0.353678
vt 0.438632 0.368196
vt 0.456604 0.367737
vt 0.450544 0.374938
vt 0.446489 0.372837
vt 0.431142 0.362996
vt 0.420674 0.354211
vt 0.418467 0.341211
vt 0.417408 0.351036
vt 0.425131 0.347734
vt 0.414261 0.347743
vt 0.427546 0.360195
vt 0.424055 0.357266
vt 0.493564 0.387183
vt 0.497353 0.380830
vt 0.489287 0.379787
vt 0.481748 0.385465
vt 0.481430 0.377820
vt 0.505498 0.387760
vt 0.505497 0.381154
vt 0.477679 0.376235
vt 0.474321 0.373930
vt 0.470154 0.382625
vt 0.454677 0.376889
vt 0.458883 0.378685
vt 0.390061 0.283550
vt 0.388910 0.274290
vt 0.383297 0.283045
vt 0.382014 0.269473
vt 0.388744 0.305067
vt 0.394610 0.301551
vt 0.391966 0.292653
vt 0.387332 0.300748
vt 0.390314 0.309331
vt 0.384988 0.291971
vt 0.386079 0.296381
vt 0.382272 0.274013
vt 0.382700 0.278539
vt 0.384060 0.287524
vt 0.405580 0.337195
vt 0.406868 0.326527
vt 0.402955 0.333468
vt 0.412355 0.334118
vt 0.400474 0.329646
vt 0.411238 0.344336
vt 0.408342 0.340818
vt 0.392041 0.313536
vt 0.393922 0.317675
vt 0.397984 0.310195
vt 0.395955 0.321744
vt 0.398140 0.325736
vt 0.402074 0.318536
vt 0.538163 0.059166
vt 0.516818 0.070806
vt 0.532221 0.055735
vt 0.501883 0.074807
vt 0.487870 0.081342
vt 0.562560 0.074807
vt 0.547625 0.070806
vt 0.576573 0.081342
vt 0.708125 0.001348
vt 0.743935 0.000000
vt 0.723060 0.005349
vt 0.737074 0.011884
vt 0.692722 0.000000
vt 0.769541 0.044352
vt 0.760673 0.031686
vt 0.749739 0.020753
vt 0.535406 0.162684
vt 0.535406 0.111471
vt 0.536753 0.126874
vt 0.547290 0.155823
vt 0.540755 0.141809
vt 0.556158 0.168488
vt 0.567092 0.179422
vt 0.579758 0.188290
vt 0.532221 0.025607
vt 0.487870 0.000000
vt 0.501883 0.006535
vt 0.516818 0.010536
vt 0.532221 0.011884
vt 0.562560 0.006535
vt 0.576573 0.000000
vt 0.547625 0.010536
vt 0.532221 0.137077
vt 0.500535 0.120340
vt 0.487870 0.111471
vt 0.520337 0.143939
vt 0.511469 0.131273
vt 0.530874 0.172887
vt 0.526872 0.157952
vt 0.532221 0.188290
vt 0.069486 0.209087
vt 0.138973 0.139391
vt 0.069486 0.139391
vt 0.138973 0.348478
vt 0.069486 0.278783
vt 0.069486 0.348478
vt 0.208459 0.069696
vt 0.208459 0.139391
vt 0.208459 0.348478
vt 0.138973 0.418174
vt 0.208459 0.418174
vt 0.347432 0.139391
vt 0.277946 0.069696
vt 0.277946 0.139391
vt 0.347432 0.348478
vt 0.277946 0.418174
vt 0.347432 0.418174
vt 0.416918 0.209087
vt 0.416918 0.139391
vt 0.416918 0.278783
vt 0.416918 0.348478
vt 0.041109 0.108468
vt 0.028909 0.129029
vt 0.055245 0.089204
vt 0.071232 0.071447
vt 0.018733 0.150677
vt 0.001214 0.220040
vt 0.000000 0.243935
vt 0.004799 0.196392
vt 0.010667 0.173201
vt 0.088936 0.055412
vt 0.138973 0.069696
vt 0.128642 0.028996
vt 0.108143 0.041233
vt 0.150224 0.018789
vt 0.195802 0.004813
vt 0.172681 0.010700
vt 0.219379 0.001218
vt 0.154765 0.192722
vt 0.198984 0.167115
vt 0.243202 0.141509
vt 0.243202 0.000000
vt 0.154765 0.243935
vt 0.010667 0.314669
vt 0.004799 0.291478
vt 0.001214 0.267830
vt 0.018733 0.337193
vt 0.071232 0.416423
vt 0.028909 0.358841
vt 0.041109 0.379401
vt 0.055245 0.398665
vt 0.088936 0.432458
vt 0.108143 0.446637
vt 0.154765 0.295148
vt 0.198984 0.320754
vt 0.128642 0.458874
vt 0.243202 0.346361
vt 0.172681 0.477170
vt 0.150224 0.469080
vt 0.219379 0.486652
vt 0.195802 0.483056
vt 0.243202 0.487870
vt 0.277946 0.348478
vt 0.267025 0.001218
vt 0.290602 0.004813
vt 0.336181 0.018789
vt 0.313724 0.010700
vt 0.357763 0.028996
vt 0.347432 0.069696
vt 0.287421 0.167115
vt 0.331640 0.192722
vt 0.415172 0.071447
vt 0.378262 0.041233
vt 0.397468 0.055412
vt 0.445296 0.108468
vt 0.431159 0.089204
vt 0.457496 0.129029
vt 0.467672 0.150677
vt 0.475737 0.173201
vt 0.481606 0.196392
vt 0.485191 0.220040
vt 0.486405 0.243935
vt 0.331640 0.243935
vt 0.287421 0.320754
vt 0.331640 0.295148
vt 0.290602 0.483056
vt 0.267025 0.486652
vt 0.313724 0.477170
vt 0.336181 0.469080
vt 0.357763 0.458874
vt 0.415172 0.416423
vt 0.467672 0.337193
vt 0.475737 0.314669
vt 0.457496 0.358841
vt 0.481606 0.291478
vt 0.485191 0.267830
vt 0.378262 0.446637
vt 0.397468 0.432458
vt 0.431159 0.398665
vt 0.445296 0.379401
vt 0.768443 0.311941
vt 0.743202 0.345205
vt 0.768443 0.345205
vt 0.743202 0.311941
vt 0.743202 0.278677
vt 0.692722 0.278677
vt 0.692722 0.345205
vt 0.692722 0.411733
vt 0.743202 0.411733
vt 0.793683 0.278677
vt 0.786920 0.278677
vt 0.793683 0.345205
vt 0.793683 0.411733
vt 0.845628 0.311941
vt 0.820388 0.345205
vt 0.845628 0.345205
vt 0.820388 0.311941
vt 0.801911 0.278677
vt 0.795148 0.278677
vt 0.845628 0.278677
vt 0.795148 0.345205
vt 0.795148 0.411733
vt 0.845628 0.411733
vt 0.896109 0.278677
vt 0.896109 0.345205
vt 0.896109 0.411733
vt 0.538350 0.278677
vt 0.588831 0.345205
vt 0.588831 0.278677
vt 0.487870 0.278677
vt 0.487870 0.345205
vt 0.538350 0.411733
vt 0.487870 0.411733
vt 0.588831 0.411733
vt 0.582942 0.066528
vt 0.634155 0.000000
vt 0.582942 0.000000
vt 0.582942 0.133055
vt 0.634155 0.133055
vt 0.685368 0.066528
vt 0.685368 0.133055
vt 0.685368 0.000000
vt 0.640776 0.278677
vt 0.590296 0.345205
vt 0.640776 0.411733
vt 0.590296 0.411733
vt 0.590296 0.278677
vt 0.691257 0.345205
vt 0.691257 0.278677
vt 0.691257 0.411733
vt 0.831729 0.000000
vt 0.882942 0.066528
vt 0.882942 0.000000
vt 0.780516 0.000000
vt 0.780516 0.066528
vt 0.831729 0.133055
vt 0.780516 0.133055
vt 0.882942 0.133055
vt 0.718328 0.183690
vt 0.712524 0.162938
vt 0.725190 0.171806
vt 0.692722 0.139339
vt 0.701590 0.152004
vt 0.754138 0.182343
vt 0.769541 0.183690
vt 0.739203 0.178341
vt 0.948055 0.010663
vt 0.998535 0.000000
vt 0.948055 0.000000
vt 0.948055 0.020740
vt 0.998535 0.010663
vt 0.948055 0.030818
vt 0.998535 0.020740
vt 0.948055 0.040895
vt 0.998535 0.030818
vt 0.948055 0.050756
vt 0.998535 0.040895
vt 0.948055 0.060558
vt 0.998535 0.050756
vt 0.948055 0.070360
vt 0.998535 0.060558
vt 0.948055 0.080162
vt 0.998535 0.070360
vt 0.948055 0.089963
vt 0.998535 0.080162
vt 0.948055 0.099765
vt 0.998535 0.089963
vt 0.948055 0.109567
vt 0.998535 0.099765
vt 0.948055 0.119369
vt 0.998535 0.109567
vt 0.948055 0.129717
vt 0.998535 0.119369
vt 0.948055 0.138972
vt 0.998535 0.129717
vt 0.948055 0.149636
vt 0.998535 0.138972
vt 0.948055 0.159713
vt 0.998535 0.149636
vt 0.948055 0.169790
vt 0.998535 0.159713
vt 0.948055 0.179867
vt 0.998535 0.169790
vt 0.948055 0.189729
vt 0.998535 0.179867
vt 0.948055 0.199530
vt 0.998535 0.189729
vt 0.948055 0.209332
vt 0.998535 0.199530
vt 0.948055 0.219134
vt 0.998535 0.209332
vt 0.948055 0.228936
vt 0.998535 0.219134
vt 0.948055 0.238738
vt 0.998535 0.228936
vt 0.948055 0.248539
vt 0.998535 0.238738
vt 0.948055 0.258341
vt 0.998535 0.248539
vt 0.948055 0.268689
vt 0.998535 0.258341
vt 0.948055 0.277945
vt 0.998535 0.268689
vt 0.948055 0.288608
vt 0.998535 0.277945
vt 0.948055 0.298685
vt 0.998535 0.288608
vt 0.948055 0.308762
vt 0.998535 0.298685
vt 0.948055 0.318839
vt 0.998535 0.308762
vt 0.948055 0.328701
vt 0.998535 0.318839
vt 0.948055 0.338503
vt 0.998535 0.328701
vt 0.948055 0.348305
vt 0.998535 0.338503
vt 0.948055 0.358106
vt 0.998535 0.348305
vt 0.948055 0.367908
vt 0.998535 0.358106
vt 0.948055 0.377710
vt 0.998535 0.367908
vt 0.948055 0.387512
vt 0.998535 0.377710
vt 0.948055 0.397314
vt 0.998535 0.387512
vt 0.948055 0.407662
vt 0.998535 0.397314
vt 0.948055 0.416917
vt 0.998535 0.407662
vt 0.948055 0.427580
vt 0.998535 0.416917
vt 0.948055 0.437657
vt 0.998535 0.427580
vt 0.948055 0.447735
vt 0.998535 0.437657
vt 0.948055 0.457812
vt 0.998535 0.447735
vt 0.948055 0.467673
vt 0.998535 0.457812
vt 0.948055 0.477475
vt 0.998535 0.467673
vt 0.948055 0.487277
vt 0.998535 0.477475
vt 0.948055 0.497079
vt 0.998535 0.487277
vt 0.948055 0.506881
vt 0.998535 0.497079
vt 0.948055 0.516682
vt 0.998535 0.506881
vt 0.948055 0.526484
vt 0.998535 0.516682
vt 0.948055 0.536286
vt 0.998535 0.526484
vt 0.948055 0.546634
vt 0.998535 0.536286
vt 0.948055 0.555889
vt 0.998535 0.546634
vt 0.897574 0.000000
vt 0.897574 0.030883
vt 0.897574 0.015441
vt 0.897574 0.061765
vt 0.897574 0.077207
vt 0.897574 0.092648
vt 0.897574 0.046324
vt 0.897574 0.108090
vt 0.897574 0.123531
vt 0.897574 0.138972
vt 0.897574 0.154414
vt 0.897574 0.169855
vt 0.897574 0.185296
vt 0.897574 0.200738
vt 0.897574 0.216179
vt 0.897574 0.231621
vt 0.897574 0.247062
vt 0.897574 0.262503
vt 0.897574 0.277945
vt 0.897574 0.293386
vt 0.897574 0.308827
vt 0.897574 0.324269
vt 0.897574 0.339710
vt 0.897574 0.355152
vt 0.897574 0.370593
vt 0.897574 0.386034
vt 0.897574 0.401476
vt 0.897574 0.416917
vt 0.897574 0.432358
vt 0.897574 0.447800
vt 0.897574 0.463241
vt 0.897574 0.478683
vt 0.897574 0.494124
vt 0.897574 0.509565
vt 0.897574 0.525007
vt 0.897574 0.540448
vt 0.897574 0.555889
vt 0.535406 0.137077
vt 0.540755 0.157952
vt 0.547290 0.143939
vt 0.535406 0.188290
vt 0.536753 0.172887
vt 0.557582 0.124274
vt 0.579758 0.111471
vt 0.567092 0.120340
vt 0.556158 0.131273
vt 0.743935 0.139339
vt 0.769541 0.139339
vt 0.754138 0.140686
vt 0.718328 0.139339
vt 0.739203 0.144688
vt 0.725190 0.151223
vt 0.712524 0.160091
vt 0.705525 0.161514
vt 0.692722 0.183690
vt 0.701590 0.171025
vt 0.554397 0.012803
vt 0.510046 0.124274
vt 0.532221 0.162684
vt 0.347432 0.209087
vt 0.138973 0.209087
vt 0.347432 0.278783
vt 0.267026 0.001218
vt 0.294262 0.155231
vt 0.319791 0.199583
vt 0.345321 0.243935
vt 0.243202 0.155231
vt 0.192143 0.155231
vt 0.175123 0.184799
vt 0.158104 0.214367
vt 0.138973 0.278783
vt 0.141084 0.243935
vt 0.319791 0.288287
vt 0.294262 0.332638
vt 0.267026 0.486652
vt 0.243202 0.332638
vt 0.166614 0.288287
vt 0.192143 0.332638
vt 0.870869 0.345205
vt 0.820388 0.278677
vt 0.870869 0.311941
vt 0.889346 0.278677
vt 0.717962 0.345205
vt 0.717962 0.311941
vt 0.699485 0.278677
vt 0.768443 0.278677
vt 0.780516 0.044352
vt 0.857335 0.133055
vt 0.780516 0.088704
vt 0.590296 0.323029
vt 0.615536 0.278677
vt 0.590296 0.367381
vt 0.623949 0.411733
vt 0.691257 0.323029
vt 0.666017 0.278677
vt 0.657603 0.411733
vt 0.691257 0.367381
vt 0.582942 0.044352
vt 0.582942 0.088704
vt 0.659761 0.000000
vt 0.563591 0.278677
vt 0.513110 0.278677
vt 0.718328 0.044352
vt 0.705525 0.022176
vt 0.712524 0.023599
vt 0.701590 0.012666
vt 0.754138 0.043004
vt 0.725190 0.032468
vt 0.739203 0.039002
vt 0.718328 0.000000
vt 0.756738 0.022176
vt 0.557582 0.175487
vt 0.510046 0.012803
vt 0.756738 0.161514
vt 0.760673 0.152004
vt 0.737074 0.171806
vt 0.749739 0.162938
vt 0.743935 0.183690
vt 0.723060 0.178341
vt 0.708125 0.182343
vt 0.717962 0.278677
vt 0.634155 0.033264
vt 0.608548 0.066528
vt 0.634155 0.066528
vt 0.608548 0.033264
vt 0.589803 0.000000
vt 0.615536 0.411733
vt 0.666017 0.411733
vt 0.870869 0.278677
vt 0.857335 0.000000
vt 0.806122 0.000000
vt 0.510046 0.175487
vt 0.511469 0.168488
vt 0.487870 0.188290
vt 0.500535 0.179422
vt 0.520337 0.155823
vt 0.530874 0.126874
vt 0.532221 0.111471
vt 0.526872 0.141809
vt 0.510046 0.068539
vt 0.532221 0.069458
vt 0.554397 0.068539
vt 0.487870 0.162684
vt 0.489217 0.126874
vt 0.499754 0.155823
vt 0.493219 0.141809
vt 0.508622 0.168488
vt 0.519556 0.179422
vt 0.538163 0.022176
vt 0.557368 0.011088
vt 0.743935 0.044352
vt 0.760673 0.012666
vt 0.769541 0.000000
vt 0.737074 0.032468
vt 0.749739 0.023599
vt 0.708125 0.043004
vt 0.723060 0.039002
vt 0.692722 0.044352
vt 0.166614 0.199583
vt 0.659761 0.033264
vt 0.659761 0.066528
vt 0.656331 0.000000
vt 0.678507 0.000000
vt 0.831729 0.033264
vt 0.806122 0.066528
vt 0.831729 0.066528
vt 0.806122 0.033264
vt 0.787377 0.000000
vt 0.880462 0.229144
vt 0.998535 0.138383
vt 0.998535 0.391647
vt 0.084447 0.477928
vt 0.959178 0.035568
vt 0.959178 0.106703
vt 0.919820 0.210184
vt 0.801747 0.210184
vt 0.000000 0.073153
s 1
usemtl glacier_white
f 71/1/1 106/2/2 72/3/3
f 72/3/3 106/2/2 73/4/3
f 104/5/2 75/6/4 105/7/5
f 73/4/3 105/7/5 74/8/6
f 75/6/4 74/8/6 105/7/5
f 104/5/2 76/9/3 75/6/4
f 73/4/3 106/2/2 105/7/5
f 68/10/7 67/11/3 108/12/2
f 69/13/8 68/10/7 108/12/2
f 70/14/3 107/15/5 71/1/1
f 106/2/2 71/1/1 107/15/5
f 107/15/5 69/13/8 108/12/2
f 70/14/3 69/13/8 107/15/5
f 66/16/9 108/12/2 67/11/3
f 80/17/10 102/18/3 81/19/7
f 81/19/7 102/18/3 82/20/11
f 101/21/9 85/22/7 84/23/12
f 84/23/12 83/24/3 101/21/9
f 82/20/11 101/21/9 83/24/3
f 101/21/9 100/25/13 85/22/7
f 103/26/9 77/27/14 104/5/2
f 78/28/3 77/27/14 103/26/9
f 76/9/3 104/5/2 77/27/14
f 80/17/10 103/26/9 102/18/3
f 101/21/9 82/20/11 102/18/3
f 80/17/10 79/29/3 103/26/9
f 78/28/3 103/26/9 79/29/3
f 4/30/15 7/31/1 114/32/16
f 4/30/15 114/32/16 5/33/3
f 56/34/3 55/35/7 114/32/16
f 7/31/1 4/30/15 8/36/17
f 113/37/15 57/38/18 56/34/3
f 5/33/3 114/32/16 55/35/7
f 3/39/19 8/36/17 4/30/15
f 2/40/3 1/41/20 11/42/3
f 3/39/19 2/40/3 10/43/19
f 3/39/19 10/43/19 9/44/3
f 1/41/20 6/45/20 11/42/3
f 2/40/3 11/42/3 10/43/19
f 9/44/3 8/36/17 3/39/19
f 63/46/7 62/47/7 110/48/21
f 64/49/14 63/46/7 110/48/21
f 109/50/3 66/16/9 65/51/22
f 109/50/3 64/49/14 110/48/21
f 109/50/3 108/12/2 66/16/9
f 65/51/22 64/49/14 109/50/3
f 111/52/14 110/48/21 62/47/7
f 59/53/18 58/54/18 112/55/3
f 58/54/18 57/38/18 113/37/15
f 113/37/15 56/34/3 114/32/16
f 112/55/3 60/56/23 59/53/18
f 60/56/23 112/55/3 111/52/14
f 62/47/7 61/57/3 111/52/14
f 112/55/3 58/54/18 113/37/15
f 111/52/14 61/57/3 60/56/23
f 23/58/7 85/22/7 100/25/13
f 25/59/3 24/60/24 99/61/9
f 25/59/3 99/61/9 26/62/7
f 28/63/25 27/64/7 98/65/8
f 98/65/8 29/66/15 28/63/25
f 26/62/7 99/61/9 27/64/7
f 30/67/7 29/66/15 97/68/3
f 99/61/9 24/60/24 100/25/13
f 98/65/8 27/64/7 99/61/9
f 97/68/3 32/69/3 31/70/7
f 32/69/3 97/68/3 96/71/8
f 96/71/8 33/72/13 32/69/3
f 29/66/15 98/65/8 97/68/3
f 31/70/7 30/67/7 97/68/3
f 23/58/7 100/25/13 24/60/24
f 96/71/8 95/73/8 34/74/3
f 35/75/7 34/74/3 95/73/8
f 33/72/13 96/71/8 34/74/3
f 94/76/13 36/77/7 95/73/8
f 94/76/13 37/78/26 36/77/7
f 36/77/7 35/75/7 95/73/8
f 38/79/27 37/78/26 94/76/13
f 94/76/13 93/80/8 38/79/27
f 39/81/7 38/79/27 93/80/8
f 40/82/7 39/81/7 93/80/8
f 92/83/3 41/84/28 40/82/7
f 43/85/3 42/86/29 92/83/3
f 41/84/28 92/83/3 42/86/29
f 93/80/8 92/83/3 40/82/7
f 45/87/14 91/88/30 90/89/31
f 92/83/3 91/88/30 43/85/3
f 43/85/3 91/88/30 44/90/32
f 90/89/31 46/91/7 45/87/14
f 46/91/7 90/89/31 47/92/16
f 45/87/14 44/90/32 91/88/30
f 89/93/3 47/92/16 90/89/31
f 49/94/13 89/93/3 88/95/33
f 47/92/16 89/93/3 48/96/34
f 48/96/34 89/93/3 49/94/13
f 87/97/31 51/98/3 88/95/33
f 87/97/31 86/99/14 53/100/7
f 50/101/13 88/95/33 51/98/3
f 49/94/13 88/95/33 50/101/13
f 52/102/7 87/97/31 53/100/7
f 86/99/14 54/103/7 53/100/7
f 51/98/3 87/97/31 52/102/7
f 19/104/3 86/99/14 20/105/33
f 20/105/33 86/99/14 17/106/35
f 86/99/14 19/104/3 54/103/7
f 16/107/36 20/105/33 17/106/35
f 21/108/37 16/107/36 15/109/3
f 22/110/37 14/111/7 13/112/3
f 14/111/7 21/108/37 15/109/3
f 22/110/37 13/112/3 18/113/3
f 18/113/3 13/112/3 12/114/38
f 21/108/37 14/111/7 22/110/37
f 21/108/37 20/105/33 16/107/36
f 127/115/39 115/116/40 116/117/41
f 128/118/42 116/117/41 117/119/43
f 129/120/44 117/119/43 118/121/45
f 130/122/46 118/121/45 119/123/47
f 131/124/48 119/123/47 120/125/49
f 132/126/50 120/125/49 121/127/51
f 133/128/52 121/127/51 122/129/53
f 134/130/54 122/129/53 123/131/55
f 135/132/56 123/131/55 124/133/57
f 136/134/58 124/133/57 125/135/59
f 138/136/60 126/137/61 127/115/39
f 139/138/62 127/115/39 128/118/42
f 140/139/63 128/118/42 129/120/44
f 141/140/64 129/120/44 130/122/46
f 142/141/65 130/122/46 131/124/48
f 143/142/66 131/124/48 132/126/50
f 144/143/67 132/126/50 133/128/52
f 145/144/68 133/128/52 134/130/54
f 146/145/69 134/130/54 135/132/56
f 147/146/70 135/132/56 136/134/58
f 149/147/71 137/148/72 138/136/60
f 150/149/73 138/136/60 139/138/62
f 151/150/74 139/138/62 140/139/63
f 152/151/75 140/139/63 141/140/64
f 153/152/76 141/140/64 142/141/65
f 154/153/77 142/141/65 143/142/66
f 155/154/78 143/142/66 144/143/67
f 156/155/79 144/143/67 145/144/68
f 157/156/80 145/144/68 146/145/69
f 158/157/81 146/145/69 147/146/70
f 160/158/82 148/159/83 149/147/71
f 161/160/84 149/147/71 150/149/73
f 162/161/85 150/149/73 151/150/74
f 163/162/86 151/150/74 152/151/75
f 164/163/87 152/151/75 153/152/76
f 165/164/88 153/152/76 154/153/77
f 166/165/89 154/153/77 155/154/78
f 167/166/90 155/154/78 156/155/79
f 168/167/91 156/155/79 157/156/80
f 169/168/92 157/156/80 158/157/81
f 171/169/93 159/170/94 160/158/82
f 172/171/95 160/158/82 161/160/84
f 173/172/96 161/160/84 162/161/85
f 174/173/97 162/161/85 163/162/86
f 175/174/98 163/162/86 164/163/87
f 176/175/99 164/163/87 165/164/88
f 177/176/100 165/164/88 166/165/89
f 178/177/101 166/165/89 167/166/90
f 179/178/102 167/166/90 168/167/91
f 180/179/103 168/167/91 169/168/92
f 182/180/104 170/181/105 171/169/93
f 183/182/106 171/169/93 172/171/95
f 184/183/107 172/171/95 173/172/96
f 185/184/108 173/172/96 174/173/97
f 186/185/109 174/173/97 175/174/98
f 187/186/110 175/174/98 176/175/99
f 188/187/111 176/175/99 177/176/100
f 189/188/112 177/176/100 178/177/101
f 190/189/113 178/177/101 179/178/102
f 191/190/114 179/178/102 180/179/103
f 193/191/115 181/192/116 182/180/104
f 194/193/117 182/180/104 183/182/106
f 195/194/118 183/182/106 184/183/107
f 196/195/119 184/183/107 185/184/108
f 197/196/120 185/184/108 186/185/109
f 198/197/121 186/185/109 187/186/110
f 199/198/122 187/186/110 188/187/111
f 200/199/123 188/187/111 189/188/112
f 201/200/124 189/188/112 190/189/113
f 202/201/125 190/189/113 191/190/114
f 204/202/126 192/203/127 193/191/115
f 205/204/128 193/191/115 194/193/117
f 206/205/129 194/193/117 195/194/118
f 207/206/130 195/194/118 196/195/119
f 208/207/131 196/195/119 197/196/120
f 209/208/132 197/196/120 198/197/121
f 210/209/133 198/197/121 199/198/122
f 211/210/134 199/198/122 200/199/123
f 212/211/135 200/199/123 201/200/124
f 213/212/136 201/200/124 202/201/125
f 215/213/137 203/214/138 204/202/126
f 216/215/139 204/202/126 205/204/128
f 217/216/140 205/204/128 206/205/129
f 218/217/141 206/205/129 207/206/130
f 219/218/142 207/206/130 208/207/131
f 220/219/143 208/207/131 209/208/132
f 221/220/144 209/208/132 210/209/133
f 222/221/145 210/209/133 211/210/134
f 223/222/146 211/210/134 212/211/135
f 224/223/147 212/211/135 213/212/136
f 226/224/148 214/225/149 215/213/137
f 227/226/150 215/213/137 216/215/139
f 228/227/151 216/215/139 217/216/140
f 229/228/152 217/216/140 218/217/141
f 230/229/153 218/217/141 219/218/142
f 231/230/154 219/218/142 220/219/143
f 232/231/155 220/219/143 221/220/144
f 233/232/156 221/220/144 222/221/145
f 234/233/157 222/221/145 223/222/146
f 235/234/158 223/222/146 224/223/147
f 237/235/159 225/236/160 226/224/148
f 238/237/161 226/224/148 227/226/150
f 239/238/162 227/226/150 228/227/151
f 240/239/163 228/227/151 229/228/152
f 241/240/164 229/228/152 230/229/153
f 242/241/165 230/229/153 231/230/154
f 243/242/166 231/230/154 232/231/155
f 244/243/167 232/231/155 233/232/156
f 245/244/168 233/232/156 234/233/157
f 246/245/169 234/233/157 235/234/158
f 248/246/170 236/247/171 237/235/159
f 249/248/172 237/235/159 238/237/161
f 250/249/173 238/237/161 239/238/162
f 251/250/174 239/238/162 240/239/163
f 252/251/175 240/239/163 241/240/164
f 253/252/176 241/240/164 242/241/165
f 254/253/177 242/241/165 243/242/166
f 255/254/178 243/242/166 244/243/167
f 256/255/179 244/243/167 245/244/168
f 257/256/180 245/244/168 246/245/169
f 259/257/181 247/258/182 248/246/170
f 260/259/183 248/246/170 249/248/172
f 261/260/184 249/248/172 250/249/173
f 262/261/185 250/249/173 251/250/174
f 263/262/186 251/250/174 252/251/175
f 264/263/187 252/251/175 253/252/176
f 265/264/188 253/252/176 254/253/177
f 266/265/189 254/253/177 255/254/178
f 267/266/190 255/254/178 256/255/179
f 268/267/191 256/255/179 257/256/180
f 270/268/192 258/269/193 259/257/181
f 271/270/194 259/257/181 260/259/183
f 272/271/195 260/259/183 261/260/184
f 273/272/196 261/260/184 262/261/185
f 274/273/197 262/261/185 263/262/186
f 275/274/198 263/262/186 264/263/187
f 276/275/199 264/263/187 265/264/188
f 277/276/200 265/264/188 266/265/189
f 278/277/201 266/265/189 267/266/190
f 279/278/202 267/266/190 268/267/191
f 281/279/203 269/280/204 270/268/192
f 282/281/205 270/268/192 271/270/194
f 283/282/206 271/270/194 272/271/195
f 284/283/207 272/271/195 273/272/196
f 285/284/208 273/272/196 274/273/197
f 286/285/209 274/273/197 275/274/198
f 287/286/210 275/274/198 276/275/199
f 288/287/211 276/275/199 277/276/200
f 289/288/212 277/276/200 278/277/201
f 290/289/213 278/277/201 279/278/202
f 385/290/214 290/289/213 383/291/215
f 372/292/216 325/293/217 324/294/218
f 372/292/216 371/295/219 115/116/40
f 115/116/40 325/293/217 372/292/216
f 115/116/40 327/296/220 326/297/221
f 327/296/220 115/116/40 126/137/61
f 371/295/219 116/117/41 115/116/40
f 126/137/61 328/298/222 327/296/220
f 325/293/217 115/116/40 326/297/221
f 370/299/223 116/117/41 371/295/219
f 117/119/43 369/300/224 368/301/225
f 119/123/47 367/302/226 366/303/227
f 367/302/226 118/121/45 368/301/225
f 368/301/225 118/121/45 117/119/43
f 116/117/41 370/299/223 117/119/43
f 118/121/45 367/302/226 119/123/47
f 119/123/47 366/303/227 120/125/49
f 369/300/224 117/119/43 370/299/223
f 365/304/228 120/125/49 366/303/227
f 159/170/94 333/305/229 332/306/230
f 148/159/83 332/306/230 331/307/231
f 334/308/232 333/305/229 159/170/94
f 192/203/127 339/309/233 338/310/234
f 336/311/235 335/312/236 170/181/105
f 335/312/236 334/308/232 170/181/105
f 337/313/237 336/311/235 181/192/116
f 338/310/234 337/313/237 181/192/116
f 137/148/72 330/314/238 329/315/239
f 328/298/222 126/137/61 329/315/239
f 137/148/72 329/315/239 126/137/61
f 330/314/238 137/148/72 331/307/231
f 148/159/83 331/307/231 137/148/72
f 170/181/105 334/308/232 159/170/94
f 181/192/116 336/311/235 170/181/105
f 148/159/83 159/170/94 332/306/230
f 181/192/116 192/203/127 338/310/234
f 192/203/127 340/316/240 339/309/233
f 122/129/53 363/317/241 362/318/242
f 123/131/55 361/319/243 360/320/244
f 361/319/243 123/131/55 362/318/242
f 364/321/245 120/125/49 365/304/228
f 121/127/51 363/317/241 122/129/53
f 122/129/53 362/318/242 123/131/55
f 120/125/49 364/321/245 121/127/51
f 121/127/51 364/321/245 363/317/241
f 124/133/57 123/131/55 360/320/244
f 125/135/59 359/322/246 358/323/247
f 357/324/248 323/325/249 322/326/250
f 322/326/250 358/323/247 357/324/248
f 358/323/247 322/326/250 125/135/59
f 136/134/58 125/135/59 320/327/251
f 322/326/250 321/328/252 125/135/59
f 320/327/251 125/135/59 321/328/252
f 124/133/57 359/322/246 125/135/59
f 124/133/57 360/320/244 359/322/246
f 318/329/253 147/146/70 136/134/58
f 136/134/58 319/330/254 318/329/253
f 318/329/253 317/331/255 147/146/70
f 320/327/251 319/330/254 136/134/58
f 158/157/81 147/146/70 316/332/256
f 169/168/92 313/333/257 180/179/103
f 315/334/258 169/168/92 158/157/81
f 191/190/114 180/179/103 311/335/259
f 317/331/255 316/332/256 147/146/70
f 315/334/258 158/157/81 316/332/256
f 169/168/92 315/334/258 314/336/260
f 169/168/92 314/336/260 313/333/257
f 180/179/103 313/333/257 312/337/261
f 310/338/262 309/339/263 191/190/114
f 191/190/114 311/335/259 310/338/262
f 312/337/261 311/335/259 180/179/103
f 202/201/125 309/339/263 308/340/264
f 191/190/114 309/339/263 202/201/125
f 346/341/265 345/342/266 225/236/160
f 214/225/149 344/343/267 343/344/268
f 344/343/267 225/236/160 345/342/266
f 258/269/193 351/345/269 350/346/270
f 349/347/271 348/348/272 247/258/182
f 347/349/273 346/341/265 236/247/171
f 236/247/171 348/348/272 347/349/273
f 349/347/271 258/269/193 350/346/270
f 203/214/138 342/350/274 341/351/275
f 341/351/275 340/316/240 203/214/138
f 203/214/138 214/225/149 342/350/274
f 343/344/268 342/350/274 214/225/149
f 236/247/171 346/341/265 225/236/160
f 247/258/182 348/348/272 236/247/171
f 214/225/149 225/236/160 344/343/267
f 247/258/182 258/269/193 349/347/271
f 258/269/193 269/280/204 351/345/269
f 280/352/276 353/353/277 269/280/204
f 351/345/269 269/280/204 352/354/278
f 353/353/277 352/354/278 269/280/204
f 280/352/276 354/355/279 353/353/277
f 373/356/280 356/357/281 355/358/282
f 374/359/283 373/356/280 280/352/276
f 355/358/282 280/352/276 373/356/280
f 354/355/279 280/352/276 355/358/282
f 374/359/283 280/352/276 281/279/203
f 375/360/284 281/279/203 282/281/205
f 376/361/285 283/282/206 284/283/207
f 283/282/206 375/360/284 282/281/205
f 376/361/285 284/283/207 377/362/286
f 286/285/209 377/362/286 285/284/208
f 377/362/286 284/283/207 285/284/208
f 378/363/287 377/362/286 286/285/209
f 375/360/284 283/282/206 376/361/285
f 375/360/284 374/359/283 281/279/203
f 307/364/288 213/212/136 202/201/125
f 213/212/136 307/364/288 306/365/289
f 305/366/290 213/212/136 306/365/289
f 308/340/264 307/364/288 202/201/125
f 224/223/147 213/212/136 305/366/290
f 246/245/169 235/234/158 301/367/291
f 257/256/180 246/245/169 299/368/292
f 235/234/158 224/223/147 303/369/293
f 268/267/191 257/256/180 298/370/294
f 224/223/147 305/366/290 304/371/295
f 224/223/147 304/371/295 303/369/293
f 235/234/158 303/369/293 302/372/296
f 235/234/158 302/372/296 301/367/291
f 246/245/169 300/373/297 299/368/292
f 298/370/294 257/256/180 299/368/292
f 246/245/169 301/367/291 300/373/297
f 268/267/191 298/370/294 297/374/298
f 297/374/298 296/375/299 268/267/191
f 379/376/300 287/286/210 288/287/211
f 289/288/212 379/376/300 288/287/211
f 268/267/191 296/375/299 279/278/202
f 379/376/300 289/288/212 380/377/301
f 290/289/213 384/378/302 289/288/212
f 384/378/302 380/377/301 289/288/212
f 381/379/303 380/377/301 384/378/302
f 378/363/287 287/286/210 379/376/300
f 383/291/215 290/289/213 279/278/202
f 296/375/299 295/380/304 279/278/202
f 294/381/305 383/291/215 279/278/202
f 279/278/202 295/380/304 294/381/305
f 293/382/306 383/291/215 294/381/305
f 293/382/306 292/383/307 383/291/215
f 382/384/308 381/379/303 385/290/214
f 291/385/309 382/384/308 292/383/307
f 385/290/214 292/383/307 382/384/308
f 383/291/215 292/383/307 385/290/214
f 385/290/214 381/379/303 384/378/302
f 287/286/210 378/363/287 286/285/209
f 340/316/240 192/203/127 203/214/138
f 398/386/310 387/387/311 397/388/312
f 399/389/313 388/390/314 398/386/310
f 400/391/315 389/392/316 399/389/313
f 401/393/317 390/394/318 400/391/315
f 402/395/319 391/396/320 401/393/317
f 403/397/321 392/398/322 402/395/319
f 404/399/323 393/400/324 403/397/321
f 405/401/325 394/402/326 404/399/323
f 406/403/327 395/404/328 405/401/325
f 408/405/329 397/388/312 407/406/330
f 409/407/331 398/386/310 408/405/329
f 410/408/332 399/389/313 409/407/331
f 411/409/333 400/391/315 410/408/332
f 412/410/334 401/393/317 411/409/333
f 413/411/335 402/395/319 412/410/334
f 414/412/336 403/397/321 413/411/335
f 415/413/337 404/399/323 414/412/336
f 416/414/338 405/401/325 415/413/337
f 418/415/339 407/406/330 417/416/340
f 419/417/341 408/405/329 418/415/339
f 420/418/342 409/407/331 419/417/341
f 421/419/343 410/408/332 420/418/342
f 422/420/344 411/409/333 421/419/343
f 423/421/345 412/410/334 422/420/344
f 424/422/346 413/411/335 423/421/345
f 425/423/347 414/412/336 424/422/346
f 426/424/348 415/413/337 425/423/347
f 428/425/349 417/416/340 427/426/350
f 429/427/351 418/415/339 428/425/349
f 430/428/352 419/417/341 429/427/351
f 431/429/353 420/418/342 430/428/352
f 432/430/354 421/419/343 431/429/353
f 433/431/355 422/420/344 432/430/354
f 434/432/356 423/421/345 433/431/355
f 435/433/357 424/422/346 434/432/356
f 436/434/358 425/423/347 435/433/357
f 438/435/359 427/426/350 437/436/360
f 439/437/361 428/425/349 438/435/359
f 440/438/362 429/427/351 439/437/361
f 441/439/363 430/428/352 440/438/362
f 442/440/364 431/429/353 441/439/363
f 443/441/365 432/430/354 442/440/364
f 444/442/366 433/431/355 443/441/365
f 445/443/367 434/432/356 444/442/366
f 446/444/368 435/433/357 445/443/367
f 448/445/369 437/436/360 447/446/370
f 449/447/371 438/435/359 448/445/369
f 450/448/372 439/437/361 449/447/371
f 451/449/373 440/438/362 450/448/372
f 452/450/374 441/439/363 451/449/373
f 453/451/375 442/440/364 452/450/374
f 454/452/376 443/441/365 453/451/375
f 455/453/377 444/442/366 454/452/376
f 456/454/378 445/443/367 455/453/377
f 458/455/379 447/446/370 457/456/380
f 459/457/381 448/445/369 458/455/379
f 460/458/382 449/447/371 459/457/381
f 461/459/383 450/448/372 460/458/382
f 462/460/384 451/449/373 461/459/383
f 463/461/385 452/450/374 462/460/384
f 464/462/386 453/451/375 463/461/385
f 465/463/387 454/452/376 464/462/386
f 466/464/388 455/453/377 465/463/387
f 468/465/389 457/456/380 467/466/390
f 469/467/391 458/455/379 468/465/389
f 470/468/392 459/457/381 469/467/391
f 471/469/393 460/458/382 470/468/392
f 472/470/394 461/459/383 471/469/393
f 473/471/395 462/460/384 472/470/394
f 474/472/396 463/461/385 473/471/395
f 475/473/397 464/462/386 474/472/396
f 476/474/398 465/463/387 475/473/397
f 478/475/399 467/466/390 477/476/400
f 479/477/401 468/465/389 478/475/399
f 480/478/402 469/467/391 479/477/401
f 481/479/403 470/468/392 480/478/402
f 482/480/404 471/469/393 481/479/403
f 483/481/405 472/470/394 482/480/404
f 484/482/406 473/471/395 483/481/405
f 485/483/407 474/472/396 484/482/406
f 486/484/408 475/473/397 485/483/407
f 488/485/409 477/476/400 487/486/410
f 489/487/411 478/475/399 488/485/409
f 490/488/412 479/477/401 489/487/411
f 491/489/413 480/478/402 490/488/412
f 492/490/414 481/479/403 491/489/413
f 493/491/415 482/480/404 492/490/414
f 494/492/416 483/481/405 493/491/415
f 495/493/417 484/482/406 494/492/416
f 496/494/418 485/483/407 495/493/417
f 498/495/419 487/486/410 497/496/420
f 499/497/421 488/485/409 498/495/419
f 500/498/422 489/487/411 499/497/421
f 501/499/423 490/488/412 500/498/422
f 502/500/424 491/489/413 501/499/423
f 503/501/425 492/490/414 502/500/424
f 504/502/426 493/491/415 503/501/425
f 505/503/427 494/492/416 504/502/426
f 506/504/428 495/493/417 505/503/427
f 508/505/429 497/496/420 507/506/430
f 509/507/431 498/495/419 508/505/429
f 510/508/432 499/497/421 509/507/431
f 511/509/433 500/498/422 510/508/432
f 512/510/434 501/499/423 511/509/433
f 513/511/435 502/500/424 512/510/434
f 514/512/436 503/501/425 513/511/435
f 515/513/437 504/502/426 514/512/436
f 516/514/438 505/503/427 515/513/437
f 518/515/439 507/506/430 517/516/440
f 519/517/441 508/505/429 518/515/439
f 520/518/442 509/507/431 519/517/441
f 521/519/443 510/508/432 520/518/442
f 522/520/444 511/509/433 521/519/443
f 523/521/445 512/510/434 522/520/444
f 524/522/446 513/511/435 523/521/445
f 525/523/447 514/512/436 524/522/446
f 526/524/448 515/513/437 525/523/447
f 528/525/449 517/516/440 527/526/450
f 529/527/451 518/515/439 528/525/449
f 530/528/452 519/517/441 529/527/451
f 531/529/453 520/518/442 530/528/452
f 532/530/454 521/519/443 531/529/453
f 533/531/455 522/520/444 532/530/454
f 534/532/456 523/521/445 533/531/455
f 535/533/457 524/522/446 534/532/456
f 536/534/458 525/523/447 535/533/457
f 582/535/459 536/534/458 581/536/460
f 629/537/461 386/538/462 583/539/463
f 629/537/461 387/387/311 628/540/464
f 387/387/311 629/537/461 583/539/463
f 387/387/311 584/541/465 585/542/466
f 388/390/314 628/540/464 387/387/311
f 397/388/312 585/542/466 586/543/467
f 583/539/463 584/541/465 387/387/311
f 627/544/468 389/392/316 626/545/469
f 390/394/318 624/546/470 625/547/471
f 625/547/471 626/545/469 389/392/316
f 389/392/316 390/394/318 625/547/471
f 391/396/320 624/546/470 390/394/318
f 622/548/472 623/549/473 391/396/320
f 407/406/330 586/543/467 587/550/474
f 407/406/330 588/551/475 589/552/476
f 407/406/330 587/550/474 588/551/475
f 417/416/340 590/553/477 591/554/478
f 427/426/350 592/555/479 593/556/480
f 437/436/360 593/556/480 594/557/481
f 427/426/350 591/554/478 592/555/479
f 417/416/340 589/552/476 590/553/477
f 417/416/340 407/406/330 589/552/476
f 437/436/360 427/426/350 593/556/480
f 417/416/340 591/554/478 427/426/350
f 447/446/370 595/558/482 596/559/483
f 447/446/370 597/560/484 457/456/380
f 598/561/485 457/456/380 597/560/484
f 447/446/370 594/557/481 595/558/482
f 392/398/322 621/562/486 622/548/472
f 393/400/324 619/563/487 620/564/488
f 621/562/486 393/400/324 620/564/488
f 393/400/324 394/402/326 619/563/487
f 395/404/328 618/565/489 394/402/326
f 394/402/326 618/565/489 619/563/487
f 392/398/322 622/548/472 391/396/320
f 395/404/328 616/566/490 617/567/491
f 568/568/492 614/569/493 615/570/494
f 615/570/494 616/566/490 396/571/495
f 615/570/494 396/571/495 568/568/492
f 396/571/495 565/572/496 566/573/497
f 396/571/495 567/574/498 568/568/492
f 396/571/495 566/573/497 567/574/498
f 395/404/328 396/571/495 616/566/490
f 406/403/327 564/575/499 565/572/496
f 564/575/499 416/414/338 563/576/500
f 416/414/338 562/577/501 563/576/500
f 436/434/358 558/578/502 559/579/503
f 426/424/348 560/580/504 561/581/505
f 456/454/378 556/582/506 446/444/368
f 426/424/348 561/581/505 562/577/501
f 436/434/358 559/579/503 560/580/504
f 446/444/368 557/583/507 558/578/502
f 456/454/378 554/584/508 555/585/509
f 556/582/506 557/583/507 446/444/368
f 466/464/388 554/584/508 456/454/378
f 457/456/380 599/586/510 467/466/390
f 467/466/390 600/587/511 601/588/512
f 467/466/390 599/586/510 600/587/511
f 477/476/400 602/589/513 603/590/514
f 487/486/410 604/591/515 605/592/516
f 487/486/410 603/590/514 604/591/515
f 477/476/400 601/588/512 602/589/513
f 467/466/390 601/588/512 477/476/400
f 605/592/516 606/593/517 497/496/420
f 487/486/410 477/476/400 603/590/514
f 605/592/516 497/496/420 487/486/410
f 507/506/430 607/594/518 608/595/519
f 497/496/420 607/594/518 507/506/430
f 609/596/520 507/506/430 608/595/519
f 517/516/440 609/596/520 610/597/521
f 606/593/517 607/594/518 497/496/420
f 517/516/440 610/597/521 611/598/522
f 612/599/523 527/526/450 611/598/522
f 517/516/440 611/598/522 527/526/450
f 570/600/524 613/601/525 569/602/526
f 571/603/527 527/526/450 570/600/524
f 613/601/525 570/600/524 527/526/450
f 612/599/523 613/601/525 527/526/450
f 571/603/527 528/525/449 527/526/450
f 572/604/284 529/527/451 528/525/449
f 573/605/285 531/529/453 530/528/452
f 530/528/452 529/527/451 573/605/285
f 573/605/285 574/606/528 531/529/453
f 575/607/287 532/530/454 574/606/528
f 574/606/528 532/530/454 531/529/453
f 572/604/284 573/605/285 529/527/451
f 572/604/284 528/525/449 571/603/527
f 575/607/287 533/531/455 532/530/454
f 466/464/388 552/608/529 553/609/530
f 551/610/531 552/608/529 476/474/398
f 476/474/398 550/611/532 551/610/531
f 496/494/418 546/612/533 547/613/534
f 486/484/408 548/614/535 549/615/536
f 516/514/438 544/616/537 506/504/428
f 549/615/536 550/611/532 486/484/408
f 506/504/428 544/616/537 545/617/538
f 545/617/538 546/612/533 506/504/428
f 547/613/534 548/614/535 496/494/418
f 543/618/539 516/514/438 542/619/540
f 534/532/456 533/531/455 575/607/287
f 535/533/457 534/532/456 576/620/300
f 526/524/448 542/619/540 516/514/438
f 577/621/541 581/536/460 535/533/457
f 581/536/460 536/534/458 535/533/457
f 577/621/541 578/622/303 581/536/460
f 580/623/542 526/524/448 536/534/458
f 576/620/300 577/621/541 535/533/457
f 534/532/456 575/607/287 576/620/300
f 581/536/460 578/622/303 582/535/459
f 580/623/542 539/624/543 540/625/544
f 541/626/545 526/524/448 540/625/544
f 580/623/542 538/627/546 539/624/543
f 537/628/547 538/627/546 579/629/548
f 582/535/459 579/629/548 538/627/546
f 579/629/548 582/535/459 578/622/303
f 526/524/448 580/623/542 540/625/544
f 661/630/549 867/631/550 869/632/551
f 631/633/552 869/632/551 867/631/550
f 867/631/550 661/630/549 662/634/553
f 632/635/554 631/633/552 867/631/550
f 662/634/553 632/635/554 867/631/550
f 663/636/555 632/635/554 662/634/553
f 634/637/556 663/636/555 664/638/557
f 665/639/558 634/637/556 664/638/557
f 636/640/559 665/639/558 666/641/560
f 637/642/561 666/641/560 667/643/562
f 638/644/563 667/643/562 668/645/564
f 669/646/565 638/644/563 668/645/564
f 670/647/566 639/648/567 669/646/565
f 671/649/568 640/650/569 670/647/566
f 642/651/570 671/649/568 672/652/571
f 643/653/572 672/652/571 673/654/573
f 674/655/574 643/653/572 673/654/573
f 675/656/575 644/657/576 674/655/574
f 676/658/577 645/659/578 675/656/575
f 647/660/579 676/658/577 677/661/580
f 648/662/581 677/661/580 678/663/582
f 679/664/583 648/662/581 678/663/582
f 650/665/584 679/664/583 680/666/585
f 681/667/586 650/665/584 680/666/585
f 682/668/587 651/669/588 681/667/586
f 653/670/589 682/668/587 683/671/590
f 684/672/591 653/670/589 683/671/590
f 685/673/592 654/674/593 684/672/591
f 686/675/594 655/676/595 685/673/592
f 657/677/596 686/675/594 687/678/597
f 688/679/598 657/677/596 687/678/597
f 689/680/599 658/681/600 688/679/598
f 660/682/601 689/680/599 690/683/602
f 870/684/603 691/685/604 692/686/605
f 662/634/553 661/630/549 870/684/603
f 692/686/605 662/634/553 870/684/603
f 663/636/555 692/686/605 693/687/606
f 664/638/557 693/687/606 694/688/607
f 695/689/608 664/638/557 694/688/607
f 696/690/609 665/639/558 695/689/608
f 669/646/565 697/691/610 698/692/611
f 670/647/566 698/692/611 699/693/612
f 700/694/613 670/647/566 699/693/612
f 701/695/614 671/649/568 700/694/613
f 702/696/615 672/652/571 701/695/614
f 674/655/574 702/696/615 703/697/616
f 675/656/575 703/697/616 704/698/617
f 705/699/618 675/656/575 704/698/617
f 706/700/619 676/658/577 705/699/618
f 678/663/582 706/700/619 707/701/620
f 679/664/583 707/701/620 708/702/621
f 709/703/622 679/664/583 708/702/621
f 681/667/586 709/703/622 710/704/623
f 682/668/587 710/704/623 711/705/624
f 683/671/590 711/705/624 712/706/625
f 713/707/626 683/671/590 712/706/625
f 685/673/592 713/707/626 714/708/627
f 715/709/628 685/673/592 714/708/627
f 716/710/629 686/675/594 715/709/628
f 688/679/598 716/710/629 717/711/630
f 689/680/599 717/711/630 718/712/631
f 690/683/602 718/712/631 719/713/632
f 720/714/633 692/686/605 691/685/604
f 693/687/606 720/714/633 721/715/634
f 722/716/635 693/687/606 721/715/634
f 695/689/608 722/716/635 723/717/636
f 1018/718/637 724/719/638 725/720/639
f 698/692/611 697/691/610 1018/718/637
f 725/720/639 698/692/611 1018/718/637
f 726/721/640 698/692/611 725/720/639
f 727/722/641 699/693/612 726/721/640
f 728/723/642 700/694/613 727/722/641
f 702/696/615 728/723/642 729/724/643
f 703/697/616 729/724/643 730/725/644
f 704/698/617 730/725/644 731/726/645
f 732/727/646 704/698/617 731/726/645
f 733/728/647 705/699/618 732/727/646
f 734/729/648 706/700/619 733/728/647
f 708/702/621 734/729/648 735/730/649
f 736/731/650 708/702/621 735/730/649
f 737/732/651 709/703/622 736/731/650
f 711/705/624 737/732/651 738/733/652
f 712/706/625 738/733/652 739/734/653
f 713/707/626 739/734/653 740/735/654
f 741/736/655 713/707/626 740/735/654
f 715/709/628 741/736/655 742/737/656
f 716/710/629 742/737/656 743/738/657
f 744/739/658 716/710/629 743/738/657
f 745/740/659 717/711/630 744/739/658
f 746/741/660 718/712/631 745/740/659
f 872/742/661 871/743/662 747/744/663
f 872/742/661 873/745/664 874/746/665
f 872/742/661 747/744/663 748/747/666
f 721/715/634 720/714/633 872/742/661
f 748/747/666 721/715/634 872/742/661
f 749/748/667 721/715/634 748/747/666
f 750/749/668 722/716/635 749/748/667
f 1020/750/669 753/751/670 754/752/671
f 725/720/639 724/719/638 1020/750/669
f 754/752/671 725/720/639 1020/750/669
f 755/753/672 725/720/639 754/752/671
f 756/754/673 726/721/640 755/753/672
f 728/723/642 756/754/673 757/755/674
f 729/724/643 757/755/674 758/756/675
f 759/757/676 729/724/643 758/756/675
f 731/726/645 759/757/676 760/758/677
f 761/759/678 731/726/645 760/758/677
f 762/760/679 732/727/646 761/759/678
f 763/761/680 733/728/647 762/760/679
f 735/730/649 763/761/680 764/762/681
f 765/763/682 735/730/649 764/762/681
f 766/764/683 736/731/650 765/763/682
f 767/765/684 737/732/651 766/764/683
f 768/766/685 738/733/652 767/765/684
f 769/767/686 739/734/653 768/766/685
f 770/768/687 740/735/654 769/767/686
f 742/737/656 770/768/687 771/769/688
f 743/738/657 771/769/688 772/770/689
f 744/739/658 772/770/689 773/771/690
f 745/740/659 773/771/690 774/772/691
f 746/741/660 774/772/691 775/773/692
f 776/774/693 877/775/694 875/776/695
f 747/744/663 877/775/694 876/777/696
f 876/777/696 776/774/693 777/778/697
f 748/747/666 747/744/663 876/777/696
f 777/778/697 748/747/666 876/777/696
f 778/779/698 748/747/666 777/778/697
f 750/749/668 778/779/698 779/780/699
f 751/781/700 779/780/699 780/782/701
f 1017/783/702 751/781/700 780/782/701
f 781/784/703 752/785/704 1017/783/702
f 780/782/701 781/784/703 1017/783/702
f 1019/786/705 752/785/704 781/784/703
f 782/787/706 753/751/670 1019/786/705
f 781/784/703 782/787/706 1019/786/705
f 783/788/707 753/751/670 782/787/706
f 755/753/672 783/788/707 784/789/708
f 756/754/673 784/789/708 785/790/709
f 757/755/674 785/790/709 786/791/710
f 758/756/675 786/791/710 787/792/711
f 788/793/712 758/756/675 787/792/711
f 789/794/713 759/757/676 788/793/712
f 761/759/678 789/794/713 790/795/714
f 762/760/679 790/795/714 791/796/715
f 763/761/680 791/796/715 792/797/716
f 764/762/681 792/797/716 793/798/717
f 794/799/718 764/762/681 793/798/717
f 766/764/683 794/799/718 795/800/719
f 767/765/684 795/800/719 796/801/720
f 768/766/685 796/801/720 797/802/721
f 769/767/686 797/802/721 798/803/722
f 770/768/687 798/803/722 799/804/723
f 771/769/688 799/804/723 800/805/724
f 772/770/689 800/805/724 801/806/725
f 802/807/726 772/770/689 801/806/725
f 803/808/727 773/771/690 802/807/726
f 775/773/692 803/808/727 804/809/728
f 805/810/729 880/811/730 878/812/731
f 879/813/732 875/776/695 880/811/730
f 879/813/732 805/810/729 806/814/733
f 777/778/697 776/774/693 879/813/732
f 806/814/733 777/778/697 879/813/732
f 807/815/734 777/778/697 806/814/733
f 779/780/699 807/815/734 808/816/735
f 809/817/736 779/780/699 808/816/735
f 810/818/737 780/782/701 809/817/736
f 782/787/706 810/818/737 811/819/738
f 783/788/707 811/819/738 812/820/739
f 813/821/740 783/788/707 812/820/739
f 814/822/741 784/789/708 813/821/740
f 815/823/742 785/790/709 814/822/741
f 787/792/711 815/823/742 816/824/743
f 817/825/744 787/792/711 816/824/743
f 789/794/713 817/825/744 818/826/745
f 790/795/714 818/826/745 819/827/746
f 820/828/747 790/795/714 819/827/746
f 821/829/748 791/796/715 820/828/747
f 793/798/717 821/829/748 822/830/749
f 794/799/718 822/830/749 823/831/750
f 795/800/719 823/831/750 824/832/751
f 825/833/752 795/800/719 824/832/751
f 826/834/753 796/801/720 825/833/752
f 827/835/754 797/802/721 826/834/753
f 828/836/755 798/803/722 827/835/754
f 829/837/756 799/804/723 828/836/755
f 801/806/725 829/837/756 830/838/757
f 802/807/726 830/838/757 831/839/758
f 803/808/727 831/839/758 832/840/759
f 833/841/760 803/808/727 832/840/759
f 805/810/729 882/842/761 881/843/762
f 934/844/763 834/845/764 835/846/217
f 934/844/763 836/847/765 837/848/766
f 934/844/763 835/846/217 836/847/765
f 933/849/767 868/850/768 631/633/552
f 934/844/763 838/851/769 868/850/768
f 933/849/767 632/635/554 932/852/770
f 838/851/769 934/844/763 837/848/766
f 868/850/768 839/853/771 840/854/772
f 869/632/551 841/855/773 842/856/230
f 869/632/551 840/854/772 841/855/773
f 869/632/551 843/857/229 661/630/549
f 869/632/551 868/850/768 840/854/772
f 843/857/229 869/632/551 842/856/230
f 838/851/769 839/853/771 868/850/768
f 930/858/774 633/859/775 634/637/556
f 635/860/776 928/861/777 929/862/778
f 929/862/778 634/637/556 635/860/776
f 931/863/779 632/635/554 633/859/775
f 928/861/777 636/640/559 927/864/780
f 926/865/781 638/644/563 925/866/782
f 927/864/780 637/642/561 926/865/781
f 928/861/777 635/860/776 636/640/559
f 667/643/562 666/641/560 696/690/609
f 924/867/783 638/644/563 639/648/567
f 661/630/549 844/868/232 870/684/603
f 870/684/603 845/869/236 846/870/784
f 870/684/603 844/868/232 845/869/236
f 691/685/604 870/684/603 846/870/784
f 691/685/604 847/871/237 848/872/785
f 691/685/604 846/870/784 847/871/237
f 849/873/233 691/685/604 848/872/785
f 873/745/664 849/873/233 850/874/786
f 873/745/664 851/875/787 852/876/788
f 873/745/664 850/874/786 851/875/787
f 873/745/664 720/714/633 691/685/604
f 852/876/788 874/746/665 873/745/664
f 874/746/665 852/876/788 853/877/789
f 849/873/233 873/745/664 691/685/604
f 1004/878/790 1005/879/791 696/690/609
f 696/690/609 1005/879/791 1006/880/792
f 696/690/609 695/689/608 723/717/636
f 1007/881/793 696/690/609 1006/880/792
f 697/691/610 1008/882/794 1009/883/795
f 667/643/562 696/690/609 697/691/610
f 697/691/610 696/690/609 1008/882/794
f 696/690/609 1007/881/793 1008/882/794
f 1003/884/796 1004/878/790 696/690/609
f 751/781/700 1003/884/796 696/690/609
f 751/781/700 1001/885/797 1002/886/798
f 751/781/700 723/717/636 750/749/668
f 1011/887/799 1018/718/637 1010/888/800
f 1014/889/801 1015/890/802 1020/750/669
f 1020/750/669 1013/891/803 1014/889/801
f 1012/892/804 1018/718/637 1011/887/799
f 696/690/609 723/717/636 751/781/700
f 1009/883/795 1010/888/800 697/691/610
f 843/857/229 844/868/232 661/630/549
f 1013/891/803 724/719/638 1012/892/804
f 923/893/805 639/648/567 640/650/569
f 641/894/806 921/895/807 922/896/808
f 922/896/808 923/893/805 640/650/569
f 920/897/809 643/653/572 919/898/810
f 917/899/811 644/657/576 645/659/578
f 918/900/812 643/653/572 644/657/576
f 921/895/807 642/651/570 920/897/809
f 640/650/569 641/894/806 922/896/808
f 916/901/813 917/899/811 645/659/578
f 916/901/813 646/902/814 915/903/815
f 914/904/816 648/662/581 913/905/817
f 915/903/815 647/660/579 914/904/816
f 913/905/817 649/906/818 912/907/819
f 911/908/820 649/906/818 650/665/584
f 651/669/588 909/909/821 910/910/822
f 910/910/822 650/665/584 651/669/588
f 907/911/823 654/674/593 906/912/824
f 904/913/825 655/676/595 656/914/826
f 906/912/824 655/676/595 905/915/827
f 908/916/828 909/909/821 652/917/829
f 903/918/830 657/677/596 902/919/831
f 901/920/832 659/921/833 900/922/834
f 658/681/600 901/920/832 902/919/831
f 899/923/835 660/682/601 898/924/836
f 899/923/835 898/924/836 630/925/837
f 898/924/836 660/682/601 897/926/838
f 900/922/834 660/682/601 899/923/835
f 903/918/830 656/914/826 657/677/596
f 908/916/828 653/670/589 907/911/823
f 916/901/813 645/659/578 646/902/814
f 667/643/562 697/691/610 668/645/564
f 1012/892/804 724/719/638 1018/718/637
f 1018/718/637 697/691/610 1010/888/800
f 909/909/821 651/669/588 652/917/829
f 1020/750/669 724/719/638 1013/891/803
f 897/926/838 660/682/601 896/927/839
f 690/683/602 896/927/839 660/682/601
f 902/919/831 657/677/596 658/681/600
f 690/683/602 894/928/840 895/929/841
f 719/713/632 894/928/840 690/683/602
f 746/741/660 892/930/842 719/713/632
f 746/741/660 890/931/843 891/932/844
f 892/930/842 893/933/845 719/713/632
f 775/773/692 890/931/843 746/741/660
f 874/746/665 853/877/789 854/934/846
f 871/743/662 854/934/846 855/935/847
f 877/775/694 856/936/848 857/937/273
f 871/743/662 855/935/847 856/936/848
f 877/775/694 871/743/662 856/936/848
f 857/937/273 875/776/695 877/775/694
f 859/938/271 875/776/695 858/939/849
f 857/937/273 858/939/849 875/776/695
f 880/811/730 859/938/271 860/940/270
f 878/812/731 861/941/269 862/942/278
f 880/811/730 860/940/270 861/941/269
f 861/941/269 878/812/731 880/811/730
f 881/843/762 806/814/733 805/810/729
f 878/812/731 862/942/278 863/943/277
f 859/938/271 880/811/730 875/776/695
f 1000/944/850 1001/885/797 751/781/700
f 1003/884/796 751/781/700 1002/886/798
f 1000/944/850 751/781/700 1017/783/702
f 999/945/851 1000/944/850 1017/783/702
f 1019/786/705 1015/890/802 1016/946/852
f 999/945/851 752/785/704 998/947/853
f 998/947/853 752/785/704 1016/946/852
f 1017/783/702 752/785/704 999/945/851
f 943/948/854 809/817/736 808/816/735
f 808/816/735 807/815/734 941/949/855
f 1015/890/802 1019/786/705 753/751/670
f 947/950/856 811/819/738 810/818/737
f 950/951/857 812/820/739 811/819/738
f 810/818/737 809/817/736 945/952/858
f 1016/946/852 752/785/704 1019/786/705
f 807/815/734 806/814/733 939/953/859
f 871/743/662 874/746/665 854/934/846
f 882/842/761 863/943/277 864/954/279
f 935/955/860 881/843/762 882/842/761
f 864/954/279 865/956/282 882/842/761
f 937/957/861 806/814/733 881/843/762
f 944/958/862 809/817/736 943/948/854
f 943/948/854 808/816/735 942/959/863
f 942/959/863 808/816/735 941/949/855
f 865/956/282 935/955/860 882/842/761
f 809/817/736 944/958/862 945/952/858
f 937/957/861 938/960/864 806/814/733
f 865/956/282 866/961/526 935/955/860
f 936/962/865 937/957/861 881/843/762
f 940/963/866 941/949/855 807/815/734
f 939/953/859 806/814/733 938/960/864
f 807/815/734 939/953/859 940/963/866
f 935/955/860 936/962/865 881/843/762
f 954/964/867 814/822/741 813/821/740
f 814/822/741 954/964/867 955/965/868
f 954/964/867 813/821/740 953/966/869
f 956/967/870 814/822/741 955/965/868
f 816/824/743 815/823/742 958/968/871
f 957/969/872 958/968/871 815/823/742
f 815/823/742 956/967/870 957/969/872
f 956/967/870 815/823/742 814/822/741
f 949/970/873 950/951/857 811/819/738
f 947/950/856 948/971/874 811/819/738
f 948/971/874 949/970/873 811/819/738
f 813/821/740 952/972/875 953/966/869
f 813/821/740 812/820/739 952/972/875
f 812/820/739 951/973/876 952/972/875
f 950/951/857 951/973/876 812/820/739
f 810/818/737 946/974/877 947/950/856
f 810/818/737 945/952/858 946/974/877
f 878/812/731 863/943/277 882/842/761
f 817/825/744 962/975/878 818/826/745
f 819/827/746 967/976/879 820/828/747
f 965/977/880 819/827/746 818/826/745
f 821/829/748 971/978/881 822/830/749
f 823/831/750 976/979/882 824/832/751
f 974/980/883 823/831/750 822/830/749
f 969/981/884 821/829/748 820/828/747
f 825/833/752 980/982/885 826/834/753
f 827/835/754 984/983/886 828/836/755
f 982/984/887 827/835/754 826/834/753
f 829/837/756 988/985/888 830/838/757
f 991/986/889 992/987/890 831/839/758
f 990/988/891 831/839/758 830/838/757
f 986/989/892 829/837/756 828/836/755
f 978/990/893 825/833/752 824/832/751
f 775/773/692 888/991/894 889/992/895
f 833/841/760 886/993/896 804/809/728
f 804/809/728 888/991/894 775/773/692
f 886/993/896 887/994/897 804/809/728
f 994/995/898 995/996/899 832/840/759
f 993/997/900 994/995/898 832/840/759
f 832/840/759 995/996/899 833/841/760
f 885/998/901 833/841/760 884/999/902
f 997/1000/903 884/999/902 833/841/760
f 884/999/902 997/1000/903 883/1001/904
f 833/841/760 996/1002/905 997/1000/903
f 996/1002/905 833/841/760 995/996/899
f 993/997/900 832/840/759 831/839/758
f 831/839/758 992/987/890 993/997/900
f 960/1003/906 817/825/744 816/824/743
f 821/829/748 970/1004/907 971/978/881
f 967/976/879 968/1005/908 820/828/747
f 969/981/884 820/828/747 968/1005/908
f 823/831/750 974/980/883 975/1006/909
f 971/978/881 972/1007/910 822/830/749
f 973/1008/911 822/830/749 972/1007/910
f 974/980/883 822/830/749 973/1008/911
f 818/826/745 962/975/878 963/1009/912
f 817/825/744 960/1003/906 961/1010/913
f 960/1003/906 816/824/743 959/1011/914
f 965/977/880 966/1012/915 819/827/746
f 964/1013/916 965/977/880 818/826/745
f 966/1012/915 967/976/879 819/827/746
f 961/1010/913 962/975/878 817/825/744
f 964/1013/916 818/826/745 963/1009/912
f 986/989/892 987/1014/917 829/837/756
f 828/836/755 985/1015/918 986/989/892
f 987/1014/917 988/985/888 829/837/756
f 831/839/758 990/988/891 991/986/889
f 830/838/757 989/1016/919 990/988/891
f 830/838/757 988/985/888 989/1016/919
f 984/983/886 985/1015/918 828/836/755
f 977/1017/920 978/990/893 824/832/751
f 824/832/751 976/979/882 977/1017/920
f 823/831/750 975/1006/909 976/979/882
f 982/984/887 983/1018/921 827/835/754
f 981/1019/922 826/834/753 980/982/885
f 980/982/885 825/833/752 979/1020/923
f 984/983/886 827/835/754 983/1018/921
f 826/834/753 981/1019/922 982/984/887
f 978/990/893 979/1020/923 825/833/752
f 969/981/884 970/1004/907 821/829/748
f 959/1011/914 816/824/743 958/968/871
f 753/751/670 1020/750/669 1015/890/802
f 1037/1021/924 1038/1022/925 1021/1023/926
f 1025/1024/927 1022/1025/928 1026/1026/929
f 1026/1026/929 1023/1027/930 1027/1028/931
f 1027/1028/931 1024/1029/932 1028/1030/933
f 1029/1031/934 1026/1026/929 1030/1032/935
f 1030/1032/935 1027/1028/931 1031/1033/936
f 1031/1033/936 1028/1030/933 1032/1034/937
f 1033/1035/938 1030/1032/935 1034/1036/939
f 1034/1036/939 1031/1033/936 1035/1037/940
f 1035/1037/940 1032/1034/937 1036/1038/941
f 1045/1039/942 1044/1040/943 1076/1041/944
f 1039/1042/945 1076/1041/944 1075/1043/946
f 1038/1022/925 1074/1044/947 1073/1045/948
f 1038/1022/925 1073/1045/948 1072/1046/949
f 1074/1044/947 1038/1022/925 1075/1043/946
f 1046/1047/950 1045/1039/942 1039/1042/945
f 1047/1048/951 1046/1047/950 1037/1021/924
f 1039/1042/945 1075/1043/946 1038/1022/925
f 1025/1024/927 1037/1021/924 1021/1023/926
f 1037/1021/924 1046/1047/950 1039/1042/945
f 1022/1025/928 1038/1022/925 1072/1046/949
f 1037/1021/924 1048/1049/952 1047/1048/951
f 1045/1039/942 1076/1041/944 1039/1042/945
f 1021/1023/926 1038/1022/925 1022/1025/928
f 1022/1025/928 1071/1050/953 1070/1051/954
f 1022/1025/928 1070/1051/954 1069/1052/955
f 1023/1027/930 1068/1053/956 1067/1054/957
f 1024/1029/932 1066/1055/958 1065/1056/959
f 1066/1055/958 1023/1027/930 1067/1054/957
f 1068/1053/956 1023/1027/930 1069/1052/955
f 1023/1027/930 1066/1055/958 1024/1029/932
f 1065/1056/959 1064/1057/960 1024/1029/932
f 1024/1029/932 1064/1057/960 1063/1058/961
f 1062/1059/962 1061/1060/493 1043/1061/963
f 1062/1059/962 1024/1029/932 1063/1058/961
f 1043/1061/963 1024/1029/932 1062/1059/962
f 1022/1025/928 1069/1052/955 1023/1027/930
f 1022/1025/928 1072/1046/949 1071/1050/953
f 1052/1062/964 1051/1063/965 1025/1024/927
f 1052/1062/964 1025/1024/927 1029/1031/934
f 1037/1021/924 1025/1024/927 1049/1064/966
f 1049/1064/966 1025/1024/927 1050/1065/967
f 1051/1063/965 1050/1065/967 1025/1024/927
f 1053/1066/968 1052/1062/964 1029/1031/934
f 1059/1067/969 1058/1068/970 1033/1035/938
f 1033/1035/938 1058/1068/970 1057/1069/971
f 1054/1070/972 1053/1066/968 1029/1031/934
f 1057/1069/971 1056/1071/973 1033/1035/938
f 1055/1072/974 1054/1070/972 1029/1031/934
f 1055/1072/974 1033/1035/938 1056/1071/973
f 1060/1073/975 1059/1067/969 1077/1074/976
f 1043/1061/963 1028/1030/933 1024/1029/932
f 1055/1072/974 1029/1031/934 1033/1035/938
f 1041/1075/977 1032/1034/937 1042/1076/978
f 1042/1076/978 1032/1034/937 1028/1030/933
f 1077/1074/976 1034/1036/939 1078/1077/979
f 1035/1037/940 1078/1077/979 1034/1036/939
f 1079/1078/980 1035/1037/940 1036/1038/941
f 1036/1038/941 1040/1079/981 1079/1078/980
f 1041/1075/977 1040/1079/981 1036/1038/941
f 1077/1074/976 1059/1067/969 1033/1035/938
f 1037/1021/924 1049/1064/966 1048/1049/952
f 1082/1080/982 1111/1081/983 1112/1082/984
f 1083/1083/985 1112/1082/984 1113/1084/986
f 1114/1085/987 1083/1083/985 1113/1084/986
f 1115/1086/988 1084/1087/989 1114/1085/987
f 1116/1088/990 1085/1089/991 1115/1086/988
f 1117/1090/992 1086/1091/993 1116/1088/990
f 1118/1092/994 1087/1093/995 1117/1090/992
f 1089/1094/996 1118/1092/994 1119/1095/997
f 1120/1096/998 1089/1094/996 1119/1095/997
f 1121/1097/999 1090/1098/1000 1120/1096/998
f 1092/1099/1001 1121/1097/999 1122/1100/1002
f 1123/1101/1003 1092/1099/1001 1122/1100/1002
f 1124/1102/1004 1093/1103/1005 1123/1101/1003
f 1095/1104/1006 1124/1102/1004 1125/1105/1007
f 1126/1106/1008 1095/1104/1006 1125/1105/1007
f 1127/1107/1009 1096/1108/1010 1126/1106/1008
f 1128/1109/1011 1097/1110/1012 1127/1107/1009
f 1129/1111/1013 1098/1112/1014 1128/1109/1011
f 1100/1113/1015 1129/1111/1013 1130/1114/1016
f 1101/1115/1017 1130/1114/1016 1131/1116/1018
f 1102/1117/1019 1131/1116/1018 1132/1118/1020
f 1103/1119/1021 1132/1118/1020 1133/1120/1022
f 1134/1121/1023 1103/1119/1021 1133/1120/1022
f 1105/1122/1024 1134/1121/1023 1135/1123/1025
f 1106/1124/1026 1135/1123/1025 1136/1125/1027
f 1137/1126/1028 1106/1124/1026 1136/1125/1027
f 1108/1127/1029 1137/1126/1028 1138/1128/1030
f 1109/1129/1031 1138/1128/1030 1139/1130/1032
f 1329/1131/1033 1110/1132/1034 1109/1129/1031
f 1139/1130/1032 1140/1133/1035 1329/1131/1033
f 1109/1129/1031 1139/1130/1032 1329/1131/1033
f 1328/1134/1036 1329/1131/1033 1330/1135/1037
f 1326/1136/1038 1329/1131/1033 1140/1133/1035
f 1142/1137/1039 1111/1081/983 1141/1138/1040
f 1113/1084/986 1142/1137/1039 1143/1139/1041
f 1144/1140/1042 1113/1084/986 1143/1139/1041
f 1145/1141/1043 1114/1085/987 1144/1140/1042
f 1116/1088/990 1145/1141/1043 1146/1142/1044
f 1117/1090/992 1146/1142/1044 1147/1143/1045
f 1148/1144/1046 1117/1090/992 1147/1143/1045
f 1119/1095/997 1148/1144/1046 1149/1145/1047
f 1120/1096/998 1149/1145/1047 1150/1146/1048
f 1151/1147/1049 1120/1096/998 1150/1146/1048
f 1467/1148/1050 1152/1149/1051 1122/1100/1002
f 1121/1097/999 1151/1147/1049 1467/1148/1050
f 1122/1100/1002 1121/1097/999 1467/1148/1050
f 1125/1105/1007 1153/1150/1052 1154/1151/1053
f 1155/1152/1054 1125/1105/1007 1154/1151/1053
f 1127/1107/1009 1155/1152/1054 1156/1153/1055
f 1128/1109/1011 1156/1153/1055 1157/1154/1056
f 1129/1111/1013 1157/1154/1056 1158/1155/1057
f 1130/1114/1016 1158/1155/1057 1159/1156/1058
f 1131/1116/1018 1159/1156/1058 1160/1157/1059
f 1161/1158/1060 1131/1116/1018 1160/1157/1059
f 1162/1159/1061 1132/1118/1020 1161/1158/1060
f 1163/1160/1062 1133/1120/1022 1162/1159/1061
f 1164/1161/1063 1134/1121/1023 1163/1160/1062
f 1165/1162/1064 1135/1123/1025 1164/1161/1063
f 1137/1126/1028 1165/1162/1064 1166/1163/1065
f 1167/1164/1066 1137/1126/1028 1166/1163/1065
f 1168/1165/1067 1138/1128/1030 1167/1164/1066
f 1327/1166/1068 1140/1133/1035 1139/1130/1032
f 1168/1165/1067 1169/1167/1069 1327/1166/1068
f 1139/1130/1032 1168/1165/1067 1327/1166/1068
f 1142/1137/1039 1170/1168/1070 1171/1169/1071
f 1143/1139/1041 1171/1169/1071 1172/1170/1072
f 1144/1140/1042 1172/1170/1072 1173/1171/1073
f 1174/1172/1074 1144/1140/1042 1173/1171/1073
f 1175/1173/1075 1145/1141/1043 1174/1172/1074
f 1147/1143/1045 1175/1173/1075 1176/1174/1076
f 1177/1175/1077 1147/1143/1045 1176/1174/1076
f 1149/1145/1047 1177/1175/1077 1178/1176/1078
f 1179/1177/1079 1149/1145/1047 1178/1176/1078
f 1468/1178/1080 1151/1147/1049 1150/1146/1048
f 1179/1177/1079 1180/1179/1081 1468/1178/1080
f 1150/1146/1048 1179/1177/1079 1468/1178/1080
f 1467/1148/1050 1468/1178/1080 1469/1180/1082
f 1466/1181/1083 1468/1178/1080 1180/1179/1081
f 1182/1182/1084 1154/1151/1053 1181/1183/1085
f 1183/1184/1086 1155/1152/1054 1182/1182/1084
f 1184/1185/1087 1156/1153/1055 1183/1184/1086
f 1185/1186/1088 1157/1154/1056 1184/1185/1087
f 1186/1187/1089 1158/1155/1057 1185/1186/1088
f 1160/1157/1059 1186/1187/1089 1187/1188/1090
f 1188/1189/1091 1160/1157/1059 1187/1188/1090
f 1189/1190/1092 1161/1158/1060 1188/1189/1091
f 1190/1191/1093 1162/1159/1061 1189/1190/1092
f 1191/1192/1094 1163/1160/1062 1190/1191/1093
f 1192/1193/1095 1164/1161/1063 1191/1192/1094
f 1166/1163/1065 1192/1193/1095 1193/1194/1096
f 1194/1195/1097 1166/1163/1065 1193/1194/1096
f 1195/1196/1098 1167/1164/1066 1194/1195/1097
f 1171/1169/1071 1196/1197/1099 1197/1198/1100
f 1172/1170/1072 1197/1198/1100 1198/1199/1101
f 1199/1200/1102 1172/1170/1072 1198/1199/1101
f 1174/1172/1074 1199/1200/1102 1200/1201/1103
f 1201/1202/1104 1174/1172/1074 1200/1201/1103
f 1202/1203/1105 1175/1173/1075 1201/1202/1104
f 1203/1204/1106 1176/1174/1076 1202/1203/1105
f 1204/1205/1107 1177/1175/1077 1203/1204/1106
f 1205/1206/1108 1178/1176/1078 1204/1205/1107
f 1206/1207/1109 1179/1177/1079 1205/1206/1108
f 1182/1182/1084 1210/1208/1110 1211/1209/1111
f 1212/1210/1112 1182/1182/1084 1211/1209/1111
f 1213/1211/1113 1183/1184/1086 1212/1210/1112
f 1185/1186/1088 1213/1211/1113 1214/1212/1114
f 1186/1187/1089 1214/1212/1114 1215/1213/1115
f 1187/1188/1090 1215/1213/1115 1216/1214/1116
f 1188/1189/1091 1216/1214/1116 1217/1215/1117
f 1189/1190/1092 1217/1215/1117 1218/1216/1118
f 1190/1191/1093 1218/1216/1118 1219/1217/1119
f 1220/1218/1120 1190/1191/1093 1219/1217/1119
f 1192/1193/1095 1220/1218/1120 1221/1219/1121
f 1193/1194/1096 1221/1219/1121 1222/1220/1122
f 1194/1195/1097 1222/1220/1122 1223/1221/1123
f 1324/1222/1124 1195/1196/1098 1194/1195/1097
f 1223/1221/1123 1224/1223/1125 1324/1222/1124
f 1194/1195/1097 1223/1221/1123 1324/1222/1124
f 1325/1224/1126 1195/1196/1098 1324/1222/1124
f 1320/1225/1127 1324/1222/1124 1224/1223/1125
f 1226/1226/1128 1196/1197/1099 1225/1227/1129
f 1198/1199/1101 1226/1226/1128 1227/1228/1130
f 1228/1229/1131 1198/1199/1101 1227/1228/1130
f 1200/1201/1103 1228/1229/1131 1229/1230/1132
f 1201/1202/1104 1229/1230/1132 1230/1231/1133
f 1231/1232/1134 1201/1202/1104 1230/1231/1133
f 1203/1204/1106 1231/1232/1134 1232/1233/1135
f 1204/1205/1107 1232/1233/1135 1233/1234/1136
f 1205/1206/1108 1233/1234/1136 1234/1235/1137
f 1206/1207/1109 1234/1235/1137 1235/1236/1138
f 1236/1237/1139 1206/1207/1109 1235/1236/1138
f 1465/1238/1140 1208/1239/1141 1237/1240/1142
f 1238/1241/1143 1209/1242/1144 1465/1238/1140
f 1237/1240/1142 1238/1241/1143 1465/1238/1140
f 1210/1208/1110 1238/1241/1143 1239/1243/1145
f 1240/1244/1146 1210/1208/1110 1239/1243/1145
f 1241/1245/1147 1211/1209/1111 1240/1244/1146
f 1213/1211/1113 1241/1245/1147 1242/1246/1148
f 1214/1212/1114 1242/1246/1148 1243/1247/1149
f 1244/1248/1150 1214/1212/1114 1243/1247/1149
f 1245/1249/1151 1215/1213/1115 1244/1248/1150
f 1246/1250/1152 1216/1214/1116 1245/1249/1151
f 1247/1251/1153 1217/1215/1117 1246/1250/1152
f 1248/1252/1154 1218/1216/1118 1247/1251/1153
f 1220/1218/1120 1248/1252/1154 1249/1253/1155
f 1221/1219/1121 1249/1253/1155 1250/1254/1156
f 1251/1255/1157 1221/1219/1121 1250/1254/1156
f 1252/1256/1158 1222/1220/1122 1251/1255/1157
f 1321/1257/1159 1224/1223/1125 1223/1221/1123
f 1252/1256/1158 1253/1258/1160 1321/1257/1159
f 1223/1221/1123 1252/1256/1158 1321/1257/1159
f 1320/1225/1127 1321/1257/1159 1322/1259/1161
f 1317/1260/1162 1321/1257/1159 1253/1258/1160
f 1226/1226/1128 1254/1261/1163 1255/1262/1164
f 1256/1263/1165 1226/1226/1128 1255/1262/1164
f 1228/1229/1131 1256/1263/1165 1257/1264/1166
f 1258/1265/1167 1228/1229/1131 1257/1264/1166
f 1259/1266/1168 1229/1230/1132 1258/1265/1167
f 1231/1232/1134 1259/1266/1168 1260/1267/1169
f 1232/1233/1135 1260/1267/1169 1261/1268/1170
f 1262/1269/1171 1232/1233/1135 1261/1268/1170
f 1263/1270/1172 1233/1234/1136 1262/1269/1171
f 1264/1271/1173 1234/1235/1137 1263/1270/1172
f 1265/1272/1174 1235/1236/1138 1264/1271/1173
f 1237/1240/1142 1265/1272/1174 1266/1273/1175
f 1267/1274/1176 1237/1240/1142 1266/1273/1175
f 1268/1275/1177 1238/1241/1143 1267/1274/1176
f 1269/1276/1178 1239/1243/1145 1268/1275/1177
f 1270/1277/1179 1240/1244/1146 1269/1276/1178
f 1242/1246/1148 1270/1277/1179 1271/1278/1180
f 1272/1279/1181 1242/1246/1148 1271/1278/1180
f 1273/1280/1182 1243/1247/1149 1272/1279/1181
f 1274/1281/1183 1244/1248/1150 1273/1280/1182
f 1246/1250/1152 1274/1281/1183 1275/1282/1184
f 1247/1251/1153 1275/1282/1184 1276/1283/1185
f 1277/1284/1186 1247/1251/1153 1276/1283/1185
f 1249/1253/1155 1277/1284/1186 1278/1285/1187
f 1250/1254/1156 1278/1285/1187 1279/1286/1188
f 1280/1287/1189 1250/1254/1156 1279/1286/1188
f 1252/1256/1158 1280/1287/1189 1281/1288/1190
f 1318/1289/1191 1253/1258/1160 1252/1256/1158
f 1281/1288/1190 1282/1290/1192 1318/1289/1191
f 1252/1256/1158 1281/1288/1190 1318/1289/1191
f 1319/1291/1193 1253/1258/1160 1318/1289/1191
f 1316/1292/1194 1318/1289/1191 1282/1290/1192
f 1395/1293/1195 1445/1294/1196 1080/1295/1197
f 1443/1296/1198 1082/1080/982 1083/1083/985
f 1444/1297/1199 1081/1298/1200 1082/1080/982
f 1084/1087/989 1441/1299/1201 1442/1300/1202
f 1440/1301/1203 1086/1091/993 1439/1302/1204
f 1441/1299/1201 1085/1089/991 1440/1301/1203
f 1442/1300/1202 1443/1296/1198 1083/1083/985
f 1081/1298/1200 1395/1293/1195 1396/1303/1205
f 1081/1298/1200 1396/1303/1205 1397/1304/1206
f 1083/1083/985 1084/1087/989 1442/1300/1202
f 1081/1298/1200 1445/1294/1196 1395/1293/1195
f 1438/1305/1207 1086/1091/993 1087/1093/995
f 1437/1306/1208 1087/1093/995 1088/1307/1209
f 1089/1094/996 1435/1308/1210 1436/1309/1211
f 1436/1309/1211 1088/1307/1209 1089/1094/996
f 1434/1310/1212 1091/1311/1213 1433/1312/1214
f 1431/1313/1215 1092/1099/1001 1093/1103/1005
f 1432/1314/1216 1091/1311/1213 1092/1099/1001
f 1434/1310/1212 1435/1308/1210 1090/1098/1000
f 1089/1094/996 1090/1098/1000 1435/1308/1210
f 1430/1315/1217 1093/1103/1005 1094/1316/1218
f 1429/1317/1219 1430/1315/1217 1094/1316/1218
f 1111/1081/983 1397/1304/1206 1398/1318/1220
f 1141/1138/1040 1399/1319/1221 1400/1320/1222
f 1111/1081/983 1398/1318/1220 1399/1319/1221
f 1141/1138/1040 1111/1081/983 1399/1319/1221
f 1170/1168/1070 1401/1321/1223 1402/1322/1224
f 1141/1138/1040 1400/1320/1222 1401/1321/1223
f 1403/1323/1225 1170/1168/1070 1402/1322/1224
f 1207/1324/1226 1458/1325/1227 1466/1181/1083
f 1152/1149/1051 1467/1148/1050 1469/1180/1082
f 1466/1181/1083 1460/1326/1228 1469/1180/1082
f 1466/1181/1083 1458/1325/1227 1459/1327/1229
f 1460/1326/1228 1466/1181/1083 1459/1327/1229
f 1466/1181/1083 1180/1179/1081 1206/1207/1109
f 1460/1326/1228 1461/1328/1230 1469/1180/1082
f 1152/1149/1051 1464/1329/1231 1446/1330/1232
f 1122/1100/1002 1152/1149/1051 1123/1101/1003
f 1464/1329/1231 1152/1149/1051 1463/1331/1233
f 1446/1330/1232 1447/1332/1234 1153/1150/1052
f 1153/1150/1052 1124/1102/1004 1123/1101/1003
f 1448/1333/1235 1153/1150/1052 1447/1332/1234
f 1152/1149/1051 1153/1150/1052 1123/1101/1003
f 1446/1330/1232 1153/1150/1052 1152/1149/1051
f 1152/1149/1051 1462/1334/1236 1463/1331/1233
f 1462/1334/1236 1152/1149/1051 1469/1180/1082
f 1153/1150/1052 1448/1333/1235 1449/1335/1237
f 1209/1242/1144 1181/1183/1085 1153/1150/1052
f 1450/1336/1238 1451/1337/1239 1209/1242/1144
f 1449/1335/1237 1450/1336/1238 1153/1150/1052
f 1469/1180/1082 1461/1328/1230 1462/1334/1236
f 1209/1242/1144 1153/1150/1052 1450/1336/1238
f 1452/1338/1240 1209/1242/1144 1451/1337/1239
f 1081/1298/1200 1397/1304/1206 1111/1081/983
f 1095/1104/1006 1428/1339/1241 1429/1317/1219
f 1427/1340/1242 1097/1110/1012 1426/1341/1243
f 1428/1339/1241 1096/1108/1010 1427/1340/1242
f 1424/1342/1244 1098/1112/1014 1099/1343/1245
f 1100/1113/1015 1422/1344/1246 1423/1345/1247
f 1423/1345/1247 1099/1343/1245 1100/1113/1015
f 1425/1346/1248 1097/1110/1012 1098/1112/1014
f 1101/1115/1017 1422/1344/1246 1100/1113/1015
f 1102/1117/1019 1421/1347/1249 1101/1115/1017
f 1429/1317/1219 1094/1316/1218 1095/1104/1006
f 1420/1348/1250 1103/1119/1021 1419/1349/1251
f 1417/1350/1252 1104/1351/1253 1105/1122/1024
f 1418/1352/1254 1103/1119/1021 1104/1351/1253
f 1416/1353/1255 1106/1124/1026 1415/1354/1256
f 1413/1355/1257 1109/1129/1031 1412/1356/1258
f 1415/1354/1256 1107/1357/1259 1414/1358/1260
f 1105/1122/1024 1416/1353/1255 1417/1350/1252
f 1410/1359/1261 1110/1132/1034 1328/1134/1036
f 1411/1360/1262 1109/1129/1031 1110/1132/1034
f 1311/1361/1263 1410/1359/1261 1328/1134/1036
f 1414/1358/1260 1108/1127/1029 1413/1355/1257
f 1410/1359/1261 1314/1362/1264 1315/1363/1265
f 1410/1359/1261 1312/1364/1266 1313/1365/1267
f 1410/1359/1261 1311/1361/1263 1312/1364/1266
f 1313/1365/1267 1314/1362/1264 1410/1359/1261
f 1416/1353/1255 1105/1122/1024 1106/1124/1026
f 1323/1366/1268 1168/1165/1067 1195/1196/1098
f 1168/1165/1067 1323/1366/1268 1169/1167/1069
f 1298/1367/1269 1323/1366/1268 1297/1368/1270
f 1325/1224/1126 1297/1368/1270 1323/1366/1268
f 1296/1369/1271 1297/1368/1270 1325/1224/1126
f 1298/1367/1269 1299/1370/485 1323/1366/1268
f 1330/1135/1037 1309/1371/475 1328/1134/1036
f 1307/1372/477 1330/1135/1037 1326/1136/1038
f 1305/1373/479 1306/1374/1272 1326/1136/1038
f 1326/1136/1038 1306/1374/1272 1307/1372/477
f 1328/1134/1036 1309/1371/475 1310/1375/1273
f 1330/1135/1037 1307/1372/477 1308/1376/1274
f 1308/1376/1274 1309/1371/475 1330/1135/1037
f 1311/1361/1263 1328/1134/1036 1310/1375/1273
f 1169/1167/1069 1303/1377/1275 1327/1166/1068
f 1323/1366/1268 1300/1378/1276 1169/1167/1069
f 1300/1378/1276 1323/1366/1268 1299/1370/485
f 1300/1378/1276 1301/1379/1277 1169/1167/1069
f 1327/1166/1068 1304/1380/480 1305/1373/479
f 1169/1167/1069 1302/1381/1278 1303/1377/1275
f 1169/1167/1069 1301/1379/1277 1302/1381/1278
f 1303/1377/1275 1304/1380/480 1327/1166/1068
f 1140/1133/1035 1305/1373/479 1326/1136/1038
f 1327/1166/1068 1305/1373/479 1140/1133/1035
f 1153/1150/1052 1181/1183/1085 1154/1151/1053
f 1196/1197/1099 1403/1323/1225 1404/1382/1279
f 1196/1197/1099 1404/1382/1279 1405/1383/1280
f 1225/1227/1129 1406/1384/1281 1407/1385/1282
f 1225/1227/1129 1405/1383/1280 1406/1384/1281
f 1225/1227/1129 1196/1197/1099 1405/1383/1280
f 1254/1261/1163 1407/1385/1282 1408/1386/1283
f 1409/1387/1284 1254/1261/1163 1408/1386/1283
f 1255/1262/1164 1337/1388/1285 1256/1263/1165
f 1257/1264/1166 1341/1389/1286 1258/1265/1167
f 1256/1263/1165 1339/1390/1287 1257/1264/1166
f 1259/1266/1168 1345/1391/1288 1260/1267/1169
f 1262/1269/1171 1349/1392/1289 1350/1393/1290
f 1261/1268/1170 1347/1394/1291 1348/1395/1292
f 1258/1265/1167 1343/1396/1293 1259/1266/1168
f 1255/1262/1164 1334/1397/1294 1335/1398/1295
f 1207/1324/1226 1456/1399/1296 1457/1400/1297
f 1458/1325/1227 1207/1324/1226 1457/1400/1297
f 1466/1181/1083 1206/1207/1109 1207/1324/1226
f 1208/1239/1141 1456/1399/1296 1207/1324/1226
f 1454/1401/1298 1465/1238/1140 1453/1402/1299
f 1454/1401/1298 1455/1403/1300 1208/1239/1141
f 1456/1399/1296 1208/1239/1141 1455/1403/1300
f 1208/1239/1141 1465/1238/1140 1454/1401/1298
f 1207/1324/1226 1237/1240/1142 1208/1239/1141
f 1264/1271/1173 1356/1404/1301 1265/1272/1174
f 1263/1270/1172 1354/1405/1302 1264/1271/1173
f 1453/1402/1299 1465/1238/1140 1209/1242/1144
f 1267/1274/1176 1360/1406/1303 1361/1407/1304
f 1265/1272/1174 1358/1408/1305 1266/1273/1175
f 1263/1270/1172 1351/1409/1306 1352/1410/1307
f 1332/1411/1308 1409/1387/1284 1331/1412/904
f 1332/1411/1308 1333/1413/905 1254/1261/1163
f 1254/1261/1163 1333/1413/905 1334/1397/1294
f 1335/1398/1295 1336/1414/1309 1255/1262/1164
f 1256/1263/1165 1337/1388/1285 1338/1415/1310
f 1339/1390/1287 1340/1416/1311 1257/1264/1166
f 1343/1396/1293 1344/1417/1312 1259/1266/1168
f 1341/1389/1286 1342/1418/1313 1258/1265/1167
f 1260/1267/1169 1345/1391/1288 1346/1419/921
f 1346/1419/921 1347/1394/1291 1260/1267/1169
f 1348/1395/1292 1349/1392/1289 1261/1268/1170
f 1350/1393/1290 1351/1409/1306 1262/1269/1171
f 1352/1410/1307 1353/1420/1314 1263/1270/1172
f 1354/1405/1302 1355/1421/1315 1264/1271/1173
f 1356/1404/1301 1357/1422/1316 1265/1272/1174
f 1358/1408/1305 1359/1423/907 1266/1273/1175
f 1361/1407/1304 1362/1424/1317 1267/1274/1176
f 1359/1423/907 1360/1406/1303 1266/1273/1175
f 1254/1261/1163 1409/1387/1284 1332/1411/1308
f 1268/1275/1177 1362/1424/1317 1363/1425/1318
f 1270/1277/1179 1369/1426/1319 1271/1278/1180
f 1269/1276/1178 1367/1427/1320 1270/1277/1179
f 1273/1280/1182 1373/1428/1321 1374/1429/1322
f 1275/1282/1184 1377/1430/1323 1378/1431/1324
f 1274/1281/1183 1375/1432/1325 1376/1433/1326
f 1272/1279/1181 1371/1434/1327 1372/1435/1328
f 1276/1283/1185 1382/1436/1329 1277/1284/1186
f 1278/1285/1187 1386/1437/1330 1279/1286/1188
f 1277/1284/1186 1384/1438/1331 1278/1285/1187
f 1281/1288/1190 1390/1439/1332 1391/1440/1333
f 1394/1441/1334 1285/1442/1335 1282/1290/1192
f 1282/1290/1192 1392/1443/1336 1393/1444/1337
f 1280/1287/1189 1388/1445/1338 1389/1446/1339
f 1275/1282/1184 1380/1447/1340 1276/1283/1185
f 1322/1259/1161 1293/1448/1341 1320/1225/1127
f 1292/1449/1342 1317/1260/1162 1291/1450/1343
f 1317/1260/1162 1292/1449/1342 1322/1259/1161
f 1292/1449/1342 1293/1448/1341 1322/1259/1161
f 1295/1451/513 1296/1369/1271 1325/1224/1126
f 1320/1225/1127 1293/1448/1341 1294/1452/514
f 1294/1452/514 1295/1451/513 1320/1225/1127
f 1295/1451/513 1325/1224/1126 1320/1225/1127
f 1319/1291/1193 1290/1453/1344 1317/1260/1162
f 1288/1454/520 1319/1291/1193 1316/1292/1194
f 1282/1290/1192 1285/1442/1335 1316/1292/1194
f 1316/1292/1194 1285/1442/1335 1286/1455/522
f 1319/1291/1193 1289/1456/519 1290/1453/1344
f 1316/1292/1194 1287/1457/1345 1288/1454/520
f 1316/1292/1194 1286/1455/522 1287/1457/1345
f 1288/1454/520 1289/1456/519 1319/1291/1193
f 1291/1450/1343 1317/1260/1162 1290/1453/1344
f 1268/1275/1177 1365/1458/1346 1269/1276/1178
f 1365/1458/1346 1366/1459/1347 1269/1276/1178
f 1370/1460/914 1371/1434/1327 1271/1278/1180
f 1369/1426/1319 1370/1460/914 1271/1278/1180
f 1367/1427/1320 1368/1461/1348 1270/1277/1179
f 1372/1435/1328 1373/1428/1321 1272/1279/1181
f 1374/1429/1322 1375/1432/1325 1273/1280/1182
f 1376/1433/1326 1377/1430/1323 1274/1281/1183
f 1378/1431/1324 1379/1462/1349 1275/1282/1184
f 1382/1436/1329 1383/1463/1350 1277/1284/1186
f 1385/1464/1351 1278/1285/1187 1384/1438/1331
f 1386/1437/1330 1387/1465/863 1279/1286/1188
f 1279/1286/1188 1387/1465/863 1388/1445/1338
f 1381/1466/1352 1276/1283/1185 1380/1447/1340
f 1389/1446/1339 1390/1439/1332 1280/1287/1189
f 1285/1442/1335 1394/1441/1334 1284/1467/525
f 1284/1467/525 1394/1441/1334 1283/1468/526
f 1393/1444/1337 1394/1441/1334 1282/1290/1192
f 1391/1440/1333 1392/1443/1336 1281/1288/1190
f 1363/1425/1318 1364/1469/1353 1268/1275/1177
f 1209/1242/1144 1452/1338/1240 1453/1402/1299
f 1497/1470/1354 1571/1471/1354 1574/1472/1355
f 1571/1471/1354 1502/1473/1355 1574/1472/1355
f 1574/1472/1355 1487/1474/1354 1497/1470/1354
f 1471/1475/1354 1571/1471/1354 1497/1470/1354
f 1571/1471/1354 1568/1476/1354 1572/1477/1354
f 1575/1478/1355 1498/1479/1354 1576/1480/1355
f 1576/1480/1355 1487/1474/1354 1573/1481/1356
f 1577/1482/1354 1488/1483/1354 1575/1478/1355
f 1495/1484/1354 1489/1485/1354 1488/1483/1354
f 1490/1486/1354 1491/1487/1357 1495/1484/1354
f 1488/1483/1354 1490/1486/1354 1495/1484/1354
f 1495/1484/1354 1494/1488/1354 1489/1485/1354
f 1498/1479/1354 1497/1470/1354 1487/1474/1354
f 1488/1483/1354 1500/1489/1354 1498/1479/1354
f 1494/1488/1354 1475/1490/1354 1499/1491/1354
f 1500/1489/1354 1489/1485/1354 1494/1488/1354
f 1499/1491/1354 1500/1489/1354 1494/1488/1354
f 1500/1489/1354 1471/1475/1354 1497/1470/1354
f 1499/1491/1354 1506/1492/1354 1471/1475/1354
f 1503/1493/1354 1492/1494/1354 1508/1495/1354
f 1499/1491/1354 1475/1490/1354 1503/1493/1354
f 1508/1495/1354 1499/1491/1354 1503/1493/1354
f 1523/1496/1354 1476/1497/1354 1507/1498/1354
f 1508/1495/1354 1492/1494/1354 1523/1496/1354
f 1507/1498/1354 1508/1495/1354 1523/1496/1354
f 1508/1495/1354 1474/1499/1354 1506/1492/1354
f 1505/1500/1355 1492/1494/1354 1503/1493/1354
f 1521/1501/1358 1493/1502/1354 1510/1503/1359
f 1504/1504/1354 1523/1496/1354 1492/1494/1354
f 1493/1502/1354 1525/1505/1354 1504/1504/1354
f 1525/1505/1354 1476/1497/1354 1523/1496/1354
f 1524/1506/1354 1526/1507/1354 1476/1497/1354
f 1528/1508/1354 1522/1509/1354 1526/1507/1354
f 1507/1498/1354 1529/1510/1357 1474/1499/1354
f 1526/1507/1354 1522/1509/1354 1530/1511/1354
f 1507/1498/1354 1476/1497/1354 1526/1507/1354
f 1530/1511/1354 1507/1498/1354 1526/1507/1354
f 1501/1512/1354 1570/1513/1357 1568/1476/1354
f 1569/1514/1354 1506/1492/1354 1567/1515/1354
f 1506/1492/1354 1474/1499/1354 1567/1515/1354
f 1567/1515/1354 1509/1516/1354 1569/1514/1354
f 1501/1512/1354 1506/1492/1354 1569/1514/1354
f 1567/1515/1354 1474/1499/1354 1529/1510/1357
f 1520/1517/1359 1470/1518/1355 1531/1519/1355
f 1519/1520/1360 1520/1517/1359 1532/1521/1355
f 1531/1519/1355 1532/1521/1355 1520/1517/1359
f 1510/1503/1359 1511/1522/1354 1512/1523/1357
f 1513/1524/1361 1510/1503/1359 1512/1523/1357
f 1473/1525/1359 1511/1522/1354 1510/1503/1359
f 1513/1524/1361 1514/1526/1362 1521/1501/1358
f 1513/1524/1361 1521/1501/1358 1510/1503/1359
f 1485/1527/1363 1510/1503/1359 1493/1502/1354
f 1527/1528/1354 1519/1520/1360 1532/1521/1355
f 1528/1508/1354 1517/1529/1364 1518/1530/1360
f 1533/1531/1356 1527/1528/1354 1532/1521/1355
f 1527/1528/1354 1518/1530/1360 1519/1520/1360
f 1527/1528/1354 1534/1532/1357 1522/1509/1354
f 1518/1530/1360 1527/1528/1354 1528/1508/1354
f 1534/1532/1357 1527/1528/1354 1533/1531/1356
f 1516/1533/1365 1517/1529/1364 1528/1508/1354
f 1524/1506/1354 1515/1534/1360 1516/1533/1365
f 1525/1505/1354 1514/1526/1362 1515/1534/1360
f 1515/1534/1360 1524/1506/1354 1525/1505/1354
f 1524/1506/1354 1516/1533/1365 1528/1508/1354
f 1514/1526/1362 1525/1505/1354 1521/1501/1358
f 1484/1535/1356 1493/1502/1354 1504/1504/1354
f 1510/1503/1359 1486/1536/1366 1473/1525/1359
f 1480/1537/1361 1491/1487/1357 1479/1538/1367
f 1491/1487/1357 1478/1539/1359 1479/1538/1367
f 1486/1536/1366 1510/1503/1359 1485/1527/1363
f 1566/1540/1354 1472/1541/1354 1577/1482/1354
f 1472/1541/1354 1490/1486/1354 1577/1482/1354
f 1478/1539/1359 1490/1486/1354 1477/1542/1368
f 1490/1486/1354 1478/1539/1359 1491/1487/1357
f 1565/1543/1355 1566/1540/1354 1577/1482/1354
f 1505/1500/1355 1483/1544/1359 1484/1535/1356
f 1475/1490/1354 1482/1545/1355 1483/1544/1359
f 1475/1490/1354 1505/1500/1355 1503/1493/1354
f 1505/1500/1355 1484/1535/1356 1504/1504/1354
f 1483/1544/1359 1505/1500/1355 1475/1490/1354
f 1484/1535/1356 1485/1527/1363 1493/1502/1354
f 1481/1546/1365 1482/1545/1355 1475/1490/1354
f 1575/1478/1355 1565/1543/1355 1577/1482/1354
f 1481/1546/1365 1496/1547/1360 1480/1537/1361
f 1480/1537/1361 1495/1484/1354 1491/1487/1357
f 1475/1490/1354 1496/1547/1360 1481/1546/1365
f 1480/1537/1361 1496/1547/1360 1495/1484/1354
f 1496/1547/1360 1475/1490/1354 1494/1488/1354
f 1530/1511/1354 1522/1509/1354 1535/1548/1354
f 1537/1549/1355 1529/1510/1357 1536/1550/1360
f 1530/1511/1354 1535/1548/1354 1536/1550/1360
f 1529/1510/1357 1537/1549/1355 1538/1551/1357
f 1529/1510/1357 1530/1511/1354 1536/1550/1360
f 1567/1515/1354 1529/1510/1357 1538/1551/1357
f 1567/1515/1354 1540/1552/1357 1509/1516/1354
f 1541/1553/1360 1509/1516/1354 1540/1552/1357
f 1539/1554/1354 1540/1552/1357 1567/1515/1354
f 1538/1551/1357 1539/1554/1354 1567/1515/1354
f 1543/1555/1354 1509/1516/1354 1542/1556/1369
f 1543/1555/1354 1569/1514/1354 1509/1516/1354
f 1545/1557/1370 1570/1513/1357 1544/1558/1371
f 1570/1513/1357 1543/1555/1354 1544/1558/1371
f 1546/1559/1354 1570/1513/1357 1545/1557/1370
f 1543/1555/1354 1570/1513/1357 1569/1514/1354
f 1547/1560/1356 1568/1476/1354 1570/1513/1357
f 1568/1476/1354 1548/1561/1370 1549/1562/1354
f 1547/1560/1356 1548/1561/1370 1568/1476/1354
f 1547/1560/1356 1570/1513/1357 1546/1559/1354
f 1550/1563/1355 1568/1476/1354 1549/1562/1354
f 1541/1553/1360 1542/1556/1369 1509/1516/1354
f 1563/1564/1355 1575/1478/1355 1576/1480/1355
f 1573/1481/1356 1487/1474/1354 1574/1472/1355
f 1560/1565/1355 1573/1481/1356 1574/1472/1355
f 1562/1566/1359 1576/1480/1355 1573/1481/1356
f 1563/1564/1355 1576/1480/1355 1562/1566/1359
f 1575/1478/1355 1563/1564/1355 1564/1567/1356
f 1561/1568/1356 1573/1481/1356 1560/1565/1355
f 1573/1481/1356 1561/1568/1356 1562/1566/1359
f 1560/1565/1355 1574/1472/1355 1559/1569/1360
f 1559/1569/1360 1574/1472/1355 1558/1570/1357
f 1565/1543/1355 1575/1478/1355 1564/1567/1356
f 1572/1477/1354 1555/1571/1356 1571/1471/1354
f 1552/1572/1354 1553/1573/1372 1572/1477/1354
f 1553/1573/1372 1554/1574/1373 1572/1477/1354
f 1552/1572/1354 1572/1477/1354 1551/1575/1357
f 1551/1575/1357 1572/1477/1354 1568/1476/1354
f 1568/1476/1354 1550/1563/1355 1551/1575/1357
f 1557/1576/1360 1558/1570/1357 1502/1473/1355
f 1502/1473/1355 1558/1570/1357 1574/1472/1355
f 1556/1577/1356 1557/1576/1360 1502/1473/1355
f 1556/1577/1356 1502/1473/1355 1555/1571/1356
f 1555/1571/1356 1502/1473/1355 1571/1471/1354
f 1555/1571/1356 1572/1477/1354 1554/1574/1373
f 1535/1548/1354 1522/1509/1354 1534/1532/1357
f 1647/1578/1374 1608/1579/1374 1648/1580/1374
f 1608/1579/1374 1607/1581/1375 1606/1582/1375
f 1600/1583/1374 1609/1584/1374 1608/1579/1374
f 1599/1585/1374 1607/1581/1375 1609/1584/1374
f 1649/1586/1374 1600/1583/1374 1647/1578/1374
f 1650/1587/1374 1597/1588/1375 1604/1589/1374
f 1603/1590/1374 1602/1591/1376 1600/1583/1374
f 1601/1592/1374 1605/1593/1375 1603/1590/1374
f 1605/1593/1375 1604/1589/1374 1597/1588/1375
f 1650/1587/1374 1598/1594/1377 1597/1588/1375
f 1599/1585/1374 1646/1595/1375 1645/1596/1374
f 1579/1597/1375 1644/1598/1375 1578/1599/1375
f 1643/1600/1377 1582/1601/1378 1642/1602/1379
f 1643/1600/1377 1644/1598/1375 1581/1603/1375
f 1651/1604/1374 1641/1605/1378 1642/1602/1379
f 1650/1587/1374 1640/1606/1378 1651/1604/1374
f 1641/1605/1378 1651/1604/1374 1640/1606/1378
f 1639/1607/1375 1640/1606/1378 1650/1587/1374
f 1582/1601/1378 1651/1604/1374 1642/1602/1379
f 1644/1598/1375 1579/1597/1375 1581/1603/1375
f 1582/1601/1378 1583/1608/1374 1651/1604/1374
f 1598/1594/1377 1583/1608/1374 1584/1609/1377
f 1651/1604/1374 1583/1608/1374 1598/1594/1377
f 1585/1610/1380 1597/1588/1375 1598/1594/1377
f 1605/1593/1375 1597/1588/1375 1586/1611/1376
f 1597/1588/1375 1585/1610/1380 1586/1611/1376
f 1585/1610/1380 1598/1594/1377 1584/1609/1377
f 1582/1601/1378 1643/1600/1377 1581/1603/1375
f 1586/1611/1376 1587/1612/1375 1605/1593/1375
f 1638/1613/1375 1639/1607/1375 1650/1587/1374
f 1636/1614/1379 1637/1615/1378 1604/1589/1374
f 1638/1613/1375 1604/1589/1374 1637/1615/1378
f 1650/1587/1374 1604/1589/1374 1638/1613/1375
f 1601/1592/1374 1635/1616/1378 1636/1614/1379
f 1649/1586/1374 1633/1617/1381 1634/1618/1377
f 1635/1616/1378 1601/1592/1374 1634/1618/1377
f 1634/1618/1377 1601/1592/1374 1603/1590/1374
f 1601/1592/1374 1636/1614/1379 1604/1589/1374
f 1603/1590/1374 1649/1586/1374 1634/1618/1377
f 1605/1593/1375 1588/1619/1376 1602/1591/1376
f 1589/1620/1378 1602/1591/1376 1588/1619/1376
f 1649/1586/1374 1631/1621/1377 1632/1622/1382
f 1629/1623/1381 1630/1624/1377 1647/1578/1374
f 1630/1624/1377 1649/1586/1374 1647/1578/1374
f 1631/1621/1377 1649/1586/1374 1630/1624/1377
f 1632/1622/1382 1633/1617/1381 1649/1586/1374
f 1587/1612/1375 1588/1619/1376 1605/1593/1375
f 1610/1625/1374 1593/1626/1383 1594/1627/1374
f 1595/1628/1379 1646/1595/1375 1594/1627/1374
f 1646/1595/1375 1610/1625/1374 1594/1627/1374
f 1591/1629/1375 1609/1584/1374 1590/1630/1376
f 1599/1585/1374 1592/1631/1378 1610/1625/1374
f 1593/1626/1383 1610/1625/1374 1592/1631/1378
f 1591/1629/1375 1592/1631/1378 1599/1585/1374
f 1591/1629/1375 1599/1585/1374 1609/1584/1374
f 1596/1632/1375 1613/1633/1377 1595/1628/1379
f 1613/1633/1377 1614/1634/1377 1595/1628/1379
f 1613/1633/1377 1596/1632/1375 1612/1635/1375
f 1580/1636/1375 1611/1637/1375 1612/1635/1375
f 1616/1638/1376 1645/1596/1374 1646/1595/1375
f 1616/1638/1376 1646/1595/1375 1615/1639/1375
f 1614/1634/1377 1615/1639/1375 1646/1595/1375
f 1646/1595/1375 1595/1628/1379 1614/1634/1377
f 1617/1640/1375 1645/1596/1374 1616/1638/1376
f 1596/1632/1375 1580/1636/1375 1612/1635/1375
f 1645/1596/1374 1607/1581/1375 1599/1585/1374
f 1609/1584/1374 1602/1591/1376 1589/1620/1378
f 1608/1579/1374 1622/1641/1375 1648/1580/1374
f 1589/1620/1378 1590/1630/1376 1609/1584/1374
f 1627/1642/1375 1628/1643/1374 1647/1578/1374
f 1625/1644/1374 1626/1645/1379 1648/1580/1374
f 1647/1578/1374 1626/1645/1379 1627/1642/1375
f 1648/1580/1374 1624/1646/1376 1625/1644/1374
f 1647/1578/1374 1648/1580/1374 1626/1645/1379
f 1629/1623/1381 1647/1578/1374 1628/1643/1374
f 1606/1582/1375 1607/1581/1375 1620/1647/1377
f 1619/1648/1381 1620/1647/1377 1607/1581/1375
f 1619/1648/1381 1607/1581/1375 1618/1649/1375
f 1618/1649/1375 1607/1581/1375 1645/1596/1374
f 1623/1650/1384 1624/1646/1376 1648/1580/1374
f 1622/1641/1375 1606/1582/1375 1621/1651/1376
f 1620/1647/1377 1621/1651/1376 1606/1582/1375
f 1648/1580/1374 1622/1641/1375 1623/1650/1384
f 1606/1582/1375 1622/1641/1375 1608/1579/1374
f 1645/1596/1374 1617/1640/1375 1618/1649/1375
f 1653/1652/1385 1655/1653/1386 1656/1654/1387
f 1657/1655/1388 1653/1652/1385 1656/1654/1387
f 1659/1656/1389 1655/1653/1386 1658/1657/1390
f 1660/1658/1391 1656/1654/1387 1659/1656/1389
f 1659/1656/1389 1661/1659/1392 1662/1660/1393
f 1663/1661/1394 1659/1656/1389 1662/1660/1393
f 1662/1660/1393 1664/1662/1395 1665/1663/1396
f 1666/1664/1397 1662/1660/1393 1665/1663/1396
f 1665/1663/1396 1667/1665/1398 1668/1666/1399
f 1666/1664/1397 1668/1666/1399 1669/1667/1400
f 1671/1668/1401 1667/1665/1398 1670/1669/1402
f 1669/1667/1400 1671/1668/1401 1672/1670/1403
f 1671/1668/1401 1673/1671/1404 1674/1672/1405
f 1672/1670/1403 1674/1672/1405 1675/1673/1406
f 1677/1674/1407 1673/1671/1404 1676/1675/1408
f 1675/1673/1406 1677/1674/1407 1678/1676/1409
f 1680/1677/1410 1676/1675/1408 1679/1678/1411
f 1678/1676/1409 1680/1677/1410 1681/1679/1412
f 1680/1677/1410 1682/1680/1413 1683/1681/1414
f 1684/1682/1415 1680/1677/1410 1683/1681/1414
f 1683/1681/1414 1685/1683/1416 1686/1684/1417
f 1687/1685/1418 1683/1681/1414 1686/1684/1417
f 1686/1684/1417 1688/1686/1419 1689/1687/1420
f 1687/1685/1418 1689/1687/1420 1690/1688/1421
f 1692/1689/1422 1688/1686/1419 1691/1690/1423
f 1693/1691/1424 1689/1687/1420 1692/1689/1422
f 1692/1689/1422 1694/1692/1425 1695/1693/1426
f 1693/1691/1424 1695/1693/1426 1696/1694/1427
f 1695/1693/1426 1697/1695/1428 1698/1696/1429
f 1699/1697/1430 1695/1693/1426 1698/1696/1429
f 1701/1698/1431 1697/1695/1428 1700/1699/1432
f 1702/1700/1433 1698/1696/1429 1701/1698/1431
f 1701/1698/1431 1703/1701/1434 1704/1702/1435
f 1702/1700/1433 1704/1702/1435 1705/1703/1436
f 1707/1704/1437 1703/1701/1434 1706/1705/1438
f 1705/1703/1436 1707/1704/1437 1708/1706/1439
f 1710/1707/1440 1706/1705/1438 1709/1708/1441
f 1708/1706/1439 1710/1707/1440 1711/1709/1442
f 1713/1710/1443 1709/1708/1441 1712/1711/1444
f 1711/1709/1442 1713/1710/1443 1714/1712/1445
f 1716/1713/1446 1712/1711/1444 1715/1714/1447
f 1717/1715/1448 1713/1710/1443 1716/1713/1446
f 1716/1713/1446 1718/1716/1449 1719/1717/1450
f 1720/1718/1451 1716/1713/1446 1719/1717/1450
f 1722/1719/1452 1718/1716/1449 1721/1720/1453
f 1720/1718/1451 1722/1719/1452 1723/1721/1454
f 1722/1719/1452 1724/1722/1455 1725/1723/1456
f 1723/1721/1454 1725/1723/1456 1726/1724/1457
f 1728/1725/1458 1725/1723/1456 1727/1726/1459
f 1747/1727/1460 1819/1728/1461 1746/1729/1462
f 1748/1730/1463 1655/1653/1386 1652/1731/1464
f 1652/1731/1464 1747/1727/1460 1748/1730/1463
f 1658/1657/1390 1750/1732/1465 1751/1733/1466
f 1753/1734/1467 1661/1659/1392 1752/1735/1468
f 1664/1662/1395 1753/1734/1467 1754/1736/1469
f 1751/1733/1466 1661/1659/1392 1658/1657/1390
f 1655/1653/1386 1749/1737/1470 1750/1732/1465
f 1655/1653/1386 1750/1732/1465 1658/1657/1390
f 1756/1738/1471 1667/1665/1398 1755/1739/1472
f 1667/1665/1398 1754/1736/1469 1755/1739/1472
f 1670/1669/1402 1756/1738/1471 1757/1740/1473
f 1652/1731/1464 1819/1728/1461 1747/1727/1460
f 1673/1671/1404 1757/1740/1473 1758/1741/1474
f 1676/1675/1408 1759/1742/1475 1760/1743/1476
f 1758/1741/1474 1676/1675/1408 1673/1671/1404
f 1761/1744/1477 1682/1680/1413 1679/1678/1411
f 1685/1683/1416 1763/1745/1478 1764/1746/1479
f 1764/1746/1479 1688/1686/1419 1685/1683/1416
f 1682/1680/1413 1762/1747/1480 1763/1745/1478
f 1679/1678/1411 1760/1743/1476 1761/1744/1477
f 1676/1675/1408 1760/1743/1476 1679/1678/1411
f 1691/1690/1423 1766/1748/1481 1767/1749/1482
f 1688/1686/1419 1766/1748/1481 1691/1690/1423
f 1694/1692/1425 1767/1749/1482 1768/1750/1483
f 1763/1745/1478 1685/1683/1416 1682/1680/1413
f 1670/1669/1402 1757/1740/1473 1673/1671/1404
f 1819/1728/1461 1653/1652/1385 1818/1751/1484
f 1818/1751/1484 1654/1752/1485 1817/1753/1486
f 1657/1655/1388 1813/1754/1487 1814/1755/1488
f 1663/1661/1394 1811/1756/1489 1812/1757/1490
f 1666/1664/1397 1810/1758/1491 1811/1756/1489
f 1660/1658/1391 1812/1757/1490 1813/1754/1487
f 1654/1752/1485 1814/1755/1488 1815/1759/1492
f 1815/1759/1492 1816/1760/1493 1817/1753/1486
f 1654/1752/1485 1815/1759/1492 1817/1753/1486
f 1810/1758/1491 1669/1667/1400 1809/1761/1494
f 1672/1670/1403 1809/1761/1494 1669/1667/1400
f 1675/1673/1406 1808/1762/1495 1672/1670/1403
f 1681/1679/1412 1806/1763/1496 1678/1676/1409
f 1678/1676/1409 1807/1764/1497 1675/1673/1406
f 1690/1688/1421 1803/1765/1498 1687/1685/1418
f 1693/1691/1424 1802/1766/1499 1690/1688/1421
f 1687/1685/1418 1804/1767/1500 1684/1682/1415
f 1684/1682/1415 1805/1768/1501 1681/1679/1412
f 1801/1769/1502 1696/1694/1427 1800/1770/1503
f 1799/1771/1504 1696/1694/1427 1699/1697/1430
f 1694/1692/1425 1769/1772/1505 1697/1695/1428
f 1700/1699/1432 1770/1773/1506 1771/1774/1507
f 1697/1695/1428 1769/1772/1505 1770/1773/1506
f 1703/1701/1434 1772/1775/1508 1773/1776/1509
f 1774/1777/1510 1709/1708/1441 1706/1705/1438
f 1709/1708/1441 1775/1778/1511 1776/1779/1512
f 1706/1705/1438 1773/1776/1509 1774/1777/1510
f 1772/1775/1508 1700/1699/1432 1771/1774/1507
f 1700/1699/1432 1697/1695/1428 1770/1773/1506
f 1715/1714/1447 1777/1780/1513 1778/1781/1514
f 1712/1711/1444 1709/1708/1441 1776/1779/1512
f 1773/1776/1509 1706/1705/1438 1703/1701/1434
f 1776/1779/1512 1777/1780/1513 1712/1711/1444
f 1718/1716/1449 1779/1782/1515 1780/1783/1516
f 1715/1714/1447 1779/1782/1515 1718/1716/1449
f 1721/1720/1453 1780/1783/1516 1781/1784/1517
f 1782/1785/1518 1721/1720/1453 1781/1784/1517
f 1731/1786/1519 1724/1722/1455 1730/1787/943
f 1724/1722/1455 1782/1785/1518 1730/1787/943
f 1731/1786/1519 1732/1788/1520 1724/1722/1455
f 1725/1723/1456 1724/1722/1455 1727/1726/1459
f 1727/1726/1459 1724/1722/1455 1732/1788/1520
f 1734/1789/1521 1727/1726/1459 1733/1790/1522
f 1727/1726/1459 1732/1788/1520 1733/1790/1522
f 1727/1726/1459 1734/1789/1521 1735/1791/1523
f 1736/1792/1524 1737/1793/1525 1821/1794/1526
f 1736/1792/1524 1728/1725/1458 1735/1791/1523
f 1728/1725/1458 1727/1726/1459 1735/1791/1523
f 1737/1793/1525 1738/1795/1527 1821/1794/1526
f 1798/1796/1528 1699/1697/1430 1702/1700/1433
f 1705/1703/1436 1796/1797/1529 1797/1798/1530
f 1702/1700/1433 1797/1798/1530 1798/1796/1528
f 1708/1706/1439 1795/1799/1531 1796/1797/1529
f 1714/1712/1445 1793/1800/1532 1794/1801/1533
f 1720/1718/1451 1792/1802/1534 1717/1715/1448
f 1711/1709/1442 1794/1801/1533 1795/1799/1531
f 1723/1721/1454 1791/1803/1535 1720/1718/1451
f 1792/1802/1534 1793/1800/1532 1717/1715/1448
f 1726/1724/1457 1790/1804/1536 1723/1721/1454
f 1728/1725/1458 1789/1805/1537 1726/1724/1457
f 1728/1725/1458 1736/1792/1524 1821/1794/1526
f 1738/1795/1527 1739/1806/1538 1821/1794/1526
f 1728/1725/1458 1787/1807/1539 1788/1808/1540
f 1786/1809/1541 1821/1794/1526 1739/1806/1538
f 1739/1806/1538 1740/1810/1542 1785/1811/1543
f 1743/1812/1544 1784/1813/1545 1742/1814/1546
f 1741/1815/1547 1742/1814/1546 1784/1813/1545
f 1741/1815/1547 1785/1811/1543 1740/1810/1542
f 1744/1816/1548 1783/1817/1549 1743/1812/1544
f 1786/1809/1541 1787/1807/1539 1821/1794/1526
f 1785/1811/1543 1786/1809/1541 1739/1806/1538
f 1729/1818/1550 1745/1819/1551 1820/1820/975
f 1783/1817/1549 1784/1813/1545 1743/1812/1544
f 1745/1819/1551 1729/1818/1550 1783/1817/1549
f 1741/1815/1547 1784/1813/1545 1785/1811/1543
f 1745/1819/1551 1783/1817/1549 1744/1816/1548
f 1824/1821/1552 1825/1822/1553 1823/1823/1554
f 1826/1824/1555 1827/1825/1556 1824/1821/1552
f 1825/1822/1553 1827/1825/1556 1828/1826/1557
f 1830/1827/1558 1826/1824/1555 1829/1828/1559
f 1828/1826/1557 1830/1827/1558 1831/1829/1560
f 1830/1827/1558 1832/1830/1561 1833/1831/1562
f 1834/1832/1563 1830/1827/1558 1833/1831/1562
f 1833/1831/1562 1835/1833/1564 1836/1834/1565
f 1837/1835/1566 1833/1831/1562 1836/1834/1565
f 1839/1836/1567 1835/1833/1564 1838/1837/1568
f 1837/1835/1566 1839/1836/1567 1840/1838/1569
f 1839/1836/1567 1841/1839/1570 1842/1840/1571
f 1840/1838/1569 1842/1840/1571 1843/1841/1572
f 1845/1842/1573 1841/1839/1570 1844/1843/1574
f 1846/1844/1575 1842/1840/1571 1845/1842/1573
f 1845/1842/1573 1847/1845/1576 1848/1846/1577
f 1849/1847/1578 1845/1842/1573 1848/1846/1577
f 1848/1846/1577 1850/1848/1579 1851/1849/1580
f 1849/1847/1578 1851/1849/1580 1852/1850/1581
f 1854/1851/1582 1850/1848/1579 1853/1852/1583
f 1852/1850/1581 1854/1851/1582 1855/1853/1584
f 1857/1854/1585 1853/1852/1583 1856/1855/1586
f 1858/1856/1587 1854/1851/1582 1857/1854/1585
f 1857/1854/1585 1859/1857/1588 1860/1858/1589
f 1858/1856/1587 1860/1858/1589 1861/1859/1590
f 1863/1860/1591 1859/1857/1588 1862/1861/1592
f 1864/1862/1593 1860/1858/1589 1863/1860/1591
f 1863/1860/1591 1865/1863/1594 1866/1864/1595
f 1867/1865/1596 1863/1860/1591 1866/1864/1595
f 1866/1864/1595 1868/1866/1597 1869/1867/1598
f 1870/1868/1599 1866/1864/1595 1869/1867/1598
f 1869/1867/1598 1871/1869/1600 1872/1870/1601
f 1873/1871/1602 1869/1867/1598 1872/1870/1601
f 1872/1870/1601 1874/1872/1603 1875/1873/1604
f 1873/1871/1602 1875/1873/1604 1876/1874/1605
f 1878/1875/1606 1874/1872/1603 1877/1876/1607
f 1879/1877/1608 1875/1873/1604 1878/1875/1606
f 1881/1878/1609 1877/1876/1607 1880/1879/1610
f 1879/1877/1608 1881/1878/1609 1882/1880/1611
f 1884/1881/1612 1880/1879/1610 1883/1882/1613
f 1882/1880/1611 1884/1881/1612 1885/1883/1614
f 1887/1884/1615 1883/1882/1613 1886/1885/1616
f 1885/1883/1614 1887/1884/1615 1888/1886/1617
f 1887/1884/1615 1889/1887/1618 1890/1888/1619
f 1888/1886/1617 1890/1888/1619 1891/1889/1620
f 1893/1890/1621 1889/1887/1618 1892/1891/1622
f 1894/1892/1623 1890/1888/1619 1893/1890/1621
f 1896/1893/1624 1892/1891/1622 1895/1894/1625
f 1897/1895/1626 1893/1890/1621 1896/1893/1624
f 1896/1893/1624 1898/1896/1627 1899/1897/1628
f 1897/1895/1626 1899/1897/1628 1900/1898/1629
f 1899/1897/1628 1901/1899/1630 1902/1900/1631
f 1903/1901/1632 1899/1897/1628 1902/1900/1631
f 1826/1824/1555 1996/1902/1633 1905/1903/1634
f 1824/1821/1552 1995/1904/1635 1826/1824/1555
f 1996/1902/1633 1826/1824/1555 1995/1904/1635
f 1826/1824/1555 1905/1903/1634 1906/1905/1636
f 1906/1905/1636 1829/1828/1559 1826/1824/1555
f 1829/1828/1559 1908/1906/1637 1832/1830/1561
f 1909/1907/1638 1832/1830/1561 1908/1906/1637
f 1823/1823/1554 1991/1908/1639 1992/1909/1640
f 1990/1910/1641 1976/1911/1642 1989/1912/1643
f 1990/1910/1641 1991/1908/1639 1823/1823/1554
f 1824/1821/1552 1993/1913/1644 1994/1914/1645
f 1824/1821/1552 1823/1823/1554 1992/1909/1640
f 1825/1822/1553 1975/1915/1646 1823/1823/1554
f 1824/1821/1552 1994/1914/1645 1995/1904/1635
f 1993/1913/1644 1824/1821/1552 1992/1909/1640
f 1823/1823/1554 1976/1911/1642 1990/1910/1641
f 1835/1833/1564 1909/1907/1638 1910/1916/1647
f 1838/1837/1568 1911/1917/1648 1912/1918/1649
f 1910/1916/1647 1838/1837/1568 1835/1833/1564
f 1913/1919/1650 1844/1843/1574 1841/1839/1570
f 1847/1845/1576 1915/1920/1651 1916/1921/1652
f 1850/1848/1579 1916/1921/1652 1917/1922/1653
f 1915/1920/1651 1844/1843/1574 1914/1923/1654
f 1841/1839/1570 1912/1918/1649 1913/1919/1650
f 1838/1837/1568 1912/1918/1649 1841/1839/1570
f 1853/1852/1583 1918/1924/1655 1919/1925/1656
f 1853/1852/1583 1917/1922/1653 1918/1924/1655
f 1919/1925/1656 1856/1855/1586 1853/1852/1583
f 1856/1855/1586 1919/1925/1656 1920/1926/1657
f 1916/1921/1652 1850/1848/1579 1847/1845/1576
f 1832/1830/1561 1909/1907/1638 1835/1833/1564
f 1985/1927/1658 1979/1928/1659 1984/1929/1660
f 1980/1930/1661 1982/1931/1662 1983/1932/1663
f 1980/1930/1661 1983/1932/1663 1984/1929/1660
f 1975/1915/1646 1976/1911/1642 1823/1823/1554
f 1988/1933/1664 1977/1934/1665 1987/1935/1666
f 1987/1935/1666 1978/1936/1667 1986/1937/1668
f 1986/1937/1668 1978/1936/1667 1985/1927/1658
f 1828/1826/1557 1974/1938/1669 1825/1822/1553
f 1831/1829/1560 1973/1939/1670 1828/1826/1557
f 1822/1940/1671 1981/1941/1672 1982/1931/1662
f 1980/1930/1661 1822/1940/1671 1982/1931/1662
f 1979/1928/1659 1980/1930/1661 1984/1929/1660
f 1985/1927/1658 1978/1936/1667 1979/1928/1659
f 1977/1934/1665 1978/1936/1667 1987/1935/1666
f 1977/1934/1665 1989/1912/1643 1976/1911/1642
f 1988/1933/1664 1989/1912/1643 1977/1934/1665
f 1837/1835/1566 1971/1942/1673 1834/1832/1563
f 1840/1838/1569 1968/1943/1674 1969/1944/1675
f 1837/1835/1566 1969/1944/1675 1970/1945/1676
f 1846/1844/1575 1966/1946/1677 1967/1947/1678
f 1855/1853/1584 1964/1948/1679 1852/1850/1581
f 1858/1856/1587 1963/1949/1680 1855/1853/1584
f 1849/1847/1578 1965/1950/1681 1966/1946/1677
f 1843/1841/1572 1967/1947/1678 1968/1943/1674
f 1972/1951/1682 1834/1832/1563 1971/1942/1673
f 1852/1850/1581 1964/1948/1679 1965/1950/1681
f 1920/1926/1657 1859/1857/1588 1856/1855/1586
f 1862/1861/1592 1922/1952/1683 1923/1953/1684
f 1922/1952/1683 1859/1857/1588 1921/1954/1685
f 1925/1955/1686 1865/1863/1594 1924/1956/1687
f 1871/1869/1600 1926/1957/1688 1927/1958/1689
f 1927/1958/1689 1874/1872/1603 1871/1869/1600
f 1868/1866/1597 1925/1955/1686 1926/1957/1688
f 1865/1863/1594 1923/1953/1684 1924/1956/1687
f 1862/1861/1592 1923/1953/1684 1865/1863/1594
f 1877/1876/1607 1929/1959/1690 1930/1960/1691
f 1874/1872/1603 1929/1959/1690 1877/1876/1607
f 1880/1879/1610 1930/1960/1691 1931/1961/1692
f 1926/1957/1688 1871/1869/1600 1868/1866/1597
f 1932/1962/1693 1880/1879/1610 1931/1961/1692
f 1886/1885/1616 1933/1963/1694 1934/1964/1695
f 1883/1882/1613 1932/1962/1693 1933/1963/1694
f 1936/1965/1696 1889/1887/1618 1935/1966/1697
f 1895/1894/1625 1937/1967/1698 1938/1968/1699
f 1939/1969/1700 1895/1894/1625 1938/1968/1699
f 1892/1891/1622 1936/1965/1696 1937/1967/1698
f 1934/1964/1695 1889/1887/1618 1886/1885/1616
f 1883/1882/1613 1933/1963/1694 1886/1885/1616
f 1898/1896/1627 1940/1970/1701 1901/1899/1630
f 1940/1970/1701 1941/1971/1702 1901/1899/1630
f 1904/1972/1703 1942/1973/1704 1941/1971/1702
f 1937/1967/1698 1895/1894/1625 1892/1891/1622
f 1864/1862/1593 1961/1974/1705 1861/1859/1590
f 1867/1865/1596 1958/1975/1706 1959/1976/1707
f 1867/1865/1596 1960/1977/1708 1864/1862/1593
f 1873/1871/1602 1956/1978/1709 1957/1979/1710
f 1879/1877/1608 1954/1980/1711 1955/1981/1712
f 1882/1880/1611 1953/1982/1713 1954/1980/1711
f 1876/1874/1605 1955/1981/1712 1956/1978/1709
f 1870/1868/1599 1957/1979/1710 1958/1975/1706
f 1962/1983/1714 1861/1859/1590 1961/1974/1705
f 1953/1982/1713 1885/1883/1614 1952/1984/1715
f 1891/1889/1620 1951/1985/1716 1888/1886/1617
f 1897/1895/1626 1949/1986/1717 1894/1892/1623
f 1894/1892/1623 1950/1987/1718 1891/1889/1620
f 1902/1900/1631 1942/1973/1704 1943/1988/1719
f 1941/1971/1702 1942/1973/1704 1901/1899/1630
f 1903/1901/1632 1943/1988/1719 1944/1989/1720
f 1900/1898/1629 1948/1990/1721 1897/1895/1626
f 1951/1985/1716 1952/1984/1715 1888/1886/1617
f 1946/1991/1722 1903/1901/1632 1944/1989/1720
f 1947/1992/1723 1903/1901/1632 1946/1991/1722
f 1944/1989/1720 1945/1993/1724 1946/1991/1722
f 1885/1883/1614 1888/1886/1617 1952/1984/1715
f 2014/1994/1725 2013/1995/1726 1997/1996/1727
f 1998/1997/1728 2001/1998/1729 2002/1999/1730
f 1999/2000/1731 2002/1999/1730 2003/2001/1732
f 2000/2002/1733 2003/2001/1732 2004/2003/1734
f 2002/1999/1730 2005/2004/1735 2006/2005/1736
f 2003/2001/1732 2006/2005/1736 2007/2006/1737
f 2004/2003/1734 2007/2006/1737 2008/2007/1738
f 2006/2005/1736 2009/2008/1739 2010/2009/1740
f 2007/2006/1737 2010/2009/1740 2011/2010/1741
f 2008/2007/1738 2011/2010/1741 2012/2011/1742
f 2036/2012/1743 2015/2013/1744 2035/2014/1745
f 2035/2014/1745 2014/1994/1725 2034/2015/1746
f 2034/2015/1746 2014/1994/1725 2033/2016/1747
f 2031/2017/1748 2032/2018/1749 1998/1997/1728
f 2014/1994/1725 2032/2018/1749 2033/2016/1747
f 2038/2019/1750 2036/2012/1743 2037/2020/1634
f 2013/1995/1726 2039/2021/1751 2040/2022/1752
f 2015/2013/1744 2038/2019/1750 2039/2021/1751
f 2015/2013/1744 2014/1994/1725 2035/2014/1745
f 2001/1998/1729 1997/1996/1727 2013/1995/1726
f 2013/1995/1726 2015/2013/1744 2039/2021/1751
f 1998/1997/1728 2032/2018/1749 2014/1994/1725
f 2013/1995/1726 2040/2022/1752 2041/2023/1753
f 2038/2019/1750 2015/2013/1744 2036/2012/1743
f 2014/1994/1725 1997/1996/1727 1998/1997/1728
f 1998/1997/1728 2029/2024/1754 2030/2025/1755
f 1999/2000/1731 2027/2026/1756 2028/2027/1757
f 2000/2002/1733 2025/2028/1758 2026/2029/1759
f 2000/2002/1733 2024/2030/1760 2025/2028/1758
f 2027/2026/1756 1999/2000/1731 2026/2029/1759
f 2029/2024/1754 1999/2000/1731 2028/2027/1757
f 1999/2000/1731 2000/2002/1733 2026/2029/1759
f 2024/2030/1760 2000/2002/1733 2023/2031/1761
f 2000/2002/1733 2022/2032/1762 2023/2031/1761
f 2021/2033/1763 2019/2034/1764 2020/2035/249
f 2019/2034/1764 2021/2033/1763 2022/2032/1762
f 2000/2002/1733 2019/2034/1764 2022/2032/1762
f 1998/1997/1728 1999/2000/1731 2029/2024/1754
f 1998/1997/1728 2030/2025/1755 2031/2017/1748
f 2045/2036/1765 2001/1998/1729 2044/2037/1766
f 2045/2036/1765 2005/2004/1735 2001/1998/1729
f 2013/1995/1726 2042/2038/1767 2001/1998/1729
f 2042/2038/1767 2043/2039/1768 2001/1998/1729
f 2044/2037/1766 2001/1998/1729 2043/2039/1768
f 2046/2040/1769 2005/2004/1735 2045/2036/1765
f 2051/2041/1770 2009/2008/1739 2050/2042/1771
f 2052/2043/1772 2009/2008/1739 2051/2041/1770
f 2005/2004/1735 2047/2044/1773 2048/2045/1774
f 2009/2008/1739 2048/2045/1774 2049/2046/1775
f 2005/2004/1735 2046/2040/1769 2047/2044/1773
f 2050/2042/1771 2009/2008/1739 2049/2046/1775
f 2053/2047/1672 2054/2048/1776 2052/2043/1772
f 2004/2003/1734 2019/2034/1764 2000/2002/1733
f 2048/2045/1774 2009/2008/1739 2005/2004/1735
f 2018/2049/1777 2019/2034/1764 2004/2003/1734
f 2018/2049/1777 2008/2007/1738 2017/2050/1778
f 2008/2007/1738 2012/2011/1742 2017/2050/1778
f 2018/2049/1777 2004/2003/1734 2008/2007/1738
f 2055/2051/1779 2010/2009/1740 2054/2048/1776
f 2009/2008/1739 2054/2048/1776 2010/2009/1740
f 2011/2010/1741 2010/2009/1740 2055/2051/1779
f 2011/2010/1741 2056/2052/1780 2012/2011/1742
f 2012/2011/1742 2056/2052/1780 2016/2053/1781
f 2017/2050/1778 2012/2011/1742 2016/2053/1781
f 2054/2048/1776 2009/2008/1739 2052/2043/1772
f 2013/1995/1726 2041/2023/1753 2042/2038/1767
f 2104/2054/1782 2078/2055/1782 2077/2056/1782
f 2072/2057/1782 2104/2054/1782 2073/2058/1782
f 2076/2059/1782 2104/2054/1782 2077/2056/1782
f 2105/2060/1782 2104/2054/1782 2075/2061/1782
f 2076/2059/1782 2075/2061/1782 2104/2054/1782
f 2057/2062/1782 2073/2058/1782 2104/2054/1782
f 2104/2054/1782 2105/2060/1782 2057/2062/1782
f 2106/2063/1782 2078/2055/1782 2104/2054/1782
f 2080/2064/1782 2079/2065/1782 2106/2063/1782
f 2106/2063/1782 2107/2066/1782 2081/2067/1782
f 2106/2063/1782 2104/2054/1782 2072/2057/1782
f 2071/2068/1782 2106/2063/1782 2072/2057/1782
f 2106/2063/1782 2071/2068/1782 2070/2069/1782
f 2106/2063/1782 2081/2067/1782 2080/2064/1782
f 2106/2063/1782 2070/2069/1782 2107/2066/1782
f 2079/2065/1782 2078/2055/1782 2106/2063/1782
f 2103/2070/1782 2105/2060/1782 2074/2071/1782
f 2074/2071/1782 2105/2060/1782 2075/2061/1782
f 2058/2072/1782 2105/2060/1782 2108/2073/1782
f 2102/2074/1782 2105/2060/1782 2103/2070/1782
f 2108/2073/1782 2102/2074/1782 2101/2075/1782
f 2101/2075/1782 2100/2076/1782 2108/2073/1782
f 2108/2073/1782 2100/2076/1782 2109/2077/1782
f 2108/2073/1782 2105/2060/1782 2102/2074/1782
f 2057/2062/1782 2105/2060/1782 2058/2072/1782
f 2108/2073/1782 2109/2077/1782 2059/2078/1782
f 2109/2077/1782 2061/2079/1782 2060/2080/1782
f 2109/2077/1782 2060/2080/1782 2059/2078/1782
f 2098/2081/1782 2109/2077/1782 2099/2082/1782
f 2109/2077/1782 2100/2076/1782 2099/2082/1782
f 2109/2077/1782 2110/2083/1782 2061/2079/1782
f 2109/2077/1782 2098/2081/1782 2097/2084/1782
f 2109/2077/1782 2097/2084/1782 2110/2083/1782
f 2059/2078/1782 2058/2072/1782 2108/2073/1782
f 2107/2066/1782 2083/2085/1782 2082/2086/1782
f 2111/2087/1782 2083/2085/1782 2107/2066/1782
f 2070/2069/1782 2069/2088/1782 2107/2066/1782
f 2111/2087/1782 2069/2088/1782 2068/2089/1782
f 2067/2090/1782 2112/2091/1782 2068/2089/1782
f 2111/2087/1782 2068/2089/1782 2112/2091/1782
f 2111/2087/1782 2107/2066/1782 2069/2088/1782
f 2111/2087/1782 2084/2092/1782 2083/2085/1782
f 2111/2087/1782 2112/2091/1782 2085/2093/1782
f 2087/2094/1782 2086/2095/1782 2112/2091/1782
f 2085/2093/1782 2112/2091/1782 2086/2095/1782
f 2067/2090/1782 2066/2096/1782 2112/2091/1782
f 2088/2097/1782 2113/2098/1782 2089/2099/1782
f 2087/2094/1782 2112/2091/1782 2088/2097/1782
f 2113/2098/1782 2088/2097/1782 2112/2091/1782
f 2066/2096/1782 2113/2098/1782 2112/2091/1782
f 2085/2093/1782 2084/2092/1782 2111/2087/1782
f 2114/2100/1782 2063/2101/1782 2115/2102/1782
f 2115/2102/1782 2063/2101/1782 2062/2103/1782
f 2095/2104/1782 2110/2083/1782 2096/2105/1782
f 2110/2083/1782 2097/2084/1782 2096/2105/1782
f 2094/2106/1782 2115/2102/1782 2095/2104/1782
f 2110/2083/1782 2095/2104/1782 2115/2102/1782
f 2115/2102/1782 2062/2103/1782 2110/2083/1782
f 2114/2100/1782 2064/2107/1782 2063/2101/1782
f 2110/2083/1782 2062/2103/1782 2061/2079/1782
f 2114/2100/1782 2113/2098/1782 2064/2107/1782
f 2066/2096/1782 2065/2108/1782 2113/2098/1782
f 2113/2098/1782 2091/2109/1782 2090/2110/1782
f 2090/2110/1782 2089/2099/1782 2113/2098/1782
f 2091/2109/1782 2113/2098/1782 2114/2100/1782
f 2093/2111/1782 2115/2102/1782 2094/2106/1782
f 2093/2111/1782 2092/2112/1782 2114/2100/1782
f 2091/2109/1782 2114/2100/1782 2092/2112/1782
f 2115/2102/1782 2093/2111/1782 2114/2100/1782
f 2113/2098/1782 2065/2108/1782 2064/2107/1782
f 2081/2067/1782 2107/2066/1782 2082/2086/1782
f 2221/2113/1783 2191/2114/1784 2118/2115/1785
f 2223/2116/1786 2117/2117/1355 2191/2114/1784
f 2191/2114/1784 2190/2118/1372 2192/2119/1787
f 2118/2115/1785 2192/2119/1787 2187/2120/1785
f 2224/2121/1788 2188/2122/1789 2119/2123/1790
f 2225/2124/1791 2118/2115/1785 2188/2122/1789
f 2188/2122/1789 2187/2120/1785 2189/2125/1792
f 2184/2126/1793 2188/2122/1789 2189/2125/1792
f 2226/2127/1794 2185/2128/1795 2120/2129/1796
f 2227/2130/1797 2119/2123/1790 2185/2128/1795
f 2185/2128/1795 2184/2126/1793 2186/2131/1798
f 2120/2129/1796 2186/2131/1798 2181/2132/1799
f 2228/2133/1800 2182/2134/1801 2121/2135/3
f 2229/2136/1802 2120/2129/1796 2182/2134/1801
f 2182/2134/1801 2181/2132/1799 2183/2137/1803
f 2121/2135/3 2183/2137/1803 2178/2138/8
f 2230/2139/1804 2179/2140/1805 2122/2141/1806
f 2231/2142/1807 2121/2135/3 2179/2140/1805
f 2179/2140/1805 2178/2138/8 2180/2143/1805
f 2122/2141/1806 2180/2143/1805 2175/2144/1808
f 2232/2145/1809 2176/2146/1810 2123/2147/1811
f 2233/2148/1812 2122/2141/1806 2176/2146/1810
f 2176/2146/1810 2175/2144/1808 2177/2149/1813
f 2123/2147/1811 2177/2149/1813 2172/2150/1814
f 2234/2151/1815 2173/2152/1816 2124/2153/1817
f 2235/2154/1818 2123/2147/1811 2173/2152/1816
f 2173/2152/1816 2172/2150/1814 2174/2155/1816
f 2124/2153/1817 2174/2155/1816 2171/2156/1819
f 2236/2157/1820 2237/2158/1821 2126/2159/1374
f 2238/2160/1822 2124/2153/1817 2237/2158/1821
f 2239/2161/1823 2170/2162/1824 2127/2163/1825
f 2240/2164/1826 2126/2159/1374 2170/2162/1824
f 2241/2165/1827 2169/2166/1828 2128/2167/1829
f 2242/2168/1830 2127/2163/1825 2169/2166/1828
f 2243/2169/1831 2168/2170/1832 2129/2171/1833
f 2244/2172/1834 2128/2167/1829 2168/2170/1832
f 2245/2173/1835 2167/2174/1836 2130/2175/904
f 2246/2176/1837 2129/2171/1833 2167/2174/1836
f 2247/2177/1838 2166/2178/1839 2131/2179/1840
f 2248/2180/1841 2130/2175/904 2166/2178/1839
f 2249/2181/1842 2164/2182/1843 2132/2183/1844
f 2250/2184/1845 2131/2179/1840 2164/2182/1843
f 2164/2182/1843 2163/2185/1840 2165/2186/1846
f 2132/2183/1844 2165/2186/1846 2160/2187/1847
f 2251/2188/1848 2161/2189/1849 2133/2190/1850
f 2252/2191/1851 2132/2183/1844 2161/2189/1849
f 2161/2189/1849 2160/2187/1847 2162/2192/1852
f 2133/2190/1850 2162/2192/1852 2157/2193/1853
f 2253/2194/1854 2158/2195/1855 2135/2196/1354
f 2254/2197/1856 2133/2190/1850 2158/2195/1855
f 2158/2195/1855 2157/2193/1853 2159/2198/1857
f 2135/2196/1354 2159/2198/1857 2156/2199/1354
f 2116/2200/1858 2223/2116/1786 2193/2201/1859
f 2193/2201/1859 2221/2113/1783 2194/2202/1860
f 2195/2203/1861 2224/2121/1788 2196/2204/1862
f 2197/2205/1863 2226/2127/1794 2198/2206/1864
f 2196/2204/1862 2227/2130/1797 2197/2205/1863
f 2194/2202/1860 2225/2124/1791 2195/2203/1861
f 2229/2136/1802 2198/2206/1864 2226/2127/1794
f 2228/2133/1800 2200/2207/1865 2199/2208/1866
f 2231/2142/1807 2201/2209/1867 2200/2207/1865
f 2233/2148/1812 2203/2210/1868 2202/2211/1869
f 2204/2212/1870 2232/2145/1809 2235/2154/1818
f 2230/2139/1804 2202/2211/1869 2201/2209/1867
f 2228/2133/1800 2199/2208/1866 2229/2136/1802
f 2234/2151/1815 2206/2213/1871 2205/2214/1872
f 2238/2160/1822 2125/2215/1873 2206/2213/1871
f 2235/2154/1818 2205/2214/1872 2204/2212/1870
f 2155/2216/1355 2192/2119/1787 2190/2118/1372
f 2154/2217/1874 2187/2120/1785 2192/2119/1787
f 2153/2218/1875 2184/2126/1793 2189/2125/1792
f 2152/2219/1876 2181/2132/1799 2186/2131/1798
f 2152/2219/1876 2186/2131/1798 2184/2126/1793
f 2154/2217/1874 2189/2125/1792 2187/2120/1785
f 2189/2125/1792 2154/2217/1874 2153/2218/1875
f 2184/2126/1793 2153/2218/1875 2152/2219/1876
f 2154/2217/1874 2192/2119/1787 2155/2216/1355
f 2150/2220/1877 2178/2138/8 2183/2137/1803
f 2183/2137/1803 2151/2221/1878 2150/2220/1877
f 2150/2220/1877 2180/2143/1805 2178/2138/8
f 2181/2132/1799 2152/2219/1876 2151/2221/1878
f 2151/2221/1878 2183/2137/1803 2181/2132/1799
f 2149/2222/1879 2175/2144/1808 2180/2143/1805
f 2237/2158/1821 2124/2153/1817 2171/2156/1819
f 2148/2223/1880 2172/2150/1814 2177/2149/1813
f 2177/2149/1813 2149/2222/1879 2148/2223/1880
f 2148/2223/1880 2147/2224/1881 2172/2150/1814
f 2175/2144/1808 2149/2222/1879 2177/2149/1813
f 2147/2224/1881 2171/2156/1819 2174/2155/1816
f 2171/2156/1819 2147/2224/1881 2146/2225/1882
f 2146/2225/1882 2237/2158/1821 2171/2156/1819
f 2172/2150/1814 2147/2224/1881 2174/2155/1816
f 2146/2225/1882 2126/2159/1374 2237/2158/1821
f 2150/2220/1877 2149/2222/1879 2180/2143/1805
f 2207/2226/1883 2239/2161/1823 2208/2227/1884
f 2208/2227/1884 2242/2168/1830 2209/2228/1885
f 2210/2229/1886 2244/2172/1834 2211/2230/1887
f 2212/2231/1888 2246/2176/1837 2213/2232/1889
f 2211/2230/1887 2243/2169/1831 2212/2231/1888
f 2209/2228/1885 2241/2165/1827 2210/2229/1886
f 2240/2164/1826 2125/2215/1873 2236/2157/1820
f 2246/2176/1837 2245/2173/1835 2213/2232/1889
f 2248/2180/1841 2215/2233/1890 2214/2234/1891
f 2247/2177/1838 2216/2235/1892 2215/2233/1890
f 2249/2181/1842 2218/2236/1893 2217/2237/1894
f 2251/2188/1848 2220/2238/1895 2219/2239/1896
f 2252/2191/1851 2219/2239/1896 2218/2236/1893
f 2250/2184/1845 2217/2237/1894 2216/2235/1892
f 2248/2180/1841 2214/2234/1891 2245/2173/1835
f 2254/2197/1856 2134/2240/1897 2220/2238/1895
f 2213/2232/1889 2245/2173/1835 2214/2234/1891
f 2145/2241/1898 2170/2162/1824 2126/2159/1374
f 2145/2241/1898 2127/2163/1825 2170/2162/1824
f 2144/2242/1899 2128/2167/1829 2169/2166/1828
f 2142/2243/1900 2129/2171/1833 2168/2170/1832
f 2143/2244/1901 2168/2170/1832 2128/2167/1829
f 2144/2242/1899 2169/2166/1828 2127/2163/1825
f 2142/2243/1900 2168/2170/1832 2143/2244/1901
f 2144/2242/1899 2127/2163/1825 2145/2241/1898
f 2143/2244/1901 2128/2167/1829 2144/2242/1899
f 2141/2245/1902 2130/2175/904 2167/2174/1836
f 2140/2246/1903 2166/2178/1839 2141/2245/1902
f 2130/2175/904 2141/2245/1902 2166/2178/1839
f 2142/2243/1900 2141/2245/1902 2167/2174/1836
f 2167/2174/1836 2129/2171/1833 2142/2243/1900
f 2146/2225/1882 2145/2241/1898 2126/2159/1374
f 2139/2247/1904 2165/2186/1846 2163/2185/1840
f 2140/2246/1903 2163/2185/1840 2131/2179/1840
f 2138/2248/1905 2162/2192/1852 2160/2187/1847
f 2139/2247/1904 2160/2187/1847 2165/2186/1846
f 2140/2246/1903 2139/2247/1904 2163/2185/1840
f 2138/2248/1905 2157/2193/1853 2162/2192/1852
f 2138/2248/1905 2160/2187/1847 2139/2247/1904
f 2138/2248/1905 2137/2249/1906 2157/2193/1853
f 2136/2250/1354 2156/2199/1354 2159/2198/1857
f 2159/2198/1857 2137/2249/1906 2136/2250/1354
f 2157/2193/1853 2137/2249/1906 2159/2198/1857
f 2166/2178/1839 2140/2246/1903 2131/2179/1840
f 2302/2251/1782 2276/2252/1782 2275/2253/1782
f 2270/2254/1782 2302/2251/1782 2271/2255/1782
f 2274/2256/1782 2302/2251/1782 2275/2253/1782
f 2303/2257/1782 2302/2251/1782 2273/2258/1782
f 2274/2256/1782 2273/2258/1782 2302/2251/1782
f 2255/2259/1782 2271/2255/1782 2302/2251/1782
f 2302/2251/1782 2303/2257/1782 2255/2259/1782
f 2304/2260/1782 2276/2252/1782 2302/2251/1782
f 2278/2261/1782 2277/2262/1782 2304/2260/1782
f 2304/2260/1782 2305/2263/1782 2279/2264/1782
f 2304/2260/1782 2302/2251/1782 2270/2254/1782
f 2269/2265/1782 2304/2260/1782 2270/2254/1782
f 2304/2260/1782 2269/2265/1782 2268/2266/1782
f 2304/2260/1782 2279/2264/1782 2278/2261/1782
f 2304/2260/1782 2268/2266/1782 2305/2263/1782
f 2277/2262/1782 2276/2252/1782 2304/2260/1782
f 2301/2267/1782 2303/2257/1782 2272/2268/1782
f 2272/2268/1782 2303/2257/1782 2273/2258/1782
f 2256/2269/1782 2303/2257/1782 2306/2270/1782
f 2300/2271/1782 2303/2257/1782 2301/2267/1782
f 2306/2270/1782 2300/2271/1782 2299/2272/1782
f 2299/2272/1782 2298/2273/1782 2306/2270/1782
f 2306/2270/1782 2298/2273/1782 2307/2274/1782
f 2306/2270/1782 2303/2257/1782 2300/2271/1782
f 2255/2259/1782 2303/2257/1782 2256/2269/1782
f 2306/2270/1782 2307/2274/1782 2257/2275/1782
f 2307/2274/1782 2259/2276/1782 2258/2277/1782
f 2307/2274/1782 2258/2277/1782 2257/2275/1782
f 2296/2278/1782 2307/2274/1782 2297/2279/1782
f 2307/2274/1782 2298/2273/1782 2297/2279/1782
f 2307/2274/1782 2308/2280/1782 2259/2276/1782
f 2307/2274/1782 2296/2278/1782 2295/2281/1782
f 2307/2274/1782 2295/2281/1782 2308/2280/1782
f 2257/2275/1782 2256/2269/1782 2306/2270/1782
f 2305/2263/1782 2281/2282/1782 2280/2283/1782
f 2309/2284/1782 2281/2282/1782 2305/2263/1782
f 2268/2266/1782 2267/2285/1782 2305/2263/1782
f 2309/2284/1782 2267/2285/1782 2266/2286/1782
f 2265/2287/1782 2310/2288/1782 2266/2286/1782
f 2309/2284/1782 2266/2286/1782 2310/2288/1782
f 2309/2284/1782 2305/2263/1782 2267/2285/1782
f 2309/2284/1782 2282/2289/1782 2281/2282/1782
f 2309/2284/1782 2310/2288/1782 2283/2290/1782
f 2285/2291/1782 2284/2292/1782 2310/2288/1782
f 2283/2290/1782 2310/2288/1782 2284/2292/1782
f 2265/2287/1782 2264/2293/1782 2310/2288/1782
f 2286/2294/1782 2311/2295/1782 2287/2296/1782
f 2285/2291/1782 2310/2288/1782 2286/2294/1782
f 2311/2295/1782 2286/2294/1782 2310/2288/1782
f 2264/2293/1782 2311/2295/1782 2310/2288/1782
f 2283/2290/1782 2282/2289/1782 2309/2284/1782
f 2312/2297/1782 2261/2298/1782 2313/2299/1782
f 2313/2299/1782 2261/2298/1782 2260/2300/1782
f 2293/2301/1782 2308/2280/1782 2294/2302/1782
f 2308/2280/1782 2295/2281/1782 2294/2302/1782
f 2292/2303/1782 2313/2299/1782 2293/2301/1782
f 2308/2280/1782 2293/2301/1782 2313/2299/1782
f 2313/2299/1782 2260/2300/1782 2308/2280/1782
f 2312/2297/1782 2262/2304/1782 2261/2298/1782
f 2308/2280/1782 2260/2300/1782 2259/2276/1782
f 2312/2297/1782 2311/2295/1782 2262/2304/1782
f 2264/2293/1782 2263/2305/1782 2311/2295/1782
f 2311/2295/1782 2289/2306/1782 2288/2307/1782
f 2288/2307/1782 2287/2296/1782 2311/2295/1782
f 2289/2306/1782 2311/2295/1782 2312/2297/1782
f 2291/2308/1782 2313/2299/1782 2292/2303/1782
f 2291/2308/1782 2290/2309/1782 2312/2297/1782
f 2289/2306/1782 2312/2297/1782 2290/2309/1782
f 2313/2299/1782 2291/2308/1782 2312/2297/1782
f 2311/2295/1782 2263/2305/1782 2262/2304/1782
f 2279/2264/1782 2305/2263/1782 2280/2283/1782
f 2399/2310/1907 2367/2311/1355 2397/2312/1908
f 2401/2313/1909 2400/2314/1814 2402/2315/1909
f 2403/2316/1910 2404/2317/1911 2366/2318/1816
f 2400/2314/1814 2404/2317/1911 2405/2319/1912
f 2406/2320/1913 2407/2321/1914 2364/2322/1819
f 2408/2323/1915 2366/2318/1816 2407/2321/1914
f 2409/2324/1916 2410/2325/1917 2365/2326/1821
f 2411/2327/1918 2364/2322/1819 2410/2325/1917
f 2412/2328/1919 2413/2329/1920 2363/2330/1921
f 2415/2331/1922 2362/2332/1375 2413/2329/1920
f 2416/2333/1923 2417/2334/1924 2357/2335/1925
f 2418/2336/1926 2363/2330/1921 2417/2334/1924
f 2360/2337/1927 2359/2338/1928 2361/2339/1929
f 2351/2340/1930 2361/2339/1929 2354/2341/1829
f 2419/2342/1931 2420/2343/1932 2358/2344/1933
f 2421/2345/1934 2357/2335/1925 2420/2343/1932
f 2422/2346/1935 2360/2337/1927 2351/2340/1930
f 2423/2347/1936 2358/2344/1933 2360/2337/1927
f 2355/2348/1937 2354/2341/1829 2356/2349/1938
f 2352/2350/1939 2356/2349/1938 2353/2351/1832
f 2424/2352/1940 2355/2348/1937 2352/2350/1939
f 2425/2353/1941 2351/2340/1930 2355/2348/1937
f 2426/2354/1942 2427/2355/1943 2345/2356/1944
f 2428/2357/1945 2352/2350/1939 2427/2355/1943
f 2349/2358/1946 2348/2359/1947 2350/2360/1948
f 2346/2361/1949 2350/2360/1948 2347/2362/1950
f 2429/2363/1951 2349/2358/1946 2346/2361/1949
f 2430/2364/1952 2345/2356/1944 2349/2358/1946
f 2431/2365/1953 2432/2366/1954 2343/2367/904
f 2433/2368/1955 2346/2361/1949 2432/2366/1954
f 2434/2369/1956 2435/2370/1957 2344/2371/1839
f 2436/2372/1958 2343/2367/904 2435/2370/1957
f 2437/2373/1959 2438/2374/1960 2341/2375/1840
f 2439/2376/1961 2344/2371/1839 2438/2374/1960
f 2440/2377/1962 2441/2378/1963 2342/2379/1964
f 2442/2380/1965 2341/2375/1840 2441/2378/1963
f 2443/2381/1966 2444/2382/1967 2339/2383/1968
f 2445/2384/1969 2342/2379/1964 2444/2382/1967
f 2446/2385/1970 2447/2386/1971 2340/2387/1852
f 2448/2388/1972 2339/2383/1968 2447/2386/1971
f 2449/2389/1973 2450/2390/1974 2337/2391/1853
f 2451/2392/1975 2340/2387/1852 2450/2390/1974
f 2452/2393/1976 2453/2394/1977 2338/2395/1857
f 2454/2396/1978 2337/2391/1853 2453/2394/1977
f 2455/2397/1354 2456/2398/1979 2336/2399/1354
f 2457/2400/1980 2338/2395/1857 2456/2398/1979
f 2399/2310/1907 2368/2401/1981 2314/2402/1354
f 2369/2403/1982 2368/2401/1981 2334/2404/1983
f 2334/2404/1983 2368/2401/1981 2399/2310/1907
f 2371/2405/1984 2370/2406/1985 2333/2407/1986
f 2374/2408/1987 2373/2409/1988 2330/2410/1989
f 2372/2411/1990 2371/2405/1984 2332/2412/1991
f 2370/2406/1985 2369/2403/1982 2334/2404/1983
f 2373/2409/1988 2372/2411/1990 2331/2413/1992
f 2399/2310/1907 2314/2402/1354 2398/2414/1354
f 2376/2415/1993 2375/2416/1994 2329/2417/1995
f 2375/2416/1994 2374/2408/1987 2329/2417/1995
f 2402/2315/1909 2378/2418/1996 2377/2419/1997
f 2378/2418/1996 2402/2315/1909 2400/2314/1814
f 2400/2314/1814 2405/2319/1912 2379/2420/1998
f 2379/2420/1998 2378/2418/1996 2400/2314/1814
f 2328/2421/1999 2377/2419/1997 2376/2415/1993
f 2377/2419/1997 2328/2421/1999 2402/2315/1909
f 2379/2420/1998 2408/2323/1915 2380/2422/2000
f 2406/2320/1913 2380/2422/2000 2408/2323/1915
f 2405/2319/1912 2403/2316/1910 2379/2420/1998
f 2380/2422/2000 2411/2327/1918 2381/2423/2001
f 2415/2331/1922 2383/2424/2002 2382/2425/2003
f 2418/2336/1926 2384/2426/2004 2383/2424/2002
f 2409/2324/1916 2382/2425/2003 2381/2423/2001
f 2421/2345/1934 2385/2427/2005 2384/2426/2004
f 2409/2324/1916 2362/2332/1375 2414/2428/2006
f 2409/2324/1916 2381/2423/2001 2411/2327/1918
f 2384/2426/2004 2416/2333/1923 2421/2345/1934
f 2418/2336/1926 2383/2424/2002 2412/2328/1919
f 2415/2331/1922 2382/2425/2003 2414/2428/2006
f 2371/2405/1984 2333/2407/1986 2332/2412/1991
f 2397/2312/1908 2334/2404/1983 2399/2310/1907
f 2333/2407/1986 2370/2406/1985 2334/2404/1983
f 2330/2410/1989 2373/2409/1988 2331/2413/1992
f 2328/2421/1999 2376/2415/1993 2329/2417/1995
f 2327/2429/2007 2404/2317/1911 2400/2314/1814
f 2332/2412/1991 2331/2413/1992 2372/2411/1990
f 2397/2312/1908 2335/2430/1355 2334/2404/1983
f 2327/2429/2007 2401/2313/1909 2328/2421/1999
f 2401/2313/1909 2327/2429/2007 2400/2314/1814
f 2367/2311/1355 2335/2430/1355 2397/2312/1908
f 2327/2429/2007 2326/2431/2008 2366/2318/1816
f 2326/2431/2008 2364/2322/1819 2407/2321/1914
f 2410/2325/1917 2364/2322/1819 2326/2431/2008
f 2366/2318/1816 2326/2431/2008 2407/2321/1914
f 2404/2317/1911 2327/2429/2007 2366/2318/1816
f 2401/2313/1909 2402/2315/1909 2328/2421/1999
f 2329/2417/1995 2374/2408/1987 2330/2410/1989
f 2326/2431/2008 2325/2432/2009 2365/2326/1821
f 2325/2432/2009 2413/2329/1920 2362/2332/1375
f 2325/2432/2009 2362/2332/1375 2365/2326/1821
f 2385/2427/2005 2419/2342/1931 2423/2347/1936
f 2324/2433/2010 2417/2334/1924 2363/2330/1921
f 2386/2434/2011 2423/2347/1936 2422/2346/1935
f 2325/2432/2009 2363/2330/1921 2413/2329/1920
f 2324/2433/2010 2420/2343/1932 2357/2335/1925
f 2324/2433/2010 2363/2330/1921 2325/2432/2009
f 2324/2433/2010 2359/2338/1928 2420/2343/1932
f 2357/2335/1925 2417/2334/1924 2324/2433/2010
f 2420/2343/1932 2359/2338/1928 2358/2344/1933
f 2323/2435/2012 2354/2341/1829 2361/2339/1929
f 2356/2349/1938 2354/2341/1829 2323/2435/2012
f 2359/2338/1928 2323/2435/2012 2361/2339/1929
f 2324/2433/2010 2323/2435/2012 2359/2338/1928
f 2410/2325/1917 2326/2431/2008 2365/2326/1821
f 2386/2434/2011 2385/2427/2005 2423/2347/1936
f 2386/2434/2011 2424/2352/1940 2387/2436/2013
f 2428/2357/1945 2387/2436/2013 2424/2352/1940
f 2387/2436/2013 2426/2354/1942 2388/2437/2014
f 2431/2365/1953 2390/2438/2015 2389/2439/2016
f 2388/2437/2014 2429/2363/1951 2389/2439/2016
f 2434/2369/1956 2391/2440/2017 2390/2438/2015
f 2430/2364/1952 2388/2437/2014 2426/2354/1942
f 2389/2439/2016 2433/2368/1955 2431/2365/1953
f 2390/2438/2015 2436/2372/1958 2434/2369/1956
f 2433/2368/1955 2389/2439/2016 2429/2363/1951
f 2439/2376/1961 2437/2373/1959 2391/2440/2017
f 2442/2380/1965 2392/2441/2018 2437/2373/1959
f 2391/2440/2017 2437/2373/1959 2392/2441/2018
f 2392/2441/2018 2442/2380/1965 2440/2377/1962
f 2440/2377/1962 2393/2442/2019 2392/2441/2018
f 2394/2443/2020 2451/2392/1975 2395/2444/2021
f 2395/2444/2021 2454/2396/1978 2396/2445/2022
f 2443/2381/1966 2394/2443/2020 2393/2442/2019
f 2396/2445/2022 2457/2400/1980 2315/2446/2023
f 2393/2442/2019 2445/2384/1969 2443/2381/1966
f 2394/2443/2020 2448/2388/1972 2446/2385/1970
f 2395/2444/2021 2451/2392/1975 2449/2389/1973
f 2396/2445/2022 2454/2396/1978 2452/2393/1976
f 2457/2400/1980 2455/2397/1354 2315/2446/2023
f 2353/2351/1832 2427/2355/1943 2352/2350/1939
f 2348/2359/1947 2345/2356/1944 2427/2355/1943
f 2320/2447/2024 2343/2367/904 2432/2366/1954
f 2320/2447/2024 2344/2371/1839 2435/2370/1957
f 2320/2447/2024 2435/2370/1957 2343/2367/904
f 2347/2362/1950 2432/2366/1954 2346/2361/1949
f 2322/2448/2025 2353/2351/1832 2356/2349/1938
f 2321/2449/2026 2348/2359/1947 2322/2448/2025
f 2353/2351/1832 2322/2448/2025 2348/2359/1947
f 2353/2351/1832 2348/2359/1947 2427/2355/1943
f 2323/2435/2012 2322/2448/2025 2356/2349/1938
f 2320/2447/2024 2347/2362/1950 2321/2449/2026
f 2350/2360/1948 2321/2449/2026 2347/2362/1950
f 2320/2447/2024 2432/2366/1954 2347/2362/1950
f 2320/2447/2024 2319/2450/2027 2438/2374/1960
f 2348/2359/1947 2321/2449/2026 2350/2360/1948
f 2344/2371/1839 2320/2447/2024 2438/2374/1960
f 2319/2450/2027 2441/2378/1963 2341/2375/1840
f 2319/2450/2027 2444/2382/1967 2342/2379/1964
f 2319/2450/2027 2342/2379/1964 2441/2378/1963
f 2318/2451/2028 2340/2387/1852 2447/2386/1971
f 2318/2451/2028 2450/2390/1974 2340/2387/1852
f 2318/2451/2028 2447/2386/1971 2339/2383/1968
f 2318/2451/2028 2339/2383/1968 2444/2382/1967
f 2450/2390/1974 2318/2451/2028 2317/2452/2029
f 2453/2394/1977 2337/2391/1853 2317/2452/2029
f 2318/2451/2028 2444/2382/1967 2319/2450/2027
f 2317/2452/2029 2337/2391/1853 2450/2390/1974
f 2338/2395/1857 2317/2452/2029 2456/2398/1979
f 2316/2453/1354 2336/2399/1354 2456/2398/1979
f 2456/2398/1979 2317/2452/2029 2316/2453/1354
f 2453/2394/1977 2317/2452/2029 2338/2395/1857
f 2438/2374/1960 2319/2450/2027 2341/2375/1840
f 2386/2434/2011 2422/2346/1935 2425/2353/1941
f 2485/2454/1354 2486/2455/1354 2487/2456/1354
f 2488/2457/1354 2489/2458/1354 2490/2459/1354
f 2490/2459/1354 2484/2460/1354 2485/2454/1354
f 2489/2458/1354 2555/2461/1354 2484/2460/1354
f 2483/2462/1354 2563/2463/1354 2489/2458/1354
f 2562/2464/1354 2541/2465/1354 2563/2463/1354
f 2560/2466/1354 2555/2461/1354 2563/2463/1354
f 2541/2465/1354 2462/2467/1354 2560/2466/1354
f 2563/2463/1354 2541/2465/1354 2560/2466/1354
f 2559/2468/1354 2556/2469/1360 2486/2455/1354
f 2484/2460/1354 2555/2461/1354 2559/2468/1354
f 2486/2455/1354 2484/2460/1354 2559/2468/1354
f 2555/2461/1354 2561/2470/1357 2559/2468/1354
f 2496/2471/1354 2491/2472/1354 2494/2473/1354
f 2494/2473/1354 2562/2464/1354 2493/2474/1354
f 2562/2464/1354 2483/2462/1354 2493/2474/1354
f 2493/2474/1354 2492/2475/1354 2494/2473/1354
f 2491/2472/1354 2562/2464/1354 2494/2473/1354
f 2542/2476/1354 2498/2477/1354 2517/2478/1354
f 2498/2477/1354 2497/2479/1354 2517/2478/1354
f 2517/2478/1354 2463/2480/1354 2542/2476/1354
f 2459/2481/1354 2498/2477/1354 2542/2476/1354
f 2495/2482/1355 2498/2477/1354 2491/2472/1354
f 2516/2483/1354 2463/2480/1354 2517/2478/1354
f 2557/2484/1354 2538/2485/1354 2558/2486/1355
f 2538/2485/1354 2537/2487/1369 2532/2488/1354
f 2531/2489/1354 2540/2490/1354 2538/2485/1354
f 2539/2491/1354 2533/2492/1354 2540/2490/1354
f 2544/2493/1356 2532/2488/1354 2537/2487/1369
f 2557/2484/1354 2462/2467/1354 2541/2465/1354
f 2543/2494/1354 2531/2489/1354 2557/2484/1354
f 2541/2465/1354 2543/2494/1354 2557/2484/1354
f 2459/2481/1354 2543/2494/1354 2541/2465/1354
f 2542/2476/1354 2519/2495/1354 2543/2494/1354
f 2539/2491/1354 2531/2489/1354 2543/2494/1354
f 2519/2495/1354 2464/2496/1354 2539/2491/1354
f 2543/2494/1354 2519/2495/1354 2539/2491/1354
f 2534/2497/1354 2464/2496/1354 2519/2495/1354
f 2520/2498/1354 2518/2499/1354 2534/2497/1354
f 2519/2495/1354 2520/2498/1354 2534/2497/1354
f 2463/2480/1354 2520/2498/1354 2519/2495/1354
f 2464/2496/1354 2536/2500/1354 2533/2492/1354
f 2534/2497/1354 2535/2501/1355 2536/2500/1354
f 2505/2502/1355 2499/2503/1354 2504/2504/1373
f 2497/2479/1354 2506/2505/1357 2507/2506/1360
f 2505/2502/1355 2506/2505/1357 2497/2479/1354
f 2497/2479/1354 2498/2477/1354 2505/2502/1355
f 2500/2507/1355 2501/2508/1357 2495/2482/1355
f 2502/2509/1354 2499/2503/1354 2501/2508/1357
f 2503/2510/1359 2504/2504/1373 2499/2503/1354
f 2498/2477/1354 2499/2503/1354 2505/2502/1355
f 2499/2503/1354 2495/2482/1355 2501/2508/1357
f 2502/2509/1354 2503/2510/1359 2499/2503/1354
f 2517/2478/1354 2497/2479/1354 2507/2506/1360
f 2510/2511/1355 2516/2483/1354 2509/2512/1355
f 2512/2513/1360 2520/2498/1354 2511/2514/1357
f 2516/2483/1354 2510/2511/1355 2511/2514/1357
f 2513/2515/1359 2518/2499/1354 2512/2513/1360
f 2508/2516/1357 2509/2512/1355 2517/2478/1354
f 2516/2483/1354 2517/2478/1354 2509/2512/1355
f 2507/2506/1360 2508/2516/1357 2517/2478/1354
f 2512/2513/1360 2518/2499/1354 2520/2498/1354
f 2520/2498/1354 2516/2483/1354 2511/2514/1357
f 2518/2499/1354 2513/2515/1359 2514/2517/1355
f 2495/2482/1355 2481/2518/2030 2482/2519/1355
f 2496/2471/1354 2480/2520/1354 2495/2482/1355
f 2481/2518/2030 2495/2482/1355 2480/2520/1354
f 2479/2521/1356 2480/2520/1354 2496/2471/1354
f 2495/2482/1355 2482/2519/1355 2500/2507/1355
f 2478/2522/1365 2496/2471/1354 2477/2523/1370
f 2496/2471/1354 2478/2522/1365 2479/2521/1356
f 2492/2475/1354 2475/2524/1360 2476/2525/1356
f 2496/2471/1354 2476/2525/1356 2477/2523/1370
f 2494/2473/1354 2492/2475/1354 2476/2525/1356
f 2494/2473/1354 2476/2525/1356 2496/2471/1354
f 2473/2526/1360 2474/2527/1357 2493/2474/1354
f 2492/2475/1354 2493/2474/1354 2474/2527/1357
f 2475/2524/1360 2492/2475/1354 2474/2527/1357
f 2488/2457/1354 2493/2474/1354 2483/2462/1354
f 2472/2528/1355 2473/2526/1360 2493/2474/1354
f 2488/2457/1354 2472/2528/1355 2493/2474/1354
f 2471/2529/1355 2488/2457/1354 2470/2530/1360
f 2488/2457/1354 2471/2529/1355 2472/2528/1355
f 2468/2531/1356 2469/2532/1357 2485/2454/1354
f 2469/2532/1357 2490/2459/1354 2485/2454/1354
f 2470/2530/1360 2490/2459/1354 2469/2532/1357
f 2488/2457/1354 2490/2459/1354 2470/2530/1360
f 2524/2533/1357 2536/2500/1354 2535/2501/1355
f 2536/2500/1354 2524/2533/1357 2525/2534/2031
f 2514/2517/1355 2515/2535/1355 2535/2501/1355
f 2535/2501/1355 2523/2536/1357 2524/2533/1357
f 2526/2537/1370 2536/2500/1354 2525/2534/2031
f 2527/2538/1357 2540/2490/1354 2533/2492/1354
f 2540/2490/1354 2527/2538/1357 2528/2539/1371
f 2533/2492/1354 2526/2537/1370 2527/2538/1357
f 2526/2537/1370 2533/2492/1354 2536/2500/1354
f 2528/2539/1371 2537/2487/1369 2540/2490/1354
f 2522/2540/1356 2523/2536/1357 2515/2535/1355
f 2521/2541/1355 2522/2540/1356 2458/2542/1355
f 2515/2535/1355 2458/2542/1355 2522/2540/1356
f 2529/2543/1361 2537/2487/1369 2528/2539/1371
f 2529/2543/1361 2544/2493/1356 2537/2487/1369
f 2461/2544/1354 2544/2493/1356 2530/2545/1360
f 2529/2543/1361 2530/2545/1360 2544/2493/1356
f 2545/2546/1356 2544/2493/1356 2461/2544/1354
f 2547/2547/1367 2532/2488/1354 2544/2493/1356
f 2515/2535/1355 2523/2536/1357 2535/2501/1355
f 2548/2548/1359 2538/2485/1354 2532/2488/1354
f 2549/2549/1356 2462/2467/1354 2558/2486/1355
f 2558/2486/1355 2462/2467/1354 2557/2484/1354
f 2462/2467/1354 2549/2549/1356 2550/2550/1355
f 2462/2467/1354 2550/2550/1355 2551/2551/1370
f 2549/2549/1356 2558/2486/1355 2548/2548/1359
f 2561/2470/1357 2462/2467/1354 2551/2551/1370
f 2561/2470/1357 2560/2466/1354 2462/2467/1354
f 2561/2470/1357 2552/2552/1361 2559/2468/1354
f 2552/2552/1361 2556/2469/1360 2559/2468/1354
f 2467/2553/1355 2485/2454/1354 2487/2456/1354
f 2561/2470/1357 2551/2551/1370 2552/2552/1361
f 2468/2531/1356 2485/2454/1354 2467/2553/1355
f 2538/2485/1354 2548/2548/1359 2558/2486/1355
f 2552/2552/1361 2553/2554/1363 2556/2469/1360
f 2544/2493/1356 2545/2546/1356 2546/2555/2032
f 2548/2548/1359 2532/2488/1354 2547/2547/1367
f 2556/2469/1360 2553/2554/1363 2554/2556/1356
f 2486/2455/1354 2556/2469/1360 2554/2556/1356
f 2465/2557/1354 2487/2456/1354 2486/2455/1354
f 2466/2558/1354 2487/2456/1354 2465/2557/1354
f 2460/2559/1373 2465/2557/1354 2486/2455/1354
f 2486/2455/1354 2554/2556/1356 2460/2559/1373
f 2467/2553/1355 2487/2456/1354 2466/2558/1354
f 2547/2547/1367 2544/2493/1356 2546/2555/2032
f 2514/2517/1355 2535/2501/1355 2518/2499/1354
f 2565/2560/2033 2594/2561/2034 2595/2562/2035
f 2566/2563/2036 2595/2562/2035 2596/2564/2037
f 2597/2565/2038 2566/2563/2036 2596/2564/2037
f 2568/2566/2039 2597/2565/2038 2598/2567/2040
f 2599/2568/2041 2568/2566/2039 2598/2567/2040
f 2600/2569/2042 2569/2570/2043 2599/2568/2041
f 2601/2571/2044 2570/2572/2045 2600/2569/2042
f 2602/2573/2046 2571/2574/2047 2601/2571/2044
f 2603/2575/2048 2572/2576/2049 2602/2573/2046
f 2574/2577/2050 2603/2575/2048 2604/2578/2051
f 2575/2579/2052 2604/2578/2051 2605/2580/2053
f 2606/2581/2054 2575/2579/2052 2605/2580/2053
f 2577/2582/2055 2606/2581/2054 2607/2583/2056
f 2578/2584/2057 2607/2583/2056 2608/2585/2058
f 2579/2586/2059 2608/2585/2058 2609/2587/2060
f 2610/2588/2061 2579/2586/2059 2609/2587/2060
f 2581/2589/2062 2610/2588/2061 2611/2590/2063
f 2612/2591/2064 2581/2589/2062 2611/2590/2063
f 2583/2592/2065 2612/2591/2064 2613/2593/2066
f 2614/2594/2067 2583/2592/2065 2613/2593/2066
f 2615/2595/2068 2584/2596/2069 2614/2594/2067
f 2586/2597/2070 2615/2595/2068 2616/2598/2071
f 2587/2599/2072 2616/2598/2071 2617/2600/2073
f 2952/2601/2074 2618/2602/2075 2588/2603/2076
f 2587/2599/2072 2617/2600/2073 2952/2601/2074
f 2588/2603/2076 2587/2599/2072 2952/2601/2074
f 2619/2604/2077 2588/2603/2076 2618/2602/2075
f 2590/2605/2078 2619/2604/2077 2620/2606/2079
f 2591/2607/2080 2620/2606/2079 2621/2608/2081
f 2622/2609/2082 2591/2607/2080 2621/2608/2081
f 2929/2610/2083 2593/2611/2084 2592/2612/2085
f 2622/2609/2082 2623/2613/2086 2929/2610/2083
f 2592/2612/2085 2622/2609/2082 2929/2610/2083
f 2930/2614/2087 2593/2611/2084 2929/2610/2083
f 2930/2614/2087 2929/2610/2083 2623/2613/2086
f 2595/2562/2035 2624/2615/2088 2625/2616/2089
f 2626/2617/2090 2595/2562/2035 2625/2616/2089
f 2627/2618/2091 2596/2564/2037 2626/2617/2090
f 2598/2567/2040 2627/2618/2091 2628/2619/2092
f 2599/2568/2041 2628/2619/2092 2629/2620/2093
f 2630/2621/2094 2599/2568/2041 2629/2620/2093
f 2601/2571/2044 2630/2621/2094 2631/2622/2095
f 2632/2623/2096 2601/2571/2044 2631/2622/2095
f 2603/2575/2048 2632/2623/2096 2633/2624/2097
f 2634/2625/2098 2603/2575/2048 2633/2624/2097
f 2635/2626/2099 2604/2578/2051 2634/2625/2098
f 2606/2581/2054 2635/2626/2099 2636/2627/2100
f 2607/2583/2056 2636/2627/2100 2637/2628/2101
f 2638/2629/2102 2607/2583/2056 2637/2628/2101
f 2639/2630/2103 2608/2585/2058 2638/2629/2102
f 2640/2631/2104 2609/2587/2060 2639/2630/2103
f 2611/2590/2063 2640/2631/2104 2641/2632/2105
f 2612/2591/2064 2641/2632/2105 2642/2633/2106
f 2613/2593/2066 2642/2633/2106 2643/2634/2107
f 2644/2635/2108 2613/2593/2066 2643/2634/2107
f 2645/2636/2109 2614/2594/2067 2644/2635/2108
f 2646/2637/2110 2615/2595/2068 2645/2636/2109
f 2951/2638/2111 2950/2639/2112 2647/2640/2113
f 2618/2602/2075 2954/2641/2114 2951/2638/2111
f 2954/2641/2114 2617/2600/2073 2953/2642/2115
f 2950/2639/2112 2954/2641/2114 2953/2642/2115
f 2951/2638/2111 2647/2640/2113 2648/2643/2116
f 2619/2604/2077 2618/2602/2075 2951/2638/2111
f 2648/2643/2116 2619/2604/2077 2951/2638/2111
f 2649/2644/2117 2619/2604/2077 2648/2643/2116
f 2650/2645/2118 2620/2606/2079 2649/2644/2117
f 2622/2609/2082 2650/2645/2118 2651/2646/2119
f 2927/2647/2120 2623/2613/2086 2622/2609/2082
f 2651/2646/2119 2652/2648/2121 2927/2647/2120
f 2622/2609/2082 2651/2646/2119 2927/2647/2120
f 2625/2616/2089 2653/2649/2122 2654/2650/2123
f 2626/2617/2090 2654/2650/2123 2655/2651/2124
f 2627/2618/2091 2655/2651/2124 2656/2652/2125
f 2657/2653/2126 2627/2618/2091 2656/2652/2125
f 2658/2654/2127 2628/2619/2092 2657/2653/2126
f 2630/2621/2094 2658/2654/2127 2659/2655/2128
f 2631/2622/2095 2659/2655/2128 2660/2656/2129
f 2661/2657/2130 2631/2622/2095 2660/2656/2129
f 2633/2624/2097 2661/2657/2130 2662/2658/2131
f 2663/2659/2132 2633/2624/2097 2662/2658/2131
f 2635/2626/2099 2663/2659/2132 2664/2660/2133
f 2636/2627/2100 2664/2660/2133 2665/2661/2134
f 2666/2662/2135 2636/2627/2100 2665/2661/2134
f 2667/2663/2136 2637/2628/2101 2666/2662/2135
f 2639/2630/2103 2667/2663/2136 2668/2664/2137
f 2669/2665/2138 2639/2630/2103 2668/2664/2137
f 2641/2632/2105 2669/2665/2138 2670/2666/2139
f 2642/2633/2106 2670/2666/2139 2671/2667/2140
f 2643/2634/2107 2671/2667/2140 2672/2668/2141
f 2673/2669/2142 2643/2634/2107 2672/2668/2141
f 2645/2636/2109 2673/2669/2142 2674/2670/2143
f 2955/2671/2144 2646/2637/2110 2645/2636/2109
f 2674/2670/2143 2675/2672/2145 2955/2671/2144
f 2645/2636/2109 2674/2670/2143 2955/2671/2144
f 2677/2673/2146 2648/2643/2116 2676/2674/2147
f 2650/2645/2118 2677/2673/2146 2678/2675/2148
f 2651/2646/2119 2678/2675/2148 2679/2676/2149
f 2654/2650/2123 2680/2677/2150 2681/2678/2151
f 2655/2651/2124 2681/2678/2151 2682/2679/2152
f 2683/2680/2153 2655/2651/2124 2682/2679/2152
f 2684/2681/2154 2656/2652/2125 2683/2680/2153
f 2658/2654/2127 2684/2681/2154 2685/2682/2155
f 2659/2655/2128 2685/2682/2155 2686/2683/2156
f 2687/2684/2157 2659/2655/2128 2686/2683/2156
f 2661/2657/2130 2687/2684/2157 2688/2685/2158
f 2662/2658/2131 2688/2685/2158 2689/2686/2159
f 2690/2687/2160 2662/2658/2131 2689/2686/2159
f 2691/2688/2161 2663/2659/2132 2690/2687/2160
f 2692/2689/2162 2664/2660/2133 2691/2688/2161
f 2693/2690/2163 2665/2661/2134 2692/2689/2162
f 2694/2691/2164 2666/2662/2135 2693/2690/2163
f 2695/2692/2165 2667/2663/2136 2694/2691/2164
f 2669/2665/2138 2695/2692/2165 2696/2693/2166
f 2670/2666/2139 2696/2693/2166 2697/2694/2167
f 2698/2695/2168 2670/2666/2139 2697/2694/2167
f 2699/2696/2169 2671/2667/2140 2698/2695/2168
f 2700/2697/2170 2672/2668/2141 2699/2696/2169
f 2674/2670/2143 2700/2697/2170 2701/2698/2171
f 2958/2699/2172 2675/2672/2145 2674/2670/2143
f 2701/2698/2171 2702/2700/2173 2958/2699/2172
f 2674/2670/2143 2701/2698/2171 2958/2699/2172
f 2706/2701/2174 2676/2674/2147 2705/2702/2175
f 2707/2703/2176 2677/2673/2146 2706/2701/2174
f 2925/2704/2177 2679/2676/2149 2678/2675/2148
f 2707/2703/2176 2708/2705/2178 2925/2704/2177
f 2678/2675/2148 2707/2703/2176 2925/2704/2177
f 2924/2706/2179 2925/2704/2177 2926/2707/2180
f 2921/2708/2181 2925/2704/2177 2708/2705/2178
f 2710/2709/2182 2680/2677/2150 2709/2710/2183
f 2682/2679/2152 2710/2709/2182 2711/2711/2184
f 2712/2712/2185 2682/2679/2152 2711/2711/2184
f 2684/2681/2154 2712/2712/2185 2713/2713/2186
f 2714/2714/2187 2684/2681/2154 2713/2713/2186
f 2715/2715/2188 2685/2682/2155 2714/2714/2187
f 2687/2684/2157 2715/2715/2188 2716/2716/2189
f 2688/2685/2158 2716/2716/2189 2717/2717/2190
f 2689/2686/2159 2717/2717/2190 2718/2718/2191
f 2719/2719/2192 2689/2686/2159 2718/2718/2191
f 2691/2688/2161 2719/2719/2192 2720/2720/2193
f 2692/2689/2162 2720/2720/2193 2721/2721/2194
f 2693/2690/2163 2721/2721/2194 2722/2722/2195
f 2694/2691/2164 2722/2722/2195 2723/2723/2196
f 2695/2692/2165 2723/2723/2196 2724/2724/2197
f 2696/2693/2166 2724/2724/2197 2725/2725/2198
f 2726/2726/2199 2696/2693/2166 2725/2725/2198
f 2727/2727/2200 2697/2694/2167 2726/2726/2199
f 2699/2696/2169 2727/2727/2200 2728/2728/2201
f 2729/2729/2202 2699/2696/2169 2728/2728/2201
f 2701/2698/2171 2729/2729/2202 2730/2730/2203
f 2731/2731/2204 2701/2698/2171 2730/2730/2203
f 2957/2732/2205 2702/2700/2173 2731/2731/2204
f 2732/2733/2206 2703/2734/2207 2957/2732/2205
f 2731/2731/2204 2732/2733/2206 2957/2732/2205
f 2956/2735/2208 2703/2734/2207 2732/2733/2206
f 2733/2736/2209 2704/2737/2210 2956/2735/2208
f 2732/2733/2206 2733/2736/2209 2956/2735/2208
f 2705/2702/2175 2733/2736/2209 2734/2738/2211
f 2706/2701/2174 2734/2738/2211 2735/2739/2212
f 2707/2703/2176 2735/2739/2212 2736/2740/2213
f 2922/2741/2214 2708/2705/2178 2707/2703/2176
f 2736/2740/2213 2737/2742/2215 2922/2741/2214
f 2707/2703/2176 2736/2740/2213 2922/2741/2214
f 2923/2743/2216 2708/2705/2178 2922/2741/2214
f 2918/2744/2217 2922/2741/2214 2737/2742/2215
f 2710/2709/2182 2738/2745/2218 2739/2746/2219
f 2711/2711/2184 2739/2746/2219 2740/2747/2220
f 2741/2748/2221 2711/2711/2184 2740/2747/2220
f 2713/2713/2186 2741/2748/2221 2742/2749/2222
f 2743/2750/2223 2713/2713/2186 2742/2749/2222
f 2715/2715/2188 2743/2750/2223 2744/2751/2224
f 2745/2752/2225 2715/2715/2188 2744/2751/2224
f 2717/2717/2190 2745/2752/2225 2746/2753/2226
f 2747/2754/2227 2717/2717/2190 2746/2753/2226
f 2719/2719/2192 2747/2754/2227 2748/2755/2228
f 2720/2720/2193 2748/2755/2228 2749/2756/2229
f 2750/2757/2230 2720/2720/2193 2749/2756/2229
f 2751/2758/2231 2721/2721/2194 2750/2757/2230
f 2752/2759/2232 2722/2722/2195 2751/2758/2231
f 2753/2760/2233 2723/2723/2196 2752/2759/2232
f 2754/2761/2234 2724/2724/2197 2753/2760/2233
f 2726/2726/2199 2754/2761/2234 2755/2762/2235
f 2756/2763/2236 2726/2726/2199 2755/2762/2235
f 2728/2728/2201 2756/2763/2236 2757/2764/2237
f 2729/2729/2202 2757/2764/2237 2758/2765/2238
f 2730/2730/2203 2758/2765/2238 2759/2766/2239
f 2731/2731/2204 2759/2766/2239 2760/2767/2240
f 2761/2768/2241 2731/2731/2204 2760/2767/2240
f 2733/2736/2209 2761/2768/2241 2762/2769/2242
f 2763/2770/2243 2733/2736/2209 2762/2769/2242
f 2735/2739/2212 2763/2770/2243 2764/2771/2244
f 2736/2740/2213 2764/2771/2244 2765/2772/2245
f 2919/2773/2246 2737/2742/2215 2736/2740/2213
f 2765/2772/2245 2766/2774/2247 2919/2773/2246
f 2736/2740/2213 2765/2772/2245 2919/2773/2246
f 2920/2775/2248 2737/2742/2215 2919/2773/2246
f 2917/2776/2249 2919/2773/2246 2766/2774/2247
f 2768/2777/836 2807/2778/2250 2767/2779/837
f 2565/2560/2033 2805/2780/2251 2806/2781/2252
f 2806/2781/2252 2564/2782/2253 2565/2560/2033
f 2804/2783/2254 2567/2784/2255 2803/2785/2256
f 2801/2786/2257 2568/2566/2039 2569/2570/2043
f 2803/2785/2256 2568/2566/2039 2802/2787/2258
f 2804/2783/2254 2805/2780/2251 2566/2563/2036
f 2564/2782/2253 2768/2777/836 2769/2788/838
f 2564/2782/2253 2769/2788/838 2770/2789/2259
f 2805/2780/2251 2565/2560/2033 2566/2563/2036
f 2800/2790/2260 2570/2572/2045 2799/2791/2261
f 2798/2792/2262 2572/2576/2049 2797/2793/2263
f 2798/2792/2262 2799/2791/2261 2571/2574/2047
f 2800/2790/2260 2569/2570/2043 2570/2572/2045
f 2807/2778/2250 2768/2777/836 2564/2782/2253
f 2797/2793/2263 2573/2794/2264 2796/2795/2265
f 2795/2796/2266 2574/2577/2050 2794/2797/2267
f 2795/2796/2266 2573/2794/2264 2574/2577/2050
f 2793/2798/2268 2576/2799/2269 2792/2800/2270
f 2790/2801/2271 2577/2582/2055 2578/2584/2057
f 2792/2800/2270 2577/2582/2055 2791/2802/2272
f 2575/2579/2052 2793/2798/2268 2794/2797/2267
f 2789/2803/2273 2579/2586/2059 2788/2804/2274
f 2787/2805/2275 2581/2589/2062 2786/2806/2276
f 2580/2807/2277 2787/2805/2275 2788/2804/2274
f 2784/2808/2278 2582/2809/2279 2583/2592/2065
f 2821/2810/2280 2584/2596/2069 2820/2811/2281
f 2820/2811/2281 2585/2812/2282 2819/2813/2283
f 2821/2810/2280 2583/2592/2065 2584/2596/2069
f 2786/2806/2276 2582/2809/2279 2785/2814/2284
f 2789/2803/2273 2578/2584/2057 2579/2586/2059
f 2594/2561/2034 2770/2789/2259 2771/2815/2285
f 2799/2791/2261 2570/2572/2045 2571/2574/2047
f 2624/2615/2088 2772/2816/2286 2773/2817/2287
f 2653/2649/2122 2774/2818/2288 2775/2819/2289
f 2624/2615/2088 2773/2817/2287 2774/2818/2288
f 2624/2615/2088 2594/2561/2034 2772/2816/2286
f 2774/2818/2288 2653/2649/2122 2624/2615/2088
f 2775/2819/2289 2776/2820/2290 2653/2649/2122
f 2771/2815/2285 2772/2816/2286 2594/2561/2034
f 2794/2797/2267 2574/2577/2050 2575/2579/2052
f 2788/2804/2274 2579/2586/2059 2580/2807/2277
f 2586/2597/2070 2819/2813/2283 2585/2812/2282
f 2616/2598/2071 2953/2642/2115 2617/2600/2073
f 2947/2821/2291 2646/2637/2110 2955/2671/2144
f 2820/2811/2281 2584/2596/2069 2585/2812/2282
f 2818/2822/2292 2587/2599/2072 2817/2823/2293
f 2815/2824/2294 2588/2603/2076 2589/2825/2295
f 2816/2826/2296 2587/2599/2072 2588/2603/2076
f 2590/2605/2078 2813/2827/2297 2814/2828/2298
f 2812/2829/2299 2592/2612/2085 2811/2830/2300
f 2813/2827/2297 2591/2607/2080 2812/2829/2299
f 2814/2828/2298 2815/2824/2294 2589/2825/2295
f 2814/2828/2298 2589/2825/2295 2590/2605/2078
f 2810/2831/2301 2592/2612/2085 2593/2611/2084
f 2810/2831/2301 2928/2832/2302 2809/2833/2303
f 2913/2834/2304 2809/2833/2303 2928/2832/2302
f 2914/2835/2305 2809/2833/2303 2913/2834/2304
f 2809/2833/2303 2916/2836/2306 2808/2837/2307
f 2809/2833/2303 2914/2835/2305 2915/2838/2308
f 2915/2838/2308 2916/2836/2306 2809/2833/2303
f 2911/2839/2309 2928/2832/2302 2930/2614/2087
f 2909/2840/2310 2930/2614/2087 2623/2613/2086
f 2623/2613/2086 2927/2647/2120 2907/2841/2311
f 2907/2841/2311 2908/2842/2312 2623/2613/2086
f 2928/2832/2302 2911/2839/2309 2912/2843/2313
f 2930/2614/2087 2909/2840/2310 2910/2844/2314
f 2623/2613/2086 2908/2842/2312 2909/2840/2310
f 2910/2844/2314 2911/2839/2309 2930/2614/2087
f 2913/2834/2304 2928/2832/2302 2912/2843/2313
f 2932/2845/2315 2950/2639/2112 2931/2846/2316
f 2949/2847/2317 2646/2637/2110 2948/2848/2318
f 2931/2846/2316 2646/2637/2110 2949/2847/2317
f 2933/2849/2319 2950/2639/2112 2932/2845/2315
f 2950/2639/2112 2953/2642/2115 2646/2637/2110
f 2647/2640/2113 2950/2639/2112 2933/2849/2319
f 2934/2850/2320 2647/2640/2113 2933/2849/2319
f 2646/2637/2110 2931/2846/2316 2950/2639/2112
f 2945/2851/2321 2946/2852/2322 2675/2672/2145
f 2955/2671/2144 2946/2852/2322 2947/2821/2291
f 2944/2853/2323 2945/2851/2321 2958/2699/2172
f 2675/2672/2145 2958/2699/2172 2945/2851/2321
f 2647/2640/2113 2704/2737/2210 2676/2674/2147
f 2937/2854/2324 2938/2855/2325 2704/2737/2210
f 2646/2637/2110 2947/2821/2291 2948/2848/2318
f 2647/2640/2113 2934/2850/2320 2935/2856/2326
f 2651/2646/2119 2924/2706/2179 2652/2648/2121
f 2905/2857/2327 2906/2858/2328 2927/2647/2120
f 2905/2857/2327 2652/2648/2121 2904/2859/2329
f 2652/2648/2121 2903/2860/2330 2904/2859/2329
f 2905/2857/2327 2927/2647/2120 2652/2648/2121
f 2935/2856/2326 2936/2861/2331 2647/2640/2113
f 2907/2841/2311 2927/2647/2120 2906/2858/2328
f 2704/2737/2210 2647/2640/2113 2936/2861/2331
f 2651/2646/2119 2679/2676/2149 2924/2706/2179
f 2926/2707/2180 2899/2862/2332 2924/2706/2179
f 2652/2648/2121 2924/2706/2179 2902/2863/2333
f 2902/2863/2333 2903/2860/2330 2652/2648/2121
f 2924/2706/2179 2900/2864/2334 2901/2865/2335
f 2924/2706/2179 2899/2862/2332 2900/2864/2334
f 2901/2865/2335 2902/2863/2333 2924/2706/2179
f 2648/2643/2116 2647/2640/2113 2676/2674/2147
f 2704/2737/2210 2936/2861/2331 2937/2854/2324
f 2958/2699/2172 2943/2866/2336 2944/2853/2323
f 2955/2671/2144 2675/2672/2145 2946/2852/2322
f 2680/2677/2150 2776/2820/2290 2777/2867/2337
f 2680/2677/2150 2777/2867/2337 2778/2868/2338
f 2709/2710/2183 2779/2869/2339 2780/2870/2340
f 2709/2710/2183 2778/2868/2338 2779/2869/2339
f 2709/2710/2183 2680/2677/2150 2778/2868/2338
f 2738/2745/2218 2780/2870/2340 2781/2871/2341
f 2782/2872/902 2738/2745/2218 2781/2871/2341
f 2822/2873/2342 2782/2872/902 2783/2874/904
f 2822/2873/2342 2823/2875/2343 2738/2745/2218
f 2823/2875/2343 2824/2876/2344 2738/2745/2218
f 2825/2877/2345 2739/2746/2219 2824/2876/2344
f 2824/2876/2344 2739/2746/2219 2738/2745/2218
f 2739/2746/2219 2825/2877/2345 2826/2878/2346
f 2827/2879/2347 2739/2746/2219 2826/2878/2346
f 2822/2873/2342 2738/2745/2218 2782/2872/902
f 2740/2747/2220 2829/2880/2348 2741/2748/2221
f 2742/2749/2222 2833/2881/2349 2743/2750/2223
f 2831/2882/2350 2742/2749/2222 2741/2748/2221
f 2744/2751/2224 2837/2883/2351 2745/2752/2225
f 2746/2753/2226 2841/2884/2352 2747/2754/2227
f 2839/2885/2353 2746/2753/2226 2745/2752/2225
f 2835/2886/2354 2744/2751/2224 2743/2750/2223
f 2748/2755/2228 2846/2887/2355 2749/2756/2229
f 2850/2888/2356 2751/2758/2231 2750/2757/2230
f 2750/2757/2230 2749/2756/2229 2848/2889/2357
f 2747/2754/2227 2844/2890/2358 2748/2755/2228
f 2751/2758/2231 2852/2891/2359 2752/2759/2232
f 2753/2760/2233 2857/2892/2360 2754/2761/2234
f 2754/2761/2234 2859/2893/2361 2755/2762/2235
f 2855/2894/2362 2753/2760/2233 2752/2759/2232
f 2740/2747/2220 2827/2879/2347 2828/2895/2363
f 2827/2879/2347 2740/2747/2220 2739/2746/2219
f 2740/2747/2220 2828/2895/2363 2829/2880/2348
f 2830/2896/2364 2831/2882/2350 2741/2748/2221
f 2742/2749/2222 2831/2882/2350 2832/2897/2365
f 2833/2881/2349 2834/2898/2366 2743/2750/2223
f 2744/2751/2224 2835/2886/2354 2836/2899/2367
f 2833/2881/2349 2742/2749/2222 2832/2897/2365
f 2835/2886/2354 2743/2750/2223 2834/2898/2366
f 2745/2752/2225 2837/2883/2351 2838/2900/2368
f 2746/2753/2226 2839/2885/2353 2840/2901/2369
f 2838/2900/2368 2839/2885/2353 2745/2752/2225
f 2747/2754/2227 2841/2884/2352 2842/2902/2370
f 2747/2754/2227 2843/2903/2371 2844/2890/2358
f 2843/2903/2371 2747/2754/2227 2842/2902/2370
f 2744/2751/2224 2836/2899/2367 2837/2883/2351
f 2830/2896/2364 2741/2748/2221 2829/2880/2348
f 2844/2890/2358 2845/2904/2372 2748/2755/2228
f 2846/2887/2355 2847/2905/2373 2749/2756/2229
f 2848/2889/2357 2749/2756/2229 2847/2905/2373
f 2750/2757/2230 2849/2906/2374 2850/2888/2356
f 2851/2907/2375 2751/2758/2231 2850/2888/2356
f 2750/2757/2230 2848/2889/2357 2849/2906/2374
f 2751/2758/2231 2851/2907/2375 2852/2891/2359
f 2853/2908/2376 2854/2909/2377 2752/2759/2232
f 2753/2760/2233 2855/2894/2362 2856/2910/2378
f 2853/2908/2376 2752/2759/2232 2852/2891/2359
f 2754/2761/2234 2857/2892/2360 2858/2911/2379
f 2755/2762/2235 2859/2893/2361 2860/2912/2380
f 2858/2911/2379 2859/2893/2361 2754/2761/2234
f 2857/2892/2360 2753/2760/2233 2856/2910/2378
f 2752/2759/2232 2854/2909/2377 2855/2894/2362
f 2748/2755/2228 2845/2904/2372 2846/2887/2355
f 2746/2753/2226 2840/2901/2369 2841/2884/2352
f 2861/2913/2381 2755/2762/2235 2860/2912/2380
f 2957/2732/2205 2942/2914/2382 2943/2866/2336
f 2943/2866/2336 2702/2700/2173 2957/2732/2205
f 2958/2699/2172 2702/2700/2173 2943/2866/2336
f 2703/2734/2207 2942/2914/2382 2957/2732/2205
f 2940/2915/2383 2956/2735/2208 2939/2916/2384
f 2940/2915/2383 2941/2917/2385 2703/2734/2207
f 2942/2914/2382 2703/2734/2207 2941/2917/2385
f 2703/2734/2207 2956/2735/2208 2940/2915/2383
f 2704/2737/2210 2938/2855/2325 2939/2916/2384
f 2863/2918/2386 2757/2764/2237 2756/2763/2236
f 2867/2919/2387 2759/2766/2239 2758/2765/2238
f 2758/2765/2238 2757/2764/2237 2865/2920/2388
f 2939/2916/2384 2956/2735/2208 2704/2737/2210
f 2872/2921/2389 2761/2768/2241 2760/2767/2240
f 2760/2767/2240 2759/2766/2239 2870/2922/2390
f 2705/2702/2175 2676/2674/2147 2704/2737/2210
f 2895/2923/2391 2921/2708/2181 2923/2743/2216
f 2897/2924/2392 2926/2707/2180 2921/2708/2181
f 2926/2707/2180 2897/2924/2392 2898/2925/2393
f 2921/2708/2181 2895/2923/2391 2896/2926/2394
f 2896/2926/2394 2897/2924/2392 2921/2708/2181
f 2895/2923/2391 2923/2743/2216 2894/2927/2395
f 2899/2862/2332 2926/2707/2180 2898/2925/2393
f 2920/2775/2248 2892/2928/2396 2918/2744/2217
f 2917/2776/2249 2890/2929/2397 2920/2775/2248
f 2893/2930/2398 2923/2743/2216 2918/2744/2217
f 2917/2776/2249 2889/2931/2399 2890/2929/2397
f 2893/2930/2398 2894/2927/2395 2923/2743/2216
f 2920/2775/2248 2891/2932/2400 2892/2928/2396
f 2920/2775/2248 2890/2929/2397 2891/2932/2400
f 2892/2928/2396 2893/2930/2398 2918/2744/2217
f 2762/2769/2242 2761/2768/2241 2874/2933/2401
f 2756/2763/2236 2862/2934/2402 2863/2918/2386
f 2757/2764/2237 2863/2918/2386 2864/2935/2403
f 2865/2920/2388 2757/2764/2237 2864/2935/2403
f 2758/2765/2238 2866/2936/2404 2867/2919/2387
f 2759/2766/2239 2868/2937/2405 2869/2938/2406
f 2866/2936/2404 2758/2765/2238 2865/2920/2388
f 2867/2919/2387 2868/2937/2405 2759/2766/2239
f 2760/2767/2240 2870/2922/2390 2871/2939/2407
f 2761/2768/2241 2872/2921/2389 2873/2940/2408
f 2872/2921/2389 2760/2767/2240 2871/2939/2407
f 2762/2769/2242 2874/2933/2401 2875/2941/2409
f 2762/2769/2242 2876/2942/2410 2763/2770/2243
f 2761/2768/2241 2873/2940/2408 2874/2933/2401
f 2870/2922/2390 2759/2766/2239 2869/2938/2406
f 2876/2942/2410 2762/2769/2242 2875/2941/2409
f 2764/2771/2244 2880/2943/2411 2765/2772/2245
f 2766/2774/2247 2884/2944/2412 2887/2945/2413
f 2882/2946/2414 2766/2774/2247 2765/2772/2245
f 2889/2931/2399 2917/2776/2249 2888/2947/2415
f 2887/2945/2413 2888/2947/2415 2917/2776/2249
f 2766/2774/2247 2887/2945/2413 2917/2776/2249
f 2886/2948/2416 2887/2945/2413 2884/2944/2412
f 2878/2949/2417 2764/2771/2244 2763/2770/2243
f 2763/2770/2243 2877/2950/2418 2878/2949/2417
f 2879/2951/2419 2880/2943/2411 2764/2771/2244
f 2881/2952/2420 2765/2772/2245 2880/2943/2411
f 2766/2774/2247 2882/2946/2414 2883/2953/2421
f 2886/2948/2416 2884/2944/2412 2885/2954/2422
f 2883/2953/2421 2884/2944/2412 2766/2774/2247
f 2881/2952/2420 2882/2946/2414 2765/2772/2245
f 2878/2949/2417 2879/2951/2419 2764/2771/2244
f 2877/2950/2418 2763/2770/2243 2876/2942/2410
f 2861/2913/2381 2862/2934/2402 2756/2763/2236
f 2861/2913/2381 2756/2763/2236 2755/2762/2235
f 2960/2955/2423 2962/2956/2424 2963/2957/2425
f 2961/2958/2426 2963/2957/2425 2964/2959/2427
f 2966/2960/2428 2962/2956/2424 2965/2961/2429
f 2964/2959/2427 2966/2960/2428 2967/2962/2430
f 2969/2963/2431 2965/2961/2429 2968/2964/2432
f 2970/2965/2433 2966/2960/2428 2969/2963/2431
f 2969/2963/2431 2971/2966/2434 2972/2967/2435
f 2973/2968/2436 2969/2963/2431 2972/2967/2435
f 2972/2967/2435 2974/2969/2437 2975/2970/2438
f 2973/2968/2436 2975/2970/2438 2976/2971/2439
f 2978/2972/2440 2974/2969/2437 2977/2973/2441
f 2976/2971/2439 2978/2972/2440 2979/2974/2442
f 2978/2972/2440 2980/2975/2443 2981/2976/2444
f 2982/2977/2445 2978/2972/2440 2981/2976/2444
f 2984/2978/2446 2980/2975/2443 2983/2979/2447
f 2985/2980/2448 2981/2976/2444 2984/2978/2446
f 2987/2981/2449 2984/2978/2446 2986/2982/2450
f 2991/2983/2451 3024/2984/2452 2990/2985/2453
f 2992/2986/2454 2962/2956/2424 2959/2987/2455
f 2959/2987/2455 2991/2983/2451 2992/2986/2454
f 2965/2961/2429 2994/2988/2456 2995/2989/2457
f 2968/2964/2432 2995/2989/2457 2996/2990/2458
f 2962/2956/2424 2994/2988/2456 2965/2961/2429
f 2959/2987/2455 3024/2984/2452 2991/2983/2451
f 2968/2964/2432 2996/2990/2458 2997/2991/2459
f 2998/2992/2460 2974/2969/2437 2971/2966/2434
f 2971/2966/2434 2997/2991/2459 2998/2992/2460
f 2971/2966/2434 2968/2964/2432 2997/2991/2459
f 2974/2969/2437 3000/2993/2461 2977/2973/2441
f 3001/2994/2462 2977/2973/2441 3000/2993/2461
f 3024/2984/2452 2960/2955/2423 3023/2995/2463
f 2961/2958/2426 3023/2995/2463 2960/2955/2423
f 3020/2996/2464 3021/2997/2465 3022/2998/2466
f 3019/2999/2467 2961/2958/2426 2964/2959/2427
f 2961/2958/2426 3020/2996/2464 3022/2998/2466
f 3018/3000/2468 2964/2959/2427 2967/2962/2430
f 2967/2962/2430 3017/3001/2469 3018/3000/2468
f 2973/2968/2436 3015/3002/2470 3016/3003/2471
f 2979/2974/2442 3014/3004/2472 2976/2971/2439
f 2970/2965/2433 3016/3003/2471 3017/3001/2469
f 2976/2971/2439 3014/3004/2472 3015/3002/2470
f 3001/2994/2462 2980/2975/2443 2977/2973/2441
f 2983/2979/2447 3003/3005/2473 3004/3006/2474
f 3003/3005/2473 2980/2975/2443 3002/3007/2475
f 2983/2979/2447 2986/2982/2450 2984/2978/2446
f 2985/2980/2448 3012/3008/2476 2982/2977/2445
f 3004/3006/2474 3025/3009/2477 2983/2979/2447
f 2982/2977/2445 3013/3010/2478 2979/2974/2442
f 2986/2982/2450 2983/2979/2447 3026/3011/2479
f 2986/2982/2450 3027/3012/2480 3028/3013/2481
f 2986/2982/2450 3026/3011/2479 3027/3012/2480
f 3029/3014/2482 2986/2982/2450 3028/3013/2481
f 3030/3015/2483 2987/2981/2449 3029/3014/2482
f 2986/2982/2450 3029/3014/2482 2987/2981/2449
f 3031/3016/2484 3040/3017/2485 3030/3015/2483
f 2987/2981/2449 3030/3015/2483 3040/3017/2485
f 3032/3018/2486 3040/3017/2485 3031/3016/2484
f 3026/3011/2479 2983/2979/2447 3025/3009/2477
f 2987/2981/2449 3011/3019/2487 2985/2980/2448
f 3032/3018/2486 3033/3020/2488 3040/3017/2485
f 2987/2981/2449 3009/3021/2489 3010/3022/2490
f 3033/3020/2488 3008/3023/2491 3040/3017/2485
f 3040/3017/2485 3008/3023/2491 3009/3021/2489
f 3033/3020/2488 3007/3024/2492 3008/3023/2491
f 3007/3024/2492 3033/3020/2488 3034/3025/2493
f 3007/3024/2492 3035/3026/2494 3006/3027/2495
f 3005/3028/2496 3037/3029/2497 3038/3030/2498
f 3006/3027/2495 3036/3031/2499 3037/3029/2497
f 3006/3027/2495 3035/3026/2494 3036/3031/2499
f 3005/3028/2496 3006/3027/2495 3037/3029/2497
f 2988/3032/1671 3039/3033/2500 2989/3034/1672
f 3005/3028/2496 3039/3033/2500 2988/3032/1671
f 3005/3028/2496 3038/3030/2498 3039/3033/2500
f 3034/3025/2493 3035/3026/2494 3007/3024/2492
f 3043/3035/2501 3045/3036/2502 3046/3037/2503
f 3047/3038/2504 3043/3035/2501 3046/3037/2503
f 3046/3037/2503 3048/3039/2505 3049/3040/2506
f 3050/3041/2507 3046/3037/2503 3049/3040/2506
f 3049/3040/2506 3051/3042/2508 3052/3043/2509
f 3053/3044/2510 3049/3040/2506 3052/3043/2509
f 3055/3045/2511 3051/3042/2508 3054/3046/2512
f 3056/3047/2513 3052/3043/2509 3055/3045/2511
f 3058/3048/2514 3054/3046/2512 3057/3049/2515
f 3059/3050/2516 3055/3045/2511 3058/3048/2514
f 3061/3051/2517 3057/3049/2515 3060/3052/2518
f 3062/3053/2519 3058/3048/2514 3061/3051/2517
f 3061/3051/2517 3063/3054/2520 3064/3055/2521
f 3065/3056/2522 3061/3051/2517 3064/3055/2521
f 3067/3057/2523 3063/3054/2520 3066/3058/2524
f 3068/3059/2525 3064/3055/2521 3067/3057/2523
f 3070/3060/2526 3066/3058/2524 3069/3061/2527
f 3071/3062/2528 3067/3057/2523 3070/3060/2526
f 3070/3060/2526 3072/3063/2529 3073/3064/2530
f 3071/3062/2528 3073/3064/2530 3074/3065/2531
f 3073/3064/2530 3075/3066/2532 3076/3067/2533
f 3077/3068/2534 3073/3064/2530 3076/3067/2533
f 3076/3067/2533 3078/3069/2535 3079/3070/2536
f 3077/3068/2534 3079/3070/2536 3080/3071/2537
f 3082/3072/2538 3078/3069/2535 3081/3073/2539
f 3080/3071/2537 3082/3072/2538 3083/3074/2540
f 3085/3075/2541 3081/3073/2539 3084/3076/2542
f 3083/3074/2540 3085/3075/2541 3086/3077/2543
f 3109/3078/2544 3090/3079/2545 3108/3080/2546
f 3110/3081/2547 3045/3036/2502 3042/3082/2548
f 3045/3036/2502 3111/3083/2549 3112/3084/2550
f 3042/3082/2548 3109/3078/2544 3110/3081/2547
f 3051/3042/2508 3113/3085/2551 3114/3086/2552
f 3112/3084/2550 3048/3039/2505 3045/3036/2502
f 3112/3084/2550 3113/3085/2551 3048/3039/2505
f 3042/3082/2548 3090/3079/2545 3109/3078/2544
f 3054/3046/2512 3115/3087/2553 3116/3088/2554
f 3057/3049/2515 3117/3089/2555 3118/3090/2556
f 3060/3052/2518 3118/3090/2556 3119/3091/2557
f 3116/3088/2554 3057/3049/2515 3054/3046/2512
f 3051/3042/2508 3115/3087/2553 3054/3046/2512
f 3057/3049/2515 3118/3090/2556 3060/3052/2518
f 3063/3054/2520 3119/3091/2557 3120/3092/2558
f 3090/3079/2545 3043/3035/2501 3089/3093/2559
f 3044/3094/2560 3106/3095/2561 3107/3096/2562
f 3044/3094/2560 3089/3093/2559 3043/3035/2501
f 3107/3096/2562 3041/3097/2563 3088/3098/2564
f 3044/3094/2560 3107/3096/2562 3088/3098/2564
f 3105/3099/2565 3047/3038/2504 3050/3041/2507
f 3050/3041/2507 3104/3100/2566 3105/3099/2565
f 3056/3047/2513 3102/3101/2567 3103/3102/2568
f 3062/3053/2519 3101/3103/2569 3059/3050/2516
f 3053/3044/2510 3103/3102/2568 3104/3100/2566
f 3059/3050/2516 3101/3103/2569 3102/3101/2567
f 3065/3056/2522 3100/3104/2570 3062/3053/2519
f 3066/3058/2524 3121/3105/2571 3122/3106/2572
f 3069/3061/2527 3123/3107/2573 3124/3108/2574
f 3072/3063/2529 3124/3108/2574 3125/3109/2575
f 3122/3106/2572 3069/3061/2527 3066/3058/2524
f 3063/3054/2520 3121/3105/2571 3066/3058/2524
f 3069/3061/2527 3124/3108/2574 3072/3063/2529
f 3125/3109/2575 3075/3066/2532 3072/3063/2529
f 3078/3069/2535 3127/3110/2576 3128/3111/2577
f 3081/3073/2539 3129/3112/2578 3130/3113/2579
f 3084/3076/2542 3130/3113/2579 3131/3114/2580
f 3128/3111/2577 3081/3073/2539 3078/3069/2535
f 3075/3066/2532 3127/3110/2576 3078/3069/2535
f 3081/3073/2539 3130/3113/2579 3084/3076/2542
f 3087/3115/2453 3132/3116/2581 3131/3114/2580
f 3131/3114/2580 3132/3116/2581 3084/3076/2542
f 3068/3059/2525 3099/3117/2582 3065/3056/2522
f 3074/3065/2531 3097/3118/2583 3071/3062/2528
f 3077/3068/2534 3096/3119/2584 3074/3065/2531
f 3071/3062/2528 3098/3120/2585 3068/3059/2525
f 3080/3071/2537 3095/3121/2586 3077/3068/2534
f 3083/3074/2540 3094/3122/2587 3080/3071/2537
f 3132/3116/2581 3085/3075/2541 3084/3076/2542
f 3086/3077/2543 3133/3123/2588 3134/3124/2589
f 3093/3125/2590 3086/3077/2543 3092/3126/2591
f 3092/3126/2591 3134/3124/2589 3091/3127/2465
f 3086/3077/2543 3134/3124/2589 3092/3126/2591
f 3188/3128/1374 3186/3129/1374 3189/3130/1374
f 3159/3131/1374 3156/3132/1374 3157/3133/1374
f 3156/3132/1374 3162/3134/1374 3208/3135/1375
f 3162/3134/1374 3164/3136/1374 3208/3135/1375
f 3208/3135/1375 3160/3137/1374 3206/3138/1374
f 3162/3134/1374 3156/3132/1374 3158/3139/1374
f 3164/3136/1374 3163/3140/1375 3160/3137/1374
f 3207/3141/1375 3187/3142/1374 3166/3143/1374
f 3206/3138/1374 3184/3144/1374 3207/3141/1375
f 3207/3141/1375 3167/3145/1374 3187/3142/1374
f 3160/3137/1374 3185/3146/1374 3184/3144/1374
f 3161/3147/1374 3148/3148/1379 3149/3149/1375
f 3161/3147/1374 3149/3149/1375 3164/3136/1374
f 3147/3150/1378 3148/3148/1379 3161/3147/1374
f 3145/3151/1375 3158/3139/1374 3144/3152/1375
f 3162/3134/1374 3146/3153/1379 3147/3150/1378
f 3161/3147/1374 3162/3134/1374 3147/3150/1378
f 3145/3151/1375 3146/3153/1379 3162/3134/1374
f 3145/3151/1375 3162/3134/1374 3158/3139/1374
f 3150/3154/1384 3165/3155/1374 3149/3149/1375
f 3153/3156/1379 3165/3155/1374 3152/3157/1374
f 3163/3140/1375 3165/3155/1374 3153/3156/1379
f 3163/3140/1375 3153/3156/1379 3154/3158/1375
f 3149/3149/1375 3165/3155/1374 3164/3136/1374
f 3152/3157/1374 3165/3155/1374 3151/3159/1376
f 3198/3160/1379 3208/3135/1375 3206/3138/1374
f 3165/3155/1374 3150/3154/1384 3151/3159/1376
f 3154/3158/1375 3155/3161/1375 3163/3140/1375
f 3208/3135/1375 3198/3160/1379 3199/3162/1375
f 3159/3131/1374 3142/3163/1382 3143/3164/1379
f 3143/3164/1379 3158/3139/1374 3159/3131/1374
f 3141/3165/1378 3159/3131/1374 3204/3166/1379
f 3158/3139/1374 3143/3164/1379 3144/3152/1375
f 3141/3165/1378 3142/3163/1382 3159/3131/1374
f 3135/3167/1375 3138/3168/1375 3139/3169/1375
f 3204/3166/1379 3140/3170/1375 3141/3165/1378
f 3140/3170/1375 3205/3171/1375 3139/3169/1375
f 3135/3167/1375 3139/3169/1375 3205/3171/1375
f 3157/3133/1374 3156/3132/1374 3201/3172/1378
f 3200/3173/1375 3201/3172/1378 3156/3132/1374
f 3208/3135/1375 3200/3173/1375 3156/3132/1374
f 3204/3166/1379 3205/3171/1375 3140/3170/1375
f 3203/3174/1374 3157/3133/1374 3202/3175/1383
f 3201/3172/1378 3202/3175/1383 3157/3133/1374
f 3159/3131/1374 3203/3174/1374 3204/3166/1379
f 3157/3133/1374 3203/3174/1374 3159/3131/1374
f 3208/3135/1375 3199/3162/1375 3200/3173/1375
f 3169/3176/1374 3163/3140/1375 3168/3177/2592
f 3155/3161/1375 3168/3177/2592 3163/3140/1375
f 3185/3146/1374 3163/3140/1375 3169/3176/1374
f 3170/3178/1377 3185/3146/1374 3169/3176/1374
f 3198/3160/1379 3206/3138/1374 3197/3179/1378
f 3207/3141/1375 3197/3179/1378 3206/3138/1374
f 3185/3146/1374 3173/3180/1377 3184/3144/1374
f 3207/3141/1375 3196/3181/1375 3197/3179/1378
f 3170/3178/1377 3171/3182/1382 3185/3146/1374
f 3185/3146/1374 3172/3183/1381 3173/3180/1377
f 3167/3145/1374 3184/3144/1374 3173/3180/1377
f 3174/3184/1378 3167/3145/1374 3173/3180/1377
f 3175/3185/1379 3187/3142/1374 3167/3145/1374
f 3187/3142/1374 3176/3186/1378 3177/3187/1375
f 3175/3185/1379 3176/3186/1378 3187/3142/1374
f 3175/3185/1379 3167/3145/1374 3174/3184/1378
f 3172/3183/1381 3185/3146/1374 3171/3182/1382
f 3177/3187/1375 3186/3129/1374 3187/3142/1374
f 3195/3188/1375 3196/3181/1375 3207/3141/1375
f 3188/3128/1374 3194/3189/1379 3166/3143/1374
f 3195/3188/1375 3166/3143/1374 3194/3189/1379
f 3207/3141/1375 3166/3143/1374 3195/3188/1375
f 3188/3128/1374 3192/3190/1374 3193/3191/1380
f 3190/3192/1375 3191/3193/1378 3182/3194/1376
f 3189/3130/1374 3192/3190/1374 3188/3128/1374
f 3191/3193/1378 3192/3190/1374 3189/3130/1374
f 3188/3128/1374 3193/3191/1380 3194/3189/1379
f 3181/3195/1379 3191/3193/1378 3189/3130/1374
f 3179/3196/1378 3189/3130/1374 3186/3129/1374
f 3189/3130/1374 3179/3196/1378 3180/3197/1381
f 3178/3198/1375 3179/3196/1378 3186/3129/1374
f 3186/3129/1374 3166/3143/1374 3187/3142/1374
f 3181/3195/1379 3189/3130/1374 3180/3197/1381
f 3182/3194/1376 3183/3199/1375 3190/3192/1375
f 3182/3194/1376 3191/3193/1378 3181/3195/1379
f 3137/3200/1375 3183/3199/1375 3136/3201/1375
f 3183/3199/1375 3137/3200/1375 3190/3192/1375
f 3177/3187/1375 3178/3198/1375 3186/3129/1374
f 3562/3202/2593 3561/3203/2594 3239/3204/2595
f 3562/3202/2593 3563/3205/2596 3564/3206/2597
f 3562/3202/2593 3239/3204/2595 3240/3207/2598
f 3210/3208/2599 3209/3209/2600 3562/3202/2593
f 3240/3207/2598 3210/3208/2599 3562/3202/2593
f 3211/3210/2601 3240/3207/2598 3241/3211/2602
f 3212/3212/2603 3241/3211/2602 3242/3213/2604
f 3243/3214/2605 3212/3212/2603 3242/3213/2604
f 3244/3215/2606 3213/3216/2607 3243/3214/2605
f 3215/3217/2608 3244/3215/2606 3245/3218/2609
f 3216/3219/2610 3245/3218/2609 3246/3220/2611
f 3247/3221/2612 3216/3219/2610 3246/3220/2611
f 3218/3222/2613 3247/3221/2612 3248/3223/2614
f 3249/3224/2615 3218/3222/2613 3248/3223/2614
f 3220/3225/2616 3249/3224/2615 3250/3226/2617
f 3221/3227/2618 3250/3226/2617 3251/3228/2619
f 3222/3229/2620 3251/3228/2619 3252/3230/2621
f 3253/3231/2622 3222/3229/2620 3252/3230/2621
f 3254/3232/2623 3223/3233/2624 3253/3231/2622
f 3225/3234/2625 3254/3232/2623 3255/3235/2626
f 3226/3236/2627 3255/3235/2626 3256/3237/2628
f 3257/3238/2629 3226/3236/2627 3256/3237/2628
f 3228/3239/2630 3257/3238/2629 3258/3240/2631
f 3229/3241/2632 3258/3240/2631 3259/3242/2633
f 3260/3243/2634 3229/3241/2632 3259/3242/2633
f 3231/3244/2635 3260/3243/2634 3261/3245/2636
f 3232/3246/2637 3261/3245/2636 3262/3247/2638
f 3233/3248/2639 3262/3247/2638 3263/3249/2640
f 3264/3250/2641 3233/3248/2639 3263/3249/2640
f 3235/3251/2642 3264/3250/2641 3265/3252/2643
f 3236/3253/2644 3265/3252/2643 3266/3254/2645
f 3267/3255/2646 3236/3253/2644 3266/3254/2645
f 3268/3256/2647 3237/3257/2648 3267/3255/2646
f 3565/3258/2649 3269/3259/2650 3270/3260/2651
f 3240/3207/2598 3239/3204/2595 3565/3258/2649
f 3270/3260/2651 3240/3207/2598 3565/3258/2649
f 3241/3211/2602 3270/3260/2651 3271/3261/2652
f 3272/3262/2653 3241/3211/2602 3271/3261/2652
f 3273/3263/2654 3242/3213/2604 3272/3262/2653
f 3244/3215/2606 3273/3263/2654 3274/3264/2655
f 3245/3218/2609 3274/3264/2655 3275/3265/2656
f 3276/3266/2657 3245/3218/2609 3275/3265/2656
f 3277/3267/2658 3246/3220/2611 3276/3266/2657
f 3248/3223/2614 3277/3267/2658 3278/3268/2659
f 3249/3224/2615 3278/3268/2659 3279/3269/2660
f 3250/3226/2617 3279/3269/2660 3280/3270/2661
f 3281/3271/2662 3250/3226/2617 3280/3270/2661
f 3282/3272/2663 3251/3228/2619 3281/3271/2662
f 3283/3273/2664 3252/3230/2621 3282/3272/2663
f 3254/3232/2623 3283/3273/2664 3284/3274/2665
f 3255/3235/2626 3284/3274/2665 3285/3275/2666
f 3287/3276/2667 3257/3238/2629 3286/3277/2668
f 3288/3278/2669 3258/3240/2631 3287/3276/2667
f 3289/3279/2670 3259/3242/2633 3288/3278/2669
f 3290/3280/2671 3260/3243/2634 3289/3279/2670
f 3291/3281/2672 3261/3245/2636 3290/3280/2671
f 3263/3249/2640 3291/3281/2672 3292/3282/2673
f 3293/3283/2674 3263/3249/2640 3292/3282/2673
f 3294/3284/2675 3264/3250/2641 3293/3283/2674
f 3266/3254/2645 3294/3284/2675 3295/3285/2676
f 3267/3255/2646 3295/3285/2676 3296/3286/2677
f 3297/3287/2678 3267/3255/2646 3296/3286/2677
f 3298/3288/2679 3270/3260/2651 3269/3259/2650
f 3271/3261/2652 3298/3288/2679 3299/3289/2680
f 3300/3290/2681 3271/3261/2652 3299/3289/2680
f 3273/3263/2654 3300/3290/2681 3301/3291/2682
f 3274/3264/2655 3301/3291/2682 3302/3292/2683
f 3275/3265/2656 3302/3292/2683 3303/3293/2684
f 3304/3294/2685 3275/3265/2656 3303/3293/2684
f 3305/3295/2686 3276/3266/2657 3304/3294/2685
f 3306/3296/2687 3277/3267/2658 3305/3295/2686
f 3307/3297/2688 3278/3268/2659 3306/3296/2687
f 3280/3270/2661 3307/3297/2688 3308/3298/2689
f 3281/3271/2662 3308/3298/2689 3309/3299/2690
f 3282/3272/2663 3309/3299/2690 3310/3300/2691
f 3311/3301/2692 3282/3272/2663 3310/3300/2691
f 3312/3302/2693 3283/3273/2664 3311/3301/2692
f 3288/3278/2669 3313/3303/2694 3314/3304/2695
f 3315/3305/2696 3288/3278/2669 3314/3304/2695
f 3290/3280/2671 3315/3305/2696 3316/3306/2697
f 3291/3281/2672 3316/3306/2697 3317/3307/2698
f 3292/3282/2673 3317/3307/2698 3318/3308/2699
f 3319/3309/2700 3292/3282/2673 3318/3308/2699
f 3294/3284/2675 3319/3309/2700 3320/3310/2701
f 3321/3311/2702 3294/3284/2675 3320/3310/2701
f 3322/3312/2703 3295/3285/2676 3321/3311/2702
f 3323/3313/2704 3296/3286/2677 3322/3312/2703
f 3324/3314/2705 3569/3315/2706 3566/3316/2707
f 3567/3317/2708 3568/3318/2709 3569/3315/2706
f 3567/3317/2708 3324/3314/2705 3325/3319/2710
f 3299/3289/2680 3298/3288/2679 3567/3317/2708
f 3325/3319/2710 3299/3289/2680 3567/3317/2708
f 3326/3320/2711 3299/3289/2680 3325/3319/2710
f 3301/3291/2682 3326/3320/2711 3327/3321/2712
f 3302/3292/2683 3327/3321/2712 3328/3322/2713
f 3303/3293/2684 3328/3322/2713 3329/3323/2714
f 3330/3324/2715 3303/3293/2684 3329/3323/2714
f 3331/3325/2716 3304/3294/2685 3330/3324/2715
f 3332/3326/2717 3305/3295/2686 3331/3325/2716
f 3307/3297/2688 3332/3326/2717 3333/3327/2718
f 3334/3328/2719 3307/3297/2688 3333/3327/2718
f 3335/3329/2720 3308/3298/2689 3334/3328/2719
f 3336/3330/2721 3309/3299/2690 3335/3329/2720
f 3337/3331/2722 3310/3300/2691 3336/3330/2721
f 3312/3302/2693 3337/3331/2722 3338/3332/2723
f 3343/3333/2724 3313/3303/2694 3342/3334/2725
f 3315/3305/2696 3343/3333/2724 3344/3335/2726
f 3345/3336/2727 3315/3305/2696 3344/3335/2726
f 3346/3337/2728 3316/3306/2697 3345/3336/2727
f 3347/3338/2729 3317/3307/2698 3346/3337/2728
f 3319/3309/2700 3347/3338/2729 3348/3339/2730
f 3320/3310/2701 3348/3339/2730 3349/3340/2731
f 3321/3311/2702 3349/3340/2731 3350/3341/2732
f 3322/3312/2703 3350/3341/2732 3351/3342/2733
f 3352/3343/2734 3322/3312/2703 3351/3342/2733
f 3353/3344/2735 3572/3345/2736 3570/3346/2737
f 3571/3347/2738 3566/3316/2707 3572/3345/2736
f 3571/3347/2738 3353/3344/2735 3354/3348/2739
f 3325/3319/2710 3324/3314/2705 3571/3347/2738
f 3354/3348/2739 3325/3319/2710 3571/3347/2738
f 3326/3320/2711 3354/3348/2739 3355/3349/2740
f 3327/3321/2712 3355/3349/2740 3356/3350/2741
f 3357/3351/2742 3327/3321/2712 3356/3350/2741
f 3329/3323/2714 3357/3351/2742 3358/3352/2743
f 3330/3324/2715 3358/3352/2743 3359/3353/2744
f 3360/3354/2745 3330/3324/2715 3359/3353/2744
f 3361/3355/2746 3331/3325/2716 3360/3354/2745
f 3333/3327/2718 3361/3355/2746 3362/3356/2747
f 3334/3328/2719 3362/3356/2747 3363/3357/2748
f 3335/3329/2720 3363/3357/2748 3364/3358/2749
f 3365/3359/2750 3335/3329/2720 3364/3358/2749
f 3366/3360/2751 3336/3330/2721 3365/3359/2750
f 3338/3332/2723 3366/3360/2751 3367/3361/2752
f 3368/3362/2753 3338/3332/2723 3367/3361/2752
f 3597/3363/2754 3339/3364/2755 3368/3362/2753
f 3369/3365/2756 3340/3366/2757 3597/3363/2754
f 3368/3362/2753 3369/3365/2756 3597/3363/2754
f 3598/3367/2758 3340/3366/2757 3369/3365/2756
f 3370/3368/2759 3341/3369/2760 3598/3367/2758
f 3369/3365/2756 3370/3368/2759 3598/3367/2758
f 3371/3370/2761 3341/3369/2760 3370/3368/2759
f 3343/3333/2724 3371/3370/2761 3372/3371/2762
f 3344/3335/2726 3372/3371/2762 3373/3372/2763
f 3374/3373/2764 3344/3335/2726 3373/3372/2763
f 3346/3337/2728 3374/3373/2764 3375/3374/2765
f 3347/3338/2729 3375/3374/2765 3376/3375/2766
f 3348/3339/2730 3376/3375/2766 3377/3376/2767
f 3349/3340/2731 3377/3376/2767 3378/3377/2768
f 3379/3378/2769 3349/3340/2731 3378/3377/2768
f 3351/3342/2733 3379/3378/2769 3380/3379/2770
f 3352/3343/2734 3380/3379/2770 3381/3380/2771
f 3382/3381/2772 3575/3382/2773 3573/3383/2774
f 3574/3384/2775 3570/3346/2737 3575/3382/2773
f 3574/3384/2775 3382/3381/2772 3383/3385/2776
f 3354/3348/2739 3353/3344/2735 3574/3384/2775
f 3383/3385/2776 3354/3348/2739 3574/3384/2775
f 3384/3386/2777 3354/3348/2739 3383/3385/2776
f 3356/3350/2741 3384/3386/2777 3385/3387/2778
f 3386/3388/2779 3356/3350/2741 3385/3387/2778
f 3358/3352/2743 3386/3388/2779 3387/3389/2780
f 3359/3353/2744 3387/3389/2780 3388/3390/2781
f 3360/3354/2745 3388/3390/2781 3389/3391/2782
f 3390/3392/2783 3360/3354/2745 3389/3391/2782
f 3362/3356/2747 3390/3392/2783 3391/3393/2784
f 3392/3394/2785 3362/3356/2747 3391/3393/2784
f 3393/3395/2786 3363/3357/2748 3392/3394/2785
f 3394/3396/2787 3364/3358/2749 3393/3395/2786
f 3366/3360/2751 3394/3396/2787 3395/3397/2788
f 3367/3361/2752 3395/3397/2788 3396/3398/2789
f 3368/3362/2753 3396/3398/2789 3397/3399/2790
f 3398/3400/2791 3368/3362/2753 3397/3399/2790
f 3399/3401/2792 3369/3365/2756 3398/3400/2791
f 3400/3402/2793 3370/3368/2759 3399/3401/2792
f 3401/3403/2794 3371/3370/2761 3400/3402/2793
f 3402/3404/2795 3372/3371/2762 3401/3403/2794
f 3403/3405/2796 3373/3372/2763 3402/3404/2795
f 3375/3374/2765 3403/3405/2796 3404/3406/2797
f 3405/3407/2798 3375/3374/2765 3404/3406/2797
f 3406/3408/2799 3376/3375/2766 3405/3407/2798
f 3407/3409/2800 3377/3376/2767 3406/3408/2799
f 3379/3378/2769 3407/3409/2800 3408/3410/2801
f 3380/3379/2770 3408/3410/2801 3409/3411/2802
f 3410/3412/2803 3380/3379/2770 3409/3411/2802
f 3576/3413/2804 3573/3383/2774 3577/3414/2805
f 3530/3415/2806 3504/3416/2807 3505/3417/2808
f 3502/3418/2809 3209/3209/2600 3210/3208/2599
f 3503/3419/2810 3563/3205/2596 3209/3209/2600
f 3501/3420/2811 3210/3208/2599 3211/3210/2601
f 3500/3421/2812 3212/3212/2603 3499/3422/2813
f 3500/3421/2812 3211/3210/2601 3212/3212/2603
f 3530/3415/2806 3531/3423/2814 3504/3416/2807
f 3532/3424/2815 3533/3425/2816 3504/3416/2807
f 3533/3425/2816 3563/3205/2596 3504/3416/2807
f 3534/3426/2817 3563/3205/2596 3533/3425/2816
f 3532/3424/2815 3504/3416/2807 3531/3423/2814
f 3213/3216/2607 3499/3422/2813 3212/3212/2603
f 3498/3427/2818 3214/3428/2819 3497/3429/2820
f 3495/3430/2821 3215/3217/2608 3216/3219/2610
f 3497/3429/2820 3215/3217/2608 3496/3431/2822
f 3494/3432/2823 3217/3433/2824 3493/3434/2825
f 3492/3435/2826 3219/3436/2827 3491/3437/2828
f 3493/3434/2825 3218/3222/2613 3492/3435/2826
f 3494/3432/2823 3216/3219/2610 3217/3433/2824
f 3491/3437/2828 3220/3225/2616 3529/3438/2829
f 3528/3439/2830 3220/3225/2616 3221/3227/2618
f 3528/3439/2830 3221/3227/2618 3527/3440/2831
f 3526/3441/2832 3223/3233/2624 3525/3442/2833
f 3525/3442/2833 3224/3443/2834 3524/3444/2835
f 3222/3229/2620 3526/3441/2832 3527/3440/2831
f 3563/3205/2596 3535/3445/2836 3564/3206/2597
f 3564/3206/2597 3536/3446/2837 3537/3447/2838
f 3564/3206/2597 3535/3445/2836 3536/3446/2837
f 3561/3203/2594 3564/3206/2597 3537/3447/2838
f 3561/3203/2594 3538/3448/2839 3539/3449/2840
f 3561/3203/2594 3537/3447/2838 3538/3448/2839
f 3539/3449/2840 3239/3204/2595 3561/3203/2594
f 3540/3450/2841 3565/3258/2649 3539/3449/2840
f 3541/3451/2842 3542/3452/2843 3269/3259/2650
f 3541/3451/2842 3565/3258/2649 3540/3450/2841
f 3544/3453/2844 3269/3259/2650 3543/3454/2845
f 3546/3455/2846 3568/3318/2709 3545/3456/2847
f 3545/3456/2847 3568/3318/2709 3544/3453/2844
f 3543/3454/2845 3269/3259/2650 3542/3452/2843
f 3547/3457/2848 3568/3318/2709 3546/3455/2846
f 3527/3440/2831 3221/3227/2618 3222/3229/2620
f 3539/3449/2840 3565/3258/2649 3239/3204/2595
f 3568/3318/2709 3269/3259/2650 3544/3453/2844
f 3269/3259/2650 3565/3258/2649 3541/3451/2842
f 3269/3259/2650 3568/3318/2709 3298/3288/2679
f 3523/3458/2849 3224/3443/2834 3225/3234/2625
f 3285/3275/2666 3312/3302/2693 3339/3364/2755
f 3568/3318/2709 3547/3457/2848 3569/3315/2706
f 3569/3315/2706 3547/3457/2848 3548/3459/2850
f 3535/3445/2836 3563/3205/2596 3534/3426/2817
f 3339/3364/2755 3312/3302/2693 3338/3332/2723
f 3522/3460/2851 3225/3234/2625 3226/3236/2627
f 3227/3461/2852 3520/3462/2853 3521/3463/2854
f 3521/3463/2854 3522/3460/2851 3226/3236/2627
f 3519/3464/2855 3229/3241/2632 3518/3465/2856
f 3516/3466/2857 3230/3467/2858 3231/3244/2635
f 3517/3468/2859 3229/3241/2632 3230/3467/2858
f 3520/3462/2853 3228/3239/2630 3519/3464/2855
f 3226/3236/2627 3227/3461/2852 3521/3463/2854
f 3516/3466/2857 3231/3244/2635 3515/3469/2860
f 3232/3246/2637 3515/3469/2860 3231/3244/2635
f 3514/3470/2861 3233/3248/2639 3513/3471/2862
f 3511/3472/2863 3234/3473/2864 3235/3251/2642
f 3513/3471/2862 3234/3473/2864 3512/3474/2865
f 3236/3253/2644 3509/3475/2866 3510/3476/2867
f 3508/3477/2868 3238/3478/2869 3507/3479/2870
f 3508/3477/2868 3509/3475/2866 3237/3257/2648
f 3510/3476/2867 3235/3251/2642 3236/3253/2644
f 3426/3480/1195 3506/3481/2871 3507/3479/2870
f 3425/3482/1205 3426/3480/1195 3238/3478/2869
f 3238/3478/2869 3426/3480/1195 3507/3479/2870
f 3509/3475/2866 3236/3253/2644 3237/3257/2648
f 3285/3275/2666 3586/3483/2872 3587/3484/2873
f 3285/3275/2666 3585/3485/2874 3586/3483/2872
f 3585/3485/2874 3285/3275/2666 3584/3486/2875
f 3255/3235/2626 3285/3275/2666 3256/3237/2628
f 3286/3277/2668 3285/3275/2666 3587/3484/2873
f 3286/3277/2668 3587/3484/2873 3588/3487/2876
f 3286/3277/2668 3256/3237/2628 3285/3275/2666
f 3588/3487/2876 3589/3488/2877 3286/3277/2668
f 3312/3302/2693 3285/3275/2666 3284/3274/2665
f 3582/3489/2878 3583/3490/2879 3339/3364/2755
f 3285/3275/2666 3339/3364/2755 3583/3490/2879
f 3592/3491/2880 3286/3277/2668 3591/3492/2881
f 3313/3303/2694 3286/3277/2668 3341/3369/2760
f 3339/3364/2755 3580/3493/2882 3581/3494/2883
f 3590/3495/2884 3286/3277/2668 3589/3488/2877
f 3297/3287/2678 3422/3496/2885 3268/3256/2647
f 3268/3256/2647 3424/3497/2886 3238/3478/2869
f 3422/3496/2885 3423/3498/2887 3268/3256/2647
f 3425/3482/1205 3238/3478/2869 3424/3497/2886
f 3286/3277/2668 3313/3303/2694 3287/3276/2667
f 3591/3492/2881 3286/3277/2668 3590/3495/2884
f 3592/3491/2880 3341/3369/2760 3286/3277/2668
f 3341/3369/2760 3593/3499/2888 3594/3500/2889
f 3341/3369/2760 3592/3491/2880 3593/3499/2888
f 3421/3501/2890 3297/3287/2678 3420/3502/2891
f 3323/3313/2704 3420/3502/2891 3297/3287/2678
f 3418/3503/2892 3419/3504/2893 3323/3313/2704
f 3352/3343/2734 3418/3503/2892 3323/3313/2704
f 3583/3490/2879 3584/3486/2875 3285/3275/2666
f 3569/3315/2706 3549/3505/2894 3566/3316/2707
f 3566/3316/2707 3550/3506/2895 3551/3507/2896
f 3566/3316/2707 3549/3505/2894 3550/3506/2895
f 3572/3345/2736 3566/3316/2707 3551/3507/2896
f 3570/3346/2737 3572/3345/2736 3552/3508/2897
f 3572/3345/2736 3551/3507/2896 3552/3508/2897
f 3553/3509/2898 3570/3346/2737 3552/3508/2897
f 3575/3382/2773 3554/3510/2899 3555/3511/2900
f 3573/3383/2774 3575/3382/2773 3556/3512/2901
f 3575/3382/2773 3555/3511/2900 3556/3512/2901
f 3575/3382/2773 3570/3346/2737 3554/3510/2899
f 3558/3513/2902 3573/3383/2774 3557/3514/2903
f 3557/3514/2903 3573/3383/2774 3556/3512/2901
f 3559/3515/2904 3577/3414/2805 3558/3513/2902
f 3553/3509/2898 3554/3510/2899 3570/3346/2737
f 3383/3385/2776 3432/3516/2411 3384/3386/2777
f 3383/3385/2776 3382/3381/2772 3576/3413/2804
f 3385/3387/2778 3436/3517/2410 3386/3388/2779
f 3387/3389/2780 3440/3518/2905 3388/3390/2781
f 3438/3519/2401 3387/3389/2780 3386/3388/2779
f 3434/3520/2906 3385/3387/2778 3384/3386/2777
f 3389/3391/2782 3445/3521/2907 3390/3392/2783
f 3389/3391/2782 3388/3390/2781 3443/3522/2406
f 3428/3523/2908 3576/3413/2804 3577/3414/2805
f 3447/3524/2909 3391/3393/2784 3390/3392/2783
f 3391/3393/2784 3449/3525/2386 3392/3394/2785
f 3393/3395/2786 3453/3526/2361 3394/3396/2787
f 3394/3396/2787 3455/3527/2910 3395/3397/2788
f 3451/3528/2381 3393/3395/2786 3392/3394/2785
f 3383/3385/2776 3576/3413/2804 3430/3529/2911
f 3577/3414/2805 3573/3383/2774 3558/3513/2902
f 3577/3414/2805 3559/3515/2904 3560/3530/2912
f 3428/3523/2908 3560/3530/2912 3427/3531/2422
f 3428/3523/2908 3429/3532/2421 3576/3413/2804
f 3576/3413/2804 3429/3532/2421 3430/3529/2911
f 3430/3529/2911 3431/3533/2913 3383/3385/2776
f 3433/3534/2419 3384/3386/2777 3432/3516/2411
f 3432/3516/2411 3383/3385/2776 3431/3533/2913
f 3384/3386/2777 3433/3534/2419 3434/3520/2906
f 3434/3520/2906 3435/3535/2418 3385/3387/2778
f 3437/3536/2409 3386/3388/2779 3436/3517/2410
f 3437/3536/2409 3438/3519/2401 3386/3388/2779
f 3439/3537/2408 3440/3518/2905 3387/3389/2780
f 3440/3518/2905 3441/3538/2407 3388/3390/2781
f 3387/3389/2780 3438/3519/2401 3439/3537/2408
f 3435/3535/2418 3436/3517/2410 3385/3387/2778
f 3388/3390/2781 3441/3538/2407 3442/3539/2390
f 3443/3522/2406 3444/3540/2914 3389/3391/2782
f 3390/3392/2783 3445/3521/2907 3446/3541/2404
f 3443/3522/2406 3388/3390/2781 3442/3539/2390
f 3447/3524/2909 3390/3392/2783 3446/3541/2404
f 3449/3525/2386 3391/3393/2784 3448/3542/2403
f 3448/3542/2403 3391/3393/2784 3447/3524/2909
f 3389/3391/2782 3444/3540/2914 3445/3521/2907
f 3393/3395/2786 3451/3528/2381 3452/3543/2380
f 3453/3526/2361 3393/3395/2786 3452/3543/2380
f 3394/3396/2787 3453/3526/2361 3454/3544/2379
f 3455/3527/2910 3394/3396/2787 3454/3544/2379
f 3457/3545/2362 3458/3546/2377 3395/3397/2788
f 3395/3397/2788 3456/3547/2378 3457/3545/2362
f 3455/3527/2910 3456/3547/2378 3395/3397/2788
f 3451/3528/2381 3392/3394/2785 3450/3548/2402
f 3450/3548/2402 3392/3394/2785 3449/3525/2386
f 3577/3414/2805 3560/3530/2912 3428/3523/2908
f 3396/3398/2789 3395/3397/2788 3458/3546/2377
f 3579/3549/2915 3580/3493/2882 3339/3364/2755
f 3579/3549/2915 3339/3364/2755 3597/3363/2754
f 3578/3550/2916 3579/3549/2915 3597/3363/2754
f 3596/3551/2917 3598/3367/2758 3595/3552/2918
f 3596/3551/2917 3578/3550/2916 3340/3366/2757
f 3597/3363/2754 3340/3366/2757 3578/3550/2916
f 3340/3366/2757 3598/3367/2758 3596/3551/2917
f 3339/3364/2755 3581/3494/2883 3582/3489/2878
f 3462/3553/2356 3398/3400/2791 3397/3399/2790
f 3397/3399/2790 3396/3398/2789 3460/3554/2359
f 3313/3303/2694 3341/3369/2760 3342/3334/2725
f 3467/3555/2919 3400/3402/2793 3399/3401/2792
f 3399/3401/2792 3398/3400/2791 3464/3556/2357
f 3595/3552/2918 3598/3367/2758 3341/3369/2760
f 3352/3343/2734 3416/3557/2920 3417/3558/2921
f 3410/3412/2803 3414/3559/2922 3381/3380/2771
f 3381/3380/2771 3416/3557/2920 3352/3343/2734
f 3414/3559/2922 3415/3560/2923 3381/3380/2771
f 3473/3561/2353 3403/3405/2796 3402/3404/2795
f 3477/3562/2354 3405/3407/2798 3404/3406/2797
f 3404/3406/2797 3403/3405/2796 3475/3563/2351
f 3481/3564/2350 3407/3409/2800 3406/3408/2799
f 3486/3565/2924 3409/3411/2802 3408/3410/2801
f 3488/3566/2925 3410/3412/2803 3409/3411/2802
f 3408/3410/2801 3407/3409/2800 3483/3567/2348
f 3406/3408/2799 3405/3407/2798 3479/3568/2349
f 3402/3404/2795 3401/3403/2794 3471/3569/2352
f 3412/3570/1284 3413/3571/2926 3410/3412/2803
f 3401/3403/2794 3400/3402/2793 3469/3572/2927
f 3594/3500/2889 3595/3552/2918 3341/3369/2760
f 3397/3399/2790 3460/3554/2359 3461/3573/2375
f 3462/3553/2356 3463/3574/2374 3398/3400/2791
f 3397/3399/2790 3461/3573/2375 3462/3553/2356
f 3399/3401/2792 3464/3556/2357 3465/3575/2928
f 3465/3575/2928 3466/3576/2929 3399/3401/2792
f 3463/3574/2374 3464/3556/2357 3398/3400/2791
f 3399/3401/2792 3466/3576/2929 3467/3555/2919
f 3400/3402/2793 3468/3577/2358 3469/3572/2927
f 3401/3403/2794 3470/3578/2370 3471/3569/2352
f 3468/3577/2358 3400/3402/2793 3467/3555/2919
f 3471/3569/2352 3472/3579/2369 3402/3404/2795
f 3403/3405/2796 3474/3580/2368 3475/3563/2351
f 3473/3561/2353 3474/3580/2368 3403/3405/2796
f 3404/3406/2797 3475/3563/2351 3476/3581/2367
f 3470/3578/2370 3401/3403/2794 3469/3572/2927
f 3472/3579/2369 3473/3561/2353 3402/3404/2795
f 3477/3562/2354 3478/3582/2366 3405/3407/2798
f 3478/3582/2366 3479/3568/2349 3405/3407/2798
f 3406/3408/2799 3479/3568/2349 3480/3583/2365
f 3407/3409/2800 3481/3564/2350 3482/3584/2364
f 3481/3564/2350 3406/3408/2799 3480/3583/2365
f 3482/3584/2364 3483/3567/2348 3407/3409/2800
f 3408/3410/2801 3483/3567/2348 3484/3585/2930
f 3477/3562/2354 3404/3406/2797 3476/3581/2367
f 3485/3586/2347 3486/3565/2924 3408/3410/2801
f 3487/3587/2345 3488/3566/2925 3409/3411/2802
f 3409/3411/2802 3486/3565/2924 3487/3587/2345
f 3489/3588/2343 3490/3589/2342 3410/3412/2803
f 3412/3570/1284 3490/3589/2342 3411/3590/904
f 3490/3589/2342 3412/3570/1284 3410/3412/2803
f 3410/3412/2803 3488/3566/2925 3489/3588/2343
f 3408/3410/2801 3484/3585/2930 3485/3586/2347
f 3459/3591/2376 3460/3554/2359 3396/3398/2789
f 3459/3591/2376 3396/3398/2789 3458/3546/2377
f 3549/3505/2894 3569/3315/2706 3548/3459/2850
f 3601/3592/2931 3603/3593/2932 3604/3594/2933
f 3605/3595/2934 3601/3592/2931 3604/3594/2933
f 3607/3596/2935 3603/3593/2932 3606/3597/2936
f 3608/3598/2937 3604/3594/2933 3607/3596/2935
f 3610/3599/2938 3606/3597/2936 3609/3600/2939
f 3608/3598/2937 3610/3599/2938 3611/3601/2940
f 3610/3599/2938 3612/3602/2941 3613/3603/2942
f 3614/3604/2943 3610/3599/2938 3613/3603/2942
f 3613/3603/2942 3615/3605/2944 3616/3606/2945
f 3617/3607/2946 3613/3603/2942 3616/3606/2945
f 3616/3606/2945 3618/3608/2947 3619/3609/2948
f 3617/3607/2946 3619/3609/2948 3620/3610/2949
f 3622/3611/2950 3618/3608/2947 3621/3612/2951
f 3623/3613/2952 3619/3609/2948 3622/3611/2950
f 3625/3614/2953 3621/3612/2951 3624/3615/2954
f 3623/3613/2952 3625/3614/2953 3626/3616/2955
f 3628/3617/2956 3624/3615/2954 3627/3618/2957
f 3629/3619/2958 3625/3614/2953 3628/3617/2956
f 3628/3617/2956 3630/3620/2959 3631/3621/2960
f 3629/3619/2958 3631/3621/2960 3632/3622/2961
f 3631/3621/2960 3633/3623/2962 3634/3624/2963
f 3632/3622/2961 3634/3624/2963 3635/3625/2964
f 3637/3626/2965 3633/3623/2962 3636/3627/2966
f 3638/3628/2967 3634/3624/2963 3637/3626/2965
f 3637/3626/2965 3639/3629/2968 3640/3630/2969
f 3638/3628/2967 3640/3630/2969 3641/3631/2970
f 3643/3632/2971 3639/3629/2968 3642/3633/2972
f 3641/3631/2970 3643/3632/2971 3644/3634/2973
f 3650/3635/2974 3692/3636/2975 3649/3637/2976
f 3651/3638/2977 3603/3593/2932 3600/3639/2978
f 3603/3593/2932 3652/3640/2979 3653/3641/2980
f 3600/3639/2978 3650/3635/2974 3651/3638/2977
f 3609/3600/2939 3654/3642/2981 3655/3643/2982
f 3653/3641/2980 3606/3597/2936 3603/3593/2932
f 3653/3641/2980 3654/3642/2981 3606/3597/2936
f 3600/3639/2978 3692/3636/2975 3650/3635/2974
f 3612/3602/2941 3656/3644/2983 3657/3645/2984
f 3615/3605/2944 3658/3646/2985 3659/3647/2986
f 3618/3608/2947 3659/3647/2986 3660/3648/2987
f 3657/3645/2984 3615/3605/2944 3612/3602/2941
f 3609/3600/2939 3656/3644/2983 3612/3602/2941
f 3615/3605/2944 3659/3647/2986 3618/3608/2947
f 3621/3612/2951 3660/3648/2987 3661/3649/2988
f 3692/3636/2975 3601/3592/2931 3691/3650/2989
f 3602/3651/2990 3688/3652/2991 3689/3653/2992
f 3602/3651/2990 3691/3650/2989 3601/3592/2931
f 3689/3653/2992 3599/3654/2993 3690/3655/2994
f 3602/3651/2990 3689/3653/2992 3690/3655/2994
f 3687/3656/2995 3605/3595/2934 3608/3598/2937
f 3608/3598/2937 3686/3657/2996 3687/3656/2995
f 3614/3604/2943 3684/3658/2997 3685/3659/2998
f 3620/3610/2949 3683/3660/2999 3617/3607/2946
f 3611/3601/2940 3685/3659/2998 3686/3657/2996
f 3617/3607/2946 3683/3660/2999 3684/3658/2997
f 3623/3613/2952 3682/3661/3000 3620/3610/2949
f 3624/3615/2954 3662/3662/3001 3663/3663/3002
f 3627/3618/2957 3664/3664/3003 3665/3665/3004
f 3630/3620/2959 3665/3665/3004 3666/3666/3005
f 3663/3663/3002 3627/3618/2957 3624/3615/2954
f 3621/3612/2951 3662/3662/3001 3624/3615/2954
f 3627/3618/2957 3665/3665/3004 3630/3620/2959
f 3666/3666/3005 3633/3623/2962 3630/3620/2959
f 3636/3627/2966 3668/3667/3006 3669/3668/3007
f 3639/3629/2968 3670/3669/3008 3671/3670/3009
f 3642/3633/2972 3671/3670/3009 3672/3671/3010
f 3669/3668/3007 3639/3629/2968 3636/3627/2966
f 3633/3623/2962 3668/3667/3006 3636/3627/2966
f 3639/3629/2968 3671/3670/3009 3642/3633/2972
f 3645/3672/1462 3646/3673/3011 3672/3671/3010
f 3672/3671/3010 3646/3673/3011 3642/3633/2972
f 3626/3616/2955 3681/3674/3012 3623/3613/2952
f 3632/3622/2961 3679/3675/3013 3629/3619/2958
f 3635/3625/2964 3678/3676/3014 3632/3622/2961
f 3629/3619/2958 3680/3677/3015 3626/3616/2955
f 3638/3628/2967 3677/3678/3016 3635/3625/2964
f 3641/3631/2970 3676/3679/3017 3638/3628/2967
f 3646/3673/3011 3643/3632/2971 3642/3633/2972
f 3644/3634/2973 3647/3680/3018 3648/3681/3019
f 3675/3682/3020 3644/3634/2973 3674/3683/3021
f 3674/3683/3021 3648/3681/3019 3673/3684/1493
f 3644/3634/2973 3648/3681/3019 3674/3683/3021
f 3694/3685/3022 3695/3686/3023 3696/3687/3024
f 3697/3688/3025 3698/3689/3026 3695/3686/3023
f 3696/3687/3024 3698/3689/3026 3699/3690/3027
f 3701/3691/3028 3697/3688/3025 3700/3692/3029
f 3699/3690/3027 3701/3691/3028 3702/3693/3030
f 3704/3694/3031 3700/3692/3029 3703/3695/3032
f 3702/3693/3030 3704/3694/3031 3705/3696/3033
f 3704/3694/3031 3706/3697/3034 3707/3698/3035
f 3705/3696/3033 3707/3698/3035 3708/3699/3036
f 3710/3700/3037 3706/3697/3034 3709/3701/3038
f 3711/3702/3039 3707/3698/3035 3710/3700/3037
f 3713/3703/3040 3709/3701/3038 3712/3704/3041
f 3711/3702/3039 3713/3703/3040 3714/3705/3042
f 3716/3706/3043 3712/3704/3041 3715/3707/3044
f 3717/3708/3045 3713/3703/3040 3716/3706/3043
f 3716/3706/3043 3718/3709/3046 3719/3710/3047
f 3720/3711/3048 3716/3706/3043 3719/3710/3047
f 3722/3712/3049 3718/3709/3046 3721/3713/3050
f 3723/3714/3051 3719/3710/3047 3722/3712/3049
f 3772/3715/3052 3695/3686/3023 3693/3716/3053
f 3771/3717/3054 3772/3715/3052 3693/3716/3053
f 3695/3686/3023 3772/3715/3052 3773/3718/3055
f 3769/3719/3056 3737/3720/3057 3768/3721/3058
f 3694/3685/3022 3770/3722/3059 3771/3717/3054
f 3693/3716/3053 3694/3685/3022 3771/3717/3054
f 3769/3719/3056 3770/3722/3059 3694/3685/3022
f 3694/3685/3022 3737/3720/3057 3769/3719/3056
f 3695/3686/3023 3773/3718/3055 3774/3723/3060
f 3742/3724/3061 3697/3688/3025 3775/3725/3062
f 3743/3726/3063 3697/3688/3025 3742/3724/3061
f 3744/3727/3064 3697/3688/3025 3743/3726/3063
f 3695/3686/3023 3774/3723/3060 3697/3688/3025
f 3699/3690/3027 3735/3728/3065 3696/3687/3024
f 3700/3692/3029 3744/3727/3064 3745/3729/3066
f 3775/3725/3062 3697/3688/3025 3774/3723/3060
f 3694/3685/3022 3736/3730/3067 3737/3720/3057
f 3741/3731/3068 3762/3732/3069 3763/3733/3070
f 3740/3734/3071 3764/3735/3072 3765/3736/3073
f 3740/3734/3071 3763/3733/3070 3764/3735/3072
f 3761/3737/3074 3725/3738/1550 3760/3739/975
f 3761/3737/3074 3762/3732/3069 3741/3731/3068
f 3740/3734/3071 3741/3731/3068 3763/3733/3070
f 3725/3738/1550 3761/3737/3074 3741/3731/3068
f 3740/3734/3071 3765/3736/3073 3739/3740/3075
f 3765/3736/3073 3766/3741/3076 3739/3740/3075
f 3767/3742/3077 3739/3740/3075 3766/3741/3076
f 3738/3743/3078 3767/3742/3077 3768/3721/3058
f 3702/3693/3030 3734/3744/3079 3699/3690/3027
f 3739/3740/3075 3767/3742/3077 3738/3743/3078
f 3737/3720/3057 3738/3743/3078 3768/3721/3058
f 3736/3730/3067 3696/3687/3024 3735/3728/3065
f 3705/3696/3033 3733/3745/3080 3702/3693/3030
f 3703/3695/3032 3745/3729/3066 3746/3746/3081
f 3706/3697/3034 3747/3747/3082 3748/3748/3083
f 3747/3747/3082 3703/3695/3032 3746/3746/3081
f 3712/3704/3041 3749/3749/3084 3750/3750/3085
f 3748/3748/3083 3709/3701/3038 3706/3697/3034
f 3748/3748/3083 3749/3749/3084 3709/3701/3038
f 3715/3707/3044 3751/3751/3086 3752/3752/3087
f 3718/3709/3046 3753/3753/3088 3754/3754/3089
f 3721/3713/3050 3754/3754/3089 3755/3755/3090
f 3752/3752/3087 3718/3709/3046 3715/3707/3044
f 3712/3704/3041 3751/3751/3086 3715/3707/3044
f 3718/3709/3046 3754/3754/3089 3721/3713/3050
f 3756/3756/2976 3757/3757/3091 3755/3755/3090
f 3755/3755/3090 3757/3757/3091 3721/3713/3050
f 3708/3699/3036 3732/3758/3092 3705/3696/3033
f 3714/3705/3042 3730/3759/3093 3711/3702/3039
f 3711/3702/3039 3731/3760/3094 3708/3699/3036
f 3729/3761/3095 3717/3708/3045 3728/3762/3096
f 3723/3714/3051 3758/3763/3097 3759/3764/3098
f 3757/3757/3091 3722/3712/3049 3721/3713/3050
f 3723/3714/3051 3727/3765/3099 3720/3711/3048
f 3728/3762/3096 3720/3711/3048 3727/3765/3099
f 3724/3766/2993 3726/3767/3100 3759/3764/3098
f 3723/3714/3051 3759/3764/3098 3726/3767/3100
f 3745/3729/3066 3703/3695/3032 3700/3692/3029
f 3794/3768/3101 3793/3769/3102 3776/3770/3103
f 3777/3771/3104 3780/3772/3105 3781/3773/3106
f 3778/3774/3107 3781/3773/3106 3782/3775/3108
f 3779/3776/3109 3782/3775/3108 3783/3777/3110
f 3781/3773/3106 3784/3778/3111 3785/3779/3112
f 3782/3775/3108 3785/3779/3112 3786/3780/3113
f 3783/3777/3110 3786/3780/3113 3787/3781/3114
f 3785/3779/3112 3788/3782/3115 3789/3783/3116
f 3786/3780/3113 3789/3783/3116 3790/3784/3117
f 3787/3781/3114 3790/3784/3117 3791/3785/3118
f 3804/3786/3062 3835/3787/3119 3803/3788/3061
f 3795/3789/3120 3834/3790/3121 3835/3787/3119
f 3794/3768/3101 3832/3791/3122 3833/3792/3123
f 3831/3793/3124 3777/3771/3104 3830/3794/3125
f 3831/3793/3124 3832/3791/3122 3794/3768/3101
f 3833/3792/3123 3834/3790/3121 3794/3768/3101
f 3805/3795/3060 3795/3789/3120 3804/3786/3062
f 3806/3796/3126 3793/3769/3102 3805/3795/3060
f 3795/3789/3120 3794/3768/3101 3834/3790/3121
f 3780/3772/3105 3776/3770/3103 3793/3769/3102
f 3793/3769/3102 3795/3789/3120 3805/3795/3060
f 3777/3771/3104 3831/3793/3124 3794/3768/3101
f 3793/3769/3102 3806/3796/3126 3807/3797/3052
f 3804/3786/3062 3795/3789/3120 3835/3787/3119
f 3794/3768/3101 3776/3770/3103 3777/3771/3104
f 3777/3771/3104 3828/3798/3127 3829/3799/3128
f 3778/3774/3107 3827/3800/3129 3828/3798/3127
f 3778/3774/3107 3825/3801/3130 3826/3802/3131
f 3779/3776/3109 3823/3803/3132 3824/3804/3133
f 3824/3804/3133 3825/3801/3130 3779/3776/3109
f 3826/3802/3131 3827/3800/3129 3778/3774/3107
f 3778/3774/3107 3779/3776/3109 3825/3801/3130
f 3823/3803/3132 3779/3776/3109 3822/3805/3134
f 3779/3776/3109 3821/3806/3135 3822/3805/3134
f 3820/3807/3136 3802/3808/3137 3819/3809/3138
f 3802/3808/3137 3820/3807/3136 3821/3806/3135
f 3779/3776/3109 3802/3808/3137 3821/3806/3135
f 3777/3771/3104 3778/3774/3107 3828/3798/3127
f 3777/3771/3104 3829/3799/3128 3830/3794/3125
f 3784/3778/3111 3780/3772/3105 3811/3810/3139
f 3780/3772/3105 3810/3811/3140 3811/3810/3139
f 3793/3769/3102 3808/3812/3141 3780/3772/3105
f 3808/3812/3141 3809/3813/3059 3780/3772/3105
f 3810/3811/3140 3780/3772/3105 3809/3813/3059
f 3812/3814/3142 3784/3778/3111 3811/3810/3139
f 3818/3815/3074 3788/3782/3115 3817/3816/3069
f 3817/3816/3069 3788/3782/3115 3816/3817/3070
f 3813/3818/3076 3784/3778/3111 3812/3814/3142
f 3788/3782/3115 3814/3819/3143 3815/3820/3144
f 3816/3817/3070 3788/3782/3115 3815/3820/3144
f 3814/3819/3143 3784/3778/3111 3813/3818/3076
f 3796/3821/975 3797/3822/3145 3818/3815/3074
f 3783/3777/3110 3802/3808/3137 3779/3776/3109
f 3814/3819/3143 3788/3782/3115 3784/3778/3111
f 3801/3823/3146 3802/3808/3137 3783/3777/3110
f 3801/3823/3146 3791/3785/3118 3800/3824/3147
f 3801/3823/3146 3783/3777/3110 3787/3781/3114
f 3797/3822/3145 3789/3783/3116 3788/3782/3115
f 3790/3784/3117 3789/3783/3116 3798/3825/3148
f 3790/3784/3117 3799/3826/3149 3791/3785/3118
f 3791/3785/3118 3799/3826/3149 3792/3827/981
f 3800/3824/3147 3791/3785/3118 3792/3827/981
f 3797/3822/3145 3788/3782/3115 3818/3815/3074
f 3793/3769/3102 3807/3797/3052 3808/3812/3141
f 3848/3828/3150 3837/3829/3151 3838/3830/3152
f 3849/3831/3153 3838/3830/3152 3839/3832/3154
f 3850/3833/3155 3839/3832/3154 3840/3834/3156
f 3851/3835/3157 3840/3834/3156 3841/3836/3158
f 3852/3837/3159 3841/3836/3158 3842/3838/3160
f 3853/3839/3161 3842/3838/3160 3843/3840/3162
f 3854/3841/3163 3843/3840/3162 3844/3842/3164
f 3855/3843/3165 3844/3842/3164 3845/3844/3166
f 3856/3845/3167 3845/3844/3166 3846/3846/3168
f 3858/3847/3169 3847/3848/3170 3848/3828/3150
f 3859/3849/3171 3848/3828/3150 3849/3831/3153
f 3860/3850/3172 3849/3831/3153 3850/3833/3155
f 3861/3851/3173 3850/3833/3155 3851/3835/3157
f 3862/3852/3174 3851/3835/3157 3852/3837/3159
f 3863/3853/3175 3852/3837/3159 3853/3839/3161
f 3864/3854/3176 3853/3839/3161 3854/3841/3163
f 3865/3855/3177 3854/3841/3163 3855/3843/3165
f 3866/3856/3178 3855/3843/3165 3856/3845/3167
f 3868/3857/3179 3857/3858/3180 3858/3847/3169
f 3869/3859/3181 3858/3847/3169 3859/3849/3171
f 3870/3860/3182 3859/3849/3171 3860/3850/3172
f 3871/3861/3183 3860/3850/3172 3861/3851/3173
f 3872/3862/3184 3861/3851/3173 3862/3852/3174
f 3873/3863/3185 3862/3852/3174 3863/3853/3175
f 3874/3864/3186 3863/3853/3175 3864/3854/3176
f 3875/3865/3187 3864/3854/3176 3865/3855/3177
f 3876/3866/3188 3865/3855/3177 3866/3856/3178
f 3878/3867/3189 3867/3868/3190 3868/3857/3179
f 3879/3869/3191 3868/3857/3179 3869/3859/3181
f 3880/3870/3192 3869/3859/3181 3870/3860/3182
f 3881/3871/3193 3870/3860/3182 3871/3861/3183
f 3882/3872/3194 3871/3861/3183 3872/3862/3184
f 3883/3873/3195 3872/3862/3184 3873/3863/3185
f 3884/3874/3196 3873/3863/3185 3874/3864/3186
f 3885/3875/3197 3874/3864/3186 3875/3865/3187
f 3886/3876/3198 3875/3865/3187 3876/3866/3188
f 3888/3877/3199 3877/3878/3200 3878/3867/3189
f 3889/3879/3201 3878/3867/3189 3879/3869/3191
f 3890/3880/3202 3879/3869/3191 3880/3870/3192
f 3891/3881/3203 3880/3870/3192 3881/3871/3193
f 3892/3882/3204 3881/3871/3193 3882/3872/3194
f 3893/3883/3205 3882/3872/3194 3883/3873/3195
f 3894/3884/3206 3883/3873/3195 3884/3874/3196
f 3895/3885/3207 3884/3874/3196 3885/3875/3197
f 3896/3886/3208 3885/3875/3197 3886/3876/3198
f 3898/3887/3209 3887/3888/3210 3888/3877/3199
f 3899/3889/3211 3888/3877/3199 3889/3879/3201
f 3900/3890/3212 3889/3879/3201 3890/3880/3202
f 3901/3891/3213 3890/3880/3202 3891/3881/3203
f 3902/3892/3214 3891/3881/3203 3892/3882/3204
f 3903/3893/3215 3892/3882/3204 3893/3883/3205
f 3904/3894/3216 3893/3883/3205 3894/3884/3206
f 3905/3895/3217 3894/3884/3206 3895/3885/3207
f 3906/3896/3218 3895/3885/3207 3896/3886/3208
f 3908/3897/3219 3897/3898/3220 3898/3887/3209
f 3909/3899/3221 3898/3887/3209 3899/3889/3211
f 3910/3900/3222 3899/3889/3211 3900/3890/3212
f 3911/3901/3223 3900/3890/3212 3901/3891/3213
f 3912/3902/3224 3901/3891/3213 3902/3892/3214
f 3913/3903/3225 3902/3892/3214 3903/3893/3215
f 3914/3904/3226 3903/3893/3215 3904/3894/3216
f 3915/3905/3227 3904/3894/3216 3905/3895/3217
f 3916/3906/3228 3905/3895/3217 3906/3896/3218
f 3918/3907/3229 3907/3908/3230 3908/3897/3219
f 3919/3909/3231 3908/3897/3219 3909/3899/3221
f 3920/3910/3232 3909/3899/3221 3910/3900/3222
f 3921/3911/3233 3910/3900/3222 3911/3901/3223
f 3922/3912/3234 3911/3901/3223 3912/3902/3224
f 3923/3913/3235 3912/3902/3224 3913/3903/3225
f 3924/3914/3236 3913/3903/3225 3914/3904/3226
f 3925/3915/3237 3914/3904/3226 3915/3905/3227
f 3926/3916/3238 3915/3905/3227 3916/3906/3228
f 3928/3917/3239 3917/3918/3240 3918/3907/3229
f 3929/3919/3241 3918/3907/3229 3919/3909/3231
f 3930/3920/3242 3919/3909/3231 3920/3910/3232
f 3931/3921/3243 3920/3910/3232 3921/3911/3233
f 3932/3922/3244 3921/3911/3233 3922/3912/3234
f 3933/3923/3245 3922/3912/3234 3923/3913/3235
f 3934/3924/3246 3923/3913/3235 3924/3914/3236
f 3935/3925/3247 3924/3914/3236 3925/3915/3237
f 3936/3926/3248 3925/3915/3237 3926/3916/3238
f 3938/3927/3249 3927/3928/3250 3928/3917/3239
f 3939/3929/3251 3928/3917/3239 3929/3919/3241
f 3940/3930/3252 3929/3919/3241 3930/3920/3242
f 3941/3931/3253 3930/3920/3242 3931/3921/3243
f 3942/3932/3254 3931/3921/3243 3932/3922/3244
f 3943/3933/3255 3932/3922/3244 3933/3923/3245
f 3944/3934/3256 3933/3923/3245 3934/3924/3246
f 3945/3935/3257 3934/3924/3246 3935/3925/3247
f 3946/3936/3258 3935/3925/3247 3936/3926/3248
f 3948/3937/3259 3937/3938/3260 3938/3927/3249
f 3949/3939/3261 3938/3927/3249 3939/3929/3251
f 3950/3940/3262 3939/3929/3251 3940/3930/3252
f 3951/3941/3263 3940/3930/3252 3941/3931/3253
f 3952/3942/3264 3941/3931/3253 3942/3932/3254
f 3953/3943/3265 3942/3932/3254 3943/3933/3255
f 3954/3944/3266 3943/3933/3255 3944/3934/3256
f 3955/3945/3267 3944/3934/3256 3945/3935/3257
f 3956/3946/3268 3945/3935/3257 3946/3936/3258
f 3958/3947/3269 3947/3948/3270 3948/3937/3259
f 3959/3949/3271 3948/3937/3259 3949/3939/3261
f 3960/3950/3272 3949/3939/3261 3950/3940/3262
f 3961/3951/3273 3950/3940/3262 3951/3941/3263
f 3962/3952/3274 3951/3941/3263 3952/3942/3264
f 3963/3953/3275 3952/3942/3264 3953/3943/3265
f 3964/3954/3276 3953/3943/3265 3954/3944/3266
f 3965/3955/3277 3954/3944/3266 3955/3945/3267
f 3966/3956/3278 3955/3945/3267 3956/3946/3268
f 3968/3957/3279 3957/3958/3280 3958/3947/3269
f 3969/3959/3281 3958/3947/3269 3959/3949/3271
f 3970/3960/3282 3959/3949/3271 3960/3950/3272
f 3971/3961/3283 3960/3950/3272 3961/3951/3273
f 3972/3962/3284 3961/3951/3273 3962/3952/3274
f 3973/3963/3285 3962/3952/3274 3963/3953/3275
f 3974/3964/3286 3963/3953/3275 3964/3954/3276
f 3975/3965/3287 3964/3954/3276 3965/3955/3277
f 3976/3966/3288 3965/3955/3277 3966/3956/3278
f 3978/3967/3289 3967/3968/3290 3968/3957/3279
f 3979/3969/3291 3968/3957/3279 3969/3959/3281
f 3980/3970/3292 3969/3959/3281 3970/3960/3282
f 3981/3971/3293 3970/3960/3282 3971/3961/3283
f 3982/3972/3294 3971/3961/3283 3972/3962/3284
f 3983/3973/3295 3972/3962/3284 3973/3963/3285
f 3984/3974/3296 3973/3963/3285 3974/3964/3286
f 3985/3975/3297 3974/3964/3286 3975/3965/3287
f 3986/3976/3298 3975/3965/3287 3976/3966/3288
f 4080/3977/3299 3986/3976/3298 4078/3978/3300
f 4067/3979/3301 4019/3980/3302 3836/3981/3303
f 4067/3979/3301 4066/3982/3304 3837/3829/3151
f 3837/3829/3151 4019/3980/3302 4067/3979/3301
f 3837/3829/3151 4021/3983/3305 4020/3984/3306
f 4066/3982/3304 3838/3830/3152 3837/3829/3151
f 4020/3984/3306 4019/3980/3302 3837/3829/3151
f 3839/3832/3154 4065/3985/3307 4064/3986/3308
f 3840/3834/3156 4063/3987/3309 4062/3988/3310
f 4063/3987/3309 3839/3832/3154 4064/3986/3308
f 3841/3836/3158 4062/3988/3310 4061/3989/3311
f 4060/3990/3312 3841/3836/3158 4061/3989/3311
f 4060/3990/3312 3842/3838/3160 3841/3836/3158
f 3839/3832/3154 4063/3987/3309 3840/3834/3156
f 3847/3848/3170 4021/3983/3305 3837/3829/3151
f 3847/3848/3170 4023/3991/3313 4022/3992/3314
f 3857/3858/3180 4025/3993/3315 4024/3994/2836
f 3857/3858/3180 4024/3994/2836 4023/3991/3313
f 3867/3868/3190 4027/3995/3316 4026/3996/2838
f 3877/3878/3200 4029/3997/2841 4028/3998/3317
f 3887/3888/3210 4030/3999/3318 4029/3997/2841
f 3877/3878/3200 4028/3998/3317 4027/3995/3316
f 3867/3868/3190 4026/3996/2838 4025/3993/3315
f 3857/3858/3180 4023/3991/3313 3847/3848/3170
f 3877/3878/3200 4027/3995/3316 3867/3868/3190
f 3857/3858/3180 3867/3868/3190 4025/3993/3315
f 3897/3898/3220 4032/4000/3319 4031/4001/3320
f 3897/3898/3220 4030/3999/3318 3887/3888/3210
f 4033/4002/3321 4032/4000/3319 3897/3898/3220
f 4029/3997/2841 3877/3878/3200 3887/3888/3210
f 3843/3840/3162 4059/4003/3322 4058/4004/3323
f 3844/3842/3164 4057/4005/3324 4056/4006/3325
f 4057/4005/3324 3843/3840/3162 4058/4004/3323
f 3843/3840/3162 4057/4005/3324 3844/3842/3164
f 4056/4006/3325 3845/3844/3166 3844/3842/3164
f 3846/3846/3168 4054/4007/3326 4053/4008/3327
f 4018/4009/3328 4052/4010/3329 4051/4011/3138
f 4052/4010/3329 4018/4009/3328 4053/4008/3327
f 4053/4008/3327 4018/4009/3328 3846/3846/3168
f 3846/3846/3168 4015/4012/3330 3856/3845/3167
f 3846/3846/3168 4018/4009/3328 4017/4013/3331
f 3846/3846/3168 4017/4013/3331 4016/4014/3332
f 4055/4015/3333 3846/3846/3168 3845/3844/3166
f 3856/3845/3167 4014/4016/3334 3866/3856/3178
f 4014/4016/3334 4013/4017/3335 3866/3856/3178
f 3866/3856/3178 4012/4018/3336 3876/3866/3188
f 3886/3876/3198 4008/4019/3337 3896/3886/3208
f 3876/3866/3188 4010/4020/3338 3886/3876/3198
f 4006/4021/3339 3906/3896/3218 3896/3886/3208
f 3876/3866/3188 4012/4018/3336 4011/4022/3340
f 3886/3876/3198 4010/4020/3338 4009/4023/3341
f 3896/3886/3208 4008/4019/3337 4007/4024/3342
f 3906/3896/3218 4005/4025/3343 4004/4026/3344
f 4006/4021/3339 3896/3886/3208 4007/4024/3342
f 4004/4026/3344 3916/3906/3228 3906/3896/3218
f 4033/4002/3321 3897/3898/3220 3907/3908/3230
f 3907/3908/3230 4035/4027/3345 4034/4028/3346
f 3917/3918/3240 4037/4029/3347 4036/4030/2848
f 3917/3918/3240 4036/4030/2848 4035/4027/3345
f 3927/3928/3250 4039/4031/2895 4038/4032/3348
f 3937/3938/3260 4041/4033/3349 4040/4034/3350
f 3937/3938/3260 4040/4034/3350 4039/4031/2895
f 3927/3928/3250 4038/4032/3348 4037/4029/3347
f 3917/3918/3240 4035/4027/3345 3907/3908/3230
f 3937/3938/3260 4039/4031/2895 3927/3928/3250
f 3917/3918/3240 3927/3928/3250 4037/4029/3347
f 3947/3948/3270 4043/4035/3351 4042/4036/3352
f 3957/3958/3280 4043/4035/3351 3947/3948/3270
f 4045/4037/3353 4044/4038/3354 3957/3958/3280
f 4041/4033/3349 3937/3938/3260 3947/3948/3270
f 3947/3948/3270 4042/4036/3352 4041/4033/3349
f 3967/3968/3290 4046/4039/3355 4045/4037/3353
f 3977/4040/3356 4047/4041/3357 3967/3968/3290
f 4046/4039/3355 3967/3968/3290 4047/4041/3357
f 3977/4040/3356 4049/4042/2912 4048/4043/3358
f 3977/4040/3356 4068/4044/3359 4049/4042/2912
f 4050/4045/2422 4049/4042/2912 4068/4044/3359
f 4069/4046/3360 4068/4044/3359 3977/4040/3356
f 4070/4047/3361 3978/3967/3289 3979/3969/3291
f 4071/4048/3362 3980/3970/3292 3981/3971/3293
f 3980/3970/3292 4071/4048/3362 3979/3969/3291
f 4070/4047/3361 3979/3969/3291 4071/4048/3362
f 3982/3972/3294 4072/4049/3363 3981/3971/3293
f 4072/4049/3363 4071/4048/3362 3981/3971/3293
f 4073/4050/3364 4072/4049/3363 3982/3972/3294
f 4069/4046/3360 3978/3967/3289 4070/4047/3361
f 4069/4046/3360 3977/4040/3356 3978/3967/3289
f 4045/4037/3353 3957/3958/3280 3967/3968/3290
f 3916/3906/3228 4002/4051/3365 3926/3916/3238
f 4002/4051/3365 4001/4052/3366 3926/3916/3238
f 3926/3916/3238 4000/4053/3367 3936/3926/3248
f 3946/3936/3258 3996/4054/3368 3956/3946/3268
f 3936/3926/3248 3998/4055/3369 3946/3936/3258
f 3994/4056/3370 3966/3956/3278 3956/3946/3268
f 3936/3926/3248 4000/4053/3367 3999/4057/3371
f 3946/3936/3258 3998/4055/3369 3997/4058/3372
f 3956/3946/3268 3996/4054/3368 3995/4059/3373
f 3966/3956/3278 3993/4060/3374 3992/4061/3375
f 3994/4056/3370 3956/3946/3268 3995/4059/3373
f 3992/4061/3375 3976/3966/3288 3966/3956/3278
f 4073/4050/3364 3983/3973/3295 3984/3974/3296
f 3985/3975/3297 4074/4062/3376 3984/3974/3296
f 4074/4062/3376 3985/3975/3297 4075/4063/3377
f 3986/3976/3298 4079/4064/3378 3985/3975/3297
f 4079/4064/3378 4075/4063/3377 3985/3975/3297
f 4076/4065/3379 4075/4063/3377 4079/4064/3378
f 4073/4050/3364 3984/3974/3296 4074/4062/3376
f 4073/4050/3364 3982/3972/3294 3983/3973/3295
f 4078/3978/3300 3986/3976/3298 3976/3966/3288
f 3991/4066/3380 3990/4067/3381 3976/3966/3288
f 4078/3978/3300 3976/3966/3288 3990/4067/3381
f 4078/3978/3300 3990/4067/3381 3989/4068/3382
f 3988/4069/3383 4078/3978/3300 3989/4068/3382
f 4077/4070/3384 4076/4065/3379 4080/3977/3299
f 3987/4071/3385 4077/4070/3384 3988/4069/3383
f 4080/3977/3299 3988/4069/3383 4077/4070/3384
f 4080/3977/3299 4076/4065/3379 4079/4064/3378
f 3907/3908/3230 4034/4028/3346 4033/4002/3321
f 4098/4072/3386 4099/4073/3387 4081/4074/3388
f 4085/4075/3389 4082/4076/3390 4086/4077/3391
f 4086/4077/3391 4083/4078/3392 4087/4079/3393
f 4087/4079/3393 4084/4080/3394 4088/4081/3395
f 4089/4082/3396 4086/4077/3391 4090/4083/3397
f 4090/4083/3397 4087/4079/3393 4091/4084/3398
f 4091/4084/3398 4088/4081/3395 4092/4085/3399
f 4093/4086/3400 4090/4083/3397 4094/4087/3401
f 4094/4087/3401 4091/4084/3398 4095/4088/3402
f 4095/4088/3402 4092/4085/3399 4096/4089/3403
f 4137/4090/3404 4099/4073/3387 4138/4091/3405
f 4138/4091/3405 4100/4092/3406 4139/4093/3407
f 4099/4073/3387 4137/4090/3404 4136/4094/3408
f 4099/4073/3387 4136/4094/3408 4135/4095/3409
f 4110/4096/3410 4109/4097/2474 4139/4093/3407
f 4098/4072/3386 4112/4098/3411 4111/4099/3412
f 4100/4092/3406 4111/4099/3412 4110/4096/3410
f 4100/4092/3406 4138/4091/3405 4099/4073/3387
f 4085/4075/3389 4098/4072/3386 4081/4074/3388
f 4098/4072/3386 4111/4099/3412 4100/4092/3406
f 4082/4076/3390 4099/4073/3387 4135/4095/3409
f 4098/4072/3386 4113/4100/3413 4112/4098/3411
f 4110/4096/3410 4139/4093/3407 4100/4092/3406
f 4081/4074/3388 4099/4073/3387 4082/4076/3390
f 4082/4076/3390 4134/4101/3414 4133/4102/3415
f 4083/4078/3392 4132/4103/3416 4131/4104/3417
f 4083/4078/3392 4131/4104/3417 4130/4105/3418
f 4129/4106/3419 4128/4107/3420 4084/4080/3394
f 4083/4078/3392 4130/4105/3418 4129/4106/3419
f 4082/4076/3390 4133/4102/3415 4132/4103/3416
f 4083/4078/3392 4129/4106/3419 4084/4080/3394
f 4128/4107/3420 4127/4108/3421 4084/4080/3394
f 4126/4109/3422 4084/4080/3394 4127/4108/3421
f 4084/4080/3394 4126/4109/3422 4125/4110/3423
f 4125/4110/3423 4108/4111/3424 4107/4112/3425
f 4107/4112/3425 4084/4080/3394 4125/4110/3423
f 4082/4076/3390 4132/4103/3416 4083/4078/3392
f 4082/4076/3390 4135/4095/3409 4134/4101/3414
f 4117/4113/3426 4116/4114/3427 4085/4075/3389
f 4117/4113/3426 4085/4075/3389 4089/4082/3396
f 4098/4072/3386 4085/4075/3389 4114/4115/3428
f 4114/4115/3428 4085/4075/3389 4115/4116/3429
f 4116/4114/3427 4115/4116/3429 4085/4075/3389
f 4118/4117/3430 4117/4113/3426 4089/4082/3396
f 4124/4118/3431 4123/4119/3432 4093/4086/3400
f 4093/4086/3400 4123/4119/3432 4122/4120/3433
f 4122/4120/3433 4121/4121/3434 4093/4086/3400
f 4093/4086/3400 4121/4121/3434 4120/4122/3435
f 4120/4122/3435 4119/4123/3436 4089/4082/3396
f 4118/4117/3430 4089/4082/3396 4119/4123/3436
f 4101/4124/1672 4124/4118/3431 4102/4125/3437
f 4088/4081/3395 4084/4080/3394 4107/4112/3425
f 4120/4122/3435 4089/4082/3396 4093/4086/3400
f 4106/4126/3438 4088/4081/3395 4107/4112/3425
f 4106/4126/3438 4105/4127/3439 4092/4085/3399
f 4092/4085/3399 4105/4127/3439 4096/4089/3403
f 4106/4126/3438 4092/4085/3399 4088/4081/3395
f 4102/4125/3437 4094/4087/3401 4103/4128/3440
f 4095/4088/3402 4103/4128/3440 4094/4087/3401
f 4104/4129/3441 4095/4088/3402 4096/4089/3403
f 4096/4089/3403 4097/4130/1781 4104/4129/3441
f 4105/4127/3439 4097/4130/1781 4096/4089/3403
f 4102/4125/3437 4124/4118/3431 4093/4086/3400
f 4098/4072/3386 4114/4115/3428 4113/4100/3413
f 4152/4131/3442 4140/4132/3443 4151/4133/3444
f 4153/4134/3445 4141/4135/3446 4152/4131/3442
f 4154/4136/3447 4142/4137/3448 4153/4134/3445
f 4155/4138/3449 4143/4139/3450 4154/4136/3447
f 4156/4140/3451 4144/4141/3452 4155/4138/3449
f 4157/4142/3453 4145/4143/3454 4156/4140/3451
f 4158/4144/3455 4146/4145/3456 4157/4142/3453
f 4159/4146/3457 4147/4147/3458 4158/4144/3455
f 4160/4148/3459 4148/4149/3460 4159/4146/3457
f 4161/4150/3461 4149/4151/3462 4160/4148/3459
f 4163/4152/3463 4151/4133/3444 4162/4153/3464
f 4164/4154/3465 4152/4131/3442 4163/4152/3463
f 4165/4155/3466 4153/4134/3445 4164/4154/3465
f 4166/4156/3467 4154/4136/3447 4165/4155/3466
f 4167/4157/3468 4155/4138/3449 4166/4156/3467
f 4168/4158/3469 4156/4140/3451 4167/4157/3468
f 4169/4159/3470 4157/4142/3453 4168/4158/3469
f 4170/4160/3471 4158/4144/3455 4169/4159/3470
f 4171/4161/3472 4159/4146/3457 4170/4160/3471
f 4172/4162/3473 4160/4148/3459 4171/4161/3472
f 4174/4163/3474 4162/4153/3464 4173/4164/3475
f 4175/4165/3476 4163/4152/3463 4174/4163/3474
f 4176/4166/3477 4164/4154/3465 4175/4165/3476
f 4177/4167/3478 4165/4155/3466 4176/4166/3477
f 4178/4168/3479 4166/4156/3467 4177/4167/3478
f 4179/4169/3480 4167/4157/3468 4178/4168/3479
f 4180/4170/3481 4168/4158/3469 4179/4169/3480
f 4181/4171/3482 4169/4159/3470 4180/4170/3481
f 4182/4172/3483 4170/4160/3471 4181/4171/3482
f 4183/4173/3484 4171/4161/3472 4182/4172/3483
f 4185/4174/3485 4173/4164/3475 4184/4175/3486
f 4186/4176/3487 4174/4163/3474 4185/4174/3485
f 4187/4177/3488 4175/4165/3476 4186/4176/3487
f 4188/4178/3489 4176/4166/3477 4187/4177/3488
f 4189/4179/3490 4177/4167/3478 4188/4178/3489
f 4190/4180/3491 4178/4168/3479 4189/4179/3490
f 4191/4181/3492 4179/4169/3480 4190/4180/3491
f 4192/4182/3493 4180/4170/3481 4191/4181/3492
f 4193/4183/3494 4181/4171/3482 4192/4182/3493
f 4194/4184/3495 4182/4172/3483 4193/4183/3494
f 4196/4185/3496 4184/4175/3486 4195/4186/3497
f 4197/4187/3498 4185/4174/3485 4196/4185/3496
f 4198/4188/3499 4186/4176/3487 4197/4187/3498
f 4199/4189/3500 4187/4177/3488 4198/4188/3499
f 4200/4190/3501 4188/4178/3489 4199/4189/3500
f 4201/4191/3502 4189/4179/3490 4200/4190/3501
f 4202/4192/3503 4190/4180/3491 4201/4191/3502
f 4203/4193/3504 4191/4181/3492 4202/4192/3503
f 4204/4194/3505 4192/4182/3493 4203/4193/3504
f 4205/4195/3506 4193/4183/3494 4204/4194/3505
f 4207/4196/3507 4195/4186/3497 4206/4197/3508
f 4208/4198/3509 4196/4185/3496 4207/4196/3507
f 4209/4199/3510 4197/4187/3498 4208/4198/3509
f 4210/4200/3511 4198/4188/3499 4209/4199/3510
f 4211/4201/3512 4199/4189/3500 4210/4200/3511
f 4212/4202/3513 4200/4190/3501 4211/4201/3512
f 4213/4203/3514 4201/4191/3502 4212/4202/3513
f 4214/4204/3515 4202/4192/3503 4213/4203/3514
f 4215/4205/3516 4203/4193/3504 4214/4204/3515
f 4216/4206/3517 4204/4194/3505 4215/4205/3516
f 4218/4207/3518 4206/4197/3508 4217/4208/3519
f 4219/4209/3520 4207/4196/3507 4218/4207/3518
f 4220/4210/3521 4208/4198/3509 4219/4209/3520
f 4221/4211/3522 4209/4199/3510 4220/4210/3521
f 4222/4212/3523 4210/4200/3511 4221/4211/3522
f 4223/4213/3524 4211/4201/3512 4222/4212/3523
f 4224/4214/3525 4212/4202/3513 4223/4213/3524
f 4225/4215/3526 4213/4203/3514 4224/4214/3525
f 4226/4216/3527 4214/4204/3515 4225/4215/3526
f 4227/4217/3528 4215/4205/3516 4226/4216/3527
f 4229/4218/3529 4217/4208/3519 4228/4219/3530
f 4230/4220/3531 4218/4207/3518 4229/4218/3529
f 4231/4221/3532 4219/4209/3520 4230/4220/3531
f 4232/4222/3533 4220/4210/3521 4231/4221/3532
f 4233/4223/3534 4221/4211/3522 4232/4222/3533
f 4234/4224/3535 4222/4212/3523 4233/4223/3534
f 4235/4225/3536 4223/4213/3524 4234/4224/3535
f 4236/4226/3537 4224/4214/3525 4235/4225/3536
f 4237/4227/3538 4225/4215/3526 4236/4226/3537
f 4238/4228/3539 4226/4216/3527 4237/4227/3538
f 4240/4229/3540 4228/4219/3530 4239/4230/3541
f 4241/4231/3542 4229/4218/3529 4240/4229/3540
f 4242/4232/3543 4230/4220/3531 4241/4231/3542
f 4243/4233/3544 4231/4221/3532 4242/4232/3543
f 4244/4234/3545 4232/4222/3533 4243/4233/3544
f 4245/4235/3546 4233/4223/3534 4244/4234/3545
f 4246/4236/3547 4234/4224/3535 4245/4235/3546
f 4247/4237/3548 4235/4225/3536 4246/4236/3547
f 4248/4238/3549 4236/4226/3537 4247/4237/3548
f 4249/4239/3550 4237/4227/3538 4248/4238/3549
f 4251/4240/3551 4239/4230/3541 4250/4241/3552
f 4252/4242/3553 4240/4229/3540 4251/4240/3551
f 4253/4243/3554 4241/4231/3542 4252/4242/3553
f 4254/4244/3555 4242/4232/3543 4253/4243/3554
f 4255/4245/3556 4243/4233/3544 4254/4244/3555
f 4256/4246/3557 4244/4234/3545 4255/4245/3556
f 4257/4247/3558 4245/4235/3546 4256/4246/3557
f 4258/4248/3559 4246/4236/3547 4257/4247/3558
f 4259/4249/3560 4247/4237/3548 4258/4248/3559
f 4260/4250/3561 4248/4238/3549 4259/4249/3560
f 4262/4251/3562 4250/4241/3552 4261/4252/3563
f 4263/4253/3564 4251/4240/3551 4262/4251/3562
f 4264/4254/3565 4252/4242/3553 4263/4253/3564
f 4265/4255/3566 4253/4243/3554 4264/4254/3565
f 4266/4256/3567 4254/4244/3555 4265/4255/3566
f 4267/4257/3568 4255/4245/3556 4266/4256/3567
f 4268/4258/3569 4256/4246/3557 4267/4257/3568
f 4269/4259/3570 4257/4247/3558 4268/4258/3569
f 4270/4260/3571 4258/4248/3559 4269/4259/3570
f 4271/4261/3572 4259/4249/3560 4270/4260/3571
f 4273/4262/3573 4261/4252/3563 4272/4263/3574
f 4274/4264/3575 4262/4251/3562 4273/4262/3573
f 4275/4265/3576 4263/4253/3564 4274/4264/3575
f 4276/4266/3577 4264/4254/3565 4275/4265/3576
f 4277/4267/3578 4265/4255/3566 4276/4266/3577
f 4278/4268/3579 4266/4256/3567 4277/4267/3578
f 4279/4269/3580 4267/4257/3568 4278/4268/3579
f 4280/4270/3581 4268/4258/3569 4279/4269/3580
f 4281/4271/3582 4269/4259/3570 4280/4270/3581
f 4282/4272/3583 4270/4260/3571 4281/4271/3582
f 4284/4273/3584 4272/4263/3574 4283/4274/3585
f 4285/4275/3586 4273/4262/3573 4284/4273/3584
f 4286/4276/3587 4274/4264/3575 4285/4275/3586
f 4287/4277/3588 4275/4265/3576 4286/4276/3587
f 4288/4278/3589 4276/4266/3577 4287/4277/3588
f 4289/4279/3590 4277/4267/3578 4288/4278/3589
f 4290/4280/3591 4278/4268/3579 4289/4279/3590
f 4291/4281/3592 4279/4269/3580 4290/4280/3591
f 4292/4282/3593 4280/4270/3581 4291/4281/3592
f 4293/4283/3594 4281/4271/3582 4292/4282/3593
f 4295/4284/3595 4283/4274/3585 4294/4285/3596
f 4296/4286/3597 4284/4273/3584 4295/4284/3595
f 4297/4287/3598 4285/4275/3586 4296/4286/3597
f 4298/4288/3599 4286/4276/3587 4297/4287/3598
f 4299/4289/3600 4287/4277/3588 4298/4288/3599
f 4300/4290/3601 4288/4278/3589 4299/4289/3600
f 4301/4291/3602 4289/4279/3590 4300/4290/3601
f 4302/4292/3603 4290/4280/3591 4301/4291/3602
f 4303/4293/3604 4291/4281/3592 4302/4292/3603
f 4304/4294/3605 4292/4282/3593 4303/4293/3604
f 4306/4295/3606 4294/4285/3596 4305/4296/3607
f 4307/4297/3608 4295/4284/3595 4306/4295/3606
f 4308/4298/3609 4296/4286/3597 4307/4297/3608
f 4309/4299/3610 4297/4287/3598 4308/4298/3609
f 4310/4300/3611 4298/4288/3599 4309/4299/3610
f 4311/4301/3612 4299/4289/3600 4310/4300/3611
f 4312/4302/3613 4300/4290/3601 4311/4301/3612
f 4313/4303/3614 4301/4291/3602 4312/4302/3613
f 4314/4304/3615 4302/4292/3603 4313/4303/3614
f 4315/4305/3616 4303/4293/3604 4314/4304/3615
f 4409/4306/3617 4315/4305/3616 4408/4307/3618
f 4363/4308/3619 4364/4309/2307 4365/4310/3620
f 4363/4308/3619 4140/4132/3443 4362/4311/3621
f 4140/4132/3443 4363/4308/3619 4365/4310/3620
f 4140/4132/3443 4366/4312/3622 4367/4313/2305
f 4367/4313/2305 4151/4133/3444 4140/4132/3443
f 4362/4311/3621 4140/4132/3443 4141/4135/3446
f 4151/4133/3444 4367/4313/2305 4368/4314/3623
f 4365/4310/3620 4366/4312/3622 4140/4132/3443
f 4361/4315/3624 4362/4311/3621 4141/4135/3446
f 4143/4139/3450 4358/4316/3625 4359/4317/3626
f 4358/4316/3625 4144/4141/3452 4357/4318/3627
f 4360/4319/3628 4142/4137/3448 4359/4317/3626
f 4359/4317/3626 4142/4137/3448 4143/4139/3450
f 4141/4135/3446 4142/4137/3448 4361/4315/3624
f 4143/4139/3450 4144/4141/3452 4358/4316/3625
f 4144/4141/3452 4145/4143/3454 4357/4318/3627
f 4360/4319/3628 4361/4315/3624 4142/4137/3448
f 4356/4320/3629 4357/4318/3627 4145/4143/3454
f 4162/4153/3464 4368/4314/3623 4369/4321/3630
f 4162/4153/3464 4370/4322/3631 4371/4323/3632
f 4162/4153/3464 4369/4321/3630 4370/4322/3631
f 4372/4324/3633 4184/4175/3486 4173/4164/3475
f 4195/4186/3497 4374/4325/3634 4375/4326/3635
f 4195/4186/3497 4375/4326/3635 4376/4327/3636
f 4184/4175/3486 4373/4328/3637 4374/4325/3634
f 4173/4164/3475 4371/4323/3632 4372/4324/3633
f 4173/4164/3475 4162/4153/3464 4371/4323/3632
f 4195/4186/3497 4184/4175/3486 4374/4325/3634
f 4206/4197/3508 4377/4329/3638 4378/4330/3639
f 4217/4208/3519 4378/4330/3639 4379/4331/3640
f 4380/4332/2335 4217/4208/3519 4379/4331/3640
f 4206/4197/3508 4376/4327/3636 4377/4329/3638
f 4148/4149/3460 4352/4333/3641 4353/4334/3642
f 4148/4149/3460 4351/4335/3643 4352/4333/3641
f 4147/4147/3458 4353/4334/3642 4354/4336/3644
f 4355/4337/3645 4356/4320/3629 4145/4143/3454
f 4146/4145/3456 4147/4147/3458 4354/4336/3644
f 4147/4147/3458 4148/4149/3460 4353/4334/3642
f 4145/4143/3454 4146/4145/3456 4355/4337/3645
f 4146/4145/3456 4354/4336/3644 4355/4337/3645
f 4149/4151/3462 4351/4335/3643 4148/4149/3460
f 4150/4338/3646 4347/4339/3647 4349/4340/3648
f 4349/4340/3648 4347/4339/3647 4348/4341/3424
f 4150/4338/3646 4349/4340/3648 4350/4342/3649
f 4350/4342/3649 4149/4151/3462 4150/4338/3646
f 4346/4343/3650 4150/4338/3646 4345/4344/3651
f 4161/4150/3461 4345/4344/3651 4150/4338/3646
f 4344/4345/3652 4345/4344/3651 4161/4150/3461
f 4347/4339/3647 4150/4338/3646 4346/4343/3650
f 4149/4151/3462 4350/4342/3649 4351/4335/3643
f 4344/4345/3652 4161/4150/3461 4343/4346/3653
f 4172/4162/3473 4343/4346/3653 4161/4150/3461
f 4172/4162/3473 4342/4347/3654 4343/4346/3653
f 4341/4348/3655 4342/4347/3654 4172/4162/3473
f 4183/4173/3484 4341/4348/3655 4172/4162/3473
f 4205/4195/3506 4338/4349/3656 4194/4184/3495
f 4216/4206/3517 4336/4350/3657 4205/4195/3506
f 4194/4184/3495 4340/4351/3658 4183/4173/3484
f 4227/4217/3528 4334/4352/3659 4216/4206/3517
f 4183/4173/3484 4340/4351/3658 4341/4348/3655
f 4194/4184/3495 4338/4349/3656 4339/4353/3660
f 4339/4353/3660 4340/4351/3658 4194/4184/3495
f 4338/4349/3656 4205/4195/3506 4337/4354/3661
f 4216/4206/3517 4335/4355/3662 4336/4350/3657
f 4227/4217/3528 4333/4356/3663 4334/4352/3659
f 4337/4354/3661 4205/4195/3506 4336/4350/3657
f 4216/4206/3517 4334/4352/3659 4335/4355/3662
f 4333/4356/3663 4227/4217/3528 4332/4357/3664
f 4228/4219/3530 4380/4332/2335 4381/4358/3665
f 4239/4230/3541 4382/4359/3666 4383/4360/2393
f 4228/4219/3530 4381/4358/3665 4382/4359/3666
f 4250/4241/3552 4384/4361/3667 4385/4362/3668
f 4261/4252/3563 4386/4363/3669 4387/4364/3670
f 4387/4364/3670 4272/4263/3574 4261/4252/3563
f 4250/4241/3552 4385/4362/3668 4386/4363/3669
f 4239/4230/3541 4383/4360/2393 4384/4361/3667
f 4239/4230/3541 4228/4219/3530 4382/4359/3666
f 4261/4252/3563 4250/4241/3552 4386/4363/3669
f 4239/4230/3541 4384/4361/3667 4250/4241/3552
f 4283/4274/3585 4389/4365/2396 4390/4366/2400
f 4272/4263/3574 4389/4365/2396 4283/4274/3585
f 4391/4367/3671 4283/4274/3585 4390/4366/2400
f 4294/4285/3596 4391/4367/3671 4392/4368/3672
f 4272/4263/3574 4388/4369/3673 4389/4365/2396
f 4294/4285/3596 4392/4368/3672 4393/4370/2415
f 4394/4371/2413 4305/4296/3607 4393/4370/2415
f 4294/4285/3596 4393/4370/2415 4305/4296/3607
f 4397/4372/3359 4395/4373/2416 4396/4374/2422
f 4398/4375/3674 4305/4296/3607 4397/4372/3359
f 4395/4373/2416 4397/4372/3359 4305/4296/3607
f 4394/4371/2413 4395/4373/2416 4305/4296/3607
f 4398/4375/3674 4306/4295/3606 4305/4296/3607
f 4306/4295/3606 4399/4376/3675 4307/4297/3608
f 4400/4377/3676 4309/4299/3610 4308/4298/3609
f 4308/4298/3609 4307/4297/3608 4399/4376/3675
f 4401/4378/3677 4309/4299/3610 4400/4377/3676
f 4311/4301/3612 4310/4300/3611 4401/4378/3677
f 4402/4379/3678 4311/4301/3612 4401/4378/3677
f 4399/4376/3675 4400/4377/3676 4308/4298/3609
f 4331/4380/3679 4332/4357/3664 4238/4228/3539
f 4238/4228/3539 4332/4357/3664 4227/4217/3528
f 4238/4228/3539 4330/4381/3680 4331/4380/3679
f 4330/4381/3680 4238/4228/3539 4249/4239/3550
f 4329/4382/3681 4330/4381/3680 4249/4239/3550
f 4271/4261/3572 4326/4383/3682 4260/4250/3561
f 4282/4272/3583 4324/4384/3683 4271/4261/3572
f 4260/4250/3561 4328/4385/3684 4249/4239/3550
f 4293/4283/3594 4323/4386/3685 4282/4272/3583
f 4328/4385/3684 4329/4382/3681 4249/4239/3550
f 4326/4383/3682 4327/4387/3686 4260/4250/3561
f 4260/4250/3561 4327/4387/3686 4328/4385/3684
f 4324/4384/3683 4325/4388/3687 4271/4261/3572
f 4323/4386/3685 4293/4283/3594 4322/4389/3688
f 4324/4384/3683 4282/4272/3583 4323/4386/3685
f 4271/4261/3572 4325/4388/3687 4326/4383/3682
f 4293/4283/3594 4321/4390/3689 4322/4389/3688
f 4321/4390/3689 4293/4283/3594 4304/4294/3605
f 4312/4302/3613 4403/4391/3690 4313/4303/3614
f 4314/4304/3615 4313/4303/3614 4403/4391/3690
f 4403/4391/3690 4404/4392/3377 4314/4304/3615
f 4315/4305/3616 4314/4304/3615 4408/4307/3618
f 4408/4307/3618 4314/4304/3615 4404/4392/3377
f 4405/4393/3379 4408/4307/3618 4404/4392/3377
f 4407/4394/3691 4304/4294/3605 4315/4305/3616
f 4320/4395/3692 4304/4294/3605 4319/4396/3693
f 4407/4394/3691 4319/4396/3693 4304/4294/3605
f 4407/4394/3691 4318/4397/3694 4319/4396/3693
f 4318/4397/3694 4407/4394/3691 4317/4398/3695
f 4406/4399/3696 4409/4306/3617 4405/4393/3379
f 4316/4400/3697 4317/4398/3695 4406/4399/3696
f 4409/4306/3617 4406/4399/3696 4317/4398/3695
f 4407/4394/3691 4409/4306/3617 4317/4398/3695
f 4409/4306/3617 4408/4307/3618 4405/4393/3379
f 4321/4390/3689 4304/4294/3605 4320/4395/3692
f 4312/4302/3613 4311/4301/3612 4402/4379/3678
f 4228/4219/3530 4217/4208/3519 4380/4332/2335
f 4457/4401/3698 4431/4402/3698 4430/4403/3698
f 4425/4404/3698 4457/4401/3698 4426/4405/3698
f 4429/4406/3698 4457/4401/3698 4430/4403/3698
f 4428/4407/3698 4457/4401/3698 4429/4406/3698
f 4458/4408/3698 4410/4409/3698 4457/4401/3698
f 4457/4401/3698 4410/4409/3698 4426/4405/3698
f 4457/4401/3698 4428/4407/3698 4458/4408/3698
f 4459/4410/3698 4431/4402/3698 4457/4401/3698
f 4433/4411/3698 4432/4412/3698 4459/4410/3698
f 4459/4410/3698 4460/4413/3698 4434/4414/3698
f 4459/4410/3698 4457/4401/3698 4425/4404/3698
f 4424/4415/3698 4459/4410/3698 4425/4404/3698
f 4459/4410/3698 4424/4415/3698 4423/4416/3698
f 4459/4410/3698 4434/4414/3698 4433/4411/3698
f 4459/4410/3698 4423/4416/3698 4460/4413/3698
f 4432/4412/3698 4431/4402/3698 4459/4410/3698
f 4456/4417/3698 4458/4408/3698 4427/4418/3698
f 4428/4407/3698 4427/4418/3698 4458/4408/3698
f 4455/4419/3698 4458/4408/3698 4456/4417/3698
f 4461/4420/3698 4455/4419/3698 4454/4421/3698
f 4454/4421/3698 4453/4422/3698 4461/4420/3698
f 4461/4420/3698 4453/4422/3698 4462/4423/3698
f 4461/4420/3698 4458/4408/3698 4455/4419/3698
f 4411/4424/3698 4458/4408/3698 4461/4420/3698
f 4461/4420/3698 4462/4423/3698 4412/4425/3698
f 4462/4423/3698 4414/4426/3698 4413/4427/3698
f 4462/4423/3698 4413/4427/3698 4412/4425/3698
f 4451/4428/3698 4462/4423/3698 4452/4429/3698
f 4462/4423/3698 4453/4422/3698 4452/4429/3698
f 4462/4423/3698 4463/4430/3698 4414/4426/3698
f 4462/4423/3698 4451/4428/3698 4450/4431/3698
f 4462/4423/3698 4450/4431/3698 4463/4430/3698
f 4412/4425/3698 4411/4424/3698 4461/4420/3698
f 4458/4408/3698 4411/4424/3698 4410/4409/3698
f 4460/4413/3698 4436/4432/3698 4435/4433/3698
f 4464/4434/3698 4436/4432/3698 4460/4413/3698
f 4423/4416/3698 4422/4435/3698 4460/4413/3698
f 4464/4434/3698 4422/4435/3698 4421/4436/3698
f 4420/4437/3698 4465/4438/3698 4421/4436/3698
f 4464/4434/3698 4421/4436/3698 4465/4438/3698
f 4464/4434/3698 4460/4413/3698 4422/4435/3698
f 4464/4434/3698 4437/4439/3698 4436/4432/3698
f 4464/4434/3698 4465/4438/3698 4438/4440/3698
f 4440/4441/3698 4439/4442/3698 4465/4438/3698
f 4438/4440/3698 4465/4438/3698 4439/4442/3698
f 4420/4437/3698 4419/4443/3698 4465/4438/3698
f 4441/4444/3698 4466/4445/3698 4442/4446/3698
f 4440/4441/3698 4465/4438/3698 4441/4444/3698
f 4466/4445/3698 4441/4444/3698 4465/4438/3698
f 4419/4443/3698 4466/4445/3698 4465/4438/3698
f 4438/4440/3698 4437/4439/3698 4464/4434/3698
f 4467/4447/3698 4416/4448/3698 4468/4449/3698
f 4468/4449/3698 4416/4448/3698 4415/4450/3698
f 4448/4451/3698 4463/4430/3698 4449/4452/3698
f 4463/4430/3698 4450/4431/3698 4449/4452/3698
f 4447/4453/3698 4468/4449/3698 4448/4451/3698
f 4463/4430/3698 4448/4451/3698 4468/4449/3698
f 4468/4449/3698 4415/4450/3698 4463/4430/3698
f 4467/4447/3698 4417/4454/3698 4416/4448/3698
f 4463/4430/3698 4415/4450/3698 4414/4426/3698
f 4467/4447/3698 4466/4445/3698 4417/4454/3698
f 4419/4443/3698 4418/4455/3698 4466/4445/3698
f 4466/4445/3698 4444/4456/3698 4443/4457/3698
f 4443/4457/3698 4442/4446/3698 4466/4445/3698
f 4444/4456/3698 4466/4445/3698 4467/4447/3698
f 4446/4458/3698 4468/4449/3698 4447/4453/3698
f 4446/4458/3698 4445/4459/3698 4467/4447/3698
f 4444/4456/3698 4467/4447/3698 4445/4459/3698
f 4468/4449/3698 4446/4458/3698 4467/4447/3698
f 4466/4445/3698 4418/4455/3698 4417/4454/3698
f 4460/4413/3698 4435/4433/3698 4434/4414/3698
f 4551/4460/3699 4552/4461/3700 4522/4462/3701
f 4554/4463/3702 4521/4464/1374 4552/4461/3700
f 4555/4465/3703 4556/4466/3704 4519/4467/3705
f 4557/4468/3706 4522/4462/3701 4556/4466/3704
f 4558/4469/3707 4559/4470/3708 4520/4471/3709
f 4560/4472/3710 4519/4467/3705 4559/4470/3708
f 4562/4473/3711 4518/4474/3712 4561/4475/3713
f 4520/4471/3709 4562/4473/3711 4558/4469/3707
f 4564/4476/3714 4518/4474/3712 4563/4477/3715
f 4566/4478/3716 4565/4479/1366 4567/4480/3716
f 4568/4481/3717 4569/4482/3718 4515/4483/3719
f 4571/4484/3720 4517/4485/3721 4569/4482/3718
f 4572/4486/3722 4573/4487/3723 4516/4488/3724
f 4574/4489/3725 4515/4483/3719 4573/4487/3723
f 4575/4490/3726 4576/4491/3727 4513/4492/3728
f 4577/4493/3729 4516/4488/3724 4576/4491/3727
f 4578/4494/3730 4579/4495/3731 4514/4496/3732
f 4580/4497/3733 4513/4492/3728 4579/4495/3731
f 4581/4498/3734 4582/4499/3735 4511/4500/3736
f 4583/4501/3737 4514/4496/3732 4582/4499/3735
f 4584/4502/3738 4585/4503/3739 4512/4504/3740
f 4586/4505/3741 4511/4500/3736 4585/4503/3739
f 4587/4506/3742 4588/4507/3743 4506/4508/904
f 4589/4509/3744 4512/4504/3740 4588/4507/3743
f 4509/4510/3745 4508/4511/3746 4510/4512/3747
f 4496/4513/3748 4510/4512/3747 4503/4514/3749
f 4590/4515/3750 4591/4516/3751 4507/4517/3752
f 4592/4518/3753 4506/4508/904 4591/4516/3751
f 4593/4519/3754 4509/4510/3745 4496/4513/3748
f 4594/4520/3755 4507/4517/3752 4509/4510/3745
f 4500/4521/3756 4499/4522/3757 4501/4523/3758
f 4495/4524/3759 4501/4523/3758 4498/4525/3760
f 4504/4526/3761 4503/4514/3749 4505/4527/3762
f 4497/4528/3763 4505/4527/3762 4499/4522/3757
f 4595/4529/3764 4504/4526/3761 4497/4528/3763
f 4596/4530/3765 4496/4513/3748 4504/4526/3761
f 4597/4531/3766 4500/4521/3756 4495/4524/3759
f 4598/4532/3767 4497/4528/3763 4500/4521/3756
f 4599/4533/3768 4600/4534/3769 4502/4535/3770
f 4601/4536/3771 4495/4524/3759 4600/4534/3769
f 4602/4537/3772 4603/4538/3773 4493/4539/3774
f 4604/4540/3775 4502/4535/3770 4603/4538/3773
f 4605/4541/3776 4606/4542/3777 4494/4543/3778
f 4607/4544/3779 4493/4539/3774 4606/4542/3777
f 4608/4545/1374 4609/4546/3780 4492/4547/1374
f 4610/4548/3781 4494/4543/3778 4609/4546/3780
f 4554/4463/3702 4469/4549/3782 4553/4550/1374
f 4557/4468/3706 4524/4551/3783 4523/4552/3784
f 4554/4463/3702 4523/4552/3784 4469/4549/3782
f 4560/4472/3710 4525/4553/3785 4524/4551/3783
f 4527/4554/1997 4526/4555/3786 4564/4476/3714
f 4562/4473/3711 4526/4555/3786 4525/4553/3785
f 4527/4554/1997 4564/4476/3714 4488/4556/3787
f 4557/4468/3706 4523/4552/3784 4551/4460/3699
f 4526/4555/3786 4561/4475/3713 4564/4476/3714
f 4562/4473/3711 4525/4553/3785 4558/4469/3707
f 4560/4472/3710 4524/4551/3783 4555/4465/3703
f 4528/4557/1993 4527/4554/1997 4488/4556/3787
f 4487/4558/3788 4530/4559/1987 4529/4560/1994
f 4532/4561/3789 4531/4562/3790 4485/4563/3791
f 4531/4562/3790 4530/4559/1987 4486/4564/3792
f 4534/4565/1985 4533/4566/1984 4483/4567/3793
f 4536/4568/1981 4535/4569/3794 4482/4570/3795
f 4535/4569/3794 4534/4565/1985 4482/4570/3795
f 4533/4566/1984 4532/4561/3789 4484/4571/3796
f 4565/4479/1366 4470/4572/3797 4567/4480/3716
f 4536/4568/1981 4567/4480/3716 4470/4572/3797
f 4517/4485/3721 4570/4573/3798 4565/4479/1366
f 4570/4573/3798 4470/4572/3797 4565/4479/1366
f 4571/4484/3720 4538/4574/3799 4537/4575/3800
f 4538/4574/3799 4568/4481/3717 4574/4489/3725
f 4574/4489/3725 4539/4576/3801 4538/4574/3799
f 4570/4573/3798 4571/4484/3720 4537/4575/3800
f 4487/4558/3788 4529/4560/1994 4528/4557/1993
f 4566/4478/3716 4567/4480/3716 4536/4568/1981
f 4491/4577/1374 4522/4462/3701 4552/4461/3700
f 4488/4556/3787 4564/4476/3714 4563/4477/3715
f 4491/4577/1374 4552/4461/3700 4521/4464/1374
f 4484/4571/3796 4532/4561/3789 4485/4563/3791
f 4488/4556/3787 4487/4558/3788 4528/4557/1993
f 4485/4563/3791 4531/4562/3790 4486/4564/3792
f 4487/4558/3788 4486/4564/3792 4530/4559/1987
f 4490/4578/3802 4519/4467/3705 4556/4466/3704
f 4490/4578/3802 4522/4462/3701 4491/4577/1374
f 4490/4578/3802 4559/4470/3708 4519/4467/3705
f 4556/4466/3704 4522/4462/3701 4490/4578/3802
f 4490/4578/3802 4489/4579/3803 4520/4471/3709
f 4563/4477/3715 4518/4474/3712 4489/4579/3803
f 4562/4473/3711 4520/4471/3709 4489/4579/3803
f 4488/4556/3787 4563/4477/3715 4489/4579/3803
f 4562/4473/3711 4489/4579/3803 4518/4474/3712
f 4559/4470/3708 4490/4578/3802 4520/4471/3709
f 4536/4568/1981 4482/4570/3795 4566/4478/3716
f 4566/4478/3716 4481/4580/3804 4565/4479/1366
f 4517/4485/3721 4565/4479/1366 4481/4580/3804
f 4482/4570/3795 4534/4565/1985 4483/4567/3793
f 4481/4580/3804 4566/4478/3716 4482/4570/3795
f 4577/4493/3729 4575/4490/3726 4540/4581/3805
f 4577/4493/3729 4539/4576/3801 4572/4486/3722
f 4483/4567/3793 4533/4566/1984 4484/4571/3796
f 4480/4582/3806 4515/4483/3719 4569/4482/3718
f 4480/4582/3806 4517/4485/3721 4481/4580/3804
f 4480/4582/3806 4573/4487/3723 4515/4483/3719
f 4569/4482/3718 4517/4485/3721 4480/4582/3806
f 4479/4583/3807 4516/4488/3724 4573/4487/3723
f 4479/4583/3807 4513/4492/3728 4576/4491/3727
f 4579/4495/3731 4513/4492/3728 4479/4583/3807
f 4516/4488/3724 4479/4583/3807 4576/4491/3727
f 4480/4582/3806 4479/4583/3807 4573/4487/3723
f 4540/4581/3805 4539/4576/3801 4577/4493/3729
f 4540/4581/3805 4578/4494/3730 4541/4584/3808
f 4583/4501/3737 4541/4584/3808 4578/4494/3730
f 4541/4584/3808 4581/4498/3734 4542/4585/3809
f 4587/4506/3742 4544/4586/3810 4543/4587/3811
f 4542/4585/3809 4584/4502/3738 4543/4587/3811
f 4590/4515/3750 4545/4588/3812 4544/4586/3810
f 4586/4505/3741 4542/4585/3809 4581/4498/3734
f 4543/4587/3811 4589/4509/3744 4587/4506/3742
f 4544/4586/3810 4592/4518/3753 4590/4515/3750
f 4589/4509/3744 4543/4587/3811 4584/4502/3738
f 4594/4520/3755 4593/4519/3754 4545/4588/3812
f 4595/4529/3764 4546/4589/3813 4596/4530/3765
f 4546/4589/3813 4593/4519/3754 4596/4530/3765
f 4595/4529/3764 4547/4590/3814 4546/4589/3813
f 4545/4588/3812 4593/4519/3754 4546/4589/3813
f 4597/4531/3766 4548/4591/3815 4547/4590/3814
f 4549/4592/3816 4607/4544/3779 4550/4593/3817
f 4548/4591/3815 4604/4540/3775 4549/4592/3816
f 4550/4593/3817 4605/4541/3776 4610/4548/3781
f 4597/4531/3766 4547/4590/3814 4598/4532/3767
f 4550/4593/3817 4607/4544/3779 4605/4541/3776
f 4602/4537/3772 4549/4592/3816 4604/4540/3775
f 4599/4533/3768 4548/4591/3815 4601/4536/3771
f 4610/4548/3781 4471/4594/1375 4550/4593/3817
f 4478/4595/3818 4514/4496/3732 4579/4495/3731
f 4478/4595/3818 4511/4500/3736 4582/4499/3735
f 4478/4595/3818 4582/4499/3735 4514/4496/3732
f 4477/4596/3819 4512/4504/3740 4585/4503/3739
f 4477/4596/3819 4506/4508/904 4588/4507/3743
f 4477/4596/3819 4588/4507/3743 4512/4504/3740
f 4478/4595/3818 4585/4503/3739 4511/4500/3736
f 4508/4511/3746 4591/4516/3751 4477/4596/3819
f 4477/4596/3819 4585/4503/3739 4478/4595/3818
f 4508/4511/3746 4507/4517/3752 4591/4516/3751
f 4591/4516/3751 4506/4508/904 4477/4596/3819
f 4476/4597/3820 4510/4512/3747 4508/4511/3746
f 4503/4514/3749 4476/4597/3820 4475/4598/3821
f 4510/4512/3747 4476/4597/3820 4503/4514/3749
f 4505/4527/3762 4503/4514/3749 4475/4598/3821
f 4477/4596/3819 4476/4597/3820 4508/4511/3746
f 4479/4583/3807 4478/4595/3818 4579/4495/3731
f 4498/4525/3760 4600/4534/3769 4495/4524/3759
f 4473/4599/3822 4603/4538/3773 4502/4535/3770
f 4498/4525/3760 4502/4535/3770 4600/4534/3769
f 4471/4594/1375 4610/4548/3781 4608/4545/1374
f 4473/4599/3822 4606/4542/3777 4493/4539/3774
f 4473/4599/3822 4494/4543/3778 4606/4542/3777
f 4473/4599/3822 4493/4539/3774 4603/4538/3773
f 4475/4598/3821 4501/4523/3758 4499/4522/3757
f 4501/4523/3758 4475/4598/3821 4474/4600/3823
f 4474/4600/3823 4498/4525/3760 4501/4523/3758
f 4505/4527/3762 4475/4598/3821 4499/4522/3757
f 4472/4601/3824 4492/4547/1374 4609/4546/3780
f 4473/4599/3822 4502/4535/3770 4474/4600/3823
f 4473/4599/3822 4472/4601/3824 4494/4543/3778
f 4498/4525/3760 4474/4600/3823 4502/4535/3770
f 4472/4601/3824 4609/4546/3780 4494/4543/3778
f 4540/4581/3805 4575/4490/3726 4580/4497/3733
f 4658/4602/3698 4632/4603/3698 4631/4604/3698
f 4626/4605/3698 4658/4602/3698 4627/4606/3698
f 4630/4607/3698 4658/4602/3698 4631/4604/3698
f 4629/4608/3698 4658/4602/3698 4630/4607/3698
f 4659/4609/3698 4611/4610/3698 4658/4602/3698
f 4658/4602/3698 4611/4610/3698 4627/4606/3698
f 4658/4602/3698 4629/4608/3698 4659/4609/3698
f 4660/4611/3698 4632/4603/3698 4658/4602/3698
f 4634/4612/3698 4633/4613/3698 4660/4611/3698
f 4660/4611/3698 4661/4614/3698 4635/4615/3698
f 4660/4611/3698 4658/4602/3698 4626/4605/3698
f 4625/4616/3698 4660/4611/3698 4626/4605/3698
f 4660/4611/3698 4625/4616/3698 4624/4617/3698
f 4660/4611/3698 4635/4615/3698 4634/4612/3698
f 4660/4611/3698 4624/4617/3698 4661/4614/3698
f 4633/4613/3698 4632/4603/3698 4660/4611/3698
f 4657/4618/3698 4659/4609/3698 4628/4619/3698
f 4629/4608/3698 4628/4619/3698 4659/4609/3698
f 4656/4620/3698 4659/4609/3698 4657/4618/3698
f 4662/4621/3698 4656/4620/3698 4655/4622/3698
f 4655/4622/3698 4654/4623/3698 4662/4621/3698
f 4662/4621/3698 4654/4623/3698 4663/4624/3698
f 4662/4621/3698 4659/4609/3698 4656/4620/3698
f 4612/4625/3698 4659/4609/3698 4662/4621/3698
f 4662/4621/3698 4663/4624/3698 4613/4626/3698
f 4663/4624/3698 4615/4627/3698 4614/4628/3698
f 4663/4624/3698 4614/4628/3698 4613/4626/3698
f 4652/4629/3698 4663/4624/3698 4653/4630/3698
f 4663/4624/3698 4654/4623/3698 4653/4630/3698
f 4663/4624/3698 4664/4631/3698 4615/4627/3698
f 4663/4624/3698 4652/4629/3698 4651/4632/3698
f 4663/4624/3698 4651/4632/3698 4664/4631/3698
f 4613/4626/3698 4612/4625/3698 4662/4621/3698
f 4659/4609/3698 4612/4625/3698 4611/4610/3698
f 4661/4614/3698 4637/4633/3698 4636/4634/3698
f 4665/4635/3698 4637/4633/3698 4661/4614/3698
f 4624/4617/3698 4623/4636/3698 4661/4614/3698
f 4665/4635/3698 4623/4636/3698 4622/4637/3698
f 4621/4638/3698 4666/4639/3698 4622/4637/3698
f 4665/4635/3698 4622/4637/3698 4666/4639/3698
f 4665/4635/3698 4661/4614/3698 4623/4636/3698
f 4665/4635/3698 4638/4640/3698 4637/4633/3698
f 4665/4635/3698 4666/4639/3698 4639/4641/3698
f 4641/4642/3698 4640/4643/3698 4666/4639/3698
f 4639/4641/3698 4666/4639/3698 4640/4643/3698
f 4621/4638/3698 4620/4644/3698 4666/4639/3698
f 4642/4645/3698 4667/4646/3698 4643/4647/3698
f 4641/4642/3698 4666/4639/3698 4642/4645/3698
f 4667/4646/3698 4642/4645/3698 4666/4639/3698
f 4620/4644/3698 4667/4646/3698 4666/4639/3698
f 4639/4641/3698 4638/4640/3698 4665/4635/3698
f 4668/4648/3698 4617/4649/3698 4669/4650/3698
f 4669/4650/3698 4617/4649/3698 4616/4651/3698
f 4649/4652/3698 4664/4631/3698 4650/4653/3698
f 4664/4631/3698 4651/4632/3698 4650/4653/3698
f 4648/4654/3698 4669/4650/3698 4649/4652/3698
f 4664/4631/3698 4649/4652/3698 4669/4650/3698
f 4669/4650/3698 4616/4651/3698 4664/4631/3698
f 4668/4648/3698 4618/4655/3698 4617/4649/3698
f 4664/4631/3698 4616/4651/3698 4615/4627/3698
f 4668/4648/3698 4667/4646/3698 4618/4655/3698
f 4620/4644/3698 4619/4656/3698 4667/4646/3698
f 4667/4646/3698 4645/4657/3698 4644/4658/3698
f 4644/4658/3698 4643/4647/3698 4667/4646/3698
f 4645/4657/3698 4667/4646/3698 4668/4648/3698
f 4647/4659/3698 4669/4650/3698 4648/4654/3698
f 4647/4659/3698 4646/4660/3698 4668/4648/3698
f 4645/4657/3698 4668/4648/3698 4646/4660/3698
f 4669/4650/3698 4647/4659/3698 4668/4648/3698
f 4667/4646/3698 4619/4656/3698 4618/4655/3698
f 4635/4615/3698 4661/4614/3698 4636/4634/3698
f 4773/4661/3825 4712/4662/3826 4672/4663/3705
f 4672/4663/3705 4713/4664/3701 4711/4665/3827
f 4776/4666/3828 4743/4667/3829 4673/4668/3830
f 4777/4669/3831 4672/4663/3705 4743/4667/3829
f 4743/4667/3829 4711/4665/3827 4744/4670/3709
f 4673/4668/3830 4744/4670/3709 4740/4671/3712
f 4778/4672/3832 4741/4673/3833 4674/4674/3834
f 4779/4675/3835 4673/4668/3830 4741/4673/3833
f 4741/4673/3833 4740/4671/3712 4742/4676/3836
f 4674/4674/3834 4742/4676/3836 4737/4677/3837
f 4780/4678/3838 4738/4679/3839 4675/4680/3
f 4781/4681/3840 4674/4674/3834 4738/4679/3839
f 4738/4679/3839 4737/4677/3837 4739/4682/3841
f 4675/4680/3 4739/4682/3841 4734/4683/3842
f 4782/4684/3843 4735/4685/3844 4676/4686/3845
f 4783/4687/3846 4675/4680/3 4735/4685/3844
f 4735/4685/3844 4734/4683/3842 4736/4688/3847
f 4676/4686/3845 4736/4688/3847 4731/4689/3845
f 4784/4690/3848 4732/4691/3849 4677/4692/3850
f 4785/4693/3851 4676/4686/3845 4732/4691/3849
f 4732/4691/3849 4731/4689/3845 4733/4694/3852
f 4677/4692/3850 4733/4694/3852 4728/4695/3853
f 4786/4696/3854 4729/4697/3855 4678/4698/3856
f 4787/4699/3857 4677/4692/3850 4729/4697/3855
f 4729/4697/3855 4728/4695/3853 4730/4700/3858
f 4678/4698/3856 4730/4700/3858 4725/4701/3859
f 4788/4702/3860 4726/4703/3861 4680/4704/3862
f 4789/4705/3863 4678/4698/3856 4726/4703/3861
f 4726/4703/3861 4725/4701/3859 4727/4706/3864
f 4680/4704/3862 4727/4706/3864 4722/4707/1355
f 4790/4708/3865 4723/4709/3866 4681/4710/3719
f 4791/4711/3867 4680/4704/3862 4723/4709/3866
f 4723/4709/3866 4722/4707/1355 4724/4712/3721
f 4681/4710/3719 4724/4712/3721 4719/4713/3868
f 4792/4714/3869 4720/4715/3870 4682/4716/3871
f 4793/4717/3872 4681/4710/3719 4720/4715/3870
f 4720/4715/3870 4719/4713/3868 4721/4718/3724
f 4682/4716/3871 4721/4718/3724 4718/4719/3873
f 4794/4720/3874 4795/4721/3875 4683/4722/3876
f 4796/4723/3877 4682/4716/3871 4795/4721/3875
f 4797/4724/3878 4717/4725/3879 4684/4726/3880
f 4798/4727/3881 4683/4722/3876 4717/4725/3879
f 4799/4728/3882 4716/4729/3746 4685/4730/3883
f 4800/4731/3884 4684/4726/3880 4716/4729/3746
f 4801/4732/3885 4715/4733/3757 4686/4734/3760
f 4802/4735/3886 4685/4730/3883 4715/4733/3757
f 4803/4736/3887 4714/4737/3888 4687/4738/3889
f 4804/4739/3890 4686/4734/3760 4714/4737/3888
f 4805/4740/3891 4710/4741/3892 4689/4742/1374
f 4806/4743/3893 4687/4738/3889 4710/4741/3892
f 4670/4744/3894 4775/4745/3895 4745/4746/3896
f 4745/4746/3896 4773/4661/3825 4746/4747/3897
f 4747/4748/3898 4776/4666/3828 4748/4749/3899
f 4749/4750/3900 4778/4672/3832 4750/4751/3901
f 4748/4749/3899 4779/4675/3835 4749/4750/3900
f 4746/4747/3897 4777/4669/3831 4747/4748/3898
f 4774/4752/3902 4712/4662/3826 4775/4745/3895
f 4781/4681/3840 4750/4751/3901 4778/4672/3832
f 4780/4678/3838 4752/4753/3903 4751/4754/3904
f 4783/4687/3846 4753/4755/3905 4752/4753/3903
f 4785/4693/3851 4755/4756/3906 4754/4757/3907
f 4756/4758/3908 4784/4690/3848 4787/4699/3857
f 4782/4684/3843 4754/4757/3907 4753/4755/3905
f 4780/4678/3838 4751/4754/3904 4781/4681/3840
f 4786/4696/3854 4758/4759/3909 4757/4760/3910
f 4789/4705/3863 4679/4761/3911 4758/4759/3909
f 4787/4699/3857 4757/4760/3910 4756/4758/3908
f 4671/4762/1374 4713/4664/3701 4712/4662/3826
f 4708/4763/3912 4744/4670/3709 4711/4665/3827
f 4707/4764/3913 4742/4676/3836 4740/4671/3712
f 4707/4764/3913 4740/4671/3712 4744/4670/3709
f 4708/4763/3912 4711/4665/3827 4713/4664/3701
f 4708/4763/3912 4713/4664/3701 4709/4765/1374
f 4742/4676/3836 4707/4764/3913 4706/4766/3914
f 4707/4764/3913 4744/4670/3709 4708/4763/3912
f 4705/4767/3915 4739/4682/3841 4737/4677/3837
f 4704/4768/3916 4734/4683/3842 4705/4767/3915
f 4739/4682/3841 4705/4767/3915 4734/4683/3842
f 4706/4766/3914 4705/4767/3915 4737/4677/3837
f 4737/4677/3837 4742/4676/3836 4706/4766/3914
f 4704/4768/3916 4731/4689/3845 4736/4688/3847
f 4703/4769/3917 4733/4694/3852 4731/4689/3845
f 4703/4769/3917 4728/4695/3853 4733/4694/3852
f 4704/4768/3916 4703/4769/3917 4731/4689/3845
f 4702/4770/3918 4730/4700/3858 4728/4695/3853
f 4702/4770/3918 4728/4695/3853 4703/4769/3917
f 4702/4770/3918 4701/4771/3919 4730/4700/3858
f 4701/4771/3919 4727/4706/3864 4725/4701/3859
f 4727/4706/3864 4701/4771/3919 4700/4772/3920
f 4722/4707/1355 4727/4706/3864 4700/4772/3920
f 4730/4700/3858 4701/4771/3919 4725/4701/3859
f 4734/4683/3842 4704/4768/3916 4736/4688/3847
f 4759/4773/3921 4790/4708/3865 4760/4774/3922
f 4760/4774/3922 4793/4717/3872 4761/4775/3923
f 4762/4776/3924 4796/4723/3877 4763/4777/3925
f 4764/4778/3926 4798/4727/3881 4765/4779/3927
f 4763/4777/3925 4794/4720/3874 4764/4778/3926
f 4761/4775/3923 4792/4714/3869 4762/4776/3924
f 4791/4711/3867 4679/4761/3911 4788/4702/3860
f 4798/4727/3881 4797/4724/3878 4765/4779/3927
f 4800/4731/3884 4767/4780/3928 4766/4781/3929
f 4799/4728/3882 4768/4782/3930 4767/4780/3928
f 4801/4732/3885 4770/4783/3931 4769/4784/3932
f 4803/4736/3887 4772/4785/3933 4771/4786/3934
f 4804/4739/3890 4771/4786/3934 4770/4783/3931
f 4802/4735/3886 4769/4784/3932 4768/4782/3930
f 4800/4731/3884 4766/4781/3929 4797/4724/3878
f 4806/4743/3893 4688/4787/3935 4772/4785/3933
f 4765/4779/3927 4797/4724/3878 4766/4781/3929
f 4682/4716/3871 4718/4719/3873 4795/4721/3875
f 4717/4725/3879 4683/4722/3876 4696/4788/3936
f 4696/4788/3936 4684/4726/3880 4717/4725/3879
f 4716/4729/3746 4684/4726/3880 4695/4789/3937
f 4697/4790/3938 4683/4722/3876 4795/4721/3875
f 4684/4726/3880 4696/4788/3936 4695/4789/3937
f 4699/4791/3939 4719/4713/3868 4724/4712/3721
f 4721/4718/3724 4719/4713/3868 4698/4792/3940
f 4699/4791/3939 4698/4792/3940 4719/4713/3868
f 4722/4707/1355 4699/4791/3939 4724/4712/3721
f 4718/4719/3873 4697/4790/3938 4795/4721/3875
f 4696/4788/3936 4683/4722/3876 4697/4790/3938
f 4718/4719/3873 4698/4792/3940 4697/4790/3938
f 4721/4718/3724 4698/4792/3940 4718/4719/3873
f 4700/4772/3920 4699/4791/3939 4722/4707/1355
f 4695/4789/3937 4694/4793/3941 4685/4730/3883
f 4694/4793/3941 4715/4733/3757 4685/4730/3883
f 4693/4794/3942 4714/4737/3888 4686/4734/3760
f 4693/4794/3942 4686/4734/3760 4715/4733/3757
f 4694/4793/3941 4693/4794/3942 4715/4733/3757
f 4692/4795/3943 4687/4738/3889 4714/4737/3888
f 4692/4795/3943 4714/4737/3888 4693/4794/3942
f 4692/4795/3943 4691/4796/3944 4687/4738/3889
f 4691/4796/3944 4689/4742/1374 4710/4741/3892
f 4689/4742/1374 4691/4796/3944 4690/4797/1374
f 4687/4738/3889 4691/4796/3944 4710/4741/3892
f 4716/4729/3746 4695/4789/3937 4685/4730/3883
f 4812/4798/37 4888/4799/37 4813/4800/3
f 4807/4801/3 4813/4800/3 4887/4802/3
f 4807/4801/3 4887/4802/3 4808/4803/3
f 4812/4798/37 4889/4804/3 4888/4799/37
f 4813/4800/3 4888/4799/37 4887/4802/3
f 4890/4805/3945 4889/4804/3 4812/4798/37
f 4892/4806/14 4810/4807/3 4845/4808/7
f 4810/4807/3 4892/4806/14 4811/4809/33
f 4844/4810/7 4892/4806/14 4845/4808/7
f 4844/4810/7 4843/4811/7 4893/4812/31
f 4892/4806/14 4891/4813/35 4811/4809/33
f 4890/4805/3945 4811/4809/33 4891/4813/35
f 4890/4805/3945 4812/4798/37 4811/4809/33
f 4894/4814/33 4842/4815/3 4841/4816/13
f 4892/4806/14 4844/4810/7 4893/4812/31
f 4893/4812/31 4843/4811/7 4842/4815/3
f 4841/4816/13 4840/4817/13 4894/4814/33
f 4839/4818/34 4895/4819/3 4840/4817/13
f 4894/4814/33 4840/4817/13 4895/4819/3
f 4893/4812/31 4842/4815/3 4894/4814/33
f 4837/4820/7 4896/4821/31 4838/4822/16
f 4895/4819/3 4839/4818/34 4838/4822/16
f 4897/4823/30 4896/4821/31 4836/4824/14
f 4837/4820/7 4836/4824/14 4896/4821/31
f 4834/4825/3 4897/4823/30 4835/4826/31
f 4836/4824/14 4835/4826/31 4897/4823/30
f 4838/4822/16 4896/4821/31 4895/4819/3
f 4832/4827/28 4898/4828/3 4833/4829/33
f 4834/4825/3 4833/4829/33 4898/4828/3
f 4831/4830/7 4899/4831/8 4898/4828/3
f 4899/4831/8 4831/4830/7 4830/4832/7
f 4830/4832/7 4829/4833/27 4899/4831/8
f 4832/4827/28 4831/4830/7 4898/4828/3
f 4898/4828/3 4897/4823/30 4834/4825/3
f 4827/4834/7 4900/4835/13 4828/4836/26
f 4829/4833/27 4828/4836/26 4900/4835/13
f 4827/4834/7 4826/4837/7 4901/4838/8
f 4901/4838/8 4826/4837/7 4825/4839/3
f 4825/4839/3 4902/4840/8 4901/4838/8
f 4900/4835/13 4827/4834/7 4901/4838/8
f 4900/4835/13 4899/4831/8 4829/4833/27
f 4823/4841/3 4902/4840/8 4824/4842/13
f 4825/4839/3 4824/4842/13 4902/4840/8
f 4903/4843/3 4902/4840/8 4823/4841/3
f 4821/4844/7 4903/4843/3 4822/4845/7
f 4905/4846/9 4904/4847/8 4818/4848/7
f 4820/4849/15 4904/4847/8 4903/4843/3
f 4823/4841/3 4822/4845/7 4903/4843/3
f 4904/4847/8 4820/4849/15 4819/4850/25
f 4904/4847/8 4819/4850/25 4818/4848/7
f 4820/4849/15 4903/4843/3 4821/4844/7
f 4816/4851/3 4905/4846/9 4817/4852/7
f 4905/4846/9 4816/4851/3 4815/4853/24
f 4817/4852/7 4905/4846/9 4818/4848/7
f 4906/4854/13 4815/4853/24 4814/4855/7
f 4905/4846/9 4815/4853/24 4906/4854/13
f 4850/4856/18 4919/4857/15 4918/4858/3
f 4852/4859/23 4918/4858/3 4917/4860/14
f 4918/4858/3 4851/4861/18 4850/4856/18
f 4920/4862/16 4919/4857/15 4848/4863/3
f 4851/4861/18 4918/4858/3 4852/4859/23
f 4849/4864/18 4919/4857/15 4850/4856/18
f 4853/4865/3946 4852/4859/23 4917/4860/14
f 4856/4866/14 4915/4867/3947 4857/4868/22
f 4916/4869/21 4915/4867/3947 4856/4866/14
f 4858/4870/9 4857/4868/22 4915/4867/3947
f 4854/4871/7 4916/4869/21 4855/4872/7
f 4855/4872/7 4916/4869/21 4856/4866/14
f 4854/4871/7 4917/4860/14 4916/4869/21
f 4854/4871/7 4853/4865/3946 4917/4860/14
f 4879/4873/3 4886/4874/3 4885/4875/7
f 4880/4876/19 4885/4875/7 4884/4877/3948
f 4886/4874/3 4879/4873/3 4878/4878/38
f 4879/4873/3 4885/4875/7 4880/4876/19
f 4878/4878/38 4809/4879/3 4886/4874/3
f 4883/4880/17 4880/4876/19 4884/4877/3948
f 4849/4864/18 4848/4863/3 4919/4857/15
f 4882/4881/1 4920/4862/16 4881/4882/15
f 4848/4863/3 4847/4883/7 4920/4862/16
f 4881/4882/15 4920/4862/16 4846/4884/3949
f 4880/4876/19 4883/4880/17 4881/4882/15
f 4847/4883/7 4846/4884/3949 4920/4862/16
f 4881/4882/15 4883/4880/17 4882/4881/1
f 4908/4885/3 4907/4886/9 4874/4887/11
f 4907/4886/9 4906/4854/13 4877/4888/7
f 4869/4889/14 4910/4890/2 4909/4891/9
f 4909/4891/9 4870/4892/3950 4869/4889/14
f 4869/4889/14 4868/4893/3 4910/4890/2
f 4872/4894/23 4909/4891/9 4908/4885/3
f 4871/4895/3 4870/4892/3950 4909/4891/9
f 4877/4888/7 4876/4896/23 4907/4886/9
f 4876/4896/23 4875/4897/3 4907/4886/9
f 4874/4887/11 4873/4898/7 4908/4885/3
f 4875/4897/3 4874/4887/11 4907/4886/9
f 4873/4898/7 4872/4894/23 4908/4885/3
f 4872/4894/23 4871/4895/3 4909/4891/9
f 4814/4855/7 4877/4888/7 4906/4854/13
f 4861/4899/8 4913/4900/5 4862/4901/3951
f 4914/4902/2 4913/4900/5 4861/4899/8
f 4863/4903/1 4862/4901/3951 4913/4900/5
f 4859/4904/3 4914/4902/2 4860/4905/7
f 4860/4905/7 4914/4902/2 4861/4899/8
f 4858/4870/9 4914/4902/2 4859/4904/3
f 4858/4870/9 4915/4867/3947 4914/4902/2
f 4867/4906/4 4866/4907/3 4911/4908/5
f 4865/4909/3 4911/4908/5 4866/4907/3
f 4867/4906/4 4910/4890/2 4868/4893/3
f 4911/4908/5 4910/4890/2 4867/4906/4
f 4864/4910/3952 4863/4903/1 4912/4911/2
f 4913/4900/5 4912/4911/2 4863/4903/1
f 4912/4911/2 4865/4909/3 4864/4910/3952
f 4911/4908/5 4865/4909/3 4912/4911/2
f 127/115/39 126/137/61 115/116/40
f 128/118/42 127/115/39 116/117/41
f 129/120/44 128/118/42 117/119/43
f 130/122/46 129/120/44 118/121/45
f 131/124/48 130/122/46 119/123/47
f 132/126/50 131/124/48 120/125/49
f 133/128/52 132/126/50 121/127/51
f 134/130/54 133/128/52 122/129/53
f 135/132/56 134/130/54 123/131/55
f 136/134/58 135/132/56 124/133/57
f 138/136/60 137/148/72 126/137/61
f 139/138/62 138/136/60 127/115/39
f 140/139/63 139/138/62 128/118/42
f 141/140/64 140/139/63 129/120/44
f 142/141/65 141/140/64 130/122/46
f 143/142/66 142/141/65 131/124/48
f 144/143/67 143/142/66 132/126/50
f 145/144/68 144/143/67 133/128/52
f 146/145/69 145/144/68 134/130/54
f 147/146/70 146/145/69 135/132/56
f 149/147/71 148/159/83 137/148/72
f 150/149/73 149/147/71 138/136/60
f 151/150/74 150/149/73 139/138/62
f 152/151/75 151/150/74 140/139/63
f 153/152/76 152/151/75 141/140/64
f 154/153/77 153/152/76 142/141/65
f 155/154/78 154/153/77 143/142/66
f 156/155/79 155/154/78 144/143/67
f 157/156/80 156/155/79 145/144/68
f 158/157/81 157/156/80 146/145/69
f 160/158/82 159/170/94 148/159/83
f 161/160/84 160/158/82 149/147/71
f 162/161/85 161/160/84 150/149/73
f 163/162/86 162/161/85 151/150/74
f 164/163/87 163/162/86 152/151/75
f 165/164/88 164/163/87 153/152/76
f 166/165/89 165/164/88 154/153/77
f 167/166/90 166/165/89 155/154/78
f 168/167/91 167/166/90 156/155/79
f 169/168/92 168/167/91 157/156/80
f 171/169/93 170/181/105 159/170/94
f 172/171/95 171/169/93 160/158/82
f 173/172/96 172/171/95 161/160/84
f 174/173/97 173/172/96 162/161/85
f 175/174/98 174/173/97 163/162/86
f 176/175/99 175/174/98 164/163/87
f 177/176/100 176/175/99 165/164/88
f 178/177/101 177/176/100 166/165/89
f 179/178/102 178/177/101 167/166/90
f 180/179/103 179/178/102 168/167/91
f 182/180/104 181/192/116 170/181/105
f 183/182/106 182/180/104 171/169/93
f 184/183/107 183/182/106 172/171/95
f 185/184/108 184/183/107 173/172/96
f 186/185/109 185/184/108 174/173/97
f 187/186/110 186/185/109 175/174/98
f 188/187/111 187/186/110 176/175/99
f 189/188/112 188/187/111 177/176/100
f 190/189/113 189/188/112 178/177/101
f 191/190/114 190/189/113 179/178/102
f 193/191/115 192/203/127 181/192/116
f 194/193/117 193/191/115 182/180/104
f 195/194/118 194/193/117 183/182/106
f 196/195/119 195/194/118 184/183/107
f 197/196/120 196/195/119 185/184/108
f 198/197/121 197/196/120 186/185/109
f 199/198/122 198/197/121 187/186/110
f 200/199/123 199/198/122 188/187/111
f 201/200/124 200/199/123 189/188/112
f 202/201/125 201/200/124 190/189/113
f 204/202/126 203/214/138 192/203/127
f 205/204/128 204/202/126 193/191/115
f 206/205/129 205/204/128 194/193/117
f 207/206/130 206/205/129 195/194/118
f 208/207/131 207/206/130 196/195/119
f 209/208/132 208/207/131 197/196/120
f 210/209/133 209/208/132 198/197/121
f 211/210/134 210/209/133 199/198/122
f 212/211/135 211/210/134 200/199/123
f 213/212/136 212/211/135 201/200/124
f 215/213/137 214/225/149 203/214/138
f 216/215/139 215/213/137 204/202/126
f 217/216/140 216/215/139 205/204/128
f 218/217/141 217/216/140 206/205/129
f 219/218/142 218/217/141 207/206/130
f 220/219/143 219/218/142 208/207/131
f 221/220/144 220/219/143 209/208/132
f 222/221/145 221/220/144 210/209/133
f 223/222/146 222/221/145 211/210/134
f 224/223/147 223/222/146 212/211/135
f 226/224/148 225/236/160 214/225/149
f 227/226/150 226/224/148 215/213/137
f 228/227/151 227/226/150 216/215/139
f 229/228/152 228/227/151 217/216/140
f 230/229/153 229/228/152 218/217/141
f 231/230/154 230/229/153 219/218/142
f 232/231/155 231/230/154 220/219/143
f 233/232/156 232/231/155 221/220/144
f 234/233/157 233/232/156 222/221/145
f 235/234/158 234/233/157 223/222/146
f 237/235/159 236/247/171 225/236/160
f 238/237/161 237/235/159 226/224/148
f 239/238/162 238/237/161 227/226/150
f 240/239/163 239/238/162 228/227/151
f 241/240/164 240/239/163 229/228/152
f 242/241/165 241/240/164 230/229/153
f 243/242/166 242/241/165 231/230/154
f 244/243/167 243/242/166 232/231/155
f 245/244/168 244/243/167 233/232/156
f 246/245/169 245/244/168 234/233/157
f 248/246/170 247/258/182 236/247/171
f 249/248/172 248/246/170 237/235/159
f 250/249/173 249/248/172 238/237/161
f 251/250/174 250/249/173 239/238/162
f 252/251/175 251/250/174 240/239/163
f 253/252/176 252/251/175 241/240/164
f 254/253/177 253/252/176 242/241/165
f 255/254/178 254/253/177 243/242/166
f 256/255/179 255/254/178 244/243/167
f 257/256/180 256/255/179 245/244/168
f 259/257/181 258/269/193 247/258/182
f 260/259/183 259/257/181 248/246/170
f 261/260/184 260/259/183 249/248/172
f 262/261/185 261/260/184 250/249/173
f 263/262/186 262/261/185 251/250/174
f 264/263/187 263/262/186 252/251/175
f 265/264/188 264/263/187 253/252/176
f 266/265/189 265/264/188 254/253/177
f 267/266/190 266/265/189 255/254/178
f 268/267/191 267/266/190 256/255/179
f 270/268/192 269/280/204 258/269/193
f 271/270/194 270/268/192 259/257/181
f 272/271/195 271/270/194 260/259/183
f 273/272/196 272/271/195 261/260/184
f 274/273/197 273/272/196 262/261/185
f 275/274/198 274/273/197 263/262/186
f 276/275/199 275/274/198 264/263/187
f 277/276/200 276/275/199 265/264/188
f 278/277/201 277/276/200 266/265/189
f 279/278/202 278/277/201 267/266/190
f 281/279/203 280/352/276 269/280/204
f 282/281/205 281/279/203 270/268/192
f 283/282/206 282/281/205 271/270/194
f 284/283/207 283/282/206 272/271/195
f 285/284/208 284/283/207 273/272/196
f 286/285/209 285/284/208 274/273/197
f 287/286/210 286/285/209 275/274/198
f 288/287/211 287/286/210 276/275/199
f 289/288/212 288/287/211 277/276/200
f 290/289/213 289/288/212 278/277/201
f 385/290/214 384/378/302 290/289/213
f 398/386/310 388/390/314 387/387/311
f 399/389/313 389/392/316 388/390/314
f 400/391/315 390/394/318 389/392/316
f 401/393/317 391/396/320 390/394/318
f 402/395/319 392/398/322 391/396/320
f 403/397/321 393/400/324 392/398/322
f 404/399/323 394/402/326 393/400/324
f 405/401/325 395/404/328 394/402/326
f 406/403/327 396/571/495 395/404/328
f 408/405/329 398/386/310 397/388/312
f 409/407/331 399/389/313 398/386/310
f 410/408/332 400/391/315 399/389/313
f 411/409/333 401/393/317 400/391/315
f 412/410/334 402/395/319 401/393/317
f 413/411/335 403/397/321 402/395/319
f 414/412/336 404/399/323 403/397/321
f 415/413/337 405/401/325 404/399/323
f 416/414/338 406/403/327 405/401/325
f 418/415/339 408/405/329 407/406/330
f 419/417/341 409/407/331 408/405/329
f 420/418/342 410/408/332 409/407/331
f 421/419/343 411/409/333 410/408/332
f 422/420/344 412/410/334 411/409/333
f 423/421/345 413/411/335 412/410/334
f 424/422/346 414/412/336 413/411/335
f 425/423/347 415/413/337 414/412/336
f 426/424/348 416/414/338 415/413/337
f 428/425/349 418/415/339 417/416/340
f 429/427/351 419/417/341 418/415/339
f 430/428/352 420/418/342 419/417/341
f 431/429/353 421/419/343 420/418/342
f 432/430/354 422/420/344 421/419/343
f 433/431/355 423/421/345 422/420/344
f 434/432/356 424/422/346 423/421/345
f 435/433/357 425/423/347 424/422/346
f 436/434/358 426/424/348 425/423/347
f 438/435/359 428/425/349 427/426/350
f 439/437/361 429/427/351 428/425/349
f 440/438/362 430/428/352 429/427/351
f 441/439/363 431/429/353 430/428/352
f 442/440/364 432/430/354 431/429/353
f 443/441/365 433/431/355 432/430/354
f 444/442/366 434/432/356 433/431/355
f 445/443/367 435/433/357 434/432/356
f 446/444/368 436/434/358 435/433/357
f 448/445/369 438/435/359 437/436/360
f 449/447/371 439/437/361 438/435/359
f 450/448/372 440/438/362 439/437/361
f 451/449/373 441/439/363 440/438/362
f 452/450/374 442/440/364 441/439/363
f 453/451/375 443/441/365 442/440/364
f 454/452/376 444/442/366 443/441/365
f 455/453/377 445/443/367 444/442/366
f 456/454/378 446/444/368 445/443/367
f 458/455/379 448/445/369 447/446/370
f 459/457/381 449/447/371 448/445/369
f 460/458/382 450/448/372 449/447/371
f 461/459/383 451/449/373 450/448/372
f 462/460/384 452/450/374 451/449/373
f 463/461/385 453/451/375 452/450/374
f 464/462/386 454/452/376 453/451/375
f 465/463/387 455/453/377 454/452/376
f 466/464/388 456/454/378 455/453/377
f 468/465/389 458/455/379 457/456/380
f 469/467/391 459/457/381 458/455/379
f 470/468/392 460/458/382 459/457/381
f 471/469/393 461/459/383 460/458/382
f 472/470/394 462/460/384 461/459/383
f 473/471/395 463/461/385 462/460/384
f 474/472/396 464/462/386 463/461/385
f 475/473/397 465/463/387 464/462/386
f 476/474/398 466/464/388 465/463/387
f 478/475/399 468/465/389 467/466/390
f 479/477/401 469/467/391 468/465/389
f 480/478/402 470/468/392 469/467/391
f 481/479/403 471/469/393 470/468/392
f 482/480/404 472/470/394 471/469/393
f 483/481/405 473/471/395 472/470/394
f 484/482/406 474/472/396 473/471/395
f 485/483/407 475/473/397 474/472/396
f 486/484/408 476/474/398 475/473/397
f 488/485/409 478/475/399 477/476/400
f 489/487/411 479/477/401 478/475/399
f 490/488/412 480/478/402 479/477/401
f 491/489/413 481/479/403 480/478/402
f 492/490/414 482/480/404 481/479/403
f 493/491/415 483/481/405 482/480/404
f 494/492/416 484/482/406 483/481/405
f 495/493/417 485/483/407 484/482/406
f 496/494/418 486/484/408 485/483/407
f 498/495/419 488/485/409 487/486/410
f 499/497/421 489/487/411 488/485/409
f 500/498/422 490/488/412 489/487/411
f 501/499/423 491/489/413 490/488/412
f 502/500/424 492/490/414 491/489/413
f 503/501/425 493/491/415 492/490/414
f 504/502/426 494/492/416 493/491/415
f 505/503/427 495/493/417 494/492/416
f 506/504/428 496/494/418 495/493/417
f 508/505/429 498/495/419 497/496/420
f 509/507/431 499/497/421 498/495/419
f 510/508/432 500/498/422 499/497/421
f 511/509/433 501/499/423 500/498/422
f 512/510/434 502/500/424 501/499/423
f 513/511/435 503/501/425 502/500/424
f 514/512/436 504/502/426 503/501/425
f 515/513/437 505/503/427 504/502/426
f 516/514/438 506/504/428 505/503/427
f 518/515/439 508/505/429 507/506/430
f 519/517/441 509/507/431 508/505/429
f 520/518/442 510/508/432 509/507/431
f 521/519/443 511/509/433 510/508/432
f 522/520/444 512/510/434 511/509/433
f 523/521/445 513/511/435 512/510/434
f 524/522/446 514/512/436 513/511/435
f 525/523/447 515/513/437 514/512/436
f 526/524/448 516/514/438 515/513/437
f 528/525/449 518/515/439 517/516/440
f 529/527/451 519/517/441 518/515/439
f 530/528/452 520/518/442 519/517/441
f 531/529/453 521/519/443 520/518/442
f 532/530/454 522/520/444 521/519/443
f 533/531/455 523/521/445 522/520/444
f 534/532/456 524/522/446 523/521/445
f 535/533/457 525/523/447 524/522/446
f 536/534/458 526/524/448 525/523/447
f 582/535/459 580/623/542 536/534/458
f 388/390/314 627/544/468 628/540/464
f 397/388/312 387/387/311 585/542/466
f 627/544/468 388/390/314 389/392/316
f 391/396/320 623/549/473 624/546/470
f 407/406/330 397/388/312 586/543/467
f 447/446/370 596/559/483 597/560/484
f 447/446/370 437/436/360 594/557/481
f 621/562/486 392/398/322 393/400/324
f 395/404/328 617/567/491 618/565/489
f 396/571/495 406/403/327 565/572/496
f 406/403/327 416/414/338 564/575/499
f 416/414/338 426/424/348 562/577/501
f 436/434/358 446/444/368 558/578/502
f 426/424/348 436/434/358 560/580/504
f 456/454/378 555/585/509 556/582/506
f 466/464/388 553/609/530 554/584/508
f 457/456/380 598/561/485 599/586/510
f 517/516/440 507/506/430 609/596/520
f 466/464/388 476/474/398 552/608/529
f 476/474/398 486/484/408 550/611/532
f 496/494/418 506/504/428 546/612/533
f 486/484/408 496/494/418 548/614/535
f 516/514/438 543/618/539 544/616/537
f 526/524/448 541/626/545 542/619/540
f 580/623/542 582/535/459 538/627/546
f 631/633/552 868/850/768 869/632/551
f 663/636/555 633/859/775 632/635/554
f 634/637/556 633/859/775 663/636/555
f 665/639/558 635/860/776 634/637/556
f 636/640/559 635/860/776 665/639/558
f 637/642/561 636/640/559 666/641/560
f 638/644/563 637/642/561 667/643/562
f 669/646/565 639/648/567 638/644/563
f 670/647/566 640/650/569 639/648/567
f 671/649/568 641/894/806 640/650/569
f 642/651/570 641/894/806 671/649/568
f 643/653/572 642/651/570 672/652/571
f 674/655/574 644/657/576 643/653/572
f 675/656/575 645/659/578 644/657/576
f 676/658/577 646/902/814 645/659/578
f 647/660/579 646/902/814 676/658/577
f 648/662/581 647/660/579 677/661/580
f 679/664/583 649/906/818 648/662/581
f 650/665/584 649/906/818 679/664/583
f 681/667/586 651/669/588 650/665/584
f 682/668/587 652/917/829 651/669/588
f 653/670/589 652/917/829 682/668/587
f 684/672/591 654/674/593 653/670/589
f 685/673/592 655/676/595 654/674/593
f 686/675/594 656/914/826 655/676/595
f 657/677/596 656/914/826 686/675/594
f 688/679/598 658/681/600 657/677/596
f 689/680/599 659/921/833 658/681/600
f 660/682/601 659/921/833 689/680/599
f 663/636/555 662/634/553 692/686/605
f 664/638/557 663/636/555 693/687/606
f 695/689/608 665/639/558 664/638/557
f 696/690/609 666/641/560 665/639/558
f 669/646/565 668/645/564 697/691/610
f 670/647/566 669/646/565 698/692/611
f 700/694/613 671/649/568 670/647/566
f 701/695/614 672/652/571 671/649/568
f 702/696/615 673/654/573 672/652/571
f 674/655/574 673/654/573 702/696/615
f 675/656/575 674/655/574 703/697/616
f 705/699/618 676/658/577 675/656/575
f 706/700/619 677/661/580 676/658/577
f 678/663/582 677/661/580 706/700/619
f 679/664/583 678/663/582 707/701/620
f 709/703/622 680/666/585 679/664/583
f 681/667/586 680/666/585 709/703/622
f 682/668/587 681/667/586 710/704/623
f 683/671/590 682/668/587 711/705/624
f 713/707/626 684/672/591 683/671/590
f 685/673/592 684/672/591 713/707/626
f 715/709/628 686/675/594 685/673/592
f 716/710/629 687/678/597 686/675/594
f 688/679/598 687/678/597 716/710/629
f 689/680/599 688/679/598 717/711/630
f 690/683/602 689/680/599 718/712/631
f 693/687/606 692/686/605 720/714/633
f 722/716/635 694/688/607 693/687/606
f 695/689/608 694/688/607 722/716/635
f 726/721/640 699/693/612 698/692/611
f 727/722/641 700/694/613 699/693/612
f 728/723/642 701/695/614 700/694/613
f 702/696/615 701/695/614 728/723/642
f 703/697/616 702/696/615 729/724/643
f 704/698/617 703/697/616 730/725/644
f 732/727/646 705/699/618 704/698/617
f 733/728/647 706/700/619 705/699/618
f 734/729/648 707/701/620 706/700/619
f 708/702/621 707/701/620 734/729/648
f 736/731/650 709/703/622 708/702/621
f 737/732/651 710/704/623 709/703/622
f 711/705/624 710/704/623 737/732/651
f 712/706/625 711/705/624 738/733/652
f 713/707/626 712/706/625 739/734/653
f 741/736/655 714/708/627 713/707/626
f 715/709/628 714/708/627 741/736/655
f 716/710/629 715/709/628 742/737/656
f 744/739/658 717/711/630 716/710/629
f 745/740/659 718/712/631 717/711/630
f 746/741/660 719/713/632 718/712/631
f 872/742/661 874/746/665 871/743/662
f 872/742/661 720/714/633 873/745/664
f 749/748/667 722/716/635 721/715/634
f 750/749/668 723/717/636 722/716/635
f 755/753/672 726/721/640 725/720/639
f 756/754/673 727/722/641 726/721/640
f 728/723/642 727/722/641 756/754/673
f 729/724/643 728/723/642 757/755/674
f 759/757/676 730/725/644 729/724/643
f 731/726/645 730/725/644 759/757/676
f 761/759/678 732/727/646 731/726/645
f 762/760/679 733/728/647 732/727/646
f 763/761/680 734/729/648 733/728/647
f 735/730/649 734/729/648 763/761/680
f 765/763/682 736/731/650 735/730/649
f 766/764/683 737/732/651 736/731/650
f 767/765/684 738/733/652 737/732/651
f 768/766/685 739/734/653 738/733/652
f 769/767/686 740/735/654 739/734/653
f 770/768/687 741/736/655 740/735/654
f 742/737/656 741/736/655 770/768/687
f 743/738/657 742/737/656 771/769/688
f 744/739/658 743/738/657 772/770/689
f 745/740/659 744/739/658 773/771/690
f 746/741/660 745/740/659 774/772/691
f 776/774/693 876/777/696 877/775/694
f 747/744/663 871/743/662 877/775/694
f 778/779/698 749/748/667 748/747/666
f 750/749/668 749/748/667 778/779/698
f 751/781/700 750/749/668 779/780/699
f 783/788/707 754/752/671 753/751/670
f 755/753/672 754/752/671 783/788/707
f 756/754/673 755/753/672 784/789/708
f 757/755/674 756/754/673 785/790/709
f 758/756/675 757/755/674 786/791/710
f 788/793/712 759/757/676 758/756/675
f 789/794/713 760/758/677 759/757/676
f 761/759/678 760/758/677 789/794/713
f 762/760/679 761/759/678 790/795/714
f 763/761/680 762/760/679 791/796/715
f 764/762/681 763/761/680 792/797/716
f 794/799/718 765/763/682 764/762/681
f 766/764/683 765/763/682 794/799/718
f 767/765/684 766/764/683 795/800/719
f 768/766/685 767/765/684 796/801/720
f 769/767/686 768/766/685 797/802/721
f 770/768/687 769/767/686 798/803/722
f 771/769/688 770/768/687 799/804/723
f 772/770/689 771/769/688 800/805/724
f 802/807/726 773/771/690 772/770/689
f 803/808/727 774/772/691 773/771/690
f 775/773/692 774/772/691 803/808/727
f 805/810/729 879/813/732 880/811/730
f 879/813/732 776/774/693 875/776/695
f 807/815/734 778/779/698 777/778/697
f 779/780/699 778/779/698 807/815/734
f 809/817/736 780/782/701 779/780/699
f 810/818/737 781/784/703 780/782/701
f 782/787/706 781/784/703 810/818/737
f 783/788/707 782/787/706 811/819/738
f 813/821/740 784/789/708 783/788/707
f 814/822/741 785/790/709 784/789/708
f 815/823/742 786/791/710 785/790/709
f 787/792/711 786/791/710 815/823/742
f 817/825/744 788/793/712 787/792/711
f 789/794/713 788/793/712 817/825/744
f 790/795/714 789/794/713 818/826/745
f 820/828/747 791/796/715 790/795/714
f 821/829/748 792/797/716 791/796/715
f 793/798/717 792/797/716 821/829/748
f 794/799/718 793/798/717 822/830/749
f 795/800/719 794/799/718 823/831/750
f 825/833/752 796/801/720 795/800/719
f 826/834/753 797/802/721 796/801/720
f 827/835/754 798/803/722 797/802/721
f 828/836/755 799/804/723 798/803/722
f 829/837/756 800/805/724 799/804/723
f 801/806/725 800/805/724 829/837/756
f 802/807/726 801/806/725 830/838/757
f 803/808/727 802/807/726 831/839/758
f 833/841/760 804/809/728 803/808/727
f 805/810/729 878/812/731 882/842/761
f 933/849/767 934/844/763 868/850/768
f 933/849/767 631/633/552 632/635/554
f 930/858/774 931/863/779 633/859/775
f 929/862/778 930/858/774 634/637/556
f 931/863/779 932/852/770 632/635/554
f 926/865/781 637/642/561 638/644/563
f 927/864/780 636/640/559 637/642/561
f 924/867/783 925/866/782 638/644/563
f 923/893/805 924/867/783 639/648/567
f 920/897/809 642/651/570 643/653/572
f 917/899/811 918/900/812 644/657/576
f 918/900/812 919/898/810 643/653/572
f 921/895/807 641/894/806 642/651/570
f 914/904/816 647/660/579 648/662/581
f 915/903/815 646/902/814 647/660/579
f 913/905/817 648/662/581 649/906/818
f 911/908/820 912/907/819 649/906/818
f 910/910/822 911/908/820 650/665/584
f 907/911/823 653/670/589 654/674/593
f 904/913/825 905/915/827 655/676/595
f 906/912/824 654/674/593 655/676/595
f 901/920/832 658/681/600 659/921/833
f 900/922/834 659/921/833 660/682/601
f 903/918/830 904/913/825 656/914/826
f 908/916/828 652/917/829 653/670/589
f 690/683/602 895/929/841 896/927/839
f 719/713/632 893/933/845 894/928/840
f 746/741/660 891/932/844 892/930/842
f 775/773/692 889/992/895 890/931/843
f 833/841/760 885/998/901 886/993/896
f 804/809/728 887/994/897 888/991/894
f 1037/1021/924 1039/1042/945 1038/1022/925
f 1025/1024/927 1021/1023/926 1022/1025/928
f 1026/1026/929 1022/1025/928 1023/1027/930
f 1027/1028/931 1023/1027/930 1024/1029/932
f 1029/1031/934 1025/1024/927 1026/1026/929
f 1030/1032/935 1026/1026/929 1027/1028/931
f 1031/1033/936 1027/1028/931 1028/1030/933
f 1033/1035/938 1029/1031/934 1030/1032/935
f 1034/1036/939 1030/1032/935 1031/1033/936
f 1035/1037/940 1031/1033/936 1032/1034/937
f 1043/1061/963 1042/1076/978 1028/1030/933
f 1041/1075/977 1036/1038/941 1032/1034/937
f 1077/1074/976 1033/1035/938 1034/1036/939
f 1079/1078/980 1078/1077/979 1035/1037/940
f 1082/1080/982 1081/1298/1200 1111/1081/983
f 1083/1083/985 1082/1080/982 1112/1082/984
f 1114/1085/987 1084/1087/989 1083/1083/985
f 1115/1086/988 1085/1089/991 1084/1087/989
f 1116/1088/990 1086/1091/993 1085/1089/991
f 1117/1090/992 1087/1093/995 1086/1091/993
f 1118/1092/994 1088/1307/1209 1087/1093/995
f 1089/1094/996 1088/1307/1209 1118/1092/994
f 1120/1096/998 1090/1098/1000 1089/1094/996
f 1121/1097/999 1091/1311/1213 1090/1098/1000
f 1092/1099/1001 1091/1311/1213 1121/1097/999
f 1123/1101/1003 1093/1103/1005 1092/1099/1001
f 1124/1102/1004 1094/1316/1218 1093/1103/1005
f 1095/1104/1006 1094/1316/1218 1124/1102/1004
f 1126/1106/1008 1096/1108/1010 1095/1104/1006
f 1127/1107/1009 1097/1110/1012 1096/1108/1010
f 1128/1109/1011 1098/1112/1014 1097/1110/1012
f 1129/1111/1013 1099/1343/1245 1098/1112/1014
f 1100/1113/1015 1099/1343/1245 1129/1111/1013
f 1101/1115/1017 1100/1113/1015 1130/1114/1016
f 1102/1117/1019 1101/1115/1017 1131/1116/1018
f 1103/1119/1021 1102/1117/1019 1132/1118/1020
f 1134/1121/1023 1104/1351/1253 1103/1119/1021
f 1105/1122/1024 1104/1351/1253 1134/1121/1023
f 1106/1124/1026 1105/1122/1024 1135/1123/1025
f 1137/1126/1028 1107/1357/1259 1106/1124/1026
f 1108/1127/1029 1107/1357/1259 1137/1126/1028
f 1109/1129/1031 1108/1127/1029 1138/1128/1030
f 1328/1134/1036 1110/1132/1034 1329/1131/1033
f 1326/1136/1038 1330/1135/1037 1329/1131/1033
f 1142/1137/1039 1112/1082/984 1111/1081/983
f 1113/1084/986 1112/1082/984 1142/1137/1039
f 1144/1140/1042 1114/1085/987 1113/1084/986
f 1145/1141/1043 1115/1086/988 1114/1085/987
f 1116/1088/990 1115/1086/988 1145/1141/1043
f 1117/1090/992 1116/1088/990 1146/1142/1044
f 1148/1144/1046 1118/1092/994 1117/1090/992
f 1119/1095/997 1118/1092/994 1148/1144/1046
f 1120/1096/998 1119/1095/997 1149/1145/1047
f 1151/1147/1049 1121/1097/999 1120/1096/998
f 1125/1105/1007 1124/1102/1004 1153/1150/1052
f 1155/1152/1054 1126/1106/1008 1125/1105/1007
f 1127/1107/1009 1126/1106/1008 1155/1152/1054
f 1128/1109/1011 1127/1107/1009 1156/1153/1055
f 1129/1111/1013 1128/1109/1011 1157/1154/1056
f 1130/1114/1016 1129/1111/1013 1158/1155/1057
f 1131/1116/1018 1130/1114/1016 1159/1156/1058
f 1161/1158/1060 1132/1118/1020 1131/1116/1018
f 1162/1159/1061 1133/1120/1022 1132/1118/1020
f 1163/1160/1062 1134/1121/1023 1133/1120/1022
f 1164/1161/1063 1135/1123/1025 1134/1121/1023
f 1165/1162/1064 1136/1125/1027 1135/1123/1025
f 1137/1126/1028 1136/1125/1027 1165/1162/1064
f 1167/1164/1066 1138/1128/1030 1137/1126/1028
f 1168/1165/1067 1139/1130/1032 1138/1128/1030
f 1142/1137/1039 1141/1138/1040 1170/1168/1070
f 1143/1139/1041 1142/1137/1039 1171/1169/1071
f 1144/1140/1042 1143/1139/1041 1172/1170/1072
f 1174/1172/1074 1145/1141/1043 1144/1140/1042
f 1175/1173/1075 1146/1142/1044 1145/1141/1043
f 1147/1143/1045 1146/1142/1044 1175/1173/1075
f 1177/1175/1077 1148/1144/1046 1147/1143/1045
f 1149/1145/1047 1148/1144/1046 1177/1175/1077
f 1179/1177/1079 1150/1146/1048 1149/1145/1047
f 1467/1148/1050 1151/1147/1049 1468/1178/1080
f 1466/1181/1083 1469/1180/1082 1468/1178/1080
f 1182/1182/1084 1155/1152/1054 1154/1151/1053
f 1183/1184/1086 1156/1153/1055 1155/1152/1054
f 1184/1185/1087 1157/1154/1056 1156/1153/1055
f 1185/1186/1088 1158/1155/1057 1157/1154/1056
f 1186/1187/1089 1159/1156/1058 1158/1155/1057
f 1160/1157/1059 1159/1156/1058 1186/1187/1089
f 1188/1189/1091 1161/1158/1060 1160/1157/1059
f 1189/1190/1092 1162/1159/1061 1161/1158/1060
f 1190/1191/1093 1163/1160/1062 1162/1159/1061
f 1191/1192/1094 1164/1161/1063 1163/1160/1062
f 1192/1193/1095 1165/1162/1064 1164/1161/1063
f 1166/1163/1065 1165/1162/1064 1192/1193/1095
f 1194/1195/1097 1167/1164/1066 1166/1163/1065
f 1195/1196/1098 1168/1165/1067 1167/1164/1066
f 1171/1169/1071 1170/1168/1070 1196/1197/1099
f 1172/1170/1072 1171/1169/1071 1197/1198/1100
f 1199/1200/1102 1173/1171/1073 1172/1170/1072
f 1174/1172/1074 1173/1171/1073 1199/1200/1102
f 1201/1202/1104 1175/1173/1075 1174/1172/1074
f 1202/1203/1105 1176/1174/1076 1175/1173/1075
f 1203/1204/1106 1177/1175/1077 1176/1174/1076
f 1204/1205/1107 1178/1176/1078 1177/1175/1077
f 1205/1206/1108 1179/1177/1079 1178/1176/1078
f 1206/1207/1109 1180/1179/1081 1179/1177/1079
f 1182/1182/1084 1181/1183/1085 1210/1208/1110
f 1212/1210/1112 1183/1184/1086 1182/1182/1084
f 1213/1211/1113 1184/1185/1087 1183/1184/1086
f 1185/1186/1088 1184/1185/1087 1213/1211/1113
f 1186/1187/1089 1185/1186/1088 1214/1212/1114
f 1187/1188/1090 1186/1187/1089 1215/1213/1115
f 1188/1189/1091 1187/1188/1090 1216/1214/1116
f 1189/1190/1092 1188/1189/1091 1217/1215/1117
f 1190/1191/1093 1189/1190/1092 1218/1216/1118
f 1220/1218/1120 1191/1192/1094 1190/1191/1093
f 1192/1193/1095 1191/1192/1094 1220/1218/1120
f 1193/1194/1096 1192/1193/1095 1221/1219/1121
f 1194/1195/1097 1193/1194/1096 1222/1220/1122
f 1325/1224/1126 1323/1366/1268 1195/1196/1098
f 1320/1225/1127 1325/1224/1126 1324/1222/1124
f 1226/1226/1128 1197/1198/1100 1196/1197/1099
f 1198/1199/1101 1197/1198/1100 1226/1226/1128
f 1228/1229/1131 1199/1200/1102 1198/1199/1101
f 1200/1201/1103 1199/1200/1102 1228/1229/1131
f 1201/1202/1104 1200/1201/1103 1229/1230/1132
f 1231/1232/1134 1202/1203/1105 1201/1202/1104
f 1203/1204/1106 1202/1203/1105 1231/1232/1134
f 1204/1205/1107 1203/1204/1106 1232/1233/1135
f 1205/1206/1108 1204/1205/1107 1233/1234/1136
f 1206/1207/1109 1205/1206/1108 1234/1235/1137
f 1236/1237/1139 1207/1324/1226 1206/1207/1109
f 1210/1208/1110 1209/1242/1144 1238/1241/1143
f 1240/1244/1146 1211/1209/1111 1210/1208/1110
f 1241/1245/1147 1212/1210/1112 1211/1209/1111
f 1213/1211/1113 1212/1210/1112 1241/1245/1147
f 1214/1212/1114 1213/1211/1113 1242/1246/1148
f 1244/1248/1150 1215/1213/1115 1214/1212/1114
f 1245/1249/1151 1216/1214/1116 1215/1213/1115
f 1246/1250/1152 1217/1215/1117 1216/1214/1116
f 1247/1251/1153 1218/1216/1118 1217/1215/1117
f 1248/1252/1154 1219/1217/1119 1218/1216/1118
f 1220/1218/1120 1219/1217/1119 1248/1252/1154
f 1221/1219/1121 1220/1218/1120 1249/1253/1155
f 1251/1255/1157 1222/1220/1122 1221/1219/1121
f 1252/1256/1158 1223/1221/1123 1222/1220/1122
f 1320/1225/1127 1224/1223/1125 1321/1257/1159
f 1317/1260/1162 1322/1259/1161 1321/1257/1159
f 1226/1226/1128 1225/1227/1129 1254/1261/1163
f 1256/1263/1165 1227/1228/1130 1226/1226/1128
f 1228/1229/1131 1227/1228/1130 1256/1263/1165
f 1258/1265/1167 1229/1230/1132 1228/1229/1131
f 1259/1266/1168 1230/1231/1133 1229/1230/1132
f 1231/1232/1134 1230/1231/1133 1259/1266/1168
f 1232/1233/1135 1231/1232/1134 1260/1267/1169
f 1262/1269/1171 1233/1234/1136 1232/1233/1135
f 1263/1270/1172 1234/1235/1137 1233/1234/1136
f 1264/1271/1173 1235/1236/1138 1234/1235/1137
f 1265/1272/1174 1236/1237/1139 1235/1236/1138
f 1237/1240/1142 1236/1237/1139 1265/1272/1174
f 1267/1274/1176 1238/1241/1143 1237/1240/1142
f 1268/1275/1177 1239/1243/1145 1238/1241/1143
f 1269/1276/1178 1240/1244/1146 1239/1243/1145
f 1270/1277/1179 1241/1245/1147 1240/1244/1146
f 1242/1246/1148 1241/1245/1147 1270/1277/1179
f 1272/1279/1181 1243/1247/1149 1242/1246/1148
f 1273/1280/1182 1244/1248/1150 1243/1247/1149
f 1274/1281/1183 1245/1249/1151 1244/1248/1150
f 1246/1250/1152 1245/1249/1151 1274/1281/1183
f 1247/1251/1153 1246/1250/1152 1275/1282/1184
f 1277/1284/1186 1248/1252/1154 1247/1251/1153
f 1249/1253/1155 1248/1252/1154 1277/1284/1186
f 1250/1254/1156 1249/1253/1155 1278/1285/1187
f 1280/1287/1189 1251/1255/1157 1250/1254/1156
f 1252/1256/1158 1251/1255/1157 1280/1287/1189
f 1319/1291/1193 1317/1260/1162 1253/1258/1160
f 1316/1292/1194 1319/1291/1193 1318/1289/1191
f 1443/1296/1198 1444/1297/1199 1082/1080/982
f 1444/1297/1199 1445/1294/1196 1081/1298/1200
f 1440/1301/1203 1085/1089/991 1086/1091/993
f 1441/1299/1201 1084/1087/989 1085/1089/991
f 1438/1305/1207 1439/1302/1204 1086/1091/993
f 1437/1306/1208 1438/1305/1207 1087/1093/995
f 1436/1309/1211 1437/1306/1208 1088/1307/1209
f 1434/1310/1212 1090/1098/1000 1091/1311/1213
f 1431/1313/1215 1432/1314/1216 1092/1099/1001
f 1432/1314/1216 1433/1312/1214 1091/1311/1213
f 1430/1315/1217 1431/1313/1215 1093/1103/1005
f 1170/1168/1070 1141/1138/1040 1401/1321/1223
f 1209/1242/1144 1210/1208/1110 1181/1183/1085
f 1427/1340/1242 1096/1108/1010 1097/1110/1012
f 1428/1339/1241 1095/1104/1006 1096/1108/1010
f 1424/1342/1244 1425/1346/1248 1098/1112/1014
f 1423/1345/1247 1424/1342/1244 1099/1343/1245
f 1425/1346/1248 1426/1341/1243 1097/1110/1012
f 1101/1115/1017 1421/1347/1249 1422/1344/1246
f 1102/1117/1019 1420/1348/1250 1421/1347/1249
f 1420/1348/1250 1102/1117/1019 1103/1119/1021
f 1417/1350/1252 1418/1352/1254 1104/1351/1253
f 1418/1352/1254 1419/1349/1251 1103/1119/1021
f 1413/1355/1257 1108/1127/1029 1109/1129/1031
f 1415/1354/1256 1106/1124/1026 1107/1357/1259
f 1410/1359/1261 1411/1360/1262 1110/1132/1034
f 1411/1360/1262 1412/1356/1258 1109/1129/1031
f 1414/1358/1260 1107/1357/1259 1108/1127/1029
f 1196/1197/1099 1170/1168/1070 1403/1323/1225
f 1254/1261/1163 1225/1227/1129 1407/1385/1282
f 1255/1262/1164 1336/1414/1309 1337/1388/1285
f 1257/1264/1166 1340/1416/1311 1341/1389/1286
f 1256/1263/1165 1338/1415/1310 1339/1390/1287
f 1259/1266/1168 1344/1417/1312 1345/1391/1288
f 1262/1269/1171 1261/1268/1170 1349/1392/1289
f 1261/1268/1170 1260/1267/1169 1347/1394/1291
f 1258/1265/1167 1342/1418/1313 1343/1396/1293
f 1255/1262/1164 1254/1261/1163 1334/1397/1294
f 1207/1324/1226 1236/1237/1139 1237/1240/1142
f 1264/1271/1173 1355/1421/1315 1356/1404/1301
f 1263/1270/1172 1353/1420/1314 1354/1405/1302
f 1267/1274/1176 1266/1273/1175 1360/1406/1303
f 1265/1272/1174 1357/1422/1316 1358/1408/1305
f 1263/1270/1172 1262/1269/1171 1351/1409/1306
f 1268/1275/1177 1267/1274/1176 1362/1424/1317
f 1270/1277/1179 1368/1461/1348 1369/1426/1319
f 1269/1276/1178 1366/1459/1347 1367/1427/1320
f 1273/1280/1182 1272/1279/1181 1373/1428/1321
f 1275/1282/1184 1274/1281/1183 1377/1430/1323
f 1274/1281/1183 1273/1280/1182 1375/1432/1325
f 1272/1279/1181 1271/1278/1180 1371/1434/1327
f 1276/1283/1185 1381/1466/1352 1382/1436/1329
f 1278/1285/1187 1385/1464/1351 1386/1437/1330
f 1277/1284/1186 1383/1463/1350 1384/1438/1331
f 1281/1288/1190 1280/1287/1189 1390/1439/1332
f 1282/1290/1192 1281/1288/1190 1392/1443/1336
f 1280/1287/1189 1279/1286/1188 1388/1445/1338
f 1275/1282/1184 1379/1462/1349 1380/1447/1340
f 1268/1275/1177 1364/1469/1353 1365/1458/1346
f 1471/1475/1354 1501/1512/1354 1571/1471/1354
f 1571/1471/1354 1501/1512/1354 1568/1476/1354
f 1575/1478/1355 1488/1483/1354 1498/1479/1354
f 1576/1480/1355 1498/1479/1354 1487/1474/1354
f 1577/1482/1354 1490/1486/1354 1488/1483/1354
f 1495/1484/1354 1496/1547/1360 1494/1488/1354
f 1498/1479/1354 1500/1489/1354 1497/1470/1354
f 1488/1483/1354 1489/1485/1354 1500/1489/1354
f 1500/1489/1354 1499/1491/1354 1471/1475/1354
f 1499/1491/1354 1508/1495/1354 1506/1492/1354
f 1508/1495/1354 1507/1498/1354 1474/1499/1354
f 1505/1500/1355 1504/1504/1354 1492/1494/1354
f 1504/1504/1354 1525/1505/1354 1523/1496/1354
f 1493/1502/1354 1521/1501/1358 1525/1505/1354
f 1525/1505/1354 1524/1506/1354 1476/1497/1354
f 1524/1506/1354 1528/1508/1354 1526/1507/1354
f 1528/1508/1354 1527/1528/1354 1522/1509/1354
f 1507/1498/1354 1530/1511/1354 1529/1510/1357
f 1501/1512/1354 1569/1514/1354 1570/1513/1357
f 1501/1512/1354 1471/1475/1354 1506/1492/1354
f 1472/1541/1354 1477/1542/1368 1490/1486/1354
f 1647/1578/1374 1600/1583/1374 1608/1579/1374
f 1608/1579/1374 1609/1584/1374 1607/1581/1375
f 1600/1583/1374 1602/1591/1376 1609/1584/1374
f 1649/1586/1374 1603/1590/1374 1600/1583/1374
f 1603/1590/1374 1605/1593/1375 1602/1591/1376
f 1601/1592/1374 1604/1589/1374 1605/1593/1375
f 1650/1587/1374 1651/1604/1374 1598/1594/1377
f 1599/1585/1374 1610/1625/1374 1646/1595/1375
f 1653/1652/1385 1652/1731/1464 1655/1653/1386
f 1657/1655/1388 1654/1752/1485 1653/1652/1385
f 1659/1656/1389 1656/1654/1387 1655/1653/1386
f 1660/1658/1391 1657/1655/1388 1656/1654/1387
f 1659/1656/1389 1658/1657/1390 1661/1659/1392
f 1663/1661/1394 1660/1658/1391 1659/1656/1389
f 1662/1660/1393 1661/1659/1392 1664/1662/1395
f 1666/1664/1397 1663/1661/1394 1662/1660/1393
f 1665/1663/1396 1664/1662/1395 1667/1665/1398
f 1666/1664/1397 1665/1663/1396 1668/1666/1399
f 1671/1668/1401 1668/1666/1399 1667/1665/1398
f 1669/1667/1400 1668/1666/1399 1671/1668/1401
f 1671/1668/1401 1670/1669/1402 1673/1671/1404
f 1672/1670/1403 1671/1668/1401 1674/1672/1405
f 1677/1674/1407 1674/1672/1405 1673/1671/1404
f 1675/1673/1406 1674/1672/1405 1677/1674/1407
f 1680/1677/1410 1677/1674/1407 1676/1675/1408
f 1678/1676/1409 1677/1674/1407 1680/1677/1410
f 1680/1677/1410 1679/1678/1411 1682/1680/1413
f 1684/1682/1415 1681/1679/1412 1680/1677/1410
f 1683/1681/1414 1682/1680/1413 1685/1683/1416
f 1687/1685/1418 1684/1682/1415 1683/1681/1414
f 1686/1684/1417 1685/1683/1416 1688/1686/1419
f 1687/1685/1418 1686/1684/1417 1689/1687/1420
f 1692/1689/1422 1689/1687/1420 1688/1686/1419
f 1693/1691/1424 1690/1688/1421 1689/1687/1420
f 1692/1689/1422 1691/1690/1423 1694/1692/1425
f 1693/1691/1424 1692/1689/1422 1695/1693/1426
f 1695/1693/1426 1694/1692/1425 1697/1695/1428
f 1699/1697/1430 1696/1694/1427 1695/1693/1426
f 1701/1698/1431 1698/1696/1429 1697/1695/1428
f 1702/1700/1433 1699/1697/1430 1698/1696/1429
f 1701/1698/1431 1700/1699/1432 1703/1701/1434
f 1702/1700/1433 1701/1698/1431 1704/1702/1435
f 1707/1704/1437 1704/1702/1435 1703/1701/1434
f 1705/1703/1436 1704/1702/1435 1707/1704/1437
f 1710/1707/1440 1707/1704/1437 1706/1705/1438
f 1708/1706/1439 1707/1704/1437 1710/1707/1440
f 1713/1710/1443 1710/1707/1440 1709/1708/1441
f 1711/1709/1442 1710/1707/1440 1713/1710/1443
f 1716/1713/1446 1713/1710/1443 1712/1711/1444
f 1717/1715/1448 1714/1712/1445 1713/1710/1443
f 1716/1713/1446 1715/1714/1447 1718/1716/1449
f 1720/1718/1451 1717/1715/1448 1716/1713/1446
f 1722/1719/1452 1719/1717/1450 1718/1716/1449
f 1720/1718/1451 1719/1717/1450 1722/1719/1452
f 1722/1719/1452 1721/1720/1453 1724/1722/1455
f 1723/1721/1454 1722/1719/1452 1725/1723/1456
f 1728/1725/1458 1726/1724/1457 1725/1723/1456
f 1748/1730/1463 1749/1737/1470 1655/1653/1386
f 1753/1734/1467 1664/1662/1395 1661/1659/1392
f 1751/1733/1466 1752/1735/1468 1661/1659/1392
f 1756/1738/1471 1670/1669/1402 1667/1665/1398
f 1667/1665/1398 1664/1662/1395 1754/1736/1469
f 1758/1741/1474 1759/1742/1475 1676/1675/1408
f 1761/1744/1477 1762/1747/1480 1682/1680/1413
f 1764/1746/1479 1765/5399/4747 1688/1686/1419
f 1688/1686/1419 1765/5399/4747 1766/1748/1481
f 1694/1692/1425 1691/1690/1423 1767/1749/1482
f 1819/1728/1461 1652/1731/1464 1653/1652/1385
f 1818/1751/1484 1653/1652/1385 1654/1752/1485
f 1657/1655/1388 1660/1658/1391 1813/1754/1487
f 1663/1661/1394 1666/1664/1397 1811/1756/1489
f 1666/1664/1397 1669/1667/1400 1810/1758/1491
f 1660/1658/1391 1663/1661/1394 1812/1757/1490
f 1654/1752/1485 1657/1655/1388 1814/1755/1488
f 1672/1670/1403 1808/1762/1495 1809/1761/1494
f 1675/1673/1406 1807/1764/1497 1808/1762/1495
f 1681/1679/1412 1805/1768/1501 1806/1763/1496
f 1678/1676/1409 1806/1763/1496 1807/1764/1497
f 1690/1688/1421 1802/1766/1499 1803/1765/1498
f 1693/1691/1424 1801/1769/1502 1802/1766/1499
f 1687/1685/1418 1803/1765/1498 1804/1767/1500
f 1684/1682/1415 1804/1767/1500 1805/1768/1501
f 1801/1769/1502 1693/1691/1424 1696/1694/1427
f 1799/1771/1504 1800/1770/1503 1696/1694/1427
f 1694/1692/1425 1768/1750/1483 1769/1772/1505
f 1774/1777/1510 1775/1778/1511 1709/1708/1441
f 1772/1775/1508 1703/1701/1434 1700/1699/1432
f 1715/1714/1447 1712/1711/1444 1777/1780/1513
f 1715/1714/1447 1778/1781/1514 1779/1782/1515
f 1721/1720/1453 1718/1716/1449 1780/1783/1516
f 1782/1785/1518 1724/1722/1455 1721/1720/1453
f 1798/1796/1528 1799/1771/1504 1699/1697/1430
f 1705/1703/1436 1708/1706/1439 1796/1797/1529
f 1702/1700/1433 1705/1703/1436 1797/1798/1530
f 1708/1706/1439 1711/1709/1442 1795/1799/1531
f 1714/1712/1445 1717/1715/1448 1793/1800/1532
f 1720/1718/1451 1791/1803/1535 1792/1802/1534
f 1711/1709/1442 1714/1712/1445 1794/1801/1533
f 1723/1721/1454 1790/1804/1536 1791/1803/1535
f 1726/1724/1457 1789/1805/1537 1790/1804/1536
f 1728/1725/1458 1788/1808/1540 1789/1805/1537
f 1728/1725/1458 1821/1794/1526 1787/1807/1539
f 1825/1822/1553 1824/1821/1552 1827/1825/1556
f 1830/1827/1558 1827/1825/1556 1826/1824/1555
f 1828/1826/1557 1827/1825/1556 1830/1827/1558
f 1830/1827/1558 1829/1828/1559 1832/1830/1561
f 1834/1832/1563 1831/1829/1560 1830/1827/1558
f 1833/1831/1562 1832/1830/1561 1835/1833/1564
f 1837/1835/1566 1834/1832/1563 1833/1831/1562
f 1839/1836/1567 1836/1834/1565 1835/1833/1564
f 1837/1835/1566 1836/1834/1565 1839/1836/1567
f 1839/1836/1567 1838/1837/1568 1841/1839/1570
f 1840/1838/1569 1839/1836/1567 1842/1840/1571
f 1845/1842/1573 1842/1840/1571 1841/1839/1570
f 1846/1844/1575 1843/1841/1572 1842/1840/1571
f 1845/1842/1573 1844/1843/1574 1847/1845/1576
f 1849/1847/1578 1846/1844/1575 1845/1842/1573
f 1848/1846/1577 1847/1845/1576 1850/1848/1579
f 1849/1847/1578 1848/1846/1577 1851/1849/1580
f 1854/1851/1582 1851/1849/1580 1850/1848/1579
f 1852/1850/1581 1851/1849/1580 1854/1851/1582
f 1857/1854/1585 1854/1851/1582 1853/1852/1583
f 1858/1856/1587 1855/1853/1584 1854/1851/1582
f 1857/1854/1585 1856/1855/1586 1859/1857/1588
f 1858/1856/1587 1857/1854/1585 1860/1858/1589
f 1863/1860/1591 1860/1858/1589 1859/1857/1588
f 1864/1862/1593 1861/1859/1590 1860/1858/1589
f 1863/1860/1591 1862/1861/1592 1865/1863/1594
f 1867/1865/1596 1864/1862/1593 1863/1860/1591
f 1866/1864/1595 1865/1863/1594 1868/1866/1597
f 1870/1868/1599 1867/1865/1596 1866/1864/1595
f 1869/1867/1598 1868/1866/1597 1871/1869/1600
f 1873/1871/1602 1870/1868/1599 1869/1867/1598
f 1872/1870/1601 1871/1869/1600 1874/1872/1603
f 1873/1871/1602 1872/1870/1601 1875/1873/1604
f 1878/1875/1606 1875/1873/1604 1874/1872/1603
f 1879/1877/1608 1876/1874/1605 1875/1873/1604
f 1881/1878/1609 1878/1875/1606 1877/1876/1607
f 1879/1877/1608 1878/1875/1606 1881/1878/1609
f 1884/1881/1612 1881/1878/1609 1880/1879/1610
f 1882/1880/1611 1881/1878/1609 1884/1881/1612
f 1887/1884/1615 1884/1881/1612 1883/1882/1613
f 1885/1883/1614 1884/1881/1612 1887/1884/1615
f 1887/1884/1615 1886/1885/1616 1889/1887/1618
f 1888/1886/1617 1887/1884/1615 1890/1888/1619
f 1893/1890/1621 1890/1888/1619 1889/1887/1618
f 1894/1892/1623 1891/1889/1620 1890/1888/1619
f 1896/1893/1624 1893/1890/1621 1892/1891/1622
f 1897/1895/1626 1894/1892/1623 1893/1890/1621
f 1896/1893/1624 1895/1894/1625 1898/1896/1627
f 1897/1895/1626 1896/1893/1624 1899/1897/1628
f 1899/1897/1628 1898/1896/1627 1901/1899/1630
f 1903/1901/1632 1900/1898/1629 1899/1897/1628
f 1906/1905/1636 1907/5400/4748 1829/1828/1559
f 1829/1828/1559 1907/5400/4748 1908/1906/1637
f 1825/1822/1553 1974/1938/1669 1975/1915/1646
f 1910/1916/1647 1911/1917/1648 1838/1837/1568
f 1913/1919/1650 1914/1923/1654 1844/1843/1574
f 1915/1920/1651 1847/1845/1576 1844/1843/1574
f 1853/1852/1583 1850/1848/1579 1917/1922/1653
f 1828/1826/1557 1973/1939/1670 1974/1938/1669
f 1831/1829/1560 1972/1951/1682 1973/1939/1670
f 1837/1835/1566 1970/1945/1676 1971/1942/1673
f 1840/1838/1569 1843/1841/1572 1968/1943/1674
f 1837/1835/1566 1840/1838/1569 1969/1944/1675
f 1846/1844/1575 1849/1847/1578 1966/1946/1677
f 1855/1853/1584 1963/1949/1680 1964/1948/1679
f 1858/1856/1587 1962/1983/1714 1963/1949/1680
f 1849/1847/1578 1852/1850/1581 1965/1950/1681
f 1843/1841/1572 1846/1844/1575 1967/1947/1678
f 1972/1951/1682 1831/1829/1560 1834/1832/1563
f 1920/1926/1657 1921/1954/1685 1859/1857/1588
f 1922/1952/1683 1862/1861/1592 1859/1857/1588
f 1925/1955/1686 1868/1866/1597 1865/1863/1594
f 1927/1958/1689 1928/5401/4749 1874/1872/1603
f 1874/1872/1603 1928/5401/4749 1929/1959/1690
f 1880/1879/1610 1877/1876/1607 1930/1960/1691
f 1932/1962/1693 1883/1882/1613 1880/1879/1610
f 1936/1965/1696 1892/1891/1622 1889/1887/1618
f 1939/1969/1700 1898/1896/1627 1895/1894/1625
f 1934/1964/1695 1935/1966/1697 1889/1887/1618
f 1898/1896/1627 1939/1969/1700 1940/1970/1701
f 1864/1862/1593 1960/1977/1708 1961/1974/1705
f 1867/1865/1596 1870/1868/1599 1958/1975/1706
f 1867/1865/1596 1959/1976/1707 1960/1977/1708
f 1873/1871/1602 1876/1874/1605 1956/1978/1709
f 1879/1877/1608 1882/1880/1611 1954/1980/1711
f 1882/1880/1611 1885/1883/1614 1953/1982/1713
f 1876/1874/1605 1879/1877/1608 1955/1981/1712
f 1870/1868/1599 1873/1871/1602 1957/1979/1710
f 1962/1983/1714 1858/1856/1587 1861/1859/1590
f 1891/1889/1620 1950/1987/1718 1951/1985/1716
f 1897/1895/1626 1948/1990/1721 1949/1986/1717
f 1894/1892/1623 1949/1986/1717 1950/1987/1718
f 1902/1900/1631 1901/1899/1630 1942/1973/1704
f 1903/1901/1632 1902/1900/1631 1943/1988/1719
f 1900/1898/1629 1947/1992/1723 1948/1990/1721
f 1947/1992/1723 1900/1898/1629 1903/1901/1632
f 2014/1994/1725 2015/2013/1744 2013/1995/1726
f 1998/1997/1728 1997/1996/1727 2001/1998/1729
f 1999/2000/1731 1998/1997/1728 2002/1999/1730
f 2000/2002/1733 1999/2000/1731 2003/2001/1732
f 2002/1999/1730 2001/1998/1729 2005/2004/1735
f 2003/2001/1732 2002/1999/1730 2006/2005/1736
f 2004/2003/1734 2003/2001/1732 2007/2006/1737
f 2006/2005/1736 2005/2004/1735 2009/2008/1739
f 2007/2006/1737 2006/2005/1736 2010/2009/1740
f 2008/2007/1738 2007/2006/1737 2011/2010/1741
f 2011/2010/1741 2055/2051/1779 2056/2052/1780
f 2221/2113/1783 2223/2116/1786 2191/2114/1784
f 2223/2116/1786 2222/5402/4750 2117/2117/1355
f 2191/2114/1784 2117/2117/1355 2190/2118/1372
f 2118/2115/1785 2191/2114/1784 2192/2119/1787
f 2224/2121/1788 2225/2124/1791 2188/2122/1789
f 2225/2124/1791 2221/2113/1783 2118/2115/1785
f 2188/2122/1789 2118/2115/1785 2187/2120/1785
f 2184/2126/1793 2119/2123/1790 2188/2122/1789
f 2226/2127/1794 2227/2130/1797 2185/2128/1795
f 2227/2130/1797 2224/2121/1788 2119/2123/1790
f 2185/2128/1795 2119/2123/1790 2184/2126/1793
f 2120/2129/1796 2185/2128/1795 2186/2131/1798
f 2228/2133/1800 2229/2136/1802 2182/2134/1801
f 2229/2136/1802 2226/2127/1794 2120/2129/1796
f 2182/2134/1801 2120/2129/1796 2181/2132/1799
f 2121/2135/3 2182/2134/1801 2183/2137/1803
f 2230/2139/1804 2231/2142/1807 2179/2140/1805
f 2231/2142/1807 2228/2133/1800 2121/2135/3
f 2179/2140/1805 2121/2135/3 2178/2138/8
f 2122/2141/1806 2179/2140/1805 2180/2143/1805
f 2232/2145/1809 2233/2148/1812 2176/2146/1810
f 2233/2148/1812 2230/2139/1804 2122/2141/1806
f 2176/2146/1810 2122/2141/1806 2175/2144/1808
f 2123/2147/1811 2176/2146/1810 2177/2149/1813
f 2234/2151/1815 2235/2154/1818 2173/2152/1816
f 2235/2154/1818 2232/2145/1809 2123/2147/1811
f 2173/2152/1816 2123/2147/1811 2172/2150/1814
f 2124/2153/1817 2173/2152/1816 2174/2155/1816
f 2236/2157/1820 2238/2160/1822 2237/2158/1821
f 2238/2160/1822 2234/2151/1815 2124/2153/1817
f 2239/2161/1823 2240/2164/1826 2170/2162/1824
f 2240/2164/1826 2236/2157/1820 2126/2159/1374
f 2241/2165/1827 2242/2168/1830 2169/2166/1828
f 2242/2168/1830 2239/2161/1823 2127/2163/1825
f 2243/2169/1831 2244/2172/1834 2168/2170/1832
f 2244/2172/1834 2241/2165/1827 2128/2167/1829
f 2245/2173/1835 2246/2176/1837 2167/2174/1836
f 2246/2176/1837 2243/2169/1831 2129/2171/1833
f 2247/2177/1838 2248/2180/1841 2166/2178/1839
f 2248/2180/1841 2245/2173/1835 2130/2175/904
f 2249/2181/1842 2250/2184/1845 2164/2182/1843
f 2250/2184/1845 2247/2177/1838 2131/2179/1840
f 2164/2182/1843 2131/2179/1840 2163/2185/1840
f 2132/2183/1844 2164/2182/1843 2165/2186/1846
f 2251/2188/1848 2252/2191/1851 2161/2189/1849
f 2252/2191/1851 2249/2181/1842 2132/2183/1844
f 2161/2189/1849 2132/2183/1844 2160/2187/1847
f 2133/2190/1850 2161/2189/1849 2162/2192/1852
f 2253/2194/1854 2254/2197/1856 2158/2195/1855
f 2254/2197/1856 2251/2188/1848 2133/2190/1850
f 2158/2195/1855 2133/2190/1850 2157/2193/1853
f 2135/2196/1354 2158/2195/1855 2159/2198/1857
f 2116/2200/1858 2222/5402/4750 2223/2116/1786
f 2193/2201/1859 2223/2116/1786 2221/2113/1783
f 2195/2203/1861 2225/2124/1791 2224/2121/1788
f 2197/2205/1863 2227/2130/1797 2226/2127/1794
f 2196/2204/1862 2224/2121/1788 2227/2130/1797
f 2194/2202/1860 2221/2113/1783 2225/2124/1791
f 2229/2136/1802 2199/2208/1866 2198/2206/1864
f 2228/2133/1800 2231/2142/1807 2200/2207/1865
f 2231/2142/1807 2230/2139/1804 2201/2209/1867
f 2233/2148/1812 2232/2145/1809 2203/2210/1868
f 2204/2212/1870 2203/2210/1868 2232/2145/1809
f 2230/2139/1804 2233/2148/1812 2202/2211/1869
f 2234/2151/1815 2238/2160/1822 2206/2213/1871
f 2238/2160/1822 2236/2157/1820 2125/2215/1873
f 2235/2154/1818 2234/2151/1815 2205/2214/1872
f 2207/2226/1883 2240/2164/1826 2239/2161/1823
f 2208/2227/1884 2239/2161/1823 2242/2168/1830
f 2210/2229/1886 2241/2165/1827 2244/2172/1834
f 2212/2231/1888 2243/2169/1831 2246/2176/1837
f 2211/2230/1887 2244/2172/1834 2243/2169/1831
f 2209/2228/1885 2242/2168/1830 2241/2165/1827
f 2240/2164/1826 2207/2226/1883 2125/2215/1873
f 2248/2180/1841 2247/2177/1838 2215/2233/1890
f 2247/2177/1838 2250/2184/1845 2216/2235/1892
f 2249/2181/1842 2252/2191/1851 2218/2236/1893
f 2251/2188/1848 2254/2197/1856 2220/2238/1895
f 2252/2191/1851 2251/2188/1848 2219/2239/1896
f 2250/2184/1845 2249/2181/1842 2217/2237/1894
f 2254/2197/1856 2253/2194/1854 2134/2240/1897
f 2399/2310/1907 2398/2414/1354 2367/2311/1355
f 2403/2316/1910 2405/2319/1912 2404/2317/1911
f 2406/2320/1913 2408/2323/1915 2407/2321/1914
f 2408/2323/1915 2403/2316/1910 2366/2318/1816
f 2409/2324/1916 2411/2327/1918 2410/2325/1917
f 2411/2327/1918 2406/2320/1913 2364/2322/1819
f 2412/2328/1919 2415/2331/1922 2413/2329/1920
f 2415/2331/1922 2414/2428/2006 2362/2332/1375
f 2416/2333/1923 2418/2336/1926 2417/2334/1924
f 2418/2336/1926 2412/2328/1919 2363/2330/1921
f 2360/2337/1927 2358/2344/1933 2359/2338/1928
f 2351/2340/1930 2360/2337/1927 2361/2339/1929
f 2419/2342/1931 2421/2345/1934 2420/2343/1932
f 2421/2345/1934 2416/2333/1923 2357/2335/1925
f 2422/2346/1935 2423/2347/1936 2360/2337/1927
f 2423/2347/1936 2419/2342/1931 2358/2344/1933
f 2355/2348/1937 2351/2340/1930 2354/2341/1829
f 2352/2350/1939 2355/2348/1937 2356/2349/1938
f 2424/2352/1940 2425/2353/1941 2355/2348/1937
f 2425/2353/1941 2422/2346/1935 2351/2340/1930
f 2426/2354/1942 2428/2357/1945 2427/2355/1943
f 2428/2357/1945 2424/2352/1940 2352/2350/1939
f 2349/2358/1946 2345/2356/1944 2348/2359/1947
f 2346/2361/1949 2349/2358/1946 2350/2360/1948
f 2429/2363/1951 2430/2364/1952 2349/2358/1946
f 2430/2364/1952 2426/2354/1942 2345/2356/1944
f 2431/2365/1953 2433/2368/1955 2432/2366/1954
f 2433/2368/1955 2429/2363/1951 2346/2361/1949
f 2434/2369/1956 2436/2372/1958 2435/2370/1957
f 2436/2372/1958 2431/2365/1953 2343/2367/904
f 2437/2373/1959 2439/2376/1961 2438/2374/1960
f 2439/2376/1961 2434/2369/1956 2344/2371/1839
f 2440/2377/1962 2442/2380/1965 2441/2378/1963
f 2442/2380/1965 2437/2373/1959 2341/2375/1840
f 2443/2381/1966 2445/2384/1969 2444/2382/1967
f 2445/2384/1969 2440/2377/1962 2342/2379/1964
f 2446/2385/1970 2448/2388/1972 2447/2386/1971
f 2448/2388/1972 2443/2381/1966 2339/2383/1968
f 2449/2389/1973 2451/2392/1975 2450/2390/1974
f 2451/2392/1975 2446/2385/1970 2340/2387/1852
f 2452/2393/1976 2454/2396/1978 2453/2394/1977
f 2454/2396/1978 2449/2389/1973 2337/2391/1853
f 2455/2397/1354 2457/2400/1980 2456/2398/1979
f 2457/2400/1980 2452/2393/1976 2338/2395/1857
f 2379/2420/1998 2403/2316/1910 2408/2323/1915
f 2380/2422/2000 2406/2320/1913 2411/2327/1918
f 2415/2331/1922 2412/2328/1919 2383/2424/2002
f 2418/2336/1926 2416/2333/1923 2384/2426/2004
f 2409/2324/1916 2414/2428/2006 2382/2425/2003
f 2421/2345/1934 2419/2342/1931 2385/2427/2005
f 2409/2324/1916 2365/2326/1821 2362/2332/1375
f 2386/2434/2011 2425/2353/1941 2424/2352/1940
f 2387/2436/2013 2428/2357/1945 2426/2354/1942
f 2431/2365/1953 2436/2372/1958 2390/2438/2015
f 2388/2437/2014 2430/2364/1952 2429/2363/1951
f 2434/2369/1956 2439/2376/1961 2391/2440/2017
f 2440/2377/1962 2445/2384/1969 2393/2442/2019
f 2394/2443/2020 2446/2385/1970 2451/2392/1975
f 2395/2444/2021 2449/2389/1973 2454/2396/1978
f 2443/2381/1966 2448/2388/1972 2394/2443/2020
f 2396/2445/2022 2452/2393/1976 2457/2400/1980
f 2485/2454/1354 2484/2460/1354 2486/2455/1354
f 2488/2457/1354 2483/2462/1354 2489/2458/1354
f 2490/2459/1354 2489/2458/1354 2484/2460/1354
f 2489/2458/1354 2563/2463/1354 2555/2461/1354
f 2483/2462/1354 2562/2464/1354 2563/2463/1354
f 2562/2464/1354 2459/2481/1354 2541/2465/1354
f 2555/2461/1354 2560/2466/1354 2561/2470/1357
f 2496/2471/1354 2495/2482/1355 2491/2472/1354
f 2491/2472/1354 2459/2481/1354 2562/2464/1354
f 2459/2481/1354 2491/2472/1354 2498/2477/1354
f 2495/2482/1355 2499/2503/1354 2498/2477/1354
f 2557/2484/1354 2531/2489/1354 2538/2485/1354
f 2538/2485/1354 2540/2490/1354 2537/2487/1369
f 2531/2489/1354 2539/2491/1354 2540/2490/1354
f 2539/2491/1354 2464/2496/1354 2533/2492/1354
f 2459/2481/1354 2542/2476/1354 2543/2494/1354
f 2542/2476/1354 2463/2480/1354 2519/2495/1354
f 2463/2480/1354 2516/2483/1354 2520/2498/1354
f 2464/2496/1354 2534/2497/1354 2536/2500/1354
f 2534/2497/1354 2518/2499/1354 2535/2501/1355
f 2565/2560/2033 2564/2782/2253 2594/2561/2034
f 2566/2563/2036 2565/2560/2033 2595/2562/2035
f 2597/2565/2038 2567/2784/2255 2566/2563/2036
f 2568/2566/2039 2567/2784/2255 2597/2565/2038
f 2599/2568/2041 2569/2570/2043 2568/2566/2039
f 2600/2569/2042 2570/2572/2045 2569/2570/2043
f 2601/2571/2044 2571/2574/2047 2570/2572/2045
f 2602/2573/2046 2572/2576/2049 2571/2574/2047
f 2603/2575/2048 2573/2794/2264 2572/2576/2049
f 2574/2577/2050 2573/2794/2264 2603/2575/2048
f 2575/2579/2052 2574/2577/2050 2604/2578/2051
f 2606/2581/2054 2576/2799/2269 2575/2579/2052
f 2577/2582/2055 2576/2799/2269 2606/2581/2054
f 2578/2584/2057 2577/2582/2055 2607/2583/2056
f 2579/2586/2059 2578/2584/2057 2608/2585/2058
f 2610/2588/2061 2580/2807/2277 2579/2586/2059
f 2581/2589/2062 2580/2807/2277 2610/2588/2061
f 2612/2591/2064 2582/2809/2279 2581/2589/2062
f 2583/2592/2065 2582/2809/2279 2612/2591/2064
f 2614/2594/2067 2584/2596/2069 2583/2592/2065
f 2615/2595/2068 2585/2812/2282 2584/2596/2069
f 2586/2597/2070 2585/2812/2282 2615/2595/2068
f 2587/2599/2072 2586/2597/2070 2616/2598/2071
f 2619/2604/2077 2589/2825/2295 2588/2603/2076
f 2590/2605/2078 2589/2825/2295 2619/2604/2077
f 2591/2607/2080 2590/2605/2078 2620/2606/2079
f 2622/2609/2082 2592/2612/2085 2591/2607/2080
f 2930/2614/2087 2928/2832/2302 2593/2611/2084
f 2595/2562/2035 2594/2561/2034 2624/2615/2088
f 2626/2617/2090 2596/2564/2037 2595/2562/2035
f 2627/2618/2091 2597/2565/2038 2596/2564/2037
f 2598/2567/2040 2597/2565/2038 2627/2618/2091
f 2599/2568/2041 2598/2567/2040 2628/2619/2092
f 2630/2621/2094 2600/2569/2042 2599/2568/2041
f 2601/2571/2044 2600/2569/2042 2630/2621/2094
f 2632/2623/2096 2602/2573/2046 2601/2571/2044
f 2603/2575/2048 2602/2573/2046 2632/2623/2096
f 2634/2625/2098 2604/2578/2051 2603/2575/2048
f 2635/2626/2099 2605/2580/2053 2604/2578/2051
f 2606/2581/2054 2605/2580/2053 2635/2626/2099
f 2607/2583/2056 2606/2581/2054 2636/2627/2100
f 2638/2629/2102 2608/2585/2058 2607/2583/2056
f 2639/2630/2103 2609/2587/2060 2608/2585/2058
f 2640/2631/2104 2610/2588/2061 2609/2587/2060
f 2611/2590/2063 2610/2588/2061 2640/2631/2104
f 2612/2591/2064 2611/2590/2063 2641/2632/2105
f 2613/2593/2066 2612/2591/2064 2642/2633/2106
f 2644/2635/2108 2614/2594/2067 2613/2593/2066
f 2645/2636/2109 2615/2595/2068 2614/2594/2067
f 2646/2637/2110 2616/2598/2071 2615/2595/2068
f 2951/2638/2111 2954/2641/2114 2950/2639/2112
f 2618/2602/2075 2952/2601/2074 2954/2641/2114
f 2954/2641/2114 2952/2601/2074 2617/2600/2073
f 2649/2644/2117 2620/2606/2079 2619/2604/2077
f 2650/2645/2118 2621/2608/2081 2620/2606/2079
f 2622/2609/2082 2621/2608/2081 2650/2645/2118
f 2625/2616/2089 2624/2615/2088 2653/2649/2122
f 2626/2617/2090 2625/2616/2089 2654/2650/2123
f 2627/2618/2091 2626/2617/2090 2655/2651/2124
f 2657/2653/2126 2628/2619/2092 2627/2618/2091
f 2658/2654/2127 2629/2620/2093 2628/2619/2092
f 2630/2621/2094 2629/2620/2093 2658/2654/2127
f 2631/2622/2095 2630/2621/2094 2659/2655/2128
f 2661/2657/2130 2632/2623/2096 2631/2622/2095
f 2633/2624/2097 2632/2623/2096 2661/2657/2130
f 2663/2659/2132 2634/2625/2098 2633/2624/2097
f 2635/2626/2099 2634/2625/2098 2663/2659/2132
f 2636/2627/2100 2635/2626/2099 2664/2660/2133
f 2666/2662/2135 2637/2628/2101 2636/2627/2100
f 2667/2663/2136 2638/2629/2102 2637/2628/2101
f 2639/2630/2103 2638/2629/2102 2667/2663/2136
f 2669/2665/2138 2640/2631/2104 2639/2630/2103
f 2641/2632/2105 2640/2631/2104 2669/2665/2138
f 2642/2633/2106 2641/2632/2105 2670/2666/2139
f 2643/2634/2107 2642/2633/2106 2671/2667/2140
f 2673/2669/2142 2644/2635/2108 2643/2634/2107
f 2645/2636/2109 2644/2635/2108 2673/2669/2142
f 2677/2673/2146 2649/2644/2117 2648/2643/2116
f 2650/2645/2118 2649/2644/2117 2677/2673/2146
f 2651/2646/2119 2650/2645/2118 2678/2675/2148
f 2654/2650/2123 2653/2649/2122 2680/2677/2150
f 2655/2651/2124 2654/2650/2123 2681/2678/2151
f 2683/2680/2153 2656/2652/2125 2655/2651/2124
f 2684/2681/2154 2657/2653/2126 2656/2652/2125
f 2658/2654/2127 2657/2653/2126 2684/2681/2154
f 2659/2655/2128 2658/2654/2127 2685/2682/2155
f 2687/2684/2157 2660/2656/2129 2659/2655/2128
f 2661/2657/2130 2660/2656/2129 2687/2684/2157
f 2662/2658/2131 2661/2657/2130 2688/2685/2158
f 2690/2687/2160 2663/2659/2132 2662/2658/2131
f 2691/2688/2161 2664/2660/2133 2663/2659/2132
f 2692/2689/2162 2665/2661/2134 2664/2660/2133
f 2693/2690/2163 2666/2662/2135 2665/2661/2134
f 2694/2691/2164 2667/2663/2136 2666/2662/2135
f 2695/2692/2165 2668/2664/2137 2667/2663/2136
f 2669/2665/2138 2668/2664/2137 2695/2692/2165
f 2670/2666/2139 2669/2665/2138 2696/2693/2166
f 2698/2695/2168 2671/2667/2140 2670/2666/2139
f 2699/2696/2169 2672/2668/2141 2671/2667/2140
f 2700/2697/2170 2673/2669/2142 2672/2668/2141
f 2674/2670/2143 2673/2669/2142 2700/2697/2170
f 2706/2701/2174 2677/2673/2146 2676/2674/2147
f 2707/2703/2176 2678/2675/2148 2677/2673/2146
f 2924/2706/2179 2679/2676/2149 2925/2704/2177
f 2921/2708/2181 2926/2707/2180 2925/2704/2177
f 2710/2709/2182 2681/2678/2151 2680/2677/2150
f 2682/2679/2152 2681/2678/2151 2710/2709/2182
f 2712/2712/2185 2683/2680/2153 2682/2679/2152
f 2684/2681/2154 2683/2680/2153 2712/2712/2185
f 2714/2714/2187 2685/2682/2155 2684/2681/2154
f 2715/2715/2188 2686/2683/2156 2685/2682/2155
f 2687/2684/2157 2686/2683/2156 2715/2715/2188
f 2688/2685/2158 2687/2684/2157 2716/2716/2189
f 2689/2686/2159 2688/2685/2158 2717/2717/2190
f 2719/2719/2192 2690/2687/2160 2689/2686/2159
f 2691/2688/2161 2690/2687/2160 2719/2719/2192
f 2692/2689/2162 2691/2688/2161 2720/2720/2193
f 2693/2690/2163 2692/2689/2162 2721/2721/2194
f 2694/2691/2164 2693/2690/2163 2722/2722/2195
f 2695/2692/2165 2694/2691/2164 2723/2723/2196
f 2696/2693/2166 2695/2692/2165 2724/2724/2197
f 2726/2726/2199 2697/2694/2167 2696/2693/2166
f 2727/2727/2200 2698/2695/2168 2697/2694/2167
f 2699/2696/2169 2698/2695/2168 2727/2727/2200
f 2729/2729/2202 2700/2697/2170 2699/2696/2169
f 2701/2698/2171 2700/2697/2170 2729/2729/2202
f 2731/2731/2204 2702/2700/2173 2701/2698/2171
f 2705/2702/2175 2704/2737/2210 2733/2736/2209
f 2706/2701/2174 2705/2702/2175 2734/2738/2211
f 2707/2703/2176 2706/2701/2174 2735/2739/2212
f 2923/2743/2216 2921/2708/2181 2708/2705/2178
f 2918/2744/2217 2923/2743/2216 2922/2741/2214
f 2710/2709/2182 2709/2710/2183 2738/2745/2218
f 2711/2711/2184 2710/2709/2182 2739/2746/2219
f 2741/2748/2221 2712/2712/2185 2711/2711/2184
f 2713/2713/2186 2712/2712/2185 2741/2748/2221
f 2743/2750/2223 2714/2714/2187 2713/2713/2186
f 2715/2715/2188 2714/2714/2187 2743/2750/2223
f 2745/2752/2225 2716/2716/2189 2715/2715/2188
f 2717/2717/2190 2716/2716/2189 2745/2752/2225
f 2747/2754/2227 2718/2718/2191 2717/2717/2190
f 2719/2719/2192 2718/2718/2191 2747/2754/2227
f 2720/2720/2193 2719/2719/2192 2748/2755/2228
f 2750/2757/2230 2721/2721/2194 2720/2720/2193
f 2751/2758/2231 2722/2722/2195 2721/2721/2194
f 2752/2759/2232 2723/2723/2196 2722/2722/2195
f 2753/2760/2233 2724/2724/2197 2723/2723/2196
f 2754/2761/2234 2725/2725/2198 2724/2724/2197
f 2726/2726/2199 2725/2725/2198 2754/2761/2234
f 2756/2763/2236 2727/2727/2200 2726/2726/2199
f 2728/2728/2201 2727/2727/2200 2756/2763/2236
f 2729/2729/2202 2728/2728/2201 2757/2764/2237
f 2730/2730/2203 2729/2729/2202 2758/2765/2238
f 2731/2731/2204 2730/2730/2203 2759/2766/2239
f 2761/2768/2241 2732/2733/2206 2731/2731/2204
f 2733/2736/2209 2732/2733/2206 2761/2768/2241
f 2763/2770/2243 2734/2738/2211 2733/2736/2209
f 2735/2739/2212 2734/2738/2211 2763/2770/2243
f 2736/2740/2213 2735/2739/2212 2764/2771/2244
f 2920/2775/2248 2918/2744/2217 2737/2742/2215
f 2917/2776/2249 2920/2775/2248 2919/2773/2246
f 2806/2781/2252 2807/2778/2250 2564/2782/2253
f 2804/2783/2254 2566/2563/2036 2567/2784/2255
f 2801/2786/2257 2802/2787/2258 2568/2566/2039
f 2803/2785/2256 2567/2784/2255 2568/2566/2039
f 2798/2792/2262 2571/2574/2047 2572/2576/2049
f 2800/2790/2260 2801/2786/2257 2569/2570/2043
f 2797/2793/2263 2572/2576/2049 2573/2794/2264
f 2795/2796/2266 2796/2795/2265 2573/2794/2264
f 2793/2798/2268 2575/2579/2052 2576/2799/2269
f 2790/2801/2271 2791/2802/2272 2577/2582/2055
f 2792/2800/2270 2576/2799/2269 2577/2582/2055
f 2787/2805/2275 2580/2807/2277 2581/2589/2062
f 2784/2808/2278 2785/2814/2284 2582/2809/2279
f 2821/2810/2280 2784/2808/2278 2583/2592/2065
f 2786/2806/2276 2581/2589/2062 2582/2809/2279
f 2789/2803/2273 2790/2801/2271 2578/2584/2057
f 2594/2561/2034 2564/2782/2253 2770/2789/2259
f 2586/2597/2070 2818/2822/2292 2819/2813/2283
f 2616/2598/2071 2646/2637/2110 2953/2642/2115
f 2818/2822/2292 2586/2597/2070 2587/2599/2072
f 2815/2824/2294 2816/2826/2296 2588/2603/2076
f 2816/2826/2296 2817/2823/2293 2587/2599/2072
f 2812/2829/2299 2591/2607/2080 2592/2612/2085
f 2813/2827/2297 2590/2605/2078 2591/2607/2080
f 2810/2831/2301 2811/2830/2300 2592/2612/2085
f 2810/2831/2301 2593/2611/2084 2928/2832/2302
f 2680/2677/2150 2653/2649/2122 2776/2820/2290
f 2738/2745/2218 2709/2710/2183 2780/2870/2340
f 2960/2955/2423 2959/2987/2455 2962/2956/2424
f 2961/2958/2426 2960/2955/2423 2963/2957/2425
f 2966/2960/2428 2963/2957/2425 2962/2956/2424
f 2964/2959/2427 2963/2957/2425 2966/2960/2428
f 2969/2963/2431 2966/2960/2428 2965/2961/2429
f 2970/2965/2433 2967/2962/2430 2966/2960/2428
f 2969/2963/2431 2968/2964/2432 2971/2966/2434
f 2973/2968/2436 2970/2965/2433 2969/2963/2431
f 2972/2967/2435 2971/2966/2434 2974/2969/2437
f 2973/2968/2436 2972/2967/2435 2975/2970/2438
f 2978/2972/2440 2975/2970/2438 2974/2969/2437
f 2976/2971/2439 2975/2970/2438 2978/2972/2440
f 2978/2972/2440 2977/2973/2441 2980/2975/2443
f 2982/2977/2445 2979/2974/2442 2978/2972/2440
f 2984/2978/2446 2981/2976/2444 2980/2975/2443
f 2985/2980/2448 2982/2977/2445 2981/2976/2444
f 2987/2981/2449 2985/2980/2448 2984/2978/2446
f 2992/2986/2454 2993/5403/4751 2962/2956/2424
f 2968/2964/2432 2965/2961/2429 2995/2989/2457
f 2962/2956/2424 2993/5403/4751 2994/2988/2456
f 2998/2992/2460 2999/5404/4752 2974/2969/2437
f 2974/2969/2437 2999/5404/4752 3000/2993/2461
f 3024/2984/2452 2959/2987/2455 2960/2955/2423
f 2961/2958/2426 3022/2998/2466 3023/2995/2463
f 3019/2999/2467 3020/2996/2464 2961/2958/2426
f 3018/3000/2468 3019/2999/2467 2964/2959/2427
f 2967/2962/2430 2970/2965/2433 3017/3001/2469
f 2973/2968/2436 2976/2971/2439 3015/3002/2470
f 2979/2974/2442 3013/3010/2478 3014/3004/2472
f 2970/2965/2433 2973/2968/2436 3016/3003/2471
f 3001/2994/2462 3002/3007/2475 2980/2975/2443
f 3003/3005/2473 2983/2979/2447 2980/2975/2443
f 2985/2980/2448 3011/3019/2487 3012/3008/2476
f 2982/2977/2445 3012/3008/2476 3013/3010/2478
f 2987/2981/2449 3010/3022/2490 3011/3019/2487
f 2987/2981/2449 3040/3017/2485 3009/3021/2489
f 3043/3035/2501 3042/3082/2548 3045/3036/2502
f 3047/3038/2504 3044/3094/2560 3043/3035/2501
f 3046/3037/2503 3045/3036/2502 3048/3039/2505
f 3050/3041/2507 3047/3038/2504 3046/3037/2503
f 3049/3040/2506 3048/3039/2505 3051/3042/2508
f 3053/3044/2510 3050/3041/2507 3049/3040/2506
f 3055/3045/2511 3052/3043/2509 3051/3042/2508
f 3056/3047/2513 3053/3044/2510 3052/3043/2509
f 3058/3048/2514 3055/3045/2511 3054/3046/2512
f 3059/3050/2516 3056/3047/2513 3055/3045/2511
f 3061/3051/2517 3058/3048/2514 3057/3049/2515
f 3062/3053/2519 3059/3050/2516 3058/3048/2514
f 3061/3051/2517 3060/3052/2518 3063/3054/2520
f 3065/3056/2522 3062/3053/2519 3061/3051/2517
f 3067/3057/2523 3064/3055/2521 3063/3054/2520
f 3068/3059/2525 3065/3056/2522 3064/3055/2521
f 3070/3060/2526 3067/3057/2523 3066/3058/2524
f 3071/3062/2528 3068/3059/2525 3067/3057/2523
f 3070/3060/2526 3069/3061/2527 3072/3063/2529
f 3071/3062/2528 3070/3060/2526 3073/3064/2530
f 3073/3064/2530 3072/3063/2529 3075/3066/2532
f 3077/3068/2534 3074/3065/2531 3073/3064/2530
f 3076/3067/2533 3075/3066/2532 3078/3069/2535
f 3077/3068/2534 3076/3067/2533 3079/3070/2536
f 3082/3072/2538 3079/3070/2536 3078/3069/2535
f 3080/3071/2537 3079/3070/2536 3082/3072/2538
f 3085/3075/2541 3082/3072/2538 3081/3073/2539
f 3083/3074/2540 3082/3072/2538 3085/3075/2541
f 3110/3081/2547 3111/3083/2549 3045/3036/2502
f 3051/3042/2508 3048/3039/2505 3113/3085/2551
f 3116/3088/2554 3117/3089/2555 3057/3049/2515
f 3051/3042/2508 3114/3086/2552 3115/3087/2553
f 3063/3054/2520 3060/3052/2518 3119/3091/2557
f 3090/3079/2545 3042/3082/2548 3043/3035/2501
f 3044/3094/2560 3047/3038/2504 3106/3095/2561
f 3044/3094/2560 3088/3098/2564 3089/3093/2559
f 3105/3099/2565 3106/3095/2561 3047/3038/2504
f 3050/3041/2507 3053/3044/2510 3104/3100/2566
f 3056/3047/2513 3059/3050/2516 3102/3101/2567
f 3062/3053/2519 3100/3104/2570 3101/3103/2569
f 3053/3044/2510 3056/3047/2513 3103/3102/2568
f 3065/3056/2522 3099/3117/2582 3100/3104/2570
f 3122/3106/2572 3123/3107/2573 3069/3061/2527
f 3063/3054/2520 3120/3092/2558 3121/3105/2571
f 3125/3109/2575 3126/5405/4753 3075/3066/2532
f 3128/3111/2577 3129/3112/2578 3081/3073/2539
f 3075/3066/2532 3126/5405/4753 3127/3110/2576
f 3068/3059/2525 3098/3120/2585 3099/3117/2582
f 3074/3065/2531 3096/3119/2584 3097/3118/2583
f 3077/3068/2534 3095/3121/2586 3096/3119/2584
f 3071/3062/2528 3097/3118/2583 3098/3120/2585
f 3080/3071/2537 3094/3122/2587 3095/3121/2586
f 3083/3074/2540 3093/3125/2590 3094/3122/2587
f 3132/3116/2581 3133/3123/2588 3085/3075/2541
f 3086/3077/2543 3085/3075/2541 3133/3123/2588
f 3093/3125/2590 3083/3074/2540 3086/3077/2543
f 3188/3128/1374 3166/3143/1374 3186/3129/1374
f 3159/3131/1374 3158/3139/1374 3156/3132/1374
f 3162/3134/1374 3161/3147/1374 3164/3136/1374
f 3208/3135/1375 3164/3136/1374 3160/3137/1374
f 3164/3136/1374 3165/3155/1374 3163/3140/1375
f 3206/3138/1374 3160/3137/1374 3184/3144/1374
f 3207/3141/1375 3184/3144/1374 3167/3145/1374
f 3160/3137/1374 3163/3140/1375 3185/3146/1374
f 3562/3202/2593 3564/3206/2597 3561/3203/2594
f 3562/3202/2593 3209/3209/2600 3563/3205/2596
f 3211/3210/2601 3210/3208/2599 3240/3207/2598
f 3212/3212/2603 3211/3210/2601 3241/3211/2602
f 3243/3214/2605 3213/3216/2607 3212/3212/2603
f 3244/3215/2606 3214/3428/2819 3213/3216/2607
f 3215/3217/2608 3214/3428/2819 3244/3215/2606
f 3216/3219/2610 3215/3217/2608 3245/3218/2609
f 3247/3221/2612 3217/3433/2824 3216/3219/2610
f 3218/3222/2613 3217/3433/2824 3247/3221/2612
f 3249/3224/2615 3219/3436/2827 3218/3222/2613
f 3220/3225/2616 3219/3436/2827 3249/3224/2615
f 3221/3227/2618 3220/3225/2616 3250/3226/2617
f 3222/3229/2620 3221/3227/2618 3251/3228/2619
f 3253/3231/2622 3223/3233/2624 3222/3229/2620
f 3254/3232/2623 3224/3443/2834 3223/3233/2624
f 3225/3234/2625 3224/3443/2834 3254/3232/2623
f 3226/3236/2627 3225/3234/2625 3255/3235/2626
f 3257/3238/2629 3227/3461/2852 3226/3236/2627
f 3228/3239/2630 3227/3461/2852 3257/3238/2629
f 3229/3241/2632 3228/3239/2630 3258/3240/2631
f 3260/3243/2634 3230/3467/2858 3229/3241/2632
f 3231/3244/2635 3230/3467/2858 3260/3243/2634
f 3232/3246/2637 3231/3244/2635 3261/3245/2636
f 3233/3248/2639 3232/3246/2637 3262/3247/2638
f 3264/3250/2641 3234/3473/2864 3233/3248/2639
f 3235/3251/2642 3234/3473/2864 3264/3250/2641
f 3236/3253/2644 3235/3251/2642 3265/3252/2643
f 3267/3255/2646 3237/3257/2648 3236/3253/2644
f 3268/3256/2647 3238/3478/2869 3237/3257/2648
f 3241/3211/2602 3240/3207/2598 3270/3260/2651
f 3272/3262/2653 3242/3213/2604 3241/3211/2602
f 3273/3263/2654 3243/3214/2605 3242/3213/2604
f 3244/3215/2606 3243/3214/2605 3273/3263/2654
f 3245/3218/2609 3244/3215/2606 3274/3264/2655
f 3276/3266/2657 3246/3220/2611 3245/3218/2609
f 3277/3267/2658 3247/3221/2612 3246/3220/2611
f 3248/3223/2614 3247/3221/2612 3277/3267/2658
f 3249/3224/2615 3248/3223/2614 3278/3268/2659
f 3250/3226/2617 3249/3224/2615 3279/3269/2660
f 3281/3271/2662 3251/3228/2619 3250/3226/2617
f 3282/3272/2663 3252/3230/2621 3251/3228/2619
f 3283/3273/2664 3253/3231/2622 3252/3230/2621
f 3254/3232/2623 3253/3231/2622 3283/3273/2664
f 3255/3235/2626 3254/3232/2623 3284/3274/2665
f 3287/3276/2667 3258/3240/2631 3257/3238/2629
f 3288/3278/2669 3259/3242/2633 3258/3240/2631
f 3289/3279/2670 3260/3243/2634 3259/3242/2633
f 3290/3280/2671 3261/3245/2636 3260/3243/2634
f 3291/3281/2672 3262/3247/2638 3261/3245/2636
f 3263/3249/2640 3262/3247/2638 3291/3281/2672
f 3293/3283/2674 3264/3250/2641 3263/3249/2640
f 3294/3284/2675 3265/3252/2643 3264/3250/2641
f 3266/3254/2645 3265/3252/2643 3294/3284/2675
f 3267/3255/2646 3266/3254/2645 3295/3285/2676
f 3297/3287/2678 3268/3256/2647 3267/3255/2646
f 3271/3261/2652 3270/3260/2651 3298/3288/2679
f 3300/3290/2681 3272/3262/2653 3271/3261/2652
f 3273/3263/2654 3272/3262/2653 3300/3290/2681
f 3274/3264/2655 3273/3263/2654 3301/3291/2682
f 3275/3265/2656 3274/3264/2655 3302/3292/2683
f 3304/3294/2685 3276/3266/2657 3275/3265/2656
f 3305/3295/2686 3277/3267/2658 3276/3266/2657
f 3306/3296/2687 3278/3268/2659 3277/3267/2658
f 3307/3297/2688 3279/3269/2660 3278/3268/2659
f 3280/3270/2661 3279/3269/2660 3307/3297/2688
f 3281/3271/2662 3280/3270/2661 3308/3298/2689
f 3282/3272/2663 3281/3271/2662 3309/3299/2690
f 3311/3301/2692 3283/3273/2664 3282/3272/2663
f 3312/3302/2693 3284/3274/2665 3283/3273/2664
f 3288/3278/2669 3287/3276/2667 3313/3303/2694
f 3315/3305/2696 3289/3279/2670 3288/3278/2669
f 3290/3280/2671 3289/3279/2670 3315/3305/2696
f 3291/3281/2672 3290/3280/2671 3316/3306/2697
f 3292/3282/2673 3291/3281/2672 3317/3307/2698
f 3319/3309/2700 3293/3283/2674 3292/3282/2673
f 3294/3284/2675 3293/3283/2674 3319/3309/2700
f 3321/3311/2702 3295/3285/2676 3294/3284/2675
f 3322/3312/2703 3296/3286/2677 3295/3285/2676
f 3323/3313/2704 3297/3287/2678 3296/3286/2677
f 3324/3314/2705 3567/3317/2708 3569/3315/2706
f 3567/3317/2708 3298/3288/2679 3568/3318/2709
f 3326/3320/2711 3300/3290/2681 3299/3289/2680
f 3301/3291/2682 3300/3290/2681 3326/3320/2711
f 3302/3292/2683 3301/3291/2682 3327/3321/2712
f 3303/3293/2684 3302/3292/2683 3328/3322/2713
f 3330/3324/2715 3304/3294/2685 3303/3293/2684
f 3331/3325/2716 3305/3295/2686 3304/3294/2685
f 3332/3326/2717 3306/3296/2687 3305/3295/2686
f 3307/3297/2688 3306/3296/2687 3332/3326/2717
f 3334/3328/2719 3308/3298/2689 3307/3297/2688
f 3335/3329/2720 3309/3299/2690 3308/3298/2689
f 3336/3330/2721 3310/3300/2691 3309/3299/2690
f 3337/3331/2722 3311/3301/2692 3310/3300/2691
f 3312/3302/2693 3311/3301/2692 3337/3331/2722
f 3343/3333/2724 3314/3304/2695 3313/3303/2694
f 3315/3305/2696 3314/3304/2695 3343/3333/2724
f 3345/3336/2727 3316/3306/2697 3315/3305/2696
f 3346/3337/2728 3317/3307/2698 3316/3306/2697
f 3347/3338/2729 3318/3308/2699 3317/3307/2698
f 3319/3309/2700 3318/3308/2699 3347/3338/2729
f 3320/3310/2701 3319/3309/2700 3348/3339/2730
f 3321/3311/2702 3320/3310/2701 3349/3340/2731
f 3322/3312/2703 3321/3311/2702 3350/3341/2732
f 3352/3343/2734 3323/3313/2704 3322/3312/2703
f 3353/3344/2735 3571/3347/2738 3572/3345/2736
f 3571/3347/2738 3324/3314/2705 3566/3316/2707
f 3326/3320/2711 3325/3319/2710 3354/3348/2739
f 3327/3321/2712 3326/3320/2711 3355/3349/2740
f 3357/3351/2742 3328/3322/2713 3327/3321/2712
f 3329/3323/2714 3328/3322/2713 3357/3351/2742
f 3330/3324/2715 3329/3323/2714 3358/3352/2743
f 3360/3354/2745 3331/3325/2716 3330/3324/2715
f 3361/3355/2746 3332/3326/2717 3331/3325/2716
f 3333/3327/2718 3332/3326/2717 3361/3355/2746
f 3334/3328/2719 3333/3327/2718 3362/3356/2747
f 3335/3329/2720 3334/3328/2719 3363/3357/2748
f 3365/3359/2750 3336/3330/2721 3335/3329/2720
f 3366/3360/2751 3337/3331/2722 3336/3330/2721
f 3338/3332/2723 3337/3331/2722 3366/3360/2751
f 3368/3362/2753 3339/3364/2755 3338/3332/2723
f 3371/3370/2761 3342/3334/2725 3341/3369/2760
f 3343/3333/2724 3342/3334/2725 3371/3370/2761
f 3344/3335/2726 3343/3333/2724 3372/3371/2762
f 3374/3373/2764 3345/3336/2727 3344/3335/2726
f 3346/3337/2728 3345/3336/2727 3374/3373/2764
f 3347/3338/2729 3346/3337/2728 3375/3374/2765
f 3348/3339/2730 3347/3338/2729 3376/3375/2766
f 3349/3340/2731 3348/3339/2730 3377/3376/2767
f 3379/3378/2769 3350/3341/2732 3349/3340/2731
f 3351/3342/2733 3350/3341/2732 3379/3378/2769
f 3352/3343/2734 3351/3342/2733 3380/3379/2770
f 3382/3381/2772 3574/3384/2775 3575/3382/2773
f 3574/3384/2775 3353/3344/2735 3570/3346/2737
f 3384/3386/2777 3355/3349/2740 3354/3348/2739
f 3356/3350/2741 3355/3349/2740 3384/3386/2777
f 3386/3388/2779 3357/3351/2742 3356/3350/2741
f 3358/3352/2743 3357/3351/2742 3386/3388/2779
f 3359/3353/2744 3358/3352/2743 3387/3389/2780
f 3360/3354/2745 3359/3353/2744 3388/3390/2781
f 3390/3392/2783 3361/3355/2746 3360/3354/2745
f 3362/3356/2747 3361/3355/2746 3390/3392/2783
f 3392/3394/2785 3363/3357/2748 3362/3356/2747
f 3393/3395/2786 3364/3358/2749 3363/3357/2748
f 3394/3396/2787 3365/3359/2750 3364/3358/2749
f 3366/3360/2751 3365/3359/2750 3394/3396/2787
f 3367/3361/2752 3366/3360/2751 3395/3397/2788
f 3368/3362/2753 3367/3361/2752 3396/3398/2789
f 3398/3400/2791 3369/3365/2756 3368/3362/2753
f 3399/3401/2792 3370/3368/2759 3369/3365/2756
f 3400/3402/2793 3371/3370/2761 3370/3368/2759
f 3401/3403/2794 3372/3371/2762 3371/3370/2761
f 3402/3404/2795 3373/3372/2763 3372/3371/2762
f 3403/3405/2796 3374/3373/2764 3373/3372/2763
f 3375/3374/2765 3374/3373/2764 3403/3405/2796
f 3405/3407/2798 3376/3375/2766 3375/3374/2765
f 3406/3408/2799 3377/3376/2767 3376/3375/2766
f 3407/3409/2800 3378/3377/2768 3377/3376/2767
f 3379/3378/2769 3378/3377/2768 3407/3409/2800
f 3380/3379/2770 3379/3378/2769 3408/3410/2801
f 3410/3412/2803 3381/3380/2771 3380/3379/2770
f 3576/3413/2804 3382/3381/2772 3573/3383/2774
f 3502/3418/2809 3503/3419/2810 3209/3209/2600
f 3503/3419/2810 3504/3416/2807 3563/3205/2596
f 3501/3420/2811 3502/3418/2809 3210/3208/2599
f 3500/3421/2812 3501/3420/2811 3211/3210/2601
f 3213/3216/2607 3498/3427/2818 3499/3422/2813
f 3498/3427/2818 3213/3216/2607 3214/3428/2819
f 3495/3430/2821 3496/3431/2822 3215/3217/2608
f 3497/3429/2820 3214/3428/2819 3215/3217/2608
f 3492/3435/2826 3218/3222/2613 3219/3436/2827
f 3493/3434/2825 3217/3433/2824 3218/3222/2613
f 3494/3432/2823 3495/3430/2821 3216/3219/2610
f 3491/3437/2828 3219/3436/2827 3220/3225/2616
f 3528/3439/2830 3529/3438/2829 3220/3225/2616
f 3526/3441/2832 3222/3229/2620 3223/3233/2624
f 3525/3442/2833 3223/3233/2624 3224/3443/2834
f 3523/3458/2849 3524/3444/2835 3224/3443/2834
f 3522/3460/2851 3523/3458/2849 3225/3234/2625
f 3519/3464/2855 3228/3239/2630 3229/3241/2632
f 3516/3466/2857 3517/3468/2859 3230/3467/2858
f 3517/3468/2859 3518/3465/2856 3229/3241/2632
f 3520/3462/2853 3227/3461/2852 3228/3239/2630
f 3232/3246/2637 3514/3470/2861 3515/3469/2860
f 3514/3470/2861 3232/3246/2637 3233/3248/2639
f 3511/3472/2863 3512/3474/2865 3234/3473/2864
f 3513/3471/2862 3233/3248/2639 3234/3473/2864
f 3508/3477/2868 3237/3257/2648 3238/3478/2869
f 3510/3476/2867 3511/3472/2863 3235/3251/2642
f 3286/3277/2668 3257/3238/2629 3256/3237/2628
f 3297/3287/2678 3421/3501/2890 3422/3496/2885
f 3268/3256/2647 3423/3498/2887 3424/3497/2886
f 3323/3313/2704 3419/3504/2893 3420/3502/2891
f 3352/3343/2734 3417/3558/2921 3418/3503/2892
f 3410/3412/2803 3413/3571/2926 3414/3559/2922
f 3381/3380/2771 3415/3560/2923 3416/3557/2920
f 3601/3592/2931 3600/3639/2978 3603/3593/2932
f 3605/3595/2934 3602/3651/2990 3601/3592/2931
f 3607/3596/2935 3604/3594/2933 3603/3593/2932
f 3608/3598/2937 3605/3595/2934 3604/3594/2933
f 3610/3599/2938 3607/3596/2935 3606/3597/2936
f 3608/3598/2937 3607/3596/2935 3610/3599/2938
f 3610/3599/2938 3609/3600/2939 3612/3602/2941
f 3614/3604/2943 3611/3601/2940 3610/3599/2938
f 3613/3603/2942 3612/3602/2941 3615/3605/2944
f 3617/3607/2946 3614/3604/2943 3613/3603/2942
f 3616/3606/2945 3615/3605/2944 3618/3608/2947
f 3617/3607/2946 3616/3606/2945 3619/3609/2948
f 3622/3611/2950 3619/3609/2948 3618/3608/2947
f 3623/3613/2952 3620/3610/2949 3619/3609/2948
f 3625/3614/2953 3622/3611/2950 3621/3612/2951
f 3623/3613/2952 3622/3611/2950 3625/3614/2953
f 3628/3617/2956 3625/3614/2953 3624/3615/2954
f 3629/3619/2958 3626/3616/2955 3625/3614/2953
f 3628/3617/2956 3627/3618/2957 3630/3620/2959
f 3629/3619/2958 3628/3617/2956 3631/3621/2960
f 3631/3621/2960 3630/3620/2959 3633/3623/2962
f 3632/3622/2961 3631/3621/2960 3634/3624/2963
f 3637/3626/2965 3634/3624/2963 3633/3623/2962
f 3638/3628/2967 3635/3625/2964 3634/3624/2963
f 3637/3626/2965 3636/3627/2966 3639/3629/2968
f 3638/3628/2967 3637/3626/2965 3640/3630/2969
f 3643/3632/2971 3640/3630/2969 3639/3629/2968
f 3641/3631/2970 3640/3630/2969 3643/3632/2971
f 3651/3638/2977 3652/3640/2979 3603/3593/2932
f 3609/3600/2939 3606/3597/2936 3654/3642/2981
f 3657/3645/2984 3658/3646/2985 3615/3605/2944
f 3609/3600/2939 3655/3643/2982 3656/3644/2983
f 3621/3612/2951 3618/3608/2947 3660/3648/2987
f 3692/3636/2975 3600/3639/2978 3601/3592/2931
f 3602/3651/2990 3605/3595/2934 3688/3652/2991
f 3602/3651/2990 3690/3655/2994 3691/3650/2989
f 3687/3656/2995 3688/3652/2991 3605/3595/2934
f 3608/3598/2937 3611/3601/2940 3686/3657/2996
f 3614/3604/2943 3617/3607/2946 3684/3658/2997
f 3620/3610/2949 3682/3661/3000 3683/3660/2999
f 3611/3601/2940 3614/3604/2943 3685/3659/2998
f 3623/3613/2952 3681/3674/3012 3682/3661/3000
f 3663/3663/3002 3664/3664/3003 3627/3618/2957
f 3621/3612/2951 3661/3649/2988 3662/3662/3001
f 3666/3666/3005 3667/5406/4754 3633/3623/2962
f 3669/3668/3007 3670/3669/3008 3639/3629/2968
f 3633/3623/2962 3667/5406/4754 3668/3667/3006
f 3626/3616/2955 3680/3677/3015 3681/3674/3012
f 3632/3622/2961 3678/3676/3014 3679/3675/3013
f 3635/3625/2964 3677/3678/3016 3678/3676/3014
f 3629/3619/2958 3679/3675/3013 3680/3677/3015
f 3638/3628/2967 3676/3679/3017 3677/3678/3016
f 3641/3631/2970 3675/3682/3020 3676/3679/3017
f 3646/3673/3011 3647/3680/3018 3643/3632/2971
f 3644/3634/2973 3643/3632/2971 3647/3680/3018
f 3675/3682/3020 3641/3631/2970 3644/3634/2973
f 3694/3685/3022 3693/3716/3053 3695/3686/3023
f 3696/3687/3024 3695/3686/3023 3698/3689/3026
f 3701/3691/3028 3698/3689/3026 3697/3688/3025
f 3699/3690/3027 3698/3689/3026 3701/3691/3028
f 3704/3694/3031 3701/3691/3028 3700/3692/3029
f 3702/3693/3030 3701/3691/3028 3704/3694/3031
f 3704/3694/3031 3703/3695/3032 3706/3697/3034
f 3705/3696/3033 3704/3694/3031 3707/3698/3035
f 3710/3700/3037 3707/3698/3035 3706/3697/3034
f 3711/3702/3039 3708/3699/3036 3707/3698/3035
f 3713/3703/3040 3710/3700/3037 3709/3701/3038
f 3711/3702/3039 3710/3700/3037 3713/3703/3040
f 3716/3706/3043 3713/3703/3040 3712/3704/3041
f 3717/3708/3045 3714/3705/3042 3713/3703/3040
f 3716/3706/3043 3715/3707/3044 3718/3709/3046
f 3720/3711/3048 3717/3708/3045 3716/3706/3043
f 3722/3712/3049 3719/3710/3047 3718/3709/3046
f 3723/3714/3051 3720/3711/3048 3719/3710/3047
f 3744/3727/3064 3700/3692/3029 3697/3688/3025
f 3699/3690/3027 3734/3744/3079 3735/3728/3065
f 3694/3685/3022 3696/3687/3024 3736/3730/3067
f 3702/3693/3030 3733/3745/3080 3734/3744/3079
f 3705/3696/3033 3732/3758/3092 3733/3745/3080
f 3747/3747/3082 3706/3697/3034 3703/3695/3032
f 3712/3704/3041 3709/3701/3038 3749/3749/3084
f 3752/3752/3087 3753/3753/3088 3718/3709/3046
f 3712/3704/3041 3750/3750/3085 3751/3751/3086
f 3708/3699/3036 3731/3760/3094 3732/3758/3092
f 3714/3705/3042 3729/3761/3095 3730/3759/3093
f 3711/3702/3039 3730/3759/3093 3731/3760/3094
f 3729/3761/3095 3714/3705/3042 3717/3708/3045
f 3723/3714/3051 3722/3712/3049 3758/3763/3097
f 3757/3757/3091 3758/3763/3097 3722/3712/3049
f 3723/3714/3051 3726/3767/3100 3727/3765/3099
f 3728/3762/3096 3717/3708/3045 3720/3711/3048
f 3794/3768/3101 3795/3789/3120 3793/3769/3102
f 3777/3771/3104 3776/3770/3103 3780/3772/3105
f 3778/3774/3107 3777/3771/3104 3781/3773/3106
f 3779/3776/3109 3778/3774/3107 3782/3775/3108
f 3781/3773/3106 3780/3772/3105 3784/3778/3111
f 3782/3775/3108 3781/3773/3106 3785/3779/3112
f 3783/3777/3110 3782/3775/3108 3786/3780/3113
f 3785/3779/3112 3784/3778/3111 3788/3782/3115
f 3786/3780/3113 3785/3779/3112 3789/3783/3116
f 3787/3781/3114 3786/3780/3113 3790/3784/3117
f 3801/3823/3146 3787/3781/3114 3791/3785/3118
f 3797/3822/3145 3798/3825/3148 3789/3783/3116
f 3790/3784/3117 3798/3825/3148 3799/3826/3149
f 3848/3828/3150 3847/3848/3170 3837/3829/3151
f 3849/3831/3153 3848/3828/3150 3838/3830/3152
f 3850/3833/3155 3849/3831/3153 3839/3832/3154
f 3851/3835/3157 3850/3833/3155 3840/3834/3156
f 3852/3837/3159 3851/3835/3157 3841/3836/3158
f 3853/3839/3161 3852/3837/3159 3842/3838/3160
f 3854/3841/3163 3853/3839/3161 3843/3840/3162
f 3855/3843/3165 3854/3841/3163 3844/3842/3164
f 3856/3845/3167 3855/3843/3165 3845/3844/3166
f 3858/3847/3169 3857/3858/3180 3847/3848/3170
f 3859/3849/3171 3858/3847/3169 3848/3828/3150
f 3860/3850/3172 3859/3849/3171 3849/3831/3153
f 3861/3851/3173 3860/3850/3172 3850/3833/3155
f 3862/3852/3174 3861/3851/3173 3851/3835/3157
f 3863/3853/3175 3862/3852/3174 3852/3837/3159
f 3864/3854/3176 3863/3853/3175 3853/3839/3161
f 3865/3855/3177 3864/3854/3176 3854/3841/3163
f 3866/3856/3178 3865/3855/3177 3855/3843/3165
f 3868/3857/3179 3867/3868/3190 3857/3858/3180
f 3869/3859/3181 3868/3857/3179 3858/3847/3169
f 3870/3860/3182 3869/3859/3181 3859/3849/3171
f 3871/3861/3183 3870/3860/3182 3860/3850/3172
f 3872/3862/3184 3871/3861/3183 3861/3851/3173
f 3873/3863/3185 3872/3862/3184 3862/3852/3174
f 3874/3864/3186 3873/3863/3185 3863/3853/3175
f 3875/3865/3187 3874/3864/3186 3864/3854/3176
f 3876/3866/3188 3875/3865/3187 3865/3855/3177
f 3878/3867/3189 3877/3878/3200 3867/3868/3190
f 3879/3869/3191 3878/3867/3189 3868/3857/3179
f 3880/3870/3192 3879/3869/3191 3869/3859/3181
f 3881/3871/3193 3880/3870/3192 3870/3860/3182
f 3882/3872/3194 3881/3871/3193 3871/3861/3183
f 3883/3873/3195 3882/3872/3194 3872/3862/3184
f 3884/3874/3196 3883/3873/3195 3873/3863/3185
f 3885/3875/3197 3884/3874/3196 3874/3864/3186
f 3886/3876/3198 3885/3875/3197 3875/3865/3187
f 3888/3877/3199 3887/3888/3210 3877/3878/3200
f 3889/3879/3201 3888/3877/3199 3878/3867/3189
f 3890/3880/3202 3889/3879/3201 3879/3869/3191
f 3891/3881/3203 3890/3880/3202 3880/3870/3192
f 3892/3882/3204 3891/3881/3203 3881/3871/3193
f 3893/3883/3205 3892/3882/3204 3882/3872/3194
f 3894/3884/3206 3893/3883/3205 3883/3873/3195
f 3895/3885/3207 3894/3884/3206 3884/3874/3196
f 3896/3886/3208 3895/3885/3207 3885/3875/3197
f 3898/3887/3209 3897/3898/3220 3887/3888/3210
f 3899/3889/3211 3898/3887/3209 3888/3877/3199
f 3900/3890/3212 3899/3889/3211 3889/3879/3201
f 3901/3891/3213 3900/3890/3212 3890/3880/3202
f 3902/3892/3214 3901/3891/3213 3891/3881/3203
f 3903/3893/3215 3902/3892/3214 3892/3882/3204
f 3904/3894/3216 3903/3893/3215 3893/3883/3205
f 3905/3895/3217 3904/3894/3216 3894/3884/3206
f 3906/3896/3218 3905/3895/3217 3895/3885/3207
f 3908/3897/3219 3907/3908/3230 3897/3898/3220
f 3909/3899/3221 3908/3897/3219 3898/3887/3209
f 3910/3900/3222 3909/3899/3221 3899/3889/3211
f 3911/3901/3223 3910/3900/3222 3900/3890/3212
f 3912/3902/3224 3911/3901/3223 3901/3891/3213
f 3913/3903/3225 3912/3902/3224 3902/3892/3214
f 3914/3904/3226 3913/3903/3225 3903/3893/3215
f 3915/3905/3227 3914/3904/3226 3904/3894/3216
f 3916/3906/3228 3915/3905/3227 3905/3895/3217
f 3918/3907/3229 3917/3918/3240 3907/3908/3230
f 3919/3909/3231 3918/3907/3229 3908/3897/3219
f 3920/3910/3232 3919/3909/3231 3909/3899/3221
f 3921/3911/3233 3920/3910/3232 3910/3900/3222
f 3922/3912/3234 3921/3911/3233 3911/3901/3223
f 3923/3913/3235 3922/3912/3234 3912/3902/3224
f 3924/3914/3236 3923/3913/3235 3913/3903/3225
f 3925/3915/3237 3924/3914/3236 3914/3904/3226
f 3926/3916/3238 3925/3915/3237 3915/3905/3227
f 3928/3917/3239 3927/3928/3250 3917/3918/3240
f 3929/3919/3241 3928/3917/3239 3918/3907/3229
f 3930/3920/3242 3929/3919/3241 3919/3909/3231
f 3931/3921/3243 3930/3920/3242 3920/3910/3232
f 3932/3922/3244 3931/3921/3243 3921/3911/3233
f 3933/3923/3245 3932/3922/3244 3922/3912/3234
f 3934/3924/3246 3933/3923/3245 3923/3913/3235
f 3935/3925/3247 3934/3924/3246 3924/3914/3236
f 3936/3926/3248 3935/3925/3247 3925/3915/3237
f 3938/3927/3249 3937/3938/3260 3927/3928/3250
f 3939/3929/3251 3938/3927/3249 3928/3917/3239
f 3940/3930/3252 3939/3929/3251 3929/3919/3241
f 3941/3931/3253 3940/3930/3252 3930/3920/3242
f 3942/3932/3254 3941/3931/3253 3931/3921/3243
f 3943/3933/3255 3942/3932/3254 3932/3922/3244
f 3944/3934/3256 3943/3933/3255 3933/3923/3245
f 3945/3935/3257 3944/3934/3256 3934/3924/3246
f 3946/3936/3258 3945/3935/3257 3935/3925/3247
f 3948/3937/3259 3947/3948/3270 3937/3938/3260
f 3949/3939/3261 3948/3937/3259 3938/3927/3249
f 3950/3940/3262 3949/3939/3261 3939/3929/3251
f 3951/3941/3263 3950/3940/3262 3940/3930/3252
f 3952/3942/3264 3951/3941/3263 3941/3931/3253
f 3953/3943/3265 3952/3942/3264 3942/3932/3254
f 3954/3944/3266 3953/3943/3265 3943/3933/3255
f 3955/3945/3267 3954/3944/3266 3944/3934/3256
f 3956/3946/3268 3955/3945/3267 3945/3935/3257
f 3958/3947/3269 3957/3958/3280 3947/3948/3270
f 3959/3949/3271 3958/3947/3269 3948/3937/3259
f 3960/3950/3272 3959/3949/3271 3949/3939/3261
f 3961/3951/3273 3960/3950/3272 3950/3940/3262
f 3962/3952/3274 3961/3951/3273 3951/3941/3263
f 3963/3953/3275 3962/3952/3274 3952/3942/3264
f 3964/3954/3276 3963/3953/3275 3953/3943/3265
f 3965/3955/3277 3964/3954/3276 3954/3944/3266
f 3966/3956/3278 3965/3955/3277 3955/3945/3267
f 3968/3957/3279 3967/3968/3290 3957/3958/3280
f 3969/3959/3281 3968/3957/3279 3958/3947/3269
f 3970/3960/3282 3969/3959/3281 3959/3949/3271
f 3971/3961/3283 3970/3960/3282 3960/3950/3272
f 3972/3962/3284 3971/3961/3283 3961/3951/3273
f 3973/3963/3285 3972/3962/3284 3962/3952/3274
f 3974/3964/3286 3973/3963/3285 3963/3953/3275
f 3975/3965/3287 3974/3964/3286 3964/3954/3276
f 3976/3966/3288 3975/3965/3287 3965/3955/3277
f 3978/3967/3289 3977/4040/3356 3967/3968/3290
f 3979/3969/3291 3978/3967/3289 3968/3957/3279
f 3980/3970/3292 3979/3969/3291 3969/3959/3281
f 3981/3971/3293 3980/3970/3292 3970/3960/3282
f 3982/3972/3294 3981/3971/3293 3971/3961/3283
f 3983/3973/3295 3982/3972/3294 3972/3962/3284
f 3984/3974/3296 3983/3973/3295 3973/3963/3285
f 3985/3975/3297 3984/3974/3296 3974/3964/3286
f 3986/3976/3298 3985/3975/3297 3975/3965/3287
f 4080/3977/3299 4079/4064/3378 3986/3976/3298
f 4066/3982/3304 4065/3985/3307 3838/3830/3152
f 3839/3832/3154 3838/3830/3152 4065/3985/3307
f 3841/3836/3158 3840/3834/3156 4062/3988/3310
f 4060/3990/3312 4059/4003/3322 3842/3838/3160
f 3847/3848/3170 4022/3992/3314 4021/3983/3305
f 3897/3898/3220 4031/4001/3320 4030/3999/3318
f 3843/3840/3162 3842/3838/3160 4059/4003/3322
f 4056/4006/3325 4055/4015/3333 3845/3844/3166
f 3846/3846/3168 4016/4014/3332 4015/4012/3330
f 4055/4015/3333 4054/4007/3326 3846/3846/3168
f 3856/3845/3167 4015/4012/3330 4014/4016/3334
f 3866/3856/3178 4013/4017/3335 4012/4018/3336
f 3886/3876/3198 4009/4023/3341 4008/4019/3337
f 3876/3866/3188 4011/4022/3340 4010/4020/3338
f 4006/4021/3339 4005/4025/3343 3906/3896/3218
f 4004/4026/3344 4003/5407/4755 3916/3906/3228
f 3957/3958/3280 4044/4038/3354 4043/4035/3351
f 3977/4040/3356 4048/4043/3358 4047/4041/3357
f 3916/3906/3228 4003/5407/4755 4002/4051/3365
f 3926/3916/3238 4001/4052/3366 4000/4053/3367
f 3946/3936/3258 3997/4058/3372 3996/4054/3368
f 3936/3926/3248 3999/4057/3371 3998/4055/3369
f 3994/4056/3370 3993/4060/3374 3966/3956/3278
f 3992/4061/3375 3991/4066/3380 3976/3966/3288
f 3988/4069/3383 4080/3977/3299 4078/3978/3300
f 4098/4072/3386 4100/4092/3406 4099/4073/3387
f 4085/4075/3389 4081/4074/3388 4082/4076/3390
f 4086/4077/3391 4082/4076/3390 4083/4078/3392
f 4087/4079/3393 4083/4078/3392 4084/4080/3394
f 4089/4082/3396 4085/4075/3389 4086/4077/3391
f 4090/4083/3397 4086/4077/3391 4087/4079/3393
f 4091/4084/3398 4087/4079/3393 4088/4081/3395
f 4093/4086/3400 4089/4082/3396 4090/4083/3397
f 4094/4087/3401 4090/4083/3397 4091/4084/3398
f 4095/4088/3402 4091/4084/3398 4092/4085/3399
f 4102/4125/3437 4093/4086/3400 4094/4087/3401
f 4104/4129/3441 4103/4128/3440 4095/4088/3402
f 4152/4131/3442 4141/4135/3446 4140/4132/3443
f 4153/4134/3445 4142/4137/3448 4141/4135/3446
f 4154/4136/3447 4143/4139/3450 4142/4137/3448
f 4155/4138/3449 4144/4141/3452 4143/4139/3450
f 4156/4140/3451 4145/4143/3454 4144/4141/3452
f 4157/4142/3453 4146/4145/3456 4145/4143/3454
f 4158/4144/3455 4147/4147/3458 4146/4145/3456
f 4159/4146/3457 4148/4149/3460 4147/4147/3458
f 4160/4148/3459 4149/4151/3462 4148/4149/3460
f 4161/4150/3461 4150/4338/3646 4149/4151/3462
f 4163/4152/3463 4152/4131/3442 4151/4133/3444
f 4164/4154/3465 4153/4134/3445 4152/4131/3442
f 4165/4155/3466 4154/4136/3447 4153/4134/3445
f 4166/4156/3467 4155/4138/3449 4154/4136/3447
f 4167/4157/3468 4156/4140/3451 4155/4138/3449
f 4168/4158/3469 4157/4142/3453 4156/4140/3451
f 4169/4159/3470 4158/4144/3455 4157/4142/3453
f 4170/4160/3471 4159/4146/3457 4158/4144/3455
f 4171/4161/3472 4160/4148/3459 4159/4146/3457
f 4172/4162/3473 4161/4150/3461 4160/4148/3459
f 4174/4163/3474 4163/4152/3463 4162/4153/3464
f 4175/4165/3476 4164/4154/3465 4163/4152/3463
f 4176/4166/3477 4165/4155/3466 4164/4154/3465
f 4177/4167/3478 4166/4156/3467 4165/4155/3466
f 4178/4168/3479 4167/4157/3468 4166/4156/3467
f 4179/4169/3480 4168/4158/3469 4167/4157/3468
f 4180/4170/3481 4169/4159/3470 4168/4158/3469
f 4181/4171/3482 4170/4160/3471 4169/4159/3470
f 4182/4172/3483 4171/4161/3472 4170/4160/3471
f 4183/4173/3484 4172/4162/3473 4171/4161/3472
f 4185/4174/3485 4174/4163/3474 4173/4164/3475
f 4186/4176/3487 4175/4165/3476 4174/4163/3474
f 4187/4177/3488 4176/4166/3477 4175/4165/3476
f 4188/4178/3489 4177/4167/3478 4176/4166/3477
f 4189/4179/3490 4178/4168/3479 4177/4167/3478
f 4190/4180/3491 4179/4169/3480 4178/4168/3479
f 4191/4181/3492 4180/4170/3481 4179/4169/3480
f 4192/4182/3493 4181/4171/3482 4180/4170/3481
f 4193/4183/3494 4182/4172/3483 4181/4171/3482
f 4194/4184/3495 4183/4173/3484 4182/4172/3483
f 4196/4185/3496 4185/4174/3485 4184/4175/3486
f 4197/4187/3498 4186/4176/3487 4185/4174/3485
f 4198/4188/3499 4187/4177/3488 4186/4176/3487
f 4199/4189/3500 4188/4178/3489 4187/4177/3488
f 4200/4190/3501 4189/4179/3490 4188/4178/3489
f 4201/4191/3502 4190/4180/3491 4189/4179/3490
f 4202/4192/3503 4191/4181/3492 4190/4180/3491
f 4203/4193/3504 4192/4182/3493 4191/4181/3492
f 4204/4194/3505 4193/4183/3494 4192/4182/3493
f 4205/4195/3506 4194/4184/3495 4193/4183/3494
f 4207/4196/3507 4196/4185/3496 4195/4186/3497
f 4208/4198/3509 4197/4187/3498 4196/4185/3496
f 4209/4199/3510 4198/4188/3499 4197/4187/3498
f 4210/4200/3511 4199/4189/3500 4198/4188/3499
f 4211/4201/3512 4200/4190/3501 4199/4189/3500
f 4212/4202/3513 4201/4191/3502 4200/4190/3501
f 4213/4203/3514 4202/4192/3503 4201/4191/3502
f 4214/4204/3515 4203/4193/3504 4202/4192/3503
f 4215/4205/3516 4204/4194/3505 4203/4193/3504
f 4216/4206/3517 4205/4195/3506 4204/4194/3505
f 4218/4207/3518 4207/4196/3507 4206/4197/3508
f 4219/4209/3520 4208/4198/3509 4207/4196/3507
f 4220/4210/3521 4209/4199/3510 4208/4198/3509
f 4221/4211/3522 4210/4200/3511 4209/4199/3510
f 4222/4212/3523 4211/4201/3512 4210/4200/3511
f 4223/4213/3524 4212/4202/3513 4211/4201/3512
f 4224/4214/3525 4213/4203/3514 4212/4202/3513
f 4225/4215/3526 4214/4204/3515 4213/4203/3514
f 4226/4216/3527 4215/4205/3516 4214/4204/3515
f 4227/4217/3528 4216/4206/3517 4215/4205/3516
f 4229/4218/3529 4218/4207/3518 4217/4208/3519
f 4230/4220/3531 4219/4209/3520 4218/4207/3518
f 4231/4221/3532 4220/4210/3521 4219/4209/3520
f 4232/4222/3533 4221/4211/3522 4220/4210/3521
f 4233/4223/3534 4222/4212/3523 4221/4211/3522
f 4234/4224/3535 4223/4213/3524 4222/4212/3523
f 4235/4225/3536 4224/4214/3525 4223/4213/3524
f 4236/4226/3537 4225/4215/3526 4224/4214/3525
f 4237/4227/3538 4226/4216/3527 4225/4215/3526
f 4238/4228/3539 4227/4217/3528 4226/4216/3527
f 4240/4229/3540 4229/4218/3529 4228/4219/3530
f 4241/4231/3542 4230/4220/3531 4229/4218/3529
f 4242/4232/3543 4231/4221/3532 4230/4220/3531
f 4243/4233/3544 4232/4222/3533 4231/4221/3532
f 4244/4234/3545 4233/4223/3534 4232/4222/3533
f 4245/4235/3546 4234/4224/3535 4233/4223/3534
f 4246/4236/3547 4235/4225/3536 4234/4224/3535
f 4247/4237/3548 4236/4226/3537 4235/4225/3536
f 4248/4238/3549 4237/4227/3538 4236/4226/3537
f 4249/4239/3550 4238/4228/3539 4237/4227/3538
f 4251/4240/3551 4240/4229/3540 4239/4230/3541
f 4252/4242/3553 4241/4231/3542 4240/4229/3540
f 4253/4243/3554 4242/4232/3543 4241/4231/3542
f 4254/4244/3555 4243/4233/3544 4242/4232/3543
f 4255/4245/3556 4244/4234/3545 4243/4233/3544
f 4256/4246/3557 4245/4235/3546 4244/4234/3545
f 4257/4247/3558 4246/4236/3547 4245/4235/3546
f 4258/4248/3559 4247/4237/3548 4246/4236/3547
f 4259/4249/3560 4248/4238/3549 4247/4237/3548
f 4260/4250/3561 4249/4239/3550 4248/4238/3549
f 4262/4251/3562 4251/4240/3551 4250/4241/3552
f 4263/4253/3564 4252/4242/3553 4251/4240/3551
f 4264/4254/3565 4253/4243/3554 4252/4242/3553
f 4265/4255/3566 4254/4244/3555 4253/4243/3554
f 4266/4256/3567 4255/4245/3556 4254/4244/3555
f 4267/4257/3568 4256/4246/3557 4255/4245/3556
f 4268/4258/3569 4257/4247/3558 4256/4246/3557
f 4269/4259/3570 4258/4248/3559 4257/4247/3558
f 4270/4260/3571 4259/4249/3560 4258/4248/3559
f 4271/4261/3572 4260/4250/3561 4259/4249/3560
f 4273/4262/3573 4262/4251/3562 4261/4252/3563
f 4274/4264/3575 4263/4253/3564 4262/4251/3562
f 4275/4265/3576 4264/4254/3565 4263/4253/3564
f 4276/4266/3577 4265/4255/3566 4264/4254/3565
f 4277/4267/3578 4266/4256/3567 4265/4255/3566
f 4278/4268/3579 4267/4257/3568 4266/4256/3567
f 4279/4269/3580 4268/4258/3569 4267/4257/3568
f 4280/4270/3581 4269/4259/3570 4268/4258/3569
f 4281/4271/3582 4270/4260/3571 4269/4259/3570
f 4282/4272/3583 4271/4261/3572 4270/4260/3571
f 4284/4273/3584 4273/4262/3573 4272/4263/3574
f 4285/4275/3586 4274/4264/3575 4273/4262/3573
f 4286/4276/3587 4275/4265/3576 4274/4264/3575
f 4287/4277/3588 4276/4266/3577 4275/4265/3576
f 4288/4278/3589 4277/4267/3578 4276/4266/3577
f 4289/4279/3590 4278/4268/3579 4277/4267/3578
f 4290/4280/3591 4279/4269/3580 4278/4268/3579
f 4291/4281/3592 4280/4270/3581 4279/4269/3580
f 4292/4282/3593 4281/4271/3582 4280/4270/3581
f 4293/4283/3594 4282/4272/3583 4281/4271/3582
f 4295/4284/3595 4284/4273/3584 4283/4274/3585
f 4296/4286/3597 4285/4275/3586 4284/4273/3584
f 4297/4287/3598 4286/4276/3587 4285/4275/3586
f 4298/4288/3599 4287/4277/3588 4286/4276/3587
f 4299/4289/3600 4288/4278/3589 4287/4277/3588
f 4300/4290/3601 4289/4279/3590 4288/4278/3589
f 4301/4291/3602 4290/4280/3591 4289/4279/3590
f 4302/4292/3603 4291/4281/3592 4290/4280/3591
f 4303/4293/3604 4292/4282/3593 4291/4281/3592
f 4304/4294/3605 4293/4283/3594 4292/4282/3593
f 4306/4295/3606 4295/4284/3595 4294/4285/3596
f 4307/4297/3608 4296/4286/3597 4295/4284/3595
f 4308/4298/3609 4297/4287/3598 4296/4286/3597
f 4309/4299/3610 4298/4288/3599 4297/4287/3598
f 4310/4300/3611 4299/4289/3600 4298/4288/3599
f 4311/4301/3612 4300/4290/3601 4299/4289/3600
f 4312/4302/3613 4301/4291/3602 4300/4290/3601
f 4313/4303/3614 4302/4292/3603 4301/4291/3602
f 4314/4304/3615 4303/4293/3604 4302/4292/3603
f 4315/4305/3616 4304/4294/3605 4303/4293/3604
f 4409/4306/3617 4407/4394/3691 4315/4305/3616
f 4162/4153/3464 4151/4133/3444 4368/4314/3623
f 4372/4324/3633 4373/4328/3637 4184/4175/3486
f 4217/4208/3519 4206/4197/3508 4378/4330/3639
f 4206/4197/3508 4195/4186/3497 4376/4327/3636
f 4387/4364/3670 4388/4369/3673 4272/4263/3574
f 4294/4285/3596 4283/4274/3585 4391/4367/3671
f 4306/4295/3606 4398/4375/3674 4399/4376/3675
f 4401/4378/3677 4310/4300/3611 4309/4299/3610
f 4312/4302/3613 4402/4379/3678 4403/4391/3690
f 4551/4460/3699 4554/4463/3702 4552/4461/3700
f 4554/4463/3702 4553/4550/1374 4521/4464/1374
f 4555/4465/3703 4557/4468/3706 4556/4466/3704
f 4557/4468/3706 4551/4460/3699 4522/4462/3701
f 4558/4469/3707 4560/4472/3710 4559/4470/3708
f 4560/4472/3710 4555/4465/3703 4519/4467/3705
f 4564/4476/3714 4561/4475/3713 4518/4474/3712
f 4568/4481/3717 4571/4484/3720 4569/4482/3718
f 4571/4484/3720 4570/4573/3798 4517/4485/3721
f 4572/4486/3722 4574/4489/3725 4573/4487/3723
f 4574/4489/3725 4568/4481/3717 4515/4483/3719
f 4575/4490/3726 4577/4493/3729 4576/4491/3727
f 4577/4493/3729 4572/4486/3722 4516/4488/3724
f 4578/4494/3730 4580/4497/3733 4579/4495/3731
f 4580/4497/3733 4575/4490/3726 4513/4492/3728
f 4581/4498/3734 4583/4501/3737 4582/4499/3735
f 4583/4501/3737 4578/4494/3730 4514/4496/3732
f 4584/4502/3738 4586/4505/3741 4585/4503/3739
f 4586/4505/3741 4581/4498/3734 4511/4500/3736
f 4587/4506/3742 4589/4509/3744 4588/4507/3743
f 4589/4509/3744 4584/4502/3738 4512/4504/3740
f 4509/4510/3745 4507/4517/3752 4508/4511/3746
f 4496/4513/3748 4509/4510/3745 4510/4512/3747
f 4590/4515/3750 4592/4518/3753 4591/4516/3751
f 4592/4518/3753 4587/4506/3742 4506/4508/904
f 4593/4519/3754 4594/4520/3755 4509/4510/3745
f 4594/4520/3755 4590/4515/3750 4507/4517/3752
f 4500/4521/3756 4497/4528/3763 4499/4522/3757
f 4495/4524/3759 4500/4521/3756 4501/4523/3758
f 4504/4526/3761 4496/4513/3748 4503/4514/3749
f 4497/4528/3763 4504/4526/3761 4505/4527/3762
f 4595/4529/3764 4596/4530/3765 4504/4526/3761
f 4596/4530/3765 4593/4519/3754 4496/4513/3748
f 4597/4531/3766 4598/4532/3767 4500/4521/3756
f 4598/4532/3767 4595/4529/3764 4497/4528/3763
f 4599/4533/3768 4601/4536/3771 4600/4534/3769
f 4601/4536/3771 4597/4531/3766 4495/4524/3759
f 4602/4537/3772 4604/4540/3775 4603/4538/3773
f 4604/4540/3775 4599/4533/3768 4502/4535/3770
f 4605/4541/3776 4607/4544/3779 4606/4542/3777
f 4607/4544/3779 4602/4537/3772 4493/4539/3774
f 4608/4545/1374 4610/4548/3781 4609/4546/3780
f 4610/4548/3781 4605/4541/3776 4494/4543/3778
f 4557/4468/3706 4555/4465/3703 4524/4551/3783
f 4554/4463/3702 4551/4460/3699 4523/4552/3784
f 4560/4472/3710 4558/4469/3707 4525/4553/3785
f 4562/4473/3711 4561/4475/3713 4526/4555/3786
f 4570/4573/3798 4537/4575/3800 4470/4572/3797
f 4571/4484/3720 4568/4481/3717 4538/4574/3799
f 4574/4489/3725 4572/4486/3722 4539/4576/3801
f 4540/4581/3805 4580/4497/3733 4578/4494/3730
f 4541/4584/3808 4583/4501/3737 4581/4498/3734
f 4587/4506/3742 4592/4518/3753 4544/4586/3810
f 4542/4585/3809 4586/4505/3741 4584/4502/3738
f 4590/4515/3750 4594/4520/3755 4545/4588/3812
f 4595/4529/3764 4598/4532/3767 4547/4590/3814
f 4597/4531/3766 4601/4536/3771 4548/4591/3815
f 4549/4592/3816 4602/4537/3772 4607/4544/3779
f 4548/4591/3815 4599/4533/3768 4604/4540/3775
f 4773/4661/3825 4775/4745/3895 4712/4662/3826
f 4672/4663/3705 4712/4662/3826 4713/4664/3701
f 4776/4666/3828 4777/4669/3831 4743/4667/3829
f 4777/4669/3831 4773/4661/3825 4672/4663/3705
f 4743/4667/3829 4672/4663/3705 4711/4665/3827
f 4673/4668/3830 4743/4667/3829 4744/4670/3709
f 4778/4672/3832 4779/4675/3835 4741/4673/3833
f 4779/4675/3835 4776/4666/3828 4673/4668/3830
f 4741/4673/3833 4673/4668/3830 4740/4671/3712
f 4674/4674/3834 4741/4673/3833 4742/4676/3836
f 4780/4678/3838 4781/4681/3840 4738/4679/3839
f 4781/4681/3840 4778/4672/3832 4674/4674/3834
f 4738/4679/3839 4674/4674/3834 4737/4677/3837
f 4675/4680/3 4738/4679/3839 4739/4682/3841
f 4782/4684/3843 4783/4687/3846 4735/4685/3844
f 4783/4687/3846 4780/4678/3838 4675/4680/3
f 4735/4685/3844 4675/4680/3 4734/4683/3842
f 4676/4686/3845 4735/4685/3844 4736/4688/3847
f 4784/4690/3848 4785/4693/3851 4732/4691/3849
f 4785/4693/3851 4782/4684/3843 4676/4686/3845
f 4732/4691/3849 4676/4686/3845 4731/4689/3845
f 4677/4692/3850 4732/4691/3849 4733/4694/3852
f 4786/4696/3854 4787/4699/3857 4729/4697/3855
f 4787/4699/3857 4784/4690/3848 4677/4692/3850
f 4729/4697/3855 4677/4692/3850 4728/4695/3853
f 4678/4698/3856 4729/4697/3855 4730/4700/3858
f 4788/4702/3860 4789/4705/3863 4726/4703/3861
f 4789/4705/3863 4786/4696/3854 4678/4698/3856
f 4726/4703/3861 4678/4698/3856 4725/4701/3859
f 4680/4704/3862 4726/4703/3861 4727/4706/3864
f 4790/4708/3865 4791/4711/3867 4723/4709/3866
f 4791/4711/3867 4788/4702/3860 4680/4704/3862
f 4723/4709/3866 4680/4704/3862 4722/4707/1355
f 4681/4710/3719 4723/4709/3866 4724/4712/3721
f 4792/4714/3869 4793/4717/3872 4720/4715/3870
f 4793/4717/3872 4790/4708/3865 4681/4710/3719
f 4720/4715/3870 4681/4710/3719 4719/4713/3868
f 4682/4716/3871 4720/4715/3870 4721/4718/3724
f 4794/4720/3874 4796/4723/3877 4795/4721/3875
f 4796/4723/3877 4792/4714/3869 4682/4716/3871
f 4797/4724/3878 4798/4727/3881 4717/4725/3879
f 4798/4727/3881 4794/4720/3874 4683/4722/3876
f 4799/4728/3882 4800/4731/3884 4716/4729/3746
f 4800/4731/3884 4797/4724/3878 4684/4726/3880
f 4801/4732/3885 4802/4735/3886 4715/4733/3757
f 4802/4735/3886 4799/4728/3882 4685/4730/3883
f 4803/4736/3887 4804/4739/3890 4714/4737/3888
f 4804/4739/3890 4801/4732/3885 4686/4734/3760
f 4805/4740/3891 4806/4743/3893 4710/4741/3892
f 4806/4743/3893 4803/4736/3887 4687/4738/3889
f 4670/4744/3894 4774/4752/3902 4775/4745/3895
f 4745/4746/3896 4775/4745/3895 4773/4661/3825
f 4747/4748/3898 4777/4669/3831 4776/4666/3828
f 4749/4750/3900 4779/4675/3835 4778/4672/3832
f 4748/4749/3899 4776/4666/3828 4779/4675/3835
f 4746/4747/3897 4773/4661/3825 4777/4669/3831
f 4774/4752/3902 4671/4762/1374 4712/4662/3826
f 4781/4681/3840 4751/4754/3904 4750/4751/3901
f 4780/4678/3838 4783/4687/3846 4752/4753/3903
f 4783/4687/3846 4782/4684/3843 4753/4755/3905
f 4785/4693/3851 4784/4690/3848 4755/4756/3906
f 4756/4758/3908 4755/4756/3906 4784/4690/3848
f 4782/4684/3843 4785/4693/3851 4754/4757/3907
f 4786/4696/3854 4789/4705/3863 4758/4759/3909
f 4789/4705/3863 4788/4702/3860 4679/4761/3911
f 4787/4699/3857 4786/4696/3854 4757/4760/3910
f 4671/4762/1374 4709/4765/1374 4713/4664/3701
f 4759/4773/3921 4791/4711/3867 4790/4708/3865
f 4760/4774/3922 4790/4708/3865 4793/4717/3872
f 4762/4776/3924 4792/4714/3869 4796/4723/3877
f 4764/4778/3926 4794/4720/3874 4798/4727/3881
f 4763/4777/3925 4796/4723/3877 4794/4720/3874
f 4761/4775/3923 4793/4717/3872 4792/4714/3869
f 4791/4711/3867 4759/4773/3921 4679/4761/3911
f 4800/4731/3884 4799/4728/3882 4767/4780/3928
f 4799/4728/3882 4802/4735/3886 4768/4782/3930
f 4801/4732/3885 4804/4739/3890 4770/4783/3931
f 4803/4736/3887 4806/4743/3893 4772/4785/3933
f 4804/4739/3890 4803/4736/3887 4771/4786/3934
f 4802/4735/3886 4801/4732/3885 4769/4784/3932
f 4806/4743/3893 4805/4740/3891 4688/4787/3935
usemtl light_silver
f 4926/4912/3698 4924/4913/3698 4923/4914/3698
f 4925/4915/3953 4923/4914/3698 4924/4913/3698
f 4923/4914/3698 4925/4915/3953 4922/4916/3953
f 4926/4912/3698 4927/4917/3698 4928/4918/3698
f 4926/4912/3698 4921/4919/3698 4927/4917/3698
f 4936/4920/3954 4931/4921/3698 4935/4922/3953
f 4934/4923/3698 4935/4922/3953 4931/4921/3698
f 4931/4921/3698 4936/4920/3954 4929/4924/3954
f 4931/4921/3698 4930/4925/3953 4932/4926/3953
f 4931/4921/3698 4933/4927/3698 4934/4923/3698
f 4931/4921/3698 4932/4926/3953 4933/4927/3698
f 4939/4928/3698 4937/4929/3955 4940/4930/3955
f 4942/4931/3698 4939/4928/3698 4941/4932/3698
f 4940/4930/3955 4941/4932/3698 4939/4928/3698
f 4939/4928/3698 4942/4931/3698 4943/4933/3698
f 4939/4928/3698 4944/4934/3698 4938/4935/3698
f 4939/4928/3698 4943/4933/3698 4944/4934/3698
f 4946/4936/3698 4947/4937/3698 4948/4938/3698
f 4946/4936/3698 4949/4939/3698 4950/4940/3698
f 4946/4936/3698 4948/4938/3698 4949/4939/3698
f 4946/4936/3698 4952/4941/3955 4945/4942/3955
f 4952/4941/3955 4946/4936/3698 4951/4943/3698
f 4950/4940/3698 4951/4943/3698 4946/4936/3698
f 4955/4944/3698 4960/4945/3698 4953/4946/3698
f 4955/4944/3698 4958/4947/3698 4959/4948/3698
f 4959/4948/3698 4960/4945/3698 4955/4944/3698
f 4956/4949/3956 4957/4950/3698 4955/4944/3698
f 4958/4947/3698 4955/4944/3698 4957/4950/3698
f 4955/4944/3698 4954/4951/3956 4956/4949/3956
f 4962/4952/3698 4966/4953/3698 4961/4954/3698
f 4967/4955/3698 4963/4956/3698 4964/4957/3698
f 4969/4958/3698 4966/4953/3698 4970/4959/3698
f 4971/4960/3698 4968/4961/3698 4972/4962/3698
f 4978/4963/3698 4973/4964/3698 4974/4965/3698
f 4979/4966/3698 4976/4967/3698 4980/4968/3698
f 4978/4963/3698 4982/4969/3698 4981/4970/3698
f 4983/4971/3698 4979/4966/3698 4984/4972/3698
f 5029/4973/3698 5028/4974/3698 4961/4954/3698
f 5030/4975/3698 5029/4973/3698 4961/4954/3698
f 5031/4976/3698 4961/4954/3698 4966/4953/3698
f 5030/4975/3698 4961/4954/3698 5031/4976/3698
f 5027/4977/3698 4961/4954/3698 5028/4974/3698
f 5024/4978/3698 5023/4979/3698 4962/4952/3698
f 5025/4980/3698 5024/4978/3698 4962/4952/3698
f 4962/4952/3698 5027/4977/3698 5026/4981/3698
f 4961/4954/3698 5027/4977/3698 4962/4952/3698
f 5025/4980/3698 4962/4952/3698 5026/4981/3698
f 4962/4952/3698 5023/4979/3698 4963/4956/3698
f 5032/4982/3698 5031/4976/3698 4965/4983/3698
f 5034/4984/3698 5033/4985/3698 4965/4983/3698
f 5034/4984/3698 4965/4983/3698 5035/4986/3698
f 5037/4987/3698 5036/4988/3698 4969/4958/3698
f 4969/4958/3698 5036/4988/3698 5035/4986/3698
f 4969/4958/3698 5038/4989/3698 5037/4987/3698
f 4988/4990/3698 5057/4991/3698 4966/4953/3698
f 4966/4953/3698 4962/4952/3698 4988/4990/3698
f 4965/4983/3698 5031/4976/3698 4966/4953/3698
f 4966/4953/3698 5057/4991/3698 4970/4959/3698
f 4974/4965/3698 4969/4958/3698 4970/4959/3698
f 4970/4959/3698 5057/4991/3698 5056/4992/3698
f 4969/4958/3698 5035/4986/3698 4965/4983/3698
f 5039/4993/3698 5038/4989/3698 4969/4958/3698
f 4965/4983/3698 5033/4985/3698 5032/4982/3698
f 4988/4990/3698 4962/4952/3698 4989/4994/3698
f 5020/4995/3698 4963/4956/3698 5021/4996/3698
f 5022/4997/3698 5021/4996/3698 4963/4956/3698
f 4964/4957/3698 4963/4956/3698 5019/4998/3698
f 5020/4995/3698 5019/4998/3698 4963/4956/3698
f 5015/4999/3698 4967/4955/3698 4964/4957/3698
f 5018/5000/3698 4964/4957/3698 5019/4998/3698
f 5022/4997/3698 4963/4956/3698 5023/4979/3698
f 5017/5001/3698 5016/5002/3698 4964/4957/3698
f 4964/4957/3698 5018/5000/3698 5017/5001/3698
f 5016/5002/3698 5015/4999/3698 4964/4957/3698
f 5015/4999/3698 5014/5003/3698 4968/4961/3698
f 5014/5003/3698 5013/5004/3698 4968/4961/3698
f 4990/5005/3698 4963/4956/3698 4967/4955/3698
f 4990/5005/3698 4967/4955/3698 5058/5006/3698
f 5013/5004/3698 5012/5007/3698 4968/4961/3698
f 4967/4955/3698 4971/4960/3698 5058/5006/3698
f 5058/5006/3698 4971/4960/3698 5059/5008/3698
f 4990/5005/3698 4989/4994/3698 4963/4956/3698
f 5010/5009/3698 4972/4962/3698 5011/5010/3698
f 4968/4961/3698 5012/5007/3698 5011/5010/3698
f 5008/5011/3698 4972/4962/3698 5009/5012/3698
f 5010/5009/3698 5009/5012/3698 4972/4962/3698
f 4972/4962/3698 5008/5011/3698 5007/5013/3698
f 4976/4967/3698 4972/4962/3698 5007/5013/3698
f 5011/5010/3698 4972/4962/3698 4968/4961/3698
f 4975/5014/3698 5059/5008/3698 4971/4960/3698
f 4967/4955/3698 5015/4999/3698 4968/4961/3698
f 4963/4956/3698 4989/4994/3698 4962/4952/3698
f 5040/5015/3698 5039/4993/3698 4973/4964/3698
f 5040/5015/3698 4973/4964/3698 5041/5016/3698
f 5043/5017/3698 5042/5018/3698 4973/4964/3698
f 4973/4964/3698 5042/5018/3698 5041/5016/3698
f 5044/5019/3698 5043/5017/3698 4977/5020/3698
f 5055/5021/3698 4978/4963/3698 4974/4965/3698
f 4974/4965/3698 4970/4959/3698 5056/4992/3698
f 4987/5022/3698 4978/4963/3698 5055/5021/3698
f 4977/5020/3698 4978/4963/3698 5047/5023/3698
f 4982/4969/3698 4978/4963/3698 4987/5022/3698
f 4977/5020/3698 5043/5017/3698 4973/4964/3698
f 5045/5024/3698 5044/5019/3698 4977/5020/3698
f 4974/4965/3698 5056/4992/3698 5055/5021/3698
f 5047/5023/3698 5046/5025/3698 4977/5020/3698
f 5047/5023/3698 4978/4963/3698 4981/4970/3698
f 5049/5026/3698 5048/5027/3698 4981/4970/3698
f 5048/5027/3698 5047/5023/3698 4981/4970/3698
f 5050/5028/3698 5049/5026/3698 4981/4970/3698
f 4982/4969/3698 5051/5029/3698 4981/4970/3698
f 5050/5028/3698 4981/4970/3698 5051/5029/3698
f 5052/5030/3698 5051/5029/3698 4982/4969/3698
f 5053/5031/3698 4982/4969/3698 5054/5032/3698
f 5054/5032/3698 4982/4969/3698 4991/5033/3698
f 5052/5030/3698 4982/4969/3698 5053/5031/3698
f 4986/5034/3698 4982/4969/3698 4987/5022/3698
f 5046/5025/3698 5045/5024/3698 4977/5020/3698
f 4991/5033/3698 4982/4969/3698 4983/4971/3698
f 4975/5014/3698 5060/5035/3698 5059/5008/3698
f 4979/4966/3698 5060/5035/3698 4975/5014/3698
f 4975/5014/3698 4972/4962/3698 4976/4967/3698
f 4979/4966/3698 4983/4971/3698 4985/5036/3698
f 4986/5034/3698 4985/5036/3698 4983/4971/3698
f 5060/5035/3698 4979/4966/3698 4985/5036/3698
f 5005/5037/3698 4976/4967/3698 5006/5038/3698
f 4976/4967/3698 5007/5013/3698 5006/5038/3698
f 5004/5039/3698 4976/4967/3698 5005/5037/3698
f 5004/5039/3698 5003/5040/3698 4976/4967/3698
f 4980/4968/3698 4976/4967/3698 5003/5040/3698
f 5002/5041/3698 4980/4968/3698 5003/5040/3698
f 4980/4968/3698 4999/5042/3698 4979/4966/3698
f 4984/4972/3698 4995/5043/3698 4983/4971/3698
f 4994/5044/3698 4983/4971/3698 4995/5043/3698
f 4996/5045/3698 4995/5043/3698 4984/4972/3698
f 4979/4966/3698 4999/5042/3698 4984/4972/3698
f 4994/5044/3698 4993/5046/3698 4983/4971/3698
f 4992/5047/3698 4983/4971/3698 4993/5046/3698
f 4983/4971/3698 4982/4969/3698 4986/5034/3698
f 4980/4968/3698 5001/5048/3698 5000/5049/3698
f 5001/5048/3698 4980/4968/3698 5002/5041/3698
f 4999/5042/3698 4998/5050/3698 4984/4972/3698
f 5000/5049/3698 4999/5042/3698 4980/4968/3698
f 4984/4972/3698 4998/5050/3698 4997/5051/3698
f 4984/4972/3698 4997/5051/3698 4996/5045/3698
f 4983/4971/3698 4992/5047/3698 4991/5033/3698
f 4973/4964/3698 5039/4993/3698 4969/4958/3698
f 5073/5052/3957 5070/5053/3958 5071/5054/3959
f 5072/5055/3958 5065/5056/3959 5066/5057/3960
f 5073/5052/3957 5065/5056/3959 5072/5055/3958
f 5068/5058/3961 5072/5055/3958 5066/5057/3960
f 5067/5059/3962 5070/5053/3958 5068/5058/3961
f 5072/5055/3958 5068/5058/3961 5070/5053/3958
f 5062/5060/3963 5070/5053/3958 5067/5059/3962
f 5063/5061/3964 5069/5062/3964 5073/5052/3957
f 5065/5056/3959 5073/5052/3957 5069/5062/3964
f 5064/5063/3965 5063/5061/3964 5073/5052/3957
f 5061/5064/3959 5071/5054/3959 5062/5060/3963
f 5071/5054/3959 5070/5053/3958 5062/5060/3963
f 5071/5054/3959 5061/5064/3959 5064/5063/3965
f 5064/5063/3965 5073/5052/3957 5071/5054/3959
f 5083/5065/3966 5084/5066/3967 5082/5067/3968
f 5085/5068/3969 5086/5069/3970 5081/5070/3971
f 5085/5068/3969 5080/5071/3972 5086/5069/3970
f 5076/5072/3973 5085/5068/3969 5081/5070/3971
f 5075/5073/3974 5084/5066/3967 5076/5072/3973
f 5077/5074/3975 5084/5066/3967 5075/5073/3974
f 5078/5075/3976 5080/5071/3972 5083/5065/3966
f 5083/5065/3966 5079/5076/3977 5078/5075/3976
f 5079/5076/3977 5082/5067/3968 5077/5074/3975
f 5077/5074/3975 5074/5077/3977 5079/5076/3977
f 5089/5078/3978 5091/5079/3979 5090/5080/3980
f 5089/5078/3978 5087/5081/3981 5093/5082/3981
f 5094/5083/3978 5091/5079/3979 5089/5078/3978
f 5089/5078/3978 5093/5082/3981 5094/5083/3978
f 5094/5083/3978 5093/5082/3981 5092/5084/3979
f 5088/5085/3980 5091/5079/3979 5094/5083/3978
f 5097/5086/3982 5101/5087/3983 5102/5088/3984
f 5097/5086/3982 5096/5089/3984 5098/5090/3985
f 5100/5091/3986 5101/5087/3983 5097/5086/3982
f 5097/5086/3982 5098/5090/3985 5100/5091/3986
f 5100/5091/3986 5098/5090/3985 5095/5092/3987
f 5099/5093/3987 5101/5087/3983 5100/5091/3986
f 5110/5094/3988 5105/5095/3989 5107/5096/3988
f 5105/5095/3989 5104/5097/3989 5107/5096/3988
f 5110/5094/3988 5103/5098/3989 5105/5095/3989
f 5109/5099/3990 5108/5100/3991 5110/5094/3988
f 5109/5099/3990 5107/5096/3988 5106/5101/3992
f 5110/5094/3988 5107/5096/3988 5109/5099/3990
f 5112/5102/3993 5117/5103/3994 5116/5104/3995
f 5112/5102/3993 5113/5105/3995 5118/5106/3996
f 5118/5106/3996 5117/5103/3994 5112/5102/3993
f 5117/5103/3994 5118/5106/3996 5115/5107/3997
f 5115/5107/3997 5118/5106/3996 5111/5108/3998
f 5114/5109/3994 5117/5103/3994 5115/5107/3997
f 5121/5110/3698 5123/5111/3698 5124/5112/3698
f 5121/5110/3698 5119/5113/3955 5122/5114/3955
f 5122/5114/3955 5123/5111/3698 5121/5110/3698
f 5121/5110/3698 5126/5115/3953 5120/5116/3953
f 5124/5112/3698 5125/5117/3955 5121/5110/3698
f 5126/5115/3953 5121/5110/3698 5125/5117/3955
f 5130/5118/3999 5127/5119/4000 5128/5120/4001
f 5132/5121/4002 5129/5122/4003 5130/5118/3999
f 5134/5123/4004 5131/5124/4002 5132/5121/4002
f 5136/5125/4005 5133/5126/4006 5134/5123/4004
f 5138/5127/4007 5135/5128/4008 5136/5125/4005
f 5140/5129/4009 5137/5130/4010 5138/5127/4007
f 5142/5131/4011 5139/5132/4012 5140/5129/4009
f 5144/5133/4013 5141/5134/4014 5142/5131/4011
f 5146/5135/4015 5143/5136/4016 5144/5133/4013
f 5148/5137/4017 5145/5138/4018 5146/5135/4015
f 5150/5139/4019 5147/5140/4020 5148/5137/4017
f 5152/5141/4021 5149/5142/4022 5150/5139/4019
f 5154/5143/4023 5151/5144/4024 5152/5141/4021
f 5156/5145/4025 5153/5146/4026 5154/5143/4023
f 5158/5147/4027 5155/5148/4028 5156/5145/4025
f 5160/5149/4029 5157/5150/4030 5158/5147/4027
f 5162/5151/4031 5159/5152/4032 5160/5149/4029
f 5164/5153/4033 5161/5154/4034 5162/5151/4031
f 5166/5155/4035 5163/5156/4036 5164/5153/4033
f 5168/5157/4037 5165/5158/4038 5166/5155/4035
f 5170/5159/4039 5167/5160/4040 5168/5157/4037
f 5172/5161/4041 5169/5162/4042 5170/5159/4039
f 5174/5163/4043 5171/5164/4044 5172/5161/4041
f 5176/5165/4045 5173/5166/4046 5174/5163/4043
f 5178/5167/4047 5175/5168/4048 5176/5165/4045
f 5180/5169/4049 5177/5170/4050 5178/5167/4047
f 5182/5171/4051 5179/5172/4052 5180/5169/4049
f 5184/5173/4053 5181/5174/4054 5182/5171/4051
f 5186/5175/4055 5183/5176/4056 5184/5173/4053
f 5188/5177/4057 5185/5178/4058 5186/5175/4055
f 5190/5179/4059 5187/5180/4060 5188/5177/4057
f 5192/5181/4061 5189/5182/4062 5190/5179/4059
f 5194/5183/4063 5191/5184/4064 5192/5181/4061
f 5196/5185/4065 5193/5186/4066 5194/5183/4063
f 5198/5187/4067 5195/5188/4068 5196/5185/4065
f 5200/5189/4069 5197/5190/4070 5198/5187/4067
f 5202/5191/4071 5199/5192/4072 5200/5189/4069
f 5204/5193/4073 5201/5194/4074 5202/5191/4071
f 5206/5195/4075 5203/5196/4076 5204/5193/4073
f 5208/5197/4077 5205/5198/4078 5206/5195/4075
f 5210/5199/4079 5207/5200/4080 5208/5197/4077
f 5212/5201/4081 5209/5202/4082 5210/5199/4079
f 5214/5203/4083 5211/5204/4084 5212/5201/4081
f 5216/5205/4085 5213/5206/4086 5214/5203/4083
f 5218/5207/4087 5215/5208/4088 5216/5205/4085
f 5220/5209/4089 5217/5210/4087 5218/5207/4087
f 5222/5211/4090 5219/5212/4091 5220/5209/4089
f 5224/5213/4092 5221/5214/4093 5222/5211/4090
f 5226/5215/4094 5223/5216/4095 5224/5213/4092
f 5228/5217/4096 5225/5218/4097 5226/5215/4094
f 5230/5219/4098 5227/5220/4099 5228/5217/4096
f 5232/5221/4100 5229/5222/4101 5230/5219/4098
f 5234/5223/4102 5231/5224/4103 5232/5221/4100
f 5236/5225/4104 5233/5226/4105 5234/5223/4102
f 5238/5227/4106 5235/5228/4107 5236/5225/4104
f 5239/5229/4108 5237/5230/4109 5238/5227/4106
f 5271/5231/4110 5130/5118/3999 5128/5120/4001
f 5269/5232/4111 5134/5123/4004 5132/5121/4002
f 5269/5232/4111 5136/5125/4005 5134/5123/4004
f 5270/5233/4112 5132/5121/4002 5130/5118/3999
f 5138/5127/4007 5263/5234/4113 5140/5129/4009
f 5263/5234/4113 5142/5131/4011 5140/5129/4009
f 5262/5235/4114 5146/5135/4015 5144/5133/4013
f 5261/5236/4115 5148/5137/4017 5146/5135/4015
f 5262/5235/4114 5144/5133/4013 5142/5131/4011
f 5268/5237/4116 5138/5127/4007 5136/5125/4005
f 5260/5238/4117 5152/5141/4021 5150/5139/4019
f 5259/5239/4118 5154/5143/4023 5152/5141/4021
f 5258/5240/4119 5158/5147/4027 5156/5145/4025
f 5245/5241/4120 5160/5149/4029 5158/5147/4027
f 5258/5240/4119 5156/5145/4025 5154/5143/4023
f 5244/5242/4121 5164/5153/4033 5162/5151/4031
f 5243/5243/4122 5166/5155/4035 5164/5153/4033
f 5242/5244/4123 5170/5159/4039 5168/5157/4037
f 5241/5245/4124 5172/5161/4041 5170/5159/4039
f 5166/5155/4035 5242/5244/4123 5168/5157/4037
f 5244/5242/4121 5162/5151/4031 5160/5149/4029
f 5260/5238/4117 5150/5139/4019 5148/5137/4017
f 5269/5232/4111 5132/5121/4002 5270/5233/4112
f 5262/5235/4114 5142/5131/4011 5263/5234/4113
f 5269/5232/4111 5268/5237/4116 5136/5125/4005
f 5260/5238/4117 5148/5137/4017 5261/5236/4115
f 5244/5242/4121 5160/5149/4029 5245/5241/4120
f 5259/5239/4118 5258/5240/4119 5154/5143/4023
f 5240/5246/4125 5176/5165/4045 5174/5163/4043
f 5251/5247/4126 5178/5167/4047 5176/5165/4045
f 5250/5248/4127 5182/5171/4051 5180/5169/4049
f 5249/5249/4128 5182/5171/4051 5250/5248/4127
f 5251/5247/4126 5180/5169/4049 5178/5167/4047
f 5241/5245/4124 5170/5159/4039 5242/5244/4123
f 5176/5165/4045 5240/5246/4125 5251/5247/4126
f 5240/5246/4125 5172/5161/4041 5241/5245/4124
f 5164/5153/4033 5244/5242/4121 5243/5243/4122
f 5248/5250/4129 5188/5177/4057 5186/5175/4055
f 5247/5251/4130 5192/5181/4061 5190/5179/4059
f 5246/5252/4131 5194/5183/4063 5192/5181/4061
f 5247/5251/4130 5190/5179/4059 5188/5177/4057
f 5257/5253/4132 5198/5187/4067 5196/5185/4065
f 5256/5254/4133 5200/5189/4069 5198/5187/4067
f 5255/5255/4134 5204/5193/4073 5202/5191/4071
f 5254/5256/4135 5206/5195/4075 5204/5193/4073
f 5200/5189/4069 5255/5255/4134 5202/5191/4071
f 5194/5183/4063 5257/5253/4132 5196/5185/4065
f 5253/5257/4136 5210/5199/4079 5208/5197/4077
f 5252/5258/4137 5212/5201/4081 5210/5199/4079
f 5276/5259/4138 5216/5205/4085 5214/5203/4083
f 5275/5260/4139 5218/5207/4087 5216/5205/4085
f 5252/5258/4137 5214/5203/4083 5212/5201/4081
f 5274/5261/4140 5222/5211/4090 5220/5209/4089
f 5222/5211/4090 5273/5262/4141 5224/5213/4092
f 5272/5263/4142 5228/5217/4096 5226/5215/4094
f 5228/5217/4096 5267/5264/4143 5230/5219/4098
f 5273/5262/4141 5226/5215/4094 5224/5213/4092
f 5275/5260/4139 5220/5209/4089 5218/5207/4087
f 5254/5256/4135 5208/5197/4077 5206/5195/4075
f 5186/5175/4055 5249/5249/4128 5248/5250/4129
f 5247/5251/4130 5188/5177/4057 5248/5250/4129
f 5256/5254/4133 5198/5187/4067 5257/5253/4132
f 5247/5251/4130 5246/5252/4131 5192/5181/4061
f 5254/5256/4135 5204/5193/4073 5255/5255/4134
f 5275/5260/4139 5216/5205/4085 5276/5259/4138
f 5253/5257/4136 5252/5258/4137 5210/5199/4079
f 5220/5209/4089 5275/5260/4139 5274/5261/4140
f 5232/5221/4100 5266/5265/4144 5234/5223/4102
f 5266/5265/4144 5236/5225/4104 5234/5223/4102
f 5238/5227/4106 5236/5225/4104 5265/5266/4145
f 5239/5229/4108 5238/5227/4106 5264/5267/4108
f 5272/5263/4142 5226/5215/4094 5273/5262/4141
f 5238/5227/4106 5265/5266/4145 5264/5267/4108
f 5266/5265/4144 5232/5221/4100 5267/5264/4143
f 5232/5221/4100 5230/5219/4098 5267/5264/4143
f 5279/4914/4146 5281/4915/4147 5278/4916/4148
f 5279/4914/4146 5280/4913/4146 5281/4915/4147
f 5282/4912/4149 5283/4917/4146 5284/4918/4150
f 5282/4912/4149 5277/4919/4151 5283/4917/4146
f 5279/4914/4146 5282/4912/4146 5280/4913/4146
f 5287/4928/4152 5288/5268/4146 5293/5269/4153
f 5292/5270/4147 5293/5269/4153 5288/5268/4146
f 5285/5271/4146 5287/4928/4152 5294/5272/4146
f 5293/5269/4153 5294/5272/4146 5287/4928/4152
f 5289/5273/4146 5286/5274/4146 5290/5275/4146
f 5292/5270/4147 5288/5268/4146 5291/5276/4154
f 5289/5273/4146 5291/5276/4154 5288/5268/4146
f 5290/5275/4146 5291/5276/4154 5289/5273/4146
f 5298/5277/4146 5295/5278/4153 5300/5279/4153
f 5297/5280/4155 5298/5277/4146 5301/5281/4146
f 5300/5279/4153 5301/5281/4146 5298/5277/4146
f 5302/5282/4156 5297/5280/4155 5301/5281/4146
f 5297/5280/4155 5303/5283/4146 5299/5284/4146
f 5296/5285/4146 5299/5284/4146 5304/5286/4146
f 5303/5283/4146 5304/5286/4146 5299/5284/4146
f 5302/5282/4156 5303/5283/4146 5297/5280/4155
f 5307/4936/4146 5308/4937/4152 5309/4938/4153
f 5309/4938/4153 5310/4939/4146 5307/4936/4146
f 5311/4940/4154 5307/4936/4146 5310/4939/4146
f 5306/5287/4156 5313/4941/4147 5305/4942/4147
f 5306/5287/4156 5311/4940/4154 5312/4943/4146
f 5313/4941/4147 5306/5287/4156 5312/4943/4146
f 5307/4936/4146 5311/4940/4154 5306/5287/4156
f 5317/5288/4146 5323/4945/4153 5314/4946/4152
f 5321/4947/4146 5322/4948/4146 5315/4944/4146
f 5317/5288/4146 5315/4944/4146 5322/4948/4146
f 5323/4945/4153 5317/5288/4146 5322/4948/4146
f 5316/5289/4146 5320/4950/4146 5315/4944/4146
f 5321/4947/4146 5315/4944/4146 5320/4950/4146
f 5318/4951/4147 5319/4949/4152 5316/5289/4146
f 5320/4950/4146 5316/5289/4146 5319/4949/4152
f 5325/4964/4157 5329/4963/4156 5324/5020/4158
f 5330/4953/4146 5326/4958/4159 5327/4983/4154
f 5332/4969/4160 5329/4963/4156 5333/5290/4161
f 5334/5291/4162 5331/4954/4163 5335/4952/4161
f 5340/4972/4164 5337/5292/4165 5341/4966/4164
f 5342/4955/4157 5339/4956/4166 5343/4957/4167
f 5341/4966/4164 5345/4967/4161 5344/4968/4154
f 5346/4962/4150 5342/4955/4157 5347/4961/4163
f 5392/5024/4147 5391/5019/4146 5324/5020/4158
f 5393/5025/4168 5392/5024/4147 5324/5020/4158
f 5394/5023/4159 5324/5020/4158 5329/4963/4156
f 5393/5025/4168 5324/5020/4158 5394/5023/4159
f 5390/5017/4169 5324/5020/4158 5391/5019/4146
f 5387/5293/4146 5386/4993/4153 5325/4964/4157
f 5388/5016/4146 5387/5293/4146 5325/4964/4157
f 5325/4964/4157 5390/5017/4169 5389/5018/4146
f 5324/5020/4158 5390/5017/4169 5325/4964/4157
f 5388/5016/4146 5325/4964/4157 5389/5018/4146
f 5325/4964/4157 5386/4993/4153 5326/4958/4159
f 5395/5027/4146 5394/5023/4159 5328/4970/4170
f 5397/5028/4171 5396/5026/4146 5328/4970/4170
f 5397/5028/4171 5328/4970/4170 5398/5029/4146
f 5400/5031/4147 5399/5030/4157 5332/4969/4160
f 5332/4969/4160 5399/5030/4157 5398/5029/4146
f 5332/4969/4160 5401/5032/4146 5400/5031/4147
f 5351/5294/4172 5420/5295/4173 5329/4963/4156
f 5329/4963/4156 5325/4964/4157 5351/5294/4172
f 5328/4970/4170 5394/5023/4159 5329/4963/4156
f 5329/4963/4156 5420/5295/4173 5333/5290/4161
f 5333/5290/4161 5336/4971/4174 5332/4969/4160
f 5333/5290/4161 5420/5295/4173 5419/5296/4146
f 5332/4969/4160 5398/5029/4146 5328/4970/4170
f 5402/5033/4175 5401/5032/4146 5332/4969/4160
f 5328/4970/4170 5396/5026/4146 5395/5027/4146
f 5351/5294/4172 5325/4964/4157 5352/5297/4167
f 5383/4988/4146 5326/4958/4159 5384/4987/4176
f 5385/4989/4172 5384/4987/4176 5326/4958/4159
f 5327/4983/4154 5326/4958/4159 5382/4986/4154
f 5383/4988/4146 5382/4986/4154 5326/4958/4159
f 5378/4976/4177 5330/4953/4146 5327/4983/4154
f 5381/4984/4152 5327/4983/4154 5382/4986/4154
f 5385/4989/4172 5326/4958/4159 5386/4993/4153
f 5380/4985/4146 5379/4982/4146 5327/4983/4154
f 5327/4983/4154 5381/4984/4152 5380/4985/4146
f 5379/4982/4146 5378/4976/4177 5327/4983/4154
f 5378/4976/4177 5377/4975/4166 5331/4954/4163
f 5377/4975/4166 5376/4973/4178 5331/4954/4163
f 5330/4953/4146 5353/5298/4146 5326/4958/4159
f 5352/5297/4167 5326/4958/4159 5353/5298/4146
f 5421/5299/4179 5353/5298/4146 5330/4953/4146
f 5334/5291/4162 5422/5300/4146 5421/5299/4179
f 5334/5291/4162 5338/5301/4180 5423/5302/4154
f 5330/4953/4146 5334/5291/4162 5421/5299/4179
f 5374/4977/4181 5331/4954/4163 5375/4974/4146
f 5331/4954/4163 5376/4973/4178 5375/4974/4146
f 5335/4952/4161 5331/4954/4163 5374/4977/4181
f 5372/4980/4146 5335/4952/4161 5373/4981/4146
f 5374/4977/4181 5373/4981/4146 5335/4952/4161
f 5335/4952/4161 5372/4980/4146 5371/4978/4146
f 5370/4979/4182 5335/4952/4161 5371/4978/4146
f 5334/5291/4162 5423/5302/4154 5422/5300/4146
f 5330/4953/4146 5378/4976/4177 5331/4954/4163
f 5326/4958/4159 5352/5297/4167 5325/4964/4157
f 5403/5047/4146 5402/5033/4175 5336/4971/4174
f 5403/5047/4146 5336/4971/4174 5404/5046/4146
f 5406/5043/4157 5405/5044/4166 5336/4971/4174
f 5336/4971/4174 5405/5044/4166 5404/5046/4146
f 5407/5045/4152 5406/5043/4157 5340/4972/4164
f 5418/5303/4146 5341/4966/4164 5337/5292/4165
f 5337/5292/4165 5333/5290/4161 5419/5296/4146
f 5350/5304/4157 5341/4966/4164 5418/5303/4146
f 5340/4972/4164 5341/4966/4164 5410/5042/4146
f 5345/4967/4161 5341/4966/4164 5350/5304/4157
f 5340/4972/4164 5406/5043/4157 5336/4971/4174
f 5408/5051/4178 5407/5045/4152 5340/4972/4164
f 5337/5292/4165 5419/5296/4146 5418/5303/4146
f 5410/5042/4146 5409/5050/4146 5340/4972/4164
f 5410/5042/4146 5341/4966/4164 5344/4968/4154
f 5411/5049/4146 5344/4968/4154 5412/5048/4146
f 5344/4968/4154 5411/5049/4146 5410/5042/4146
f 5413/5041/4154 5412/5048/4146 5344/4968/4154
f 5345/4967/4161 5414/5040/4183 5344/4968/4154
f 5413/5041/4154 5344/4968/4154 5414/5040/4183
f 5415/5039/4146 5414/5040/4183 5345/4967/4161
f 5416/5037/4146 5345/4967/4161 5417/5305/4154
f 5417/5305/4154 5345/4967/4161 5354/5013/4184
f 5415/5039/4146 5345/4967/4161 5416/5037/4146
f 5349/5306/4181 5345/4967/4161 5350/5304/4157
f 5409/5050/4146 5408/5051/4178 5340/4972/4164
f 5354/5013/4184 5345/4967/4161 5346/4962/4150
f 5338/5301/4180 5424/5307/4154 5423/5302/4154
f 5342/4955/4157 5424/5307/4154 5338/5301/4180
f 5334/5291/4162 5339/4956/4166 5338/5301/4180
f 5342/4955/4157 5346/4962/4150 5348/5308/4185
f 5349/5306/4181 5348/5308/4185 5346/4962/4150
f 5424/5307/4154 5342/4955/4157 5348/5308/4185
f 5369/4997/4186 5339/4956/4166 5370/4979/4182
f 5339/4956/4166 5335/4952/4161 5370/4979/4182
f 5368/4996/4146 5339/4956/4166 5369/4997/4186
f 5365/5000/4171 5343/4957/4167 5366/4998/4154
f 5339/4956/4166 5367/4995/4157 5366/4998/4154
f 5367/4995/4157 5339/4956/4166 5368/4996/4146
f 5366/4998/4154 5343/4957/4167 5339/4956/4166
f 5343/4957/4167 5362/4999/4161 5342/4955/4157
f 5347/4961/4163 5358/5010/4146 5346/4962/4150
f 5357/5009/4146 5346/4962/4150 5358/5010/4146
f 5359/5007/4146 5358/5010/4146 5347/4961/4163
f 5342/4955/4157 5362/4999/4161 5347/4961/4163
f 5357/5009/4146 5356/5012/4176 5346/4962/4150
f 5355/5011/4146 5346/4962/4150 5356/5012/4176
f 5346/4962/4150 5345/4967/4161 5349/5306/4181
f 5343/4957/4167 5364/5001/4187 5363/5002/4146
f 5364/5001/4187 5343/4957/4167 5365/5000/4171
f 5362/4999/4161 5361/5003/4154 5347/4961/4163
f 5363/5002/4146 5362/4999/4161 5343/4957/4167
f 5347/4961/4163 5361/5003/4154 5360/5004/4146
f 5347/4961/4163 5360/5004/4146 5359/5007/4146
f 5346/4962/4150 5355/5011/4146 5354/5013/4184
f 5336/4971/4174 5402/5033/4175 5332/4969/4160
f 5429/5309/4188 5430/5065/4189 5428/5067/4190
f 5436/5072/4190 5434/5310/4191 5433/5070/4190
f 5430/5065/4189 5432/5071/4190 5434/5310/4191
f 5428/5067/4190 5436/5072/4190 5435/5073/4192
f 5436/5072/4190 5428/5067/4190 5430/5065/4189
f 5430/5065/4189 5434/5310/4191 5436/5072/4190
f 5426/5074/4193 5428/5067/4190 5435/5073/4192
f 5430/5065/4189 5431/5311/4194 5432/5071/4190
f 5427/5075/4195 5438/5312/4196 5431/5311/4194
f 5432/5071/4190 5431/5311/4194 5438/5312/4196
f 5431/5311/4194 5437/5076/4197 5427/5075/4195
f 5425/5077/4190 5429/5309/4188 5426/5074/4193
f 5429/5309/4188 5428/5067/4190 5426/5074/4193
f 5429/5309/4188 5425/5077/4190 5437/5076/4197
f 5441/5055/4198 5442/5313/4199 5440/5053/4200
f 5450/5056/4201 5443/5314/4202 5441/5055/4198
f 5445/5058/4201 5443/5314/4202 5439/5057/4201
f 5442/5313/4199 5445/5058/4201 5444/5059/4203
f 5447/5060/4204 5442/5313/4199 5444/5059/4203
f 5443/5314/4202 5445/5058/4201 5442/5313/4199
f 5450/5056/4201 5452/5315/4201 5443/5314/4202
f 5451/5316/4201 5441/5055/4198 5449/5063/4201
f 5449/5063/4201 5448/5061/4201 5451/5316/4201
f 5449/5063/4201 5440/5053/4200 5447/5060/4204
f 5447/5060/4204 5446/5064/4205 5449/5063/4201
f 5440/5053/4200 5449/5063/4201 5441/5055/4198
f 5450/5056/4201 5441/5055/4198 5451/5316/4201
f 5457/5102/4206 5459/5103/4207 5458/5104/4208
f 5456/5105/4209 5461/5317/4210 5457/5102/4206
f 5457/5102/4206 5461/5317/4210 5462/5107/4207
f 5455/5318/4207 5459/5103/4207 5457/5102/4206
f 5455/5318/4207 5457/5102/4206 5462/5107/4207
f 5453/5108/4211 5462/5107/4207 5460/5319/4211
f 5462/5107/4207 5461/5317/4210 5460/5319/4211
f 5454/5109/4207 5459/5103/4207 5455/5318/4207
f 5466/5320/4212 5475/5321/4213 5463/5098/4212
f 5466/5320/4212 5465/5322/4214 5473/5094/4215
f 5464/5097/4216 5469/5323/4217 5465/5322/4214
f 5465/5322/4214 5469/5323/4217 5473/5094/4215
f 5473/5094/4215 5475/5321/4213 5466/5320/4212
f 5471/5324/4215 5474/5325/4215 5473/5094/4215
f 5471/5324/4215 5470/5100/4218 5474/5325/4215
f 5468/5326/4219 5472/5327/4215 5473/5094/4215
f 5471/5324/4215 5473/5094/4215 5472/5327/4215
f 5468/5326/4219 5467/5101/4220 5472/5327/4215
f 5469/5323/4217 5468/5326/4219 5473/5094/4215
f 5483/5087/4221 5479/5328/4222 5481/5090/4223
f 5476/5089/4224 5481/5090/4223 5478/5329/4224
f 5479/5328/4222 5478/5329/4224 5481/5090/4223
f 5483/5087/4221 5485/5088/4224 5479/5328/4222
f 5484/5330/4225 5481/5090/4223 5482/5091/4224
f 5484/5330/4225 5482/5091/4224 5477/5093/4226
f 5482/5091/4224 5481/5090/4223 5480/5092/4223
f 5483/5087/4221 5481/5090/4223 5484/5330/4225
f 5494/5079/4227 5493/5080/4228 5488/5331/4228
f 5492/5083/4229 5487/5078/4230 5490/5332/4231
f 5495/5082/4232 5490/5332/4231 5489/5081/4233
f 5487/5078/4230 5492/5083/4229 5488/5331/4228
f 5492/5083/4229 5491/5085/4231 5494/5079/4227
f 5486/5084/4229 5492/5083/4229 5495/5082/4232
f 5492/5083/4229 5490/5332/4231 5495/5082/4232
f 5494/5079/4227 5488/5331/4228 5492/5083/4229
f 5498/5333/4146 5499/5334/4146 5501/5335/4234
f 5500/5336/4152 5501/5335/4234 5499/5334/4146
f 5499/5334/4146 5496/4924/4152 5500/5336/4152
f 5498/5333/4146 5504/5337/4235 5497/4925/4152
f 5498/5333/4146 5502/5338/4146 5503/5339/4152
f 5504/5337/4235 5498/5333/4146 5503/5339/4152
f 5501/5335/4234 5502/5338/4146 5498/5333/4146
f 5508/5118/4236 5505/5119/4237 5506/5120/4238
f 5510/5121/4239 5507/5122/4240 5508/5118/4236
f 5512/5123/4241 5509/5124/4242 5510/5121/4239
f 5514/5125/4243 5511/5126/4241 5512/5123/4241
f 5516/5127/4244 5513/5128/4245 5514/5125/4243
f 5518/5129/4246 5515/5130/4247 5516/5127/4244
f 5520/5131/4248 5517/5132/4249 5518/5129/4246
f 5522/5133/4250 5519/5134/4251 5520/5131/4248
f 5524/5135/4252 5521/5136/4253 5522/5133/4250
f 5526/5137/4254 5523/5138/4255 5524/5135/4252
f 5528/5139/4256 5525/5140/4257 5526/5137/4254
f 5530/5141/4258 5527/5142/4259 5528/5139/4256
f 5532/5143/4260 5529/5144/4261 5530/5141/4258
f 5534/5145/4262 5531/5146/4263 5532/5143/4260
f 5536/5147/4264 5533/5148/4265 5534/5145/4262
f 5538/5149/4266 5535/5150/4267 5536/5147/4264
f 5540/5151/4268 5537/5152/4269 5538/5149/4266
f 5542/5153/4270 5539/5154/4271 5540/5151/4268
f 5544/5155/4272 5541/5156/4273 5542/5153/4270
f 5546/5157/4274 5543/5158/4275 5544/5155/4272
f 5548/5159/4276 5545/5160/4277 5546/5157/4274
f 5550/5161/4278 5547/5162/4279 5548/5159/4276
f 5552/5163/4280 5549/5164/4281 5550/5161/4278
f 5554/5165/4282 5551/5166/4283 5552/5163/4280
f 5556/5167/4284 5553/5168/4285 5554/5165/4282
f 5558/5169/4286 5555/5170/4287 5556/5167/4284
f 5560/5171/4288 5557/5172/4289 5558/5169/4286
f 5562/5173/4290 5559/5174/4291 5560/5171/4288
f 5564/5175/4292 5561/5176/4293 5562/5173/4290
f 5566/5177/4294 5563/5178/4295 5564/5175/4292
f 5568/5179/4296 5565/5180/4297 5566/5177/4294
f 5570/5181/4298 5567/5182/4296 5568/5179/4296
f 5572/5183/4299 5569/5184/4300 5570/5181/4298
f 5574/5185/4301 5571/5186/4302 5572/5183/4299
f 5576/5187/4303 5573/5188/4304 5574/5185/4301
f 5578/5189/4305 5575/5190/4306 5576/5187/4303
f 5580/5191/4307 5577/5192/4308 5578/5189/4305
f 5582/5193/4309 5579/5194/4310 5580/5191/4307
f 5584/5195/4311 5581/5196/4312 5582/5193/4309
f 5586/5197/4313 5583/5198/4314 5584/5195/4311
f 5588/5199/4315 5585/5200/4316 5586/5197/4313
f 5590/5201/4317 5587/5202/4318 5588/5199/4315
f 5592/5203/4319 5589/5204/4320 5590/5201/4317
f 5594/5205/4321 5591/5206/4322 5592/5203/4319
f 5596/5207/4323 5593/5208/4324 5594/5205/4321
f 5598/5209/4325 5595/5210/4323 5596/5207/4323
f 5600/5211/4326 5597/5212/4327 5598/5209/4325
f 5602/5213/4328 5599/5214/4329 5600/5211/4326
f 5604/5215/4330 5601/5216/4331 5602/5213/4328
f 5606/5217/4332 5603/5218/4333 5604/5215/4330
f 5608/5219/4334 5605/5220/4335 5606/5217/4332
f 5610/5221/4336 5607/5222/4337 5608/5219/4334
f 5612/5223/4338 5609/5224/4339 5610/5221/4336
f 5614/5225/4340 5611/5226/4341 5612/5223/4338
f 5616/5227/4342 5613/5228/4343 5614/5225/4340
f 5617/5229/4237 5615/5230/4342 5616/5227/4342
f 5648/5231/4344 5508/5118/4236 5506/5120/4238
f 5646/5232/4345 5512/5123/4241 5510/5121/4239
f 5646/5232/4345 5514/5125/4243 5512/5123/4241
f 5647/5233/4346 5510/5121/4239 5508/5118/4236
f 5516/5127/4244 5641/5234/4347 5518/5129/4246
f 5641/5234/4347 5520/5131/4248 5518/5129/4246
f 5522/5133/4250 5639/5236/4348 5524/5135/4252
f 5639/5236/4348 5526/5137/4254 5524/5135/4252
f 5640/5235/4349 5522/5133/4250 5520/5131/4248
f 5645/5237/4350 5516/5127/4244 5514/5125/4243
f 5638/5238/4351 5530/5141/4258 5528/5139/4256
f 5637/5239/4352 5532/5143/4260 5530/5141/4258
f 5636/5240/4353 5536/5147/4264 5534/5145/4262
f 5623/5241/4354 5538/5149/4266 5536/5147/4264
f 5636/5240/4353 5534/5145/4262 5532/5143/4260
f 5622/5242/4355 5542/5153/4270 5540/5151/4268
f 5621/5243/4356 5544/5155/4272 5542/5153/4270
f 5620/5244/4357 5548/5159/4276 5546/5157/4274
f 5619/5245/4358 5550/5161/4278 5548/5159/4276
f 5544/5155/4272 5620/5244/4357 5546/5157/4274
f 5622/5242/4355 5540/5151/4268 5538/5149/4266
f 5638/5238/4351 5528/5139/4256 5526/5137/4254
f 5646/5232/4345 5510/5121/4239 5647/5233/4346
f 5640/5235/4349 5520/5131/4248 5641/5234/4347
f 5646/5232/4345 5645/5237/4350 5514/5125/4243
f 5638/5238/4351 5526/5137/4254 5639/5236/4348
f 5622/5242/4355 5538/5149/4266 5623/5241/4354
f 5637/5239/4352 5636/5240/4353 5532/5143/4260
f 5542/5153/4270 5622/5242/4355 5621/5243/4356
f 5552/5163/4280 5618/5246/4359 5554/5165/4282
f 5556/5167/4284 5554/5165/4282 5629/5247/4360
f 5629/5247/4360 5558/5169/4286 5556/5167/4284
f 5560/5171/4288 5558/5169/4286 5628/5248/4361
f 5619/5245/4358 5548/5159/4276 5620/5244/4357
f 5552/5163/4280 5619/5245/4358 5618/5246/4359
f 5627/5249/4362 5560/5171/4288 5628/5248/4361
f 5629/5247/4360 5554/5165/4282 5618/5246/4359
f 5564/5175/4292 5627/5249/4362 5626/5250/4363
f 5625/5251/4364 5568/5179/4296 5566/5177/4294
f 5625/5251/4364 5570/5181/4298 5568/5179/4296
f 5626/5250/4363 5566/5177/4294 5564/5175/4292
f 5572/5183/4299 5635/5253/4365 5574/5185/4301
f 5635/5253/4365 5576/5187/4303 5574/5185/4301
f 5578/5189/4305 5633/5255/4366 5580/5191/4307
f 5633/5255/4366 5582/5193/4309 5580/5191/4307
f 5634/5254/4367 5578/5189/4305 5576/5187/4303
f 5624/5252/4368 5572/5183/4299 5570/5181/4298
f 5632/5256/4369 5586/5197/4313 5584/5195/4311
f 5631/5257/4370 5588/5199/4315 5586/5197/4313
f 5630/5258/4371 5592/5203/4319 5590/5201/4317
f 5654/5259/4372 5594/5205/4321 5592/5203/4319
f 5630/5258/4371 5590/5201/4317 5588/5199/4315
f 5653/5260/4373 5598/5209/4325 5596/5207/4323
f 5652/5261/4374 5600/5211/4326 5598/5209/4325
f 5651/5262/4375 5604/5215/4330 5602/5213/4328
f 5650/5263/4376 5606/5217/4332 5604/5215/4330
f 5600/5211/4326 5651/5262/4375 5602/5213/4328
f 5653/5260/4373 5596/5207/4323 5594/5205/4321
f 5632/5256/4369 5584/5195/4311 5582/5193/4309
f 5625/5251/4364 5566/5177/4294 5626/5250/4363
f 5624/5252/4368 5570/5181/4298 5625/5251/4364
f 5634/5254/4367 5576/5187/4303 5635/5253/4365
f 5630/5258/4371 5588/5199/4315 5631/5257/4370
f 5653/5260/4373 5594/5205/4321 5654/5259/4372
f 5652/5261/4374 5598/5209/4325 5653/5260/4373
f 5633/5255/4366 5632/5256/4369 5582/5193/4309
f 5649/5264/4377 5610/5221/4336 5608/5219/4334
f 5644/5265/4378 5612/5223/4338 5610/5221/4336
f 5643/5266/4379 5616/5227/4342 5614/5225/4340
f 5642/5267/4380 5617/5229/4237 5616/5227/4342
f 5644/5265/4378 5614/5225/4340 5612/5223/4338
f 5650/5263/4376 5604/5215/4330 5651/5262/4375
f 5649/5264/4377 5606/5217/4332 5650/5263/4376
f 5616/5227/4342 5643/5266/4379 5642/5267/4380
f 5644/5265/4378 5610/5221/4336 5649/5264/4377
f 5657/4914/1782 5659/4915/1782 5656/4916/1782
f 5657/4914/1782 5658/4913/1782 5659/4915/1782
f 5660/4912/4381 5661/4917/1782 5662/4918/4381
f 5660/4912/4381 5655/4919/1782 5661/4917/1782
f 5657/4914/1782 5660/4912/1782 5658/4913/1782
f 5665/5340/1782 5666/4921/1782 5671/4922/1782
f 5670/4923/1782 5671/4922/1782 5666/4921/1782
f 5663/4924/1782 5665/5340/1782 5672/4920/1782
f 5671/4922/1782 5672/4920/1782 5665/5340/1782
f 5667/5341/4381 5664/4925/1782 5668/4926/1782
f 5670/4923/1782 5666/4921/1782 5669/4927/1782
f 5667/5341/4381 5669/4927/1782 5666/4921/1782
f 5668/4926/1782 5669/4927/1782 5667/5341/4381
f 5676/5268/1782 5673/4929/1782 5678/4930/1782
f 5675/4928/1782 5676/5268/1782 5679/4932/1782
f 5678/4930/1782 5679/4932/1782 5676/5268/1782
f 5680/4931/1782 5675/4928/1782 5679/4932/1782
f 5675/4928/1782 5681/4933/1782 5677/5342/1782
f 5674/4935/4382 5677/5342/1782 5682/4934/4382
f 5681/4933/1782 5682/4934/4382 5677/5342/1782
f 5680/4931/1782 5681/4933/1782 5675/4928/1782
f 5686/5343/1782 5687/4937/4383 5688/4938/4383
f 5685/4936/1782 5686/5343/1782 5689/4939/1782
f 5688/4938/4383 5689/4939/1782 5686/5343/1782
f 5690/4940/1782 5685/4936/1782 5689/4939/1782
f 5684/5287/1782 5692/4941/4382 5683/4942/4382
f 5685/4936/1782 5691/4943/1782 5684/5287/1782
f 5692/4941/4382 5684/5287/1782 5691/4943/1782
f 5690/4940/1782 5691/4943/1782 5685/4936/1782
f 5696/5344/1782 5702/5345/4382 5693/5278/4382
f 5700/5346/1782 5701/5347/1782 5694/5348/1782
f 5696/5344/1782 5694/5348/1782 5701/5347/1782
f 5702/5345/4382 5696/5344/1782 5701/5347/1782
f 5695/5110/1782 5699/5349/1782 5694/5348/1782
f 5700/5346/1782 5694/5348/1782 5699/5349/1782
f 5697/5285/1782 5698/5350/1782 5695/5110/1782
f 5699/5349/1782 5695/5110/1782 5698/5350/1782
f 5704/4952/1782 5708/4953/1782 5703/4954/1782
f 5709/4955/1782 5705/4956/1782 5706/4957/1782
f 5712/4959/1782 5707/4983/1782 5708/4953/1782
f 5714/4962/1782 5709/4955/1782 5710/4961/1782
f 5719/5020/1782 5716/4965/1782 5720/4963/1782
f 5722/4968/1782 5717/5014/1782 5718/4967/1782
f 5720/4963/1782 5724/4969/1782 5723/4970/1782
f 5725/4971/1782 5721/4966/1782 5726/4972/1782
f 5770/4974/1782 5703/4954/1782 5771/4973/1782
f 5771/4973/1782 5703/4954/1782 5772/4975/1782
f 5703/4954/1782 5708/4953/1782 5773/4976/1782
f 5772/4975/1782 5703/4954/1782 5773/4976/1782
f 5707/4983/1782 5774/4982/1782 5773/4976/1782
f 5767/4980/1782 5766/4978/1782 5704/4952/1782
f 5768/4981/1782 5767/4980/1782 5704/4952/1782
f 5704/4952/1782 5703/4954/1782 5769/4977/1782
f 5770/4974/1782 5769/4977/1782 5703/4954/1782
f 5768/4981/1782 5704/4952/1782 5769/4977/1782
f 5765/4979/1782 5704/4952/1782 5766/4978/1782
f 5775/4985/1782 5774/4982/1782 5707/4983/1782
f 5776/4984/1782 5707/4983/1782 5777/4986/1782
f 5777/4986/1782 5711/4958/1782 5778/4988/1782
f 5780/4989/1782 5779/4987/1782 5711/4958/1782
f 5711/4958/1782 5779/4987/1782 5778/4988/1782
f 5781/4993/1782 5780/4989/1782 5711/4958/1782
f 5730/4990/1782 5799/4991/1782 5708/4953/1782
f 5704/4952/1782 5730/4990/1782 5708/4953/1782
f 5707/4983/1782 5773/4976/1782 5708/4953/1782
f 5708/4953/1782 5799/4991/1782 5712/4959/1782
f 5712/4959/1782 5715/4964/1782 5711/4958/1782
f 5712/4959/1782 5799/4991/1782 5798/4992/4381
f 5711/4958/1782 5777/4986/1782 5707/4983/1782
f 5715/4964/1782 5781/4993/1782 5711/4958/1782
f 5776/4984/1782 5775/4985/1782 5707/4983/1782
f 5731/4994/1782 5730/4990/1782 5704/4952/1782
f 5763/4996/1782 5705/4956/1782 5764/4997/1782
f 5765/4979/1782 5764/4997/1782 5705/4956/1782
f 5761/4998/1782 5705/4956/1782 5762/4995/1782
f 5763/4996/1782 5762/4995/1782 5705/4956/1782
f 5706/4957/1782 5705/4956/1782 5761/4998/1782
f 5765/4979/1782 5705/4956/1782 5704/4952/1782
f 5758/5002/1782 5706/4957/1782 5759/5001/1782
f 5760/5000/1782 5759/5001/1782 5706/4957/1782
f 5756/5003/1782 5710/4961/1782 5757/4999/1782
f 5757/4999/1782 5709/4955/1782 5706/4957/1782
f 5758/5002/1782 5757/4999/1782 5706/4957/1782
f 5706/4957/1782 5761/4998/1782 5760/5000/1782
f 5709/4955/1782 5757/4999/1782 5710/4961/1782
f 5732/5005/1782 5705/4956/1782 5709/4955/1782
f 5756/5003/1782 5755/5004/1782 5710/4961/1782
f 5709/4955/1782 5713/4960/1782 5800/5006/1782
f 5800/5006/1782 5713/4960/1782 5801/5008/4381
f 5732/5005/1782 5709/4955/1782 5800/5006/1782
f 5754/5007/1782 5753/5010/1782 5710/4961/1782
f 5710/4961/1782 5755/5004/1782 5754/5007/1782
f 5751/5012/1782 5714/4962/1782 5752/5009/1782
f 5753/5010/1782 5752/5009/1782 5714/4962/1782
f 5714/4962/1782 5751/5012/1782 5750/5011/1782
f 5749/5013/1782 5714/4962/1782 5750/5011/1782
f 5710/4961/1782 5753/5010/1782 5714/4962/1782
f 5717/5014/1782 5801/5008/4381 5713/4960/1782
f 5732/5005/1782 5731/4994/1782 5705/4956/1782
f 5705/4956/1782 5731/4994/1782 5704/4952/1782
f 5715/4964/1782 5783/5016/1782 5782/5015/1782
f 5784/5018/1782 5783/5016/1782 5715/4964/1782
f 5712/4959/1782 5798/4992/4381 5716/4965/1782
f 5719/5020/1782 5785/5017/1782 5715/4964/1782
f 5784/5018/1782 5715/4964/1782 5785/5017/1782
f 5786/5019/1782 5785/5017/1782 5719/5020/1782
f 5729/5022/1782 5720/4963/1782 5797/5021/1782
f 5716/4965/1782 5797/5021/1782 5720/4963/1782
f 5724/4969/1782 5729/5022/1782 5728/5034/1782
f 5719/5020/1782 5720/4963/1782 5789/5023/1782
f 5720/4963/1782 5729/5022/1782 5724/4969/1782
f 5787/5024/1782 5786/5019/1782 5719/5020/1782
f 5716/4965/1782 5798/4992/4381 5797/5021/1782
f 5789/5023/1782 5788/5025/1782 5719/5020/1782
f 5789/5023/1782 5720/4963/1782 5723/4970/1782
f 5790/5027/1782 5723/4970/1782 5791/5026/1782
f 5723/4970/1782 5790/5027/1782 5789/5023/1782
f 5792/5028/1782 5791/5026/1782 5723/4970/1782
f 5724/4969/1782 5793/5029/1782 5723/4970/1782
f 5792/5028/1782 5723/4970/1782 5793/5029/1782
f 5794/5030/1782 5793/5029/1782 5724/4969/1782
f 5795/5031/1782 5724/4969/1782 5796/5032/1782
f 5796/5032/1782 5724/4969/1782 5733/5033/1782
f 5794/5030/1782 5724/4969/1782 5795/5031/1782
f 5725/4971/1782 5724/4969/1782 5728/5034/1782
f 5788/5025/1782 5787/5024/1782 5719/5020/1782
f 5733/5033/1782 5724/4969/1782 5725/4971/1782
f 5717/5014/1782 5714/4962/1782 5718/4967/1782
f 5802/5035/1782 5801/5008/4381 5717/5014/1782
f 5714/4962/1782 5749/5013/1782 5718/4967/1782
f 5721/4966/1782 5727/5036/1782 5802/5035/1782
f 5725/4971/1782 5727/5036/1782 5721/4966/1782
f 5717/5014/1782 5721/4966/1782 5802/5035/1782
f 5748/5038/1782 5747/5037/1782 5718/4967/1782
f 5718/4967/1782 5749/5013/1782 5748/5038/1782
f 5746/5039/1782 5745/5040/1782 5718/4967/1782
f 5718/4967/1782 5747/5037/1782 5746/5039/1782
f 5744/5041/1782 5722/4968/1782 5745/5040/1782
f 5745/5040/1782 5722/4968/1782 5718/4967/1782
f 5722/4968/1782 5741/5042/1782 5721/4966/1782
f 5726/4972/1782 5737/5043/1782 5725/4971/1782
f 5736/5044/1782 5725/4971/1782 5737/5043/1782
f 5738/5045/1782 5737/5043/1782 5726/4972/1782
f 5721/4966/1782 5741/5042/1782 5726/4972/1782
f 5736/5044/1782 5735/5046/1782 5725/4971/1782
f 5734/5047/1782 5725/4971/1782 5735/5046/1782
f 5734/5047/1782 5733/5033/1782 5725/4971/1782
f 5722/4968/1782 5743/5048/1782 5742/5049/1782
f 5743/5048/1782 5722/4968/1782 5744/5041/1782
f 5726/4972/1782 5741/5042/1782 5740/5050/1782
f 5742/5049/1782 5741/5042/1782 5722/4968/1782
f 5726/4972/1782 5740/5050/1782 5739/5051/1782
f 5739/5051/1782 5738/5045/1782 5726/4972/1782
f 5725/4971/1782 5728/5034/1782 5727/5036/1782
f 5715/4964/1782 5782/5015/1782 5781/4993/1782
f 5816/5052/4384 5810/5053/4385 5814/5054/4386
f 5812/5058/4387 5809/5351/4385 5808/5057/4388
f 5815/5055/4389 5807/5056/4390 5809/5351/4385
f 5810/5053/4385 5812/5058/4387 5811/5059/4391
f 5812/5058/4387 5810/5053/4385 5815/5055/4389
f 5815/5055/4389 5809/5351/4385 5812/5058/4387
f 5804/5060/4392 5810/5053/4385 5811/5059/4391
f 5815/5055/4389 5816/5052/4384 5807/5056/4390
f 5805/5061/4387 5813/5062/4390 5816/5052/4384
f 5807/5056/4390 5816/5052/4384 5813/5062/4390
f 5806/5063/4393 5805/5061/4387 5816/5052/4384
f 5803/5064/4386 5814/5054/4386 5804/5060/4392
f 5814/5054/4386 5810/5053/4385 5804/5060/4392
f 5814/5054/4386 5803/5064/4386 5806/5063/4393
f 5806/5063/4393 5816/5052/4384 5814/5054/4386
f 5827/5352/4394 5828/5353/4395 5825/5354/4396
f 5829/5355/4397 5830/5356/4398 5826/5088/4399
f 5823/5087/4396 5829/5355/4397 5827/5352/4394
f 5819/5086/4400 5829/5355/4397 5826/5088/4399
f 5828/5353/4395 5819/5086/4400 5818/5089/4401
f 5820/5090/4396 5828/5353/4395 5818/5089/4401
f 5829/5355/4397 5819/5086/4400 5828/5353/4395
f 5823/5087/4396 5830/5356/4398 5829/5355/4397
f 5824/5330/4400 5827/5352/4394 5822/5091/4400
f 5822/5091/4400 5821/5093/4400 5824/5330/4400
f 5817/5092/4400 5825/5354/4396 5820/5090/4396
f 5825/5354/4396 5817/5092/4400 5822/5091/4400
f 5825/5354/4396 5822/5091/4400 5827/5352/4394
f 5823/5087/4396 5827/5352/4394 5824/5330/4400
f 5834/5094/4402 5836/5099/4403 5835/5100/4404
f 5833/5098/4405 5838/5095/4406 5834/5094/4402
f 5834/5094/4402 5838/5095/4406 5840/5357/4407
f 5832/5358/4404 5836/5099/4403 5834/5094/4402
f 5836/5099/4403 5832/5358/4404 5831/5101/4404
f 5834/5094/4402 5840/5357/4407 5839/5096/4405
f 5838/5095/4406 5837/5097/4404 5840/5357/4407
f 5834/5094/4402 5839/5096/4405 5832/5358/4404
f 5842/5082/4408 5850/5332/4409 5849/5081/4408
f 5844/5083/4410 5842/5082/4408 5841/5084/4411
f 5842/5082/4408 5844/5083/4410 5850/5332/4409
f 5850/5332/4409 5844/5083/4410 5847/5078/4412
f 5846/5079/4412 5845/5080/4413 5848/5331/4414
f 5843/5085/4415 5846/5079/4412 5844/5083/4410
f 5848/5331/4414 5844/5083/4410 5846/5079/4412
f 5847/5078/4412 5844/5083/4410 5848/5331/4414
f 5853/5072/4416 5860/5310/4417 5859/5070/4418
f 5852/5073/4419 5854/5074/4419 5853/5072/4416
f 5853/5072/4416 5854/5074/4419 5857/5071/4420
f 5857/5071/4420 5860/5310/4417 5853/5072/4416
f 5856/5076/4418 5858/5359/4418 5857/5071/4420
f 5858/5359/4418 5856/5076/4418 5855/5075/4418
f 5856/5076/4418 5854/5074/4419 5851/5077/4418
f 5857/5071/4420 5854/5074/4419 5856/5076/4418
f 5868/5103/4421 5867/5104/4422 5863/5360/4422
f 5870/5106/4423 5862/5102/4424 5865/5361/4422
f 5870/5106/4423 5865/5361/4422 5864/5105/4422
f 5862/5102/4424 5868/5103/4421 5863/5360/4422
f 5866/5107/4422 5861/5109/4425 5868/5103/4421
f 5869/5108/4422 5866/5107/4422 5870/5106/4423
f 5866/5107/4422 5862/5102/4424 5870/5106/4423
f 5868/5103/4421 5862/5102/4424 5866/5107/4422
f 5874/5289/1782 5875/5362/4426 5877/5363/1782
f 5875/5362/4426 5871/5364/1782 5876/5365/1782
f 5877/5363/1782 5875/5362/4426 5876/5365/1782
f 5874/5289/1782 5877/5363/1782 5878/5366/1782
f 5873/4944/1782 5880/5367/1782 5872/5368/1782
f 5874/5289/1782 5879/5369/1782 5873/4944/1782
f 5880/5367/1782 5873/4944/1782 5879/5369/1782
f 5878/5366/1782 5879/5369/1782 5874/5289/1782
f 5884/5118/4427 5881/5119/4428 5882/5120/4429
f 5886/5121/4430 5883/5122/4431 5884/5118/4427
f 5888/5123/4432 5885/5124/4430 5886/5121/4430
f 5890/5125/4433 5887/5126/4432 5888/5123/4432
f 5892/5127/4434 5889/5128/4435 5890/5125/4433
f 5894/5129/4436 5891/5130/4437 5892/5127/4434
f 5896/5131/4438 5893/5132/4439 5894/5129/4436
f 5898/5133/4440 5895/5134/4441 5896/5131/4438
f 5900/5135/4442 5897/5136/4443 5898/5133/4440
f 5902/5137/4444 5899/5138/4445 5900/5135/4442
f 5904/5139/4446 5901/5140/4444 5902/5137/4444
f 5906/5141/4447 5903/5142/4448 5904/5139/4446
f 5908/5143/4449 5905/5144/4450 5906/5141/4447
f 5910/5145/4451 5907/5146/4452 5908/5143/4449
f 5912/5147/4453 5909/5148/4454 5910/5145/4451
f 5914/5149/4455 5911/5150/4456 5912/5147/4453
f 5916/5151/4457 5913/5152/4458 5914/5149/4455
f 5918/5153/4459 5915/5154/4457 5916/5151/4457
f 5920/5155/4460 5917/5156/4461 5918/5153/4459
f 5922/5157/4462 5919/5158/4463 5920/5155/4460
f 5924/5159/4464 5921/5160/4465 5922/5157/4462
f 5926/5161/4466 5923/5162/4467 5924/5159/4464
f 5928/5163/4468 5925/5164/4469 5926/5161/4466
f 5930/5165/4470 5927/5166/4471 5928/5163/4468
f 5932/5167/4472 5929/5168/4473 5930/5165/4470
f 5934/5169/4474 5931/5170/4475 5932/5167/4472
f 5936/5171/4476 5933/5172/4477 5934/5169/4474
f 5938/5173/4478 5935/5174/4479 5936/5171/4476
f 5940/5175/4480 5937/5176/4481 5938/5173/4478
f 5942/5177/4482 5939/5178/4483 5940/5175/4480
f 5944/5179/4484 5941/5180/4485 5942/5177/4482
f 5946/5181/4486 5943/5182/4487 5944/5179/4484
f 5948/5183/4488 5945/5184/4489 5946/5181/4486
f 5950/5185/4490 5947/5186/4491 5948/5183/4488
f 5952/5187/4492 5949/5188/4493 5950/5185/4490
f 5954/5189/4494 5951/5190/4495 5952/5187/4492
f 5956/5191/4496 5953/5192/4497 5954/5189/4494
f 5958/5193/4498 5955/5194/4499 5956/5191/4496
f 5960/5195/4500 5957/5196/4498 5958/5193/4498
f 5962/5197/4501 5959/5198/4502 5960/5195/4500
f 5964/5199/4503 5961/5200/4504 5962/5197/4501
f 5966/5201/4505 5963/5202/4503 5964/5199/4503
f 5968/5203/4506 5965/5204/4507 5966/5201/4505
f 5970/5205/4508 5967/5206/4509 5968/5203/4506
f 5972/5207/4510 5969/5208/4511 5970/5205/4508
f 5974/5209/4512 5971/5210/4510 5972/5207/4510
f 5976/5211/4513 5973/5212/4514 5974/5209/4512
f 5978/5213/4515 5975/5214/4516 5976/5211/4513
f 5980/5215/4517 5977/5216/4518 5978/5213/4515
f 5982/5217/4519 5979/5218/4520 5980/5215/4517
f 5984/5219/4521 5981/5220/4522 5982/5217/4519
f 5986/5221/4523 5983/5222/4524 5984/5219/4521
f 5988/5223/4525 5985/5224/4526 5986/5221/4523
f 5990/5225/4527 5987/5226/4528 5988/5223/4525
f 5992/5227/4529 5989/5228/4530 5990/5225/4527
f 5993/5229/4428 5991/5230/4531 5992/5227/4529
f 6024/5231/4532 5884/5118/4427 5882/5120/4429
f 6022/5232/4533 5888/5123/4432 5886/5121/4430
f 6022/5232/4533 5890/5125/4433 5888/5123/4432
f 6023/5233/4534 5886/5121/4430 5884/5118/4427
f 5892/5127/4434 6017/5234/4535 5894/5129/4436
f 6017/5234/4535 5896/5131/4438 5894/5129/4436
f 5898/5133/4440 6015/5236/4536 5900/5135/4442
f 6015/5236/4536 5902/5137/4444 5900/5135/4442
f 6016/5235/4537 5898/5133/4440 5896/5131/4438
f 6018/5237/4538 5892/5127/4434 5890/5125/4433
f 6014/5238/4539 5906/5141/4447 5904/5139/4446
f 6013/5239/4540 5908/5143/4449 5906/5141/4447
f 6012/5240/4541 5912/5147/4453 5910/5145/4451
f 5999/5241/4542 5914/5149/4455 5912/5147/4453
f 6012/5240/4541 5910/5145/4451 5908/5143/4449
f 5998/5242/4543 5918/5153/4459 5916/5151/4457
f 5997/5243/4544 5920/5155/4460 5918/5153/4459
f 5996/5244/4545 5924/5159/4464 5922/5157/4462
f 5995/5245/4546 5926/5161/4466 5924/5159/4464
f 5920/5155/4460 5996/5244/4545 5922/5157/4462
f 5998/5242/4543 5916/5151/4457 5914/5149/4455
f 6014/5238/4539 5904/5139/4446 5902/5137/4444
f 6022/5232/4533 5886/5121/4430 6023/5233/4534
f 6016/5235/4537 5896/5131/4438 6017/5234/4535
f 6022/5232/4533 6018/5237/4538 5890/5125/4433
f 6014/5238/4539 5902/5137/4444 6015/5236/4536
f 5998/5242/4543 5914/5149/4455 5999/5241/4542
f 6013/5239/4540 6012/5240/4541 5908/5143/4449
f 5918/5153/4459 5998/5242/4543 5997/5243/4544
f 5928/5163/4468 5994/5246/4547 5930/5165/4470
f 5932/5167/4472 5930/5165/4470 6005/5247/4548
f 6005/5247/4548 5934/5169/4474 5932/5167/4472
f 5936/5171/4476 5934/5169/4474 6004/5248/4549
f 5995/5245/4546 5924/5159/4464 5996/5244/4545
f 5928/5163/4468 5995/5245/4546 5994/5246/4547
f 6003/5249/4550 5936/5171/4476 6004/5248/4549
f 6005/5247/4548 5930/5165/4470 5994/5246/4547
f 5940/5175/4480 6003/5249/4550 6002/5250/4551
f 6001/5251/4552 5944/5179/4484 5942/5177/4482
f 6001/5251/4552 5946/5181/4486 5944/5179/4484
f 6002/5250/4551 5942/5177/4482 5940/5175/4480
f 5948/5183/4488 6011/5253/4553 5950/5185/4490
f 6011/5253/4553 5952/5187/4492 5950/5185/4490
f 6010/5254/4554 5956/5191/4496 5954/5189/4494
f 6009/5255/4555 5958/5193/4498 5956/5191/4496
f 6010/5254/4554 5954/5189/4494 5952/5187/4492
f 6000/5252/4556 5948/5183/4488 5946/5181/4486
f 6008/5256/4557 5962/5197/4501 5960/5195/4500
f 6007/5257/4558 5964/5199/4503 5962/5197/4501
f 6006/5258/4559 5968/5203/4506 5966/5201/4505
f 6030/5259/4560 5970/5205/4508 5968/5203/4506
f 6006/5258/4559 5966/5201/4505 5964/5199/4503
f 6029/5260/4561 5974/5209/4512 5972/5207/4510
f 6028/5261/4562 5976/5211/4513 5974/5209/4512
f 6027/5262/4563 5980/5215/4517 5978/5213/4515
f 6026/5263/4564 5982/5217/4519 5980/5215/4517
f 5976/5211/4513 6027/5262/4563 5978/5213/4515
f 6029/5260/4561 5972/5207/4510 5970/5205/4508
f 6008/5256/4557 5960/5195/4500 5958/5193/4498
f 6001/5251/4552 5942/5177/4482 6002/5250/4551
f 6000/5252/4556 5946/5181/4486 6001/5251/4552
f 6010/5254/4554 5952/5187/4492 6011/5253/4553
f 6006/5258/4559 5964/5199/4503 6007/5257/4558
f 6029/5260/4561 5970/5205/4508 6030/5259/4560
f 6028/5261/4562 5974/5209/4512 6029/5260/4561
f 6009/5255/4555 6008/5256/4557 5958/5193/4498
f 6025/5264/4565 5986/5221/4523 5984/5219/4521
f 6021/5265/4566 5988/5223/4525 5986/5221/4523
f 6020/5266/4567 5992/5227/4529 5990/5225/4527
f 6019/5267/4428 5993/5229/4428 5992/5227/4529
f 6021/5265/4566 5990/5225/4527 5988/5223/4525
f 6026/5263/4564 5980/5215/4517 6027/5262/4563
f 6025/5264/4565 5982/5217/4519 6026/5263/4564
f 5992/5227/4529 6020/5266/4567 6019/5267/4428
f 6021/5265/4566 5986/5221/4523 6025/5264/4565
f 6039/4913/1782 6033/5370/4381 6034/4914/1782
f 6033/5370/4381 6040/4915/1782 6032/4916/1782
f 6033/5370/4381 6039/4913/1782 6040/4915/1782
f 6039/4913/1782 6034/4914/1782 6038/5371/1782
f 6038/5371/1782 6034/4914/1782 6037/4918/1782
f 6035/5372/1782 6037/4918/1782 6034/4914/1782
f 6035/5372/1782 6036/4917/1782 6037/4918/1782
f 6035/5372/1782 6031/4919/1782 6036/4917/1782
f 6048/5272/1782 6043/5268/1782 6047/5269/1782
f 6046/5270/1782 6047/5269/1782 6043/5268/1782
f 6043/5268/1782 6048/5272/1782 6042/5271/1782
f 6043/5268/1782 6041/5274/1782 6044/5275/1782
f 6043/5268/1782 6045/5276/1782 6046/5270/1782
f 6043/5268/1782 6044/5275/1782 6045/5276/1782
f 6050/5373/1782 6051/4946/4426 6052/5374/4426
f 6054/5375/1782 6050/5373/1782 6053/5376/1782
f 6052/5374/4426 6053/5376/1782 6050/5373/1782
f 6050/5373/1782 6054/5375/1782 6055/5377/1782
f 6050/5373/1782 6056/5378/4426 6049/4951/4426
f 6050/5373/1782 6055/5377/1782 6056/5378/4426
f 6059/5343/1782 6060/4937/1782 6061/4938/1782
f 6065/5379/1782 6058/4936/1782 6059/5343/1782
f 6061/4938/1782 6062/4939/1782 6059/5343/1782
f 6062/4939/1782 6063/4940/1782 6059/5343/1782
f 6064/5380/4381 6067/4941/1782 6057/4942/1782
f 6064/5380/4381 6066/4943/1782 6067/4941/1782
f 6064/5380/4381 6065/5379/1782 6066/4943/1782
f 6070/5381/1782 6075/5382/4381 6068/5383/4381
f 6070/5381/1782 6073/5384/1782 6074/5385/1782
f 6074/5385/1782 6075/5382/4381 6070/5381/1782
f 6071/5386/4381 6072/5387/1782 6070/5381/1782
f 6073/5384/1782 6070/5381/1782 6072/5387/1782
f 6070/5381/1782 6069/5388/4381 6071/5386/4381
f 6077/4964/1782 6081/4963/1782 6076/5020/1782
f 6082/4953/1782 6078/4958/1782 6079/4983/1782
f 6084/4969/1782 6081/4963/1782 6085/5290/1782
f 6086/5291/1782 6083/4954/1782 6087/4952/1782
f 6092/4972/1782 6089/5292/1782 6093/4966/1782
f 6094/4955/1782 6091/4956/1782 6095/4957/1782
f 6093/4966/1782 6097/4967/1782 6096/4968/1782
f 6098/4962/1782 6094/4955/1782 6099/4961/1782
f 6144/5024/1782 6143/5019/1782 6076/5020/1782
f 6145/5025/1782 6144/5024/1782 6076/5020/1782
f 6146/5023/1782 6076/5020/1782 6081/4963/1782
f 6145/5025/1782 6076/5020/1782 6146/5023/1782
f 6142/5017/1782 6076/5020/1782 6143/5019/1782
f 6139/5293/1782 6138/4993/1782 6077/4964/1782
f 6140/5016/1782 6139/5293/1782 6077/4964/1782
f 6077/4964/1782 6142/5017/1782 6141/5018/1782
f 6076/5020/1782 6142/5017/1782 6077/4964/1782
f 6140/5016/1782 6077/4964/1782 6141/5018/1782
f 6077/4964/1782 6138/4993/1782 6078/4958/1782
f 6147/5027/1782 6146/5023/1782 6080/4970/1782
f 6149/5028/1782 6080/4970/1782 6150/5029/1782
f 6150/5029/1782 6084/4969/1782 6151/5030/1782
f 6153/5032/1782 6152/5031/1782 6084/4969/1782
f 6084/4969/1782 6152/5031/1782 6151/5030/1782
f 6154/5033/1782 6153/5032/1782 6084/4969/1782
f 6146/5023/1782 6081/4963/1782 6080/4970/1782
f 6080/4970/1782 6149/5028/1782 6148/5026/1782
f 6077/4964/1782 6103/5294/1782 6081/4963/1782
f 6085/5290/1782 6081/4963/1782 6172/5295/1782
f 6085/5290/1782 6088/4971/1782 6084/4969/1782
f 6172/5295/1782 6081/4963/1782 6103/5294/1782
f 6080/4970/1782 6084/4969/1782 6150/5029/1782
f 6080/4970/1782 6148/5026/1782 6147/5027/1782
f 6085/5290/1782 6172/5295/1782 6171/5296/1782
f 6103/5294/1782 6077/4964/1782 6104/5297/1782
f 6135/4988/1782 6078/4958/1782 6136/4987/1782
f 6137/4989/1782 6136/4987/1782 6078/4958/1782
f 6079/4983/1782 6078/4958/1782 6134/4986/1782
f 6135/4988/1782 6134/4986/1782 6078/4958/1782
f 6130/4976/1782 6082/4953/1782 6079/4983/1782
f 6133/4984/1782 6079/4983/1782 6134/4986/1782
f 6137/4989/1782 6078/4958/1782 6138/4993/1782
f 6132/4985/1782 6131/4982/1782 6079/4983/1782
f 6079/4983/1782 6133/4984/1782 6132/4985/1782
f 6131/4982/1782 6130/4976/1782 6079/4983/1782
f 6129/4975/1782 6083/4954/1782 6130/4976/1782
f 6083/4954/1782 6129/4975/1782 6128/4973/1782
f 6105/5298/1782 6078/4958/1782 6082/4953/1782
f 6105/5298/1782 6082/4953/1782 6173/5389/1782
f 6128/4973/1782 6127/4974/1782 6083/4954/1782
f 6082/4953/1782 6086/5291/1782 6173/5389/1782
f 6173/5389/1782 6086/5291/1782 6174/5302/4426
f 6105/5298/1782 6104/5297/1782 6078/4958/1782
f 6125/4981/1782 6087/4952/1782 6126/4977/1782
f 6083/4954/1782 6127/4974/1782 6126/4977/1782
f 6123/4978/1782 6087/4952/1782 6124/4980/1782
f 6125/4981/1782 6124/4980/1782 6087/4952/1782
f 6087/4952/1782 6123/4978/1782 6122/4979/1782
f 6091/4956/1782 6087/4952/1782 6122/4979/1782
f 6126/4977/1782 6087/4952/1782 6083/4954/1782
f 6090/5301/1782 6174/5302/4426 6086/5291/1782
f 6082/4953/1782 6130/4976/1782 6083/4954/1782
f 6078/4958/1782 6104/5297/1782 6077/4964/1782
f 6084/4969/1782 6088/4971/1782 6154/5033/1782
f 6088/4971/1782 6156/5046/1782 6155/5047/1782
f 6157/5044/1782 6156/5046/1782 6088/4971/1782
f 6092/4972/1782 6158/5043/1782 6088/4971/1782
f 6157/5044/1782 6088/4971/1782 6158/5043/1782
f 6159/5045/1782 6158/5043/1782 6092/4972/1782
f 6170/5303/1782 6089/5292/1782 6171/5296/1782
f 6171/5296/1782 6089/5292/1782 6085/5290/1782
f 6093/4966/1782 6089/5292/1782 6170/5303/1782
f 6102/5304/1782 6093/4966/1782 6170/5303/1782
f 6092/4972/1782 6093/4966/1782 6162/5042/1782
f 6097/4967/1782 6093/4966/1782 6102/5304/1782
f 6160/5051/1782 6159/5045/1782 6092/4972/1782
f 6155/5047/1782 6154/5033/1782 6088/4971/1782
f 6162/5042/1782 6161/5050/1782 6092/4972/1782
f 6162/5042/1782 6093/4966/1782 6096/4968/1782
f 6163/5049/1782 6096/4968/1782 6164/5048/1782
f 6096/4968/1782 6163/5049/1782 6162/5042/1782
f 6165/5041/1782 6164/5048/1782 6096/4968/1782
f 6097/4967/1782 6166/5040/1782 6096/4968/1782
f 6165/5041/1782 6096/4968/1782 6166/5040/1782
f 6167/5039/1782 6166/5040/1782 6097/4967/1782
f 6168/5037/1782 6097/4967/1782 6169/5305/1782
f 6169/5305/1782 6097/4967/1782 6106/5013/1782
f 6167/5039/1782 6097/4967/1782 6168/5037/1782
f 6101/5306/1782 6097/4967/1782 6102/5304/1782
f 6161/5050/1782 6160/5051/1782 6092/4972/1782
f 6106/5013/1782 6097/4967/1782 6098/4962/1782
f 6090/5301/1782 6175/5307/1782 6174/5302/4426
f 6094/4955/1782 6175/5307/1782 6090/5301/1782
f 6086/5291/1782 6091/4956/1782 6090/5301/1782
f 6094/4955/1782 6098/4962/1782 6100/5308/1782
f 6101/5306/1782 6100/5308/1782 6098/4962/1782
f 6175/5307/1782 6094/4955/1782 6100/5308/1782
f 6120/4996/1782 6091/4956/1782 6121/4997/1782
f 6091/4956/1782 6122/4979/1782 6121/4997/1782
f 6119/4995/1782 6091/4956/1782 6120/4996/1782
f 6119/4995/1782 6118/4998/1782 6091/4956/1782
f 6095/4957/1782 6091/4956/1782 6118/4998/1782
f 6117/5000/1782 6095/4957/1782 6118/4998/1782
f 6095/4957/1782 6114/4999/1782 6094/4955/1782
f 6099/4961/1782 6110/5010/1782 6098/4962/1782
f 6109/5009/1782 6098/4962/1782 6110/5010/1782
f 6111/5007/1782 6110/5010/1782 6099/4961/1782
f 6094/4955/1782 6114/4999/1782 6099/4961/1782
f 6109/5009/1782 6108/5012/1782 6098/4962/1782
f 6107/5011/1782 6098/4962/1782 6108/5012/1782
f 6098/4962/1782 6097/4967/1782 6101/5306/1782
f 6095/4957/1782 6116/5001/1782 6115/5002/1782
f 6116/5001/1782 6095/4957/1782 6117/5000/1782
f 6099/4961/1782 6114/4999/1782 6113/5003/1782
f 6115/5002/1782 6114/4999/1782 6095/4957/1782
f 6113/5003/1782 6112/5004/1782 6099/4961/1782
f 6099/4961/1782 6112/5004/1782 6111/5007/1782
f 6098/4962/1782 6107/5011/1782 6106/5013/1782
f 6180/5071/4568 6184/5072/4569 6177/5074/4570
f 6184/5072/4569 6183/5073/4569 6177/5074/4570
f 6180/5071/4568 6182/5070/4568 6184/5072/4569
f 6181/5359/4568 6177/5074/4570 6179/5076/4568
f 6181/5359/4568 6179/5076/4568 6178/5075/4568
f 6179/5076/4568 6177/5074/4570 6176/5077/4571
f 6180/5071/4568 6177/5074/4570 6181/5359/4568
f 6186/5058/4572 6193/5351/4573 6192/5057/4573
f 6186/5058/4572 6185/5059/4574 6188/5060/4574
f 6191/5056/4575 6193/5351/4573 6186/5058/4572
f 6190/5063/4574 6189/5061/4574 6191/5056/4575
f 6187/5064/4574 6190/5063/4574 6188/5060/4574
f 6191/5056/4575 6188/5060/4574 6190/5063/4574
f 6186/5058/4572 6188/5060/4574 6191/5056/4575
f 6199/5099/4576 6197/5094/4576 6201/5095/4576
f 6197/5094/4576 6194/5098/4576 6201/5095/4576
f 6199/5099/4576 6198/5100/4576 6197/5094/4576
f 6196/5096/4576 6195/5101/4576 6199/5099/4576
f 6196/5096/4576 6201/5095/4576 6200/5097/4576
f 6199/5099/4576 6201/5095/4576 6196/5096/4576
f 6210/5390/4577 6207/5354/4578 6208/5391/4579
f 6209/5352/4580 6211/5087/4581 6213/5088/4578
f 6203/5086/4578 6209/5352/4580 6213/5088/4578
f 6207/5354/4578 6203/5086/4578 6202/5089/4578
f 6202/5089/4578 6205/5090/4582 6207/5354/4578
f 6207/5354/4578 6205/5090/4582 6208/5391/4579
f 6209/5352/4580 6212/5392/4583 6211/5087/4581
f 6210/5390/4577 6215/5393/4584 6212/5392/4583
f 6210/5390/4577 6206/5093/4579 6215/5393/4584
f 6214/5091/4585 6210/5390/4577 6208/5391/4579
f 6208/5391/4579 6204/5092/4578 6214/5091/4585
f 6214/5091/4585 6206/5093/4579 6210/5390/4577
f 6205/5090/4582 6204/5092/4578 6208/5391/4579
f 6224/5394/4586 6225/5395/4587 6223/5396/4588
f 6226/5397/4589 6228/5398/4590 6222/5105/4591
f 6226/5397/4589 6221/5102/4592 6228/5398/4590
f 6227/5106/4593 6226/5397/4589 6222/5105/4591
f 6216/5108/4594 6225/5395/4587 6227/5106/4593
f 6226/5397/4589 6227/5106/4593 6225/5395/4587
f 6219/5107/4595 6225/5395/4587 6216/5108/4594
f 6217/5104/4596 6221/5102/4592 6224/5394/4586
f 6220/5103/4596 6217/5104/4596 6224/5394/4586
f 6218/5109/4596 6223/5396/4588 6219/5107/4595
f 6223/5396/4588 6225/5395/4587 6219/5107/4595
f 6223/5396/4588 6218/5109/4596 6220/5103/4596
f 6220/5103/4596 6224/5394/4586 6223/5396/4588
f 6235/5079/4597 6230/5078/4598 6236/5082/4599
f 6230/5078/4598 6231/5081/4600 6236/5082/4599
f 6235/5079/4597 6234/5080/4601 6230/5078/4598
f 6233/5083/4602 6232/5085/4603 6235/5079/4597
f 6233/5083/4602 6236/5082/4599 6229/5084/4600
f 6235/5079/4597 6236/5082/4599 6233/5083/4602
f 6239/5110/1782 6241/5111/1782 6242/5112/1782
f 6239/5110/1782 6237/5113/1782 6240/5114/1782
f 6240/5114/1782 6241/5111/1782 6239/5110/1782
f 6239/5110/1782 6244/5115/1782 6238/5116/1782
f 6242/5112/1782 6243/5117/1782 6239/5110/1782
f 6244/5115/1782 6239/5110/1782 6243/5117/1782
f 6248/5118/4604 6245/5119/4605 6246/5120/4606
f 6250/5121/4607 6247/5122/4608 6248/5118/4604
f 6252/5123/4609 6249/5124/4610 6250/5121/4607
f 6254/5125/4611 6251/5126/4612 6252/5123/4609
f 6256/5127/4613 6253/5128/4614 6254/5125/4611
f 6258/5129/4615 6255/5130/4616 6256/5127/4613
f 6260/5131/4617 6257/5132/4618 6258/5129/4615
f 6262/5133/4619 6259/5134/4620 6260/5131/4617
f 6264/5135/4621 6261/5136/4622 6262/5133/4619
f 6266/5137/4623 6263/5138/4624 6264/5135/4621
f 6268/5139/4625 6265/5140/4623 6266/5137/4623
f 6270/5141/4626 6267/5142/4627 6268/5139/4625
f 6272/5143/4628 6269/5144/4629 6270/5141/4626
f 6274/5145/4630 6271/5146/4628 6272/5143/4628
f 6276/5147/4631 6273/5148/4632 6274/5145/4630
f 6278/5149/4633 6275/5150/4634 6276/5147/4631
f 6280/5151/4635 6277/5152/4636 6278/5149/4633
f 6282/5153/4637 6279/5154/4635 6280/5151/4635
f 6284/5155/4638 6281/5156/4639 6282/5153/4637
f 6286/5157/4640 6283/5158/4641 6284/5155/4638
f 6288/5159/4642 6285/5160/4643 6286/5157/4640
f 6290/5161/4644 6287/5162/4645 6288/5159/4642
f 6292/5163/4646 6289/5164/4647 6290/5161/4644
f 6294/5165/4648 6291/5166/4649 6292/5163/4646
f 6296/5167/4650 6293/5168/4651 6294/5165/4648
f 6298/5169/4652 6295/5170/4653 6296/5167/4650
f 6300/5171/4654 6297/5172/4655 6298/5169/4652
f 6302/5173/4656 6299/5174/4657 6300/5171/4654
f 6304/5175/4658 6301/5176/4659 6302/5173/4656
f 6306/5177/4660 6303/5178/4661 6304/5175/4658
f 6308/5179/4662 6305/5180/4663 6306/5177/4660
f 6310/5181/4664 6307/5182/4662 6308/5179/4662
f 6312/5183/4665 6309/5184/4666 6310/5181/4664
f 6314/5185/4667 6311/5186/4668 6312/5183/4665
f 6316/5187/4669 6313/5188/4670 6314/5185/4667
f 6318/5189/4671 6315/5190/4672 6316/5187/4669
f 6320/5191/4673 6317/5192/4674 6318/5189/4671
f 6322/5193/4675 6319/5194/4676 6320/5191/4673
f 6324/5195/4677 6321/5196/4675 6322/5193/4675
f 6326/5197/4678 6323/5198/4679 6324/5195/4677
f 6328/5199/4680 6325/5200/4681 6326/5197/4678
f 6330/5201/4682 6327/5202/4683 6328/5199/4680
f 6332/5203/4684 6329/5204/4685 6330/5201/4682
f 6334/5205/4686 6331/5206/4687 6332/5203/4684
f 6336/5207/4688 6333/5208/4689 6334/5205/4686
f 6338/5209/4690 6335/5210/4691 6336/5207/4688
f 6340/5211/4692 6337/5212/4693 6338/5209/4690
f 6342/5213/4694 6339/5214/4695 6340/5211/4692
f 6344/5215/4696 6341/5216/4697 6342/5213/4694
f 6346/5217/4698 6343/5218/4699 6344/5215/4696
f 6348/5219/4700 6345/5220/4701 6346/5217/4698
f 6350/5221/4702 6347/5222/4703 6348/5219/4700
f 6352/5223/4704 6349/5224/4705 6350/5221/4702
f 6354/5225/4706 6351/5226/4707 6352/5223/4704
f 6356/5227/4708 6353/5228/4709 6354/5225/4706
f 6357/5229/4605 6355/5230/4710 6356/5227/4708
f 6389/5231/4711 6248/5118/4604 6246/5120/4606
f 6387/5232/4712 6252/5123/4609 6250/5121/4607
f 6387/5232/4712 6254/5125/4611 6252/5123/4609
f 6388/5233/4713 6250/5121/4607 6248/5118/4604
f 6256/5127/4613 6381/5234/4714 6258/5129/4615
f 6381/5234/4714 6260/5131/4617 6258/5129/4615
f 6380/5235/4715 6264/5135/4621 6262/5133/4619
f 6379/5236/4716 6266/5137/4623 6264/5135/4621
f 6380/5235/4715 6262/5133/4619 6260/5131/4617
f 6386/5237/4717 6256/5127/4613 6254/5125/4611
f 6378/5238/4718 6270/5141/4626 6268/5139/4625
f 6377/5239/4719 6272/5143/4628 6270/5141/4626
f 6376/5240/4720 6276/5147/4631 6274/5145/4630
f 6363/5241/4721 6278/5149/4633 6276/5147/4631
f 6376/5240/4720 6274/5145/4630 6272/5143/4628
f 6362/5242/4722 6282/5153/4637 6280/5151/4635
f 6361/5243/4723 6284/5155/4638 6282/5153/4637
f 6360/5244/4724 6288/5159/4642 6286/5157/4640
f 6359/5245/4725 6290/5161/4644 6288/5159/4642
f 6284/5155/4638 6360/5244/4724 6286/5157/4640
f 6362/5242/4722 6280/5151/4635 6278/5149/4633
f 6378/5238/4718 6268/5139/4625 6266/5137/4623
f 6387/5232/4712 6250/5121/4607 6388/5233/4713
f 6380/5235/4715 6260/5131/4617 6381/5234/4714
f 6387/5232/4712 6386/5237/4717 6254/5125/4611
f 6378/5238/4718 6266/5137/4623 6379/5236/4716
f 6362/5242/4722 6278/5149/4633 6363/5241/4721
f 6377/5239/4719 6376/5240/4720 6272/5143/4628
f 6358/5246/4726 6294/5165/4648 6292/5163/4646
f 6369/5247/4727 6296/5167/4650 6294/5165/4648
f 6368/5248/4728 6300/5171/4654 6298/5169/4652
f 6367/5249/4729 6300/5171/4654 6368/5248/4728
f 6369/5247/4727 6298/5169/4652 6296/5167/4650
f 6359/5245/4725 6288/5159/4642 6360/5244/4724
f 6294/5165/4648 6358/5246/4726 6369/5247/4727
f 6292/5163/4646 6359/5245/4725 6358/5246/4726
f 6282/5153/4637 6362/5242/4722 6361/5243/4723
f 6366/5250/4730 6306/5177/4660 6304/5175/4658
f 6365/5251/4731 6310/5181/4664 6308/5179/4662
f 6364/5252/4732 6312/5183/4665 6310/5181/4664
f 6365/5251/4731 6308/5179/4662 6306/5177/4660
f 6375/5253/4733 6316/5187/4669 6314/5185/4667
f 6374/5254/4734 6318/5189/4671 6316/5187/4669
f 6373/5255/4735 6322/5193/4675 6320/5191/4673
f 6372/5256/4736 6324/5195/4677 6322/5193/4675
f 6318/5189/4671 6373/5255/4735 6320/5191/4673
f 6312/5183/4665 6375/5253/4733 6314/5185/4667
f 6371/5257/4737 6328/5199/4680 6326/5197/4678
f 6370/5258/4738 6330/5201/4682 6328/5199/4680
f 6394/5259/4739 6334/5205/4686 6332/5203/4684
f 6393/5260/4740 6336/5207/4688 6334/5205/4686
f 6370/5258/4738 6332/5203/4684 6330/5201/4682
f 6392/5261/4741 6340/5211/4692 6338/5209/4690
f 6340/5211/4692 6391/5262/4742 6342/5213/4694
f 6390/5263/4743 6346/5217/4698 6344/5215/4696
f 6346/5217/4698 6385/5264/4744 6348/5219/4700
f 6391/5262/4742 6344/5215/4696 6342/5213/4694
f 6393/5260/4740 6338/5209/4690 6336/5207/4688
f 6372/5256/4736 6326/5197/4678 6324/5195/4677
f 6304/5175/4658 6367/5249/4729 6366/5250/4730
f 6365/5251/4731 6306/5177/4660 6366/5250/4730
f 6374/5254/4734 6316/5187/4669 6375/5253/4733
f 6365/5251/4731 6364/5252/4732 6310/5181/4664
f 6372/5256/4736 6322/5193/4675 6373/5255/4735
f 6393/5260/4740 6334/5205/4686 6394/5259/4739
f 6371/5257/4737 6370/5258/4738 6328/5199/4680
f 6338/5209/4690 6393/5260/4740 6392/5261/4741
f 6350/5221/4702 6384/5265/4745 6352/5223/4704
f 6384/5265/4745 6354/5225/4706 6352/5223/4704
f 6356/5227/4708 6354/5225/4706 6383/5266/4746
f 6357/5229/4605 6356/5227/4708 6382/5267/4605
f 6390/5263/4743 6344/5215/4696 6391/5262/4742
f 6356/5227/4708 6383/5266/4746 6382/5267/4605
f 6384/5265/4745 6350/5221/4702 6385/5264/4744
f 6350/5221/4702 6348/5219/4700 6385/5264/4744
f 4969/4958/3698 4965/4983/3698 4966/4953/3698
f 4971/4960/3698 4967/4955/3698 4968/4961/3698
f 4978/4963/3698 4977/5020/3698 4973/4964/3698
f 4979/4966/3698 4975/5014/3698 4976/4967/3698
f 4974/4965/3698 4973/4964/3698 4969/4958/3698
f 4975/5014/3698 4971/4960/3698 4972/4962/3698
f 5073/5052/3957 5072/5055/3958 5070/5053/3958
f 5083/5065/3966 5085/5068/3969 5084/5066/3967
f 5085/5068/3969 5083/5065/3966 5080/5071/3972
f 5076/5072/3973 5084/5066/3967 5085/5068/3969
f 5077/5074/3975 5082/5067/3968 5084/5066/3967
f 5083/5065/3966 5082/5067/3968 5079/5076/3977
f 5271/5231/4110 5270/5233/4112 5130/5118/3999
f 5138/5127/4007 5268/5237/4116 5263/5234/4113
f 5262/5235/4114 5261/5236/4115 5146/5135/4015
f 5260/5238/4117 5259/5239/4118 5152/5141/4021
f 5258/5240/4119 5245/5241/4120 5158/5147/4027
f 5166/5155/4035 5243/5243/4122 5242/5244/4123
f 5249/5249/4128 5184/5173/4053 5182/5171/4051
f 5251/5247/4126 5250/5248/4127 5180/5169/4049
f 5240/5246/4125 5174/5163/4043 5172/5161/4041
f 5200/5189/4069 5256/5254/4133 5255/5255/4134
f 5194/5183/4063 5246/5252/4131 5257/5253/4132
f 5252/5258/4137 5276/5259/4138 5214/5203/4083
f 5222/5211/4090 5274/5261/4140 5273/5262/4141
f 5228/5217/4096 5272/5263/4142 5267/5264/4143
f 5254/5256/4135 5253/5257/4136 5208/5197/4077
f 5186/5175/4055 5184/5173/4053 5249/5249/4128
f 5266/5265/4144 5265/5266/4145 5236/5225/4104
f 5332/4969/4160 5328/4970/4170 5329/4963/4156
f 5334/5291/4162 5330/4953/4146 5331/4954/4163
f 5340/4972/4164 5336/4971/4174 5337/5292/4165
f 5342/4955/4157 5338/5301/4180 5339/4956/4166
f 5333/5290/4161 5337/5292/4165 5336/4971/4174
f 5334/5291/4162 5335/4952/4161 5339/4956/4166
f 5429/5309/4188 5431/5311/4194 5430/5065/4189
f 5431/5311/4194 5429/5309/4188 5437/5076/4197
f 5441/5055/4198 5443/5314/4202 5442/5313/4199
f 5447/5060/4204 5440/5053/4200 5442/5313/4199
f 5648/5231/4344 5647/5233/4346 5508/5118/4236
f 5516/5127/4244 5645/5237/4350 5641/5234/4347
f 5522/5133/4250 5640/5235/4349 5639/5236/4348
f 5638/5238/4351 5637/5239/4352 5530/5141/4258
f 5636/5240/4353 5623/5241/4354 5536/5147/4264
f 5544/5155/4272 5621/5243/4356 5620/5244/4357
f 5629/5247/4360 5628/5248/4361 5558/5169/4286
f 5552/5163/4280 5550/5161/4278 5619/5245/4358
f 5627/5249/4362 5562/5173/4290 5560/5171/4288
f 5564/5175/4292 5562/5173/4290 5627/5249/4362
f 5572/5183/4299 5624/5252/4368 5635/5253/4365
f 5578/5189/4305 5634/5254/4367 5633/5255/4366
f 5632/5256/4369 5631/5257/4370 5586/5197/4313
f 5630/5258/4371 5654/5259/4372 5592/5203/4319
f 5600/5211/4326 5652/5261/4374 5651/5262/4375
f 5644/5265/4378 5643/5266/4379 5614/5225/4340
f 5649/5264/4377 5608/5219/4334 5606/5217/4332
f 5712/4959/1782 5711/4958/1782 5707/4983/1782
f 5714/4962/1782 5713/4960/1782 5709/4955/1782
f 5719/5020/1782 5715/4964/1782 5716/4965/1782
f 5722/4968/1782 5721/4966/1782 5717/5014/1782
f 5712/4959/1782 5716/4965/1782 5715/4964/1782
f 5717/5014/1782 5713/4960/1782 5714/4962/1782
f 5816/5052/4384 5815/5055/4389 5810/5053/4385
f 5827/5352/4394 5829/5355/4397 5828/5353/4395
f 5820/5090/4396 5825/5354/4396 5828/5353/4395
f 6024/5231/4532 6023/5233/4534 5884/5118/4427
f 5892/5127/4434 6018/5237/4538 6017/5234/4535
f 5898/5133/4440 6016/5235/4537 6015/5236/4536
f 6014/5238/4539 6013/5239/4540 5906/5141/4447
f 6012/5240/4541 5999/5241/4542 5912/5147/4453
f 5920/5155/4460 5997/5243/4544 5996/5244/4545
f 6005/5247/4548 6004/5248/4549 5934/5169/4474
f 5928/5163/4468 5926/5161/4466 5995/5245/4546
f 6003/5249/4550 5938/5173/4478 5936/5171/4476
f 5940/5175/4480 5938/5173/4478 6003/5249/4550
f 5948/5183/4488 6000/5252/4556 6011/5253/4553
f 6010/5254/4554 6009/5255/4555 5956/5191/4496
f 6008/5256/4557 6007/5257/4558 5962/5197/4501
f 6006/5258/4559 6030/5259/4560 5968/5203/4506
f 5976/5211/4513 6028/5261/4562 6027/5262/4563
f 6021/5265/4566 6020/5266/4567 5990/5225/4527
f 6025/5264/4565 5984/5219/4521 5982/5217/4519
f 6084/4969/1782 6080/4970/1782 6081/4963/1782
f 6086/5291/1782 6082/4953/1782 6083/4954/1782
f 6092/4972/1782 6088/4971/1782 6089/5292/1782
f 6094/4955/1782 6090/5301/1782 6091/4956/1782
f 6085/5290/1782 6089/5292/1782 6088/4971/1782
f 6086/5291/1782 6087/4952/1782 6091/4956/1782
f 6210/5390/4577 6209/5352/4580 6207/5354/4578
f 6203/5086/4578 6207/5354/4578 6209/5352/4580
f 6209/5352/4580 6210/5390/4577 6212/5392/4583
f 6224/5394/4586 6226/5397/4589 6225/5395/4587
f 6226/5397/4589 6224/5394/4586 6221/5102/4592
f 6389/5231/4711 6388/5233/4713 6248/5118/4604
f 6256/5127/4613 6386/5237/4717 6381/5234/4714
f 6380/5235/4715 6379/5236/4716 6264/5135/4621
f 6378/5238/4718 6377/5239/4719 6270/5141/4626
f 6376/5240/4720 6363/5241/4721 6276/5147/4631
f 6284/5155/4638 6361/5243/4723 6360/5244/4724
f 6367/5249/4729 6302/5173/4656 6300/5171/4654
f 6369/5247/4727 6368/5248/4728 6298/5169/4652
f 6292/5163/4646 6290/5161/4644 6359/5245/4725
f 6318/5189/4671 6374/5254/4734 6373/5255/4735
f 6312/5183/4665 6364/5252/4732 6375/5253/4733
f 6370/5258/4738 6394/5259/4739 6332/5203/4684
f 6340/5211/4692 6392/5261/4741 6391/5262/4742
f 6346/5217/4698 6390/5263/4743 6385/5264/4744
f 6372/5256/4736 6371/5257/4737 6326/5197/4678
f 6304/5175/4658 6302/5173/4656 6367/5249/4729
f 6384/5265/4745 6383/5266/4746 6354/5225/4706
