# Blender 4.5.2 LTS
# www.blender.org
mtllib materials.mtl
o leg_link4
v 0.023705 -0.047552 -0.100203
v 0.011852 -0.047552 -0.100203
v 0.000000 -0.047552 -0.100203
v -0.011853 -0.047552 -0.100203
v -0.023705 -0.047552 -0.100203
v 0.035557 -0.035664 -0.100203
v 0.023705 -0.035664 -0.100203
v 0.011852 -0.035664 -0.100203
v 0.000000 -0.035664 -0.100203
v -0.011853 -0.035664 -0.100203
v -0.023705 -0.035664 -0.100203
v -0.035557 -0.035664 -0.100202
v 0.047409 -0.023776 -0.100203
v 0.035557 -0.023776 -0.100203
v 0.023705 -0.023776 -0.100203
v 0.011852 -0.023776 -0.100203
v 0.000000 -0.023776 -0.100203
v -0.011853 -0.023776 -0.100203
v -0.023705 -0.023776 -0.100203
v -0.035557 -0.023776 -0.100202
v -0.047410 -0.023776 -0.100202
v 0.047409 -0.011888 -0.100203
v 0.035557 -0.011888 -0.100203
v 0.023705 -0.011888 -0.100203
v 0.011852 -0.011888 -0.100203
v 0.000000 -0.011888 -0.100203
v -0.011853 -0.011888 -0.100203
v -0.023705 -0.011888 -0.100203
v -0.035557 -0.011888 -0.100202
v -0.047410 -0.011888 -0.100202
v 0.047409 -0.000000 -0.100203
v 0.035557 -0.000000 -0.100203
v 0.023705 -0.000000 -0.100203
v 0.011852 -0.000000 -0.100203
v 0.000000 -0.000000 -0.100203
v -0.011853 -0.000000 -0.100203
v -0.023705 -0.000000 -0.100203
v -0.035557 -0.000000 -0.100202
v -0.047410 -0.000000 -0.100202
v 0.047409 0.011888 -0.100203
v 0.035557 0.011888 -0.100203
v 0.023705 0.011888 -0.100203
v 0.011852 0.011888 -0.100203
v 0.000000 0.011888 -0.100203
v -0.011853 0.011888 -0.100203
v -0.023705 0.011888 -0.100203
v -0.035557 0.011888 -0.100202
v -0.047410 0.011888 -0.100202
v 0.047409 0.023776 -0.100203
v 0.035557 0.023776 -0.100203
v 0.023705 0.023776 -0.100203
v 0.011852 0.023776 -0.100203
v 0.000000 0.023776 -0.100203
v -0.011853 0.023776 -0.100203
v -0.023705 0.023776 -0.100203
v -0.035557 0.023776 -0.100202
v -0.047410 0.023776 -0.100202
v 0.035557 0.035664 -0.100203
v 0.023705 0.035664 -0.100203
v 0.011852 0.035664 -0.100203
v 0.000000 0.035664 -0.100203
v -0.011853 0.035664 -0.100203
v -0.023705 0.035664 -0.100203
v -0.035557 0.035664 -0.100202
v 0.023705 0.047552 -0.100203
v 0.011852 0.047552 -0.100203
v 0.000000 0.047552 -0.100203
v -0.011853 0.047552 -0.100203
v -0.023705 0.047552 -0.100203
v 0.040921 -0.041402 -0.100203
v 0.043826 -0.038298 -0.100203
v 0.045190 -0.036668 -0.100203
v 0.046494 -0.034988 -0.100203
v 0.047735 -0.033262 -0.100203
v 0.048912 -0.031492 -0.100203
v 0.050058 -0.029623 -0.100203
v 0.051133 -0.027713 -0.100203
v 0.052077 -0.025882 -0.100203
v 0.052956 -0.024019 -0.100203
v 0.053793 -0.022066 -0.100203
v 0.054558 -0.020082 -0.100203
v 0.055249 -0.018072 -0.100203
v 0.055866 -0.016038 -0.100203
v 0.056409 -0.013982 -0.100203
v 0.056878 -0.011908 -0.100203
v 0.057271 -0.009819 -0.100203
v 0.057589 -0.007717 -0.100203
v 0.057831 -0.005604 -0.100203
v 0.057996 -0.003486 -0.100203
v 0.058083 -0.001361 -0.100203
v 0.058093 0.000765 -0.100203
v 0.058027 0.002889 -0.100203
v 0.057884 0.005010 -0.100203
v 0.057665 0.007125 -0.100203
v 0.057369 0.009230 -0.100203
v 0.056997 0.011323 -0.100203
v 0.056549 0.013401 -0.100203
v 0.056027 0.015462 -0.100203
v 0.055431 0.017503 -0.100203
v 0.054761 0.019521 -0.100203
v 0.054016 0.021512 -0.100203
v 0.053234 0.023392 -0.100203
v 0.052387 0.025244 -0.100203
v 0.051392 0.027224 -0.100203
v 0.050324 0.029164 -0.100203
v 0.049231 0.030987 -0.100203
v 0.048072 0.032770 -0.100203
v 0.046849 0.034509 -0.100203
v 0.045564 0.036201 -0.100203
v 0.044167 0.037905 -0.100203
v 0.042704 0.039554 -0.100203
v 0.039823 0.042465 -0.100203
v 0.036624 0.045265 -0.100203
v 0.033228 0.047823 -0.100203
v 0.029656 0.050126 -0.100203
v 0.025924 0.052163 -0.100203
v 0.022228 0.053850 -0.100203
v 0.018065 0.055389 -0.100203
v 0.013979 0.056562 -0.100203
v 0.009906 0.057420 -0.100203
v 0.005604 0.058003 -0.100203
v 0.001361 0.058258 -0.100203
v -0.002729 0.058210 -0.100203
v -0.007167 0.057828 -0.100203
v -0.011396 0.057142 -0.100203
v -0.015458 0.056176 -0.100203
v -0.019512 0.054896 -0.100203
v -0.023622 0.053250 -0.100203
v -0.027165 0.051524 -0.100202
v -0.030959 0.049328 -0.100202
v -0.034471 0.046932 -0.100202
v -0.037798 0.044286 -0.100202
v -0.040921 0.041402 -0.100202
v -0.043825 0.038297 -0.100202
v -0.045190 0.036667 -0.100202
v -0.046494 0.034988 -0.100202
v -0.047736 0.033263 -0.100202
v -0.048914 0.031494 -0.100202
v -0.050060 0.029625 -0.100202
v -0.051135 0.027713 -0.100202
v -0.052078 0.025883 -0.100202
v -0.052955 0.024020 -0.100202
v -0.053792 0.022065 -0.100202
v -0.054556 0.020082 -0.100202
v -0.055248 0.018072 -0.100202
v -0.055866 0.016038 -0.100202
v -0.056410 0.013982 -0.100202
v -0.056879 0.011908 -0.100202
v -0.057272 0.009819 -0.100202
v -0.057589 0.007718 -0.100202
v -0.057831 0.005605 -0.100202
v -0.057995 0.003486 -0.100202
v -0.058081 0.001450 -0.100202
v -0.058096 -0.000587 -0.100202
v -0.058032 -0.002801 -0.100202
v -0.057885 -0.005010 -0.100202
v -0.057665 -0.007125 -0.100202
v -0.057368 -0.009230 -0.100202
v -0.056996 -0.011323 -0.100202
v -0.056548 -0.013401 -0.100202
v -0.056026 -0.015462 -0.100202
v -0.055430 -0.017502 -0.100202
v -0.054759 -0.019520 -0.100202
v -0.054016 -0.021511 -0.100202
v -0.053199 -0.023474 -0.100202
v -0.052310 -0.025405 -0.100202
v -0.051352 -0.027302 -0.100202
v -0.050325 -0.029164 -0.100202
v -0.049232 -0.030987 -0.100202
v -0.048072 -0.032770 -0.100202
v -0.046849 -0.034508 -0.100202
v -0.045563 -0.036201 -0.100202
v -0.044166 -0.037904 -0.100202
v -0.042704 -0.039553 -0.100202
v -0.039823 -0.042465 -0.100202
v -0.036624 -0.045266 -0.100202
v -0.033229 -0.047822 -0.100202
v -0.029655 -0.050125 -0.100202
v -0.025924 -0.052162 -0.100202
v -0.022054 -0.053921 -0.100203
v -0.018064 -0.055390 -0.100203
v -0.013979 -0.056563 -0.100203
v -0.009906 -0.057420 -0.100203
v -0.005661 -0.057997 -0.100203
v -0.001361 -0.058258 -0.100203
v 0.002728 -0.058210 -0.100203
v 0.007168 -0.057828 -0.100203
v 0.011396 -0.057142 -0.100203
v 0.015457 -0.056176 -0.100203
v 0.019511 -0.054896 -0.100203
v 0.023622 -0.053250 -0.100203
v 0.027165 -0.051523 -0.100203
v 0.030960 -0.049327 -0.100203
v 0.034471 -0.046932 -0.100203
v 0.037798 -0.044286 -0.100203
v 0.041483 -0.035664 -0.100203
v 0.041483 -0.023776 -0.100203
v 0.035557 -0.029720 -0.100203
v 0.047409 -0.029720 -0.100203
v 0.041483 -0.029720 -0.100203
v 0.053336 -0.011888 -0.100203
v 0.047409 -0.017832 -0.100203
v 0.053336 -0.017832 -0.100203
v 0.053336 -0.000000 -0.100203
v 0.047409 -0.005944 -0.100203
v 0.053336 -0.005944 -0.100203
v 0.053336 0.011888 -0.100203
v 0.047409 0.005944 -0.100203
v 0.053336 0.005944 -0.100203
v 0.047409 0.017832 -0.100203
v 0.053336 0.017832 -0.100203
v 0.047409 0.029720 -0.100203
v 0.041483 0.035664 -0.100203
v 0.035557 0.029720 -0.100203
v 0.041483 0.023776 -0.100203
v 0.041483 0.029720 -0.100203
v -0.017779 0.047552 -0.100203
v -0.011853 0.053495 -0.100203
v -0.017779 0.053495 -0.100203
v -0.041484 0.035664 -0.100202
v -0.047410 0.029720 -0.100202
v -0.041484 0.023776 -0.100202
v -0.035557 0.029720 -0.100202
v -0.041484 0.029720 -0.100202
v -0.053336 0.011888 -0.100202
v -0.047410 0.017832 -0.100202
v -0.053336 0.017832 -0.100202
v -0.053336 -0.000000 -0.100202
v -0.047410 0.005944 -0.100202
v -0.053336 0.005944 -0.100202
v -0.053336 -0.011888 -0.100202
v -0.047410 -0.005944 -0.100202
v -0.053336 -0.005944 -0.100202
v -0.047410 -0.017832 -0.100202
v -0.053336 -0.017832 -0.100202
v -0.047410 -0.029720 -0.100202
v -0.041484 -0.023776 -0.100202
v -0.041484 -0.035664 -0.100202
v -0.035557 -0.029720 -0.100202
v -0.041484 -0.029720 -0.100202
v 0.017778 -0.047552 -0.100203
v 0.011852 -0.053495 -0.100203
v 0.017778 -0.053495 -0.100203
v 0.026624 -0.044450 -0.136508
v 0.008874 -0.044450 -0.136508
v -0.008875 -0.044450 -0.136508
v -0.026625 -0.044450 -0.136508
v 0.044373 -0.026670 -0.136508
v 0.026624 -0.026670 -0.136508
v 0.008874 -0.026670 -0.136508
v -0.008875 -0.026670 -0.136508
v -0.026625 -0.026670 -0.136508
v -0.044374 -0.026670 -0.136509
v 0.044373 -0.008890 -0.136508
v 0.026624 -0.008890 -0.136508
v 0.008874 -0.008890 -0.136508
v -0.008875 -0.008890 -0.136508
v -0.026625 -0.008890 -0.136508
v -0.044374 -0.008890 -0.136509
v 0.044373 0.008890 -0.136508
v 0.026624 0.008890 -0.136508
v 0.008874 0.008890 -0.136508
v -0.008875 0.008890 -0.136508
v -0.026625 0.008890 -0.136508
v -0.044374 0.008890 -0.136509
v 0.044373 0.026670 -0.136508
v 0.026624 0.026670 -0.136508
v 0.008874 0.026670 -0.136508
v -0.008875 0.026670 -0.136508
v -0.026625 0.026670 -0.136508
v -0.044374 0.026670 -0.136509
v 0.026624 0.044450 -0.136508
v 0.008874 0.044450 -0.136508
v -0.008875 0.044450 -0.136508
v -0.026625 0.044450 -0.136508
v 0.000000 0.062229 -0.136508
v -0.003729 0.062118 -0.136508
v -0.007445 0.061781 -0.136508
v -0.011133 0.061222 -0.136508
v -0.014782 0.060443 -0.136508
v -0.018377 0.059447 -0.136508
v -0.021906 0.058237 -0.136508
v -0.025356 0.056817 -0.136508
v -0.028714 0.055191 -0.136508
v -0.031968 0.053367 -0.136508
v -0.035108 0.051352 -0.136509
v -0.038121 0.049152 -0.136509
v -0.040997 0.046775 -0.136509
v -0.043723 0.044228 -0.136509
v -0.008875 0.053340 -0.136508
v 0.000000 0.044450 -0.136508
v 0.008874 0.053340 -0.136508
v 0.000000 0.053340 -0.136508
v -0.017750 0.044450 -0.136508
v -0.017750 0.053340 -0.136508
v -0.035499 0.044450 -0.136509
v -0.044374 0.035560 -0.136509
v -0.035499 0.026670 -0.136509
v -0.026625 0.035560 -0.136508
v -0.035499 0.035560 -0.136509
v 0.000000 -0.062229 -0.136508
v 0.003728 -0.062118 -0.136508
v 0.007444 -0.061781 -0.136508
v 0.011132 -0.061222 -0.136508
v 0.014781 -0.060443 -0.136508
v 0.018376 -0.059447 -0.136508
v 0.021905 -0.058237 -0.136508
v 0.025355 -0.056817 -0.136508
v 0.028713 -0.055191 -0.136508
v 0.031967 -0.053367 -0.136508
v 0.035107 -0.051352 -0.136508
v 0.038121 -0.049152 -0.136508
v 0.043722 -0.044228 -0.136508
v 0.000000 -0.044450 -0.136508
v -0.008875 -0.053340 -0.136508
v 0.008874 -0.053340 -0.136508
v 0.000000 -0.053340 -0.136508
v 0.017749 -0.044450 -0.136508
v 0.017749 -0.053340 -0.136508
v 0.035499 -0.044450 -0.136508
v -0.062124 0.000001 -0.136509
v -0.062010 -0.003780 -0.136509
v -0.061667 -0.007547 -0.136509
v -0.061096 -0.011286 -0.136509
v -0.060301 -0.014984 -0.136509
v -0.059284 -0.018627 -0.136509
v -0.058048 -0.022201 -0.136509
v -0.056595 -0.025693 -0.136509
v -0.054933 -0.029090 -0.136509
v -0.053068 -0.032379 -0.136509
v -0.051007 -0.035550 -0.136509
v -0.048758 -0.038590 -0.136509
v -0.046328 -0.041487 -0.136509
v -0.043723 -0.044228 -0.136509
v -0.053249 0.008890 -0.136509
v -0.053249 -0.008890 -0.136509
v -0.044374 -0.000000 -0.136509
v -0.053249 -0.000000 -0.136509
v -0.053249 -0.026670 -0.136509
v -0.044374 -0.017780 -0.136509
v -0.053249 -0.017780 -0.136509
v -0.044374 -0.035560 -0.136509
v -0.035499 -0.026670 -0.136509
v -0.035499 -0.044450 -0.136509
v -0.026625 -0.035560 -0.136508
v -0.035499 -0.035560 -0.136509
v -0.046189 0.041639 -0.136509
v -0.048502 0.038911 -0.136509
v -0.050654 0.036055 -0.136509
v -0.052638 0.033079 -0.136509
v -0.054447 0.029995 -0.136509
v -0.056076 0.026811 -0.136509
v -0.057520 0.023538 -0.136509
v -0.059831 0.016772 -0.136509
v -0.053249 0.026670 -0.136509
v -0.044374 0.017780 -0.136509
v -0.053249 0.017780 -0.136509
v 0.062123 0.000001 -0.136508
v 0.062031 0.003395 -0.136508
v 0.061754 0.006779 -0.136508
v 0.061295 0.010143 -0.136508
v 0.059831 0.016772 -0.136508
v 0.053248 0.008890 -0.136508
v 0.044373 -0.000000 -0.136508
v 0.053248 -0.008890 -0.136508
v 0.053248 -0.000000 -0.136508
v 0.053248 0.026670 -0.136508
v 0.044373 0.017780 -0.136508
v 0.053248 0.017780 -0.136508
v 0.058774 0.020189 -0.136508
v 0.057520 0.023539 -0.136508
v 0.056075 0.026810 -0.136508
v 0.054445 0.029993 -0.136508
v 0.052636 0.033078 -0.136508
v 0.050653 0.036054 -0.136508
v 0.048502 0.038911 -0.136508
v 0.046190 0.041639 -0.136508
v 0.043722 0.044228 -0.136508
v 0.044373 0.035560 -0.136508
v 0.035499 0.044450 -0.136508
v 0.026624 0.035560 -0.136508
v 0.035499 0.026670 -0.136508
v 0.035499 0.035560 -0.136508
v 0.040996 0.046775 -0.136508
v 0.038168 0.049114 -0.136508
v 0.035107 0.051352 -0.136508
v 0.031967 0.053367 -0.136508
v 0.028713 0.055191 -0.136508
v 0.025355 0.056817 -0.136508
v 0.021905 0.058237 -0.136508
v 0.018376 0.059447 -0.136508
v 0.014781 0.060443 -0.136508
v 0.011132 0.061222 -0.136508
v 0.007444 0.061782 -0.136508
v 0.003729 0.062119 -0.136508
v 0.017749 0.044450 -0.136508
v 0.017749 0.053340 -0.136508
v -0.060654 0.013478 -0.136509
v -0.061295 0.010144 -0.136509
v -0.061755 0.006779 -0.136509
v -0.062032 0.003395 -0.136509
v -0.040997 -0.046775 -0.136509
v -0.038121 -0.049152 -0.136509
v -0.035108 -0.051352 -0.136509
v -0.031968 -0.053367 -0.136508
v -0.028713 -0.055191 -0.136508
v -0.025356 -0.056817 -0.136508
v -0.021906 -0.058237 -0.136508
v -0.018377 -0.059447 -0.136508
v -0.014782 -0.060443 -0.136508
v -0.011133 -0.061222 -0.136508
v -0.007445 -0.061781 -0.136508
v -0.003729 -0.062118 -0.136508
v -0.017750 -0.044450 -0.136508
v -0.017750 -0.053340 -0.136508
v 0.046327 -0.041487 -0.136508
v 0.048757 -0.038590 -0.136508
v 0.051006 -0.035550 -0.136508
v 0.053067 -0.032379 -0.136508
v 0.054932 -0.029089 -0.136508
v 0.056595 -0.025693 -0.136508
v 0.058047 -0.022201 -0.136508
v 0.059283 -0.018627 -0.136508
v 0.060300 -0.014984 -0.136508
v 0.061095 -0.011286 -0.136508
v 0.061666 -0.007547 -0.136508
v 0.062009 -0.003780 -0.136508
v 0.035499 -0.026670 -0.136508
v 0.026624 -0.035560 -0.136508
v 0.044373 -0.035560 -0.136508
v 0.035499 -0.035560 -0.136508
v 0.053248 -0.026670 -0.136508
v 0.044373 -0.017780 -0.136508
v 0.053248 -0.017780 -0.136508
v 0.000000 -0.063709 -0.134762
v 0.000000 -0.062229 -0.136508
v 0.003816 -0.063563 -0.135402
v 0.003797 -0.063246 -0.135995
v 0.003764 -0.062709 -0.136387
v 0.003728 -0.062118 -0.136508
v 0.007617 -0.063219 -0.135401
v 0.007579 -0.062904 -0.135994
v 0.007515 -0.062369 -0.136387
v 0.007444 -0.061781 -0.136508
v 0.011392 -0.062646 -0.135400
v 0.011335 -0.062334 -0.135994
v 0.011239 -0.061805 -0.136386
v 0.011132 -0.061222 -0.136508
v 0.015126 -0.061850 -0.135399
v 0.015050 -0.061542 -0.135993
v 0.014922 -0.061018 -0.136386
v 0.014781 -0.060443 -0.136508
v 0.018805 -0.060831 -0.135397
v 0.018711 -0.060528 -0.135992
v 0.018552 -0.060014 -0.136386
v 0.018376 -0.059447 -0.136508
v 0.022416 -0.059593 -0.135396
v 0.022305 -0.059297 -0.135992
v 0.022115 -0.058793 -0.136386
v 0.021905 -0.058237 -0.136508
v 0.025947 -0.058140 -0.135394
v 0.025818 -0.057851 -0.135991
v 0.025597 -0.057359 -0.136386
v 0.025355 -0.056817 -0.136508
v 0.029383 -0.056477 -0.135392
v 0.029237 -0.056197 -0.135990
v 0.028987 -0.055718 -0.136385
v 0.028713 -0.055191 -0.136508
v 0.032714 -0.054611 -0.135390
v 0.032552 -0.054340 -0.135989
v 0.032273 -0.053877 -0.136385
v 0.031967 -0.053367 -0.136508
v 0.035927 -0.052549 -0.135387
v 0.035749 -0.052289 -0.135987
v 0.035444 -0.051843 -0.136385
v 0.035107 -0.051352 -0.136508
v 0.039012 -0.050298 -0.135384
v 0.038819 -0.050050 -0.135986
v 0.038486 -0.049623 -0.136385
v 0.038121 -0.049152 -0.136508
v 0.041955 -0.047867 -0.135381
v 0.041748 -0.047631 -0.135985
v 0.041390 -0.047224 -0.136384
v 0.044760 -0.045275 -0.134731
v 0.043722 -0.044228 -0.136508
v 0.000000 -0.062831 -0.136382
v 0.000000 -0.063374 -0.135978
v 0.000000 -0.063684 -0.135376
v 0.003746 -0.062409 -0.136480
v 0.001883 -0.062794 -0.136387
v 0.001874 -0.062494 -0.136480
v 0.003781 -0.062996 -0.136223
v 0.001899 -0.063332 -0.135995
v 0.001891 -0.063081 -0.136224
v 0.003808 -0.063440 -0.135712
v 0.001908 -0.063649 -0.135402
v 0.001905 -0.063526 -0.135713
v 0.003819 -0.063614 -0.135071
v 0.001910 -0.063700 -0.135072
v 0.044750 -0.045265 -0.135352
v 0.044535 -0.045048 -0.135966
v 0.044150 -0.044660 -0.136380
v 0.043370 -0.046585 -0.135380
v 0.041986 -0.047902 -0.135047
v 0.043402 -0.046619 -0.135045
v 0.043156 -0.046356 -0.135984
v 0.041876 -0.047776 -0.135697
v 0.043288 -0.046497 -0.135696
v 0.042786 -0.045959 -0.136384
v 0.041581 -0.047442 -0.136218
v 0.042984 -0.046171 -0.136218
v 0.041190 -0.046996 -0.136479
v 0.042579 -0.045738 -0.136479
v 0.001227 -0.063698 -0.134762
v 0.002788 -0.063649 -0.134762
v 0.004349 -0.063561 -0.134761
v 0.005905 -0.063434 -0.134761
v 0.007459 -0.063270 -0.134761
v 0.009008 -0.063067 -0.134760
v 0.010552 -0.062826 -0.134760
v 0.012089 -0.062547 -0.134759
v 0.013620 -0.062231 -0.134759
v 0.015141 -0.061877 -0.134758
v 0.016654 -0.061487 -0.134757
v 0.018157 -0.061059 -0.134757
v 0.019649 -0.060595 -0.134756
v 0.021128 -0.060094 -0.134755
v 0.022595 -0.059557 -0.134754
v 0.024048 -0.058984 -0.134753
v 0.025487 -0.058375 -0.134752
v 0.026910 -0.057730 -0.134751
v 0.028318 -0.057051 -0.134750
v 0.029707 -0.056337 -0.134749
v 0.031079 -0.055590 -0.134747
v 0.032432 -0.054809 -0.134746
v 0.033766 -0.053996 -0.134745
v 0.035079 -0.053150 -0.134744
v 0.036372 -0.052272 -0.134742
v 0.037643 -0.051363 -0.134741
v 0.038891 -0.050422 -0.134739
v 0.040115 -0.049452 -0.134738
v 0.041314 -0.048451 -0.134736
v 0.042490 -0.047421 -0.134734
v 0.043638 -0.046363 -0.134733
v 0.044202 -0.045822 -0.134732
v 0.044482 -0.045550 -0.134731
v 0.044095 -0.045961 -0.135044
v 0.043399 -0.046615 -0.134885
v 0.044092 -0.045958 -0.134884
v -0.063587 0.000001 -0.134678
v -0.062124 0.000001 -0.136509
v -0.063471 -0.003868 -0.135339
v -0.063164 -0.003849 -0.135964
v -0.062616 -0.003816 -0.136380
v -0.062010 -0.003780 -0.136509
v -0.063119 -0.007723 -0.135340
v -0.062814 -0.007686 -0.135965
v -0.062269 -0.007620 -0.136380
v -0.061667 -0.007547 -0.136509
v -0.062534 -0.011550 -0.135342
v -0.062232 -0.011495 -0.135966
v -0.061693 -0.011396 -0.136381
v -0.061096 -0.011286 -0.136509
v -0.061720 -0.015335 -0.135345
v -0.061421 -0.015261 -0.135967
v -0.060889 -0.015130 -0.136381
v -0.060301 -0.014984 -0.136509
v -0.060678 -0.019063 -0.135349
v -0.060384 -0.018971 -0.135969
v -0.059861 -0.018808 -0.136381
v -0.059284 -0.018627 -0.136509
v -0.059412 -0.022720 -0.135352
v -0.059123 -0.022610 -0.135971
v -0.058612 -0.022416 -0.136382
v -0.058048 -0.022201 -0.136509
v -0.057925 -0.026293 -0.135356
v -0.057643 -0.026166 -0.135973
v -0.057145 -0.025941 -0.136382
v -0.056595 -0.025693 -0.136509
v -0.056223 -0.029770 -0.135360
v -0.055948 -0.029625 -0.135975
v -0.055465 -0.029371 -0.136382
v -0.054933 -0.029090 -0.136509
v -0.054313 -0.033136 -0.135365
v -0.054047 -0.032975 -0.135977
v -0.053581 -0.032692 -0.136383
v -0.053068 -0.032379 -0.136509
v -0.052203 -0.036381 -0.135369
v -0.051947 -0.036203 -0.135979
v -0.051500 -0.035892 -0.136383
v -0.051007 -0.035550 -0.136509
v -0.049901 -0.039491 -0.135373
v -0.049655 -0.039297 -0.135981
v -0.049229 -0.038961 -0.136384
v -0.048758 -0.038590 -0.136509
v -0.047413 -0.042455 -0.135376
v -0.047179 -0.042246 -0.135982
v -0.046774 -0.041885 -0.136384
v -0.046328 -0.041487 -0.136509
v -0.044761 -0.045275 -0.134731
v -0.043723 -0.044228 -0.136509
v -0.044751 -0.045265 -0.135352
v -0.044536 -0.045048 -0.135966
v -0.044151 -0.044660 -0.136380
v -0.046102 -0.043878 -0.135378
v -0.047447 -0.042485 -0.135040
v -0.046135 -0.043910 -0.135043
v -0.045874 -0.043662 -0.135983
v -0.047324 -0.042375 -0.135694
v -0.046015 -0.043795 -0.135695
v -0.045481 -0.043289 -0.136384
v -0.046991 -0.042078 -0.136217
v -0.045691 -0.043488 -0.136218
v -0.046548 -0.041683 -0.136479
v -0.045260 -0.043080 -0.136479
v -0.062742 0.000001 -0.136375
v -0.063295 0.000001 -0.135945
v -0.063593 0.000001 -0.135310
v -0.062308 -0.003798 -0.136479
v -0.062703 -0.001908 -0.136380
v -0.062395 -0.001899 -0.136479
v -0.062910 -0.003834 -0.136207
v -0.063252 -0.001925 -0.135964
v -0.062998 -0.001917 -0.136207
v -0.063356 -0.003861 -0.135665
v -0.063558 -0.001934 -0.135339
v -0.063444 -0.001931 -0.135665
v -0.063507 -0.003870 -0.134996
v -0.063595 -0.001936 -0.134995
v -0.063527 -0.002789 -0.134678
v -0.063440 -0.004349 -0.134679
v -0.063314 -0.005906 -0.134679
v -0.063151 -0.007460 -0.134680
v -0.062950 -0.009009 -0.134681
v -0.062711 -0.010553 -0.134682
v -0.062434 -0.012091 -0.134684
v -0.062121 -0.013621 -0.134685
v -0.061770 -0.015144 -0.134687
v -0.061382 -0.016657 -0.134688
v -0.060957 -0.018160 -0.134690
v -0.060496 -0.019653 -0.134692
v -0.059998 -0.021134 -0.134694
v -0.059464 -0.022602 -0.134696
v -0.058894 -0.024057 -0.134698
v -0.058288 -0.025497 -0.134700
v -0.057647 -0.026922 -0.134702
v -0.056971 -0.028330 -0.134704
v -0.056260 -0.029722 -0.134706
v -0.055516 -0.031096 -0.134708
v -0.054739 -0.032451 -0.134711
v -0.053928 -0.033786 -0.134713
v -0.053086 -0.035101 -0.134715
v -0.052211 -0.036396 -0.134717
v -0.051305 -0.037669 -0.134719
v -0.050367 -0.038919 -0.134721
v -0.049400 -0.040145 -0.134723
v -0.048402 -0.041348 -0.134725
v -0.047375 -0.042525 -0.134727
v -0.046319 -0.043677 -0.134729
v -0.045234 -0.044801 -0.134731
v 0.000000 0.063709 -0.134762
v 0.000000 0.062229 -0.136508
v -0.003816 0.063563 -0.135402
v -0.003797 0.063246 -0.135995
v -0.003765 0.062709 -0.136387
v -0.003729 0.062118 -0.136508
v -0.007618 0.063219 -0.135401
v -0.007580 0.062904 -0.135994
v -0.007516 0.062369 -0.136387
v -0.007445 0.061781 -0.136508
v -0.011393 0.062646 -0.135400
v -0.011336 0.062334 -0.135994
v -0.011239 0.061805 -0.136387
v -0.011133 0.061222 -0.136508
v -0.015127 0.061850 -0.135399
v -0.015051 0.061542 -0.135993
v -0.014923 0.061018 -0.136386
v -0.014782 0.060443 -0.136508
v -0.018806 0.060831 -0.135398
v -0.018712 0.060528 -0.135993
v -0.018553 0.060014 -0.136386
v -0.018377 0.059447 -0.136508
v -0.022417 0.059593 -0.135396
v -0.022306 0.059297 -0.135992
v -0.022115 0.058793 -0.136386
v -0.021906 0.058237 -0.136508
v -0.025948 0.058140 -0.135394
v -0.025819 0.057851 -0.135991
v -0.025598 0.057359 -0.136386
v -0.025356 0.056817 -0.136508
v -0.029384 0.056477 -0.135392
v -0.029238 0.056197 -0.135990
v -0.028988 0.055718 -0.136386
v -0.028714 0.055191 -0.136508
v -0.032715 0.054611 -0.135390
v -0.032552 0.054340 -0.135989
v -0.032274 0.053877 -0.136386
v -0.031968 0.053367 -0.136508
v -0.035928 0.052549 -0.135387
v -0.035750 0.052289 -0.135988
v -0.035444 0.051843 -0.136385
v -0.035108 0.051352 -0.136509
v -0.039013 0.050298 -0.135385
v -0.038820 0.050050 -0.135986
v -0.038487 0.049623 -0.136385
v -0.038121 0.049152 -0.136509
v -0.041956 0.047867 -0.135382
v -0.041749 0.047631 -0.135985
v -0.041391 0.047224 -0.136385
v -0.040997 0.046775 -0.136509
v -0.044761 0.045275 -0.134731
v -0.043723 0.044228 -0.136509
v -0.044751 0.045265 -0.135352
v -0.044536 0.045048 -0.135966
v -0.044151 0.044660 -0.136380
v -0.043371 0.046585 -0.135380
v -0.041987 0.047902 -0.135048
v -0.043403 0.046619 -0.135046
v -0.043157 0.046356 -0.135984
v -0.041876 0.047776 -0.135698
v -0.043289 0.046497 -0.135696
v -0.042787 0.045959 -0.136385
v -0.041582 0.047441 -0.136218
v -0.042985 0.046171 -0.136218
v -0.041191 0.046996 -0.136479
v -0.042580 0.045738 -0.136479
v 0.000000 0.062831 -0.136382
v 0.000000 0.063374 -0.135978
v 0.000000 0.063684 -0.135376
v -0.003747 0.062409 -0.136480
v -0.001884 0.062794 -0.136387
v -0.001875 0.062494 -0.136480
v -0.003782 0.062996 -0.136224
v -0.001900 0.063332 -0.135995
v -0.001892 0.063081 -0.136224
v -0.003809 0.063440 -0.135712
v -0.001909 0.063649 -0.135402
v -0.001906 0.063526 -0.135713
v -0.003819 0.063614 -0.135071
v -0.001911 0.063700 -0.135072
v -0.002789 0.063648 -0.134762
v -0.004349 0.063560 -0.134761
v -0.005907 0.063434 -0.134761
v -0.007460 0.063269 -0.134761
v -0.009009 0.063066 -0.134760
v -0.010553 0.062825 -0.134760
v -0.012090 0.062547 -0.134759
v -0.013620 0.062231 -0.134759
v -0.015142 0.061877 -0.134758
v -0.016655 0.061487 -0.134757
v -0.018157 0.061059 -0.134757
v -0.019649 0.060595 -0.134756
v -0.021129 0.060094 -0.134755
v -0.022596 0.059557 -0.134754
v -0.024049 0.058983 -0.134753
v -0.025488 0.058374 -0.134752
v -0.026911 0.057730 -0.134751
v -0.028318 0.057050 -0.134750
v -0.029708 0.056337 -0.134749
v -0.031080 0.055590 -0.134748
v -0.032433 0.054809 -0.134746
v -0.033767 0.053996 -0.134745
v -0.035080 0.053150 -0.134744
v -0.036373 0.052272 -0.134743
v -0.037643 0.051362 -0.134741
v -0.038891 0.050422 -0.134740
v -0.040115 0.049452 -0.134738
v -0.041315 0.048451 -0.134737
v -0.042490 0.047421 -0.134735
v -0.043639 0.046362 -0.134733
v -0.044761 0.045275 -0.134731
v -0.044096 0.045961 -0.135045
v -0.043400 0.046615 -0.134886
v -0.044093 0.045958 -0.134885
v -0.044435 0.045625 -0.134884
v -0.044087 0.045952 -0.134808
v -0.044430 0.045619 -0.134807
v -0.044600 0.045452 -0.134807
v -0.044426 0.045615 -0.134769
v -0.044596 0.045448 -0.134769
v -0.044681 0.045364 -0.134769
v -0.044594 0.045446 -0.134750
v -0.044679 0.045362 -0.134750
v -0.044721 0.045320 -0.134750
v -0.044678 0.045360 -0.134741
v -0.044720 0.045318 -0.134741
v -0.044741 0.045297 -0.134741
v -0.044719 0.045318 -0.134736
v -0.044741 0.045297 -0.134736
v -0.044751 0.045286 -0.134736
v -0.044740 0.045296 -0.134734
v -0.044751 0.045286 -0.134734
v -0.044756 0.045281 -0.134734
v -0.044751 0.045286 -0.134733
v -0.044756 0.045281 -0.134733
v -0.044759 0.045278 -0.134733
v -0.044756 0.045280 -0.134732
v -0.044759 0.045278 -0.134732
v -0.044760 0.045277 -0.134732
v -0.044759 0.045278 -0.134732
v -0.044760 0.045276 -0.134732
v -0.044761 0.045275 -0.134731
v -0.043723 0.044228 -0.136509
v -0.047271 0.042611 -0.135376
v -0.047038 0.042401 -0.135982
v -0.046634 0.042038 -0.136384
v -0.046189 0.041639 -0.136509
v -0.049638 0.039820 -0.135373
v -0.049394 0.039624 -0.135981
v -0.048970 0.039285 -0.136384
v -0.048502 0.038911 -0.136509
v -0.051841 0.036897 -0.135369
v -0.051587 0.036716 -0.135979
v -0.051143 0.036402 -0.136383
v -0.050654 0.036055 -0.136509
v -0.053873 0.033852 -0.135365
v -0.053609 0.033687 -0.135977
v -0.053147 0.033398 -0.136383
v -0.052638 0.033079 -0.136509
v -0.055726 0.030696 -0.135361
v -0.055453 0.030546 -0.135975
v -0.054975 0.030284 -0.136383
v -0.054447 0.029995 -0.136509
v -0.057393 0.027438 -0.135357
v -0.057113 0.027305 -0.135973
v -0.056621 0.027070 -0.136382
v -0.056076 0.026811 -0.136509
v -0.058872 0.024089 -0.135354
v -0.058585 0.023972 -0.135971
v -0.058079 0.023766 -0.136382
v -0.057520 0.023538 -0.136509
v -0.060155 0.020661 -0.135350
v -0.059863 0.020561 -0.135969
v -0.059345 0.020384 -0.136381
v -0.061243 0.017166 -0.134689
v -0.059831 0.016772 -0.136509
v -0.044151 0.044660 -0.136380
v -0.044536 0.045048 -0.135966
v -0.044751 0.045265 -0.135352
v -0.046408 0.041836 -0.136479
v -0.045408 0.043363 -0.136384
v -0.045188 0.043154 -0.136479
v -0.046850 0.042233 -0.136217
v -0.045801 0.043738 -0.135983
v -0.045618 0.043564 -0.136217
v -0.047182 0.042531 -0.135694
v -0.046028 0.043954 -0.135378
v -0.045941 0.043871 -0.135695
v -0.047305 0.042641 -0.135040
v -0.046061 0.043985 -0.135042
v -0.061245 0.017166 -0.135319
v -0.060957 0.017086 -0.135949
v -0.060425 0.016937 -0.136376
v -0.060722 0.018920 -0.135348
v -0.060192 0.020673 -0.135009
v -0.060760 0.018932 -0.135007
v -0.060428 0.018829 -0.135968
v -0.060045 0.020623 -0.135674
v -0.060612 0.018886 -0.135672
v -0.059905 0.018667 -0.136381
v -0.059623 0.020479 -0.136210
v -0.060185 0.018754 -0.136209
v -0.059055 0.020285 -0.136479
v -0.059611 0.018576 -0.136479
v -0.045857 0.044161 -0.134730
v -0.046924 0.043021 -0.134728
v -0.047964 0.041855 -0.134726
v -0.048974 0.040663 -0.134724
v -0.049955 0.039447 -0.134722
v -0.050906 0.038207 -0.134720
v -0.051826 0.036944 -0.134718
v -0.052715 0.035659 -0.134716
v -0.053572 0.034353 -0.134714
v -0.054397 0.033026 -0.134712
v -0.055188 0.031680 -0.134709
v -0.055946 0.030314 -0.134707
v -0.056671 0.028929 -0.134705
v -0.057361 0.027528 -0.134703
v -0.058017 0.026110 -0.134701
v -0.058637 0.024676 -0.134699
v -0.059223 0.023227 -0.134697
v -0.059773 0.021765 -0.134695
v -0.060286 0.020290 -0.134693
v -0.060764 0.018802 -0.134691
v 0.063586 0.000001 -0.134677
v 0.062123 0.000001 -0.136508
v 0.063492 0.003474 -0.135338
v 0.063186 0.003458 -0.135963
v 0.062637 0.003428 -0.136380
v 0.062031 0.003395 -0.136508
v 0.063209 0.006938 -0.135339
v 0.062903 0.006905 -0.135964
v 0.062358 0.006845 -0.136380
v 0.061754 0.006779 -0.136508
v 0.062738 0.010381 -0.135341
v 0.062435 0.010331 -0.135965
v 0.061893 0.010242 -0.136380
v 0.061295 0.010143 -0.136508
v 0.062080 0.013793 -0.135343
v 0.061780 0.013727 -0.135966
v 0.061245 0.013608 -0.136380
v 0.061242 0.017166 -0.134688
v 0.059831 0.016772 -0.136508
v 0.061244 0.017166 -0.135318
v 0.060956 0.017086 -0.135949
v 0.060424 0.016937 -0.136376
v 0.061682 0.015484 -0.135345
v 0.062118 0.013801 -0.135001
v 0.061720 0.015494 -0.135003
v 0.061384 0.015410 -0.135966
v 0.061968 0.013768 -0.135669
v 0.061570 0.015456 -0.135670
v 0.060852 0.015277 -0.136380
v 0.061532 0.013672 -0.136208
v 0.061137 0.015348 -0.136208
v 0.060944 0.013542 -0.136478
v 0.060554 0.015203 -0.136478
v 0.062741 0.000001 -0.136375
v 0.063295 0.000001 -0.135945
v 0.063592 0.000001 -0.135309
v 0.062329 0.003411 -0.136478
v 0.062707 0.001715 -0.136379
v 0.062399 0.001707 -0.136478
v 0.062932 0.003444 -0.136206
v 0.063256 0.001730 -0.135963
v 0.063002 0.001723 -0.136206
v 0.063377 0.003468 -0.135665
v 0.063563 0.001738 -0.135338
v 0.063448 0.001735 -0.135665
v 0.063528 0.003476 -0.134995
v 0.063599 0.001739 -0.134995
v 0.063569 0.001479 -0.134678
v 0.063518 0.002956 -0.134678
v 0.063432 0.004432 -0.134678
v 0.063313 0.005906 -0.134679
v 0.063150 0.007460 -0.134680
v 0.062949 0.009009 -0.134681
v 0.062710 0.010553 -0.134682
v 0.062434 0.012091 -0.134683
v 0.062175 0.013369 -0.134684
v 0.061890 0.014641 -0.134685
v 0.061579 0.015906 -0.134687
v 0.061242 0.017166 -0.134688
v 0.059831 0.016772 -0.136508
v 0.060156 0.020661 -0.135349
v 0.059864 0.020561 -0.135969
v 0.059346 0.020384 -0.136381
v 0.058774 0.020189 -0.136508
v 0.058872 0.024089 -0.135353
v 0.058586 0.023972 -0.135971
v 0.058080 0.023766 -0.136381
v 0.057520 0.023539 -0.136508
v 0.057392 0.027437 -0.135357
v 0.057112 0.027304 -0.135973
v 0.056620 0.027070 -0.136382
v 0.056075 0.026810 -0.136508
v 0.055723 0.030695 -0.135361
v 0.055451 0.030546 -0.135974
v 0.054973 0.030283 -0.136382
v 0.054445 0.029993 -0.136508
v 0.053870 0.033851 -0.135365
v 0.053606 0.033686 -0.135976
v 0.053145 0.033397 -0.136382
v 0.052636 0.033078 -0.136508
v 0.051840 0.036896 -0.135369
v 0.051586 0.036716 -0.135978
v 0.051142 0.036401 -0.136383
v 0.050653 0.036054 -0.136508
v 0.049639 0.039820 -0.135372
v 0.049395 0.039624 -0.135980
v 0.048971 0.039285 -0.136383
v 0.048502 0.038911 -0.136508
v 0.047272 0.042611 -0.135376
v 0.047039 0.042401 -0.135982
v 0.046636 0.042039 -0.136384
v 0.046190 0.041639 -0.136508
v 0.044760 0.045275 -0.134731
v 0.043722 0.044228 -0.136508
v 0.060424 0.016937 -0.136376
v 0.060956 0.017086 -0.135949
v 0.061244 0.017166 -0.135318
v 0.059056 0.020285 -0.136478
v 0.059905 0.018667 -0.136381
v 0.059612 0.018576 -0.136478
v 0.059624 0.020479 -0.136209
v 0.060428 0.018829 -0.135968
v 0.060186 0.018754 -0.136209
v 0.060047 0.020623 -0.135673
v 0.060723 0.018921 -0.135348
v 0.060612 0.018886 -0.135672
v 0.060193 0.020674 -0.135008
v 0.060760 0.018932 -0.135006
v 0.044750 0.045265 -0.135352
v 0.044535 0.045048 -0.135966
v 0.044150 0.044660 -0.136380
v 0.046029 0.043954 -0.135378
v 0.047306 0.042642 -0.135040
v 0.046062 0.043986 -0.135042
v 0.045802 0.043738 -0.135983
v 0.047183 0.042531 -0.135693
v 0.045942 0.043871 -0.135694
v 0.045409 0.043364 -0.136384
v 0.046852 0.042233 -0.136217
v 0.045619 0.043564 -0.136217
v 0.046410 0.041836 -0.136479
v 0.045189 0.043155 -0.136479
v 0.060957 0.018161 -0.134689
v 0.060496 0.019654 -0.134691
v 0.059998 0.021134 -0.134693
v 0.059464 0.022602 -0.134695
v 0.058893 0.024057 -0.134697
v 0.058287 0.025497 -0.134699
v 0.057646 0.026921 -0.134701
v 0.056969 0.028330 -0.134704
v 0.056259 0.029721 -0.134706
v 0.055515 0.031095 -0.134708
v 0.054737 0.032450 -0.134710
v 0.053927 0.033786 -0.134712
v 0.053084 0.035102 -0.134714
v 0.052210 0.036396 -0.134717
v 0.051304 0.037669 -0.134719
v 0.050367 0.038919 -0.134721
v 0.049399 0.040146 -0.134723
v 0.048402 0.041348 -0.134725
v 0.047375 0.042526 -0.134727
v 0.046319 0.043677 -0.134729
v 0.045234 0.044801 -0.134730
v 0.044760 0.045275 -0.134731
v 0.043722 0.044228 -0.136508
v 0.041955 0.047866 -0.135381
v 0.041747 0.047630 -0.135985
v 0.041390 0.047223 -0.136384
v 0.040996 0.046775 -0.136508
v 0.039061 0.050260 -0.135384
v 0.038867 0.050012 -0.135986
v 0.038535 0.049585 -0.136385
v 0.038168 0.049114 -0.136508
v 0.035927 0.052549 -0.135387
v 0.035749 0.052289 -0.135987
v 0.035443 0.051843 -0.136385
v 0.035107 0.051352 -0.136508
v 0.032714 0.054611 -0.135390
v 0.032552 0.054340 -0.135989
v 0.032273 0.053877 -0.136385
v 0.031967 0.053367 -0.136508
v 0.029383 0.056477 -0.135392
v 0.029237 0.056197 -0.135990
v 0.028988 0.055718 -0.136385
v 0.028713 0.055191 -0.136508
v 0.025947 0.058140 -0.135394
v 0.025818 0.057852 -0.135991
v 0.025597 0.057359 -0.136386
v 0.025355 0.056817 -0.136508
v 0.022416 0.059593 -0.135396
v 0.022305 0.059297 -0.135992
v 0.022114 0.058792 -0.136386
v 0.021905 0.058237 -0.136508
v 0.018805 0.060830 -0.135397
v 0.018711 0.060528 -0.135992
v 0.018551 0.060013 -0.136386
v 0.018376 0.059447 -0.136508
v 0.015125 0.061849 -0.135399
v 0.015050 0.061541 -0.135993
v 0.014922 0.061018 -0.136386
v 0.014781 0.060443 -0.136508
v 0.011392 0.062647 -0.135400
v 0.011335 0.062335 -0.135994
v 0.011238 0.061805 -0.136386
v 0.011132 0.061222 -0.136508
v 0.007618 0.063219 -0.135401
v 0.007579 0.062904 -0.135994
v 0.007515 0.062369 -0.136387
v 0.007444 0.061782 -0.136508
v 0.003816 0.063564 -0.135402
v 0.003797 0.063247 -0.135995
v 0.003764 0.062709 -0.136387
v 0.003729 0.062119 -0.136508
v 0.000000 0.063709 -0.134762
v 0.000000 0.062229 -0.136508
v 0.044150 0.044660 -0.136380
v 0.044535 0.045048 -0.135966
v 0.044750 0.045265 -0.135352
v 0.041190 0.046996 -0.136479
v 0.042786 0.045959 -0.136384
v 0.042579 0.045737 -0.136479
v 0.041581 0.047441 -0.136218
v 0.043156 0.046355 -0.135984
v 0.042984 0.046171 -0.136218
v 0.041875 0.047776 -0.135697
v 0.043370 0.046585 -0.135380
v 0.043288 0.046497 -0.135696
v 0.041986 0.047901 -0.135047
v 0.043402 0.046619 -0.135045
v 0.000000 0.063684 -0.135376
v 0.000000 0.063374 -0.135978
v 0.000000 0.062831 -0.136382
v 0.001909 0.063649 -0.135402
v 0.003819 0.063615 -0.135071
v 0.001910 0.063700 -0.135072
v 0.001899 0.063332 -0.135995
v 0.003808 0.063441 -0.135712
v 0.001905 0.063526 -0.135713
v 0.001883 0.062794 -0.136387
v 0.003782 0.062996 -0.136223
v 0.001892 0.063081 -0.136224
v 0.003746 0.062410 -0.136480
v 0.001874 0.062494 -0.136480
v 0.044681 0.045353 -0.134731
v 0.044403 0.045627 -0.134732
v 0.044123 0.045899 -0.134732
v 0.042985 0.046971 -0.134734
v 0.041821 0.048013 -0.134735
v 0.040632 0.049026 -0.134737
v 0.039418 0.050009 -0.134739
v 0.038181 0.050963 -0.134740
v 0.036920 0.051885 -0.134742
v 0.035637 0.052777 -0.134743
v 0.034332 0.053637 -0.134744
v 0.033007 0.054464 -0.134746
v 0.031662 0.055259 -0.134747
v 0.030298 0.056021 -0.134748
v 0.028915 0.056749 -0.134749
v 0.027516 0.057443 -0.134750
v 0.026100 0.058102 -0.134751
v 0.024667 0.058727 -0.134752
v 0.023220 0.059315 -0.134753
v 0.021759 0.059868 -0.134754
v 0.020284 0.060384 -0.134755
v 0.018797 0.060864 -0.134756
v 0.017299 0.061307 -0.134757
v 0.015791 0.061714 -0.134758
v 0.014273 0.062083 -0.134758
v 0.012746 0.062416 -0.134759
v 0.011212 0.062711 -0.134760
v 0.009671 0.062968 -0.134760
v 0.008124 0.063187 -0.134761
v 0.006573 0.063368 -0.134761
v 0.005017 0.063511 -0.134761
v 0.003457 0.063616 -0.134762
v 0.001897 0.063681 -0.134762
v 0.000335 0.063708 -0.134762
v 0.043399 0.046615 -0.134885
v 0.044095 0.045961 -0.135044
v 0.044092 0.045958 -0.134884
v 0.044086 0.045952 -0.134807
v 0.044435 0.045625 -0.134884
v 0.044429 0.045619 -0.134807
v 0.044425 0.045615 -0.134769
v 0.044599 0.045452 -0.134806
v 0.044595 0.045448 -0.134769
v 0.000955 0.063722 -0.135072
v 0.001910 0.063699 -0.134913
v 0.000955 0.063720 -0.134913
v -0.061243 0.017166 -0.134689
v -0.059831 0.016772 -0.136509
v -0.062081 0.013793 -0.135344
v -0.061781 0.013727 -0.135966
v -0.061246 0.013609 -0.136381
v -0.060654 0.013478 -0.136509
v -0.062739 0.010381 -0.135342
v -0.062435 0.010331 -0.135965
v -0.061894 0.010242 -0.136380
v -0.061295 0.010144 -0.136509
v -0.063209 0.006938 -0.135340
v -0.062904 0.006905 -0.135964
v -0.062359 0.006845 -0.136380
v -0.061755 0.006779 -0.136509
v -0.063493 0.003474 -0.135339
v -0.063186 0.003458 -0.135964
v -0.062638 0.003428 -0.136380
v -0.062032 0.003395 -0.136509
v -0.063587 0.000001 -0.134678
v -0.062124 0.000001 -0.136509
v -0.063593 0.000001 -0.135310
v -0.063295 0.000001 -0.135945
v -0.062742 0.000001 -0.136375
v -0.063564 0.001738 -0.135339
v -0.063529 0.003476 -0.134996
v -0.063600 0.001739 -0.134995
v -0.063257 0.001730 -0.135964
v -0.063378 0.003468 -0.135665
v -0.063449 0.001735 -0.135665
v -0.062708 0.001715 -0.136380
v -0.062932 0.003444 -0.136207
v -0.063003 0.001723 -0.136207
v -0.062330 0.003411 -0.136479
v -0.062400 0.001707 -0.136479
v -0.060425 0.016937 -0.136376
v -0.060957 0.017086 -0.135949
v -0.061245 0.017166 -0.135319
v -0.060945 0.013542 -0.136479
v -0.060853 0.015277 -0.136381
v -0.060554 0.015203 -0.136479
v -0.061533 0.013672 -0.136208
v -0.061385 0.015410 -0.135967
v -0.061138 0.015348 -0.136209
v -0.061969 0.013768 -0.135669
v -0.061683 0.015484 -0.135345
v -0.061571 0.015456 -0.135670
v -0.062118 0.013801 -0.135002
v -0.061720 0.015494 -0.135003
v -0.061813 0.014967 -0.134686
v -0.062305 0.012748 -0.134684
v -0.062598 0.011213 -0.134683
v -0.062852 0.009672 -0.134682
v -0.063069 0.008125 -0.134681
v -0.063249 0.006573 -0.134680
v -0.063390 0.005017 -0.134679
v -0.063493 0.003458 -0.134679
v -0.063559 0.001897 -0.134678
v -0.063586 0.000335 -0.134678
v -0.063618 0.000870 -0.134995
v -0.063590 0.001739 -0.134832
v -0.063608 0.000870 -0.134832
v -0.044761 -0.045275 -0.134731
v -0.043723 -0.044228 -0.136509
v -0.041956 -0.047867 -0.135382
v -0.041749 -0.047631 -0.135985
v -0.041391 -0.047224 -0.136385
v -0.040997 -0.046775 -0.136509
v -0.039013 -0.050299 -0.135385
v -0.038819 -0.050050 -0.135986
v -0.038487 -0.049623 -0.136385
v -0.038121 -0.049152 -0.136509
v -0.035928 -0.052549 -0.135387
v -0.035750 -0.052289 -0.135988
v -0.035444 -0.051843 -0.136385
v -0.035108 -0.051352 -0.136509
v -0.032715 -0.054611 -0.135390
v -0.032552 -0.054340 -0.135989
v -0.032274 -0.053877 -0.136386
v -0.031968 -0.053367 -0.136508
v -0.029384 -0.056477 -0.135392
v -0.029238 -0.056197 -0.135990
v -0.028988 -0.055718 -0.136386
v -0.028713 -0.055191 -0.136508
v -0.025948 -0.058140 -0.135394
v -0.025818 -0.057851 -0.135991
v -0.025598 -0.057359 -0.136386
v -0.025356 -0.056817 -0.136508
v -0.022417 -0.059593 -0.135396
v -0.022306 -0.059297 -0.135992
v -0.022115 -0.058793 -0.136386
v -0.021906 -0.058237 -0.136508
v -0.018806 -0.060831 -0.135398
v -0.018712 -0.060529 -0.135993
v -0.018552 -0.060014 -0.136386
v -0.018377 -0.059447 -0.136508
v -0.015126 -0.061850 -0.135399
v -0.015051 -0.061542 -0.135993
v -0.014923 -0.061019 -0.136386
v -0.014782 -0.060443 -0.136508
v -0.011393 -0.062647 -0.135400
v -0.011336 -0.062335 -0.135994
v -0.011239 -0.061805 -0.136387
v -0.011133 -0.061222 -0.136508
v -0.007618 -0.063219 -0.135401
v -0.007580 -0.062904 -0.135994
v -0.007516 -0.062369 -0.136387
v -0.007445 -0.061781 -0.136508
v -0.003816 -0.063563 -0.135402
v -0.003797 -0.063246 -0.135995
v -0.003765 -0.062709 -0.136387
v -0.003729 -0.062118 -0.136508
v 0.000000 -0.063709 -0.134762
v 0.000000 -0.062229 -0.136508
v -0.044151 -0.044660 -0.136380
v -0.044536 -0.045048 -0.135966
v -0.044751 -0.045265 -0.135352
v -0.041191 -0.046996 -0.136479
v -0.042787 -0.045959 -0.136385
v -0.042580 -0.045738 -0.136479
v -0.041582 -0.047442 -0.136218
v -0.043157 -0.046356 -0.135984
v -0.042985 -0.046171 -0.136218
v -0.041876 -0.047776 -0.135698
v -0.043371 -0.046585 -0.135380
v -0.043289 -0.046497 -0.135696
v -0.041987 -0.047902 -0.135048
v -0.043403 -0.046619 -0.135046
v 0.000000 -0.063684 -0.135376
v 0.000000 -0.063374 -0.135978
v 0.000000 -0.062831 -0.136382
v -0.001909 -0.063649 -0.135402
v -0.003819 -0.063614 -0.135071
v -0.001911 -0.063700 -0.135072
v -0.001900 -0.063332 -0.135995
v -0.003809 -0.063440 -0.135712
v -0.001906 -0.063526 -0.135713
v -0.001884 -0.062794 -0.136387
v -0.003782 -0.062996 -0.136224
v -0.001892 -0.063081 -0.136224
v -0.003747 -0.062409 -0.136480
v -0.001875 -0.062494 -0.136480
v -0.042986 -0.046971 -0.134734
v -0.041822 -0.048013 -0.134736
v -0.040633 -0.049026 -0.134737
v -0.039419 -0.050010 -0.134739
v -0.038181 -0.050963 -0.134741
v -0.036920 -0.051886 -0.134742
v -0.035637 -0.052777 -0.134743
v -0.034332 -0.053637 -0.134745
v -0.033008 -0.054464 -0.134746
v -0.031663 -0.055259 -0.134747
v -0.030299 -0.056021 -0.134748
v -0.028916 -0.056749 -0.134750
v -0.027516 -0.057443 -0.134751
v -0.026100 -0.058102 -0.134752
v -0.024668 -0.058727 -0.134753
v -0.023221 -0.059315 -0.134754
v -0.021760 -0.059868 -0.134755
v -0.020285 -0.060385 -0.134756
v -0.018799 -0.060865 -0.134756
v -0.017301 -0.061308 -0.134757
v -0.015792 -0.061714 -0.134758
v -0.014273 -0.062084 -0.134759
v -0.012747 -0.062416 -0.134759
v -0.011213 -0.062711 -0.134760
v -0.009672 -0.062968 -0.134760
v -0.008125 -0.063187 -0.134761
v -0.006573 -0.063368 -0.134761
v -0.005017 -0.063511 -0.134761
v -0.003458 -0.063616 -0.134762
v -0.001898 -0.063681 -0.134762
v -0.000336 -0.063708 -0.134762
v -0.000956 -0.063721 -0.135072
v -0.001911 -0.063699 -0.134913
v -0.000956 -0.063720 -0.134913
v 0.044760 -0.045275 -0.134731
v 0.043722 -0.044228 -0.136508
v 0.047412 -0.042455 -0.135376
v 0.047178 -0.042246 -0.135982
v 0.046773 -0.041885 -0.136384
v 0.046327 -0.041487 -0.136508
v 0.049900 -0.039491 -0.135372
v 0.049654 -0.039297 -0.135980
v 0.049228 -0.038961 -0.136383
v 0.048757 -0.038590 -0.136508
v 0.052202 -0.036381 -0.135368
v 0.051946 -0.036203 -0.135978
v 0.051499 -0.035892 -0.136383
v 0.051006 -0.035550 -0.136508
v 0.054312 -0.033136 -0.135364
v 0.054046 -0.032974 -0.135976
v 0.053581 -0.032691 -0.136382
v 0.053067 -0.032379 -0.136508
v 0.056222 -0.029769 -0.135360
v 0.055947 -0.029625 -0.135974
v 0.055465 -0.029370 -0.136382
v 0.054932 -0.029089 -0.136508
v 0.057924 -0.026293 -0.135356
v 0.057642 -0.026166 -0.135972
v 0.057144 -0.025941 -0.136381
v 0.056595 -0.025693 -0.136508
v 0.059411 -0.022720 -0.135352
v 0.059122 -0.022610 -0.135970
v 0.058611 -0.022416 -0.136381
v 0.058047 -0.022201 -0.136508
v 0.060677 -0.019063 -0.135348
v 0.060383 -0.018971 -0.135968
v 0.059861 -0.018807 -0.136381
v 0.059283 -0.018627 -0.136508
v 0.061719 -0.015335 -0.135345
v 0.061420 -0.015261 -0.135966
v 0.060888 -0.015130 -0.136380
v 0.060300 -0.014984 -0.136508
v 0.062534 -0.011550 -0.135342
v 0.062231 -0.011495 -0.135965
v 0.061692 -0.011396 -0.136380
v 0.061095 -0.011286 -0.136508
v 0.063118 -0.007723 -0.135340
v 0.062813 -0.007686 -0.135964
v 0.062268 -0.007620 -0.136380
v 0.061666 -0.007547 -0.136508
v 0.063470 -0.003868 -0.135338
v 0.063163 -0.003849 -0.135963
v 0.062616 -0.003816 -0.136380
v 0.062009 -0.003780 -0.136508
v 0.063586 0.000001 -0.134677
v 0.062123 0.000001 -0.136508
v 0.063592 0.000001 -0.135309
v 0.063295 0.000001 -0.135945
v 0.062741 0.000001 -0.136375
v 0.063557 -0.001934 -0.135338
v 0.063506 -0.003870 -0.134995
v 0.063594 -0.001935 -0.134995
v 0.063251 -0.001925 -0.135963
v 0.063355 -0.003860 -0.135665
v 0.063443 -0.001931 -0.135664
v 0.062702 -0.001908 -0.136379
v 0.062910 -0.003834 -0.136206
v 0.062997 -0.001917 -0.136206
v 0.062308 -0.003798 -0.136478
v 0.062394 -0.001899 -0.136478
v 0.044150 -0.044660 -0.136380
v 0.044535 -0.045048 -0.135966
v 0.044750 -0.045265 -0.135352
v 0.046547 -0.041683 -0.136479
v 0.045480 -0.043289 -0.136384
v 0.045259 -0.043080 -0.136479
v 0.046990 -0.042078 -0.136217
v 0.045873 -0.043662 -0.135983
v 0.045690 -0.043489 -0.136217
v 0.047323 -0.042375 -0.135693
v 0.046101 -0.043878 -0.135378
v 0.046014 -0.043795 -0.135695
v 0.047446 -0.042485 -0.135040
v 0.046134 -0.043910 -0.135042
v 0.045037 -0.044999 -0.134731
v 0.046093 -0.043915 -0.134729
v 0.047122 -0.042806 -0.134727
v 0.048124 -0.041672 -0.134725
v 0.049099 -0.040514 -0.134723
v 0.050046 -0.039333 -0.134721
v 0.050964 -0.038130 -0.134719
v 0.051853 -0.036905 -0.134717
v 0.052713 -0.035660 -0.134715
v 0.053570 -0.034353 -0.134713
v 0.054394 -0.033026 -0.134711
v 0.055186 -0.031679 -0.134709
v 0.055945 -0.030313 -0.134707
v 0.056670 -0.028929 -0.134704
v 0.057360 -0.027528 -0.134702
v 0.058016 -0.026110 -0.134700
v 0.058638 -0.024677 -0.134698
v 0.059223 -0.023228 -0.134696
v 0.059773 -0.021766 -0.134694
v 0.060286 -0.020290 -0.134692
v 0.060763 -0.018802 -0.134690
v 0.061203 -0.017303 -0.134688
v 0.061607 -0.015794 -0.134687
v 0.061974 -0.014276 -0.134685
v 0.062303 -0.012748 -0.134684
v 0.062596 -0.011214 -0.134682
v 0.062851 -0.009672 -0.134681
v 0.063068 -0.008125 -0.134680
v 0.063248 -0.006573 -0.134679
v 0.063390 -0.005017 -0.134678
v 0.063493 -0.003458 -0.134678
v 0.063558 -0.001897 -0.134678
v 0.063585 -0.000335 -0.134677
v 0.046130 -0.043906 -0.134881
v 0.045461 -0.044607 -0.135043
v 0.045458 -0.044603 -0.134882
v 0.063616 -0.000967 -0.134995
v 0.063584 -0.001935 -0.134832
v 0.063606 -0.000967 -0.134832
v 0.044760 -0.045275 -0.134731
v 0.042595 -0.043091 -0.117506
v 0.040921 -0.041402 -0.100203
v 0.045579 -0.039841 -0.117512
v 0.043826 -0.038298 -0.100203
v 0.048326 -0.036366 -0.117518
v 0.046494 -0.034988 -0.100203
v 0.050807 -0.032703 -0.117524
v 0.048912 -0.031492 -0.100203
v 0.053072 -0.028758 -0.117530
v 0.051133 -0.027713 -0.100203
v 0.054917 -0.024914 -0.117538
v 0.052956 -0.024019 -0.100203
v 0.056531 -0.020815 -0.117546
v 0.054558 -0.020082 -0.100203
v 0.057846 -0.016603 -0.117553
v 0.055866 -0.016038 -0.100203
v 0.058861 -0.012319 -0.117559
v 0.056878 -0.011908 -0.100203
v 0.059574 -0.007991 -0.117562
v 0.057589 -0.007717 -0.100203
v 0.059981 -0.003624 -0.117564
v 0.057996 -0.003486 -0.100203
v 0.060076 0.000783 -0.117566
v 0.058093 0.000765 -0.100203
v 0.059868 0.005174 -0.117564
v 0.057884 0.005010 -0.100203
v 0.059355 0.009540 -0.117561
v 0.057369 0.009230 -0.100203
v 0.058537 0.013863 -0.117556
v 0.056549 0.013401 -0.100203
v 0.057412 0.018126 -0.117550
v 0.055431 0.017503 -0.100203
v 0.055988 0.022292 -0.117543
v 0.054016 0.021512 -0.100203
v 0.054346 0.026170 -0.117536
v 0.052387 0.025244 -0.100203
v 0.052255 0.030254 -0.117528
v 0.050324 0.029164 -0.100203
v 0.049955 0.034028 -0.117522
v 0.048072 0.032770 -0.100203
v 0.047378 0.037633 -0.117515
v 0.045564 0.036201 -0.100203
v 0.044435 0.041152 -0.117509
v 0.042704 0.039554 -0.100203
v 0.041472 0.044198 -0.117504
v 0.039823 0.042465 -0.100203
v 0.038166 0.047142 -0.117500
v 0.036624 0.045265 -0.100203
v 0.034647 0.049836 -0.117496
v 0.033228 0.047823 -0.100203
v 0.030936 0.052263 -0.117492
v 0.029656 0.050126 -0.100203
v 0.027055 0.054411 -0.117489
v 0.025924 0.052163 -0.100203
v 0.023208 0.056191 -0.117487
v 0.022228 0.053850 -0.100203
v 0.018872 0.057821 -0.117484
v 0.018065 0.055389 -0.100203
v 0.014611 0.059064 -0.117482
v 0.013979 0.056562 -0.100203
v 0.010357 0.059974 -0.117481
v 0.009906 0.057420 -0.100203
v 0.005861 0.060590 -0.117480
v 0.005604 0.058003 -0.100203
v 0.001427 0.060863 -0.117479
v 0.001361 0.058258 -0.100203
v -0.002842 0.060812 -0.117480
v -0.002729 0.058210 -0.100203
v -0.007482 0.060408 -0.117480
v -0.007167 0.057828 -0.100203
v -0.011903 0.059681 -0.117481
v -0.011396 0.057142 -0.100203
v -0.016141 0.058657 -0.117483
v -0.015458 0.056176 -0.100203
v -0.020366 0.057302 -0.117485
v -0.019512 0.054896 -0.100203
v -0.024647 0.055564 -0.117488
v -0.023622 0.053250 -0.100203
v -0.028336 0.053744 -0.117490
v -0.027165 0.051524 -0.100202
v -0.032281 0.051429 -0.117493
v -0.030959 0.049328 -0.100202
v -0.035926 0.048905 -0.117497
v -0.034471 0.046932 -0.100202
v -0.039371 0.046120 -0.117501
v -0.037798 0.044286 -0.100202
v -0.044761 0.045275 -0.134731
v -0.042596 0.043091 -0.117506
v -0.040921 0.041402 -0.100202
v -0.045588 0.039833 -0.117511
v -0.043825 0.038297 -0.100202
v -0.048330 0.036365 -0.117517
v -0.046494 0.034988 -0.100202
v -0.050805 0.032710 -0.117524
v -0.048914 0.031494 -0.100202
v -0.053068 0.028760 -0.117531
v -0.051135 0.027713 -0.100202
v -0.054916 0.024907 -0.117538
v -0.052955 0.024020 -0.100202
v -0.056533 0.020811 -0.117545
v -0.054556 0.020082 -0.100202
v -0.057850 0.016610 -0.117552
v -0.055866 0.016038 -0.100202
v -0.058865 0.012329 -0.117558
v -0.056879 0.011908 -0.100202
v -0.059573 0.007987 -0.117562
v -0.057589 0.007718 -0.100202
v -0.059978 0.003611 -0.117565
v -0.057995 0.003486 -0.100202
v -0.060080 -0.000605 -0.117565
v -0.058096 -0.000587 -0.100202
v -0.059873 -0.005186 -0.117563
v -0.057885 -0.005010 -0.100202
v -0.059356 -0.009539 -0.117561
v -0.057368 -0.009230 -0.100202
v -0.058535 -0.013852 -0.117557
v -0.056548 -0.013401 -0.100202
v -0.057412 -0.018114 -0.117550
v -0.055430 -0.017502 -0.100202
v -0.055990 -0.022291 -0.117543
v -0.054016 -0.021511 -0.100202
v -0.054271 -0.026343 -0.117535
v -0.052310 -0.025405 -0.100202
v -0.052257 -0.030260 -0.117528
v -0.050325 -0.029164 -0.100202
v -0.049955 -0.034029 -0.117522
v -0.048072 -0.032770 -0.100202
v -0.047377 -0.037628 -0.117516
v -0.045563 -0.036201 -0.100202
v -0.044434 -0.041147 -0.117510
v -0.042704 -0.039553 -0.100202
v -0.041473 -0.044198 -0.117504
v -0.039823 -0.042465 -0.100202
v -0.038167 -0.047142 -0.117500
v -0.036624 -0.045266 -0.100202
v -0.034648 -0.049836 -0.117495
v -0.033229 -0.047822 -0.100202
v -0.030938 -0.052263 -0.117492
v -0.029655 -0.050125 -0.100202
v -0.027056 -0.054411 -0.117489
v -0.025924 -0.052162 -0.100202
v -0.023027 -0.056267 -0.117487
v -0.022054 -0.053921 -0.100203
v -0.018872 -0.057821 -0.117484
v -0.018064 -0.055390 -0.100203
v -0.014611 -0.059064 -0.117482
v -0.013979 -0.056563 -0.100203
v -0.010358 -0.059974 -0.117481
v -0.009906 -0.057420 -0.100203
v -0.005920 -0.060585 -0.117480
v -0.005661 -0.057997 -0.100203
v -0.001428 -0.060863 -0.117479
v -0.001361 -0.058258 -0.100203
v 0.002841 -0.060812 -0.117479
v 0.002728 -0.058210 -0.100203
v 0.007481 -0.060408 -0.117480
v 0.007168 -0.057828 -0.100203
v 0.011902 -0.059681 -0.117481
v 0.011396 -0.057142 -0.100203
v 0.016140 -0.058657 -0.117483
v 0.015457 -0.056176 -0.100203
v 0.020365 -0.057302 -0.117485
v 0.019511 -0.054896 -0.100203
v 0.024646 -0.055564 -0.117488
v 0.023622 -0.053250 -0.100203
v 0.028335 -0.053744 -0.117490
v 0.027165 -0.051523 -0.100203
v 0.032280 -0.051429 -0.117493
v 0.030960 -0.049327 -0.100203
v 0.035925 -0.048905 -0.117497
v 0.034471 -0.046932 -0.100203
v 0.039370 -0.046120 -0.117502
v 0.037798 -0.044286 -0.100203
v 0.044760 -0.045275 -0.134731
v 0.042595 -0.043091 -0.117506
v 0.040921 -0.041402 -0.100203
v 0.047101 -0.035447 -0.107508
v 0.045190 -0.036668 -0.100203
v 0.044423 -0.038832 -0.107501
v 0.046984 -0.038129 -0.117515
v 0.045793 -0.037164 -0.107505
v 0.049522 -0.031879 -0.107515
v 0.047735 -0.033262 -0.100203
v 0.049601 -0.034556 -0.117521
v 0.048345 -0.033684 -0.107511
v 0.051732 -0.028034 -0.107522
v 0.050058 -0.029623 -0.100203
v 0.051978 -0.030750 -0.117527
v 0.050664 -0.029976 -0.107518
v 0.053535 -0.024288 -0.107530
v 0.052077 -0.025882 -0.100203
v 0.054029 -0.026852 -0.117534
v 0.052667 -0.026177 -0.107526
v 0.055112 -0.020292 -0.107538
v 0.053793 -0.022066 -0.100203
v 0.055761 -0.022881 -0.117542
v 0.054360 -0.022306 -0.107534
v 0.056397 -0.016187 -0.107546
v 0.055249 -0.018072 -0.100203
v 0.057226 -0.018720 -0.117550
v 0.055791 -0.018251 -0.107542
v 0.057389 -0.012011 -0.107552
v 0.056409 -0.013982 -0.100203
v 0.058391 -0.014468 -0.117556
v 0.056929 -0.014106 -0.107549
v 0.058085 -0.007790 -0.107556
v 0.057271 -0.009819 -0.100203
v 0.059256 -0.010160 -0.117560
v 0.057774 -0.009905 -0.107554
v 0.058483 -0.003531 -0.107558
v 0.057831 -0.005604 -0.100203
v 0.059817 -0.005812 -0.117563
v 0.058322 -0.005665 -0.107557
v 0.058576 0.000767 -0.107560
v 0.058083 -0.001361 -0.100203
v 0.060067 -0.001424 -0.117565
v 0.058567 -0.001385 -0.107559
v 0.058372 0.005048 -0.107558
v 0.058027 0.002889 -0.100203
v 0.060010 0.002982 -0.117565
v 0.058511 0.002910 -0.107559
v 0.057870 0.009305 -0.107555
v 0.057665 0.007125 -0.100203
v 0.059649 0.007361 -0.117563
v 0.058158 0.007181 -0.107557
v 0.057071 0.013520 -0.107549
v 0.056997 0.011323 -0.100203
v 0.058984 0.011709 -0.117559
v 0.057508 0.011420 -0.107552
v 0.055971 0.017676 -0.107543
v 0.056027 0.015462 -0.100203
v 0.058014 0.016001 -0.117553
v 0.056559 0.015605 -0.107546
v 0.054579 0.021737 -0.107536
v 0.054761 0.019521 -0.100203
v 0.056737 0.020224 -0.117547
v 0.055311 0.019721 -0.107540
v 0.052975 0.025517 -0.107528
v 0.053234 0.023392 -0.100203
v 0.055201 0.024244 -0.117540
v 0.053810 0.023640 -0.107532
v 0.050933 0.029498 -0.107520
v 0.051392 0.027224 -0.100203
v 0.053340 0.028230 -0.117532
v 0.051992 0.027525 -0.107524
v 0.048687 0.033174 -0.107512
v 0.049231 0.030987 -0.100203
v 0.051141 0.032161 -0.117525
v 0.049845 0.031355 -0.107516
v 0.046174 0.036685 -0.107505
v 0.046849 0.034509 -0.100203
v 0.048700 0.035854 -0.117518
v 0.047463 0.034952 -0.107509
v 0.043303 0.040112 -0.107498
v 0.044167 0.037905 -0.100203
v 0.045940 0.039423 -0.117512
v 0.044771 0.038428 -0.107502
v -0.047105 0.035446 -0.107507
v -0.045190 0.036667 -0.100202
v -0.044430 0.038824 -0.107500
v -0.046991 0.038124 -0.117514
v -0.045799 0.037160 -0.107504
v -0.049520 0.031885 -0.107514
v -0.047736 0.033263 -0.100202
v -0.049602 0.034560 -0.117520
v -0.048346 0.033687 -0.107510
v -0.051729 0.028037 -0.107522
v -0.050060 0.029625 -0.100202
v -0.051974 0.030757 -0.117527
v -0.050661 0.029982 -0.107518
v -0.053534 0.024282 -0.107530
v -0.052078 0.025883 -0.100202
v -0.054026 0.026849 -0.117535
v -0.052665 0.026174 -0.107526
v -0.055113 0.020290 -0.107537
v -0.053792 0.022065 -0.100202
v -0.055762 0.022873 -0.117542
v -0.054360 0.022299 -0.107533
v -0.056400 0.016193 -0.107545
v -0.055248 0.018072 -0.100202
v -0.057229 0.018723 -0.117548
v -0.055793 0.018254 -0.107541
v -0.057392 0.012020 -0.107551
v -0.056410 0.013982 -0.100202
v -0.058396 0.014478 -0.117555
v -0.056933 0.014115 -0.107548
v -0.058084 0.007786 -0.107556
v -0.057272 0.009819 -0.100202
v -0.059257 0.010163 -0.117560
v -0.057775 0.009908 -0.107553
v -0.058480 0.003519 -0.107558
v -0.057831 0.005605 -0.100202
v -0.059814 0.005802 -0.117564
v -0.058319 0.005656 -0.107557
v -0.058579 -0.000592 -0.107559
v -0.058081 0.001450 -0.100202
v -0.060064 0.001507 -0.117565
v -0.058564 0.001467 -0.107559
v -0.058376 -0.005058 -0.107557
v -0.058032 -0.002801 -0.100202
v -0.060019 -0.002903 -0.117564
v -0.058520 -0.002832 -0.107558
v -0.057871 -0.009304 -0.107554
v -0.057665 -0.007125 -0.100202
v -0.059653 -0.007367 -0.117562
v -0.058161 -0.007186 -0.107556
v -0.057068 -0.013511 -0.107550
v -0.056996 -0.011323 -0.100202
v -0.058983 -0.011700 -0.117559
v -0.057506 -0.011412 -0.107552
v -0.055971 -0.017666 -0.107543
v -0.056026 -0.015462 -0.100202
v -0.058011 -0.015992 -0.117554
v -0.056556 -0.015597 -0.107546
v -0.054582 -0.021735 -0.107535
v -0.054759 -0.019520 -0.100202
v -0.056739 -0.020216 -0.117547
v -0.055313 -0.019713 -0.107539
v -0.052901 -0.025685 -0.107526
v -0.053199 -0.023474 -0.100202
v -0.055168 -0.024334 -0.117538
v -0.053777 -0.023727 -0.107530
v -0.050934 -0.029502 -0.107518
v -0.051352 -0.027302 -0.100202
v -0.053300 -0.028319 -0.117531
v -0.051953 -0.027611 -0.107522
v -0.048687 -0.033174 -0.107512
v -0.049232 -0.030987 -0.100202
v -0.051141 -0.032163 -0.117525
v -0.049845 -0.031357 -0.107515
v -0.046172 -0.036680 -0.107505
v -0.046849 -0.034508 -0.100202
v -0.048699 -0.035851 -0.117519
v -0.047462 -0.034950 -0.107508
v -0.043302 -0.040107 -0.107498
v -0.044166 -0.037904 -0.100202
v -0.045938 -0.039417 -0.117513
v -0.044769 -0.038422 -0.107502
v 0.045037 -0.044999 -0.134731
v 0.046093 -0.043915 -0.134729
v 0.047122 -0.042806 -0.134727
v 0.048124 -0.041672 -0.134725
v 0.049099 -0.040514 -0.134723
v 0.050046 -0.039333 -0.134721
v 0.050964 -0.038130 -0.134719
v 0.051853 -0.036905 -0.134717
v 0.052713 -0.035660 -0.134715
v 0.053570 -0.034353 -0.134713
v 0.054394 -0.033026 -0.134711
v 0.055186 -0.031679 -0.134709
v 0.055945 -0.030313 -0.134707
v 0.056670 -0.028929 -0.134704
v 0.057360 -0.027528 -0.134702
v 0.058016 -0.026110 -0.134700
v 0.058638 -0.024677 -0.134698
v 0.059223 -0.023228 -0.134696
v 0.059773 -0.021766 -0.134694
v 0.060286 -0.020290 -0.134692
v 0.060763 -0.018802 -0.134690
v 0.061203 -0.017303 -0.134688
v 0.061607 -0.015794 -0.134687
v 0.061974 -0.014276 -0.134685
v 0.062303 -0.012748 -0.134684
v 0.062596 -0.011214 -0.134682
v 0.062851 -0.009672 -0.134681
v 0.063068 -0.008125 -0.134680
v 0.063248 -0.006573 -0.134679
v 0.063390 -0.005017 -0.134678
v 0.063493 -0.003458 -0.134678
v 0.063558 -0.001897 -0.134678
v 0.063585 -0.000335 -0.134677
v 0.063586 0.000001 -0.134677
v 0.046640 -0.040760 -0.125537
v 0.044115 -0.041497 -0.117509
v 0.043572 -0.044077 -0.125536
v 0.045135 -0.042449 -0.125536
v 0.045730 -0.043003 -0.129987
v 0.044361 -0.043270 -0.125536
v 0.044140 -0.044649 -0.129988
v 0.044943 -0.043834 -0.129987
v 0.043572 -0.044077 -0.125536
v 0.041011 -0.044635 -0.117504
v 0.040263 -0.047164 -0.125534
v 0.041946 -0.045651 -0.125535
v 0.045254 -0.044135 -0.132322
v 0.044543 -0.044243 -0.129987
v 0.044443 -0.044956 -0.132323
v 0.044850 -0.044547 -0.132322
v 0.044140 -0.044649 -0.129988
v 0.042766 -0.044871 -0.125535
v 0.042489 -0.046240 -0.129988
v 0.043321 -0.045452 -0.129988
v 0.045009 -0.044704 -0.133517
v 0.044647 -0.044752 -0.132323
v 0.044600 -0.045114 -0.133518
v 0.044805 -0.044909 -0.133518
v 0.044443 -0.044956 -0.132323
v 0.043732 -0.045053 -0.129988
v 0.043618 -0.045763 -0.132324
v 0.044033 -0.045361 -0.132323
v 0.047260 -0.041296 -0.129986
v 0.045895 -0.041612 -0.125537
v 0.046503 -0.042157 -0.129986
v 0.049462 -0.037217 -0.125539
v 0.048083 -0.039015 -0.125538
v 0.048727 -0.039533 -0.129985
v 0.047369 -0.039894 -0.125538
v 0.048002 -0.040422 -0.129986
v 0.050129 -0.037717 -0.129984
v 0.048781 -0.038123 -0.125538
v 0.049436 -0.038632 -0.129985
v 0.052015 -0.033480 -0.125540
v 0.050773 -0.035371 -0.125539
v 0.051463 -0.035851 -0.129983
v 0.050126 -0.036300 -0.125539
v 0.050804 -0.036790 -0.129984
v 0.052727 -0.033939 -0.129982
v 0.051403 -0.034431 -0.125540
v 0.052104 -0.034901 -0.129983
v 0.054350 -0.029449 -0.125542
v 0.053221 -0.031485 -0.125541
v 0.053956 -0.031921 -0.129981
v 0.052627 -0.032488 -0.125541
v 0.053351 -0.032936 -0.129982
v 0.055108 -0.029859 -0.129980
v 0.053795 -0.030472 -0.125541
v 0.054542 -0.030895 -0.129981
v 0.056257 -0.025518 -0.125544
v 0.055339 -0.027500 -0.125543
v 0.056117 -0.027886 -0.129979
v 0.054853 -0.028479 -0.125542
v 0.055621 -0.028877 -0.129980
v 0.057057 -0.025878 -0.129978
v 0.055807 -0.026513 -0.125543
v 0.056596 -0.026886 -0.129979
v 0.057929 -0.021326 -0.125547
v 0.057131 -0.023439 -0.125545
v 0.057951 -0.023771 -0.129978
v 0.056704 -0.024483 -0.125545
v 0.057513 -0.024829 -0.129978
v 0.058767 -0.021631 -0.129977
v 0.057540 -0.022386 -0.125546
v 0.058369 -0.022705 -0.129978
v 0.059293 -0.017018 -0.125550
v 0.058650 -0.019184 -0.125548
v 0.059505 -0.019463 -0.129977
v 0.058299 -0.020258 -0.125548
v 0.059146 -0.020550 -0.129977
v 0.060165 -0.017269 -0.129976
v 0.058981 -0.018104 -0.125549
v 0.059845 -0.018369 -0.129977
v 0.060347 -0.012632 -0.125551
v 0.059859 -0.014833 -0.125551
v 0.060744 -0.015054 -0.129976
v 0.059586 -0.015928 -0.125550
v 0.060464 -0.016164 -0.129976
v 0.061245 -0.012821 -0.129975
v 0.060113 -0.013735 -0.125551
v 0.061004 -0.013940 -0.129975
v 0.061087 -0.008193 -0.125552
v 0.060757 -0.010418 -0.125552
v 0.061664 -0.010574 -0.129974
v 0.060562 -0.011527 -0.125552
v 0.061465 -0.011699 -0.129975
v 0.062004 -0.008314 -0.129974
v 0.060932 -0.009307 -0.125552
v 0.061844 -0.009445 -0.129974
v 0.061510 -0.003712 -0.125553
v 0.061339 -0.005957 -0.125552
v 0.062262 -0.006043 -0.129973
v 0.061223 -0.007076 -0.125552
v 0.062143 -0.007180 -0.129974
v 0.062437 -0.003764 -0.129973
v 0.061435 -0.004836 -0.125552
v 0.062360 -0.004904 -0.129973
v 0.061610 0.000802 -0.125553
v 0.061600 -0.001457 -0.125553
v 0.062530 -0.001477 -0.129973
v 0.061566 -0.002586 -0.125553
v 0.062494 -0.002621 -0.129973
v 0.062541 0.000814 -0.129973
v 0.061615 -0.000327 -0.125553
v 0.062546 -0.000331 -0.129973
v 0.061394 0.005304 -0.125553
v 0.061542 0.003056 -0.125553
v 0.063052 -0.000333 -0.132290
v 0.062541 -0.000904 -0.129973
v 0.063036 -0.001487 -0.132290
v 0.063047 -0.000910 -0.132290
v 0.063315 -0.000334 -0.133475
v 0.063050 -0.000621 -0.132290
v 0.063310 -0.000913 -0.133475
v 0.063313 -0.000623 -0.133475
v 0.063047 0.000821 -0.132290
v 0.062546 0.000242 -0.129973
v 0.063052 0.000244 -0.132290
v 0.062471 0.003101 -0.129974
v 0.061586 0.001930 -0.125553
v 0.062516 0.001958 -0.129974
v 0.063316 0.000245 -0.133475
v 0.063053 -0.000044 -0.132290
v 0.063316 -0.000044 -0.133475
v 0.063569 0.001479 -0.134678
v 0.063518 0.002956 -0.134678
v 0.063432 0.004432 -0.134678
v 0.063313 0.005906 -0.134679
v 0.063150 0.007460 -0.134680
v 0.062949 0.009009 -0.134681
v 0.062710 0.010553 -0.134682
v 0.062434 0.012091 -0.134683
v 0.062175 0.013369 -0.134684
v 0.061890 0.014641 -0.134685
v 0.061579 0.015906 -0.134687
v 0.061242 0.017166 -0.134688
v 0.062319 0.005383 -0.129974
v 0.061478 0.004180 -0.125553
v 0.062405 0.004243 -0.129974
v 0.060860 0.009779 -0.125552
v 0.061166 0.007546 -0.125553
v 0.062085 0.007659 -0.129974
v 0.061290 0.006426 -0.125553
v 0.062212 0.006522 -0.129974
v 0.061771 0.009925 -0.129974
v 0.061023 0.008664 -0.125552
v 0.061938 0.008793 -0.129974
v 0.060010 0.014208 -0.125550
v 0.060474 0.012002 -0.125551
v 0.061375 0.012179 -0.129975
v 0.060677 0.010892 -0.125552
v 0.061583 0.011053 -0.129975
v 0.060898 0.014417 -0.129975
v 0.060252 0.013107 -0.125551
v 0.061147 0.013300 -0.129975
v 0.058844 0.018571 -0.125548
v 0.059467 0.016397 -0.125549
v 0.060341 0.016636 -0.129976
v 0.059748 0.015305 -0.125550
v 0.060630 0.015529 -0.129975
v 0.059704 0.018838 -0.129977
v 0.059165 0.017487 -0.125549
v 0.060033 0.017740 -0.129976
v 0.057368 0.022834 -0.125546
v 0.058144 0.020718 -0.125547
v 0.060957 0.018161 -0.134689
v 0.060496 0.019654 -0.134691
v 0.059998 0.021134 -0.134693
v 0.059464 0.022602 -0.134695
v 0.058893 0.024057 -0.134697
v 0.058287 0.025497 -0.134699
v 0.057646 0.026921 -0.134701
v 0.056969 0.028330 -0.134704
v 0.056259 0.029721 -0.134706
v 0.055515 0.031095 -0.134708
v 0.054737 0.032450 -0.134710
v 0.053927 0.033786 -0.134712
v 0.053084 0.035102 -0.134714
v 0.052210 0.036396 -0.134717
v 0.051304 0.037669 -0.134719
v 0.050367 0.038919 -0.134721
v 0.049399 0.040146 -0.134723
v 0.048402 0.041348 -0.134725
v 0.047375 0.042526 -0.134727
v 0.046319 0.043677 -0.134729
v 0.045234 0.044801 -0.134730
v 0.044760 0.045275 -0.134731
v 0.060503 0.017877 -0.132297
v 0.060190 0.017189 -0.129976
v 0.060816 0.016766 -0.132296
v 0.060662 0.017322 -0.132296
v 0.060171 0.018982 -0.132298
v 0.059871 0.018290 -0.129976
v 0.060340 0.018431 -0.132297
v 0.058988 0.021013 -0.129977
v 0.058503 0.019648 -0.125548
v 0.059356 0.019929 -0.129977
v 0.058194 0.023158 -0.129978
v 0.057765 0.021780 -0.125547
v 0.058601 0.022089 -0.129978
v 0.055668 0.026803 -0.125544
v 0.056553 0.024833 -0.125545
v 0.057359 0.025185 -0.129979
v 0.056969 0.023837 -0.125546
v 0.057785 0.024175 -0.129978
v 0.056455 0.027181 -0.129979
v 0.056119 0.025822 -0.125544
v 0.056916 0.026187 -0.129979
v 0.053508 0.030979 -0.125542
v 0.054628 0.028911 -0.125543
v 0.055392 0.029316 -0.129980
v 0.055158 0.027862 -0.125543
v 0.055934 0.028253 -0.129980
v 0.054249 0.031410 -0.129981
v 0.054078 0.029950 -0.125542
v 0.054831 0.030368 -0.129981
v 0.051138 0.034831 -0.125540
v 0.052359 0.032926 -0.125541
v 0.053078 0.033379 -0.129982
v 0.052942 0.031957 -0.125541
v 0.053672 0.032399 -0.129982
v 0.051834 0.035305 -0.129983
v 0.051757 0.033884 -0.125540
v 0.052465 0.034347 -0.129982
v 0.048488 0.038506 -0.125538
v 0.049847 0.036693 -0.125539
v 0.050521 0.037186 -0.129984
v 0.050501 0.035768 -0.125539
v 0.051186 0.036251 -0.129983
v 0.049139 0.039017 -0.129985
v 0.049176 0.037606 -0.125538
v 0.049838 0.038108 -0.129984
v 0.045465 0.042094 -0.125536
v 0.047011 0.040330 -0.125537
v 0.047637 0.040860 -0.129986
v 0.047758 0.039425 -0.125537
v 0.048396 0.039946 -0.129985
v 0.046066 0.042642 -0.129986
v 0.046246 0.041220 -0.125537
v 0.046860 0.041759 -0.129986
v 0.042420 0.045204 -0.125535
v 0.042982 0.042699 -0.117507
v 0.043971 0.043674 -0.125536
v 0.044546 0.044241 -0.129987
v 0.044725 0.042891 -0.125536
v 0.045313 0.043449 -0.129987
v 0.044854 0.044545 -0.132322
v 0.044931 0.043847 -0.129987
v 0.045628 0.043747 -0.132322
v 0.045242 0.044148 -0.132322
v 0.042970 0.045788 -0.129988
v 0.043203 0.044444 -0.125535
v 0.043765 0.045021 -0.129988
v 0.039030 0.048204 -0.125534
v 0.039847 0.045700 -0.117502
v 0.040753 0.046735 -0.125535
v 0.044066 0.045329 -0.132323
v 0.044157 0.044632 -0.129988
v 0.044461 0.044938 -0.132323
v 0.044681 0.045353 -0.134731
v 0.044403 0.045627 -0.134732
v 0.044123 0.045899 -0.134732
v 0.042985 0.046971 -0.134734
v 0.041821 0.048013 -0.134735
v 0.040632 0.049026 -0.134737
v 0.039418 0.050009 -0.134739
v 0.038181 0.050963 -0.134740
v 0.036920 0.051885 -0.134742
v 0.035637 0.052777 -0.134743
v 0.034332 0.053637 -0.134744
v 0.033007 0.054464 -0.134746
v 0.031662 0.055259 -0.134747
v 0.030298 0.056021 -0.134748
v 0.028915 0.056749 -0.134749
v 0.027516 0.057443 -0.134750
v 0.026100 0.058102 -0.134751
v 0.024667 0.058727 -0.134752
v 0.023220 0.059315 -0.134753
v 0.021759 0.059868 -0.134754
v 0.020284 0.060384 -0.134755
v 0.018797 0.060864 -0.134756
v 0.017299 0.061307 -0.134757
v 0.015791 0.061714 -0.134758
v 0.014273 0.062083 -0.134758
v 0.012746 0.062416 -0.134759
v 0.011212 0.062711 -0.134760
v 0.009671 0.062968 -0.134760
v 0.008124 0.063187 -0.134761
v 0.006573 0.063368 -0.134761
v 0.005017 0.063511 -0.134761
v 0.003457 0.063616 -0.134762
v 0.001897 0.063681 -0.134762
v 0.000335 0.063708 -0.134762
v 0.000000 0.063709 -0.134762
v 0.044221 0.045488 -0.133518
v 0.044264 0.045134 -0.132323
v 0.044618 0.045096 -0.133518
v 0.044420 0.045292 -0.133518
v 0.043264 0.046100 -0.132324
v 0.043369 0.045406 -0.129988
v 0.043667 0.045716 -0.132324
v 0.041278 0.047334 -0.129989
v 0.041594 0.045977 -0.125535
v 0.042131 0.046569 -0.129989
v 0.044499 0.045373 -0.134122
v 0.044519 0.045194 -0.133518
v 0.044698 0.045176 -0.134122
v 0.044599 0.045275 -0.134122
v 0.044658 0.044742 -0.132323
v 0.045012 0.044701 -0.133517
v 0.044816 0.044899 -0.133518
v 0.044639 0.045315 -0.134426
v 0.044648 0.045225 -0.134122
v 0.044738 0.045217 -0.134426
v 0.044688 0.045266 -0.134426
v 0.044717 0.044998 -0.133518
v 0.044896 0.044979 -0.134122
v 0.044797 0.045078 -0.134122
v 0.043820 0.045877 -0.133519
v 0.043866 0.045523 -0.132323
v 0.044021 0.045683 -0.133519
v 0.039528 0.048818 -0.129990
v 0.039899 0.047477 -0.125534
v 0.040410 0.048084 -0.129989
v 0.035424 0.050948 -0.125533
v 0.036432 0.048521 -0.117498
v 0.037253 0.049609 -0.125533
v 0.037725 0.050236 -0.129990
v 0.038148 0.048915 -0.125534
v 0.038633 0.049535 -0.129990
v 0.035871 0.051588 -0.129991
v 0.036345 0.050287 -0.125533
v 0.036804 0.050920 -0.129991
v 0.031625 0.053420 -0.125532
v 0.032814 0.051084 -0.117494
v 0.033547 0.052219 -0.125533
v 0.033968 0.052870 -0.129992
v 0.034492 0.051592 -0.125533
v 0.034925 0.052238 -0.129991
v 0.032019 0.054082 -0.129993
v 0.032592 0.052828 -0.125532
v 0.032999 0.053485 -0.129992
v 0.027653 0.055606 -0.125532
v 0.029015 0.053373 -0.117491
v 0.029659 0.054549 -0.125532
v 0.030027 0.055222 -0.129993
v 0.030647 0.053993 -0.125532
v 0.031028 0.054661 -0.129993
v 0.027995 0.056289 -0.129994
v 0.028661 0.055087 -0.125532
v 0.029016 0.055765 -0.129994
v 0.023718 0.057417 -0.125531
v 0.025147 0.055334 -0.117488
v 0.025702 0.056546 -0.125532
v 0.026018 0.057237 -0.129994
v 0.026682 0.056085 -0.125532
v 0.027010 0.056772 -0.129994
v 0.024008 0.058116 -0.129995
v 0.024714 0.056990 -0.125532
v 0.025017 0.057685 -0.129995
v 0.019283 0.059075 -0.125531
v 0.021056 0.057047 -0.117486
v 0.021517 0.058289 -0.125531
v 0.021778 0.058995 -0.129995
v 0.022621 0.057864 -0.125531
v 0.022897 0.058566 -0.129995
v 0.019516 0.059787 -0.129996
v 0.020404 0.058693 -0.125531
v 0.020651 0.059402 -0.129996
v 0.014927 0.060339 -0.125530
v 0.016753 0.058482 -0.117483
v 0.017117 0.059747 -0.125530
v 0.017322 0.060464 -0.129996
v 0.018203 0.059421 -0.125531
v 0.018422 0.060136 -0.129996
v 0.015106 0.061061 -0.129997
v 0.016025 0.060053 -0.125530
v 0.016217 0.060773 -0.129996
v 0.010581 0.061263 -0.125530
v 0.012493 0.059557 -0.117481
v 0.012763 0.060840 -0.125530
v 0.012915 0.061566 -0.129997
v 0.013848 0.060599 -0.125530
v 0.014013 0.061323 -0.129997
v 0.010707 0.061992 -0.129997
v 0.011674 0.061061 -0.125530
v 0.011813 0.061789 -0.129997
v 0.005989 0.061890 -0.125530
v 0.008115 0.060325 -0.117480
v 0.008291 0.061620 -0.125530
v 0.008390 0.062351 -0.129998
v 0.009437 0.061452 -0.125530
v 0.009550 0.062182 -0.129998
v 0.006061 0.062623 -0.129998
v 0.007141 0.061766 -0.125530
v 0.007227 0.062498 -0.129998
v 0.001460 0.062166 -0.125530
v 0.003645 0.060768 -0.117480
v 0.003726 0.062070 -0.125530
v 0.003771 0.062805 -0.129998
v 0.004858 0.061991 -0.125530
v 0.004917 0.062725 -0.129998
v 0.001478 0.062902 -0.129998
v 0.002593 0.062129 -0.125530
v 0.002625 0.062864 -0.129998
v -0.002903 0.062115 -0.125530
v -0.000707 0.060876 -0.117479
v -0.000722 0.062179 -0.125530
v -0.000731 0.062915 -0.129998
v 0.000369 0.062183 -0.125530
v 0.000374 0.062918 -0.129998
v -0.000735 0.063303 -0.132343
v -0.000179 0.062919 -0.129998
v 0.000376 0.063306 -0.132343
v -0.000180 0.063307 -0.132343
v -0.002938 0.062850 -0.129998
v -0.001812 0.062157 -0.125530
v -0.001834 0.062892 -0.129998
v -0.007643 0.061705 -0.125530
v -0.005166 0.060655 -0.117480
v -0.005277 0.061956 -0.125530
v -0.000180 0.063506 -0.133543
v 0.000098 0.063307 -0.132343
v 0.000377 0.063506 -0.133543
v 0.000099 0.063506 -0.133543
v 0.000926 0.062912 -0.129998
v 0.001487 0.063290 -0.132343
v 0.000932 0.063301 -0.132343
v -0.002789 0.063648 -0.134762
v -0.004349 0.063560 -0.134761
v -0.005907 0.063434 -0.134761
v -0.007460 0.063269 -0.134761
v -0.009009 0.063066 -0.134760
v -0.010553 0.062825 -0.134760
v -0.012090 0.062547 -0.134759
v -0.013620 0.062231 -0.134759
v -0.015142 0.061877 -0.134758
v -0.016655 0.061487 -0.134757
v -0.018157 0.061059 -0.134757
v -0.019649 0.060595 -0.134756
v -0.021129 0.060094 -0.134755
v -0.022596 0.059557 -0.134754
v -0.024049 0.058983 -0.134753
v -0.025488 0.058374 -0.134752
v -0.026911 0.057730 -0.134751
v -0.028318 0.057050 -0.134750
v -0.029708 0.056337 -0.134749
v -0.031080 0.055590 -0.134748
v -0.032433 0.054809 -0.134746
v -0.033767 0.053996 -0.134745
v -0.035080 0.053150 -0.134744
v -0.036373 0.052272 -0.134743
v -0.037643 0.051362 -0.134741
v -0.038891 0.050422 -0.134740
v -0.040115 0.049452 -0.134738
v -0.041315 0.048451 -0.134737
v -0.042490 0.047421 -0.134735
v -0.043639 0.046362 -0.134733
v -0.044761 0.045275 -0.134731
v -0.005340 0.062690 -0.129998
v -0.004091 0.062047 -0.125530
v -0.004140 0.062781 -0.129998
v -0.007734 0.062437 -0.129998
v -0.006461 0.061842 -0.125530
v -0.006538 0.062575 -0.129998
v -0.012158 0.060966 -0.125530
v -0.009699 0.060086 -0.117480
v -0.009908 0.061377 -0.125530
v -0.010025 0.062107 -0.129998
v -0.008777 0.061552 -0.125530
v -0.008881 0.062282 -0.129998
v -0.012303 0.061692 -0.129997
v -0.011035 0.061182 -0.125530
v -0.011166 0.061910 -0.129997
v -0.016490 0.059926 -0.125531
v -0.014032 0.059207 -0.117482
v -0.014334 0.060485 -0.125530
v -0.014505 0.061208 -0.129997
v -0.013248 0.060735 -0.125530
v -0.013406 0.061460 -0.129997
v -0.016687 0.060645 -0.129997
v -0.015414 0.060215 -0.125530
v -0.015599 0.060936 -0.129997
v -0.020810 0.058548 -0.125531
v -0.018266 0.058018 -0.117484
v -0.018662 0.059277 -0.125531
v -0.018887 0.059991 -0.129996
v -0.017579 0.059611 -0.125531
v -0.017790 0.060328 -0.129996
v -0.021062 0.059257 -0.129996
v -0.019740 0.058923 -0.125531
v -0.019978 0.059634 -0.129996
v -0.025188 0.056780 -0.125532
v -0.022523 0.056474 -0.117486
v -0.023016 0.057706 -0.125531
v -0.023297 0.058407 -0.129995
v -0.021917 0.058138 -0.125531
v -0.022183 0.058843 -0.129996
v -0.025497 0.057473 -0.129995
v -0.024106 0.057254 -0.125532
v -0.024401 0.057951 -0.129995
v -0.028962 0.054928 -0.125532
v -0.026507 0.054685 -0.117489
v -0.027091 0.055886 -0.125532
v -0.027425 0.056571 -0.129994
v -0.026143 0.056341 -0.125532
v -0.026464 0.057030 -0.129994
v -0.029320 0.055604 -0.129994
v -0.028031 0.055415 -0.125532
v -0.028377 0.056096 -0.129994
v -0.033000 0.052572 -0.125533
v -0.030331 0.052624 -0.117491
v -0.031003 0.053788 -0.125532
v -0.031389 0.054454 -0.129993
v -0.029988 0.054367 -0.125532
v -0.030360 0.055039 -0.129993
v -0.033412 0.053227 -0.129992
v -0.032007 0.053189 -0.125532
v -0.032406 0.053850 -0.129993
v -0.036733 0.050001 -0.125533
v -0.034127 0.050201 -0.117495
v -0.034890 0.051321 -0.125533
v -0.035328 0.051964 -0.129992
v -0.033950 0.051955 -0.125533
v -0.034376 0.052604 -0.129992
v -0.037197 0.050632 -0.129991
v -0.035817 0.050669 -0.125533
v -0.036269 0.051307 -0.129991
v -0.040264 0.047164 -0.125535
v -0.037675 0.047544 -0.117499
v -0.038525 0.048615 -0.125534
v -0.039015 0.049233 -0.129990
v -0.037635 0.049316 -0.125534
v -0.038113 0.049941 -0.129991
v -0.040780 0.047769 -0.129989
v -0.039401 0.047898 -0.125534
v -0.039904 0.048509 -0.129990
v -0.043573 0.044077 -0.125536
v -0.041012 0.044635 -0.117504
v -0.041947 0.045651 -0.125535
v -0.042490 0.046240 -0.129989
v -0.041113 0.046415 -0.125535
v -0.041642 0.047012 -0.129989
v -0.044141 0.044649 -0.129988
v -0.042767 0.044871 -0.125535
v -0.043322 0.045452 -0.129988
v -0.046646 0.040754 -0.125537
v -0.044122 0.041490 -0.117509
v -0.045139 0.042444 -0.125536
v -0.045733 0.043000 -0.129987
v -0.044364 0.043267 -0.125536
v -0.044944 0.043832 -0.129987
v -0.045255 0.044134 -0.132322
v -0.044544 0.044242 -0.129988
v -0.044444 0.044956 -0.132323
v -0.044852 0.044546 -0.132323
v -0.045010 0.044704 -0.133518
v -0.044648 0.044752 -0.132323
v -0.044601 0.045114 -0.133518
v -0.044806 0.044909 -0.133518
v -0.043733 0.045053 -0.129988
v -0.043619 0.045763 -0.132324
v -0.044033 0.045361 -0.132324
v -0.044886 0.044989 -0.134122
v -0.044704 0.045012 -0.133518
v -0.044681 0.045194 -0.134123
v -0.044784 0.045092 -0.134122
v -0.044239 0.045159 -0.132323
v -0.044188 0.045521 -0.133519
v -0.044395 0.045318 -0.133519
v -0.044824 0.045132 -0.134426
v -0.044732 0.045143 -0.134123
v -0.044721 0.045235 -0.134426
v -0.044772 0.045184 -0.134426
v -0.044498 0.045216 -0.133518
v -0.044474 0.045398 -0.134123
v -0.044578 0.045297 -0.134123
v -0.044793 0.045204 -0.134579
v -0.044747 0.045209 -0.134426
v -0.044741 0.045255 -0.134579
v -0.044767 0.045230 -0.134579
v -0.044629 0.045245 -0.134123
v -0.044618 0.045337 -0.134427
v -0.044669 0.045286 -0.134427
v -0.044777 0.045240 -0.134655
v -0.044754 0.045242 -0.134579
v -0.044751 0.045265 -0.134655
v -0.044764 0.045253 -0.134655
v -0.044695 0.045260 -0.134427
v -0.044689 0.045306 -0.134579
v -0.044715 0.045281 -0.134579
v -0.044769 0.045258 -0.134693
v -0.044758 0.045259 -0.134655
v -0.044756 0.045270 -0.134693
v -0.044763 0.045264 -0.134693
v -0.044728 0.045268 -0.134579
v -0.044725 0.045291 -0.134655
v -0.044738 0.045278 -0.134655
v -0.044765 0.045267 -0.134712
v -0.044759 0.045267 -0.134693
v -0.044759 0.045273 -0.134712
v -0.044762 0.045270 -0.134712
v -0.044745 0.045272 -0.134655
v -0.044743 0.045283 -0.134693
v -0.044750 0.045277 -0.134693
v -0.044763 0.045271 -0.134722
v -0.044760 0.045271 -0.134712
v -0.044760 0.045274 -0.134722
v -0.044762 0.045273 -0.134722
v -0.044753 0.045274 -0.134693
v -0.044752 0.045279 -0.134712
v -0.044755 0.045276 -0.134712
v -0.045857 0.044161 -0.134730
v -0.046924 0.043021 -0.134728
v -0.047964 0.041855 -0.134726
v -0.048974 0.040663 -0.134724
v -0.049955 0.039447 -0.134722
v -0.050906 0.038207 -0.134720
v -0.051826 0.036944 -0.134718
v -0.052715 0.035659 -0.134716
v -0.053572 0.034353 -0.134714
v -0.054397 0.033026 -0.134712
v -0.055188 0.031680 -0.134709
v -0.055946 0.030314 -0.134707
v -0.056671 0.028929 -0.134705
v -0.057361 0.027528 -0.134703
v -0.058017 0.026110 -0.134701
v -0.058637 0.024676 -0.134699
v -0.059223 0.023227 -0.134697
v -0.059773 0.021765 -0.134695
v -0.060286 0.020290 -0.134693
v -0.060764 0.018802 -0.134691
v -0.061243 0.017166 -0.134689
v -0.047263 0.041293 -0.129986
v -0.045900 0.041606 -0.125537
v -0.046506 0.042153 -0.129987
v -0.049465 0.037217 -0.125539
v -0.048088 0.039011 -0.125538
v -0.048730 0.039531 -0.129985
v -0.047375 0.039889 -0.125537
v -0.048005 0.040418 -0.129986
v -0.050131 0.037716 -0.129984
v -0.048784 0.038120 -0.125538
v -0.049439 0.038630 -0.129985
v -0.052014 0.033485 -0.125540
v -0.050774 0.035374 -0.125539
v -0.051464 0.035853 -0.129983
v -0.050128 0.036301 -0.125539
v -0.050806 0.036791 -0.129984
v -0.052727 0.033942 -0.129983
v -0.051403 0.034435 -0.125540
v -0.052104 0.034903 -0.129983
v -0.054348 0.029451 -0.125543
v -0.053219 0.031490 -0.125541
v -0.053956 0.031924 -0.129982
v -0.052626 0.032493 -0.125541
v -0.053351 0.032939 -0.129982
v -0.055107 0.029861 -0.129981
v -0.053793 0.030476 -0.125542
v -0.054541 0.030898 -0.129981
v -0.056257 0.025513 -0.125545
v -0.055337 0.027498 -0.125544
v -0.056117 0.027885 -0.129980
v -0.054851 0.028479 -0.125543
v -0.055621 0.028877 -0.129980
v -0.057057 0.025875 -0.129979
v -0.055806 0.026510 -0.125544
v -0.056596 0.026884 -0.129980
v -0.057930 0.021323 -0.125547
v -0.057132 0.023433 -0.125546
v -0.057951 0.023767 -0.129978
v -0.056704 0.024477 -0.125545
v -0.057513 0.024825 -0.129979
v -0.058768 0.021630 -0.129978
v -0.057541 0.022381 -0.125546
v -0.058369 0.022702 -0.129978
v -0.059296 0.017023 -0.125549
v -0.058652 0.019186 -0.125548
v -0.059507 0.019464 -0.129977
v -0.058301 0.020258 -0.125547
v -0.059147 0.020550 -0.129977
v -0.060167 0.017271 -0.129976
v -0.058984 0.018107 -0.125549
v -0.059847 0.018370 -0.129977
v -0.060350 0.012638 -0.125551
v -0.059863 0.014840 -0.125550
v -0.060747 0.015058 -0.129976
v -0.059589 0.015934 -0.125550
v -0.060467 0.016167 -0.129976
v -0.061813 0.014967 -0.134686
v -0.062305 0.012748 -0.134684
v -0.062598 0.011213 -0.134683
v -0.062852 0.009672 -0.134682
v -0.063069 0.008125 -0.134681
v -0.063249 0.006573 -0.134680
v -0.063390 0.005017 -0.134679
v -0.063493 0.003458 -0.134679
v -0.063559 0.001897 -0.134678
v -0.063586 0.000335 -0.134678
v -0.063587 0.000001 -0.134678
v -0.061087 0.008190 -0.125553
v -0.060758 0.010420 -0.125552
v -0.061666 0.010575 -0.129975
v -0.060564 0.011531 -0.125551
v -0.061247 0.012825 -0.129975
v -0.061466 0.011702 -0.129975
v -0.062004 0.008313 -0.129974
v -0.060932 0.009306 -0.125552
v -0.061845 0.009445 -0.129975
v -0.061508 0.003703 -0.125553
v -0.061337 0.005950 -0.125553
v -0.062261 0.006039 -0.129974
v -0.061222 0.007071 -0.125553
v -0.062142 0.007177 -0.129974
v -0.062436 0.003759 -0.129974
v -0.061433 0.004827 -0.125553
v -0.062359 0.004900 -0.129974
v -0.061614 -0.000617 -0.125554
v -0.061597 0.001546 -0.125554
v -0.062528 0.001569 -0.129974
v -0.061562 0.002625 -0.125554
v -0.062491 0.002664 -0.129974
v -0.062544 -0.000625 -0.129974
v -0.061614 0.000465 -0.125554
v -0.062545 0.000473 -0.129974
v -0.061397 -0.005312 -0.125553
v -0.061550 -0.002970 -0.125553
v -0.063051 -0.000629 -0.132290
v -0.062547 -0.000076 -0.129974
v -0.063052 0.000477 -0.132290
v -0.063053 -0.000076 -0.132290
v -0.062478 -0.003011 -0.129974
v -0.061593 -0.001796 -0.125553
v -0.062523 -0.001819 -0.129974
v -0.063317 -0.000076 -0.133475
v -0.063053 0.000200 -0.132290
v -0.063315 0.000479 -0.133475
v -0.063317 0.000201 -0.133475
v -0.062539 0.001021 -0.129974
v -0.063034 0.001581 -0.132290
v -0.063045 0.001029 -0.132290
v -0.063527 -0.002789 -0.134678
v -0.063440 -0.004349 -0.134679
v -0.063314 -0.005906 -0.134679
v -0.063151 -0.007460 -0.134680
v -0.062950 -0.009009 -0.134681
v -0.062711 -0.010553 -0.134682
v -0.062434 -0.012091 -0.134684
v -0.062121 -0.013621 -0.134685
v -0.061770 -0.015144 -0.134687
v -0.061382 -0.016657 -0.134688
v -0.060957 -0.018160 -0.134690
v -0.060496 -0.019653 -0.134692
v -0.059998 -0.021134 -0.134694
v -0.059464 -0.022602 -0.134696
v -0.058894 -0.024057 -0.134698
v -0.058288 -0.025497 -0.134700
v -0.057647 -0.026922 -0.134702
v -0.056971 -0.028330 -0.134704
v -0.056260 -0.029722 -0.134706
v -0.055516 -0.031096 -0.134708
v -0.054739 -0.032451 -0.134711
v -0.053928 -0.033786 -0.134713
v -0.053086 -0.035101 -0.134715
v -0.052211 -0.036396 -0.134717
v -0.051305 -0.037669 -0.134719
v -0.050367 -0.038919 -0.134721
v -0.049400 -0.040145 -0.134723
v -0.048402 -0.041348 -0.134725
v -0.047375 -0.042525 -0.134727
v -0.046319 -0.043677 -0.134729
v -0.045234 -0.044801 -0.134731
v -0.044761 -0.045275 -0.134731
v -0.062321 -0.005388 -0.129974
v -0.061485 -0.004142 -0.125553
v -0.062411 -0.004200 -0.129974
v -0.060861 -0.009779 -0.125552
v -0.061169 -0.007550 -0.125552
v -0.062087 -0.007661 -0.129974
v -0.061293 -0.006432 -0.125552
v -0.062215 -0.006526 -0.129974
v -0.061771 -0.009924 -0.129975
v -0.061025 -0.008666 -0.125552
v -0.061939 -0.008794 -0.129974
v -0.060008 -0.014201 -0.125551
v -0.060474 -0.011996 -0.125552
v -0.061375 -0.012175 -0.129975
v -0.060677 -0.010889 -0.125552
v -0.061583 -0.011051 -0.129975
v -0.060898 -0.014413 -0.129976
v -0.060251 -0.013100 -0.125551
v -0.061146 -0.013296 -0.129976
v -0.058844 -0.018563 -0.125549
v -0.059465 -0.016391 -0.125550
v -0.060341 -0.016633 -0.129977
v -0.059746 -0.015298 -0.125551
v -0.060629 -0.015525 -0.129976
v -0.059704 -0.018833 -0.129977
v -0.059164 -0.017480 -0.125550
v -0.060032 -0.017736 -0.129977
v -0.057370 -0.022833 -0.125546
v -0.058145 -0.020712 -0.125548
v -0.058989 -0.021009 -0.129978
v -0.058504 -0.019640 -0.125548
v -0.059356 -0.019924 -0.129977
v -0.058195 -0.023158 -0.129978
v -0.057767 -0.021776 -0.125547
v -0.058602 -0.022087 -0.129978
v -0.055590 -0.026978 -0.125543
v -0.056517 -0.024923 -0.125545
v -0.057323 -0.025274 -0.129979
v -0.056953 -0.023882 -0.125545
v -0.057769 -0.024220 -0.129978
v -0.056374 -0.027357 -0.129979
v -0.056063 -0.025955 -0.125544
v -0.056858 -0.026320 -0.129979
v -0.053510 -0.030983 -0.125541
v -0.054587 -0.028999 -0.125542
v -0.055350 -0.029403 -0.129980
v -0.055098 -0.027993 -0.125543
v -0.055871 -0.028384 -0.129980
v -0.054251 -0.031412 -0.129981
v -0.054057 -0.029996 -0.125542
v -0.054809 -0.030413 -0.129981
v -0.051138 -0.034831 -0.125540
v -0.052360 -0.032927 -0.125540
v -0.053079 -0.033380 -0.129982
v -0.052944 -0.031960 -0.125541
v -0.053674 -0.032401 -0.129982
v -0.051835 -0.035305 -0.129983
v -0.051758 -0.033885 -0.125540
v -0.052466 -0.034348 -0.129983
v -0.048488 -0.038503 -0.125538
v -0.049847 -0.036691 -0.125539
v -0.050521 -0.037185 -0.129984
v -0.050501 -0.035767 -0.125539
v -0.051186 -0.036251 -0.129984
v -0.049139 -0.039015 -0.129985
v -0.049176 -0.037603 -0.125539
v -0.049838 -0.038106 -0.129985
v -0.045465 -0.042091 -0.125537
v -0.047010 -0.040326 -0.125538
v -0.047637 -0.040858 -0.129986
v -0.047757 -0.039422 -0.125538
v -0.048396 -0.039944 -0.129986
v -0.046066 -0.042640 -0.129987
v -0.046246 -0.041216 -0.125537
v -0.046860 -0.041757 -0.129987
v -0.042421 -0.045204 -0.125535
v -0.042982 -0.042697 -0.117507
v -0.043971 -0.043673 -0.125536
v -0.044546 -0.044241 -0.129988
v -0.044725 -0.042889 -0.125536
v -0.045313 -0.043448 -0.129987
v -0.044854 -0.044544 -0.132323
v -0.044931 -0.043846 -0.129987
v -0.045628 -0.043747 -0.132322
v -0.045243 -0.044147 -0.132322
v -0.042971 -0.045788 -0.129988
v -0.043204 -0.044444 -0.125536
v -0.043766 -0.045021 -0.129988
v -0.039031 -0.048204 -0.125534
v -0.039848 -0.045700 -0.117502
v -0.040754 -0.046735 -0.125535
v -0.044066 -0.045329 -0.132324
v -0.044158 -0.044632 -0.129988
v -0.044462 -0.044938 -0.132323
v -0.042986 -0.046971 -0.134734
v -0.041822 -0.048013 -0.134736
v -0.040633 -0.049026 -0.134737
v -0.039419 -0.050010 -0.134739
v -0.038181 -0.050963 -0.134741
v -0.036920 -0.051886 -0.134742
v -0.035637 -0.052777 -0.134743
v -0.034332 -0.053637 -0.134745
v -0.033008 -0.054464 -0.134746
v -0.031663 -0.055259 -0.134747
v -0.030299 -0.056021 -0.134748
v -0.028916 -0.056749 -0.134750
v -0.027516 -0.057443 -0.134751
v -0.026100 -0.058102 -0.134752
v -0.024668 -0.058727 -0.134753
v -0.023221 -0.059315 -0.134754
v -0.021760 -0.059868 -0.134755
v -0.020285 -0.060385 -0.134756
v -0.018799 -0.060865 -0.134756
v -0.017301 -0.061308 -0.134757
v -0.015792 -0.061714 -0.134758
v -0.014273 -0.062084 -0.134759
v -0.012747 -0.062416 -0.134759
v -0.011213 -0.062711 -0.134760
v -0.009672 -0.062968 -0.134760
v -0.008125 -0.063187 -0.134761
v -0.006573 -0.063368 -0.134761
v -0.005017 -0.063511 -0.134761
v -0.003458 -0.063616 -0.134762
v -0.001898 -0.063681 -0.134762
v -0.000336 -0.063708 -0.134762
v 0.000000 -0.063709 -0.134762
v -0.041278 -0.047335 -0.129989
v -0.041595 -0.045977 -0.125535
v -0.042132 -0.046570 -0.129989
v -0.039529 -0.048818 -0.129990
v -0.039900 -0.047477 -0.125534
v -0.040411 -0.048084 -0.129990
v -0.035425 -0.050948 -0.125533
v -0.036433 -0.048521 -0.117497
v -0.037253 -0.049609 -0.125534
v -0.037726 -0.050237 -0.129991
v -0.038149 -0.048915 -0.125534
v -0.038634 -0.049536 -0.129990
v -0.035871 -0.051588 -0.129991
v -0.036345 -0.050287 -0.125533
v -0.036805 -0.050921 -0.129991
v -0.031626 -0.053419 -0.125532
v -0.032815 -0.051084 -0.117494
v -0.033548 -0.052219 -0.125533
v -0.033968 -0.052870 -0.129992
v -0.034493 -0.051592 -0.125533
v -0.034926 -0.052238 -0.129992
v -0.032020 -0.054082 -0.129993
v -0.032593 -0.052828 -0.125532
v -0.033000 -0.053485 -0.129992
v -0.027654 -0.055606 -0.125532
v -0.029017 -0.053373 -0.117490
v -0.029661 -0.054549 -0.125532
v -0.030028 -0.055222 -0.129993
v -0.030649 -0.053993 -0.125532
v -0.031029 -0.054661 -0.129993
v -0.027996 -0.056288 -0.129994
v -0.028662 -0.055087 -0.125532
v -0.029017 -0.055765 -0.129994
v -0.023533 -0.057495 -0.125531
v -0.025058 -0.055376 -0.117488
v -0.025611 -0.056588 -0.125532
v -0.025925 -0.057280 -0.129995
v -0.026637 -0.056107 -0.125532
v -0.026965 -0.056794 -0.129994
v -0.023820 -0.058194 -0.129995
v -0.024576 -0.057051 -0.125532
v -0.024877 -0.057747 -0.129995
v -0.019283 -0.059075 -0.125531
v -0.020964 -0.057082 -0.117485
v -0.021423 -0.058324 -0.125531
v -0.021683 -0.059030 -0.129996
v -0.022481 -0.057919 -0.125531
v -0.022756 -0.058622 -0.129995
v -0.019516 -0.059788 -0.129996
v -0.020357 -0.058710 -0.125531
v -0.020603 -0.059419 -0.129996
v -0.014928 -0.060339 -0.125530
v -0.016754 -0.058482 -0.117483
v -0.017118 -0.059747 -0.125531
v -0.017324 -0.060465 -0.129996
v -0.018204 -0.059421 -0.125531
v -0.018423 -0.060136 -0.129996
v -0.015106 -0.061061 -0.129997
v -0.016026 -0.060053 -0.125530
v -0.016218 -0.060773 -0.129997
v -0.010582 -0.061263 -0.125530
v -0.012493 -0.059558 -0.117481
v -0.012763 -0.060840 -0.125530
v -0.012915 -0.061566 -0.129997
v -0.013848 -0.060600 -0.125530
v -0.014013 -0.061323 -0.129997
v -0.010708 -0.061992 -0.129997
v -0.011675 -0.061062 -0.125530
v -0.011814 -0.061789 -0.129997
v -0.006049 -0.061884 -0.125530
v -0.008145 -0.060321 -0.117480
v -0.008322 -0.061616 -0.125530
v -0.008421 -0.062347 -0.129998
v -0.009454 -0.061450 -0.125530
v -0.009566 -0.062180 -0.129998
v -0.006122 -0.062617 -0.129998
v -0.007187 -0.061760 -0.125530
v -0.007273 -0.062493 -0.129998
v -0.001460 -0.062166 -0.125530
v -0.003676 -0.060766 -0.117480
v -0.003757 -0.062068 -0.125530
v -0.003802 -0.062803 -0.129998
v -0.004904 -0.061987 -0.125530
v -0.004963 -0.062721 -0.129998
v -0.001479 -0.062901 -0.129998
v -0.002609 -0.062128 -0.125530
v -0.002641 -0.062863 -0.129998
v 0.002903 -0.062115 -0.125530
v 0.000706 -0.060876 -0.117479
v 0.000721 -0.062180 -0.125530
v 0.000730 -0.062915 -0.129998
v -0.000370 -0.062183 -0.125530
v -0.000374 -0.062918 -0.129998
v 0.000734 -0.063303 -0.132343
v 0.000177 -0.062918 -0.129998
v -0.000377 -0.063306 -0.132343
v 0.000179 -0.063307 -0.132343
v 0.002938 -0.062850 -0.129998
v 0.001812 -0.062157 -0.125530
v 0.001834 -0.062892 -0.129998
v 0.007642 -0.061705 -0.125530
v 0.005165 -0.060655 -0.117480
v 0.005276 -0.061956 -0.125530
v 0.000179 -0.063506 -0.133543
v -0.000099 -0.063307 -0.132343
v -0.000378 -0.063505 -0.133543
v -0.000100 -0.063506 -0.133543
v -0.000927 -0.062912 -0.129998
v -0.001488 -0.063290 -0.132343
v -0.000933 -0.063300 -0.132343
v 0.001227 -0.063698 -0.134762
v 0.002788 -0.063649 -0.134762
v 0.004349 -0.063561 -0.134761
v 0.005905 -0.063434 -0.134761
v 0.007459 -0.063270 -0.134761
v 0.009008 -0.063067 -0.134760
v 0.010552 -0.062826 -0.134760
v 0.012089 -0.062547 -0.134759
v 0.013620 -0.062231 -0.134759
v 0.015141 -0.061877 -0.134758
v 0.016654 -0.061487 -0.134757
v 0.018157 -0.061059 -0.134757
v 0.019649 -0.060595 -0.134756
v 0.021128 -0.060094 -0.134755
v 0.022595 -0.059557 -0.134754
v 0.024048 -0.058984 -0.134753
v 0.025487 -0.058375 -0.134752
v 0.026910 -0.057730 -0.134751
v 0.028318 -0.057051 -0.134750
v 0.029707 -0.056337 -0.134749
v 0.031079 -0.055590 -0.134747
v 0.032432 -0.054809 -0.134746
v 0.033766 -0.053996 -0.134745
v 0.035079 -0.053150 -0.134744
v 0.036372 -0.052272 -0.134742
v 0.037643 -0.051363 -0.134741
v 0.038891 -0.050422 -0.134739
v 0.040115 -0.049452 -0.134738
v 0.041314 -0.048451 -0.134736
v 0.042490 -0.047421 -0.134734
v 0.043638 -0.046363 -0.134733
v 0.044202 -0.045822 -0.134732
v 0.044482 -0.045550 -0.134731
v 0.005339 -0.062690 -0.129998
v 0.004090 -0.062047 -0.125530
v 0.004140 -0.062781 -0.129998
v 0.007733 -0.062437 -0.129998
v 0.006460 -0.061842 -0.125530
v 0.006537 -0.062575 -0.129998
v 0.012157 -0.060966 -0.125530
v 0.009699 -0.060086 -0.117480
v 0.009907 -0.061377 -0.125530
v 0.010024 -0.062107 -0.129998
v 0.008776 -0.061552 -0.125530
v 0.008880 -0.062282 -0.129998
v 0.012302 -0.061692 -0.129997
v 0.011034 -0.061182 -0.125530
v 0.011165 -0.061910 -0.129997
v 0.016489 -0.059926 -0.125530
v 0.014031 -0.059207 -0.117482
v 0.014333 -0.060485 -0.125530
v 0.014504 -0.061208 -0.129997
v 0.013247 -0.060735 -0.125530
v 0.013405 -0.061460 -0.129997
v 0.016686 -0.060645 -0.129996
v 0.015413 -0.060215 -0.125530
v 0.015597 -0.060936 -0.129997
v 0.020809 -0.058548 -0.125531
v 0.018266 -0.058018 -0.117484
v 0.018662 -0.059277 -0.125531
v 0.018887 -0.059991 -0.129996
v 0.017578 -0.059611 -0.125531
v 0.017789 -0.060328 -0.129996
v 0.021061 -0.059257 -0.129996
v 0.019739 -0.058922 -0.125531
v 0.019977 -0.059634 -0.129996
v 0.025187 -0.056780 -0.125532
v 0.022522 -0.056474 -0.117487
v 0.023015 -0.057706 -0.125531
v 0.023295 -0.058408 -0.129995
v 0.021916 -0.058138 -0.125531
v 0.022182 -0.058843 -0.129995
v 0.025496 -0.057473 -0.129995
v 0.024105 -0.057254 -0.125531
v 0.024400 -0.057951 -0.129995
v 0.028961 -0.054928 -0.125532
v 0.026506 -0.054685 -0.117489
v 0.027090 -0.055886 -0.125532
v 0.027424 -0.056571 -0.129994
v 0.026142 -0.056341 -0.125532
v 0.026464 -0.057030 -0.129994
v 0.029319 -0.055604 -0.129993
v 0.028030 -0.055415 -0.125532
v 0.028376 -0.056096 -0.129994
v 0.032999 -0.052571 -0.125532
v 0.030330 -0.052624 -0.117492
v 0.031002 -0.053788 -0.125532
v 0.031388 -0.054454 -0.129993
v 0.029987 -0.054367 -0.125532
v 0.030359 -0.055039 -0.129993
v 0.033411 -0.053227 -0.129992
v 0.032006 -0.053189 -0.125532
v 0.032405 -0.053850 -0.129992
v 0.036732 -0.050001 -0.125533
v 0.034126 -0.050201 -0.117495
v 0.034889 -0.051321 -0.125533
v 0.035327 -0.051964 -0.129991
v 0.033950 -0.051955 -0.125533
v 0.034375 -0.052604 -0.129992
v 0.037196 -0.050633 -0.129991
v 0.035816 -0.050669 -0.125533
v 0.036268 -0.051307 -0.129991
v 0.037674 -0.047544 -0.117499
v 0.038524 -0.048615 -0.125534
v 0.039014 -0.049233 -0.129990
v 0.037634 -0.049316 -0.125534
v 0.038112 -0.049941 -0.129990
v 0.040779 -0.047769 -0.129989
v 0.039400 -0.047898 -0.125534
v 0.039904 -0.048509 -0.129990
v 0.041112 -0.046415 -0.125535
v 0.041641 -0.047012 -0.129989
v 0.042907 -0.045848 -0.129988
v 0.042778 -0.046555 -0.132325
v 0.043200 -0.046161 -0.132324
v 0.044188 -0.045521 -0.133518
v 0.043826 -0.045563 -0.132323
v 0.043771 -0.045923 -0.133519
v 0.043980 -0.045722 -0.133519
v 0.044600 -0.045114 -0.133518
v 0.044238 -0.045159 -0.132323
v 0.044394 -0.045318 -0.133518
v 0.027610 -0.052371 -0.107477
v 0.024015 -0.054143 -0.107474
v 0.025828 -0.053287 -0.107475
v 0.015727 -0.057154 -0.107468
v 0.011597 -0.058150 -0.107466
v 0.013671 -0.057690 -0.107467
v 0.002771 -0.059252 -0.107464
v -0.001389 -0.059301 -0.107464
v 0.000691 -0.059314 -0.107464
v -0.010088 -0.058436 -0.107466
v -0.014232 -0.057551 -0.107467
v -0.012168 -0.058031 -0.107466
v -0.040413 -0.043079 -0.107493
v -0.041886 -0.041617 -0.107495
v -0.027611 0.052371 -0.107476
v -0.024016 0.054143 -0.107474
v -0.025828 0.053287 -0.107475
v -0.015728 0.057154 -0.107468
v -0.011598 0.058150 -0.107466
v -0.013672 0.057689 -0.107467
v -0.002771 0.059251 -0.107464
v 0.001388 0.059301 -0.107464
v -0.000691 0.059314 -0.107464
v 0.010087 0.058436 -0.107466
v 0.014232 0.057551 -0.107467
v 0.012168 0.058031 -0.107466
v 0.022609 0.054755 -0.107473
v 0.026358 0.053022 -0.107476
v 0.024499 0.053922 -0.107474
v 0.040412 0.043079 -0.107493
v 0.041885 0.041619 -0.107496
vn -0.0000 -0.0000 1.0000
vn 0.0001 -0.0000 1.0000
vn 0.0002 0.0001 1.0000
vn 0.0001 0.0002 1.0000
vn 0.0002 -0.0001 1.0000
vn 0.0001 -0.0002 1.0000
vn -0.0000 -0.0000 -1.0000
vn 0.0001 -0.0000 -1.0000
vn 0.0001 -0.0001 -1.0000
vn 0.0001 0.0001 -1.0000
vn 0.0640 -0.9610 -0.2691
vn 0.0298 -0.9987 -0.0423
vn 0.0288 -0.9647 -0.2618
vn 0.0532 -0.8808 -0.4705
vn 0.0258 -0.7637 -0.6450
vn 0.0453 -0.7521 -0.6575
vn 0.0251 -0.8829 -0.4689
vn 0.0358 -0.5846 -0.8105
vn 0.0118 -0.3943 -0.9189
vn 0.0237 -0.3940 -0.9188
vn 0.0061 -0.5914 -0.8063
vn 0.0057 -0.1943 -0.9809
vn 0.0117 -0.1940 -0.9809
vn 0.1159 -0.9580 -0.2621
vn 0.0906 -0.7482 -0.6573
vn 0.0475 -0.3918 -0.9188
vn 0.1717 -0.9500 -0.2609
vn 0.1353 -0.7418 -0.6569
vn 0.0710 -0.3887 -0.9186
vn 0.1834 -0.7334 -0.6545
vn 0.0941 -0.3837 -0.9187
vn 0.2276 -0.7219 -0.6535
vn 0.2202 -0.9375 -0.2695
vn 0.1170 -0.3780 -0.9184
vn 0.3389 -0.9045 -0.2588
vn 0.2663 -0.7067 -0.6555
vn 0.1566 -0.3755 -0.9135
vn 0.3937 -0.8829 -0.2558
vn 0.3087 -0.6897 -0.6550
vn 0.1789 -0.3657 -0.9134
vn 0.3537 -0.6705 -0.6522
vn 0.2006 -0.3546 -0.9132
vn 0.4966 -0.8296 -0.2552
vn 0.3894 -0.6488 -0.6537
vn 0.2216 -0.3423 -0.9131
vn 0.4328 -0.6246 -0.6501
vn 0.2425 -0.3291 -0.9126
vn 0.4687 -0.6031 -0.6454
vn 0.5376 -0.8016 -0.2614
vn 0.2609 -0.3195 -0.9110
vn 0.5862 -0.6672 -0.4595
vn 0.5010 -0.5702 -0.6511
vn 0.5868 -0.7646 -0.2666
vn 0.6394 -0.7275 -0.2489
vn 0.3901 -0.4440 -0.8066
vn 0.2627 -0.2989 -0.9174
vn 0.6594 -0.7096 -0.2484
vn 0.6599 -0.7509 -0.0262
vn 0.6718 -0.7383 -0.0597
vn 0.6803 -0.7284 0.0818
vn 0.6750 -0.7331 -0.0831
vn 0.5199 -0.5546 -0.6498
vn 0.6082 -0.6489 -0.4572
vn 0.4040 -0.4319 -0.8064
vn 0.2718 -0.2909 -0.9173
vn 0.1302 -0.1430 -0.9811
vn 0.1294 -0.1472 -0.9806
vn 0.0187 -0.9862 0.1644
vn -0.0006 -0.9864 0.1642
vn 0.0432 -0.9854 0.1645
vn 0.0682 -0.9964 -0.0494
vn 0.0919 -0.9820 0.1648
vn 0.0677 -0.9840 0.1647
vn 0.1160 -0.9795 0.1649
vn -0.0006 -0.9695 -0.2449
vn 0.1395 -0.9768 0.1623
vn 0.2113 -0.9632 0.1662
vn 0.1877 -0.9681 0.1658
vn 0.2348 -0.9577 0.1665
vn 0.1659 -0.9706 0.1744
vn 0.2813 -0.9449 0.1677
vn 0.2581 -0.9515 0.1672
vn 0.2914 -0.9201 -0.2619
vn 0.3044 -0.9376 0.1682
vn 0.3502 -0.9212 0.1696
vn 0.3273 -0.9297 0.1690
vn 0.3717 -0.9136 0.1648
vn -0.0028 -0.7560 -0.6545
vn -0.0034 -0.3871 -0.9220
vn -0.0000 -0.0001 -1.0000
vn -0.0001 0.0003 -1.0000
vn 0.0001 -0.0002 -1.0000
vn 0.0001 -0.0003 -1.0000
vn -0.0000 0.0001 -1.0000
vn 0.4390 -0.8818 0.1723
vn 0.4173 -0.8924 0.1715
vn 0.4545 -0.8490 -0.2696
vn 0.4541 -0.8705 0.1900
vn 0.4836 -0.8591 0.1678
vn 0.5023 -0.8469 0.1743
vn 0.5228 -0.8342 0.1753
vn 0.5429 -0.8211 0.1760
vn 0.5628 -0.8074 0.1772
vn 0.5823 -0.7932 0.1782
vn 0.6015 -0.7785 0.1790
vn 0.3985 -0.8978 0.1875
vn 0.6389 -0.7476 0.1814
vn 0.6204 -0.7633 0.1803
vn 0.6572 -0.7313 0.1825
vn 0.6746 -0.7168 0.1765
vn 0.6995 -0.7104 0.0779
vn 0.6840 -0.7051 0.1871
vn 0.6882 -0.7017 0.1844
vn 0.6926 -0.6973 0.1847
vn 0.6860 -0.6906 -0.2291
vn -0.0001 0.0001 -1.0000
vn 0.0001 -0.0004 -1.0000
vn -0.0001 -0.0000 -1.0000
vn 0.5424 -0.5460 -0.6385
vn 0.2854 -0.2873 -0.9143
vn -0.0000 -0.0002 -1.0000
vn -0.9717 -0.0656 -0.2270
vn -0.9995 -0.0300 0.0084
vn -0.9750 -0.0291 -0.2204
vn -0.7662 -0.0530 -0.6404
vn -0.8989 -0.0268 -0.4374
vn -0.7815 -0.0267 -0.6234
vn -0.8992 -0.0630 -0.4330
vn -0.4050 -0.0323 -0.9138
vn -0.6116 -0.0208 -0.7909
vn -0.4049 -0.0122 -0.9143
vn -0.6063 -0.0392 -0.7943
vn -0.1993 -0.0060 -0.9799
vn -0.1990 -0.0121 -0.9799
vn -0.9681 -0.1179 -0.2211
vn -0.7650 -0.0931 -0.6373
vn -0.4021 -0.0490 -0.9143
vn -0.9597 -0.1737 -0.2208
vn -0.7577 -0.1391 -0.6376
vn -0.3979 -0.0730 -0.9145
vn -0.9463 -0.2320 -0.2250
vn -0.7469 -0.1843 -0.6389
vn -0.3924 -0.0969 -0.9147
vn -0.9303 -0.2886 -0.2264
vn -0.7333 -0.2290 -0.6401
vn -0.3851 -0.1203 -0.9150
vn -0.9103 -0.3444 -0.2298
vn -0.7173 -0.2729 -0.6411
vn -0.3766 -0.1432 -0.9153
vn -0.8871 -0.3994 -0.2314
vn -0.6982 -0.3158 -0.6425
vn -0.3664 -0.1657 -0.9156
vn -0.8604 -0.4522 -0.2350
vn -0.6764 -0.3570 -0.6442
vn -0.3554 -0.1876 -0.9157
vn -0.8313 -0.5028 -0.2368
vn -0.6529 -0.3968 -0.6452
vn -0.3426 -0.2081 -0.9162
vn -0.7983 -0.5520 -0.2409
vn -0.6266 -0.4348 -0.6468
vn -0.3286 -0.2281 -0.9165
vn -0.7628 -0.5998 -0.2417
vn -0.5980 -0.4713 -0.6483
vn -0.3191 -0.2655 -0.9098
vn -0.6636 -0.5926 -0.4565
vn -0.5674 -0.5065 -0.6492
vn -0.7233 -0.6458 -0.2446
vn -0.4420 -0.3946 -0.8056
vn -0.2976 -0.2656 -0.9170
vn -0.7249 -0.6884 -0.0238
vn -0.7026 -0.6675 -0.2467
vn -0.6446 -0.6121 -0.4580
vn -0.5610 -0.5287 -0.6370
vn -0.4389 -0.4115 -0.7987
vn -0.2888 -0.2743 -0.9173
vn -0.1465 -0.1308 -0.9805
vn -0.1422 -0.1350 -0.9806
vn -0.9746 -0.0425 0.2198
vn -0.9754 0.0006 0.2203
vn -0.9976 -0.0688 -0.0000
vn -0.9715 -0.0903 0.2191
vn -0.9734 -0.0664 0.2195
vn -0.9691 -0.1140 0.2187
vn -0.9796 0.0005 -0.2010
vn -0.9662 -0.1376 0.2182
vn -0.9627 -0.1611 0.2175
vn -0.9558 -0.1790 0.2333
vn -0.9548 -0.2096 0.2106
vn -0.9489 -0.2311 0.2151
vn -0.9432 -0.2543 0.2140
vn -0.9369 -0.2773 0.2128
vn -0.9301 -0.3003 0.2113
vn -0.9228 -0.3231 0.2101
vn -0.9148 -0.3459 0.2084
vn -0.9070 -0.3681 0.2043
vn -0.7743 0.0028 -0.6328
vn -0.3978 0.0034 -0.9175
vn -0.0004 -0.0000 -1.0000
vn -0.0003 -0.0002 -1.0000
vn 0.0002 0.0002 -1.0000
vn -0.8876 -0.4130 0.2038
vn -0.8947 -0.3922 0.2137
vn -0.8775 -0.4348 0.2025
vn -0.8556 -0.4775 0.1997
vn -0.8668 -0.4563 0.2011
vn -0.8440 -0.4984 0.1984
vn -0.8192 -0.5407 0.1913
vn -0.8058 -0.5593 0.1944
vn -0.8313 -0.5143 0.2107
vn -0.7933 -0.5787 0.1890
vn -0.7449 -0.6663 -0.0334
vn -0.7478 -0.6365 0.1890
vn -0.7631 -0.6177 0.1903
vn -0.7319 -0.6540 0.1915
vn -0.7737 -0.5997 0.2043
vn -0.7156 -0.6741 0.1833
vn -0.6986 -0.6911 0.1852
vn -0.6846 -0.6920 -0.2291
vn -0.6912 -0.6987 0.1845
vn -0.0007 -0.0003 -1.0000
vn 0.0002 0.0003 -1.0000
vn -0.5346 -0.5438 -0.6468
vn -0.2727 -0.2801 -0.9204
vn -0.0641 0.9610 -0.2690
vn -0.0298 0.9987 -0.0421
vn -0.0288 0.9646 -0.2622
vn -0.0523 0.7493 -0.6601
vn -0.0262 0.8826 -0.4695
vn -0.0258 0.7636 -0.6451
vn -0.0610 0.8838 -0.4638
vn -0.0359 0.5846 -0.8105
vn -0.0118 0.3944 -0.9188
vn -0.0237 0.3937 -0.9189
vn -0.0060 0.5915 -0.8063
vn -0.0058 0.1943 -0.9809
vn -0.0117 0.1940 -0.9809
vn -0.1160 0.9581 -0.2619
vn -0.0906 0.7481 -0.6574
vn -0.0475 0.3918 -0.9188
vn -0.1717 0.9499 -0.2613
vn -0.1353 0.7419 -0.6567
vn -0.0710 0.3885 -0.9187
vn -0.1834 0.7335 -0.6545
vn -0.1098 0.3911 -0.9138
vn -0.2271 0.7217 -0.6540
vn -0.2202 0.9375 -0.2694
vn -0.1169 0.3776 -0.9185
vn -0.2708 0.7073 -0.6530
vn -0.2766 0.9228 -0.2683
vn -0.1562 0.3755 -0.9135
vn -0.3934 0.8826 -0.2575
vn -0.3086 0.6897 -0.6551
vn -0.1787 0.3659 -0.9133
vn -0.3543 0.6706 -0.6517
vn -0.2004 0.3546 -0.9133
vn -0.3939 0.6487 -0.6512
vn -0.4378 0.8595 -0.2638
vn -0.2217 0.3422 -0.9131
vn -0.4323 0.6245 -0.6504
vn -0.4889 0.8315 -0.2638
vn -0.2425 0.3290 -0.9127
vn -0.4683 0.6032 -0.6457
vn -0.5378 0.8016 -0.2611
vn -0.2560 0.3248 -0.9105
vn -0.5861 0.6672 -0.4597
vn -0.5010 0.5700 -0.6512
vn -0.5868 0.7647 -0.2662
vn -0.6393 0.7275 -0.2490
vn -0.3902 0.4440 -0.8066
vn -0.2628 0.2990 -0.9173
vn -0.6591 0.7098 -0.2485
vn -0.6599 0.7509 -0.0261
vn -0.6664 0.7434 -0.0575
vn -0.6804 0.7282 0.0824
vn -0.6750 0.7331 -0.0834
vn -0.6669 0.7450 0.0179
vn -0.6875 0.7135 0.1349
vn -0.6907 0.7212 0.0530
vn -0.6915 0.7046 0.1595
vn -0.6935 0.7113 0.1146
vn -0.6956 0.7057 0.1346
vn -0.6949 0.6982 0.1721
vn -0.6945 0.7016 0.1597
vn -0.6757 0.7339 0.0689
vn -0.6922 0.6993 0.1785
vn -0.6904 0.6875 0.2252
vn -0.6937 0.7005 0.1677
vn -0.6971 0.6986 0.1614
vn -0.6958 0.7092 0.1137
vn -0.7097 0.6976 0.0984
vn -0.7045 0.6717 0.2289
vn -0.6946 0.6957 0.1831
vn -0.6846 0.7196 0.1162
vn -0.7109 0.6611 0.2398
vn 0.7001 0.7027 0.1266
vn -0.6995 0.6960 0.1624
vn -0.5194 0.5551 -0.6497
vn -0.6069 0.6494 -0.4581
vn -0.2756 0.2905 -0.9163
vn -0.4051 0.4360 -0.8036
vn -0.1351 0.1419 -0.9806
vn -0.1207 0.1349 -0.9835
vn -0.0432 0.9854 0.1645
vn 0.0006 0.9864 0.1643
vn -0.0683 0.9967 -0.0447
vn -0.0677 0.9840 0.1647
vn -0.1160 0.9795 0.1650
vn -0.0919 0.9820 0.1648
vn -0.1639 0.9725 0.1655
vn -0.1401 0.9763 0.1652
vn 0.0006 0.9695 -0.2449
vn -0.2113 0.9632 0.1662
vn -0.1877 0.9682 0.1656
vn -0.2347 0.9577 0.1665
vn -0.2813 0.9448 0.1678
vn -0.2581 0.9515 0.1672
vn -0.3273 0.9297 0.1690
vn -0.3044 0.9375 0.1684
vn -0.3502 0.9212 0.1697
vn -0.3484 0.8975 -0.2705
vn -0.3952 0.9026 0.1708
vn -0.3728 0.9122 0.1701
vn -0.4173 0.8924 0.1714
vn -0.4390 0.8818 0.1723
vn -0.4815 0.8591 0.1737
vn -0.4604 0.8707 0.1728
vn -0.5023 0.8469 0.1743
vn 0.0028 0.7560 -0.6545
vn 0.0034 0.3871 -0.9220
vn -0.0000 0.0002 -1.0000
vn -0.0000 -0.0003 -1.0000
vn 0.0003 -0.0007 -1.0000
vn -0.5228 0.8342 0.1754
vn -0.5429 0.8211 0.1763
vn -0.5628 0.8074 0.1770
vn -0.6015 0.7785 0.1790
vn -0.5823 0.7932 0.1782
vn -0.6389 0.7476 0.1813
vn -0.6204 0.7633 0.1803
vn -0.6750 0.7146 0.1836
vn -0.6572 0.7313 0.1825
vn -0.7304 0.6348 0.2521
vn -0.5475 0.7610 0.3479
vn -0.7926 0.6055 0.0719
vn -0.7087 0.6755 0.2039
vn -0.6926 0.6973 0.1845
vn -0.6925 0.6975 0.1843
vn -0.6926 0.6973 0.1847
vn -0.6961 0.6816 0.2254
vn -0.6926 0.6974 0.1845
vn -0.6927 0.6972 0.1843
vn -0.6927 0.6973 0.1841
vn -0.6927 0.6973 0.1843
vn -0.6860 0.6906 -0.2291
vn -0.6926 0.6974 0.1841
vn -0.6927 0.6974 0.1837
vn -0.0004 0.0009 -1.0000
vn -0.0086 0.0122 -0.9999
vn 0.0205 -0.0291 -0.9994
vn -0.5424 0.5460 -0.6385
vn -0.2854 0.2873 -0.9143
vn -0.7243 0.6422 -0.2508
vn -0.7235 0.6901 -0.0190
vn -0.7017 0.6685 -0.2464
vn -0.5671 0.5025 -0.6526
vn -0.6438 0.6133 -0.4576
vn -0.5505 0.5241 -0.6498
vn -0.6623 0.5947 -0.4557
vn -0.4408 0.3953 -0.8059
vn -0.3007 0.2827 -0.9109
vn -0.2966 0.2665 -0.9171
vn -0.4313 0.4096 -0.8038
vn -0.1538 0.1281 -0.9798
vn -0.1522 0.1421 -0.9781
vn -0.7577 0.6056 -0.2431
vn -0.5948 0.4754 -0.6482
vn -0.3118 0.2493 -0.9168
vn -0.7905 0.5630 -0.2411
vn -0.6220 0.4413 -0.6468
vn -0.3443 0.2261 -0.9112
vn -0.6511 0.4031 -0.6431
vn -0.3570 0.2064 -0.9110
vn -0.6742 0.3653 -0.6418
vn -0.8164 0.5224 -0.2461
vn -0.3691 0.1855 -0.9107
vn -0.6954 0.3264 -0.6402
vn -0.8459 0.4743 -0.2437
vn -0.3802 0.1642 -0.9102
vn -0.7148 0.2922 -0.6354
vn -0.8720 0.4253 -0.2423
vn -0.3729 0.1519 -0.9153
vn -0.8479 0.2899 -0.4439
vn -0.7267 0.2483 -0.6405
vn -0.8952 0.3722 -0.2454
vn -0.9214 0.3150 -0.2276
vn -0.5665 0.1935 -0.8011
vn -0.3814 0.1303 -0.9152
vn -0.9300 0.2890 -0.2270
vn -0.9462 0.3236 -0.0011
vn -0.7340 0.2274 -0.6399
vn -0.8569 0.2654 -0.4419
vn -0.5725 0.1769 -0.8006
vn -0.3985 0.1265 -0.9084
vn -0.1839 0.0707 -0.9804
vn -0.1880 0.0642 -0.9801
vn -0.7076 0.6807 0.1893
vn -0.6918 0.6981 0.1846
vn -0.7272 0.6624 0.1800
vn -0.7447 0.6671 -0.0198
vn -0.6851 0.6915 -0.2291
vn -0.7410 0.6445 0.1884
vn -0.7564 0.6260 0.1896
vn -0.7858 0.5878 0.1923
vn -0.7714 0.6070 0.1908
vn -0.7998 0.5682 0.1936
vn -0.8133 0.5497 0.1906
vn -0.5417 0.5467 -0.6385
vn -0.2767 0.2824 -0.9185
vn 0.0253 -0.0179 -0.9995
vn -0.0003 0.0002 -1.0000
vn 0.0003 -0.0001 -1.0000
vn 0.0004 -0.0001 -1.0000
vn -0.8385 0.5074 0.1987
vn -0.8260 0.5232 0.2096
vn -0.8508 0.4863 0.1991
vn -0.8731 0.4436 0.2023
vn -0.8622 0.4651 0.2009
vn -0.8834 0.4220 0.2038
vn -0.8936 0.4016 0.2006
vn -0.9194 0.3331 0.2092
vn -0.9112 0.3557 0.2078
vn -0.9278 0.3120 0.2047
vn -0.9571 0.2898 -0.0067
vn -0.9335 0.2863 0.2160
vn -0.9426 0.2625 -0.2066
vn -0.9412 0.2621 0.2132
vn -0.9012 0.3732 0.2202
vn -0.0004 0.0001 -1.0000
vn 0.0275 -0.0134 -0.9995
vn -0.7503 0.2090 -0.6272
vn -0.3869 0.1053 -0.9161
vn 0.9724 0.0590 -0.2259
vn 0.9996 0.0261 0.0125
vn 0.9751 0.0262 -0.2200
vn 0.8972 0.0488 -0.4389
vn 0.7707 0.0209 -0.6369
vn 0.7700 0.0419 -0.6367
vn 0.8990 0.0218 -0.4373
vn 0.6001 0.0333 -0.7993
vn 0.4199 0.0144 -0.9075
vn 0.4044 0.0220 -0.9143
vn 0.6045 0.0175 -0.7964
vn 0.2118 0.0080 -0.9773
vn 0.1986 0.0109 -0.9800
vn 0.9696 0.1058 -0.2208
vn 0.7663 0.0837 -0.6370
vn 0.4027 0.0440 -0.9143
vn 0.9625 0.1568 -0.2215
vn 0.7599 0.1249 -0.6380
vn 0.4097 0.0840 -0.9083
vn 0.8768 0.1935 -0.4402
vn 0.7516 0.1659 -0.6384
vn 0.9519 0.2101 -0.2231
vn 0.5862 0.1295 -0.7998
vn 0.4087 0.0914 -0.9081
vn 0.9704 0.2416 0.0032
vn 0.9454 0.2361 -0.2248
vn 0.8704 0.2175 -0.4417
vn 0.7463 0.1862 -0.6390
vn 0.3941 0.1023 -0.9134
vn 0.5825 0.1449 -0.7998
vn 0.2072 0.0467 -0.9772
vn 0.1965 0.0493 -0.9793
vn 0.9744 0.0215 0.2238
vn 0.9754 -0.0002 0.2204
vn 0.9759 0.0470 0.2129
vn 0.9796 -0.0001 -0.2010
vn 0.9979 0.0650 0.0025
vn 0.9715 0.0901 0.2194
vn 0.9732 0.0676 0.2198
vn 0.9691 0.1138 0.2189
vn 0.7812 -0.0001 -0.6243
vn 0.4023 -0.0024 -0.9155
vn -0.0317 -0.0060 -0.9995
vn -0.0159 -0.0046 -0.9999
vn 0.9662 0.1374 0.2183
vn 0.9627 0.1610 0.2176
vn 0.9587 0.1844 0.2167
vn 0.9762 0.2169 -0.0063
vn 0.9549 0.2040 0.2158
vn 0.9507 0.2236 0.2151
vn 0.9461 0.2430 0.2142
vn 0.9411 0.2625 0.2131
vn 0.9425 0.2628 -0.2066
vn 0.0006 0.0002 -1.0000
vn 0.7503 0.2092 -0.6272
vn 0.3955 0.1103 -0.9118
vn 0.9463 0.3234 0.0050
vn 0.9306 0.2876 -0.2264
vn 0.9215 0.3148 -0.2274
vn 0.8477 0.2897 -0.4444
vn 0.7344 0.2270 -0.6396
vn 0.7264 0.2482 -0.6408
vn 0.8577 0.2622 -0.4423
vn 0.5656 0.1939 -0.8016
vn 0.3981 0.1259 -0.9087
vn 0.3816 0.1303 -0.9151
vn 0.5756 0.1797 -0.7977
vn 0.1881 0.0710 -0.9796
vn 0.2005 0.0642 -0.9776
vn 0.9013 0.3674 -0.2297
vn 0.7103 0.2896 -0.6415
vn 0.3729 0.1521 -0.9153
vn 0.8787 0.4168 -0.2327
vn 0.6915 0.3294 -0.6429
vn 0.3631 0.1730 -0.9155
vn 0.8529 0.4661 -0.2351
vn 0.6705 0.3680 -0.6443
vn 0.3518 0.1932 -0.9159
vn 0.8243 0.5137 -0.2381
vn 0.6473 0.4051 -0.6457
vn 0.3419 0.2311 -0.9109
vn 0.7931 0.5598 -0.2402
vn 0.6224 0.4409 -0.6467
vn 0.3273 0.2496 -0.9113
vn 0.7586 0.6046 -0.2429
vn 0.5947 0.4752 -0.6485
vn 0.3177 0.2669 -0.9099
vn 0.6616 0.5947 -0.4567
vn 0.5659 0.5085 -0.6490
vn 0.7212 0.6480 -0.2450
vn 0.4409 0.3961 -0.8054
vn 0.2966 0.2666 -0.9171
vn 0.7235 0.6899 -0.0240
vn 0.7013 0.6687 -0.2469
vn 0.6434 0.6134 -0.4580
vn 0.5501 0.5244 -0.6499
vn 0.4276 0.4086 -0.8063
vn 0.3008 0.2831 -0.9107
vn 0.1461 0.1313 -0.9805
vn 0.1524 0.1423 -0.9780
vn 0.9559 0.2936 0.0012
vn 0.9371 0.2768 0.2125
vn 0.9415 0.2611 0.2131
vn 0.9332 0.2980 0.2011
vn 0.9217 0.3240 0.2132
vn 0.9429 0.2614 -0.2066
vn 0.9147 0.3462 0.2086
vn 0.9061 0.3688 0.2071
vn 0.8875 0.4131 0.2044
vn 0.8970 0.3911 0.2059
vn 0.8668 0.4562 0.2014
vn 0.8774 0.4348 0.2029
vn 0.8556 0.4774 0.2000
vn 0.7506 0.2081 -0.6272
vn 0.3871 0.1050 -0.9160
vn -0.0281 -0.0135 -0.9995
vn 0.0006 0.0001 -1.0000
vn -0.0004 -0.0002 -1.0000
vn 0.0003 0.0003 -1.0000
vn 0.8440 0.4983 0.1984
vn 0.8318 0.5189 0.1971
vn 0.8059 0.5593 0.1943
vn 0.8191 0.5392 0.1955
vn 0.7779 0.5989 0.1900
vn 0.7631 0.6177 0.1899
vn 0.7922 0.5776 0.1971
vn 0.7396 0.6722 -0.0337
vn 0.7478 0.6365 0.1887
vn 0.7155 0.6750 0.1803
vn 0.7319 0.6539 0.1915
vn 0.6845 0.6921 -0.2291
vn 0.6911 0.6988 0.1846
vn 0.6985 0.6912 0.1851
vn -0.0002 -0.0002 -1.0000
vn 0.5412 0.5472 -0.6385
vn 0.2764 0.2826 -0.9185
vn -0.0257 -0.0182 -0.9995
vn 0.6606 0.7503 -0.0269
vn 0.6618 0.7130 -0.2317
vn 0.6393 0.7276 -0.2489
vn 0.6793 0.7293 0.0823
vn 0.6934 0.7201 -0.0247
vn 0.6748 0.7333 -0.0830
vn 0.6805 0.7297 0.0676
vn 0.6928 0.7086 0.1339
vn 0.6967 0.7125 0.0829
vn 0.6896 0.7069 0.1575
vn 0.6955 0.7057 0.1349
vn 0.4945 0.5723 -0.6541
vn 0.6088 0.6552 -0.4473
vn 0.5187 0.5554 -0.6500
vn 0.5826 0.6742 -0.4539
vn 0.2583 0.3038 -0.9171
vn 0.4039 0.4323 -0.8062
vn 0.2797 0.3032 -0.9110
vn 0.3924 0.4497 -0.8024
vn 0.1408 0.1536 -0.9780
vn 0.1295 0.1473 -0.9806
vn 0.5948 0.7638 -0.2506
vn 0.4661 0.5985 -0.6516
vn 0.2443 0.3137 -0.9176
vn 0.5482 0.7973 -0.2527
vn 0.4281 0.6251 -0.6527
vn 0.2246 0.3278 -0.9177
vn 0.4992 0.8283 -0.2546
vn 0.3895 0.6487 -0.6538
vn 0.2041 0.3400 -0.9180
vn 0.3476 0.6739 -0.6520
vn 0.1833 0.3514 -0.9181
vn 0.3962 0.8815 -0.2571
vn 0.3087 0.6898 -0.6549
vn 0.1538 0.3766 -0.9135
vn 0.3419 0.9035 -0.2584
vn 0.2661 0.7065 -0.6558
vn 0.1394 0.3701 -0.9185
vn 0.2871 0.9221 -0.2595
vn 0.2232 0.7211 -0.6560
vn 0.1170 0.3779 -0.9184
vn 0.2312 0.9373 -0.2609
vn 0.1795 0.7325 -0.6567
vn 0.0941 0.3840 -0.9185
vn 0.1322 0.7442 -0.6547
vn 0.0709 0.3883 -0.9188
vn 0.1173 0.9580 -0.2616
vn 0.0907 0.7482 -0.6572
vn 0.0326 0.4067 -0.9130
vn 0.0531 0.8814 -0.4694
vn 0.0453 0.7520 -0.6576
vn 0.0581 0.9632 -0.2623
vn 0.0353 0.5851 -0.8102
vn 0.0238 0.4087 -0.9124
vn 0.0309 0.9646 -0.2619
vn 0.0601 0.9973 -0.0420
vn 0.0126 0.9976 0.0682
vn 0.0373 0.9939 -0.1036
vn 0.0146 0.9990 -0.0414
vn 0.0223 0.7536 -0.6570
vn 0.0249 0.8830 -0.4687
vn 0.0168 0.5859 -0.8102
vn 0.0116 0.3941 -0.9190
vn 0.0118 0.2086 -0.9779
vn 0.0055 0.1943 -0.9809
vn 0.6981 0.6953 0.1706
vn 0.6912 0.6986 0.1849
vn 0.6925 0.6974 0.1847
vn 0.6870 0.7032 0.1831
vn 0.6825 0.7073 0.1841
vn 0.6892 0.7110 0.1397
vn 0.6857 0.6873 -0.2394
vn 0.6648 0.7243 0.1829
vn 0.6468 0.7407 0.1818
vn 0.6097 0.7720 0.1794
vn 0.6284 0.7566 0.1807
vn 0.5713 0.8013 0.1776
vn 0.5906 0.7869 0.1786
vn 0.5316 0.8286 0.1758
vn 0.5516 0.8152 0.1767
vn 0.5112 0.8415 0.1749
vn 0.4696 0.8657 0.1734
vn 0.4905 0.8539 0.1741
vn 0.4429 0.8589 -0.2572
vn 0.4266 0.8880 0.1718
vn 0.4482 0.8771 0.1724
vn 0.5378 0.5374 -0.6496
vn 0.2800 0.2788 -0.9186
vn -0.0181 -0.0258 -0.9995
vn -0.0001 -0.0001 -1.0000
vn 0.0001 0.0003 -1.0000
vn -0.0001 -0.0003 -1.0000
vn 0.4046 0.8983 0.1713
vn 0.3598 0.9174 0.1699
vn 0.3823 0.9082 0.1706
vn 0.3371 0.9261 0.1692
vn 0.2912 0.9418 0.1677
vn 0.3142 0.9343 0.1684
vn 0.2681 0.9487 0.1674
vn 0.2449 0.9551 0.1668
vn 0.1979 0.9661 0.1660
vn 0.2214 0.9609 0.1664
vn 0.1645 0.9479 -0.2730
vn 0.1742 0.9707 0.1656
vn 0.1264 0.9781 0.1651
vn 0.1504 0.9747 0.1652
vn 0.1023 0.9810 0.1649
vn 0.0537 0.9849 0.1646
vn 0.0781 0.9832 0.1647
vn 0.0305 0.9872 0.1566
vn 0.0044 0.9863 0.1651
vn 0.0351 0.9971 0.0681
vn -0.0008 0.9864 0.1643
vn -0.0008 0.9695 -0.2450
vn -0.0002 -0.0170 -0.9999
vn -0.0000 0.0004 -1.0000
vn -0.0007 0.7630 -0.6464
vn -0.0004 0.4010 -0.9161
vn -0.9767 0.2146 0.0040
vn -0.9453 0.2361 -0.2251
vn -0.9518 0.2102 -0.2232
vn -0.7501 0.1599 -0.6416
vn -0.8707 0.2176 -0.4411
vn -0.7465 0.1862 -0.6388
vn -0.8772 0.1935 -0.4393
vn -0.3975 0.0804 -0.9141
vn -0.5819 0.1453 -0.8002
vn -0.4062 0.0985 -0.9085
vn -0.5931 0.1298 -0.7946
vn -0.1981 0.0370 -0.9795
vn -0.2050 0.0488 -0.9775
vn -0.9621 0.1584 -0.2218
vn -0.7597 0.1250 -0.6381
vn -0.3992 0.0656 -0.9145
vn -0.7716 0.0853 -0.6304
vn -0.4099 0.0453 -0.9110
vn -0.8977 0.0489 -0.4379
vn -0.7698 0.0419 -0.6369
vn -0.9652 0.1131 -0.2358
vn -0.9740 0.0531 -0.2203
vn -0.6006 0.0327 -0.7988
vn -0.4045 0.0220 -0.9143
vn -0.9751 0.0285 -0.2201
vn -0.9985 0.0543 0.0085
vn -0.9931 0.0119 0.1170
vn -0.9981 0.0344 -0.0517
vn -0.9999 0.0135 0.0089
vn -0.7713 0.0199 -0.6362
vn -0.8990 0.0241 -0.4373
vn -0.4081 0.0070 -0.9129
vn -0.6047 0.0172 -0.7963
vn -0.2002 0.0017 -0.9798
vn -0.1835 0.0081 -0.9830
vn -0.9696 0.2443 0.0116
vn -0.9495 0.2286 0.2148
vn -0.9411 0.2625 0.2132
vn -0.9425 0.2628 -0.2066
vn -0.9568 0.1945 0.2163
vn -0.9610 0.1711 0.2172
vn -0.9630 0.1491 0.2247
vn -0.9685 0.1234 0.2163
vn -0.9705 0.1003 0.2190
vn -0.7502 0.2092 -0.6272
vn -0.3859 0.1101 -0.9160
vn 0.0312 -0.0027 -0.9995
vn -0.0154 0.0026 -0.9999
vn -0.9726 0.0766 0.2197
vn -0.9741 0.0528 0.2200
vn -0.9929 0.0280 0.1154
vn -0.9750 0.0289 0.2202
vn -0.9754 0.0050 0.2203
vn -0.9754 -0.0002 0.2203
vn -0.9796 -0.0001 -0.2010
vn 0.0370 -0.0062 -0.9993
vn -0.7811 -0.0001 -0.6244
vn -0.4119 -0.0001 -0.9112
vn -0.6604 -0.7505 -0.0228
vn -0.6615 -0.7080 -0.2474
vn -0.6393 -0.7275 -0.2490
vn -0.5857 -0.6667 -0.4608
vn -0.5237 -0.5649 -0.6377
vn -0.5010 -0.5702 -0.6511
vn -0.6083 -0.6487 -0.4573
vn -0.2580 -0.3033 -0.9173
vn -0.4092 -0.4412 -0.7987
vn -0.2718 -0.2909 -0.9173
vn -0.3931 -0.4500 -0.8019
vn -0.1339 -0.1433 -0.9806
vn -0.1294 -0.1471 -0.9806
vn -0.5939 -0.7644 -0.2509
vn -0.4653 -0.5989 -0.6517
vn -0.2440 -0.3141 -0.9175
vn -0.5481 -0.7974 -0.2524
vn -0.4281 -0.6251 -0.6527
vn -0.2243 -0.3278 -0.9177
vn -0.4991 -0.8283 -0.2548
vn -0.3896 -0.6489 -0.6536
vn -0.2043 -0.3400 -0.9180
vn -0.4486 -0.8564 -0.2557
vn -0.3498 -0.6705 -0.6542
vn -0.1833 -0.3513 -0.9181
vn -0.3962 -0.8813 -0.2574
vn -0.3086 -0.6897 -0.6551
vn -0.1618 -0.3616 -0.9182
vn -0.3426 -0.9035 -0.2574
vn -0.2664 -0.7068 -0.6554
vn -0.1395 -0.3702 -0.9184
vn -0.2869 -0.9220 -0.2599
vn -0.2230 -0.7208 -0.6563
vn -0.1168 -0.3775 -0.9186
vn -0.2310 -0.9373 -0.2608
vn -0.1795 -0.7326 -0.6566
vn -0.0941 -0.3841 -0.9185
vn -0.1319 -0.7446 -0.6544
vn -0.0709 -0.3883 -0.9188
vn -0.1172 -0.9581 -0.2615
vn -0.0906 -0.7481 -0.6574
vn -0.0397 -0.4074 -0.9124
vn -0.0533 -0.8813 -0.4695
vn -0.0454 -0.7523 -0.6573
vn -0.0582 -0.9633 -0.2622
vn -0.0354 -0.5853 -0.8101
vn -0.0237 -0.3937 -0.9189
vn -0.0353 -0.9985 -0.0421
vn -0.0287 -0.9646 -0.2620
vn -0.0131 -0.9976 0.0674
vn -0.0146 -0.9990 -0.0423
vn -0.0262 -0.8825 -0.4696
vn -0.0224 -0.7529 -0.6577
vn -0.0083 -0.3971 -0.9177
vn -0.0188 -0.5893 -0.8077
vn -0.0051 -0.1930 -0.9812
vn -0.0117 -0.1940 -0.9809
vn -0.6834 -0.7299 -0.0140
vn -0.6672 -0.7240 0.1750
vn -0.6926 -0.6973 0.1847
vn -0.6454 -0.7407 0.1864
vn -0.6096 -0.7720 0.1797
vn -0.6284 -0.7566 0.1807
vn -0.5906 -0.7870 0.1784
vn -0.6860 -0.6906 -0.2291
vn -0.5712 -0.8014 0.1776
vn -0.5515 -0.8153 0.1766
vn -0.5315 -0.8287 0.1756
vn -0.5111 -0.8415 0.1749
vn -0.4905 -0.8539 0.1741
vn -0.4695 -0.8657 0.1733
vn -0.4482 -0.8771 0.1724
vn -0.4266 -0.8879 0.1719
vn -0.4047 -0.8983 0.1710
vn -0.3825 -0.9081 0.1706
vn -0.3599 -0.9174 0.1699
vn -0.5393 -0.5395 -0.6466
vn -0.2780 -0.2754 -0.9203
vn -0.0004 -0.0009 -1.0000
vn 0.0003 0.0007 -1.0000
vn -0.3398 -0.9227 0.1824
vn -0.3135 -0.9353 0.1643
vn -0.2912 -0.9418 0.1680
vn -0.2448 -0.9551 0.1668
vn -0.2681 -0.9487 0.1674
vn -0.2213 -0.9609 0.1664
vn -0.1978 -0.9661 0.1660
vn -0.1694 -0.9501 -0.2621
vn -0.1741 -0.9707 0.1656
vn -0.1503 -0.9747 0.1653
vn -0.1264 -0.9782 0.1651
vn -0.0629 -0.9965 -0.0545
vn -0.0781 -0.9833 0.1647
vn -0.1023 -0.9810 0.1648
vn -0.0537 -0.9849 0.1646
vn -0.0306 -0.9872 0.1565
vn -0.0046 -0.9863 0.1651
vn 0.0006 -0.9864 0.1643
vn -0.0352 -0.9971 0.0672
vn 0.0006 -0.9695 -0.2449
vn -0.0000 -0.0004 -1.0000
vn 0.0005 -0.7630 -0.6464
vn 0.0003 -0.4009 -0.9161
vn 0.7261 -0.6398 -0.2518
vn 0.7249 -0.6884 -0.0224
vn 0.7026 -0.6675 -0.2467
vn 0.7109 -0.6978 0.0883
vn 0.7140 -0.6997 -0.0239
vn 0.5695 -0.4999 -0.6525
vn 0.6446 -0.6123 -0.4579
vn 0.5608 -0.5286 -0.6373
vn 0.6644 -0.5926 -0.4554
vn 0.3022 -0.2608 -0.9169
vn 0.4382 -0.4131 -0.7983
vn 0.3009 -0.2824 -0.9109
vn 0.4422 -0.3954 -0.8051
vn 0.1522 -0.1278 -0.9801
vn 0.1525 -0.1421 -0.9780
vn 0.7618 -0.6005 -0.2430
vn 0.5979 -0.4713 -0.6484
vn 0.3137 -0.2472 -0.9168
vn 0.6308 -0.4328 -0.6440
vn 0.3287 -0.2281 -0.9165
vn 0.6566 -0.3943 -0.6429
vn 0.7905 -0.5595 -0.2491
vn 0.3428 -0.2083 -0.9160
vn 0.6804 -0.3546 -0.6413
vn 0.8229 -0.5117 -0.2469
vn 0.3552 -0.1875 -0.9158
vn 0.7017 -0.3129 -0.6402
vn 0.8533 -0.4605 -0.2443
vn 0.3832 -0.1570 -0.9102
vn 0.7205 -0.2698 -0.6388
vn 0.8802 -0.4088 -0.2411
vn 0.3929 -0.1337 -0.9098
vn 0.7371 -0.2256 -0.6370
vn 0.9041 -0.3541 -0.2392
vn 0.4009 -0.1092 -0.9096
vn 0.7498 -0.1810 -0.6364
vn 0.9246 -0.2990 -0.2361
vn 0.3923 -0.0969 -0.9147
vn 0.7601 -0.1359 -0.6355
vn 0.9411 -0.2444 -0.2337
vn 0.4124 -0.0604 -0.9090
vn 0.7700 -0.0944 -0.6310
vn 0.9548 -0.1860 -0.2318
vn 0.4188 -0.0401 -0.9072
vn 0.8972 -0.0544 -0.4383
vn 0.7695 -0.0468 -0.6369
vn 0.9635 -0.1234 -0.2374
vn 0.9736 -0.0590 -0.2204
vn 0.6008 -0.0365 -0.7985
vn 0.4043 -0.0246 -0.9143
vn 0.9749 -0.0316 -0.2202
vn 0.9981 -0.0605 0.0085
vn 0.9925 -0.0131 0.1216
vn 0.9978 -0.0379 -0.0544
vn 0.9999 -0.0148 0.0088
vn 0.7714 -0.0227 -0.6359
vn 0.8994 -0.0256 -0.4364
vn 0.6008 -0.0175 -0.7992
vn 0.4049 -0.0121 -0.9143
vn 0.1999 -0.0037 -0.9798
vn 0.1986 -0.0122 -0.9800
vn 0.6953 -0.6943 0.1860
vn 0.6912 -0.6987 0.1847
vn 0.7143 -0.6771 0.1771
vn 0.7266 -0.6814 0.0884
vn 0.7280 -0.6594 0.1875
vn 0.7485 -0.6629 -0.0183
vn 0.6846 -0.6920 -0.2291
vn 0.7435 -0.6416 0.1888
vn 0.7584 -0.6234 0.1901
vn 0.7869 -0.5862 0.1926
vn 0.7729 -0.6050 0.1913
vn 0.8004 -0.5672 0.1939
vn 0.8264 -0.5278 0.1964
vn 0.8135 -0.5479 0.1950
vn 0.8388 -0.5073 0.1978
vn 0.8621 -0.4654 0.2005
vn 0.8507 -0.4865 0.1991
vn 0.8833 -0.4224 0.2033
vn 0.8730 -0.4440 0.2019
vn 0.8932 -0.4004 0.2047
vn 0.5348 -0.5439 -0.6467
vn 0.2643 -0.2748 -0.9245
vn -0.0255 0.0183 -0.9995
vn -0.0002 0.0001 -1.0000
vn -0.0005 0.0002 -1.0000
vn 0.9025 -0.3781 0.2063
vn 0.9112 -0.3556 0.2079
vn 0.9194 -0.3329 0.2095
vn 0.9341 -0.2872 0.2121
vn 0.9270 -0.3101 0.2109
vn 0.9413 -0.2660 0.2078
vn 0.9518 -0.2179 0.2157
vn 0.9440 -0.2350 0.2315
vn 0.9610 -0.1712 0.2172
vn 0.9567 -0.1946 0.2166
vn 0.9647 -0.1477 0.2179
vn 0.9706 -0.1004 0.2189
vn 0.9679 -0.1242 0.2185
vn 0.9726 -0.0767 0.2193
vn 0.9919 -0.0359 0.1220
vn 0.9771 -0.0303 0.2108
vn 0.9741 -0.0528 0.2197
vn 0.9752 -0.0044 0.2212
vn 0.9754 0.0006 0.2203
vn 0.9796 0.0005 -0.2010
vn 0.0006 -0.0002 -1.0000
vn 0.0003 -0.0000 -1.0000
vn 0.7812 0.0004 -0.6243
vn 0.4119 0.0002 -0.9112
vn 0.0002 -0.0000 -1.0000
vn 0.7351 -0.6542 0.1778
vn 0.7473 -0.6401 0.1784
vn 0.7509 -0.6394 0.1651
vn 0.7267 -0.6669 0.1645
vn 0.7229 -0.6678 0.1773
vn 0.7101 -0.6816 0.1765
vn 0.7014 -0.6936 0.1639
vn 0.6976 -0.6946 0.1758
vn 0.7198 -0.6698 0.1822
vn 0.7007 -0.6903 0.1803
vn 0.7085 -0.6827 0.1785
vn 0.6951 -0.6959 0.1805
vn 0.6994 -0.6909 0.1832
vn 0.7059 -0.6841 0.1837
vn 0.6963 -0.6940 0.1829
vn 0.6936 -0.6968 0.1827
vn 0.6983 -0.6918 0.1841
vn 0.6932 -0.6970 0.1836
vn 0.6957 -0.6946 0.1832
vn 0.7434 -0.6431 0.1839
vn 0.7320 -0.6563 0.1832
vn 0.7809 -0.5980 0.1807
vn 0.7917 -0.5834 0.1814
vn 0.7958 -0.5823 0.1662
vn 0.7739 -0.6112 0.1655
vn 0.7698 -0.6124 0.1799
vn 0.7586 -0.6265 0.1790
vn 0.7668 -0.6145 0.1856
vn 0.7554 -0.6289 0.1842
vn 0.7883 -0.5861 0.1873
vn 0.7773 -0.6006 0.1873
vn 0.7552 -0.6420 0.1320
vn 0.7784 -0.6135 0.1330
vn 0.8005 -0.5847 0.1317
vn 0.8221 -0.5389 0.1833
vn 0.8318 -0.5237 0.1840
vn 0.8361 -0.5224 0.1675
vn 0.8165 -0.5527 0.1668
vn 0.8123 -0.5539 0.1827
vn 0.8021 -0.5689 0.1819
vn 0.8093 -0.5562 0.1889
vn 0.7990 -0.5715 0.1872
vn 0.8288 -0.5262 0.1903
vn 0.8186 -0.5417 0.1910
vn 0.8213 -0.5555 0.1299
vn 0.8416 -0.5247 0.1282
vn 0.8597 -0.4757 0.1862
vn 0.8683 -0.4594 0.1869
vn 0.8730 -0.4576 0.1687
vn 0.8552 -0.4904 0.1679
vn 0.8506 -0.4919 0.1856
vn 0.8414 -0.5079 0.1848
vn 0.8478 -0.4942 0.1923
vn 0.8382 -0.5107 0.1912
vn 0.8654 -0.4618 0.1942
vn 0.8561 -0.4787 0.1948
vn 0.8610 -0.4925 0.1269
vn 0.8791 -0.4598 0.1255
vn 0.8913 -0.4121 0.1892
vn 0.8983 -0.3962 0.1899
vn 0.9032 -0.3941 0.1699
vn 0.8887 -0.4261 0.1693
vn 0.8839 -0.4280 0.1885
vn 0.8763 -0.4438 0.1877
vn 0.8809 -0.4309 0.1959
vn 0.8732 -0.4470 0.1943
vn 0.8953 -0.3993 0.1975
vn 0.8876 -0.4159 0.1980
vn 0.8925 -0.4339 0.1232
vn 0.9098 -0.3961 0.1239
vn 0.9184 -0.3458 0.1922
vn 0.9244 -0.3289 0.1930
vn 0.9295 -0.3265 0.1713
vn 0.9170 -0.3605 0.1706
vn 0.9120 -0.3626 0.1916
vn 0.9053 -0.3796 0.1908
vn 0.9088 -0.3663 0.1996
vn 0.9022 -0.3831 0.1980
vn 0.9211 -0.3331 0.2014
vn 0.9152 -0.3492 0.2012
vn 0.9240 -0.3622 0.1225
vn 0.9369 -0.3281 0.1210
vn 0.9404 -0.2784 0.1953
vn 0.9450 -0.2619 0.1960
vn 0.9501 -0.2600 0.1725
vn 0.9405 -0.2932 0.1719
vn 0.9354 -0.2953 0.1947
vn 0.9301 -0.3121 0.1939
vn 0.9325 -0.2984 0.2035
vn 0.9272 -0.3158 0.2016
vn 0.9421 -0.2653 0.2049
vn 0.9372 -0.2822 0.2050
vn 0.9480 -0.2950 0.1191
vn 0.9581 -0.2613 0.1172
vn 0.9572 -0.2116 0.1975
vn 0.9607 -0.1947 0.1981
vn 0.9656 -0.1935 0.1734
vn 0.9585 -0.2268 0.1730
vn 0.9534 -0.2284 0.1970
vn 0.9493 -0.2453 0.1965
vn 0.9508 -0.2307 0.2066
vn 0.9469 -0.2478 0.2050
vn 0.9581 -0.1976 0.2076
vn 0.9544 -0.2145 0.2077
vn 0.9667 -0.2280 0.1164
vn 0.9730 -0.2015 0.1122
vn 0.9694 -0.1437 0.1991
vn 0.9717 -0.1265 0.1994
vn 0.9767 -0.1259 0.1740
vn 0.9717 -0.1600 0.1738
vn 0.9667 -0.1609 0.1988
vn 0.9638 -0.1780 0.1984
vn 0.9644 -0.1622 0.2089
vn 0.9616 -0.1797 0.2072
vn 0.9692 -0.1291 0.2096
vn 0.9669 -0.1458 0.2093
vn 0.9803 -0.1606 0.1152
vn 0.9853 -0.1267 0.1149
vn 0.9770 -0.0744 0.2000
vn 0.9781 -0.0569 0.2001
vn 0.9830 -0.0563 0.1745
vn 0.9805 -0.0913 0.1742
vn 0.9755 -0.0919 0.1998
vn 0.9738 -0.1094 0.1995
vn 0.9733 -0.0925 0.2101
vn 0.9716 -0.1107 0.2093
vn 0.9747 -0.0749 0.2105
vn 0.9758 -0.0590 0.2107
vn 0.9892 -0.0919 0.1144
vn 0.9919 -0.0566 0.1140
vn 0.9797 -0.0042 0.2006
vn 0.9796 0.0126 0.2008
vn 0.9846 0.0127 0.1746
vn 0.9844 -0.0207 0.1745
vn 0.9795 -0.0212 0.2004
vn 0.9790 -0.0388 0.2003
vn 0.9767 -0.0406 0.2110
vn 0.9773 -0.0221 0.2109
vn 0.9775 0.0041 0.2110
vn 0.9774 0.0128 0.2111
vn 0.9775 -0.0045 0.2108
vn 0.9774 -0.0132 0.2111
vn 0.9765 -0.0088 0.2152
vn 0.9764 -0.0047 0.2159
vn 0.9764 -0.0136 0.2157
vn 0.9762 -0.0222 0.2157
vn 0.9759 -0.0092 0.2179
vn 0.9759 -0.0050 0.2182
vn 0.9759 -0.0136 0.2179
vn 0.9764 0.0044 0.2157
vn 0.9763 0.0126 0.2159
vn 0.9765 -0.0000 0.2156
vn 0.9759 -0.0005 0.2181
vn 0.9759 0.0036 0.2182
vn 0.9933 -0.0208 0.1136
vn 0.9935 0.0129 0.1134
vn 0.9776 0.0641 0.2004
vn 0.9763 0.0815 0.2003
vn 0.9813 0.0809 0.1744
vn 0.9836 0.0464 0.1746
vn 0.9786 0.0469 0.2005
vn 0.9792 0.0297 0.2006
vn 0.9770 0.0305 0.2111
vn 0.9763 0.0481 0.2110
vn 0.9754 0.0644 0.2108
vn 0.9741 0.0824 0.2104
vn 0.9924 0.0468 0.1135
vn 0.9902 0.0814 0.1137
vn 0.9709 0.1329 0.1994
vn 0.9685 0.1499 0.1990
vn 0.9735 0.1486 0.1739
vn 0.9780 0.1147 0.1742
vn 0.9730 0.1157 0.1997
vn 0.9748 0.0987 0.2000
vn 0.9724 0.1009 0.2103
vn 0.9705 0.1184 0.2100
vn 0.9686 0.1341 0.2092
vn 0.9661 0.1518 0.2089
vn 0.9867 0.1155 0.1141
vn 0.9821 0.1494 0.1146
vn 0.9594 0.2012 0.1977
vn 0.9557 0.2186 0.1971
vn 0.9607 0.2169 0.1730
vn 0.9678 0.1825 0.1734
vn 0.9627 0.1840 0.1982
vn 0.9658 0.1670 0.1986
vn 0.9631 0.1700 0.2085
vn 0.9600 0.1874 0.2079
vn 0.9569 0.2040 0.2069
vn 0.9532 0.2206 0.2069
vn 0.9762 0.1835 0.1155
vn 0.9689 0.2182 0.1163
vn 0.9429 0.2700 0.1953
vn 0.9380 0.2867 0.1948
vn 0.9431 0.2847 0.1720
vn 0.9525 0.2510 0.1724
vn 0.9475 0.2529 0.1959
vn 0.9518 0.2356 0.1965
vn 0.9491 0.2387 0.2054
vn 0.9449 0.2552 0.2052
vn 0.9379 0.2804 0.2042
vn 0.9353 0.2892 0.2038
vn 0.9403 0.2719 0.2047
vn 0.9427 0.2631 0.2050
vn 0.9413 0.2655 0.2087
vn 0.9389 0.2736 0.2088
vn 0.9436 0.2562 0.2096
vn 0.9366 0.2818 0.2083
vn 0.9340 0.2906 0.2079
vn 0.9605 0.2525 0.1173
vn 0.9506 0.2867 0.1189
vn 0.9215 0.3373 0.1926
vn 0.9154 0.3537 0.1919
vn 0.9203 0.3520 0.1708
vn 0.9324 0.3183 0.1713
vn 0.9274 0.3202 0.1932
vn 0.9328 0.3035 0.1941
vn 0.9243 0.3239 0.2021
vn 0.9301 0.3057 0.2037
vn 0.9125 0.3566 0.2007
vn 0.9190 0.3397 0.2001
vn 0.9415 0.3169 0.1142
vn 0.9275 0.3534 0.1214
vn 0.8960 0.4015 0.1899
vn 0.8890 0.4170 0.1892
vn 0.8938 0.4151 0.1696
vn 0.9076 0.3837 0.1701
vn 0.9027 0.3857 0.1907
vn 0.9092 0.3698 0.1913
vn 0.9058 0.3738 0.1994
vn 0.8996 0.3887 0.1989
vn 0.8930 0.4044 0.1977
vn 0.8853 0.4214 0.1968
vn 0.9145 0.3857 0.1221
vn 0.9004 0.4172 0.1235
vn 0.8643 0.4671 0.1867
vn 0.8554 0.4833 0.1861
vn 0.8601 0.4816 0.1682
vn 0.8776 0.4487 0.1688
vn 0.8728 0.4506 0.1877
vn 0.8811 0.4338 0.1885
vn 0.8773 0.4383 0.1958
vn 0.8697 0.4536 0.1946
vn 0.8611 0.4701 0.1939
vn 0.8519 0.4869 0.1928
vn 0.8838 0.4509 0.1249
vn 0.8659 0.4840 0.1263
vn 0.8281 0.5296 0.1838
vn 0.8184 0.5447 0.1830
vn 0.8229 0.5431 0.1669
vn 0.8421 0.5126 0.1676
vn 0.8375 0.5144 0.1845
vn 0.8466 0.4989 0.1853
vn 0.8431 0.5024 0.1919
vn 0.8345 0.5170 0.1909
vn 0.8255 0.5313 0.1904
vn 0.8155 0.5469 0.1894
vn 0.8475 0.5152 0.1278
vn 0.8280 0.5456 0.1292
vn 0.7875 0.5892 0.1808
vn 0.7765 0.6039 0.1799
vn 0.7807 0.6025 0.1657
vn 0.8024 0.5731 0.1663
vn 0.7981 0.5745 0.1816
vn 0.8084 0.5598 0.1822
vn 0.8049 0.5628 0.1882
vn 0.7950 0.5770 0.1872
vn 0.7851 0.5905 0.1868
vn 0.7736 0.6057 0.1860
vn 0.8074 0.5755 0.1304
vn 0.7850 0.6052 0.1322
vn 0.7404 0.6483 0.1776
vn 0.7279 0.6625 0.1769
vn 0.7315 0.6617 0.1645
vn 0.7569 0.6324 0.1649
vn 0.7529 0.6335 0.1786
vn 0.7650 0.6186 0.1793
vn 0.7614 0.6214 0.1848
vn 0.7500 0.6354 0.1837
vn 0.7250 0.6642 0.1823
vn 0.7377 0.6501 0.1822
vn 0.7624 0.6340 0.1294
vn 0.7347 0.6648 0.1353
vn 0.6919 0.7004 0.1753
vn 0.6796 0.7124 0.1750
vn 0.6832 0.7116 0.1636
vn 0.7064 0.6886 0.1640
vn 0.7026 0.6895 0.1761
vn 0.7154 0.6761 0.1766
vn 0.7066 0.6842 0.1806
vn 0.7003 0.6907 0.1804
vn 0.7127 0.6776 0.1814
vn 0.7054 0.6848 0.1833
vn 0.6987 0.6916 0.1830
vn 0.6831 0.7079 0.1794
vn 0.6769 0.7139 0.1795
vn 0.6893 0.7019 0.1798
vn 0.6948 0.6962 0.1804
vn 0.6909 0.6996 0.1823
vn 0.6877 0.7027 0.1824
vn 0.6934 0.6971 0.1824
vn 0.6954 0.6951 0.1827
vn 0.6937 0.6964 0.1837
vn 0.6925 0.6976 0.1839
vn 0.6953 0.6948 0.1840
vn 0.6988 0.6912 0.1842
vn 0.6925 0.6975 0.1842
vn 0.6936 0.6965 0.1838
vn 0.6905 0.6996 0.1836
vn 0.6873 0.7028 0.1835
vn 0.6920 0.6981 0.1836
vn 0.6917 0.6983 0.1843
vn 0.6895 0.7006 0.1838
vn 0.6926 0.6973 0.1844
vn 0.6918 0.6984 0.1835
vn 0.6911 0.6990 0.1840
vn 0.6922 0.6977 0.1845
vn 0.6816 0.7088 0.1820
vn 0.6749 0.7153 0.1814
vn 0.6844 0.7060 0.1821
vn 0.6843 0.7058 0.1832
vn 0.6808 0.7092 0.1829
vn 0.7088 0.6922 0.1359
vn 0.6854 0.7152 0.1370
vn 0.6394 0.7491 0.1731
vn 0.6255 0.7609 0.1728
vn 0.6286 0.7606 0.1626
vn 0.6563 0.7366 0.1630
vn 0.6530 0.7371 0.1738
vn 0.6665 0.7249 0.1742
vn 0.6631 0.7268 0.1788
vn 0.6505 0.7383 0.1780
vn 0.6365 0.7506 0.1773
vn 0.6218 0.7630 0.1766
vn 0.5824 0.7947 0.1712
vn 0.5677 0.8053 0.1706
vn 0.5705 0.8052 0.1617
vn 0.5999 0.7835 0.1621
vn 0.5970 0.7837 0.1717
vn 0.6113 0.7725 0.1721
vn 0.6076 0.7745 0.1760
vn 0.5944 0.7849 0.1751
vn 0.5800 0.7956 0.1747
vn 0.5645 0.8069 0.1741
vn 0.5227 0.8356 0.1692
vn 0.5071 0.8452 0.1688
vn 0.5095 0.8453 0.1609
vn 0.5403 0.8259 0.1613
vn 0.5377 0.8259 0.1696
vn 0.5529 0.8158 0.1699
vn 0.5496 0.8172 0.1734
vn 0.5359 0.8264 0.1731
vn 0.5204 0.8363 0.1726
vn 0.5042 0.8463 0.1719
vn 0.4598 0.8721 0.1676
vn 0.4438 0.8804 0.1673
vn 0.4457 0.8807 0.1602
vn 0.4779 0.8636 0.1606
vn 0.4757 0.8634 0.1678
vn 0.4915 0.8545 0.1683
vn 0.4887 0.8555 0.1714
vn 0.4745 0.8635 0.1710
vn 0.4580 0.8725 0.1704
vn 0.4410 0.8812 0.1700
vn 0.3967 0.9028 0.1662
vn 0.3810 0.9096 0.1658
vn 0.3829 0.9099 0.1597
vn 0.4146 0.8959 0.1596
vn 0.4126 0.8956 0.1665
vn 0.4282 0.8881 0.1670
vn 0.4261 0.8887 0.1694
vn 0.4118 0.8954 0.1693
vn 0.3786 0.9101 0.1682
vn 0.3949 0.9032 0.1681
vn 0.4465 0.8833 0.1429
vn 0.4139 0.8988 0.1442
vn 0.3813 0.9131 0.1446
vn 0.3277 0.9303 0.1647
vn 0.3099 0.9365 0.1644
vn 0.3116 0.9368 0.1591
vn 0.3475 0.9240 0.1594
vn 0.3456 0.9238 0.1650
vn 0.3633 0.9170 0.1648
vn 0.3616 0.9171 0.1677
vn 0.3450 0.9235 0.1677
vn 0.3265 0.9303 0.1670
vn 0.3074 0.9369 0.1665
vn 0.2577 0.9522 0.1639
vn 0.2399 0.9571 0.1627
vn 0.2414 0.9574 0.1585
vn 0.2767 0.9477 0.1588
vn 0.2749 0.9475 0.1632
vn 0.2924 0.9422 0.1635
vn 0.2907 0.9423 0.1660
vn 0.2746 0.9471 0.1659
vn 0.2565 0.9523 0.1655
vn 0.2381 0.9571 0.1651
vn 0.1878 0.9687 0.1622
vn 0.1703 0.9719 0.1624
vn 0.1710 0.9725 0.1578
vn 0.2065 0.9656 0.1579
vn 0.2054 0.9650 0.1629
vn 0.2226 0.9613 0.1626
vn 0.2215 0.9611 0.1647
vn 0.2057 0.9646 0.1648
vn 0.1878 0.9684 0.1644
vn 0.1689 0.9719 0.1641
vn 0.2414 0.9592 0.1473
vn 0.2064 0.9672 0.1477
vn 0.1692 0.9744 0.1479
vn 0.1149 0.9801 0.1616
vn 0.0967 0.9821 0.1614
vn 0.0971 0.9827 0.1580
vn 0.1344 0.9783 0.1579
vn 0.1336 0.9777 0.1622
vn 0.1521 0.9749 0.1623
vn 0.1510 0.9749 0.1639
vn 0.1344 0.9773 0.1641
vn 0.0963 0.9818 0.1635
vn 0.1145 0.9800 0.1628
vn 0.0418 0.9860 0.1613
vn 0.0237 0.9866 0.1615
vn 0.0239 0.9872 0.1578
vn 0.0604 0.9857 0.1576
vn 0.0602 0.9850 0.1618
vn 0.0783 0.9837 0.1619
vn 0.0613 0.9846 0.1636
vn 0.0785 0.9834 0.1635
vn 0.0232 0.9863 0.1631
vn 0.0418 0.9858 0.1623
vn -0.0293 0.9864 0.1618
vn -0.0469 0.9857 0.1616
vn -0.0481 0.9863 0.1576
vn -0.0118 0.9874 0.1575
vn -0.0118 0.9868 0.1613
vn 0.0059 0.9869 0.1614
vn -0.0028 0.9866 0.1629
vn -0.0115 0.9865 0.1631
vn 0.0063 0.9866 0.1628
vn 0.0143 0.9865 0.1630
vn 0.0058 0.9865 0.1637
vn 0.0144 0.9865 0.1633
vn -0.0114 0.9864 0.1637
vn 0.0019 0.9865 0.1638
vn -0.0034 0.9866 0.1630
vn -0.0029 0.9865 0.1640
vn 0.0002 0.9866 0.1634
vn -0.0290 0.9862 0.1633
vn -0.0468 0.9855 0.1632
vn 0.0237 0.9885 0.1493
vn -0.0118 0.9888 0.1486
vn -0.0474 0.9877 0.1491
vn -0.1042 0.9813 0.1620
vn -0.1230 0.9791 0.1618
vn -0.1238 0.9796 0.1581
vn -0.0856 0.9837 0.1579
vn -0.0850 0.9832 0.1614
vn -0.0661 0.9846 0.1618
vn -0.0651 0.9844 0.1635
vn -0.0838 0.9830 0.1635
vn -0.1240 0.9786 0.1640
vn -0.1036 0.9810 0.1642
vn -0.1773 0.9707 0.1620
vn -0.1957 0.9670 0.1629
vn -0.1966 0.9677 0.1579
vn -0.1604 0.9743 0.1582
vn -0.1596 0.9738 0.1618
vn -0.1414 0.9767 0.1617
vn -0.1584 0.9737 0.1639
vn -0.1401 0.9765 0.1636
vn -0.1960 0.9667 0.1647
vn -0.1766 0.9703 0.1653
vn -0.2478 0.9550 0.1628
vn -0.2651 0.9503 0.1635
vn -0.2666 0.9506 0.1587
vn -0.2319 0.9598 0.1580
vn -0.2304 0.9593 0.1631
vn -0.2130 0.9635 0.1624
vn -0.2286 0.9594 0.1650
vn -0.2118 0.9634 0.1646
vn -0.2469 0.9548 0.1654
vn -0.2644 0.9501 0.1658
vn -0.1969 0.9691 0.1485
vn -0.2319 0.9614 0.1479
vn -0.2667 0.9524 0.1473
vn -0.3172 0.9340 0.1645
vn -0.3344 0.9280 0.1646
vn -0.3362 0.9282 0.1593
vn -0.3016 0.9401 0.1589
vn -0.2999 0.9397 0.1643
vn -0.2825 0.9452 0.1635
vn -0.2980 0.9400 0.1663
vn -0.2809 0.9453 0.1658
vn -0.3334 0.9278 0.1673
vn -0.3152 0.9342 0.1673
vn -0.3870 0.9071 0.1658
vn -0.4044 0.8993 0.1664
vn -0.4063 0.8997 0.1598
vn -0.3715 0.9146 0.1595
vn -0.3697 0.9143 0.1654
vn -0.3519 0.9214 0.1650
vn -0.3678 0.9146 0.1680
vn -0.3503 0.9215 0.1675
vn -0.4039 0.8990 0.1692
vn -0.3850 0.9073 0.1693
vn -0.4496 0.8774 0.1672
vn -0.4646 0.8695 0.1678
vn -0.4668 0.8697 0.1604
vn -0.4369 0.8852 0.1600
vn -0.4347 0.8849 0.1670
vn -0.4196 0.8923 0.1667
vn -0.4321 0.8857 0.1697
vn -0.4174 0.8929 0.1690
vn -0.4629 0.8698 0.1706
vn -0.4477 0.8778 0.1705
vn -0.4073 0.9017 0.1449
vn -0.4375 0.8876 0.1440
vn -0.4675 0.8722 0.1437
vn -0.5130 0.8416 0.1686
vn -0.5290 0.8316 0.1692
vn -0.5316 0.8315 0.1612
vn -0.4995 0.8513 0.1607
vn -0.4972 0.8511 0.1684
vn -0.4809 0.8605 0.1678
vn -0.4940 0.8524 0.1715
vn -0.4785 0.8615 0.1699
vn -0.5271 0.8321 0.1725
vn -0.5108 0.8423 0.1721
vn -0.5741 0.8008 0.1708
vn -0.5886 0.7900 0.1713
vn -0.5916 0.7898 0.1620
vn -0.5620 0.8112 0.1615
vn -0.5593 0.8113 0.1704
vn -0.5442 0.8215 0.1699
vn -0.5560 0.8128 0.1736
vn -0.5418 0.8228 0.1718
vn -0.5862 0.7911 0.1747
vn -0.5715 0.8019 0.1744
vn -0.6314 0.7559 0.1728
vn -0.6453 0.7440 0.1735
vn -0.6485 0.7436 0.1629
vn -0.6205 0.7672 0.1624
vn -0.6173 0.7676 0.1723
vn -0.6031 0.7789 0.1718
vn -0.6136 0.7697 0.1763
vn -0.6002 0.7805 0.1748
vn -0.6423 0.7456 0.1774
vn -0.6282 0.7576 0.1772
vn -0.6851 0.7071 0.1751
vn -0.6977 0.6945 0.1756
vn -0.7016 0.6935 0.1639
vn -0.6755 0.7190 0.1634
vn -0.6722 0.7194 0.1748
vn -0.6588 0.7319 0.1742
vn -0.6686 0.7218 0.1791
vn -0.6557 0.7340 0.1771
vn -0.6888 0.7022 0.1800
vn -0.6955 0.6956 0.1800
vn -0.6821 0.7088 0.1797
vn -0.6903 0.7001 0.1825
vn -0.6934 0.6970 0.1826
vn -0.6874 0.7030 0.1823
vn -0.6921 0.6980 0.1837
vn -0.6930 0.6972 0.1836
vn -0.6904 0.6997 0.1837
vn -0.6926 0.6973 0.1844
vn -0.6926 0.6974 0.1842
vn -0.6911 0.6989 0.1842
vn -0.6935 0.6963 0.1849
vn -0.6923 0.6976 0.1845
vn -0.6921 0.6978 0.1846
vn -0.6921 0.6977 0.1848
vn -0.6924 0.6975 0.1846
vn -0.6906 0.6994 0.1843
vn -0.6923 0.6976 0.1847
vn -0.6920 0.6979 0.1846
vn -0.7085 0.6795 0.1906
vn -0.7150 0.6719 0.1931
vn -0.6923 0.6976 0.1846
vn -0.6920 0.6979 0.1847
vn -0.7182 0.6691 0.1911
vn -0.6343 0.7521 0.1792
vn -0.7351 0.6543 0.1778
vn -0.7469 0.6405 0.1784
vn -0.7508 0.6396 0.1649
vn -0.7267 0.6670 0.1645
vn -0.7230 0.6677 0.1771
vn -0.7104 0.6813 0.1764
vn -0.7203 0.6693 0.1822
vn -0.7014 0.6895 0.1805
vn -0.7086 0.6825 0.1790
vn -0.7062 0.6837 0.1838
vn -0.6969 0.6934 0.1828
vn -0.7006 0.6899 0.1826
vn -0.6990 0.6910 0.1841
vn -0.6945 0.6955 0.1842
vn -0.6978 0.6930 0.1813
vn -0.6957 0.6943 0.1844
vn -0.6924 0.6977 0.1840
vn -0.6921 0.6978 0.1847
vn -0.6946 0.6952 0.1848
vn -0.6928 0.6972 0.1845
vn -0.6956 0.6942 0.1852
vn -0.6893 0.7009 0.1835
vn -0.6930 0.6969 0.1847
vn -0.6901 0.7000 0.1838
vn -0.6949 0.6948 0.1855
vn -0.6920 0.6978 0.1848
vn -0.6955 0.6935 0.1883
vn -0.6925 0.6974 0.1847
vn -0.6848 0.7056 0.1822
vn -0.6402 0.7323 0.2320
vn -0.6959 0.6919 0.1923
vn -0.6873 0.6934 0.2162
vn -0.5798 0.7609 0.2913
vn -0.6965 0.6997 0.1593
vn -0.8793 0.3748 0.2939
vn -0.7438 0.6427 0.1835
vn -0.7316 0.6563 0.1845
vn -0.7808 0.5982 0.1805
vn -0.7915 0.5836 0.1812
vn -0.7958 0.5824 0.1660
vn -0.7738 0.6114 0.1656
vn -0.7698 0.6124 0.1799
vn -0.7585 0.6266 0.1792
vn -0.7670 0.6143 0.1853
vn -0.7552 0.6291 0.1842
vn -0.7884 0.5861 0.1867
vn -0.7773 0.6005 0.1875
vn -0.7548 0.6426 0.1316
vn -0.7783 0.6139 0.1320
vn -0.8006 0.5848 0.1307
vn -0.8222 0.5388 0.1834
vn -0.8319 0.5234 0.1841
vn -0.8364 0.5219 0.1675
vn -0.8167 0.5525 0.1668
vn -0.8123 0.5540 0.1825
vn -0.8021 0.5688 0.1817
vn -0.8094 0.5561 0.1889
vn -0.7987 0.5719 0.1872
vn -0.8287 0.5263 0.1902
vn -0.8187 0.5416 0.1908
vn -0.8218 0.5549 0.1294
vn -0.8421 0.5238 0.1287
vn -0.8599 0.4752 0.1865
vn -0.8686 0.4587 0.1872
vn -0.8734 0.4568 0.1688
vn -0.8556 0.4896 0.1681
vn -0.8509 0.4914 0.1857
vn -0.8416 0.5075 0.1849
vn -0.8481 0.4937 0.1926
vn -0.8382 0.5108 0.1909
vn -0.8656 0.4615 0.1945
vn -0.8563 0.4783 0.1949
vn -0.8612 0.4920 0.1278
vn -0.8793 0.4595 0.1257
vn -0.8913 0.4119 0.1894
vn -0.8982 0.3962 0.1902
vn -0.9031 0.3943 0.1700
vn -0.8888 0.4257 0.1694
vn -0.8840 0.4276 0.1889
vn -0.8765 0.4431 0.1880
vn -0.8810 0.4305 0.1963
vn -0.8733 0.4467 0.1945
vn -0.8951 0.3994 0.1981
vn -0.8876 0.4156 0.1985
vn -0.8953 0.4279 0.1239
vn -0.9100 0.3958 0.1232
vn -0.9181 0.3467 0.1923
vn -0.9240 0.3300 0.1929
vn -0.9290 0.3281 0.1712
vn -0.9166 0.3615 0.1706
vn -0.9117 0.3633 0.1917
vn -0.9051 0.3799 0.1907
vn -0.9088 0.3662 0.1998
vn -0.9023 0.3831 0.1978
vn -0.9209 0.3337 0.2014
vn -0.9149 0.3500 0.2013
vn -0.9235 0.3636 0.1219
vn -0.9365 0.3294 0.1206
vn -0.9402 0.2791 0.1951
vn -0.9449 0.2625 0.1957
vn -0.9499 0.2607 0.1724
vn -0.9402 0.2942 0.1718
vn -0.9352 0.2961 0.1944
vn -0.9297 0.3132 0.1938
vn -0.9323 0.2994 0.2031
vn -0.9269 0.3166 0.2015
vn -0.9420 0.2658 0.2047
vn -0.9373 0.2824 0.2045
vn -0.9477 0.2961 0.1194
vn -0.9563 0.2686 0.1155
vn -0.9582 0.2280 0.1729
vn -0.9608 0.1941 0.1978
vn -0.9660 0.1918 0.1734
vn -0.9493 0.2457 0.1962
vn -0.9549 0.2283 0.1899
vn -0.9509 0.2307 0.2064
vn -0.9468 0.2481 0.2052
vn -0.9665 0.2282 0.1175
vn -0.9742 0.1933 0.1165
vn -0.9695 0.1426 0.1992
vn -0.9718 0.1256 0.1995
vn -0.9768 0.1245 0.1741
vn -0.9720 0.1583 0.1737
vn -0.9670 0.1596 0.1988
vn -0.9641 0.1768 0.1983
vn -0.9645 0.1619 0.2086
vn -0.9617 0.1794 0.2072
vn -0.9693 0.1281 0.2097
vn -0.9670 0.1449 0.2094
vn -0.9805 0.1594 0.1153
vn -0.9855 0.1249 0.1145
vn -0.9769 0.0742 0.2002
vn -0.9781 0.0569 0.2004
vn -0.9830 0.0564 0.1746
vn -0.9805 0.0906 0.1743
vn -0.9755 0.0913 0.2002
vn -0.9738 0.1085 0.1998
vn -0.9733 0.0922 0.2104
vn -0.9717 0.1101 0.2091
vn -0.9758 0.0578 0.2110
vn -0.9747 0.0752 0.2105
vn -0.9893 0.0912 0.1142
vn -0.9919 0.0568 0.1137
vn -0.9796 0.0072 0.2007
vn -0.9796 -0.0083 0.2006
vn -0.9846 -0.0078 0.1746
vn -0.9844 0.0236 0.1746
vn -0.9794 0.0236 0.2006
vn -0.9788 0.0403 0.2006
vn -0.9772 0.0243 0.2111
vn -0.9768 0.0411 0.2102
vn -0.9775 -0.0010 0.2111
vn -0.9774 -0.0090 0.2112
vn -0.9774 0.0071 0.2111
vn -0.9774 0.0155 0.2110
vn -0.9764 0.0071 0.2159
vn -0.9761 0.0246 0.2160
vn -0.9765 0.0166 0.2148
vn -0.9764 -0.0090 0.2157
vn -0.9764 0.0028 0.2159
vn -0.9768 -0.0014 0.2144
vn -0.9759 -0.0012 0.2182
vn -0.9759 0.0034 0.2180
vn -0.9933 0.0237 0.1135
vn -0.9935 -0.0079 0.1135
vn -0.9777 -0.0636 0.2000
vn -0.9764 -0.0820 0.1998
vn -0.9813 -0.0813 0.1743
vn -0.9837 -0.0447 0.1743
vn -0.9787 -0.0452 0.2002
vn -0.9793 -0.0262 0.2005
vn -0.9764 -0.0462 0.2108
vn -0.9773 -0.0262 0.2105
vn -0.9742 -0.0823 0.2102
vn -0.9756 -0.0642 0.2100
vn -0.9925 -0.0450 0.1139
vn -0.9900 -0.0820 0.1143
vn -0.9708 -0.1339 0.1993
vn -0.9683 -0.1511 0.1989
vn -0.9732 -0.1502 0.1738
vn -0.9779 -0.1161 0.1740
vn -0.9730 -0.1165 0.1995
vn -0.9748 -0.0993 0.1996
vn -0.9704 -0.1192 0.2099
vn -0.9723 -0.1000 0.2111
vn -0.9685 -0.1347 0.2095
vn -0.9660 -0.1525 0.2089
vn -0.9866 -0.1165 0.1145
vn -0.9818 -0.1512 0.1148
vn -0.9592 -0.2019 0.1978
vn -0.9556 -0.2187 0.1974
vn -0.9606 -0.2172 0.1732
vn -0.9675 -0.1839 0.1734
vn -0.9625 -0.1850 0.1983
vn -0.9656 -0.1682 0.1985
vn -0.9630 -0.1704 0.2086
vn -0.9599 -0.1880 0.2080
vn -0.9568 -0.2035 0.2076
vn -0.9531 -0.2206 0.2072
vn -0.9759 -0.1850 0.1154
vn -0.9689 -0.2184 0.1162
vn -0.9431 -0.2689 0.1957
vn -0.9382 -0.2857 0.1951
vn -0.9434 -0.2836 0.1720
vn -0.9526 -0.2504 0.1726
vn -0.9476 -0.2521 0.1963
vn -0.9518 -0.2354 0.1969
vn -0.9491 -0.2383 0.2062
vn -0.9447 -0.2557 0.2054
vn -0.9405 -0.2711 0.2048
vn -0.9355 -0.2886 0.2040
vn -0.9607 -0.2517 0.1171
vn -0.9512 -0.2851 0.1182
vn -0.9219 -0.3360 0.1928
vn -0.9158 -0.3529 0.1919
vn -0.9208 -0.3506 0.1707
vn -0.9328 -0.3171 0.1715
vn -0.9277 -0.3193 0.1935
vn -0.9331 -0.3025 0.1942
vn -0.9300 -0.3064 0.2030
vn -0.9246 -0.3231 0.2019
vn -0.9193 -0.3383 0.2011
vn -0.9127 -0.3562 0.2003
vn -0.9403 -0.3187 0.1195
vn -0.9280 -0.3526 0.1209
vn -0.8953 -0.4032 0.1894
vn -0.8878 -0.4196 0.1889
vn -0.8926 -0.4178 0.1695
vn -0.9074 -0.3844 0.1700
vn -0.9024 -0.3864 0.1905
vn -0.9092 -0.3698 0.1912
vn -0.9058 -0.3740 0.1992
vn -0.8992 -0.3901 0.1981
vn -0.8926 -0.4054 0.1975
vn -0.8846 -0.4231 0.1963
vn -0.9141 -0.3865 0.1224
vn -0.8991 -0.4199 0.1238
vn -0.8638 -0.4680 0.1865
vn -0.8552 -0.4839 0.1858
vn -0.8597 -0.4823 0.1682
vn -0.8768 -0.4503 0.1687
vn -0.8721 -0.4521 0.1874
vn -0.8801 -0.4360 0.1881
vn -0.8765 -0.4399 0.1953
vn -0.8689 -0.4551 0.1945
vn -0.8612 -0.4698 0.1939
vn -0.8521 -0.4866 0.1927
vn -0.8829 -0.4526 0.1252
vn -0.8655 -0.4846 0.1267
vn -0.8277 -0.5302 0.1837
vn -0.8180 -0.5454 0.1829
vn -0.8223 -0.5441 0.1669
vn -0.8415 -0.5136 0.1675
vn -0.8371 -0.5150 0.1845
vn -0.8463 -0.4995 0.1851
vn -0.8431 -0.5024 0.1917
vn -0.8341 -0.5175 0.1908
vn -0.8253 -0.5316 0.1904
vn -0.8147 -0.5481 0.1893
vn -0.8470 -0.5159 0.1279
vn -0.8274 -0.5465 0.1290
vn -0.7872 -0.5895 0.1811
vn -0.7762 -0.6041 0.1803
vn -0.7804 -0.6029 0.1657
vn -0.8019 -0.5739 0.1663
vn -0.7977 -0.5750 0.1818
vn -0.8080 -0.5602 0.1823
vn -0.8045 -0.5634 0.1883
vn -0.7946 -0.5774 0.1874
vn -0.7848 -0.5908 0.1871
vn -0.7736 -0.6058 0.1861
vn -0.8068 -0.5763 0.1304
vn -0.7849 -0.6055 0.1316
vn -0.7408 -0.6477 0.1782
vn -0.7281 -0.6621 0.1774
vn -0.7321 -0.6610 0.1644
vn -0.7569 -0.6324 0.1650
vn -0.7529 -0.6333 0.1788
vn -0.7647 -0.6189 0.1796
vn -0.7616 -0.6211 0.1849
vn -0.7500 -0.6354 0.1840
vn -0.7381 -0.6492 0.1836
vn -0.7250 -0.6643 0.1822
vn -0.7611 -0.6348 0.1329
vn -0.7352 -0.6644 0.1345
vn -0.6921 -0.7001 0.1754
vn -0.6799 -0.7121 0.1752
vn -0.6833 -0.7116 0.1636
vn -0.7078 -0.6871 0.1641
vn -0.7036 -0.6884 0.1758
vn -0.7161 -0.6753 0.1764
vn -0.7073 -0.6832 0.1813
vn -0.7012 -0.6896 0.1810
vn -0.7131 -0.6771 0.1817
vn -0.7055 -0.6847 0.1828
vn -0.6994 -0.6909 0.1829
vn -0.6893 -0.7018 0.1802
vn -0.6765 -0.7142 0.1794
vn -0.6955 -0.6955 0.1804
vn -0.6939 -0.6966 0.1825
vn -0.6877 -0.7027 0.1822
vn -0.7102 -0.6908 0.1359
vn -0.6853 -0.7153 0.1370
vn -0.6394 -0.7491 0.1733
vn -0.6254 -0.7609 0.1728
vn -0.6286 -0.7606 0.1626
vn -0.6563 -0.7367 0.1631
vn -0.6531 -0.7371 0.1738
vn -0.6665 -0.7248 0.1744
vn -0.6633 -0.7267 0.1786
vn -0.6506 -0.7382 0.1782
vn -0.6364 -0.7507 0.1773
vn -0.6218 -0.7630 0.1767
vn -0.5826 -0.7946 0.1711
vn -0.5678 -0.8053 0.1706
vn -0.5706 -0.8052 0.1617
vn -0.6000 -0.7834 0.1621
vn -0.5970 -0.7837 0.1716
vn -0.6112 -0.7726 0.1721
vn -0.6079 -0.7743 0.1760
vn -0.5944 -0.7849 0.1751
vn -0.5797 -0.7959 0.1747
vn -0.5643 -0.8070 0.1741
vn -0.5225 -0.8357 0.1690
vn -0.5071 -0.8451 0.1689
vn -0.5095 -0.8453 0.1609
vn -0.5404 -0.8258 0.1613
vn -0.5378 -0.8258 0.1697
vn -0.5529 -0.8158 0.1699
vn -0.5495 -0.8173 0.1735
vn -0.5357 -0.8266 0.1728
vn -0.5203 -0.8364 0.1724
vn -0.5042 -0.8463 0.1718
vn -0.4598 -0.8720 0.1677
vn -0.4437 -0.8805 0.1670
vn -0.4458 -0.8807 0.1602
vn -0.4779 -0.8636 0.1605
vn -0.4757 -0.8634 0.1678
vn -0.4916 -0.8544 0.1685
vn -0.4884 -0.8556 0.1713
vn -0.4746 -0.8635 0.1709
vn -0.4582 -0.8724 0.1704
vn -0.4412 -0.8812 0.1699
vn -0.3946 -0.9038 0.1658
vn -0.3780 -0.9109 0.1657
vn -0.3798 -0.9112 0.1596
vn -0.4130 -0.8966 0.1599
vn -0.4110 -0.8963 0.1664
vn -0.4275 -0.8885 0.1668
vn -0.4252 -0.8891 0.1694
vn -0.4101 -0.8962 0.1691
vn -0.3759 -0.9113 0.1683
vn -0.3926 -0.9042 0.1684
vn -0.3269 -0.9306 0.1645
vn -0.3100 -0.9364 0.1646
vn -0.3116 -0.9368 0.1591
vn -0.3460 -0.9246 0.1593
vn -0.3443 -0.9242 0.1653
vn -0.3610 -0.9178 0.1651
vn -0.3591 -0.9181 0.1676
vn -0.3428 -0.9244 0.1675
vn -0.3255 -0.9307 0.1670
vn -0.3074 -0.9369 0.1666
vn -0.2577 -0.9523 0.1636
vn -0.2402 -0.9569 0.1631
vn -0.2415 -0.9574 0.1585
vn -0.2767 -0.9478 0.1588
vn -0.2752 -0.9474 0.1637
vn -0.2924 -0.9422 0.1636
vn -0.2905 -0.9423 0.1663
vn -0.2747 -0.9471 0.1660
vn -0.2566 -0.9522 0.1656
vn -0.2381 -0.9571 0.1651
vn -0.1879 -0.9686 0.1626
vn -0.1704 -0.9719 0.1625
vn -0.1709 -0.9726 0.1578
vn -0.2066 -0.9656 0.1579
vn -0.2054 -0.9650 0.1629
vn -0.2227 -0.9612 0.1629
vn -0.2215 -0.9612 0.1647
vn -0.2058 -0.9646 0.1649
vn -0.1877 -0.9684 0.1644
vn -0.1690 -0.9719 0.1641
vn -0.2413 -0.9592 0.1473
vn -0.2065 -0.9672 0.1477
vn -0.1697 -0.9743 0.1484
vn -0.1156 -0.9801 0.1615
vn -0.0977 -0.9821 0.1614
vn -0.0980 -0.9826 0.1580
vn -0.1348 -0.9782 0.1579
vn -0.1337 -0.9778 0.1616
vn -0.1523 -0.9750 0.1618
vn -0.1513 -0.9748 0.1638
vn -0.1334 -0.9774 0.1638
vn -0.0955 -0.9819 0.1638
vn -0.1150 -0.9796 0.1647
vn -0.0421 -0.9860 0.1612
vn -0.0236 -0.9866 0.1615
vn -0.0240 -0.9872 0.1579
vn -0.0610 -0.9856 0.1579
vn -0.0606 -0.9850 0.1616
vn -0.0791 -0.9836 0.1618
vn -0.0618 -0.9846 0.1636
vn -0.0793 -0.9834 0.1633
vn -0.0235 -0.9863 0.1631
vn -0.0416 -0.9859 0.1621
vn 0.0294 -0.9865 0.1612
vn 0.0469 -0.9857 0.1616
vn 0.0476 -0.9863 0.1577
vn 0.0118 -0.9874 0.1575
vn 0.0118 -0.9869 0.1612
vn -0.0063 -0.9869 0.1613
vn 0.0027 -0.9866 0.1630
vn 0.0112 -0.9865 0.1631
vn -0.0059 -0.9866 0.1629
vn -0.0147 -0.9865 0.1629
vn -0.0056 -0.9865 0.1637
vn -0.0145 -0.9865 0.1632
vn 0.0025 -0.9865 0.1637
vn 0.0113 -0.9865 0.1637
vn -0.0017 -0.9865 0.1635
vn 0.0025 -0.9865 0.1640
vn -0.0018 -0.9865 0.1639
vn 0.0292 -0.9862 0.1631
vn 0.0471 -0.9855 0.1632
vn -0.0238 -0.9885 0.1494
vn 0.0116 -0.9888 0.1486
vn 0.0474 -0.9877 0.1491
vn 0.1042 -0.9813 0.1620
vn 0.1231 -0.9791 0.1620
vn 0.1238 -0.9796 0.1581
vn 0.0856 -0.9837 0.1579
vn 0.0852 -0.9831 0.1618
vn 0.0661 -0.9846 0.1619
vn 0.0652 -0.9844 0.1634
vn 0.0841 -0.9829 0.1635
vn 0.1240 -0.9786 0.1640
vn 0.1036 -0.9810 0.1640
vn 0.1773 -0.9707 0.1620
vn 0.1957 -0.9670 0.1629
vn 0.1966 -0.9677 0.1579
vn 0.1604 -0.9743 0.1580
vn 0.1596 -0.9737 0.1625
vn 0.1414 -0.9766 0.1620
vn 0.1584 -0.9737 0.1640
vn 0.1406 -0.9764 0.1638
vn 0.1959 -0.9667 0.1646
vn 0.1767 -0.9703 0.1653
vn 0.2479 -0.9549 0.1635
vn 0.2650 -0.9503 0.1631
vn 0.2667 -0.9506 0.1586
vn 0.2319 -0.9597 0.1586
vn 0.2304 -0.9594 0.1629
vn 0.2132 -0.9633 0.1630
vn 0.2292 -0.9593 0.1649
vn 0.2118 -0.9634 0.1646
vn 0.2646 -0.9500 0.1658
vn 0.2462 -0.9549 0.1661
vn 0.1970 -0.9691 0.1484
vn 0.2317 -0.9616 0.1470
vn 0.2668 -0.9524 0.1473
vn 0.3172 -0.9339 0.1647
vn 0.3342 -0.9280 0.1648
vn 0.3362 -0.9282 0.1593
vn 0.3017 -0.9401 0.1590
vn 0.3000 -0.9397 0.1642
vn 0.2826 -0.9451 0.1639
vn 0.2980 -0.9400 0.1663
vn 0.2809 -0.9453 0.1659
vn 0.3335 -0.9278 0.1673
vn 0.3154 -0.9341 0.1673
vn 0.3870 -0.9071 0.1656
vn 0.4044 -0.8993 0.1663
vn 0.4062 -0.8997 0.1596
vn 0.3715 -0.9146 0.1595
vn 0.3696 -0.9143 0.1657
vn 0.3517 -0.9215 0.1646
vn 0.3671 -0.9149 0.1680
vn 0.3501 -0.9216 0.1675
vn 0.3860 -0.9070 0.1686
vn 0.4037 -0.8991 0.1692
vn 0.4496 -0.8774 0.1671
vn 0.4646 -0.8695 0.1676
vn 0.4668 -0.8697 0.1604
vn 0.4368 -0.8853 0.1596
vn 0.4346 -0.8850 0.1668
vn 0.4196 -0.8923 0.1668
vn 0.4325 -0.8855 0.1696
vn 0.4176 -0.8928 0.1692
vn 0.4631 -0.8698 0.1703
vn 0.4479 -0.8778 0.1701
vn 0.4073 -0.9017 0.1449
vn 0.4376 -0.8876 0.1442
vn 0.4675 -0.8722 0.1437
vn 0.5131 -0.8416 0.1685
vn 0.5290 -0.8315 0.1694
vn 0.5316 -0.8315 0.1612
vn 0.4995 -0.8513 0.1608
vn 0.4971 -0.8512 0.1683
vn 0.4809 -0.8606 0.1677
vn 0.4939 -0.8524 0.1715
vn 0.4785 -0.8615 0.1698
vn 0.5273 -0.8320 0.1727
vn 0.5108 -0.8422 0.1724
vn 0.5742 -0.8007 0.1709
vn 0.5887 -0.7900 0.1713
vn 0.5916 -0.7898 0.1620
vn 0.5620 -0.8112 0.1615
vn 0.5593 -0.8112 0.1704
vn 0.5442 -0.8216 0.1699
vn 0.5557 -0.8130 0.1736
vn 0.5417 -0.8228 0.1718
vn 0.5865 -0.7908 0.1751
vn 0.5712 -0.8020 0.1744
vn 0.6314 -0.7558 0.1732
vn 0.6452 -0.7440 0.1735
vn 0.6472 -0.7447 0.1627
vn 0.6205 -0.7672 0.1624
vn 0.6173 -0.7676 0.1724
vn 0.6031 -0.7789 0.1720
vn 0.6139 -0.7695 0.1763
vn 0.6005 -0.7804 0.1743
vn 0.6425 -0.7454 0.1774
vn 0.6282 -0.7576 0.1775
vn 0.6850 -0.7072 0.1751
vn 0.7014 -0.6937 0.1639
vn 0.6745 -0.7200 0.1632
vn 0.6721 -0.7196 0.1747
vn 0.6588 -0.7319 0.1741
vn 0.6693 -0.7211 0.1791
vn 0.6558 -0.7336 0.1779
vn 0.6888 -0.7023 0.1798
vn 0.6949 -0.6960 0.1805
vn 0.6826 -0.7085 0.1795
vn 0.6763 -0.7145 0.1795
vn 0.6808 -0.7095 0.1818
vn 0.6746 -0.7157 0.1808
vn 0.6908 -0.6997 0.1822
vn 0.6880 -0.7024 0.1825
vn 0.6847 -0.7057 0.1822
vn 0.6862 -0.7040 0.1832
vn 0.6817 -0.7082 0.1839
vn 0.6930 -0.6972 0.1837
vn 0.6910 -0.6994 0.1826
vn 0.6917 -0.6981 0.1848
vn 0.7110 -0.6782 0.1860
vn 0.6953 -0.6945 0.1851
vn 0.7271 -0.6605 0.1874
vn 0.7717 -0.6066 0.1909
vn 0.7578 -0.6243 0.1896
vn 0.7868 -0.5865 0.1924
vn 0.8261 -0.5283 0.1963
vn 0.8120 -0.5503 0.1946
vn 0.7994 -0.5688 0.1935
vn 0.8491 -0.4894 0.1985
vn 0.8376 -0.5093 0.1973
vn 0.8615 -0.4664 0.2004
vn 0.8824 -0.4246 0.2029
vn 0.8720 -0.4461 0.2017
vn 0.8929 -0.4009 0.2048
vn 0.9105 -0.3575 0.2079
vn 0.9017 -0.3800 0.2061
vn 0.9337 -0.2886 0.2121
vn 0.9267 -0.3114 0.2104
vn 0.9191 -0.3335 0.2096
vn 0.9405 -0.2643 0.2136
vn 0.9517 -0.2190 0.2154
vn 0.9463 -0.2421 0.2142
vn 0.9568 -0.1940 0.2165
vn 0.9647 -0.1484 0.2178
vn 0.9726 -0.0772 0.2192
vn 0.9706 -0.1004 0.2186
vn 0.9681 -0.1230 0.2183
vn 0.9743 -0.0514 0.2194
vn 0.9754 -0.0049 0.2202
vn 0.9752 -0.0272 0.2197
vn 0.9752 0.0216 0.2201
vn 0.9732 0.0684 0.2197
vn 0.9745 0.0445 0.2200
vn 0.9692 0.1129 0.2189
vn 0.9716 0.0900 0.2191
vn 0.9660 0.1384 0.2182
vn 0.9754 0.0003 0.2203
vn 0.9548 0.2043 0.2160
vn 0.9589 0.1836 0.2165
vn 0.9505 0.2245 0.2149
vn 0.9371 0.2769 0.2125
vn 0.9412 0.2619 0.2133
vn 0.9459 0.2440 0.2139
vn 0.9225 0.3237 0.2102
vn 0.9303 0.3000 0.2112
vn 0.9627 0.1614 0.2171
vn 0.9610 -0.1715 0.2169
vn 0.9140 0.3480 0.2085
vn 0.8967 0.3919 0.2057
vn 0.9055 0.3706 0.2069
vn 0.8663 0.4571 0.2013
vn 0.8776 0.4344 0.2029
vn 0.8550 0.4786 0.1997
vn 0.8873 0.4136 0.2039
vn 0.8314 0.5196 0.1970
vn 0.8439 0.4984 0.1986
vn 0.8177 0.5416 0.1952
vn 0.7762 0.6009 0.1909
vn 0.7475 0.6369 0.1886
vn 0.7617 0.6195 0.1897
vn 0.7917 0.5797 0.1927
vn 0.8047 0.5611 0.1939
vn 0.6984 0.6913 0.1852
vn 0.7113 0.6785 0.1837
vn 0.7141 0.6749 0.1859
vn 0.6904 0.6994 0.1848
vn 0.6910 0.6988 0.1849
vn 0.6964 0.6941 0.1824
vn 0.6869 0.7031 0.1841
vn 0.6646 0.7244 0.1830
vn 0.6823 0.7075 0.1840
vn 0.6460 0.7415 0.1815
vn 0.5897 0.7876 0.1784
vn 0.6102 0.7717 0.1795
vn 0.6281 0.7570 0.1802
vn 0.5521 0.8149 0.1766
vn 0.5710 0.8016 0.1771
vn 0.5305 0.8293 0.1756
vn 0.7304 0.6569 0.1869
vn 0.4684 0.8664 0.1732
vn 0.4908 0.8537 0.1740
vn 0.4268 0.8879 0.1718
vn 0.4476 0.8775 0.1722
vn 0.3594 0.9176 0.1697
vn 0.3811 0.9087 0.1702
vn 0.3349 0.9270 0.1688
vn 0.2914 0.9418 0.1678
vn 0.2214 0.9609 0.1662
vn 0.2437 0.9555 0.1664
vn 0.2664 0.9493 0.1670
vn 0.1959 0.9665 0.1656
vn 0.1502 0.9748 0.1650
vn 0.1730 0.9710 0.1652
vn 0.3130 0.9348 0.1681
vn 0.0781 0.9833 0.1646
vn 0.1013 0.9812 0.1643
vn 0.0519 0.9851 0.1642
vn 0.0050 0.9864 0.1644
vn 0.0052 0.9867 0.1625
vn -0.0430 0.9855 0.1644
vn 0.0004 0.9864 0.1645
vn 0.0272 0.9861 0.1641
vn 0.0246 0.9864 0.1627
vn -0.0682 0.9840 0.1644
vn -0.1399 0.9763 0.1649
vn -0.1139 0.9798 0.1646
vn -0.0912 0.9822 0.1644
vn -0.1855 0.9686 0.1655
vn -0.1626 0.9728 0.1650
vn -0.2112 0.9632 0.1661
vn 0.1242 0.9785 0.1647
vn 0.5108 0.8419 0.1744
vn 0.4029 0.8991 0.1709
vn -0.2815 0.9448 0.1675
vn -0.2565 0.9520 0.1669
vn -0.3257 0.9303 0.1686
vn -0.3035 0.9379 0.1679
vn -0.3930 0.9036 0.1705
vn -0.3716 0.9128 0.1698
vn -0.4173 0.8925 0.1713
vn -0.3502 0.9212 0.1694
vn -0.4597 0.8711 0.1727
vn -0.5218 0.8349 0.1752
vn -0.5022 0.8471 0.1740
vn -0.4825 0.8586 0.1735
vn -0.5432 0.8209 0.1763
vn -0.5814 0.7939 0.1780
vn -0.5624 0.8078 0.1767
vn -0.4386 0.8821 0.1718
vn -0.6382 0.7483 0.1812
vn -0.6202 0.7636 0.1797
vn -0.6576 0.7310 0.1824
vn -0.6019 0.7782 0.1791
vn -0.6864 0.7040 0.1825
vn -0.6882 0.7035 0.1774
vn -0.6758 0.7139 0.1834
vn -0.6810 0.7070 0.1907
vn -0.6856 0.7053 0.1800
vn -0.6815 0.7088 0.1821
vn -0.6843 0.7056 0.1838
vn -0.2337 0.9580 0.1663
vn 0.7024 -0.7071 0.0821
vn 0.7744 -0.6291 0.0668
vn 0.8393 -0.5410 0.0548
vn 0.7973 -0.6003 0.0621
vn 0.7519 -0.6553 0.0723
vn 0.8778 -0.4770 0.0446
vn 0.8946 -0.4453 0.0384
vn 0.8591 -0.5093 0.0499
vn 0.9095 -0.4145 0.0319
vn 0.9379 -0.3462 0.0209
vn 0.9243 -0.3808 0.0264
vn 0.9705 -0.2408 0.0091
vn 0.9857 -0.1688 0.0025
vn 0.9787 -0.2051 0.0057
vn 0.9610 -0.2763 0.0133
vn 0.9911 -0.1331 -0.0002
vn 0.9982 -0.0603 -0.0029
vn 0.9953 -0.0967 -0.0017
vn 0.9999 0.0132 -0.0043
vn 0.9963 0.0864 -0.0023
vn 0.9988 0.0498 -0.0036
vn 0.9997 -0.0235 -0.0040
vn 0.6278 0.7728 0.0933
vn 0.5691 0.8161 0.1007
vn 0.5079 0.8547 0.1071
vn 0.9807 0.1955 0.0055
vn 0.9872 0.1593 0.0022
vn 0.9729 0.2312 0.0091
vn 0.9639 0.2658 0.0131
vn 0.9924 0.1229 -0.0004
vn 0.9285 0.3705 0.0257
vn 0.9415 0.3365 0.0195
vn 0.9143 0.4038 0.0318
vn 0.8995 0.4354 0.0369
vn 0.8821 0.4691 0.0425
vn 0.8636 0.5019 0.0481
vn 0.8247 0.5626 0.0583
vn 0.8447 0.5325 0.0531
vn 0.7565 0.6501 0.0712
vn 0.7320 0.6770 0.0768
vn 0.8033 0.5922 0.0635
vn 0.6836 0.7249 0.0852
vn 0.4456 0.8881 0.1130
vn 0.3083 0.9434 0.1225
vn 0.0961 0.9867 0.1310
vn -0.1228 0.9838 0.1306
vn 0.1696 0.9770 0.1293
vn 0.2389 0.9628 0.1265
vn 0.3812 0.9170 0.1175
vn 0.0229 0.9910 0.1320
vn -0.0468 0.9902 0.1318
vn -0.3332 0.9351 0.1206
vn -0.5300 0.8415 0.1050
vn -0.5904 0.8011 0.0981
vn -0.1948 0.9724 0.1284
vn -0.2639 0.9564 0.1251
vn -0.4046 0.9072 0.1156
vn -0.6482 0.7561 0.0904
vn -0.4652 0.8782 0.1111
vn -0.7025 0.7069 0.0821
vn -0.6922 0.6977 0.1847
vn -0.6343 0.7548 0.1672
vn -0.6949 0.6949 0.1847
vn -0.7015 0.6928 0.1672
vn -0.7070 0.6824 0.1856
vn -0.7231 0.6651 0.1866
vn -0.7405 0.6452 0.1882
vn -0.7696 0.6094 0.1904
vn -0.7550 0.6278 0.1893
vn -0.7854 0.5884 0.1922
vn -0.8117 0.5507 0.1945
vn -0.7985 0.5701 0.1932
vn -0.8259 0.5286 0.1963
vn -0.8617 0.4661 0.2007
vn -0.8491 0.4894 0.1987
vn -0.8824 0.4243 0.2033
vn -0.8721 0.4457 0.2021
vn -0.8375 0.5095 0.1975
vn -0.8930 0.4005 0.2051
vn -0.9105 0.3575 0.2078
vn -0.9019 0.3796 0.2061
vn -0.9337 0.2888 0.2117
vn -0.9267 0.3116 0.2102
vn -0.9495 0.2289 0.2146
vn -0.9408 0.2635 0.2131
vn -0.9192 0.3334 0.2094
vn -0.9570 0.1935 0.2160
vn -0.9583 0.2001 0.2040
vn -0.9646 0.1483 0.2179
vn -0.9610 0.1715 0.2168
vn -0.9726 0.0769 0.2196
vn -0.9706 0.1002 0.2189
vn -0.9750 0.0288 0.2203
vn -0.9741 0.0525 0.2199
vn -0.9680 0.1231 0.2186
vn -0.9755 0.0006 0.2202
vn -0.9755 0.0054 0.2201
vn -0.9734 -0.0670 0.2193
vn -0.9746 -0.0424 0.2198
vn -0.9693 -0.1128 0.2185
vn -0.9717 -0.0899 0.2186
vn -0.9661 -0.1383 0.2180
vn -0.9587 -0.1840 0.2168
vn -0.9627 -0.1614 0.2172
vn -0.9758 0.0077 0.2185
vn -0.9538 -0.2090 0.2158
vn -0.9365 -0.2789 0.2127
vn -0.9431 -0.2543 0.2142
vn -0.9487 -0.2321 0.2147
vn -0.9225 -0.3237 0.2103
vn -0.9298 -0.3016 0.2111
vn -0.9141 -0.3478 0.2085
vn -0.8971 -0.3912 0.2054
vn -0.8665 -0.4568 0.2010
vn -0.8766 -0.4367 0.2022
vn -0.8866 -0.4153 0.2035
vn -0.8545 -0.4798 0.1992
vn -0.8314 -0.5196 0.1969
vn -0.8429 -0.5003 0.1980
vn -0.9058 -0.3700 0.2066
vn -0.8177 -0.5416 0.1951
vn -0.7761 -0.6009 0.1912
vn -0.7917 -0.5797 0.1929
vn -0.8046 -0.5612 0.1940
vn -0.7474 -0.6370 0.1890
vn -0.6982 -0.6915 0.1853
vn -0.7116 -0.6781 0.1839
vn -0.7141 -0.6748 0.1862
vn -0.7304 -0.6568 0.1873
vn -0.7617 -0.6194 0.1901
vn -0.6917 -0.6982 0.1847
vn -0.6646 -0.7244 0.1830
vn -0.6461 -0.7414 0.1816
vn -0.6099 -0.7718 0.1797
vn -0.6281 -0.7569 0.1802
vn -0.5897 -0.7877 0.1784
vn -0.5306 -0.8293 0.1756
vn -0.5519 -0.8150 0.1765
vn -0.4908 -0.8537 0.1740
vn -0.5107 -0.8419 0.1744
vn -0.4683 -0.8664 0.1731
vn -0.4035 -0.8988 0.1711
vn -0.4268 -0.8879 0.1718
vn -0.4475 -0.8776 0.1721
vn -0.3602 -0.9173 0.1697
vn -0.2913 -0.9418 0.1678
vn -0.3136 -0.9346 0.1680
vn -0.3358 -0.9266 0.1689
vn -0.2663 -0.9493 0.1670
vn -0.2214 -0.9609 0.1663
vn -0.2439 -0.9554 0.1664
vn -0.3818 -0.9085 0.1701
vn -0.1500 -0.9748 0.1652
vn -0.1729 -0.9710 0.1651
vn -0.1040 -0.9809 0.1646
vn -0.1272 -0.9781 0.1646
vn -0.0780 -0.9833 0.1646
vn -0.0274 -0.9861 0.1640
vn -0.0239 -0.9864 0.1628
vn -0.0516 -0.9851 0.1642
vn -0.0000 -0.9864 0.1643
vn 0.0176 -0.9863 0.1641
vn 0.0423 -0.9855 0.1643
vn 0.0684 -0.9840 0.1645
vn 0.1399 -0.9763 0.1650
vn 0.1138 -0.9798 0.1646
vn 0.0912 -0.9822 0.1642
vn -0.0045 -0.9864 0.1642
vn -0.0066 -0.9867 0.1626
vn -0.1958 -0.9666 0.1656
vn -0.5708 -0.8018 0.1770
vn 0.1856 -0.9686 0.1655
vn 0.1627 -0.9728 0.1650
vn 0.2112 -0.9632 0.1660
vn 0.2565 -0.9520 0.1669
vn 0.2338 -0.9580 0.1663
vn 0.2815 -0.9448 0.1676
vn 0.3502 -0.9212 0.1695
vn 0.3258 -0.9303 0.1686
vn 0.3931 -0.9035 0.1706
vn 0.3715 -0.9128 0.1698
vn 0.3036 -0.9379 0.1679
vn 0.4599 -0.8711 0.1726
vn 0.4386 -0.8821 0.1717
vn 0.5218 -0.8349 0.1752
vn 0.5022 -0.8471 0.1738
vn 0.5432 -0.8209 0.1762
vn 0.4825 -0.8585 0.1736
vn 0.5814 -0.7939 0.1780
vn 0.6381 -0.7483 0.1812
vn 0.6202 -0.7636 0.1797
vn 0.6019 -0.7782 0.1792
vn 0.6750 -0.7146 0.1836
vn 0.6673 -0.7226 0.1804
vn 0.6570 -0.7315 0.1826
vn 0.6804 -0.7097 0.1828
vn 0.5624 -0.8078 0.1767
vn 0.6842 -0.7057 0.1841
vn 0.6920 -0.6979 0.1846
vn 0.6885 -0.7015 0.1838
vn -0.7967 0.6009 0.0648
vn -0.8395 0.5407 0.0536
vn -0.8183 0.5716 0.0599
vn -0.7741 0.6293 0.0697
vn -0.8591 0.5096 0.0469
vn -0.8945 0.4455 0.0386
vn -0.9103 0.4127 0.0325
vn -0.9382 0.3454 0.0226
vn -0.9611 0.2758 0.0135
vn -0.9787 0.2054 0.0050
vn -0.9705 0.2411 0.0085
vn -0.9911 0.1328 -0.0001
vn -0.9982 0.0600 -0.0036
vn -0.9953 0.0968 -0.0026
vn -0.9988 -0.0486 -0.0033
vn -0.9925 -0.1226 -0.0001
vn -0.9962 -0.0865 -0.0019
vn -0.9997 0.0251 -0.0042
vn -0.6277 -0.7728 0.0932
vn -0.5690 -0.8161 0.1007
vn -0.5078 -0.8548 0.1072
vn -0.7514 0.6557 0.0738
vn -0.9808 -0.1951 0.0048
vn -0.9873 -0.1590 0.0023
vn -0.9729 -0.2309 0.0081
vn -0.9638 -0.2663 0.0122
vn -0.9415 -0.3364 0.0219
vn -0.9533 -0.3015 0.0167
vn -0.9137 -0.4051 0.0330
vn -0.9283 -0.3709 0.0273
vn -0.8980 -0.4382 0.0384
vn -0.8815 -0.4702 0.0436
vn -0.8638 -0.5015 0.0486
vn -0.8246 -0.5627 0.0582
vn -0.8448 -0.5324 0.0535
vn -0.7809 -0.6209 0.0676
vn -0.7315 -0.6775 0.0772
vn -0.7565 -0.6500 0.0727
vn -0.8033 -0.5923 0.0630
vn -0.6837 -0.7248 0.0851
vn -0.4440 -0.8889 0.1127
vn -0.3775 -0.9185 0.1174
vn -0.3083 -0.9434 0.1223
vn -0.0970 -0.9866 0.1311
vn 0.1228 -0.9838 0.1306
vn -0.2388 -0.9628 0.1264
vn -0.1695 -0.9770 0.1293
vn -0.0231 -0.9910 0.1321
vn 0.0467 -0.9902 0.1318
vn 0.3332 -0.9351 0.1205
vn 0.5904 -0.8011 0.0981
vn 0.6491 -0.7553 0.0906
vn 0.5301 -0.8414 0.1050
vn 0.1948 -0.9724 0.1284
vn 0.2639 -0.9564 0.1250
vn 0.4046 -0.9071 0.1156
vn 0.4652 -0.8782 0.1110
vn 0.7045 -0.7049 0.0825
vn 0.0005 -0.0000 -1.0000
vn -0.6132 0.7748 -0.1536
vn 0.0566 -0.0000 0.9984
vn -0.0001 0.0006 -1.0000
vn 0.8184 -0.5717 0.0584
vn 0.9499 -0.3122 0.0168
vn 0.9534 0.3014 0.0160
vn 0.7804 0.6217 0.0674
vn -0.8775 0.4777 0.0425
vn -0.9242 0.3810 0.0273
vn -0.9498 0.3124 0.0177
vn -0.9854 0.1700 0.0023
vn -0.9999 -0.0103 -0.0044
vt 0.176921 0.166669
vt 0.191665 0.181530
vt 0.176921 0.181530
vt 0.206408 0.181530
vt 0.206408 0.211252
vt 0.176921 0.211252
vt 0.147434 0.181530
vt 0.147434 0.211252
vt 0.117947 0.181530
vt 0.117947 0.211252
vt 0.088461 0.181530
vt 0.088461 0.211252
vt 0.235895 0.226113
vt 0.250638 0.240974
vt 0.235895 0.240974
vt 0.235895 0.211252
vt 0.250638 0.226113
vt 0.265382 0.240974
vt 0.206408 0.240974
vt 0.176921 0.240974
vt 0.147434 0.240974
vt 0.117947 0.240974
vt 0.088461 0.240974
vt 0.058974 0.226113
vt 0.058974 0.211252
vt 0.058974 0.240974
vt 0.029487 0.226113
vt 0.044230 0.240974
vt 0.029487 0.240974
vt 0.044230 0.211252
vt 0.044230 0.226113
vt 0.265382 0.255835
vt 0.280125 0.270696
vt 0.265382 0.270696
vt 0.235895 0.270696
vt 0.206408 0.270696
vt 0.176921 0.270696
vt 0.147434 0.270696
vt 0.117947 0.270696
vt 0.088461 0.270696
vt 0.058974 0.270696
vt 0.029487 0.255835
vt 0.029487 0.270696
vt 0.014743 0.255835
vt 0.014743 0.270696
vt 0.265382 0.285557
vt 0.280125 0.300418
vt 0.265382 0.300418
vt 0.280125 0.285557
vt 0.235895 0.300418
vt 0.206408 0.300418
vt 0.176921 0.300418
vt 0.147434 0.300418
vt 0.117947 0.300418
vt 0.088461 0.300418
vt 0.058974 0.300418
vt 0.029487 0.285557
vt 0.029487 0.300418
vt 0.014743 0.285557
vt 0.014743 0.300418
vt 0.265382 0.315279
vt 0.280125 0.330140
vt 0.265382 0.330140
vt 0.280125 0.315279
vt 0.235895 0.330140
vt 0.206408 0.330140
vt 0.176921 0.330140
vt 0.147434 0.330140
vt 0.117947 0.330140
vt 0.088461 0.330140
vt 0.058974 0.330140
vt 0.029487 0.315279
vt 0.029487 0.330140
vt 0.014743 0.315279
vt 0.014743 0.330140
vt 0.280125 0.345001
vt 0.265382 0.345001
vt 0.265382 0.359862
vt 0.250638 0.359862
vt 0.235895 0.359862
vt 0.206408 0.359862
vt 0.176921 0.359862
vt 0.147434 0.359862
vt 0.117947 0.359862
vt 0.088461 0.359862
vt 0.058974 0.359862
vt 0.044230 0.359862
vt 0.029487 0.359862
vt 0.029487 0.345001
vt 0.014743 0.345001
vt 0.235895 0.374723
vt 0.250638 0.389584
vt 0.235895 0.389584
vt 0.250638 0.374723
vt 0.265382 0.374723
vt 0.206408 0.389584
vt 0.176921 0.389584
vt 0.147434 0.389584
vt 0.117947 0.389584
vt 0.088461 0.389584
vt 0.058974 0.374723
vt 0.058974 0.389584
vt 0.044230 0.374723
vt 0.029487 0.374723
vt 0.044230 0.389584
vt 0.206408 0.419306
vt 0.176921 0.419306
vt 0.147434 0.419306
vt 0.117947 0.419306
vt 0.103204 0.419306
vt 0.088461 0.419306
vt 0.117947 0.434167
vt 0.103204 0.434167
vt 0.241471 0.189694
vt 0.249240 0.196906
vt 0.233193 0.183079
vt 0.224457 0.177090
vt 0.250638 0.211252
vt 0.256467 0.204665
vt 0.263104 0.212940
vt 0.266192 0.217256
vt 0.259861 0.208741
vt 0.191665 0.166669
vt 0.185890 0.159968
vt 0.195976 0.163167
vt 0.206202 0.167283
vt 0.165267 0.155835
vt 0.175787 0.157553
vt 0.215016 0.171599
vt 0.269121 0.221682
vt 0.265382 0.226113
vt 0.286420 0.260321
vt 0.280125 0.255835
vt 0.284885 0.255236
vt 0.283166 0.250209
vt 0.281264 0.245250
vt 0.287772 0.265461
vt 0.291718 0.291703
vt 0.291308 0.286406
vt 0.290707 0.281124
vt 0.289917 0.275869
vt 0.288938 0.270646
vt 0.291937 0.297015
vt 0.274645 0.231131
vt 0.276994 0.235708
vt 0.271971 0.226354
vt 0.279181 0.240365
vt 0.291962 0.302330
vt 0.133351 0.155415
vt 0.144048 0.154761
vt 0.122791 0.156856
vt 0.112658 0.158999
vt 0.154223 0.154882
vt 0.102493 0.161931
vt 0.092568 0.165604
vt 0.064766 0.180853
vt 0.082940 0.170002
vt 0.056320 0.187245
vt 0.073657 0.175095
vt 0.048361 0.194247
vt 0.041195 0.201528
vt 0.037558 0.205650
vt 0.030882 0.214141
vt 0.034081 0.209909
vt 0.027839 0.218487
vt 0.024955 0.222944
vt 0.019680 0.232157
vt 0.022234 0.227503
vt 0.015085 0.241729
vt 0.017296 0.236901
vt 0.013052 0.246636
vt 0.008050 0.261760
vt 0.011202 0.251615
vt 0.009534 0.256659
vt 0.006751 0.266913
vt 0.005638 0.272109
vt 0.003974 0.282605
vt 0.004711 0.277342
vt 0.003426 0.287893
vt 0.003059 0.293415
vt 0.002901 0.298951
vt 0.291797 0.307641
vt 0.291442 0.312944
vt 0.290896 0.318231
vt 0.290159 0.323494
vt 0.289234 0.328728
vt 0.288120 0.333924
vt 0.286820 0.339076
vt 0.283671 0.349223
vt 0.285339 0.344180
vt 0.281818 0.354201
vt 0.277764 0.363534
vt 0.279873 0.358903
vt 0.275291 0.368483
vt 0.272633 0.373334
vt 0.263988 0.386696
vt 0.269913 0.377893
vt 0.267030 0.382349
vt 0.246508 0.406588
vt 0.260791 0.390929
vt 0.257314 0.395188
vt 0.253676 0.399310
vt 0.238549 0.413590
vt 0.230101 0.419985
vt 0.221213 0.425742
vt 0.211931 0.430835
vt 0.202736 0.435053
vt 0.161377 0.445436
vt 0.192377 0.438903
vt 0.182212 0.441836
vt 0.172079 0.443980
vt 0.150822 0.446076
vt 0.140647 0.445955
vt 0.129603 0.445001
vt 0.003152 0.309133
vt 0.004951 0.324968
vt 0.013610 0.355586
vt 0.020220 0.369707
vt 0.022894 0.374485
vt 0.028675 0.383582
vt 0.025745 0.379159
vt 0.017874 0.365130
vt 0.015691 0.360472
vt 0.005929 0.330192
vt 0.004161 0.319713
vt 0.003562 0.314433
vt 0.002939 0.304044
vt 0.011707 0.350627
vt 0.009986 0.345601
vt 0.008448 0.340515
vt 0.007095 0.335377
vt 0.088667 0.433553
vt 0.079854 0.429237
vt 0.061676 0.417758
vt 0.119083 0.443284
vt 0.108978 0.440868
vt 0.098893 0.437669
vt 0.035010 0.392094
vt 0.038405 0.396168
vt 0.045629 0.403932
vt 0.031765 0.387896
vt 0.053399 0.411141
vt 0.070413 0.423747
vt 0.495090 0.044453
vt 0.473006 0.022227
vt 0.473006 0.044453
vt 0.517174 0.044453
vt 0.495090 0.022227
vt 0.450922 0.044453
vt 0.428838 0.022227
vt 0.428838 0.044453
vt 0.450922 0.022227
vt 0.406754 0.022227
vt 0.384670 0.044453
vt 0.406754 0.044453
vt 0.539258 0.088906
vt 0.517174 0.066680
vt 0.517174 0.088906
vt 0.539258 0.066680
vt 0.561342 0.088906
vt 0.473006 0.088906
vt 0.428838 0.088906
vt 0.384670 0.066680
vt 0.384670 0.088906
vt 0.362586 0.088906
vt 0.340501 0.066680
vt 0.340501 0.088906
vt 0.362586 0.044453
vt 0.362586 0.066680
vt 0.583426 0.133359
vt 0.561342 0.111133
vt 0.561342 0.133359
vt 0.583426 0.111133
vt 0.517174 0.133359
vt 0.473006 0.133359
vt 0.428838 0.133359
vt 0.384670 0.133359
vt 0.340501 0.111133
vt 0.340501 0.133359
vt 0.318417 0.088906
vt 0.318417 0.111133
vt 0.318417 0.133359
vt 0.583426 0.177813
vt 0.561342 0.155586
vt 0.561342 0.177813
vt 0.583426 0.155586
vt 0.517174 0.177813
vt 0.473006 0.177813
vt 0.428838 0.177813
vt 0.384670 0.177813
vt 0.340501 0.155586
vt 0.340501 0.177813
vt 0.318417 0.155586
vt 0.318417 0.177813
vt 0.583426 0.222266
vt 0.561342 0.200039
vt 0.561342 0.222266
vt 0.583426 0.200039
vt 0.539258 0.222266
vt 0.517174 0.222266
vt 0.473006 0.222266
vt 0.428838 0.222266
vt 0.384670 0.222266
vt 0.362586 0.222266
vt 0.340501 0.200039
vt 0.340501 0.222266
vt 0.318417 0.200039
vt 0.318417 0.222266
vt 0.539258 0.266719
vt 0.517174 0.244492
vt 0.517174 0.266719
vt 0.539258 0.244492
vt 0.561342 0.244492
vt 0.495090 0.266719
vt 0.473006 0.266719
vt 0.450922 0.266719
vt 0.428838 0.266719
vt 0.406754 0.266719
vt 0.384670 0.244492
vt 0.384670 0.266719
vt 0.362586 0.244492
vt 0.340501 0.244492
vt 0.362586 0.266719
vt 0.495090 0.288946
vt 0.473006 0.288946
vt 0.450922 0.288946
vt 0.428838 0.288946
vt 0.406754 0.288946
vt 0.530470 0.022158
vt 0.522372 0.017598
vt 0.514016 0.013533
vt 0.538283 0.027197
vt 0.559722 0.045007
vt 0.539258 0.044453
vt 0.545782 0.032696
vt 0.566202 0.051861
vt 0.561342 0.066680
vt 0.478625 0.002519
vt 0.469446 0.001120
vt 0.460201 0.000278
vt 0.487704 0.004466
vt 0.505432 0.009981
vt 0.496651 0.006956
vt 0.450922 0.000000
vt 0.583426 0.088906
vt 0.595367 0.100079
vt 0.591753 0.091349
vt 0.582976 0.074632
vt 0.587617 0.082857
vt 0.604373 0.136718
vt 0.602952 0.127369
vt 0.600974 0.118123
vt 0.598443 0.109015
vt 0.605227 0.146136
vt 0.577847 0.066704
vt 0.572250 0.059104
vt 0.605510 0.155588
vt 0.441643 0.000278
vt 0.432398 0.001120
vt 0.423219 0.002519
vt 0.414140 0.004466
vt 0.396412 0.009981
vt 0.405193 0.006956
vt 0.387828 0.013533
vt 0.379472 0.017598
vt 0.371373 0.022158
vt 0.363560 0.027197
vt 0.356061 0.032696
vt 0.342122 0.045007
vt 0.348905 0.038639
vt 0.335641 0.051862
vt 0.329593 0.059104
vt 0.323996 0.066704
vt 0.318868 0.074631
vt 0.306477 0.100079
vt 0.314227 0.082856
vt 0.310091 0.091349
vt 0.303401 0.109015
vt 0.300870 0.118123
vt 0.296616 0.146135
vt 0.298891 0.127369
vt 0.297471 0.136717
vt 0.296333 0.155588
vt 0.605281 0.164074
vt 0.604593 0.172536
vt 0.603449 0.180947
vt 0.597176 0.206063
vt 0.599806 0.197520
vt 0.590461 0.222618
vt 0.594056 0.214438
vt 0.586405 0.230576
vt 0.581902 0.238288
vt 0.576968 0.245729
vt 0.559722 0.266165
vt 0.571617 0.252872
vt 0.565863 0.259693
vt 0.538283 0.283975
vt 0.552937 0.272533
vt 0.545901 0.278382
vt 0.530470 0.289015
vt 0.522372 0.293576
vt 0.514016 0.297640
vt 0.505432 0.301191
vt 0.487703 0.306705
vt 0.460201 0.310895
vt 0.496650 0.304215
vt 0.478624 0.308654
vt 0.469446 0.310053
vt 0.450922 0.311172
vt 0.307791 0.214437
vt 0.319938 0.238291
vt 0.299992 0.189283
vt 0.335985 0.259691
vt 0.330230 0.252871
vt 0.324876 0.245730
vt 0.342122 0.266165
vt 0.315436 0.230579
vt 0.297251 0.172536
vt 0.298395 0.180947
vt 0.296563 0.164074
vt 0.311382 0.222618
vt 0.302038 0.197520
vt 0.414140 0.306706
vt 0.405193 0.304216
vt 0.396411 0.301191
vt 0.387828 0.297639
vt 0.432397 0.310052
vt 0.441643 0.310894
vt 0.423219 0.308653
vt 0.356061 0.278476
vt 0.348905 0.272534
vt 0.363560 0.283975
vt 0.371373 0.289014
vt 0.379472 0.293574
vt 0.009551 0.097120
vt 0.004775 0.096263
vt 0.004775 0.097120
vt 0.009551 0.097936
vt 0.004775 0.098753
vt 0.009551 0.098753
vt 0.004775 0.097936
vt 0.009551 0.099563
vt 0.004775 0.100373
vt 0.009551 0.100373
vt 0.004775 0.099563
vt 0.004775 0.101184
vt 0.009551 0.101184
vt 0.019101 0.097120
vt 0.019101 0.098753
vt 0.019101 0.100373
vt 0.028652 0.097120
vt 0.028652 0.098753
vt 0.028652 0.100373
vt 0.038203 0.098753
vt 0.038203 0.100373
vt 0.047754 0.098753
vt 0.038203 0.097120
vt 0.047754 0.100373
vt 0.057304 0.097120
vt 0.057304 0.098753
vt 0.057304 0.100373
vt 0.066856 0.097120
vt 0.066856 0.098753
vt 0.066856 0.100373
vt 0.076407 0.098753
vt 0.076407 0.100373
vt 0.085958 0.097120
vt 0.085958 0.098753
vt 0.085958 0.100373
vt 0.095509 0.098753
vt 0.095509 0.100373
vt 0.105060 0.098753
vt 0.095509 0.097120
vt 0.105060 0.100373
vt 0.114612 0.097936
vt 0.114612 0.098753
vt 0.105060 0.097120
vt 0.114612 0.097120
vt 0.114612 0.099563
vt 0.114612 0.100373
vt 0.119387 0.097120
vt 0.114612 0.096263
vt 0.121775 0.096263
vt 0.119387 0.095835
vt 0.119387 0.096263
vt 0.119387 0.098753
vt 0.119387 0.097936
vt 0.119387 0.099563
vt 0.119387 0.100373
vt 0.119387 0.101184
vt 0.114612 0.101184
vt 0.003069 0.095406
vt 0.000000 0.095406
vt 0.006975 0.095406
vt 0.009551 0.096263
vt 0.014787 0.095406
vt 0.010882 0.095406
vt 0.018693 0.095406
vt 0.000000 0.097053
vt 0.022599 0.095406
vt 0.034318 0.095406
vt 0.030412 0.095406
vt 0.038224 0.095406
vt 0.026505 0.095406
vt 0.046036 0.095406
vt 0.042130 0.095406
vt 0.047754 0.097120
vt 0.049943 0.095406
vt 0.057754 0.095406
vt 0.053849 0.095406
vt 0.061660 0.095406
vt 0.000000 0.098700
vt 0.000000 0.100347
vt 0.000000 0.101994
vt 0.009551 0.101994
vt 0.019101 0.101994
vt 0.028652 0.101994
vt 0.038203 0.101994
vt 0.057304 0.101994
vt 0.047754 0.101994
vt 0.073381 0.095406
vt 0.069474 0.095406
vt 0.076407 0.097120
vt 0.077288 0.095406
vt 0.081193 0.095406
vt 0.085099 0.095406
vt 0.089005 0.095406
vt 0.092911 0.095406
vt 0.096817 0.095406
vt 0.100724 0.095406
vt 0.104631 0.095406
vt 0.065567 0.095406
vt 0.112443 0.095406
vt 0.108537 0.095406
vt 0.116350 0.095406
vt 0.120256 0.095406
vt 0.121775 0.095835
vt 0.122209 0.095406
vt 0.123185 0.095406
vt 0.124163 0.095406
vt 0.124163 0.097053
vt 0.066856 0.101994
vt 0.076407 0.101994
vt 0.085958 0.101994
vt 0.095509 0.101994
vt 0.124163 0.098700
vt 0.124163 0.100347
vt 0.105060 0.101994
vt 0.124163 0.101994
vt 0.618671 0.009682
vt 0.619548 0.004841
vt 0.618671 0.004841
vt 0.617006 0.009682
vt 0.617839 0.004841
vt 0.617006 0.004841
vt 0.617839 0.009682
vt 0.615353 0.009682
vt 0.616179 0.004841
vt 0.615353 0.004841
vt 0.616179 0.009682
vt 0.614526 0.004841
vt 0.614526 0.009682
vt 0.618671 0.019364
vt 0.617006 0.019364
vt 0.615353 0.019364
vt 0.618671 0.029044
vt 0.617006 0.029044
vt 0.615353 0.029044
vt 0.618671 0.038725
vt 0.617006 0.038725
vt 0.615353 0.038725
vt 0.618671 0.048405
vt 0.617006 0.048405
vt 0.615353 0.048405
vt 0.618671 0.058086
vt 0.617006 0.058086
vt 0.615353 0.058086
vt 0.618671 0.067766
vt 0.617006 0.067766
vt 0.615353 0.067766
vt 0.618671 0.077446
vt 0.617006 0.077446
vt 0.615353 0.077446
vt 0.618671 0.087125
vt 0.617006 0.087125
vt 0.615353 0.087125
vt 0.618671 0.096803
vt 0.617006 0.096803
vt 0.615353 0.096803
vt 0.618671 0.106482
vt 0.617006 0.106482
vt 0.615353 0.106482
vt 0.617839 0.116160
vt 0.617006 0.116160
vt 0.618671 0.116160
vt 0.616179 0.116160
vt 0.615353 0.116160
vt 0.619548 0.121000
vt 0.618671 0.121000
vt 0.617839 0.121000
vt 0.617006 0.121000
vt 0.616179 0.121000
vt 0.615353 0.121000
vt 0.614526 0.116160
vt 0.614526 0.121000
vt 0.620424 0.006979
vt 0.620424 0.000000
vt 0.619548 0.009682
vt 0.620424 0.014792
vt 0.620424 0.010885
vt 0.620424 0.018699
vt 0.618743 0.000000
vt 0.620424 0.022606
vt 0.620424 0.026512
vt 0.620424 0.030419
vt 0.620424 0.034325
vt 0.620424 0.038231
vt 0.620424 0.042137
vt 0.620424 0.046044
vt 0.620424 0.049951
vt 0.620424 0.053857
vt 0.620424 0.057764
vt 0.620424 0.061671
vt 0.617062 0.000000
vt 0.615381 0.000000
vt 0.613699 0.000000
vt 0.613699 0.009682
vt 0.613699 0.019364
vt 0.613699 0.038725
vt 0.613699 0.048405
vt 0.613699 0.058086
vt 0.620424 0.069483
vt 0.620424 0.065578
vt 0.620424 0.073389
vt 0.620424 0.081203
vt 0.620424 0.077296
vt 0.620424 0.085108
vt 0.620424 0.092918
vt 0.620424 0.096824
vt 0.620424 0.089013
vt 0.620424 0.100730
vt 0.619548 0.116160
vt 0.620424 0.112447
vt 0.620424 0.108542
vt 0.620424 0.116353
vt 0.620424 0.104636
vt 0.620424 0.120259
vt 0.620424 0.124165
vt 0.618743 0.125839
vt 0.620424 0.125839
vt 0.613699 0.067766
vt 0.613699 0.077446
vt 0.613699 0.087125
vt 0.613699 0.096803
vt 0.613699 0.106482
vt 0.617062 0.125839
vt 0.615381 0.125839
vt 0.613699 0.116160
vt 0.613699 0.125839
vt 0.009551 0.134721
vt 0.004775 0.133864
vt 0.004775 0.134721
vt 0.009551 0.136354
vt 0.004775 0.135537
vt 0.004775 0.136354
vt 0.009551 0.135537
vt 0.009551 0.137164
vt 0.004775 0.137974
vt 0.009551 0.137974
vt 0.004775 0.137164
vt 0.004775 0.138785
vt 0.009551 0.138785
vt 0.019101 0.134721
vt 0.019101 0.136354
vt 0.019101 0.137974
vt 0.028652 0.134721
vt 0.028652 0.136354
vt 0.028652 0.137974
vt 0.038203 0.136354
vt 0.038203 0.137974
vt 0.047754 0.136354
vt 0.038203 0.134721
vt 0.047754 0.137974
vt 0.057304 0.136354
vt 0.047754 0.134721
vt 0.057304 0.137974
vt 0.066856 0.134721
vt 0.066856 0.136354
vt 0.066856 0.137974
vt 0.076407 0.136354
vt 0.076407 0.137974
vt 0.085958 0.136354
vt 0.076407 0.134721
vt 0.085958 0.137974
vt 0.095509 0.136354
vt 0.085958 0.134721
vt 0.095509 0.137974
vt 0.105060 0.136354
vt 0.095509 0.134721
vt 0.105060 0.137974
vt 0.114612 0.135537
vt 0.114612 0.136354
vt 0.105060 0.134721
vt 0.114612 0.134721
vt 0.114612 0.137164
vt 0.114612 0.137974
vt 0.119387 0.134721
vt 0.114612 0.133864
vt 0.121775 0.133864
vt 0.119387 0.133436
vt 0.119387 0.133864
vt 0.122969 0.133436
vt 0.121775 0.133222
vt 0.121775 0.133436
vt 0.123566 0.133114
vt 0.122969 0.133222
vt 0.123566 0.133222
vt 0.123864 0.133061
vt 0.123864 0.133114
vt 0.124013 0.133061
vt 0.123864 0.133034
vt 0.124088 0.133021
vt 0.124013 0.133034
vt 0.124088 0.133034
vt 0.124125 0.133014
vt 0.124125 0.133021
vt 0.124144 0.133011
vt 0.124144 0.133014
vt 0.124153 0.133011
vt 0.124144 0.133009
vt 0.124158 0.133009
vt 0.124153 0.133008
vt 0.124153 0.133009
vt 0.119387 0.136354
vt 0.119387 0.135537
vt 0.119387 0.137974
vt 0.119387 0.137164
vt 0.119387 0.138785
vt 0.114612 0.138785
vt 0.006973 0.133007
vt 0.000000 0.133007
vt 0.009551 0.133864
vt 0.010881 0.133007
vt 0.018693 0.133007
vt 0.014788 0.133007
vt 0.026505 0.133007
vt 0.022599 0.133007
vt 0.000000 0.134654
vt 0.034318 0.133007
vt 0.030412 0.133007
vt 0.038224 0.133007
vt 0.046035 0.133007
vt 0.042129 0.133007
vt 0.053848 0.133007
vt 0.049941 0.133007
vt 0.057754 0.133007
vt 0.057304 0.134721
vt 0.065567 0.133007
vt 0.061660 0.133007
vt 0.069474 0.133007
vt 0.073381 0.133007
vt 0.081193 0.133007
vt 0.077288 0.133007
vt 0.085099 0.133007
vt 0.000000 0.136301
vt 0.000000 0.137948
vt 0.009551 0.139595
vt 0.000000 0.139595
vt 0.019101 0.139595
vt 0.028652 0.139595
vt 0.047754 0.139595
vt 0.057304 0.139595
vt 0.066856 0.139595
vt 0.076407 0.139595
vt 0.085958 0.139595
vt 0.089004 0.133007
vt 0.092910 0.133007
vt 0.096817 0.133007
vt 0.104631 0.133007
vt 0.100724 0.133007
vt 0.112442 0.133007
vt 0.108537 0.133007
vt 0.120256 0.133007
vt 0.116350 0.133007
vt 0.123566 0.133061
vt 0.124013 0.133021
vt 0.124088 0.133014
vt 0.122969 0.133114
vt 0.124162 0.133007
vt 0.124125 0.133011
vt 0.124158 0.133008
vt 0.124163 0.133007
vt 0.124163 0.134654
vt 0.095509 0.139595
vt 0.105060 0.139595
vt 0.114612 0.139595
vt 0.124163 0.136301
vt 0.124163 0.137948
vt 0.124163 0.139595
vt 0.009153 0.040126
vt 0.004577 0.039253
vt 0.004577 0.040126
vt 0.009153 0.041784
vt 0.004577 0.040955
vt 0.004577 0.041784
vt 0.009153 0.040955
vt 0.009153 0.042608
vt 0.004577 0.043431
vt 0.009153 0.043431
vt 0.004577 0.042608
vt 0.009153 0.044255
vt 0.004577 0.044255
vt 0.018307 0.040126
vt 0.018307 0.041784
vt 0.018307 0.043431
vt 0.027461 0.040126
vt 0.027461 0.041784
vt 0.027461 0.043431
vt 0.036615 0.041784
vt 0.036615 0.043431
vt 0.045769 0.041784
vt 0.036615 0.040126
vt 0.045769 0.043431
vt 0.054923 0.041784
vt 0.045769 0.040126
vt 0.054923 0.043431
vt 0.064078 0.041784
vt 0.054923 0.040126
vt 0.064078 0.043431
vt 0.073233 0.040955
vt 0.073233 0.041784
vt 0.064078 0.040126
vt 0.073233 0.040126
vt 0.073233 0.042608
vt 0.073233 0.043431
vt 0.077811 0.040126
vt 0.073233 0.039253
vt 0.077811 0.041784
vt 0.077811 0.040955
vt 0.077811 0.042608
vt 0.077811 0.043431
vt 0.077811 0.044255
vt 0.073233 0.044255
vt 0.003906 0.038381
vt 0.000000 0.038381
vt 0.007810 0.038381
vt 0.009153 0.039253
vt 0.000000 0.040055
vt 0.011717 0.038381
vt 0.015623 0.038381
vt 0.023436 0.038381
vt 0.019529 0.038381
vt 0.027342 0.038381
vt 0.031249 0.038381
vt 0.000000 0.041729
vt 0.000000 0.043404
vt 0.000000 0.045078
vt 0.009153 0.045078
vt 0.027461 0.045078
vt 0.036615 0.045078
vt 0.018307 0.045078
vt 0.045769 0.045078
vt 0.039060 0.038381
vt 0.035154 0.038381
vt 0.042966 0.038381
vt 0.050778 0.038381
vt 0.046872 0.038381
vt 0.054685 0.038381
vt 0.058591 0.038381
vt 0.070310 0.038381
vt 0.066404 0.038381
vt 0.074217 0.038381
vt 0.077811 0.039253
vt 0.078124 0.038381
vt 0.082388 0.040055
vt 0.082388 0.038381
vt 0.062498 0.038381
vt 0.054923 0.045078
vt 0.064078 0.045078
vt 0.082388 0.045078
vt 0.082388 0.041729
vt 0.082388 0.043404
vt 0.008690 0.001753
vt 0.004345 0.000876
vt 0.004345 0.001753
vt 0.008690 0.002585
vt 0.004345 0.003418
vt 0.008690 0.003418
vt 0.004345 0.002585
vt 0.008690 0.004245
vt 0.004345 0.005071
vt 0.008690 0.005071
vt 0.004345 0.004245
vt 0.004345 0.005898
vt 0.008690 0.005898
vt 0.017379 0.001753
vt 0.017379 0.003418
vt 0.017379 0.005071
vt 0.026069 0.001753
vt 0.026069 0.003418
vt 0.026069 0.005071
vt 0.034758 0.002585
vt 0.034758 0.003418
vt 0.034758 0.001753
vt 0.034758 0.004245
vt 0.034758 0.005071
vt 0.039102 0.000876
vt 0.039102 0.001753
vt 0.039102 0.002585
vt 0.039102 0.003418
vt 0.039102 0.005071
vt 0.039102 0.004245
vt 0.034758 0.005898
vt 0.039102 0.005898
vt 0.003696 0.000000
vt 0.000000 0.000000
vt 0.007393 0.000000
vt 0.000000 0.001681
vt 0.008690 0.000876
vt 0.014787 0.000000
vt 0.011089 0.000000
vt 0.018693 0.000000
vt 0.000000 0.003362
vt 0.000000 0.005043
vt 0.000000 0.006725
vt 0.008690 0.006725
vt 0.017379 0.006725
vt 0.026069 0.006725
vt 0.022599 0.000000
vt 0.026505 0.000000
vt 0.030412 0.000000
vt 0.034758 0.000876
vt 0.033671 0.000000
vt 0.036930 0.000000
vt 0.040189 0.000000
vt 0.043447 0.000000
vt 0.043447 0.001681
vt 0.043447 0.006725
vt 0.043447 0.003362
vt 0.043447 0.005043
vt 0.009155 0.058366
vt 0.004577 0.059238
vt 0.009155 0.059238
vt 0.009155 0.060068
vt 0.004577 0.060897
vt 0.009155 0.060897
vt 0.004577 0.060068
vt 0.009155 0.061720
vt 0.004577 0.062544
vt 0.009155 0.062544
vt 0.004577 0.061720
vt 0.009155 0.063367
vt 0.004577 0.063367
vt 0.018310 0.059238
vt 0.018310 0.060897
vt 0.018310 0.062544
vt 0.027465 0.059238
vt 0.027465 0.060897
vt 0.027465 0.062544
vt 0.036619 0.059238
vt 0.036619 0.060897
vt 0.036619 0.062544
vt 0.045773 0.059238
vt 0.045773 0.060897
vt 0.045773 0.062544
vt 0.054927 0.059238
vt 0.054927 0.060897
vt 0.054927 0.062544
vt 0.064081 0.059238
vt 0.064081 0.060897
vt 0.064081 0.062544
vt 0.073235 0.060068
vt 0.073235 0.060897
vt 0.073235 0.059238
vt 0.073235 0.061720
vt 0.073235 0.062544
vt 0.077812 0.058366
vt 0.077812 0.059238
vt 0.077812 0.060068
vt 0.077812 0.060897
vt 0.077812 0.061720
vt 0.077812 0.062544
vt 0.073235 0.063367
vt 0.077812 0.063367
vt 0.004577 0.058366
vt 0.002588 0.057493
vt 0.000000 0.057493
vt 0.006495 0.057493
vt 0.010401 0.057493
vt 0.000000 0.059168
vt 0.014308 0.057493
vt 0.018214 0.057493
vt 0.026028 0.057493
vt 0.022121 0.057493
vt 0.033841 0.057493
vt 0.029934 0.057493
vt 0.037747 0.057493
vt 0.000000 0.060842
vt 0.000000 0.062516
vt 0.000000 0.064191
vt 0.009155 0.064191
vt 0.018310 0.064191
vt 0.027465 0.064191
vt 0.036619 0.064191
vt 0.045773 0.064191
vt 0.041654 0.057493
vt 0.045560 0.057493
vt 0.053372 0.057493
vt 0.049466 0.057493
vt 0.061185 0.057493
vt 0.065091 0.057493
vt 0.057279 0.057493
vt 0.073235 0.058366
vt 0.068997 0.057493
vt 0.076809 0.057493
vt 0.072903 0.057493
vt 0.082389 0.059168
vt 0.082389 0.057493
vt 0.080713 0.057493
vt 0.054927 0.064191
vt 0.064081 0.064191
vt 0.073235 0.064191
vt 0.082389 0.060842
vt 0.082389 0.062516
vt 0.082389 0.064191
vt 0.009551 0.077463
vt 0.004776 0.078320
vt 0.009551 0.078320
vt 0.004776 0.077034
vt 0.002388 0.077463
vt 0.004776 0.077463
vt 0.002388 0.077034
vt 0.001194 0.076820
vt 0.001194 0.077034
vt 0.001194 0.076713
vt 0.000597 0.076820
vt 0.009551 0.079952
vt 0.004776 0.079136
vt 0.004776 0.079952
vt 0.009551 0.079136
vt 0.009551 0.081573
vt 0.004776 0.080762
vt 0.004776 0.081573
vt 0.009551 0.080762
vt 0.004776 0.082383
vt 0.009551 0.082383
vt 0.018946 0.078320
vt 0.018946 0.079952
vt 0.018946 0.081573
vt 0.028654 0.078320
vt 0.028654 0.079952
vt 0.028654 0.081573
vt 0.038205 0.078320
vt 0.038205 0.079952
vt 0.038205 0.081573
vt 0.047756 0.079952
vt 0.047756 0.081573
vt 0.057307 0.078320
vt 0.057307 0.079952
vt 0.057307 0.081573
vt 0.066858 0.078320
vt 0.066858 0.079952
vt 0.066858 0.081573
vt 0.076410 0.078320
vt 0.076410 0.079952
vt 0.076410 0.081573
vt 0.085960 0.078320
vt 0.085960 0.079952
vt 0.085960 0.081573
vt 0.095511 0.079952
vt 0.095511 0.081573
vt 0.105062 0.078320
vt 0.105062 0.079952
vt 0.105062 0.081573
vt 0.114612 0.079136
vt 0.114612 0.079952
vt 0.114612 0.078320
vt 0.114612 0.080762
vt 0.114612 0.081573
vt 0.119387 0.078320
vt 0.114612 0.077463
vt 0.121775 0.077034
vt 0.119387 0.077463
vt 0.121775 0.077463
vt 0.119387 0.079952
vt 0.119387 0.079136
vt 0.119387 0.080762
vt 0.119387 0.081573
vt 0.114612 0.082383
vt 0.119387 0.082383
vt 0.000597 0.076713
vt 0.000277 0.076606
vt 0.000000 0.076606
vt 0.001255 0.076606
vt 0.002231 0.076606
vt 0.002388 0.076820
vt 0.000000 0.078253
vt 0.006138 0.076606
vt 0.010043 0.076606
vt 0.017856 0.076606
vt 0.013950 0.076606
vt 0.025669 0.076606
vt 0.021763 0.076606
vt 0.033482 0.076606
vt 0.029575 0.076606
vt 0.037388 0.076606
vt 0.045201 0.076606
vt 0.041295 0.076606
vt 0.047756 0.078320
vt 0.053013 0.076606
vt 0.049108 0.076606
vt 0.000000 0.079900
vt 0.000000 0.081547
vt 0.000000 0.083194
vt 0.009551 0.083194
vt 0.038205 0.083194
vt 0.028654 0.083194
vt 0.018946 0.083194
vt 0.047756 0.083194
vt 0.057307 0.083194
vt 0.056919 0.076606
vt 0.064733 0.076606
vt 0.060826 0.076606
vt 0.068639 0.076606
vt 0.076452 0.076606
vt 0.072545 0.076606
vt 0.080358 0.076606
vt 0.084264 0.076606
vt 0.092076 0.076606
vt 0.088169 0.076606
vt 0.095511 0.078320
vt 0.095983 0.076606
vt 0.103794 0.076606
vt 0.099889 0.076606
vt 0.107700 0.076606
vt 0.115514 0.076606
vt 0.111607 0.076606
vt 0.119419 0.076606
vt 0.123325 0.076606
vt 0.119387 0.077034
vt 0.124163 0.076606
vt 0.124163 0.078253
vt 0.066858 0.083194
vt 0.076410 0.083194
vt 0.085960 0.083194
vt 0.105062 0.083194
vt 0.095511 0.083194
vt 0.124163 0.079900
vt 0.124163 0.081547
vt 0.114612 0.083194
vt 0.124163 0.083194
vt 0.008689 0.020067
vt 0.004344 0.020943
vt 0.008689 0.020943
vt 0.008689 0.022608
vt 0.004344 0.021776
vt 0.004344 0.022608
vt 0.008689 0.021776
vt 0.008689 0.024262
vt 0.004344 0.023435
vt 0.004344 0.024262
vt 0.008689 0.023435
vt 0.008689 0.025088
vt 0.004344 0.025088
vt 0.017378 0.020943
vt 0.017378 0.022608
vt 0.017378 0.024262
vt 0.026068 0.022608
vt 0.026068 0.024262
vt 0.034758 0.021776
vt 0.034758 0.022608
vt 0.026068 0.020943
vt 0.034758 0.020943
vt 0.034758 0.023435
vt 0.034758 0.024262
vt 0.039102 0.020943
vt 0.034758 0.020067
vt 0.041275 0.019629
vt 0.039102 0.020067
vt 0.041275 0.020067
vt 0.039102 0.022608
vt 0.039102 0.021776
vt 0.039102 0.024262
vt 0.039102 0.023435
vt 0.039102 0.025088
vt 0.034758 0.025088
vt 0.004344 0.020067
vt 0.005679 0.019190
vt 0.000000 0.019190
vt 0.000000 0.020872
vt 0.011361 0.019190
vt 0.015268 0.019190
vt 0.019173 0.019190
vt 0.023079 0.019190
vt 0.026985 0.019190
vt 0.000000 0.022553
vt 0.000000 0.024234
vt 0.000000 0.025915
vt 0.008689 0.025915
vt 0.017378 0.025915
vt 0.026068 0.025915
vt 0.030892 0.019190
vt 0.034799 0.019190
vt 0.039102 0.019629
vt 0.038705 0.019190
vt 0.042611 0.019190
vt 0.043447 0.019190
vt 0.043447 0.020872
vt 0.034758 0.025915
vt 0.043447 0.022553
vt 0.043447 0.024234
vt 0.043447 0.025915
vt 0.009551 0.115064
vt 0.004776 0.115921
vt 0.009551 0.115921
vt 0.009551 0.116737
vt 0.004776 0.117553
vt 0.009551 0.117553
vt 0.004776 0.116737
vt 0.009551 0.119174
vt 0.004776 0.118364
vt 0.004776 0.119174
vt 0.009551 0.118364
vt 0.004776 0.119984
vt 0.009551 0.119984
vt 0.019103 0.115921
vt 0.019103 0.117553
vt 0.019103 0.119174
vt 0.028654 0.115921
vt 0.028654 0.117553
vt 0.028654 0.119174
vt 0.038205 0.115921
vt 0.038205 0.117553
vt 0.038205 0.119174
vt 0.047756 0.115921
vt 0.047756 0.117553
vt 0.047756 0.119174
vt 0.057307 0.115921
vt 0.057307 0.117553
vt 0.057307 0.119174
vt 0.066858 0.115921
vt 0.066858 0.117553
vt 0.066858 0.119174
vt 0.076410 0.115921
vt 0.076410 0.117553
vt 0.076410 0.119174
vt 0.085960 0.115921
vt 0.085960 0.117553
vt 0.085960 0.119174
vt 0.095511 0.117553
vt 0.095511 0.119174
vt 0.105062 0.115921
vt 0.105062 0.117553
vt 0.105062 0.119174
vt 0.114612 0.116737
vt 0.114612 0.117553
vt 0.114612 0.115921
vt 0.114612 0.118364
vt 0.114612 0.119174
vt 0.119387 0.115064
vt 0.119387 0.115921
vt 0.121775 0.114635
vt 0.121775 0.115064
vt 0.119387 0.116737
vt 0.119387 0.117553
vt 0.119387 0.119174
vt 0.119387 0.118364
vt 0.119387 0.119984
vt 0.114612 0.119984
vt 0.004776 0.115064
vt 0.006139 0.114207
vt 0.000000 0.114207
vt 0.010044 0.114207
vt 0.017857 0.114207
vt 0.013949 0.114207
vt 0.021764 0.114207
vt 0.000000 0.115854
vt 0.025671 0.114207
vt 0.029578 0.114207
vt 0.033484 0.114207
vt 0.037389 0.114207
vt 0.041294 0.114207
vt 0.045200 0.114207
vt 0.049107 0.114207
vt 0.053014 0.114207
vt 0.056920 0.114207
vt 0.060826 0.114207
vt 0.064733 0.114207
vt 0.000000 0.117501
vt 0.000000 0.119148
vt 0.000000 0.120795
vt 0.009551 0.120795
vt 0.019103 0.120795
vt 0.028654 0.120795
vt 0.038205 0.120795
vt 0.057307 0.120795
vt 0.066858 0.120795
vt 0.047756 0.120795
vt 0.068639 0.114207
vt 0.072545 0.114207
vt 0.076451 0.114207
vt 0.084265 0.114207
vt 0.080357 0.114207
vt 0.088172 0.114207
vt 0.092077 0.114207
vt 0.095511 0.115921
vt 0.095982 0.114207
vt 0.099888 0.114207
vt 0.103794 0.114207
vt 0.114612 0.115064
vt 0.111607 0.114207
vt 0.107701 0.114207
vt 0.115513 0.114207
vt 0.119419 0.114207
vt 0.123325 0.114207
vt 0.124163 0.114207
vt 0.119387 0.114635
vt 0.124163 0.115854
vt 0.076410 0.120795
vt 0.085960 0.120795
vt 0.095511 0.120795
vt 0.105062 0.120795
vt 0.124163 0.117501
vt 0.124163 0.119148
vt 0.114612 0.120795
vt 0.124163 0.120795
vt 0.611947 0.009678
vt 0.612823 0.004839
vt 0.611947 0.004839
vt 0.613261 0.002420
vt 0.612823 0.002420
vt 0.610281 0.009678
vt 0.611114 0.004839
vt 0.610281 0.004839
vt 0.611114 0.009678
vt 0.608628 0.009678
vt 0.609455 0.004839
vt 0.608628 0.004839
vt 0.609455 0.009678
vt 0.607801 0.009678
vt 0.607801 0.004839
vt 0.611947 0.019357
vt 0.610281 0.019357
vt 0.608628 0.019357
vt 0.610281 0.029036
vt 0.608628 0.029036
vt 0.610281 0.038715
vt 0.611947 0.029036
vt 0.608628 0.038715
vt 0.610281 0.048394
vt 0.611947 0.038715
vt 0.608628 0.048394
vt 0.610281 0.058074
vt 0.611947 0.048394
vt 0.608628 0.058074
vt 0.610281 0.067753
vt 0.611947 0.058074
vt 0.608628 0.067753
vt 0.610281 0.077434
vt 0.611947 0.067753
vt 0.608628 0.077434
vt 0.610281 0.087115
vt 0.611947 0.077434
vt 0.608628 0.087115
vt 0.610281 0.096796
vt 0.611947 0.087115
vt 0.608628 0.096796
vt 0.610281 0.106477
vt 0.611947 0.096796
vt 0.608628 0.106477
vt 0.611114 0.116158
vt 0.610281 0.116158
vt 0.611947 0.106477
vt 0.611947 0.116158
vt 0.609455 0.116158
vt 0.608628 0.116158
vt 0.611947 0.120998
vt 0.612823 0.116158
vt 0.613261 0.123419
vt 0.612823 0.120998
vt 0.612823 0.123419
vt 0.610281 0.120998
vt 0.611114 0.120998
vt 0.609455 0.120998
vt 0.608628 0.120998
vt 0.607801 0.120998
vt 0.607801 0.116158
vt 0.613699 0.000976
vt 0.613699 0.004759
vt 0.613261 0.004839
vt 0.613699 0.008543
vt 0.612823 0.009678
vt 0.612018 0.000000
vt 0.613699 0.012326
vt 0.613699 0.016110
vt 0.613699 0.023677
vt 0.613699 0.019893
vt 0.613699 0.027461
vt 0.613699 0.035151
vt 0.613699 0.031245
vt 0.613699 0.039057
vt 0.613699 0.046869
vt 0.613699 0.042963
vt 0.613699 0.054680
vt 0.613699 0.050775
vt 0.613699 0.058586
vt 0.610337 0.000000
vt 0.608656 0.000000
vt 0.606975 0.000000
vt 0.606975 0.009678
vt 0.606975 0.019357
vt 0.606975 0.029036
vt 0.606975 0.038715
vt 0.606975 0.058074
vt 0.606975 0.048394
vt 0.613699 0.062492
vt 0.613699 0.066399
vt 0.613699 0.070305
vt 0.613699 0.078119
vt 0.613699 0.074212
vt 0.613699 0.082026
vt 0.613699 0.089838
vt 0.613699 0.085932
vt 0.613699 0.097651
vt 0.613699 0.093744
vt 0.613699 0.101557
vt 0.613699 0.109372
vt 0.613699 0.105464
vt 0.613699 0.113278
vt 0.613261 0.120998
vt 0.613699 0.121092
vt 0.613699 0.117185
vt 0.613699 0.124999
vt 0.612018 0.125839
vt 0.606975 0.077434
vt 0.606975 0.087115
vt 0.606975 0.106477
vt 0.606975 0.096796
vt 0.610337 0.125839
vt 0.608656 0.125839
vt 0.606975 0.116158
vt 0.606975 0.125839
vt 0.689412 0.008709
vt 0.689412 0.011611
vt 0.672395 0.011611
vt 0.672395 0.005806
vt 0.689412 0.005806
vt 0.689412 0.002903
vt 0.672395 0.000000
vt 0.689412 0.000000
vt 0.697921 0.005806
vt 0.697921 0.001451
vt 0.697921 0.002903
vt 0.697921 0.000000
vt 0.702175 0.001451
vt 0.702175 0.002903
vt 0.702175 0.000726
vt 0.702175 0.000000
vt 0.704302 0.001451
vt 0.704302 0.000000
vt 0.704302 0.000726
vt 0.697921 0.011611
vt 0.697921 0.008709
vt 0.689412 0.020320
vt 0.689412 0.023222
vt 0.672395 0.023222
vt 0.672395 0.017417
vt 0.689412 0.017417
vt 0.689412 0.014514
vt 0.697921 0.017417
vt 0.697921 0.014514
vt 0.697921 0.023222
vt 0.697921 0.020320
vt 0.646410 0.011611
vt 0.646410 0.017417
vt 0.646410 0.023222
vt 0.689412 0.031930
vt 0.689412 0.034833
vt 0.672395 0.034833
vt 0.672395 0.029028
vt 0.689412 0.029028
vt 0.689412 0.026125
vt 0.697921 0.029028
vt 0.697921 0.026125
vt 0.697921 0.034833
vt 0.697921 0.031930
vt 0.646410 0.029028
vt 0.646410 0.034833
vt 0.689412 0.043813
vt 0.689412 0.046806
vt 0.672395 0.046806
vt 0.672395 0.040820
vt 0.689412 0.040820
vt 0.689412 0.037826
vt 0.697921 0.040820
vt 0.697921 0.037826
vt 0.697921 0.046806
vt 0.697921 0.043813
vt 0.646410 0.040820
vt 0.646410 0.046806
vt 0.689412 0.055243
vt 0.689412 0.058055
vt 0.672395 0.058055
vt 0.672395 0.052431
vt 0.689412 0.052431
vt 0.689412 0.049618
vt 0.697921 0.052431
vt 0.697921 0.049618
vt 0.697921 0.058055
vt 0.697921 0.055243
vt 0.646410 0.052431
vt 0.646410 0.058055
vt 0.689412 0.066763
vt 0.689412 0.069666
vt 0.672395 0.069666
vt 0.672395 0.063860
vt 0.689412 0.063860
vt 0.689412 0.060958
vt 0.697921 0.063860
vt 0.697921 0.060958
vt 0.697921 0.069666
vt 0.697921 0.066763
vt 0.646410 0.063860
vt 0.646410 0.069666
vt 0.689412 0.078373
vt 0.689412 0.081276
vt 0.672395 0.081276
vt 0.672395 0.075471
vt 0.689412 0.075471
vt 0.689412 0.072568
vt 0.697921 0.075471
vt 0.697921 0.072568
vt 0.697921 0.081276
vt 0.697921 0.078373
vt 0.646410 0.075471
vt 0.646410 0.081276
vt 0.689412 0.089985
vt 0.689412 0.092888
vt 0.672395 0.092888
vt 0.672395 0.087082
vt 0.689412 0.087082
vt 0.689412 0.084179
vt 0.697921 0.087082
vt 0.697921 0.084179
vt 0.697921 0.092888
vt 0.697921 0.089985
vt 0.646410 0.087082
vt 0.646410 0.092888
vt 0.689412 0.101596
vt 0.689412 0.104498
vt 0.672395 0.104498
vt 0.672395 0.098693
vt 0.689412 0.098693
vt 0.689412 0.095791
vt 0.697921 0.098693
vt 0.697921 0.095791
vt 0.697921 0.104498
vt 0.697921 0.101596
vt 0.646410 0.098693
vt 0.646410 0.104498
vt 0.689412 0.113207
vt 0.689412 0.116109
vt 0.672395 0.116109
vt 0.672395 0.110304
vt 0.689412 0.110304
vt 0.689412 0.107401
vt 0.697921 0.110304
vt 0.697921 0.107401
vt 0.697921 0.113207
vt 0.697921 0.116109
vt 0.646410 0.110304
vt 0.646410 0.116109
vt 0.689412 0.124818
vt 0.689412 0.127720
vt 0.672395 0.127720
vt 0.672395 0.121915
vt 0.689412 0.121915
vt 0.689412 0.119012
vt 0.697921 0.119012
vt 0.697921 0.121915
vt 0.697921 0.126269
vt 0.697921 0.127720
vt 0.697921 0.124818
vt 0.697921 0.123366
vt 0.702175 0.124092
vt 0.702175 0.124818
vt 0.702175 0.123366
vt 0.702175 0.121915
vt 0.704302 0.124092
vt 0.704302 0.124818
vt 0.704302 0.123366
vt 0.702175 0.126269
vt 0.702175 0.127720
vt 0.702175 0.125543
vt 0.704302 0.125543
vt 0.704302 0.126269
vt 0.646410 0.121915
vt 0.646410 0.127720
vt 0.689412 0.136428
vt 0.689412 0.139330
vt 0.672395 0.139330
vt 0.672395 0.133525
vt 0.689412 0.133525
vt 0.689412 0.130623
vt 0.697921 0.130623
vt 0.697921 0.133525
vt 0.697921 0.136428
vt 0.697921 0.139330
vt 0.646410 0.133525
vt 0.646410 0.139330
vt 0.689412 0.148038
vt 0.689412 0.150941
vt 0.672395 0.150941
vt 0.672395 0.145136
vt 0.689412 0.145136
vt 0.689412 0.142233
vt 0.697921 0.142233
vt 0.697921 0.145136
vt 0.697921 0.148038
vt 0.697921 0.150941
vt 0.646410 0.145136
vt 0.646410 0.150941
vt 0.689412 0.159649
vt 0.689412 0.162552
vt 0.672395 0.162552
vt 0.672395 0.156747
vt 0.689412 0.156747
vt 0.689412 0.153844
vt 0.697921 0.153844
vt 0.697921 0.156747
vt 0.697921 0.159649
vt 0.697921 0.162552
vt 0.646410 0.156747
vt 0.646410 0.162552
vt 0.689412 0.171261
vt 0.689412 0.174164
vt 0.672395 0.174164
vt 0.672395 0.168358
vt 0.689412 0.168358
vt 0.689412 0.165455
vt 0.697921 0.165455
vt 0.697921 0.168358
vt 0.697921 0.172712
vt 0.697921 0.174164
vt 0.697921 0.171261
vt 0.697921 0.169809
vt 0.702175 0.169809
vt 0.702175 0.171261
vt 0.702175 0.168358
vt 0.702175 0.172712
vt 0.702175 0.174164
vt 0.646410 0.168358
vt 0.646410 0.174164
vt 0.689412 0.182872
vt 0.689412 0.185775
vt 0.672395 0.185775
vt 0.672395 0.179969
vt 0.689412 0.179969
vt 0.689412 0.177066
vt 0.697921 0.179969
vt 0.697921 0.177066
vt 0.697921 0.185775
vt 0.697921 0.182872
vt 0.646410 0.179969
vt 0.646410 0.185775
vt 0.689412 0.194118
vt 0.689412 0.196899
vt 0.672395 0.196899
vt 0.672395 0.191337
vt 0.689412 0.191337
vt 0.689412 0.188556
vt 0.697921 0.188556
vt 0.697921 0.191337
vt 0.697921 0.194118
vt 0.697921 0.196899
vt 0.646410 0.191337
vt 0.646410 0.196899
vt 0.689412 0.205972
vt 0.689412 0.208996
vt 0.672395 0.208996
vt 0.672395 0.202947
vt 0.689412 0.202947
vt 0.689412 0.199923
vt 0.697921 0.199923
vt 0.697921 0.202947
vt 0.697921 0.205972
vt 0.697921 0.208996
vt 0.646410 0.202947
vt 0.646410 0.208996
vt 0.689412 0.217704
vt 0.689412 0.220607
vt 0.672395 0.220607
vt 0.672395 0.214801
vt 0.689412 0.214801
vt 0.689412 0.211899
vt 0.697921 0.211899
vt 0.697921 0.214801
vt 0.697921 0.217704
vt 0.697921 0.220607
vt 0.646410 0.214801
vt 0.646410 0.220607
vt 0.689412 0.229315
vt 0.689412 0.232218
vt 0.672395 0.232218
vt 0.672395 0.226412
vt 0.689412 0.226412
vt 0.689412 0.223510
vt 0.697921 0.223510
vt 0.697921 0.226412
vt 0.697921 0.229315
vt 0.697921 0.232218
vt 0.646410 0.226412
vt 0.646410 0.232218
vt 0.689412 0.241243
vt 0.689412 0.244251
vt 0.672395 0.244251
vt 0.672395 0.238234
vt 0.689412 0.238234
vt 0.689412 0.235226
vt 0.697921 0.235226
vt 0.697921 0.238234
vt 0.697921 0.244251
vt 0.697921 0.241243
vt 0.646410 0.238234
vt 0.646410 0.244251
vt 0.689412 0.252642
vt 0.689412 0.255439
vt 0.672395 0.255439
vt 0.672395 0.249845
vt 0.689412 0.249845
vt 0.689412 0.247048
vt 0.697921 0.248447
vt 0.697921 0.249845
vt 0.697921 0.247048
vt 0.702175 0.248447
vt 0.702175 0.249845
vt 0.697921 0.254041
vt 0.697921 0.255439
vt 0.697921 0.252642
vt 0.697921 0.251244
vt 0.702175 0.251943
vt 0.702175 0.252642
vt 0.702175 0.251244
vt 0.702175 0.250544
vt 0.704302 0.250894
vt 0.704302 0.251244
vt 0.704302 0.250544
vt 0.704302 0.249845
vt 0.705365 0.251244
vt 0.705365 0.250894
vt 0.704302 0.251943
vt 0.704302 0.252642
vt 0.704302 0.251593
vt 0.705365 0.251593
vt 0.705365 0.251943
vt 0.705365 0.251418
vt 0.705897 0.251418
vt 0.705897 0.251593
vt 0.705897 0.251244
vt 0.702175 0.254041
vt 0.702175 0.255439
vt 0.702175 0.253341
vt 0.704302 0.253341
vt 0.704302 0.254041
vt 0.646410 0.249845
vt 0.646410 0.255439
vt 0.689412 0.264148
vt 0.689412 0.267051
vt 0.672395 0.267051
vt 0.672395 0.261245
vt 0.689412 0.261245
vt 0.689412 0.258342
vt 0.697921 0.258342
vt 0.697921 0.261245
vt 0.697921 0.264148
vt 0.697921 0.267051
vt 0.689412 0.275759
vt 0.689412 0.278662
vt 0.672395 0.278662
vt 0.672395 0.272856
vt 0.689412 0.272856
vt 0.689412 0.269954
vt 0.697921 0.269954
vt 0.697921 0.272856
vt 0.697921 0.275759
vt 0.697921 0.278662
vt 0.689412 0.287369
vt 0.689412 0.290272
vt 0.672395 0.290272
vt 0.672395 0.284467
vt 0.689412 0.284467
vt 0.689412 0.281564
vt 0.697921 0.281564
vt 0.697921 0.284467
vt 0.697921 0.287369
vt 0.697921 0.290272
vt 0.689412 0.298979
vt 0.689412 0.301882
vt 0.672395 0.301882
vt 0.672395 0.296077
vt 0.689412 0.296077
vt 0.689412 0.293174
vt 0.697921 0.293174
vt 0.697921 0.296077
vt 0.697921 0.298979
vt 0.697921 0.301882
vt 0.689412 0.310204
vt 0.689412 0.312978
vt 0.672395 0.312978
vt 0.672395 0.307430
vt 0.689412 0.307430
vt 0.689412 0.304656
vt 0.697921 0.304656
vt 0.697921 0.307430
vt 0.697921 0.312978
vt 0.697921 0.310204
vt 0.646410 0.301882
vt 0.646410 0.307430
vt 0.646410 0.312978
vt 0.689412 0.322073
vt 0.689412 0.325105
vt 0.672395 0.325105
vt 0.672395 0.319041
vt 0.689412 0.319041
vt 0.689412 0.316010
vt 0.697921 0.316010
vt 0.697921 0.319041
vt 0.697921 0.322073
vt 0.697921 0.325105
vt 0.689412 0.333813
vt 0.689412 0.336715
vt 0.672395 0.336715
vt 0.672395 0.330910
vt 0.689412 0.330910
vt 0.689412 0.328007
vt 0.697921 0.328007
vt 0.697921 0.330910
vt 0.697921 0.333813
vt 0.697921 0.336715
vt 0.689412 0.345241
vt 0.689412 0.348083
vt 0.672395 0.348083
vt 0.672395 0.342399
vt 0.689412 0.342399
vt 0.689412 0.339557
vt 0.697921 0.339557
vt 0.697921 0.342399
vt 0.697921 0.345241
vt 0.697921 0.348083
vt 0.646410 0.336715
vt 0.646410 0.342399
vt 0.646410 0.348083
vt 0.689412 0.356974
vt 0.689412 0.359938
vt 0.672395 0.359938
vt 0.672395 0.354011
vt 0.689412 0.354011
vt 0.689412 0.351047
vt 0.697921 0.351047
vt 0.697921 0.354011
vt 0.697921 0.359938
vt 0.697921 0.356974
vt 0.689412 0.368645
vt 0.689412 0.371548
vt 0.672395 0.371548
vt 0.672395 0.365743
vt 0.689412 0.365743
vt 0.689412 0.362841
vt 0.697921 0.365743
vt 0.697921 0.362841
vt 0.697921 0.371548
vt 0.697921 0.368645
vt 0.689412 0.379927
vt 0.689412 0.382720
vt 0.672395 0.382720
vt 0.672395 0.377134
vt 0.689412 0.377134
vt 0.689412 0.374341
vt 0.697921 0.375737
vt 0.697921 0.377134
vt 0.697921 0.374341
vt 0.697921 0.372944
vt 0.702175 0.374341
vt 0.702175 0.372944
vt 0.702175 0.377134
vt 0.702175 0.375039
vt 0.702175 0.375737
vt 0.704302 0.375737
vt 0.704302 0.375039
vt 0.697921 0.379927
vt 0.697921 0.382720
vt 0.646410 0.371548
vt 0.646410 0.377134
vt 0.646410 0.382720
vt 0.689412 0.391847
vt 0.689412 0.394889
vt 0.672395 0.394889
vt 0.672395 0.388805
vt 0.689412 0.388805
vt 0.689412 0.385762
vt 0.697921 0.385762
vt 0.697921 0.388805
vt 0.697921 0.394889
vt 0.697921 0.391847
vt 0.689412 0.403666
vt 0.689412 0.406591
vt 0.672395 0.406591
vt 0.672395 0.400740
vt 0.689412 0.400740
vt 0.689412 0.397815
vt 0.697921 0.400740
vt 0.697921 0.397815
vt 0.697921 0.406591
vt 0.697921 0.403666
vt 0.689412 0.415141
vt 0.689412 0.417992
vt 0.672395 0.417992
vt 0.672395 0.412291
vt 0.689412 0.412291
vt 0.689412 0.409441
vt 0.697921 0.412291
vt 0.697921 0.409441
vt 0.697921 0.415141
vt 0.697921 0.417992
vt 0.646410 0.406591
vt 0.646410 0.412291
vt 0.646410 0.417992
vt 0.689412 0.426700
vt 0.689412 0.429603
vt 0.672395 0.429603
vt 0.672395 0.423797
vt 0.689412 0.423797
vt 0.689412 0.420894
vt 0.697921 0.423797
vt 0.697921 0.420894
vt 0.697921 0.429603
vt 0.697921 0.426700
vt 0.689412 0.438673
vt 0.689412 0.441696
vt 0.672395 0.441696
vt 0.672395 0.435649
vt 0.689412 0.435649
vt 0.689412 0.432626
vt 0.697921 0.435649
vt 0.697921 0.432626
vt 0.697921 0.441696
vt 0.697921 0.438673
vt 0.689412 0.449770
vt 0.689412 0.452461
vt 0.672395 0.452461
vt 0.672395 0.447079
vt 0.689412 0.447079
vt 0.689412 0.444387
vt 0.697921 0.447079
vt 0.697921 0.444387
vt 0.697921 0.452461
vt 0.697921 0.449770
vt 0.646410 0.441696
vt 0.646410 0.447079
vt 0.646410 0.452461
vt 0.689412 0.461442
vt 0.689412 0.464436
vt 0.672395 0.464436
vt 0.672395 0.458448
vt 0.689412 0.458448
vt 0.689412 0.455455
vt 0.697921 0.458448
vt 0.697921 0.455455
vt 0.697921 0.464436
vt 0.697921 0.461442
vt 0.689412 0.473144
vt 0.689412 0.476046
vt 0.672395 0.476046
vt 0.672395 0.470241
vt 0.689412 0.470241
vt 0.689412 0.467338
vt 0.697921 0.470241
vt 0.697921 0.467338
vt 0.697921 0.476046
vt 0.697921 0.473144
vt 0.689412 0.484755
vt 0.689412 0.487657
vt 0.672395 0.487657
vt 0.672395 0.481852
vt 0.689412 0.481852
vt 0.689412 0.478949
vt 0.697921 0.481852
vt 0.697921 0.478949
vt 0.697921 0.487657
vt 0.697921 0.484755
vt 0.689412 0.496365
vt 0.689412 0.499268
vt 0.672395 0.499268
vt 0.672395 0.493463
vt 0.689412 0.493463
vt 0.689412 0.490560
vt 0.697921 0.493463
vt 0.697921 0.490560
vt 0.697921 0.497816
vt 0.697921 0.499268
vt 0.697921 0.496365
vt 0.702175 0.498542
vt 0.702175 0.499268
vt 0.702175 0.497816
vt 0.704302 0.498905
vt 0.704302 0.499268
vt 0.704302 0.498542
vt 0.705365 0.499086
vt 0.705365 0.499268
vt 0.705365 0.498905
vt 0.705897 0.499177
vt 0.705897 0.499268
vt 0.705897 0.499086
vt 0.706163 0.499222
vt 0.706163 0.499268
vt 0.706163 0.499177
vt 0.706296 0.499245
vt 0.706296 0.499268
vt 0.706296 0.499222
vt 0.706362 0.499256
vt 0.706362 0.499268
vt 0.706362 0.499245
vt 0.706362 0.499222
vt 0.706396 0.499268
vt 0.706396 0.499256
vt 0.689412 0.507976
vt 0.689412 0.510879
vt 0.672395 0.510879
vt 0.672395 0.505073
vt 0.689412 0.505073
vt 0.689412 0.502171
vt 0.697921 0.505073
vt 0.697921 0.500719
vt 0.697921 0.502171
vt 0.702175 0.502171
vt 0.702175 0.499993
vt 0.702175 0.500719
vt 0.704302 0.500719
vt 0.704302 0.499630
vt 0.704302 0.499993
vt 0.705365 0.499993
vt 0.705365 0.499449
vt 0.705365 0.499630
vt 0.705897 0.499630
vt 0.705897 0.499358
vt 0.705897 0.499449
vt 0.706163 0.499358
vt 0.706163 0.499449
vt 0.706163 0.499313
vt 0.706296 0.499358
vt 0.706296 0.499290
vt 0.706296 0.499313
vt 0.706362 0.499313
vt 0.706362 0.499279
vt 0.706362 0.499290
vt 0.706396 0.499290
vt 0.706396 0.499273
vt 0.706396 0.499279
vt 0.706412 0.499273
vt 0.706412 0.499279
vt 0.697921 0.510879
vt 0.697921 0.507976
vt 0.689412 0.519587
vt 0.689412 0.522489
vt 0.672395 0.522489
vt 0.672395 0.516684
vt 0.689412 0.516684
vt 0.689412 0.513782
vt 0.697921 0.516684
vt 0.697921 0.513782
vt 0.697921 0.522489
vt 0.697921 0.519587
vt 0.646410 0.510879
vt 0.646410 0.516684
vt 0.646410 0.522489
vt 0.689412 0.531197
vt 0.689412 0.534099
vt 0.672395 0.534099
vt 0.672395 0.528294
vt 0.689412 0.528294
vt 0.689412 0.525392
vt 0.697921 0.528294
vt 0.697921 0.525392
vt 0.697921 0.534099
vt 0.697921 0.531197
vt 0.646410 0.528294
vt 0.646410 0.534099
vt 0.689412 0.543080
vt 0.689412 0.546074
vt 0.672395 0.546074
vt 0.672395 0.540087
vt 0.689412 0.540087
vt 0.689412 0.537093
vt 0.697921 0.540087
vt 0.697921 0.537093
vt 0.697921 0.546074
vt 0.697921 0.543080
vt 0.646410 0.540087
vt 0.646410 0.546074
vt 0.689412 0.554510
vt 0.689412 0.557322
vt 0.672395 0.557322
vt 0.672395 0.551698
vt 0.689412 0.551698
vt 0.689412 0.548886
vt 0.697921 0.551698
vt 0.697921 0.548886
vt 0.697921 0.557322
vt 0.697921 0.554510
vt 0.646410 0.551698
vt 0.646410 0.557322
vt 0.689412 0.566030
vt 0.689412 0.568933
vt 0.672395 0.568933
vt 0.672395 0.563128
vt 0.689412 0.563128
vt 0.689412 0.560225
vt 0.697921 0.563128
vt 0.697921 0.560225
vt 0.697921 0.568933
vt 0.697921 0.566030
vt 0.646410 0.563128
vt 0.646410 0.568933
vt 0.689412 0.577641
vt 0.689412 0.580543
vt 0.672395 0.580543
vt 0.672395 0.574738
vt 0.689412 0.574738
vt 0.689412 0.571836
vt 0.697921 0.574738
vt 0.697921 0.571836
vt 0.697921 0.580543
vt 0.697921 0.577641
vt 0.646410 0.574738
vt 0.646410 0.580543
vt 0.672395 0.586349
vt 0.689412 0.592155
vt 0.672395 0.592155
vt 0.689412 0.583446
vt 0.689412 0.586349
vt 0.697921 0.586349
vt 0.697921 0.583446
vt 0.646410 0.586349
vt 0.646410 0.592155
vt 0.689412 0.600863
vt 0.689412 0.603766
vt 0.672395 0.603766
vt 0.672395 0.597960
vt 0.689412 0.597960
vt 0.689412 0.595058
vt 0.697921 0.597960
vt 0.697921 0.595058
vt 0.697921 0.603766
vt 0.697921 0.600863
vt 0.646410 0.597960
vt 0.646410 0.603766
vt 0.689412 0.612474
vt 0.689412 0.615377
vt 0.672395 0.615377
vt 0.672395 0.609571
vt 0.689412 0.609571
vt 0.689412 0.606669
vt 0.697921 0.609571
vt 0.697921 0.606669
vt 0.697921 0.615377
vt 0.697921 0.612474
vt 0.646410 0.609571
vt 0.646410 0.615377
vt 0.689412 0.623721
vt 0.689412 0.626503
vt 0.672395 0.626503
vt 0.672395 0.620940
vt 0.689412 0.620940
vt 0.689412 0.618158
vt 0.697921 0.620940
vt 0.697921 0.618158
vt 0.697921 0.625112
vt 0.697921 0.626503
vt 0.697921 0.623721
vt 0.697921 0.622330
vt 0.702175 0.623721
vt 0.702175 0.620940
vt 0.702175 0.622330
vt 0.702175 0.626503
vt 0.702175 0.624417
vt 0.702175 0.625112
vt 0.704302 0.625112
vt 0.704302 0.624417
vt 0.646410 0.620940
vt 0.646410 0.626503
vt 0.689412 0.635574
vt 0.689412 0.638598
vt 0.672395 0.638598
vt 0.672395 0.632551
vt 0.689412 0.632551
vt 0.689412 0.629527
vt 0.697921 0.632551
vt 0.697921 0.629527
vt 0.697921 0.638598
vt 0.697921 0.635574
vt 0.646410 0.632551
vt 0.646410 0.638598
vt 0.689412 0.647306
vt 0.689412 0.650209
vt 0.672395 0.650209
vt 0.672395 0.644404
vt 0.689412 0.644404
vt 0.689412 0.641501
vt 0.697921 0.644404
vt 0.697921 0.641501
vt 0.697921 0.647306
vt 0.697921 0.650209
vt 0.646410 0.644404
vt 0.646410 0.650209
vt 0.689412 0.658918
vt 0.689412 0.661820
vt 0.672395 0.661820
vt 0.672395 0.656015
vt 0.689412 0.656015
vt 0.689412 0.653112
vt 0.697921 0.653112
vt 0.697921 0.656015
vt 0.697921 0.658918
vt 0.697921 0.661820
vt 0.646410 0.656015
vt 0.646410 0.661820
vt 0.689412 0.670528
vt 0.689412 0.673431
vt 0.672395 0.673431
vt 0.672395 0.667626
vt 0.689412 0.667626
vt 0.689412 0.664723
vt 0.697921 0.664723
vt 0.697921 0.667626
vt 0.697921 0.670528
vt 0.697921 0.673431
vt 0.646410 0.667626
vt 0.646410 0.673431
vt 0.689412 0.682139
vt 0.689412 0.685042
vt 0.672395 0.685042
vt 0.672395 0.679236
vt 0.689412 0.679236
vt 0.689412 0.676334
vt 0.697921 0.676334
vt 0.697921 0.679236
vt 0.697921 0.682139
vt 0.697921 0.685042
vt 0.646410 0.679236
vt 0.646410 0.685042
vt 0.689412 0.693750
vt 0.689412 0.696652
vt 0.672395 0.696652
vt 0.672395 0.690847
vt 0.689412 0.690847
vt 0.689412 0.687944
vt 0.697921 0.687944
vt 0.697921 0.690847
vt 0.697921 0.693750
vt 0.697921 0.696652
vt 0.646410 0.690847
vt 0.646410 0.696652
vt 0.689412 0.705360
vt 0.689412 0.708263
vt 0.672395 0.708263
vt 0.672395 0.702457
vt 0.689412 0.702457
vt 0.689412 0.699555
vt 0.697921 0.699555
vt 0.697921 0.702457
vt 0.697921 0.705360
vt 0.697921 0.708263
vt 0.646410 0.702457
vt 0.646410 0.708263
vt 0.689412 0.716972
vt 0.689412 0.719875
vt 0.672395 0.719875
vt 0.672395 0.714069
vt 0.689412 0.714069
vt 0.689412 0.711166
vt 0.697921 0.711166
vt 0.697921 0.714069
vt 0.697921 0.716972
vt 0.697921 0.719875
vt 0.646410 0.714069
vt 0.646410 0.719875
vt 0.689412 0.728583
vt 0.689412 0.731486
vt 0.672395 0.731486
vt 0.672395 0.725680
vt 0.689412 0.725680
vt 0.689412 0.722778
vt 0.697921 0.722778
vt 0.697921 0.725680
vt 0.697921 0.728583
vt 0.697921 0.731486
vt 0.646410 0.725680
vt 0.646410 0.731486
vt 0.689412 0.740510
vt 0.689412 0.743519
vt 0.672395 0.743519
vt 0.672395 0.737502
vt 0.689412 0.737502
vt 0.689412 0.734494
vt 0.697921 0.734494
vt 0.697921 0.737502
vt 0.697921 0.740510
vt 0.697921 0.743519
vt 0.646410 0.737502
vt 0.646410 0.743519
vt 0.689412 0.751909
vt 0.689412 0.754706
vt 0.672395 0.754706
vt 0.672395 0.749112
vt 0.689412 0.749112
vt 0.689412 0.746315
vt 0.697921 0.747714
vt 0.697921 0.749112
vt 0.697921 0.746315
vt 0.702175 0.747714
vt 0.702175 0.749112
vt 0.697921 0.751909
vt 0.697921 0.754706
vt 0.697921 0.750511
vt 0.702175 0.750511
vt 0.702175 0.751909
vt 0.646410 0.749112
vt 0.646410 0.754706
vt 0.689412 0.763415
vt 0.689412 0.766319
vt 0.672395 0.766319
vt 0.672395 0.760512
vt 0.689412 0.760512
vt 0.689412 0.757609
vt 0.697921 0.757609
vt 0.697921 0.760512
vt 0.697921 0.763415
vt 0.697921 0.766319
vt 0.689412 0.775025
vt 0.689412 0.777927
vt 0.672395 0.777927
vt 0.672395 0.772123
vt 0.689412 0.772123
vt 0.689412 0.769221
vt 0.697921 0.769221
vt 0.697921 0.772123
vt 0.697921 0.775025
vt 0.697921 0.777927
vt 0.689412 0.786636
vt 0.689412 0.789539
vt 0.672395 0.789539
vt 0.672395 0.783733
vt 0.689412 0.783733
vt 0.689412 0.780830
vt 0.697921 0.780830
vt 0.697921 0.783733
vt 0.697921 0.786636
vt 0.697921 0.789539
vt 0.689412 0.798248
vt 0.689412 0.801150
vt 0.672395 0.801150
vt 0.672395 0.795345
vt 0.689412 0.795345
vt 0.689412 0.792442
vt 0.697921 0.792442
vt 0.697921 0.795345
vt 0.697921 0.798248
vt 0.697921 0.801150
vt 0.689412 0.809859
vt 0.689412 0.812762
vt 0.672395 0.812762
vt 0.672395 0.806956
vt 0.689412 0.806956
vt 0.689412 0.804053
vt 0.697921 0.804053
vt 0.697921 0.806956
vt 0.697921 0.812762
vt 0.697921 0.809859
vt 0.689412 0.821470
vt 0.689412 0.824373
vt 0.672395 0.824373
vt 0.672395 0.818567
vt 0.689412 0.818567
vt 0.689412 0.815665
vt 0.697921 0.815665
vt 0.697921 0.818567
vt 0.697921 0.821470
vt 0.697921 0.824373
vt 0.689412 0.833081
vt 0.689412 0.835983
vt 0.672395 0.835983
vt 0.672395 0.830178
vt 0.689412 0.830178
vt 0.689412 0.827276
vt 0.697921 0.827276
vt 0.697921 0.830178
vt 0.697921 0.833081
vt 0.697921 0.835983
vt 0.689412 0.844509
vt 0.689412 0.847351
vt 0.672395 0.847351
vt 0.672395 0.841667
vt 0.689412 0.841667
vt 0.689412 0.838825
vt 0.697921 0.838825
vt 0.697921 0.841667
vt 0.697921 0.844509
vt 0.697921 0.847351
vt 0.646410 0.835983
vt 0.646410 0.841667
vt 0.646410 0.847351
vt 0.689412 0.856127
vt 0.689412 0.859052
vt 0.672395 0.859052
vt 0.672395 0.853202
vt 0.689412 0.853202
vt 0.689412 0.850276
vt 0.697921 0.850276
vt 0.697921 0.853202
vt 0.697921 0.859052
vt 0.697921 0.856127
vt 0.689412 0.867875
vt 0.689412 0.870816
vt 0.672395 0.870816
vt 0.672395 0.864934
vt 0.689412 0.864934
vt 0.689412 0.861993
vt 0.697921 0.864934
vt 0.697921 0.861993
vt 0.697921 0.870816
vt 0.697921 0.867875
vt 0.689412 0.879195
vt 0.689412 0.881987
vt 0.672395 0.881987
vt 0.672395 0.876402
vt 0.689412 0.876402
vt 0.689412 0.873609
vt 0.697921 0.875005
vt 0.697921 0.876402
vt 0.697921 0.873609
vt 0.697921 0.872212
vt 0.702175 0.873609
vt 0.702175 0.872212
vt 0.702175 0.875005
vt 0.702175 0.876402
vt 0.702175 0.874307
vt 0.704302 0.875005
vt 0.704302 0.874307
vt 0.697921 0.879195
vt 0.697921 0.881987
vt 0.646410 0.870816
vt 0.646410 0.876402
vt 0.646410 0.881987
vt 0.689412 0.891115
vt 0.689412 0.894157
vt 0.672395 0.894157
vt 0.672395 0.888072
vt 0.689412 0.888072
vt 0.689412 0.885030
vt 0.697921 0.885030
vt 0.697921 0.888072
vt 0.697921 0.894157
vt 0.697921 0.891115
vt 0.689412 0.902933
vt 0.689412 0.905859
vt 0.672395 0.905859
vt 0.672395 0.900008
vt 0.689412 0.900008
vt 0.689412 0.897082
vt 0.697921 0.900008
vt 0.697921 0.897082
vt 0.697921 0.905859
vt 0.697921 0.902933
vt 0.689412 0.914409
vt 0.689412 0.917258
vt 0.672395 0.917258
vt 0.672395 0.911559
vt 0.689412 0.911559
vt 0.689412 0.908709
vt 0.697921 0.911559
vt 0.697921 0.908709
vt 0.697921 0.917258
vt 0.697921 0.914409
vt 0.646410 0.905859
vt 0.646410 0.911559
vt 0.646410 0.917258
vt 0.689412 0.925967
vt 0.689412 0.928870
vt 0.672395 0.928870
vt 0.672395 0.923064
vt 0.689412 0.923064
vt 0.689412 0.920161
vt 0.697921 0.923064
vt 0.697921 0.920161
vt 0.697921 0.928870
vt 0.697921 0.925967
vt 0.689412 0.937940
vt 0.689412 0.940963
vt 0.672395 0.940963
vt 0.672395 0.934917
vt 0.689412 0.934917
vt 0.689412 0.931893
vt 0.697921 0.934917
vt 0.697921 0.931893
vt 0.697921 0.937940
vt 0.697921 0.940963
vt 0.689412 0.949037
vt 0.689412 0.951729
vt 0.672395 0.951729
vt 0.672395 0.946346
vt 0.689412 0.946346
vt 0.689412 0.943655
vt 0.697921 0.946346
vt 0.697921 0.943655
vt 0.697921 0.951729
vt 0.697921 0.949037
vt 0.646410 0.940963
vt 0.646410 0.946346
vt 0.646410 0.951729
vt 0.689412 0.960710
vt 0.689412 0.963703
vt 0.672395 0.963703
vt 0.672395 0.957716
vt 0.689412 0.957716
vt 0.689412 0.954722
vt 0.697921 0.957716
vt 0.697921 0.954722
vt 0.697921 0.963703
vt 0.697921 0.960710
vt 0.689412 0.972411
vt 0.689412 0.975314
vt 0.672395 0.975314
vt 0.672395 0.969509
vt 0.689412 0.969509
vt 0.689412 0.966606
vt 0.697921 0.969509
vt 0.697921 0.966606
vt 0.697921 0.975314
vt 0.697921 0.972411
vt 0.689412 0.984022
vt 0.689412 0.986925
vt 0.672395 0.986925
vt 0.672395 0.981119
vt 0.689412 0.981119
vt 0.689412 0.978217
vt 0.697921 0.981119
vt 0.697921 0.978217
vt 0.697921 0.986925
vt 0.697921 0.984022
vt 0.689412 0.995632
vt 0.689412 0.998535
vt 0.672395 0.998535
vt 0.672395 0.992730
vt 0.689412 0.992730
vt 0.689412 0.989827
vt 0.697921 0.992730
vt 0.697921 0.989827
vt 0.697921 0.997084
vt 0.697921 0.998535
vt 0.697921 0.995632
vt 0.697921 0.994181
vt 0.702175 0.995632
vt 0.702175 0.994181
vt 0.702175 0.997810
vt 0.702175 0.998535
vt 0.702175 0.997084
vt 0.702175 0.996358
vt 0.704302 0.997084
vt 0.704302 0.996358
vt 0.704302 0.998535
vt 0.704302 0.997810
vt 0.706429 0.000000
vt 0.706429 0.004754
vt 0.706429 0.000975
vt 0.706429 0.008532
vt 0.706429 0.019868
vt 0.706429 0.016090
vt 0.706429 0.012311
vt 0.706429 0.023647
vt 0.706429 0.035105
vt 0.706429 0.031204
vt 0.706429 0.027425
vt 0.706429 0.042906
vt 0.706429 0.039005
vt 0.706429 0.046806
vt 0.706429 0.054607
vt 0.706429 0.050707
vt 0.706429 0.058508
vt 0.706429 0.066309
vt 0.706429 0.062408
vt 0.706429 0.078010
vt 0.706429 0.074110
vt 0.706429 0.070209
vt 0.706429 0.081911
vt 0.706429 0.089712
vt 0.706429 0.085811
vt 0.706429 0.093613
vt 0.706429 0.101414
vt 0.706429 0.113115
vt 0.706429 0.109215
vt 0.706429 0.105314
vt 0.706429 0.117016
vt 0.706429 0.124817
vt 0.706429 0.120916
vt 0.706429 0.129346
vt 0.706429 0.136728
vt 0.706429 0.133037
vt 0.706429 0.144320
vt 0.706429 0.140419
vt 0.706429 0.148220
vt 0.706429 0.125655
vt 0.706429 0.159276
vt 0.706429 0.156021
vt 0.706429 0.162530
vt 0.706429 0.171623
vt 0.706429 0.169039
vt 0.706429 0.165784
vt 0.706429 0.179424
vt 0.706429 0.175524
vt 0.706429 0.152121
vt 0.706429 0.097513
vt 0.706429 0.183325
vt 0.706429 0.191126
vt 0.706429 0.187225
vt 0.706429 0.202828
vt 0.706429 0.198927
vt 0.706429 0.206728
vt 0.706429 0.195026
vt 0.706429 0.214529
vt 0.706429 0.210629
vt 0.706429 0.218430
vt 0.706429 0.230131
vt 0.706429 0.237932
vt 0.706429 0.234032
vt 0.706429 0.226231
vt 0.706429 0.222330
vt 0.706429 0.249634
vt 0.702175 0.247048
vt 0.706429 0.245733
vt 0.706429 0.251584
vt 0.706429 0.251307
vt 0.705365 0.250544
vt 0.706429 0.252559
vt 0.706429 0.257435
vt 0.706429 0.253534
vt 0.706429 0.261335
vt 0.706429 0.273037
vt 0.706429 0.269136
vt 0.706429 0.265236
vt 0.706429 0.280838
vt 0.706429 0.276937
vt 0.706429 0.284738
vt 0.706429 0.241833
vt 0.706429 0.296440
vt 0.706429 0.292540
vt 0.706429 0.304241
vt 0.706429 0.300341
vt 0.706429 0.315943
vt 0.706429 0.312042
vt 0.706429 0.319843
vt 0.706429 0.327644
vt 0.706429 0.339346
vt 0.706429 0.335445
vt 0.706429 0.331545
vt 0.706429 0.343246
vt 0.706429 0.351047
vt 0.706429 0.347147
vt 0.706429 0.323744
vt 0.706429 0.362749
vt 0.706429 0.358849
vt 0.706429 0.366650
vt 0.706429 0.374451
vt 0.704302 0.374341
vt 0.706429 0.382252
vt 0.706429 0.375287
vt 0.706429 0.370550
vt 0.702175 0.371548
vt 0.706429 0.386152
vt 0.706429 0.397854
vt 0.706429 0.393953
vt 0.706429 0.390053
vt 0.706429 0.405655
vt 0.706429 0.401754
vt 0.706429 0.409555
vt 0.706429 0.354948
vt 0.706429 0.288639
vt 0.706429 0.308142
vt 0.706429 0.421257
vt 0.706429 0.417356
vt 0.706429 0.429058
vt 0.706429 0.425158
vt 0.706429 0.440760
vt 0.706429 0.436859
vt 0.706429 0.444660
vt 0.706429 0.432959
vt 0.706429 0.452461
vt 0.706429 0.464163
vt 0.706429 0.460262
vt 0.706429 0.456362
vt 0.706429 0.468063
vt 0.706429 0.475864
vt 0.706429 0.471964
vt 0.706429 0.448561
vt 0.706429 0.487566
vt 0.706429 0.483665
vt 0.706429 0.491467
vt 0.706429 0.479765
vt 0.705897 0.498905
vt 0.705365 0.498542
vt 0.706429 0.495367
vt 0.706163 0.499086
vt 0.704302 0.497816
vt 0.702175 0.496365
vt 0.706296 0.499177
vt 0.706429 0.413456
vt 0.620424 0.017417
vt 0.620424 0.034833
vt 0.620424 0.023222
vt 0.620424 0.011611
vt 0.620424 0.046806
vt 0.620424 0.052431
vt 0.620424 0.040820
vt 0.620424 0.058055
vt 0.620424 0.069666
vt 0.620424 0.063860
vt 0.620424 0.087082
vt 0.620424 0.098693
vt 0.620424 0.092888
vt 0.620424 0.081276
vt 0.620424 0.104498
vt 0.620424 0.116109
vt 0.620424 0.110304
vt 0.620424 0.127720
vt 0.620424 0.139330
vt 0.620424 0.133525
vt 0.620424 0.121915
vt 0.620424 0.267051
vt 0.620424 0.278662
vt 0.620424 0.290272
vt 0.620424 0.156747
vt 0.620424 0.150941
vt 0.620424 0.162552
vt 0.620424 0.168358
vt 0.620424 0.145136
vt 0.620424 0.185775
vt 0.620424 0.179969
vt 0.620424 0.191337
vt 0.620424 0.196899
vt 0.620424 0.202947
vt 0.620424 0.208996
vt 0.620424 0.220607
vt 0.620424 0.214801
vt 0.620424 0.238234
vt 0.620424 0.244251
vt 0.620424 0.226412
vt 0.620424 0.255439
vt 0.620424 0.301882
vt 0.620424 0.325105
vt 0.620424 0.359938
vt 0.620424 0.394889
vt 0.620424 0.348083
vt 0.620424 0.336715
vt 0.620424 0.312978
vt 0.620424 0.371548
vt 0.620424 0.382720
vt 0.620424 0.429603
vt 0.620424 0.464436
vt 0.620424 0.476046
vt 0.620424 0.406591
vt 0.620424 0.417992
vt 0.620424 0.441696
vt 0.620424 0.487657
vt 0.620424 0.452461
vt 0.620424 0.499268
vt 0.706429 0.499268
vt 0.706412 0.499268
vt 0.706396 0.499245
vt 0.706429 0.503168
vt 0.706429 0.507069
vt 0.706429 0.510969
vt 0.706429 0.518770
vt 0.706429 0.514870
vt 0.706429 0.522671
vt 0.706429 0.530472
vt 0.706429 0.526571
vt 0.706429 0.534372
vt 0.706429 0.546074
vt 0.706429 0.542174
vt 0.706429 0.553875
vt 0.706429 0.549975
vt 0.706429 0.538273
vt 0.706429 0.557776
vt 0.706429 0.565577
vt 0.706429 0.561676
vt 0.706429 0.577278
vt 0.706429 0.573378
vt 0.706429 0.587208
vt 0.706429 0.581535
vt 0.706429 0.569477
vt 0.706429 0.592880
vt 0.697921 0.592155
vt 0.706429 0.600681
vt 0.706429 0.596781
vt 0.706429 0.612383
vt 0.706429 0.608482
vt 0.706429 0.620184
vt 0.706429 0.616283
vt 0.706429 0.604582
vt 0.706429 0.624920
vt 0.706429 0.624084
vt 0.706429 0.635786
vt 0.706429 0.631886
vt 0.706429 0.643587
vt 0.706429 0.639687
vt 0.706429 0.647488
vt 0.706429 0.655289
vt 0.706429 0.651388
vt 0.704302 0.623721
vt 0.706429 0.659189
vt 0.706429 0.670891
vt 0.706429 0.666990
vt 0.706429 0.663090
vt 0.706429 0.678692
vt 0.706429 0.674791
vt 0.706429 0.682592
vt 0.706429 0.690393
vt 0.706429 0.702095
vt 0.706429 0.698195
vt 0.706429 0.694294
vt 0.706429 0.705996
vt 0.706429 0.713797
vt 0.706429 0.709896
vt 0.706429 0.686493
vt 0.706429 0.717697
vt 0.706429 0.729399
vt 0.706429 0.725498
vt 0.706429 0.721598
vt 0.706429 0.737200
vt 0.706429 0.748901
vt 0.702175 0.746315
vt 0.706429 0.745001
vt 0.706429 0.741100
vt 0.706429 0.733299
vt 0.706429 0.750573
vt 0.706429 0.756702
vt 0.706429 0.760603
vt 0.706429 0.768404
vt 0.706429 0.764504
vt 0.706429 0.772305
vt 0.706429 0.784006
vt 0.706429 0.780106
vt 0.706429 0.791807
vt 0.706429 0.787907
vt 0.706429 0.795708
vt 0.706429 0.807409
vt 0.706429 0.803509
vt 0.706429 0.799608
vt 0.706429 0.815210
vt 0.706429 0.826912
vt 0.706429 0.823011
vt 0.706429 0.819111
vt 0.706429 0.830813
vt 0.706429 0.838614
vt 0.706429 0.834713
vt 0.706429 0.811310
vt 0.706429 0.850315
vt 0.706429 0.846415
vt 0.706429 0.858116
vt 0.706429 0.854216
vt 0.706429 0.862017
vt 0.706429 0.869818
vt 0.702175 0.870816
vt 0.706429 0.865917
vt 0.706429 0.874555
vt 0.706429 0.877619
vt 0.706429 0.881519
vt 0.706429 0.885420
vt 0.706429 0.897121
vt 0.706429 0.893221
vt 0.706429 0.889320
vt 0.706429 0.873718
vt 0.704302 0.873609
vt 0.706429 0.842514
vt 0.706429 0.776205
vt 0.706429 0.904922
vt 0.706429 0.901022
vt 0.706429 0.908823
vt 0.706429 0.916624
vt 0.706429 0.912724
vt 0.706429 0.920525
vt 0.706429 0.932226
vt 0.706429 0.928326
vt 0.706429 0.940027
vt 0.706429 0.936127
vt 0.706429 0.924425
vt 0.706429 0.943928
vt 0.706429 0.951729
vt 0.706429 0.947828
vt 0.706429 0.963430
vt 0.706429 0.959530
vt 0.706429 0.967331
vt 0.706429 0.955629
vt 0.706429 0.975132
vt 0.706429 0.986834
vt 0.706429 0.982933
vt 0.706429 0.979033
vt 0.706429 0.994635
vt 0.702175 0.992730
vt 0.706429 0.990734
vt 0.704302 0.995632
vt 0.706429 0.971231
vt 0.706429 0.996585
vt 0.706429 0.998535
vt 0.706429 0.997560
vt 0.620424 0.522489
vt 0.620424 0.534099
vt 0.620424 0.528294
vt 0.620424 0.516684
vt 0.620424 0.540087
vt 0.620424 0.551698
vt 0.620424 0.557322
vt 0.620424 0.568933
vt 0.620424 0.580543
vt 0.620424 0.592155
vt 0.620424 0.586349
vt 0.620424 0.603766
vt 0.620424 0.615377
vt 0.620424 0.609571
vt 0.620424 0.632551
vt 0.620424 0.644404
vt 0.620424 0.638598
vt 0.620424 0.620940
vt 0.620424 0.766319
vt 0.620424 0.777927
vt 0.620424 0.789539
vt 0.620424 0.510879
vt 0.620424 0.656015
vt 0.620424 0.650209
vt 0.620424 0.661820
vt 0.620424 0.667626
vt 0.620424 0.679236
vt 0.620424 0.673431
vt 0.620424 0.690847
vt 0.620424 0.685042
vt 0.620424 0.696652
vt 0.620424 0.702457
vt 0.620424 0.708263
vt 0.620424 0.719875
vt 0.620424 0.714069
vt 0.620424 0.731486
vt 0.620424 0.743519
vt 0.620424 0.737502
vt 0.620424 0.725680
vt 0.620424 0.754706
vt 0.620424 0.801150
vt 0.620424 0.812762
vt 0.620424 0.824373
vt 0.620424 0.859052
vt 0.620424 0.894157
vt 0.620424 0.835983
vt 0.620424 0.847351
vt 0.620424 0.870816
vt 0.620424 0.881987
vt 0.620424 0.928870
vt 0.620424 0.975314
vt 0.620424 0.986925
vt 0.620424 0.963703
vt 0.620424 0.905859
vt 0.620424 0.917258
vt 0.620424 0.940963
vt 0.620424 0.951729
vt 0.620424 0.998535
vt 0.613699 0.029044
vt 0.038203 0.139595
vt 0.606975 0.067753
vt 0.620424 0.029028
vt 0.620424 0.075471
vt 0.620424 0.174164
vt 0.620424 0.232218
vt 0.620424 0.546074
vt 0.620424 0.563128
vt 0.620424 0.574738
vt 0.620424 0.597960
vt 0.620424 0.626503
s 1
usemtl metal_black
f 242/1/1 241/2/1 2/3/1
f 241/2/1 1/4/1 7/5/1
f 8/6/1 2/3/1 241/2/1
f 7/5/1 8/6/1 241/2/1
f 3/7/1 8/6/1 9/8/1
f 4/9/1 9/8/1 10/10/1
f 5/11/2 10/10/1 11/12/1
f 198/13/1 197/14/1 14/15/1
f 6/16/1 200/17/1 198/13/1
f 200/17/1 13/18/1 197/14/1
f 198/13/1 14/15/1 15/19/1
f 7/5/1 6/16/1 198/13/1
f 15/19/1 7/5/1 198/13/1
f 8/6/1 15/19/1 16/20/1
f 9/8/1 16/20/1 17/21/1
f 10/10/1 17/21/1 18/22/1
f 11/12/1 18/22/1 19/23/1
f 239/24/1 12/25/1 11/12/1
f 19/23/1 20/26/1 239/24/1
f 11/12/1 19/23/1 239/24/1
f 236/27/1 237/28/1 21/29/1
f 238/30/1 239/24/1 240/31/1
f 240/31/1 20/26/1 237/28/1
f 202/32/1 201/33/1 22/34/1
f 197/14/1 13/18/1 202/32/1
f 202/32/1 22/34/1 23/35/1
f 23/35/1 14/15/1 197/14/1
f 197/14/1 202/32/1 23/35/1
f 15/19/1 23/35/1 24/36/1
f 16/20/1 24/36/1 25/37/1
f 17/21/1 25/37/1 26/38/1
f 18/22/1 26/38/1 27/39/1
f 19/23/1 27/39/1 28/40/1
f 20/26/1 28/40/1 29/41/1
f 234/42/1 21/29/1 237/28/1
f 237/28/1 20/26/1 29/41/1
f 29/41/1 30/43/1 234/42/1
f 234/42/1 237/28/1 29/41/1
f 235/44/1 30/43/1 231/45/1
f 205/46/1 204/47/1 31/48/1
f 22/34/1 206/49/1 205/46/1
f 205/46/1 31/48/1 32/50/1
f 23/35/1 22/34/1 205/46/1
f 32/50/1 23/35/1 205/46/1
f 24/36/1 32/50/1 33/51/1
f 25/37/1 33/51/1 34/52/1
f 26/38/1 34/52/1 35/53/1
f 27/39/1 35/53/1 36/54/1
f 28/40/1 36/54/1 37/55/1
f 29/41/1 37/55/1 38/56/1
f 232/57/1 30/43/1 29/41/1
f 38/56/1 39/58/1 232/57/1
f 29/41/1 38/56/1 232/57/1
f 231/45/1 232/57/1 233/59/1
f 233/59/1 39/58/1 228/60/1
f 208/61/1 207/62/1 40/63/1
f 31/48/1 209/64/1 208/61/1
f 208/61/1 40/63/1 41/65/1
f 32/50/1 31/48/1 208/61/1
f 41/65/1 32/50/1 208/61/1
f 33/51/1 41/65/1 42/66/1
f 34/52/1 42/66/1 43/67/1
f 35/53/1 43/67/1 44/68/1
f 36/54/1 44/68/1 45/69/1
f 37/55/1 45/69/1 46/70/1
f 38/56/1 46/70/1 47/71/1
f 229/72/1 39/58/1 38/56/1
f 47/71/1 48/73/1 229/72/1
f 38/56/1 47/71/1 229/72/1
f 228/60/1 229/72/1 230/74/1
f 230/74/1 48/73/1 225/75/1
f 40/63/1 211/76/1 210/77/1
f 210/77/1 49/78/1 215/79/1
f 215/79/1 50/80/1 41/65/1
f 41/65/1 40/63/1 210/77/1
f 210/77/1 215/79/1 41/65/1
f 42/66/1 50/80/1 51/81/1
f 43/67/1 51/81/1 52/82/1
f 44/68/1 52/82/1 53/83/1
f 45/69/1 53/83/1 54/84/1
f 46/70/1 54/84/1 55/85/1
f 47/71/1 55/85/1 56/86/1
f 222/87/1 57/88/1 226/89/1
f 226/89/1 48/73/1 47/71/1
f 47/71/1 56/86/1 222/87/1
f 222/87/1 226/89/1 47/71/1
f 225/75/1 226/89/1 227/90/1
f 214/91/1 213/92/1 58/93/1
f 50/80/1 216/94/1 214/91/1
f 215/79/1 212/95/1 216/94/1
f 214/91/1 58/93/1 59/96/1
f 51/81/1 50/80/1 214/91/1
f 59/96/1 51/81/1 214/91/1
f 52/82/1 59/96/1 60/97/1
f 53/83/1 60/97/1 61/98/1
f 54/84/1 61/98/1 62/99/1
f 55/85/1 62/99/1 63/100/1
f 223/101/1 56/86/1 55/85/1
f 63/100/1 64/102/1 223/101/1
f 55/85/1 63/100/1 223/101/1
f 57/88/1 224/103/1 221/104/1
f 222/87/1 223/101/1 224/103/1
f 224/103/1 64/102/1 220/105/1
f 60/97/1 65/106/1 66/107/1
f 61/98/1 66/107/1 67/108/1
f 62/99/1 67/108/1 68/109/1
f 217/110/1 69/111/2 63/100/1
f 62/99/1 68/109/1 217/110/1
f 63/100/1 62/99/1 217/110/1
f 217/110/1 218/112/1 219/113/1
f 195/114/1 70/115/1 6/16/1
f 195/114/1 6/16/1 194/116/1
f 194/116/1 1/4/1 193/117/1
f 196/118/1 70/115/1 71/119/1
f 73/120/1 200/17/1 196/118/1
f 73/120/1 74/121/1 200/17/1
f 70/115/1 196/118/1 6/16/1
f 73/120/1 196/118/1 72/122/1
f 72/122/1 196/118/1 71/119/1
f 6/16/1 7/5/1 194/116/1
f 243/123/1 189/124/1 190/125/1
f 191/126/1 243/123/1 190/125/1
f 242/1/1 189/124/1 243/123/1
f 242/1/1 187/127/1 188/128/1
f 189/124/1 242/1/1 188/128/1
f 242/1/1 3/7/1 187/127/1
f 192/129/1 193/117/1 1/4/1
f 7/5/1 1/4/1 194/116/1
f 191/126/1 192/129/1 1/4/1
f 1/4/1 241/2/1 191/126/1
f 191/126/1 241/2/1 243/123/1
f 2/3/1 3/7/1 242/1/1
f 74/121/1 75/130/1 199/131/1
f 83/132/1 203/133/1 82/134/1
f 81/135/1 203/133/1 80/136/1
f 81/135/1 82/134/1 203/133/1
f 84/137/1 201/33/1 83/132/1
f 89/138/1 206/49/1 88/139/1
f 206/49/1 87/140/1 88/139/1
f 87/140/1 206/49/1 86/141/1
f 201/33/1 85/142/1 86/141/1
f 84/137/1 85/142/1 201/33/1
f 90/143/1 204/47/1 89/138/1
f 77/144/1 13/18/1 199/131/1
f 13/18/1 77/144/1 78/145/1
f 199/131/1 76/146/1 77/144/1
f 75/130/1 76/146/1 199/131/1
f 74/121/1 199/131/1 200/17/1
f 13/18/1 78/145/1 79/147/1
f 83/132/1 201/33/1 203/133/1
f 86/141/1 206/49/1 201/33/1
f 80/136/1 13/18/1 79/147/1
f 204/47/1 206/49/1 89/138/1
f 13/18/1 80/136/1 202/32/1
f 202/32/1 80/136/1 203/133/1
f 204/47/1 90/143/1 91/148/1
f 3/7/1 184/149/1 185/150/1
f 183/151/1 184/149/1 4/9/1
f 4/9/1 182/152/1 183/151/1
f 185/150/1 186/153/1 3/7/1
f 181/154/1 182/152/1 4/9/1
f 3/7/1 4/9/1 184/149/1
f 5/11/2 181/154/1 4/9/1
f 180/155/2 181/154/1 5/11/2
f 177/156/2 5/11/2 11/12/1
f 179/157/3 180/155/2 5/11/2
f 3/7/1 186/153/1 187/127/1
f 177/156/2 12/25/1 176/158/1
f 178/159/4 5/11/2 177/156/2
f 175/160/1 176/158/1 12/25/1
f 238/30/1 174/161/1 175/160/1
f 178/159/4 179/157/3 5/11/2
f 173/162/1 174/161/1 238/30/1
f 12/25/1 238/30/1 175/160/1
f 238/30/1 240/31/1 171/163/1
f 172/164/1 173/162/1 238/30/1
f 172/164/1 238/30/1 171/163/1
f 236/27/1 170/165/1 171/163/1
f 11/12/1 12/25/1 177/156/2
f 170/165/1 236/27/1 169/166/1
f 21/29/1 167/167/1 236/27/1
f 169/166/1 236/27/1 168/168/1
f 167/167/1 168/168/1 236/27/1
f 240/31/1 236/27/1 171/163/1
f 21/29/1 165/169/1 166/170/1
f 167/167/1 21/29/1 166/170/1
f 21/29/1 164/171/1 165/169/1
f 234/42/1 164/171/1 21/29/1
f 161/172/1 235/44/1 231/45/1
f 235/44/1 164/171/1 234/42/1
f 163/173/1 235/44/1 162/174/1
f 161/172/1 162/174/1 235/44/1
f 161/172/1 231/45/1 160/175/1
f 159/176/1 160/175/1 231/45/1
f 163/173/1 164/171/1 235/44/1
f 157/177/1 158/178/1 233/59/1
f 231/45/1 158/178/1 159/176/1
f 156/179/1 157/177/1 233/59/1
f 156/179/1 233/59/1 155/180/1
f 228/60/1 154/181/1 155/180/1
f 233/59/1 158/178/1 231/45/1
f 228/60/1 155/180/1 233/59/1
f 92/182/1 209/64/1 204/47/1
f 93/183/1 94/184/1 209/64/1
f 92/182/1 93/183/1 209/64/1
f 209/64/1 94/184/1 95/185/1
f 207/62/1 96/186/1 97/187/1
f 97/187/1 98/188/1 207/62/1
f 100/189/1 211/76/1 99/190/1
f 211/76/1 98/188/1 99/190/1
f 95/185/1 96/186/1 207/62/1
f 211/76/1 100/189/1 101/191/1
f 95/185/1 207/62/1 209/64/1
f 98/188/1 211/76/1 207/62/1
f 210/77/1 101/191/1 49/78/1
f 101/191/1 210/77/1 211/76/1
f 103/192/1 49/78/1 102/193/1
f 101/191/1 102/193/1 49/78/1
f 212/95/1 49/78/1 104/194/1
f 105/195/1 212/95/1 104/194/1
f 108/196/1 216/94/1 212/95/1
f 105/195/1 106/197/1 212/95/1
f 106/197/1 107/198/1 212/95/1
f 104/194/1 49/78/1 103/192/1
f 216/94/1 108/196/1 213/92/1
f 112/199/1 58/93/1 213/92/1
f 108/196/1 109/200/1 213/92/1
f 109/200/1 110/201/1 213/92/1
f 213/92/1 111/202/1 112/199/1
f 113/203/1 58/93/1 112/199/1
f 58/93/1 114/204/1 59/96/1
f 114/204/1 58/93/1 113/203/1
f 111/202/1 213/92/1 110/201/1
f 115/205/1 65/106/1 114/204/1
f 59/96/1 114/204/1 65/106/1
f 116/206/1 65/106/1 115/205/1
f 117/207/1 65/106/1 116/206/1
f 121/208/1 67/108/1 66/107/1
f 66/107/1 65/106/1 118/209/1
f 65/106/1 117/207/1 118/209/1
f 66/107/1 119/210/1 120/211/1
f 120/211/1 121/208/1 66/107/1
f 122/212/1 123/213/1 67/108/1
f 122/212/1 67/108/1 121/208/1
f 118/209/1 119/210/1 66/107/1
f 124/214/1 67/108/1 123/213/1
f 212/95/1 107/198/1 108/196/1
f 152/215/1 228/60/1 230/74/1
f 149/216/1 230/74/1 225/75/1
f 57/88/1 143/217/1 226/89/1
f 140/218/1 57/88/1 221/104/1
f 139/219/1 140/218/1 221/104/1
f 137/220/1 221/104/1 224/103/1
f 138/221/1 139/219/1 221/104/1
f 57/88/1 141/222/1 142/223/1
f 141/222/1 57/88/1 140/218/1
f 57/88/1 142/223/1 143/217/1
f 149/216/1 225/75/1 148/224/1
f 150/225/1 230/74/1 149/216/1
f 151/226/1 152/215/1 230/74/1
f 151/226/1 230/74/1 150/225/1
f 228/60/1 152/215/1 153/227/1
f 144/228/1 227/90/1 143/217/1
f 226/89/1 143/217/1 227/90/1
f 145/229/1 227/90/1 144/228/1
f 225/75/1 146/230/1 147/231/1
f 145/229/1 146/230/1 227/90/1
f 225/75/1 147/231/1 148/224/1
f 146/230/1 225/75/1 227/90/1
f 154/181/1 228/60/1 153/227/1
f 219/113/1 128/232/2 217/110/1
f 128/232/2 69/111/2 217/110/1
f 129/233/5 69/111/2 128/232/2
f 131/234/2 63/100/1 69/111/2
f 125/235/1 218/112/1 124/214/1
f 67/108/1 218/112/1 68/109/1
f 126/236/1 218/112/1 125/235/1
f 127/237/1 219/113/1 126/236/1
f 218/112/1 126/236/1 219/113/1
f 128/232/2 219/113/1 127/237/1
f 218/112/1 67/108/1 124/214/1
f 135/238/1 220/105/1 134/239/1
f 64/102/1 133/240/1 220/105/1
f 136/241/1 220/105/1 135/238/1
f 136/241/1 224/103/1 220/105/1
f 221/104/1 137/220/1 138/221/1
f 137/220/1 224/103/1 136/241/1
f 64/102/1 63/100/1 131/234/2
f 131/234/2 132/242/1 64/102/1
f 220/105/1 133/240/1 134/239/1
f 133/240/1 64/102/1 132/242/1
f 131/234/2 69/111/2 130/243/6
f 130/243/6 69/111/2 129/233/5
f 92/182/1 204/47/1 91/148/1
f 318/244/7 316/245/7 245/246/7
f 244/247/7 319/248/7 318/244/7
f 314/249/7 315/250/7 246/251/7
f 245/246/7 317/252/7 314/249/7
f 415/253/7 247/254/8 414/255/7
f 246/251/7 415/253/7 414/255/7
f 428/256/7 429/257/7 249/258/7
f 431/259/7 244/247/7 429/257/7
f 248/260/7 431/259/7 428/256/7
f 318/244/7 429/257/7 244/247/7
f 429/257/7 250/261/7 249/258/7
f 250/261/7 318/244/7 245/246/7
f 318/244/7 250/261/7 429/257/7
f 314/249/7 250/261/7 245/246/7
f 251/262/7 314/249/7 246/251/7
f 250/261/7 314/249/7 251/262/7
f 345/263/8 414/255/7 247/254/8
f 414/255/7 251/262/7 246/251/7
f 251/262/7 345/263/8 252/264/8
f 345/263/8 251/262/7 414/255/7
f 343/265/8 342/266/7 253/267/7
f 345/263/8 344/268/8 346/269/8
f 252/264/8 346/269/8 343/265/8
f 365/270/7 433/271/7 254/272/7
f 434/273/7 248/260/7 433/271/7
f 428/256/7 433/271/7 248/260/7
f 433/271/7 255/274/7 254/272/7
f 255/274/7 428/256/7 249/258/7
f 428/256/7 255/274/7 433/271/7
f 255/274/7 250/261/7 256/275/7
f 256/275/7 251/262/7 257/276/7
f 257/276/7 252/264/8 258/277/7
f 340/278/7 343/265/8 253/267/7
f 343/265/8 258/277/7 252/264/8
f 258/277/7 340/278/7 259/279/7
f 340/278/7 258/277/7 343/265/8
f 340/278/7 339/280/7 341/281/7
f 259/279/7 341/281/7 336/282/7
f 363/283/7 364/284/7 260/285/7
f 366/286/7 254/272/7 364/284/7
f 364/284/7 261/287/7 260/285/7
f 255/274/7 364/284/7 254/272/7
f 261/287/7 364/284/7 255/274/7
f 261/287/7 256/275/7 262/288/7
f 262/288/7 257/276/7 263/289/7
f 263/289/7 258/277/7 264/290/7
f 337/291/7 258/277/7 259/279/7
f 264/290/7 337/291/7 265/292/7
f 258/277/7 337/291/7 264/290/7
f 337/291/7 336/282/7 338/293/7
f 265/292/7 338/293/7 335/294/7
f 367/295/7 368/296/7 266/297/7
f 369/298/7 260/285/7 368/296/7
f 368/296/7 382/299/7 266/297/7
f 382/299/7 261/287/7 267/300/7
f 261/287/7 368/296/7 260/285/7
f 368/296/7 261/287/7 382/299/7
f 267/300/7 262/288/7 268/301/7
f 268/301/7 263/289/7 269/302/7
f 269/302/7 264/290/7 270/303/8
f 298/304/8 356/305/7 271/306/7
f 356/305/7 264/290/7 265/292/7
f 264/290/7 298/304/8 270/303/8
f 298/304/8 264/290/7 356/305/7
f 356/305/7 335/294/7 357/307/7
f 271/306/7 357/307/7 355/308/7
f 380/309/7 381/310/7 272/311/7
f 383/312/7 267/300/7 381/310/7
f 379/313/7 382/299/7 383/312/7
f 381/310/7 396/314/7 272/311/7
f 396/314/7 268/301/7 273/315/7
f 268/301/7 381/310/7 267/300/7
f 381/310/7 268/301/7 396/314/7
f 291/316/7 269/302/7 274/317/7
f 268/301/7 291/316/7 273/315/7
f 269/302/7 291/316/7 268/301/7
f 294/318/7 299/319/8 275/320/8
f 299/319/8 269/302/7 270/303/8
f 269/302/7 294/318/7 274/317/7
f 294/318/7 269/302/7 299/319/8
f 300/321/8 271/306/7 297/322/7
f 299/319/8 298/304/8 300/321/8
f 275/320/8 300/321/8 296/323/8
f 397/324/7 273/315/7 292/325/7
f 397/324/7 272/311/7 396/314/7
f 293/326/7 274/317/7 290/327/7
f 292/325/7 291/316/7 293/326/7
f 275/320/8 295/328/7 294/318/7
f 290/327/7 294/318/7 295/328/7
f 310/329/7 309/330/7 244/247/7
f 309/330/7 308/331/7 244/247/7
f 244/247/7 311/332/7 310/329/7
f 431/259/7 313/333/7 320/334/7
f 311/332/7 244/247/7 320/334/7
f 313/333/7 312/335/7 320/334/7
f 312/335/7 311/332/7 320/334/7
f 416/336/7 313/333/7 430/337/7
f 319/248/7 244/247/7 308/331/7
f 304/338/7 303/339/7 316/245/7
f 303/339/7 302/340/7 316/245/7
f 316/245/7 305/341/7 304/338/7
f 319/248/7 307/342/7 306/343/7
f 319/248/7 305/341/7 316/245/7
f 316/245/7 302/340/7 317/252/7
f 319/248/7 308/331/7 307/342/7
f 319/248/7 306/343/7 305/341/7
f 301/344/7 317/252/7 302/340/7
f 432/345/7 422/346/7 421/347/7
f 419/348/7 432/345/7 420/349/7
f 421/347/7 420/349/7 432/345/7
f 434/273/7 422/346/7 432/345/7
f 365/270/7 426/350/7 425/351/7
f 424/352/7 423/353/7 434/273/7
f 365/270/7 425/351/7 424/352/7
f 423/353/7 422/346/7 434/273/7
f 427/354/7 426/350/7 365/270/7
f 430/337/7 418/355/7 417/356/7
f 430/337/7 313/333/7 431/259/7
f 419/348/7 418/355/7 430/337/7
f 417/356/7 416/336/7 430/337/7
f 424/352/7 434/273/7 365/270/7
f 432/345/7 419/348/7 248/260/7
f 430/337/7 248/260/7 419/348/7
f 366/286/7 427/354/7 365/270/7
f 366/286/7 358/357/7 427/354/7
f 315/250/7 413/358/7 412/359/7
f 412/359/7 411/360/7 315/250/7
f 317/252/7 301/344/7 413/358/7
f 415/253/7 315/250/7 410/361/7
f 411/360/7 410/361/7 315/250/7
f 408/362/7 415/253/7 409/363/7
f 410/361/7 409/363/7 415/253/7
f 407/364/7 415/253/7 408/362/7
f 317/252/7 413/358/7 315/250/7
f 247/254/8 406/365/7 405/366/9
f 405/366/9 404/367/9 247/254/8
f 407/364/7 406/365/7 247/254/8
f 404/367/9 403/368/7 344/268/8
f 346/269/8 344/268/8 334/369/7
f 403/368/7 402/370/7 344/268/8
f 334/369/7 344/268/8 402/370/7
f 247/254/8 404/367/9 344/268/8
f 247/254/8 415/253/7 407/364/7
f 334/369/7 333/371/7 342/266/7
f 342/266/7 333/371/7 332/372/7
f 332/372/7 331/373/7 342/266/7
f 346/269/8 334/369/7 342/266/7
f 331/373/7 330/374/7 342/266/7
f 253/267/7 342/266/7 330/374/7
f 330/374/7 339/280/7 253/267/7
f 327/375/7 341/281/7 339/280/7
f 329/376/7 339/280/7 330/374/7
f 339/280/7 328/377/7 327/375/7
f 327/375/7 326/378/7 341/281/7
f 325/379/7 341/281/7 326/378/7
f 339/280/7 329/376/7 328/377/7
f 322/380/7 338/293/7 336/282/7
f 324/381/7 323/382/7 336/282/7
f 322/380/7 336/282/7 323/382/7
f 322/380/7 321/383/7 338/293/7
f 325/379/7 324/381/7 336/282/7
f 325/379/7 336/282/7 341/281/7
f 359/384/7 366/286/7 363/283/7
f 359/384/7 363/283/7 360/385/7
f 360/385/7 363/283/7 361/386/7
f 370/387/7 362/388/7 369/298/7
f 372/389/7 371/390/7 367/295/7
f 369/298/7 371/390/7 370/387/7
f 363/283/7 362/388/7 361/386/7
f 372/389/7 367/295/7 373/391/7
f 362/388/7 363/283/7 369/298/7
f 374/392/7 367/295/7 266/297/7
f 367/295/7 371/390/7 369/298/7
f 379/313/7 375/393/7 374/392/7
f 378/394/7 379/313/7 383/312/7
f 375/393/7 379/313/7 376/395/7
f 376/395/7 379/313/7 377/396/7
f 374/392/7 266/297/7 379/313/7
f 374/392/7 373/391/7 367/295/7
f 383/312/7 380/309/7 378/394/7
f 386/397/7 380/309/7 272/311/7
f 380/309/7 384/398/7 378/394/7
f 378/394/7 377/396/7 379/313/7
f 380/309/7 386/397/7 385/399/7
f 387/400/7 272/311/7 388/401/7
f 387/400/7 386/397/7 272/311/7
f 380/309/7 385/399/7 384/398/7
f 389/402/7 388/401/7 272/311/7
f 397/324/7 390/403/7 389/402/7
f 397/324/7 292/325/7 392/404/7
f 292/325/7 293/326/7 395/405/7
f 390/403/7 397/324/7 391/406/7
f 272/311/7 397/324/7 389/402/7
f 392/404/7 292/325/7 393/407/7
f 292/325/7 395/405/7 394/408/7
f 394/408/7 393/407/7 292/325/7
f 391/406/7 397/324/7 392/404/7
f 276/409/7 395/405/7 293/326/7
f 353/410/7 355/308/7 357/307/7
f 355/308/7 350/411/7 271/306/7
f 398/412/7 357/307/7 335/294/7
f 271/306/7 350/411/7 297/322/7
f 347/413/7 297/322/7 348/414/7
f 350/411/7 349/415/7 297/322/7
f 348/414/7 297/322/7 349/415/7
f 289/416/7 300/321/8 297/322/7
f 351/417/7 350/411/7 355/308/7
f 335/294/7 400/418/7 399/419/7
f 400/418/7 335/294/7 401/420/7
f 338/293/7 321/383/7 401/420/7
f 352/421/7 355/308/7 353/410/7
f 335/294/7 399/419/7 398/412/7
f 354/422/7 353/410/7 357/307/7
f 398/412/7 354/422/7 357/307/7
f 355/308/7 352/421/7 351/417/7
f 401/420/7 335/294/7 338/293/7
f 280/423/7 295/328/7 281/424/7
f 295/328/7 282/425/7 281/424/7
f 280/423/7 290/327/7 295/328/7
f 283/426/7 282/425/7 295/328/7
f 290/327/7 278/427/7 277/428/7
f 290/327/7 280/423/7 279/429/7
f 279/429/7 278/427/7 290/327/7
f 293/326/7 290/327/7 277/428/7
f 296/323/8 300/321/8 289/416/7
f 287/430/7 296/323/8 288/431/7
f 297/322/7 347/413/7 289/416/7
f 288/431/7 296/323/8 289/416/7
f 286/432/10 275/320/8 296/323/8
f 275/320/8 285/433/10 284/434/7
f 287/430/7 286/432/10 296/323/8
f 286/432/10 285/433/10 275/320/8
f 284/434/7 283/426/7 275/320/8
f 283/426/7 295/328/7 275/320/8
f 293/326/7 277/428/7 276/409/7
f 359/384/7 358/357/7 366/286/7
f 437/435/11 499/436/12 496/437/13
f 495/438/14 493/439/15 438/440/16
f 495/438/14 496/437/13 497/441/17
f 492/442/18 490/443/19 439/444/20
f 492/442/18 493/439/15 494/445/21
f 439/444/20 491/446/22 489/447/23
f 495/438/14 441/448/24 437/435/11
f 442/449/25 495/438/14 438/440/16
f 441/448/24 495/438/14 442/449/25
f 492/442/18 442/449/25 438/440/16
f 443/450/26 492/442/18 439/444/20
f 442/449/25 492/442/18 443/450/26
f 445/451/27 442/449/25 446/452/28
f 446/452/28 443/450/26 447/453/29
f 450/454/30 445/451/27 446/452/28
f 450/454/30 447/453/29 451/455/31
f 454/456/32 449/457/33 450/454/30
f 454/456/32 451/455/31 455/458/34
f 457/459/35 454/456/32 458/460/36
f 459/461/37 454/456/32 455/458/34
f 461/462/38 458/460/36 462/463/39
f 463/464/40 458/460/36 459/461/37
f 466/465/41 461/462/38 462/463/39
f 467/466/42 462/463/39 463/464/40
f 469/467/43 466/465/41 470/468/44
f 471/469/45 466/465/41 467/466/42
f 474/470/46 469/467/43 470/468/44
f 475/471/47 470/468/44 471/469/45
f 478/472/48 473/473/49 474/470/46
f 479/474/50 474/470/46 475/471/47
f 507/475/51 478/472/48 482/476/52
f 477/477/53 507/475/51 481/478/54
f 478/472/48 507/475/51 477/477/53
f 510/479/55 479/474/50 483/480/56
f 478/472/48 510/479/55 482/476/52
f 479/474/50 510/479/55 478/472/48
f 503/481/57 504/482/58 481/478/54
f 547/483/59 548/484/60 505/485/61
f 506/486/62 507/475/51 482/476/52
f 503/481/57 507/475/51 508/487/63
f 511/488/64 483/480/56 509/489/65
f 511/488/64 482/476/52 510/479/55
f 513/490/66 483/480/56 512/491/67
f 499/436/12 514/492/68 435/493/69
f 499/436/12 515/494/70 514/492/68
f 498/495/71 517/496/72 516/497/73
f 441/448/24 518/498/74 517/496/72
f 498/495/71 516/497/73 515/494/70
f 496/437/13 499/436/12 488/499/75
f 435/493/69 488/499/75 499/436/12
f 497/441/17 496/437/13 488/499/75
f 437/435/11 441/448/24 498/495/71
f 517/496/72 498/495/71 441/448/24
f 498/495/71 515/494/70 499/436/12
f 441/448/24 519/500/76 518/498/74
f 445/451/27 519/500/76 441/448/24
f 522/501/77 521/502/78 445/451/27
f 523/503/79 522/501/77 449/457/33
f 521/502/78 520/504/80 445/451/27
f 525/505/81 524/506/82 453/507/83
f 526/508/84 525/505/81 453/507/83
f 528/509/85 527/510/86 457/459/35
f 529/511/87 528/509/85 457/459/35
f 527/510/86 526/508/84 453/507/83
f 524/506/82 523/503/79 449/457/33
f 461/462/38 529/511/87 457/459/35
f 494/445/21 487/512/88 486/513/89
f 488/499/75 487/512/88 497/441/17
f 497/441/17 487/512/88 493/439/15
f 486/513/89 490/443/19 494/445/21
f 491/446/22 490/443/19 486/513/89
f 436/514/90 491/446/22 486/513/89
f 440/515/7 491/446/22 436/514/90
f 444/516/91 489/447/23 440/515/7
f 439/444/20 489/447/23 443/450/26
f 443/450/26 489/447/23 444/516/91
f 491/446/22 440/515/7 489/447/23
f 522/501/77 445/451/27 449/457/33
f 448/517/92 443/450/26 444/516/91
f 527/510/86 453/507/83 457/459/35
f 453/507/83 524/506/82 449/457/33
f 447/453/29 452/518/93 451/455/31
f 455/458/34 460/519/7 459/461/37
f 460/519/7 463/464/40 459/461/37
f 451/455/31 456/520/94 455/458/34
f 461/462/38 532/521/95 531/522/96
f 465/523/97 533/524/98 532/521/95
f 534/525/99 465/523/97 469/467/43
f 535/526/100 534/525/99 469/467/43
f 461/462/38 465/523/97 532/521/95
f 535/526/100 469/467/43 536/527/101
f 536/527/101 473/473/49 537/528/102
f 537/528/102 473/473/49 538/529/103
f 538/529/103 473/473/49 539/530/104
f 539/530/104 477/477/53 540/531/105
f 530/532/106 461/462/38 531/522/96
f 504/482/58 542/533/107 541/534/108
f 504/482/58 543/535/109 542/533/107
f 544/536/110 549/537/111 545/538/112
f 549/537/111 546/539/113 545/538/112
f 548/484/60 544/536/110 543/535/109
f 505/485/61 548/484/60 504/482/58
f 543/535/109 504/482/58 548/484/60
f 547/483/59 484/540/114 549/537/111
f 503/481/57 547/483/59 505/485/61
f 484/540/114 547/483/59 500/541/115
f 549/537/111 484/540/114 546/539/113
f 504/482/58 541/534/108 477/477/53
f 477/477/53 541/534/108 540/531/105
f 503/481/57 500/541/115 547/483/59
f 467/466/42 464/542/116 468/543/117
f 539/530/104 473/473/49 477/477/53
f 473/473/49 536/527/101 469/467/43
f 471/469/45 468/543/117 472/544/7
f 476/545/118 479/474/50 475/471/47
f 471/469/45 476/545/118 475/471/47
f 508/487/63 500/541/115 503/481/57
f 511/488/64 501/546/119 506/486/62
f 508/487/63 506/486/62 501/546/119
f 502/547/120 501/546/119 511/488/64
f 508/487/63 501/546/119 500/541/115
f 480/548/121 512/491/67 479/474/50
f 512/491/67 483/480/56 479/474/50
f 485/549/7 512/491/67 480/548/121
f 513/490/66 502/547/120 509/489/65
f 512/491/67 485/549/7 513/490/66
f 502/547/120 513/490/66 485/549/7
f 509/489/65 502/547/120 511/488/64
f 481/478/54 504/482/58 477/477/53
f 552/550/122 629/551/123 626/552/124
f 553/553/125 627/554/126 623/555/127
f 552/550/122 627/554/126 625/556/128
f 554/557/129 624/558/130 620/559/131
f 553/553/125 624/558/130 622/560/132
f 554/557/129 621/561/133 619/562/134
f 625/556/128 556/563/135 552/550/122
f 557/564/136 625/556/128 553/553/125
f 556/563/135 625/556/128 557/564/136
f 622/560/132 557/564/136 553/553/125
f 558/565/137 622/560/132 554/557/129
f 557/564/136 622/560/132 558/565/137
f 560/566/138 557/564/136 561/567/139
f 561/567/139 558/565/137 562/568/140
f 564/569/141 561/567/139 565/570/142
f 565/570/142 562/568/140 566/571/143
f 568/572/144 565/570/142 569/573/145
f 569/573/145 566/571/143 570/574/146
f 572/575/147 569/573/145 573/576/148
f 573/576/148 570/574/146 574/577/149
f 576/578/150 573/576/148 577/579/151
f 577/579/151 574/577/149 578/580/152
f 580/581/153 577/579/151 581/582/154
f 581/582/154 578/580/152 582/583/155
f 584/584/156 581/582/154 585/585/157
f 585/585/157 582/583/155 586/586/158
f 588/587/159 585/585/157 589/588/160
f 589/588/160 586/586/158 590/589/161
f 592/590/162 589/588/160 593/591/163
f 594/592/164 589/588/160 590/589/161
f 609/593/165 593/591/163 597/594/166
f 592/590/162 609/593/165 596/595/167
f 593/591/163 609/593/165 592/590/162
f 612/596/168 594/592/164 598/597/169
f 593/591/163 612/596/168 597/594/166
f 594/592/164 612/596/168 593/591/163
f 607/598/170 596/595/167 605/599/171
f 610/600/172 597/594/166 608/601/173
f 610/600/172 596/595/167 609/593/165
f 613/602/174 598/597/169 611/603/175
f 608/601/173 612/596/168 613/602/174
f 611/603/175 614/604/176 615/605/177
f 629/551/123 630/606/178 550/607/179
f 628/608/180 632/609/181 631/610/182
f 556/563/135 633/611/183 632/609/181
f 628/608/180 631/610/182 630/606/178
f 626/552/124 629/551/123 618/612/184
f 550/607/179 618/612/184 629/551/123
f 627/554/126 626/552/124 618/612/184
f 552/550/122 556/563/135 628/608/180
f 632/609/181 628/608/180 556/563/135
f 628/608/180 630/606/178 629/551/123
f 556/563/135 634/613/185 633/611/183
f 560/566/138 635/614/186 634/613/185
f 560/566/138 636/615/187 635/614/186
f 637/616/188 560/566/138 564/569/141
f 638/617/189 637/616/188 564/569/141
f 639/618/190 568/572/144 640/619/191
f 564/569/141 639/618/190 638/617/189
f 640/619/191 568/572/144 641/620/192
f 642/621/193 641/620/192 568/572/144
f 643/622/194 642/621/193 572/575/147
f 644/623/195 643/622/194 572/575/147
f 556/563/135 560/566/138 634/613/185
f 624/558/130 617/624/196 616/625/197
f 618/612/184 617/624/196 627/554/126
f 627/554/126 617/624/196 623/555/127
f 616/625/197 620/559/131 624/558/130
f 621/561/133 620/559/131 616/625/197
f 621/561/133 551/626/7 555/627/7
f 616/625/197 551/626/7 621/561/133
f 559/628/198 619/562/134 555/627/7
f 554/557/129 619/562/134 558/565/137
f 558/565/137 619/562/134 559/628/198
f 621/561/133 555/627/7 619/562/134
f 559/628/198 562/568/140 558/565/137
f 562/568/140 567/629/7 566/571/143
f 642/621/193 568/572/144 572/575/147
f 568/572/144 639/618/190 564/569/141
f 566/571/143 571/630/199 570/574/146
f 570/574/146 575/631/200 574/577/149
f 575/631/200 578/580/152 574/577/149
f 576/578/150 644/623/195 572/575/147
f 576/578/150 646/632/201 645/633/202
f 576/578/150 647/634/203 646/632/201
f 580/581/153 649/635/204 648/636/205
f 584/584/156 650/637/206 649/635/204
f 580/581/153 648/636/205 647/634/203
f 580/581/153 647/634/203 576/578/150
f 584/584/156 649/635/204 580/581/153
f 652/638/207 584/584/156 588/587/159
f 653/639/208 652/638/207 588/587/159
f 650/637/206 584/584/156 651/640/209
f 592/590/162 654/641/210 588/587/159
f 606/642/211 657/643/212 656/644/213
f 606/642/211 658/645/214 657/643/212
f 656/644/213 655/646/215 592/590/162
f 659/647/216 606/642/211 607/598/170
f 660/648/217 659/647/216 607/598/170
f 607/598/170 602/649/218 600/650/219
f 660/648/217 607/598/170 600/650/219
f 592/590/162 606/642/211 656/644/213
f 654/641/210 653/639/208 588/587/159
f 607/598/170 605/599/171 602/649/218
f 582/583/155 579/651/10 583/652/220
f 582/583/155 587/653/221 586/586/158
f 606/642/211 592/590/162 596/595/167
f 586/586/158 591/654/199 590/589/161
f 594/592/164 591/654/199 595/655/200
f 594/592/164 595/655/200 614/604/176
f 610/600/172 602/649/218 605/599/171
f 603/656/222 610/600/172 608/601/173
f 603/656/222 613/602/174 604/657/223
f 611/603/175 604/657/223 613/602/174
f 610/600/172 603/656/222 602/649/218
f 594/592/164 614/604/176 598/597/169
f 615/605/177 614/604/176 599/658/7
f 595/655/200 599/658/7 614/604/176
f 611/603/175 615/605/177 604/657/223
f 601/659/7 604/657/223 615/605/177
f 599/658/7 601/659/7 615/605/177
f 663/660/224 740/661/225 737/662/226
f 664/663/227 738/664/228 734/665/229
f 663/660/224 738/664/228 736/666/230
f 733/667/231 731/668/232 665/669/233
f 733/667/231 734/665/229 735/670/234
f 665/669/233 732/671/235 730/672/236
f 736/666/230 667/673/237 663/660/224
f 668/674/238 736/666/230 664/663/227
f 667/673/237 736/666/230 668/674/238
f 733/667/231 668/674/238 664/663/227
f 669/675/239 733/667/231 665/669/233
f 668/674/238 733/667/231 669/675/239
f 671/676/240 668/674/238 672/677/241
f 672/677/241 669/675/239 673/678/242
f 676/679/243 671/676/240 672/677/241
f 677/680/244 672/677/241 673/678/242
f 680/681/245 675/682/246 676/679/243
f 680/681/245 677/680/244 681/683/247
f 684/684/248 679/685/249 680/681/245
f 685/686/250 680/681/245 681/683/247
f 687/687/251 684/684/248 688/688/252
f 689/689/253 684/684/248 685/686/250
f 692/690/254 687/687/251 688/688/252
f 693/691/255 688/688/252 689/689/253
f 696/692/256 691/693/257 692/690/254
f 697/694/258 692/690/254 693/691/255
f 700/695/259 695/696/260 696/692/256
f 701/697/261 696/692/256 697/694/258
f 704/698/262 699/699/263 700/695/259
f 705/700/264 700/695/259 701/697/261
f 720/701/265 704/698/262 708/702/266
f 703/703/267 720/701/265 707/704/268
f 704/698/262 720/701/265 703/703/267
f 723/705/269 705/700/264 709/706/270
f 704/698/262 723/705/269 708/702/266
f 705/700/264 723/705/269 704/698/262
f 716/707/271 717/708/272 707/704/268
f 772/709/273 773/710/274 718/711/275
f 775/712/276 776/713/277 774/714/278
f 780/715/279 777/716/280 778/717/281
f 783/718/282 780/715/279 781/719/283
f 784/720/284 785/721/285 783/718/282
f 789/722/286 786/723/287 787/724/288
f 792/725/289 789/722/286 790/726/290
f 795/727/291 792/725/289 793/728/292
f 796/729/293 797/730/294 795/727/291
s 0
f 799/731/295 800/732/1 798/733/296
s 1
f 719/734/297 720/701/265 708/702/266
f 721/735/298 707/704/268 720/701/265
f 722/736/299 723/705/269 709/706/270
f 719/734/297 723/705/269 724/737/300
f 726/738/301 709/706/270 725/739/302
f 740/661/225 741/740/303 661/741/304
f 739/742/305 742/743/306 741/740/303
f 667/673/237 744/744/307 743/745/308
f 671/676/240 746/746/309 745/747/310
f 667/673/237 745/747/310 744/744/307
f 739/742/305 743/745/308 742/743/306
f 739/742/305 741/740/303 740/661/225
f 738/664/228 737/662/226 729/748/311
f 740/661/225 729/748/311 737/662/226
f 661/741/304 729/748/311 740/661/225
f 663/660/224 667/673/237 739/742/305
f 667/673/237 743/745/308 739/742/305
f 671/676/240 745/747/310 667/673/237
f 671/676/240 748/749/312 747/750/313
f 747/750/313 746/746/309 671/676/240
f 675/682/246 749/751/314 748/749/312
f 679/685/249 751/752/315 750/753/316
f 675/682/246 750/753/316 749/751/314
f 679/685/249 753/754/317 752/755/318
f 754/756/319 753/754/317 683/757/320
f 683/757/320 753/754/317 679/685/249
f 679/685/249 752/755/318 751/752/315
f 756/758/321 755/759/322 687/687/251
f 679/685/249 750/753/316 675/682/246
f 757/760/323 756/758/321 687/687/251
f 754/756/319 683/757/320 755/759/322
f 758/761/324 757/760/323 687/687/251
f 760/762/325 759/763/326 691/693/257
f 759/763/326 758/761/324 691/693/257
f 761/764/327 760/762/325 695/696/260
f 671/676/240 675/682/246 748/749/312
f 735/670/234 728/765/328 727/766/329
f 729/748/311 728/765/328 738/664/228
f 738/664/228 728/765/328 734/665/229
f 727/766/329 731/668/232 735/670/234
f 732/671/235 731/668/232 727/766/329
f 666/767/7 730/672/236 732/671/235
f 732/671/235 662/768/330 666/767/7
f 666/767/7 670/769/94 730/672/236
f 727/766/329 662/768/330 732/671/235
f 673/678/242 670/769/94 674/770/331
f 674/770/331 677/680/244 673/678/242
f 730/672/236 670/769/94 669/675/239
f 730/672/236 669/675/239 665/669/233
f 685/686/250 682/771/7 686/772/94
f 677/680/244 682/771/7 681/683/247
f 758/761/324 687/687/251 691/693/257
f 695/696/260 760/762/325 691/693/257
f 687/687/251 755/759/322 683/757/320
f 689/689/253 686/772/94 690/773/330
f 697/694/258 694/774/94 698/775/332
f 698/775/332 701/697/261 697/694/258
f 693/691/255 690/773/330 694/774/94
f 695/696/260 762/776/333 761/764/327
f 763/777/334 762/776/333 699/699/263
f 764/778/335 763/777/334 699/699/263
f 766/779/336 765/780/337 703/703/267
f 768/781/338 767/782/339 717/708/272
f 767/782/339 766/779/336 703/703/267
f 765/780/337 764/778/335 699/699/263
f 770/783/340 769/784/341 773/710/274
f 783/718/282 785/721/285 782/785/342
f 770/783/340 782/785/342 785/721/285
f 785/721/285 788/786/343 770/783/340
f 717/708/272 769/784/341 768/781/338
f 781/719/283 784/720/284 783/718/282
f 784/720/284 787/724/288 786/723/287
f 788/786/343 785/721/285 786/723/287
f 788/786/343 791/787/344 770/783/340
f 770/783/340 779/788/345 782/785/342
s 0
f 798/733/1 800/732/346 797/730/347
s 1
f 797/730/294 800/732/346 771/789/348
f 794/790/349 795/727/291 797/730/294
f 794/790/349 797/730/294 771/789/348
s 0
f 801/791/346 711/792/1 771/789/348
f 711/792/350 801/791/351 799/731/352
s 1
f 799/731/353 713/793/354 711/792/348
f 800/732/346 801/791/346 771/789/348
f 794/790/349 770/783/340 791/787/344
s 0
f 799/731/353 798/733/355 796/729/356
s 1
f 792/725/289 794/790/349 791/787/344
f 789/722/286 787/724/288 790/726/290
f 788/786/343 789/722/286 791/787/344
f 793/728/292 796/729/293 795/727/291
f 713/793/354 790/726/290 787/724/288
f 793/728/292 792/725/289 790/726/290
f 793/728/292 713/793/354 796/729/293
f 793/728/292 790/726/290 713/793/354
f 796/729/293 713/793/354 799/731/353
f 771/789/348 770/783/340 794/790/349
f 713/793/354 787/724/288 784/720/284
f 699/699/263 703/703/267 765/780/337
f 703/703/267 717/708/272 767/782/339
f 717/708/272 703/703/267 707/704/268
f 717/708/272 718/711/275 773/710/274
f 713/793/354 716/707/271 721/735/298
f 716/707/271 772/709/273 718/711/275
f 769/784/341 717/708/272 773/710/274
f 705/700/264 702/794/357 706/795/358
f 706/795/358 725/739/302 705/700/264
f 725/739/302 710/796/359 726/738/301
f 705/700/264 725/739/302 709/706/270
f 719/734/297 714/797/360 721/735/298
f 777/716/280 779/788/345 776/713/277
f 776/713/277 770/783/340 773/710/274
f 778/717/281 781/719/283 780/715/279
f 713/793/354 778/717/281 775/712/276
f 778/717/281 777/716/280 775/712/276
f 778/717/281 713/793/354 781/719/283
f 780/715/279 782/785/342 779/788/345
f 772/709/273 775/712/276 774/714/278
f 715/798/361 724/737/300 722/736/299
f 713/793/354 772/709/273 716/707/271
f 722/736/299 726/738/301 715/798/361
f 714/797/360 713/793/354 721/735/298
f 719/734/297 724/737/300 714/797/360
f 726/738/301 712/799/7 715/798/361
f 724/737/300 715/798/361 714/797/360
f 713/793/354 775/712/276 772/709/273
f 710/796/359 712/799/7 726/738/301
f 713/793/354 784/720/284 781/719/283
f 776/713/277 773/710/274 774/714/278
f 776/713/277 779/788/345 770/783/340
f 699/699/263 762/776/333 695/696/260
f 804/800/362 850/801/363 847/802/364
f 805/803/365 848/804/366 844/805/367
f 846/806/368 847/802/364 848/804/366
f 843/807/369 841/808/370 806/809/371
f 843/807/369 844/805/367 845/810/372
f 840/811/373 841/808/370 842/812/374
f 846/806/368 808/813/375 804/800/362
f 809/814/376 846/806/368 805/803/365
f 808/813/375 846/806/368 809/814/376
f 843/807/369 809/814/376 805/803/365
f 810/815/377 843/807/369 806/809/371
f 809/814/376 843/807/369 810/815/377
f 812/816/378 809/814/376 813/817/379
f 814/818/380 809/814/376 810/815/377
f 817/819/381 812/816/378 813/817/379
f 818/820/382 813/817/379 814/818/380
f 821/821/383 816/822/384 817/819/381
f 822/823/385 817/819/381 818/820/382
f 825/824/386 820/825/387 821/821/383
f 826/826/388 821/821/383 822/823/385
f 829/827/389 824/828/390 825/824/386
f 829/827/389 826/826/388 830/829/391
f 858/830/392 829/827/389 833/831/393
f 828/832/394 858/830/392 832/833/395
f 829/827/389 858/830/392 828/832/394
f 861/834/396 830/829/391 834/835/397
f 829/827/389 861/834/396 833/831/393
f 830/829/391 861/834/396 829/827/389
f 854/836/398 855/837/399 832/833/395
f 857/838/400 858/830/392 833/831/393
f 859/839/401 832/833/395 858/830/392
f 862/840/402 834/835/397 860/841/403
f 862/840/402 833/831/393 861/834/396
f 864/842/404 834/835/397 863/843/405
f 850/801/363 865/844/406 802/845/407
f 866/846/408 850/801/363 849/847/409
f 839/848/410 850/801/363 802/845/407
f 848/804/366 847/802/364 839/848/410
f 847/802/364 850/801/363 839/848/410
f 808/813/375 849/847/409 804/800/362
f 849/847/409 867/849/411 866/846/408
f 849/847/409 808/813/375 868/850/412
f 808/813/375 870/851/413 869/852/414
f 808/813/375 869/852/414 868/850/412
f 808/813/375 812/816/378 870/851/413
f 871/853/415 870/851/413 812/816/378
f 816/822/384 872/854/416 812/816/378
f 871/853/415 812/816/378 872/854/416
f 867/849/411 849/847/409 868/850/412
f 844/805/367 848/804/366 838/855/417
f 839/848/410 838/855/417 848/804/366
f 838/855/417 845/810/372 844/805/367
f 837/856/418 845/810/372 838/855/417
f 842/812/374 837/856/418 803/857/419
f 845/810/372 837/856/418 841/808/370
f 807/858/7 842/812/374 803/857/419
f 810/815/377 815/859/420 814/818/380
f 810/815/377 806/809/371 840/811/373
f 818/820/382 815/859/420 819/860/118
f 842/812/374 807/858/7 840/811/373
f 811/861/421 840/811/373 807/858/7
f 810/815/377 840/811/373 811/861/421
f 823/862/422 818/820/382 819/860/118
f 816/822/384 874/863/423 873/864/424
f 875/865/425 816/822/384 820/825/387
f 820/825/387 877/866/426 876/867/427
f 820/825/387 876/867/427 875/865/425
f 820/825/387 824/828/390 877/866/426
f 878/868/428 877/866/426 824/828/390
f 828/832/394 879/869/429 824/828/390
f 878/868/428 824/828/390 879/869/429
f 855/837/399 882/870/430 881/871/431
f 883/872/432 856/873/433 884/874/434
f 855/837/399 883/872/432 882/870/430
f 855/837/399 828/832/394 832/833/395
f 881/871/431 828/832/394 855/837/399
f 851/875/435 835/876/436 856/873/433
f 856/873/433 835/876/436 884/874/434
f 856/873/433 854/836/398 851/875/435
f 880/877/437 828/832/394 881/871/431
f 822/823/385 827/878/438 826/826/388
f 826/826/388 831/879/116 830/829/391
f 831/879/116 863/843/405 830/829/391
f 836/880/439 863/843/405 831/879/116
f 834/835/397 830/829/391 863/843/405
f 859/839/401 851/875/435 854/836/398
f 862/840/402 852/881/440 857/838/400
f 859/839/401 857/838/400 852/881/440
f 859/839/401 852/881/440 851/875/435
f 853/882/441 862/840/402 860/841/403
f 853/882/441 864/842/404 836/880/439
f 863/843/405 836/880/439 864/842/404
f 853/882/441 852/881/440 862/840/402
f 887/883/442 931/884/443 928/885/444
f 927/886/445 925/887/446 888/888/447
f 887/883/442 929/889/448 927/886/445
f 924/890/449 922/891/450 889/892/451
f 924/890/449 925/887/446 926/893/452
f 889/892/451 923/894/453 921/895/454
f 927/886/445 891/896/455 887/883/442
f 892/897/456 927/886/445 888/888/447
f 891/896/455 927/886/445 892/897/456
f 924/890/449 892/897/456 888/888/447
f 893/898/457 924/890/449 889/892/451
f 892/897/456 924/890/449 893/898/457
f 895/899/458 892/897/456 896/900/459
f 897/901/460 892/897/456 893/898/457
f 911/902/461 896/900/459 900/903/462
f 895/899/458 911/902/461 899/904/463
f 896/900/459 911/902/461 895/899/458
f 914/905/464 897/901/460 901/906/465
f 896/900/459 914/905/464 900/903/462
f 897/901/460 914/905/464 896/900/459
f 909/907/466 899/904/463 907/908/467
f 912/909/468 900/903/462 910/910/469
f 907/908/467 911/902/461 912/909/468
f 913/911/470 914/905/464 901/906/465
f 915/912/471 900/903/462 914/905/464
f 913/911/470 916/913/472 917/914/473
f 931/884/443 932/915/474 885/916/475
f 931/884/443 933/917/476 932/915/474
f 928/885/444 931/884/443 920/918/477
f 885/916/475 920/918/477 931/884/443
f 929/889/448 928/885/444 920/918/477
f 930/919/478 935/920/479 934/921/480
f 891/896/455 936/922/481 935/920/479
f 887/883/442 891/896/455 930/919/478
f 935/920/479 930/919/478 891/896/455
f 933/917/476 930/919/478 934/921/480
f 925/887/446 929/889/448 919/923/482
f 920/918/477 919/923/482 929/889/448
f 926/893/452 925/887/446 919/923/482
f 923/894/453 918/924/483 886/925/484
f 919/923/482 918/924/483 926/893/452
f 926/893/452 918/924/483 922/891/450
f 921/895/454 893/898/457 889/892/451
f 890/926/7 921/895/454 923/894/453
f 921/895/454 890/926/7 894/927/7
f 894/927/7 893/898/457 921/895/454
f 886/925/484 890/926/7 923/894/453
f 898/928/485 893/898/457 894/927/7
f 936/922/481 891/896/455 937/929/486
f 895/899/458 938/930/487 937/929/486
f 895/899/458 939/931/488 938/930/487
f 895/899/458 908/932/489 939/931/488
f 940/933/490 939/931/488 908/932/489
f 941/934/491 940/933/490 908/932/489
f 899/904/463 908/932/489 895/899/458
f 909/907/466 942/935/492 941/934/491
f 909/907/466 902/936/493 942/935/492
f 902/936/493 909/907/466 904/937/494
f 904/937/494 909/907/466 907/908/467
f 941/934/491 908/932/489 909/907/466
f 912/909/468 904/937/494 907/908/467
f 916/913/472 897/901/460 898/928/485
f 903/938/495 916/913/472 898/928/485
f 915/912/471 905/939/496 910/910/469
f 912/909/468 910/910/469 905/939/496
f 906/940/497 905/939/496 915/912/471
f 906/940/497 913/911/470 917/914/473
f 917/914/473 903/938/495 906/940/497
f 906/940/497 915/912/471 913/911/470
f 912/909/468 905/939/496 904/937/494
f 895/899/458 937/929/486 891/896/455
f 991/941/498 989/942/499 945/943/500
f 988/944/501 986/945/502 946/946/503
f 988/944/501 989/942/499 990/947/504
f 985/948/505 983/949/506 947/950/507
f 946/946/503 987/951/508 985/948/505
f 982/952/509 983/949/506 984/953/510
f 988/944/501 949/954/511 945/943/500
f 950/955/512 988/944/501 946/946/503
f 949/954/511 988/944/501 950/955/512
f 985/948/505 950/955/512 946/946/503
f 951/956/513 985/948/505 947/950/507
f 950/955/512 985/948/505 951/956/513
f 953/957/514 950/955/512 954/958/515
f 954/958/515 951/956/513 955/959/516
f 957/960/517 954/958/515 958/961/518
f 958/961/518 955/959/516 959/962/519
f 961/963/520 958/961/518 962/964/521
f 963/965/522 958/961/518 959/962/519
f 965/966/523 962/964/521 966/967/524
f 967/968/525 962/964/521 963/965/522
f 969/969/526 966/967/524 970/970/527
f 971/971/528 966/967/524 967/968/525
f 1000/972/529 970/970/527 974/973/530
f 969/969/526 1000/972/529 973/974/531
f 970/970/527 1000/972/529 969/969/526
f 1003/975/532 971/971/528 975/976/533
f 970/970/527 1003/975/532 974/973/530
f 971/971/528 1003/975/532 970/970/527
f 998/977/534 973/974/531 996/978/535
f 1001/979/536 974/973/530 999/980/537
f 996/978/535 1000/972/529 1001/979/536
f 1004/981/538 975/976/533 1002/982/539
f 999/980/537 1003/975/532 1004/981/538
f 1002/982/539 1005/983/540 1006/984/541
f 992/985/542 1007/986/543 943/987/544
f 1008/988/545 991/941/498 1009/989/546
f 992/985/542 1008/988/545 1007/986/543
f 989/942/499 992/985/542 981/990/547
f 943/987/544 981/990/547 992/985/542
f 991/941/498 945/943/500 949/954/511
f 990/947/504 989/942/499 981/990/547
f 1010/991/548 1009/989/546 991/941/498
f 949/954/511 1011/992/549 1010/991/548
f 953/957/514 1013/993/550 1012/994/551
f 949/954/511 1012/994/551 1011/992/549
f 953/957/514 1012/994/551 949/954/511
f 953/957/514 1015/995/552 1014/996/553
f 957/960/517 1015/995/552 953/957/514
f 953/957/514 1014/996/553 1013/993/550
f 1016/997/554 1015/995/552 957/960/517
f 991/941/498 949/954/511 1010/991/548
f 986/945/502 990/947/504 980/998/555
f 981/990/547 980/998/555 990/947/504
f 980/998/555 987/951/508 986/945/502
f 979/999/556 987/951/508 980/998/555
f 984/953/510 979/999/556 944/1000/557
f 987/951/508 979/999/556 983/949/506
f 948/1001/7 984/953/510 944/1000/557
f 955/959/516 952/1002/558 956/1003/559
f 951/956/513 947/950/507 982/952/509
f 955/959/516 960/1004/9 959/962/519
f 984/953/510 948/1001/7 982/952/509
f 952/1002/558 982/952/509 948/1001/7
f 951/956/513 982/952/509 952/1002/558
f 964/1005/560 959/962/519 960/1004/9
f 1016/997/554 957/960/517 1017/1006/561
f 961/963/520 1018/1007/562 1017/1006/561
f 965/966/523 1020/1008/563 1019/1009/564
f 961/963/520 1019/1009/564 1018/1007/562
f 965/966/523 1019/1009/564 961/963/520
f 1022/1010/565 965/966/523 969/969/526
f 1023/1011/566 1022/1010/565 969/969/526
f 965/966/523 1021/1012/567 1020/1008/563
f 969/969/526 997/1013/568 1024/1014/569
f 997/1013/568 1026/1015/570 1025/1016/571
f 997/1013/568 1025/1016/571 1024/1014/569
f 998/977/534 993/1017/572 977/1018/573
f 1027/1019/574 998/977/534 977/1018/573
f 998/977/534 1027/1019/574 1026/1015/570
f 973/974/531 997/1013/568 969/969/526
f 1023/1011/566 969/969/526 1024/1014/569
f 998/977/534 996/978/535 993/1017/572
f 963/965/522 968/1020/575 967/968/525
f 971/971/528 968/1020/575 972/1021/7
f 972/1021/7 1005/983/540 971/971/528
f 976/1022/7 1005/983/540 972/1021/7
f 975/976/533 971/971/528 1005/983/540
f 1001/979/536 993/1017/572 996/978/535
f 1004/981/538 994/1023/576 999/980/537
f 1001/979/536 999/980/537 994/1023/576
f 995/1024/577 994/1023/576 1004/981/538
f 1001/979/536 994/1023/576 993/1017/572
f 976/1022/7 1006/984/541 1005/983/540
f 995/1024/577 1006/984/541 978/1025/578
f 976/1022/7 978/1025/578 1006/984/541
f 995/1024/577 1004/981/538 1002/982/539
f 961/963/520 1017/1006/561 957/960/517
f 1092/1026/579 1090/1027/580 1030/1028/581
f 1142/1029/582 1143/1030/583 1093/1031/584
f 1144/1032/585 1147/1033/586 1146/1034/587
f 1148/1035/588 1149/1036/589 1147/1033/586
f 1031/1037/590 1091/1038/591 1087/1039/592
f 1030/1028/581 1091/1038/591 1089/1040/593
f 1032/1041/594 1088/1042/595 1084/1043/596
f 1031/1037/590 1088/1042/595 1086/1044/597
f 1032/1041/594 1085/1045/598 1083/1046/599
f 1089/1040/593 1034/1047/600 1030/1028/581
f 1035/1048/601 1089/1040/593 1031/1037/590
f 1034/1047/600 1089/1040/593 1035/1048/601
f 1086/1044/597 1035/1048/601 1031/1037/590
f 1036/1049/602 1086/1044/597 1032/1041/594
f 1035/1048/601 1086/1044/597 1036/1049/602
f 1038/1050/603 1035/1048/601 1039/1051/604
f 1039/1051/604 1036/1049/602 1040/1052/605
f 1042/1053/606 1039/1051/604 1043/1054/607
f 1043/1054/607 1040/1052/605 1044/1055/608
f 1047/1056/609 1042/1053/606 1043/1054/607
f 1047/1056/609 1044/1055/608 1048/1057/610
f 1050/1058/611 1047/1056/609 1051/1059/612
f 1052/1060/613 1047/1056/609 1048/1057/610
f 1054/1061/614 1051/1059/612 1055/1062/615
f 1055/1062/615 1052/1060/613 1056/1063/616
f 1058/1064/617 1055/1062/615 1059/1065/618
f 1059/1065/618 1056/1063/616 1060/1066/619
f 1062/1067/620 1059/1065/618 1063/1068/621
f 1063/1068/621 1060/1066/619 1064/1069/622
f 1067/1070/623 1062/1067/620 1063/1068/621
f 1067/1070/623 1064/1069/622 1068/1071/624
f 1070/1072/625 1067/1070/623 1071/1073/626
f 1072/1074/627 1067/1070/623 1068/1071/624
f 1101/1075/628 1071/1073/626 1075/1076/629
f 1070/1072/625 1101/1075/628 1074/1077/630
f 1071/1073/626 1101/1075/628 1070/1072/625
f 1104/1078/631 1072/1074/627 1076/1079/632
f 1071/1073/626 1104/1078/631 1075/1076/629
f 1072/1074/627 1104/1078/631 1071/1073/626
f 1097/1080/633 1098/1081/634 1074/1077/630
f 1153/1082/635 1099/1083/636 1151/1084/637
f 1100/1085/638 1101/1075/628 1075/1076/629
f 1097/1080/633 1101/1075/628 1102/1086/639
f 1105/1087/640 1076/1079/632 1103/1088/641
f 1105/1087/640 1075/1076/629 1104/1078/631
f 1103/1088/641 1106/1089/642 1107/1090/643
f 1150/1091/644 1108/1092/645 1028/1093/646
f 1150/1091/644 1109/1094/647 1108/1092/645
f 1149/1036/589 1150/1091/644 1028/1093/646
f 1110/1095/648 1109/1094/647 1148/1035/588
f 1145/1096/649 1110/1095/648 1148/1035/588
f 1146/1034/587 1147/1033/586 1149/1036/589
f 1082/1097/650 1149/1036/589 1028/1093/646
f 1142/1029/582 1145/1096/649 1144/1032/585
f 1111/1098/651 1145/1096/649 1142/1029/582
f 1146/1034/587 1143/1030/583 1144/1032/585
f 1145/1096/649 1148/1035/588 1147/1033/586
f 1082/1097/650 1143/1030/583 1146/1034/587
f 1111/1098/651 1110/1095/648 1145/1096/649
f 1146/1034/587 1149/1036/589 1082/1097/650
f 1092/1026/579 1111/1098/651 1142/1029/582
f 1112/1099/652 1111/1098/651 1092/1026/579
f 1114/1100/653 1113/1101/654 1034/1047/600
f 1116/1102/655 1115/1103/656 1034/1047/600
f 1115/1103/656 1114/1100/653 1034/1047/600
f 1112/1099/652 1092/1026/579 1113/1101/654
f 1118/1104/657 1117/1105/658 1038/1050/603
f 1119/1106/659 1118/1104/657 1042/1053/606
f 1121/1107/660 1120/1108/661 1046/1109/662
f 1123/1110/663 1122/1111/664 1046/1109/662
f 1122/1111/664 1121/1107/660 1046/1109/662
f 1120/1108/661 1119/1106/659 1042/1053/606
f 1117/1105/658 1116/1102/655 1038/1050/603
f 1123/1110/663 1046/1109/662 1050/1058/611
f 1091/1038/591 1082/1097/650 1081/1112/665
f 1093/1031/584 1143/1030/583 1090/1027/580
f 1090/1027/580 1143/1030/583 1082/1097/650
f 1030/1028/581 1034/1047/600 1092/1026/579
f 1092/1026/579 1142/1029/582 1093/1031/584
f 1087/1039/592 1091/1038/591 1081/1112/665
f 1085/1045/598 1080/1113/666 1029/1114/667
f 1087/1039/592 1081/1112/665 1088/1042/595
f 1088/1042/595 1081/1112/665 1080/1113/666
f 1080/1113/666 1084/1043/596 1088/1042/595
f 1033/1115/7 1085/1045/598 1029/1114/667
f 1113/1101/654 1092/1026/579 1034/1047/600
f 1032/1041/594 1083/1046/599 1036/1049/602
f 1042/1053/606 1118/1104/657 1038/1050/603
f 1040/1052/605 1045/1116/7 1044/1055/608
f 1034/1047/600 1038/1050/603 1116/1102/655
f 1036/1049/602 1041/1117/94 1040/1052/605
f 1033/1115/7 1037/1118/668 1083/1046/599
f 1037/1118/668 1036/1049/602 1083/1046/599
f 1085/1045/598 1033/1115/7 1083/1046/599
f 1044/1055/608 1049/1119/669 1048/1057/610
f 1053/1120/670 1048/1057/610 1049/1119/669
f 1042/1053/606 1046/1109/662 1120/1108/661
f 1123/1110/663 1050/1058/611 1124/1121/671
f 1054/1061/614 1126/1122/672 1125/1123/673
f 1054/1061/614 1127/1124/674 1126/1122/672
f 1058/1064/617 1129/1125/675 1128/1126/676
f 1058/1064/617 1130/1127/677 1129/1125/675
f 1054/1061/614 1128/1126/676 1127/1124/674
f 1054/1061/614 1125/1123/673 1050/1058/611
f 1058/1064/617 1128/1126/676 1054/1061/614
f 1131/1128/678 1130/1127/677 1062/1067/620
f 1133/1129/679 1132/1130/680 1062/1067/620
f 1132/1130/680 1131/1128/678 1062/1067/620
f 1058/1064/617 1062/1067/620 1130/1127/677
f 1133/1129/679 1066/1131/681 1134/1132/682
f 1124/1121/671 1050/1058/611 1125/1123/673
f 1136/1133/683 1135/1134/684 1070/1072/625
f 1137/1135/685 1136/1133/683 1070/1072/625
f 1098/1081/634 1139/1136/686 1138/1137/687
f 1140/1138/688 1153/1082/635 1141/1139/689
f 1152/1140/690 1140/1138/688 1139/1136/686
f 1098/1081/634 1138/1137/687 1137/1135/685
f 1099/1083/636 1152/1140/690 1098/1081/634
f 1139/1136/686 1098/1081/634 1152/1140/690
f 1151/1084/637 1078/1141/691 1153/1082/635
f 1097/1080/633 1151/1084/637 1099/1083/636
f 1078/1141/691 1151/1084/637 1094/1142/692
f 1153/1082/635 1078/1141/691 1141/1139/689
f 1137/1135/685 1070/1072/625 1098/1081/634
f 1066/1131/681 1135/1134/684 1134/1132/682
f 1097/1080/633 1094/1142/692 1151/1084/637
f 1052/1060/613 1057/1143/7 1056/1063/616
f 1056/1063/616 1061/1144/7 1060/1066/619
f 1133/1129/679 1062/1067/620 1066/1131/681
f 1070/1072/625 1135/1134/684 1066/1131/681
f 1060/1066/619 1065/1145/7 1064/1069/622
f 1073/1146/693 1068/1071/624 1069/1147/694
f 1064/1069/622 1069/1147/694 1068/1071/624
f 1102/1086/639 1094/1142/692 1097/1080/633
f 1105/1087/640 1095/1148/695 1100/1085/638
f 1102/1086/639 1100/1085/638 1095/1148/695
f 1103/1088/641 1096/1149/696 1105/1087/640
f 1095/1148/695 1105/1087/640 1096/1149/696
f 1102/1086/639 1095/1148/695 1094/1142/692
f 1106/1089/642 1072/1074/627 1073/1146/693
f 1077/1150/7 1106/1089/642 1073/1146/693
f 1106/1089/642 1077/1150/7 1107/1090/643
f 1107/1090/643 1096/1149/696 1103/1088/641
f 1107/1090/643 1077/1150/7 1079/1151/94
f 1107/1090/643 1079/1151/94 1096/1149/696
f 1074/1077/630 1098/1081/634 1070/1072/625
f 1200/1152/697 1198/1153/698 1156/1154/699
f 1157/1155/700 1199/1156/701 1195/1157/702
f 1197/1158/703 1198/1153/698 1199/1156/701
f 1158/1159/704 1196/1160/705 1192/1161/706
f 1157/1155/700 1196/1160/705 1194/1162/707
f 1191/1163/708 1192/1161/706 1193/1164/709
f 1197/1158/703 1160/1165/710 1156/1154/699
f 1161/1166/711 1197/1158/703 1157/1155/700
f 1160/1165/710 1197/1158/703 1161/1166/711
f 1194/1162/707 1161/1166/711 1157/1155/700
f 1162/1167/712 1194/1162/707 1158/1159/704
f 1161/1166/711 1194/1162/707 1162/1167/712
f 1165/1168/713 1160/1165/710 1161/1166/711
f 1165/1168/713 1162/1167/712 1166/1169/714
f 1181/1170/715 1165/1168/713 1169/1171/716
f 1164/1172/717 1181/1170/715 1168/1173/718
f 1165/1168/713 1181/1170/715 1164/1172/717
f 1184/1174/719 1166/1169/714 1170/1175/720
f 1165/1168/713 1184/1174/719 1169/1171/716
f 1166/1169/714 1184/1174/719 1165/1168/713
f 1177/1176/721 1178/1177/722 1168/1173/718
f 1214/1178/723 1179/1179/724 1212/1180/725
f 1180/1181/726 1181/1170/715 1169/1171/716
f 1182/1182/727 1168/1173/718 1181/1170/715
f 1183/1183/728 1184/1174/719 1170/1175/720
f 1180/1181/726 1184/1174/719 1185/1184/729
f 1187/1185/730 1170/1175/720 1186/1186/731
f 1201/1187/732 1202/1188/733 1154/1189/734
f 1200/1152/697 1202/1188/733 1201/1187/732
f 1190/1190/735 1201/1187/732 1154/1189/734
f 1190/1190/735 1198/1153/698 1201/1187/732
f 1199/1156/701 1198/1153/698 1190/1190/735
f 1200/1152/697 1203/1191/736 1202/1188/733
f 1200/1152/697 1160/1165/710 1204/1192/737
f 1160/1165/710 1205/1193/738 1204/1192/737
f 1156/1154/699 1160/1165/710 1200/1152/697
f 1206/1194/739 1160/1165/710 1164/1172/717
f 1207/1195/740 1206/1194/739 1164/1172/717
f 1204/1192/737 1203/1191/736 1200/1152/697
f 1195/1157/702 1199/1156/701 1189/1196/741
f 1190/1190/735 1189/1196/741 1199/1156/701
f 1196/1160/705 1195/1157/702 1189/1196/741
f 1193/1164/709 1188/1197/742 1155/1198/743
f 1189/1196/741 1188/1197/742 1196/1160/705
f 1196/1160/705 1188/1197/742 1192/1161/706
f 1191/1163/708 1162/1167/712 1158/1159/704
f 1159/1199/7 1191/1163/708 1193/1164/709
f 1191/1163/708 1159/1199/7 1163/1200/118
f 1163/1200/118 1162/1167/712 1191/1163/708
f 1155/1198/743 1159/1199/7 1193/1164/709
f 1167/1201/744 1162/1167/712 1163/1200/118
f 1164/1172/717 1178/1177/722 1208/1202/745
f 1178/1177/722 1209/1203/746 1208/1202/745
f 1178/1177/722 1213/1204/747 1209/1203/746
f 1209/1203/746 1213/1204/747 1210/1205/748
f 1178/1177/722 1164/1172/717 1168/1173/718
f 1214/1178/723 1210/1205/748 1213/1204/747
f 1211/1206/749 1210/1205/748 1214/1178/723
f 1172/1207/750 1211/1206/749 1214/1178/723
f 1177/1176/721 1212/1180/725 1179/1179/724
f 1172/1207/750 1214/1178/723 1212/1180/725
f 1212/1180/725 1174/1208/751 1172/1207/750
f 1178/1177/722 1179/1179/724 1213/1204/747
f 1212/1180/725 1177/1176/721 1174/1208/751
f 1182/1182/727 1174/1208/751 1177/1176/721
f 1167/1201/744 1186/1186/731 1166/1169/714
f 1170/1175/720 1166/1169/714 1186/1186/731
f 1186/1186/731 1171/1209/752 1187/1185/730
f 1185/1184/729 1175/1210/753 1180/1181/726
f 1182/1182/727 1180/1181/726 1175/1210/753
f 1176/1211/754 1175/1210/753 1185/1184/729
f 1176/1211/754 1183/1183/728 1187/1185/730
f 1187/1185/730 1173/1212/118 1176/1211/754
f 1176/1211/754 1185/1184/729 1183/1183/728
f 1171/1209/752 1173/1212/118 1187/1185/730
f 1182/1182/727 1175/1210/753 1174/1208/751
f 1164/1172/717 1208/1202/745 1207/1195/740
f 1279/1213/755 1277/1214/756 1217/1215/757
f 1276/1216/758 1274/1217/759 1218/1218/760
f 1217/1215/757 1278/1219/761 1276/1216/758
f 1219/1220/762 1275/1221/763 1271/1222/764
f 1218/1218/760 1275/1221/763 1273/1223/765
f 1219/1220/762 1272/1224/766 1270/1225/767
f 1276/1216/758 1221/1226/768 1217/1215/757
f 1222/1227/769 1276/1216/758 1218/1218/760
f 1221/1226/768 1276/1216/758 1222/1227/769
f 1273/1223/765 1222/1227/769 1218/1218/760
f 1223/1228/770 1273/1223/765 1219/1220/762
f 1222/1227/769 1273/1223/765 1223/1228/770
f 1225/1229/771 1222/1227/769 1226/1230/772
f 1226/1230/772 1223/1228/770 1227/1231/773
f 1229/1232/774 1226/1230/772 1230/1233/775
f 1230/1233/775 1227/1231/773 1231/1234/776
f 1233/1235/777 1230/1233/775 1234/1236/778
f 1234/1236/778 1231/1234/776 1235/1237/779
f 1237/1238/780 1234/1236/778 1238/1239/781
f 1238/1239/781 1235/1237/779 1239/1240/782
f 1241/1241/783 1238/1239/781 1242/1242/784
f 1242/1242/784 1239/1240/782 1243/1243/785
f 1245/1244/786 1242/1242/784 1246/1245/787
f 1246/1245/787 1243/1243/785 1247/1246/788
f 1249/1247/789 1246/1245/787 1250/1248/790
f 1250/1248/790 1247/1246/788 1251/1249/791
f 1254/1250/792 1249/1247/789 1250/1248/790
f 1254/1250/792 1251/1249/791 1255/1251/793
f 1257/1252/794 1254/1250/792 1258/1253/795
f 1259/1254/796 1254/1250/792 1255/1251/793
f 1288/1255/797 1258/1253/795 1262/1256/798
f 1257/1252/794 1288/1255/797 1261/1257/799
f 1258/1253/795 1288/1255/797 1257/1252/794
f 1291/1258/800 1259/1254/796 1263/1259/801
f 1258/1253/795 1291/1258/800 1262/1256/798
f 1259/1254/796 1291/1258/800 1258/1253/795
f 1286/1260/802 1261/1257/799 1284/1261/803
f 1328/1262/804 1286/1260/802 1326/1263/805
f 1289/1264/806 1262/1256/798 1287/1265/807
f 1289/1264/806 1261/1257/799 1288/1255/797
f 1290/1266/808 1291/1258/800 1263/1259/801
f 1287/1265/807 1291/1258/800 1292/1267/809
f 1294/1268/810 1263/1259/801 1293/1269/811
f 1280/1270/812 1295/1271/813 1215/1272/814
f 1295/1271/813 1279/1213/755 1296/1273/815
f 1221/1226/768 1298/1274/816 1297/1275/817
f 1221/1226/768 1299/1276/818 1298/1274/816
f 1279/1213/755 1297/1275/817 1296/1273/815
f 1277/1214/756 1280/1270/812 1269/1277/819
f 1215/1272/814 1269/1277/819 1280/1270/812
f 1278/1219/761 1277/1214/756 1269/1277/819
f 1217/1215/757 1221/1226/768 1279/1213/755
f 1297/1275/817 1279/1213/755 1221/1226/768
f 1221/1226/768 1300/1278/820 1299/1276/818
f 1225/1229/771 1301/1279/821 1300/1278/820
f 1225/1229/771 1302/1280/822 1301/1279/821
f 1303/1281/823 1302/1280/822 1229/1232/774
f 1304/1282/824 1303/1281/823 1229/1232/774
f 1229/1232/774 1302/1280/822 1225/1229/771
f 1305/1283/825 1233/1235/777 1306/1284/826
f 1233/1235/777 1305/1283/825 1304/1282/824
f 1306/1284/826 1233/1235/777 1307/1285/827
f 1308/1286/828 1307/1285/827 1237/1238/780
f 1309/1287/829 1308/1286/828 1237/1238/780
f 1310/1288/830 1309/1287/829 1241/1241/783
f 1221/1226/768 1225/1229/771 1300/1278/820
f 1275/1221/763 1268/1289/831 1267/1290/832
f 1269/1277/819 1268/1289/831 1278/1219/761
f 1278/1219/761 1268/1289/831 1274/1217/759
f 1267/1290/832 1271/1222/764 1275/1221/763
f 1272/1224/766 1271/1222/764 1267/1290/832
f 1272/1224/766 1216/1291/7 1220/1292/7
f 1267/1290/832 1216/1291/7 1272/1224/766
f 1224/1293/7 1270/1225/767 1220/1292/7
f 1219/1220/762 1270/1225/767 1223/1228/770
f 1223/1228/770 1270/1225/767 1224/1293/7
f 1272/1224/766 1220/1292/7 1270/1225/767
f 1228/1294/833 1223/1228/770 1224/1293/7
f 1227/1231/773 1232/1295/834 1231/1234/776
f 1307/1285/827 1233/1235/777 1237/1238/780
f 1309/1287/829 1237/1238/780 1241/1241/783
f 1233/1235/777 1304/1282/824 1229/1232/774
f 1235/1237/779 1240/1296/90 1239/1240/782
f 1244/1297/94 1239/1240/782 1240/1296/90
f 1231/1234/776 1236/1298/94 1235/1237/779
f 1241/1241/783 1311/1299/835 1310/1288/830
f 1312/1300/836 1241/1241/783 1245/1244/786
f 1245/1244/786 1313/1301/837 1312/1300/836
f 1249/1247/789 1315/1302/838 1314/1303/839
f 1249/1247/789 1316/1304/840 1315/1302/838
f 1245/1244/786 1314/1303/839 1313/1301/837
f 1245/1244/786 1249/1247/789 1314/1303/839
f 1317/1305/841 1316/1304/840 1249/1247/789
f 1317/1305/841 1249/1247/789 1253/1306/842
f 1318/1307/843 1317/1305/841 1253/1306/842
f 1319/1308/844 1318/1307/843 1253/1306/842
f 1319/1308/844 1257/1252/794 1320/1309/845
f 1285/1310/846 1322/1311/847 1321/1312/848
f 1285/1310/846 1323/1313/849 1322/1311/847
f 1324/1314/850 1328/1262/804 1325/1315/851
f 1328/1262/804 1265/1316/852 1325/1315/851
f 1327/1317/853 1324/1314/850 1323/1313/849
f 1286/1260/802 1327/1317/853 1285/1310/846
f 1323/1313/849 1285/1310/846 1327/1317/853
f 1328/1262/804 1326/1263/805 1265/1316/852
f 1281/1318/854 1265/1316/852 1326/1263/805
f 1284/1261/803 1326/1263/805 1286/1260/802
f 1321/1312/848 1257/1252/794 1285/1310/846
f 1257/1252/794 1321/1312/848 1320/1309/845
f 1284/1261/803 1281/1318/854 1326/1263/805
f 1243/1243/785 1248/1319/7 1247/1246/788
f 1247/1246/788 1252/1320/855 1251/1249/791
f 1319/1308/844 1253/1306/842 1257/1252/794
f 1251/1249/791 1256/1321/694 1255/1251/793
f 1255/1251/793 1260/1322/90 1259/1254/796
f 1293/1269/811 1259/1254/796 1260/1322/90
f 1289/1264/806 1281/1318/854 1284/1261/803
f 1292/1267/809 1282/1323/856 1287/1265/807
f 1289/1264/806 1287/1265/807 1282/1323/856
f 1283/1324/857 1282/1323/856 1292/1267/809
f 1289/1264/806 1282/1323/856 1281/1318/854
f 1259/1254/796 1293/1269/811 1263/1259/801
f 1294/1268/810 1293/1269/811 1264/1325/7
f 1260/1322/90 1264/1325/7 1293/1269/811
f 1294/1268/810 1283/1324/857 1290/1266/808
f 1264/1325/7 1266/1326/121 1294/1268/810
f 1283/1324/857 1294/1268/810 1266/1326/121
f 1290/1266/808 1283/1324/857 1292/1267/809
f 1261/1257/799 1285/1310/846 1257/1252/794
f 1331/1327/858 1408/1328/859 1405/1329/860
f 1408/1328/859 1444/1330/861 1443/1331/862
f 1332/1332/863 1406/1333/864 1402/1334/865
f 1404/1335/866 1405/1329/860 1406/1333/864
f 1333/1336/867 1403/1337/868 1399/1338/869
f 1401/1339/870 1402/1334/865 1403/1337/868
f 1398/1340/871 1399/1338/869 1400/1341/872
f 1404/1335/866 1335/1342/873 1331/1327/858
f 1336/1343/874 1404/1335/866 1332/1332/863
f 1335/1342/873 1404/1335/866 1336/1343/874
f 1401/1339/870 1336/1343/874 1332/1332/863
f 1337/1344/875 1401/1339/870 1333/1336/867
f 1336/1343/874 1401/1339/870 1337/1344/875
f 1340/1345/876 1335/1342/873 1336/1343/874
f 1340/1345/876 1337/1344/875 1341/1346/877
f 1344/1347/878 1339/1348/879 1340/1345/876
f 1344/1347/878 1341/1346/877 1345/1349/880
f 1348/1350/881 1343/1351/882 1344/1347/878
f 1348/1350/881 1345/1349/880 1349/1352/883
f 1352/1353/884 1347/1354/885 1348/1350/881
f 1353/1355/886 1348/1350/881 1349/1352/883
f 1356/1356/887 1351/1357/888 1352/1353/884
f 1357/1358/889 1352/1353/884 1353/1355/886
f 1360/1359/890 1355/1360/891 1356/1356/887
f 1361/1361/892 1356/1356/887 1357/1358/889
f 1364/1362/893 1359/1363/894 1360/1359/890
f 1364/1362/893 1361/1361/892 1365/1364/895
f 1368/1365/896 1363/1366/897 1364/1362/893
f 1369/1367/898 1364/1362/893 1365/1364/895
f 1372/1368/899 1367/1369/900 1368/1365/896
f 1373/1370/901 1368/1365/896 1369/1367/898
f 1388/1371/902 1372/1368/899 1376/1372/903
f 1371/1373/904 1388/1371/902 1375/1374/905
f 1372/1368/899 1388/1371/902 1371/1373/904
f 1391/1375/906 1373/1370/901 1377/1376/907
f 1372/1368/899 1391/1375/906 1376/1372/903
f 1373/1370/901 1391/1375/906 1372/1368/899
f 1384/1377/908 1385/1378/909 1375/1374/905
f 1447/1379/910 1386/1380/911 1445/1381/912
f 1387/1382/913 1388/1371/902 1376/1372/903
f 1384/1377/908 1388/1371/902 1389/1383/914
f 1392/1384/915 1377/1376/907 1390/1385/916
f 1392/1384/915 1376/1372/903 1391/1375/906
f 1394/1386/917 1377/1376/907 1393/1387/918
f 1444/1330/861 1409/1388/919 1329/626/920
f 1444/1330/861 1410/1389/921 1409/1388/919
f 1443/1331/862 1444/1330/861 1329/626/920
f 1442/1390/922 1411/1391/923 1410/1389/921
f 1407/1392/924 1411/1391/923 1442/1390/922
f 1443/1331/862 1397/1393/925 1405/1329/860
f 1329/626/920 1397/1393/925 1443/1331/862
f 1408/1328/859 1443/1331/862 1405/1329/860
f 1407/1392/924 1331/1327/858 1335/1342/873
f 1407/1392/924 1442/1390/922 1408/1328/859
f 1406/1333/864 1405/1329/860 1397/1393/925
f 1407/1392/924 1412/1394/926 1411/1391/923
f 1407/1392/924 1413/1395/927 1412/1394/926
f 1413/1395/927 1407/1392/924 1335/1342/873
f 1415/1396/928 1414/1397/929 1335/1342/873
f 1416/1398/930 1415/1396/928 1339/1348/879
f 1414/1397/929 1413/1395/927 1335/1342/873
f 1418/1399/931 1417/1400/932 1339/1348/879
f 1419/1401/933 1418/1399/931 1343/1351/882
f 1421/1402/934 1420/1403/935 1347/1354/885
f 1423/1404/936 1422/1405/937 1347/1354/885
f 1422/1405/937 1421/1402/934 1347/1354/885
f 1420/1403/935 1419/1401/933 1343/1351/882
f 1417/1400/932 1416/1398/930 1339/1348/879
f 1424/1406/938 1423/1404/936 1351/1357/888
f 1403/1337/868 1396/1407/939 1395/1408/940
f 1397/1393/925 1396/1407/939 1406/1333/864
f 1406/1333/864 1396/1407/939 1402/1334/865
f 1399/1338/869 1403/1337/868 1395/1408/940
f 1400/1341/872 1395/1408/940 1330/1409/941
f 1334/1410/7 1400/1341/872 1330/1409/941
f 1398/1340/871 1337/1344/875 1333/1336/867
f 1400/1341/872 1334/1410/7 1398/1340/871
f 1398/1340/871 1334/1410/7 1338/1411/9
f 1338/1411/9 1337/1344/875 1398/1340/871
f 1418/1399/931 1339/1348/879 1343/1351/882
f 1342/1412/942 1337/1344/875 1338/1411/9
f 1423/1404/936 1347/1354/885 1351/1357/888
f 1347/1354/885 1420/1403/935 1343/1351/882
f 1341/1346/877 1346/1413/421 1345/1349/880
f 1349/1352/883 1354/1414/421 1353/1355/886
f 1354/1414/421 1357/1358/889 1353/1355/886
f 1345/1349/880 1350/1415/943 1349/1352/883
f 1339/1348/879 1415/1396/928 1335/1342/873
f 1424/1406/938 1351/1357/888 1425/1416/944
f 1355/1360/891 1426/1417/945 1425/1416/944
f 1355/1360/891 1427/1418/946 1426/1417/945
f 1359/1363/894 1429/1419/947 1428/1420/948
f 1359/1363/894 1430/1421/949 1429/1419/947
f 1355/1360/891 1428/1420/948 1427/1418/946
f 1355/1360/891 1359/1363/894 1428/1420/948
f 1363/1366/897 1430/1421/949 1359/1363/894
f 1432/1422/950 1431/1423/951 1363/1366/897
f 1434/1424/952 1433/1425/953 1367/1369/900
f 1433/1425/953 1432/1422/950 1363/1366/897
f 1434/1424/952 1367/1369/900 1435/1426/954
f 1437/1427/955 1436/1428/956 1371/1373/904
f 1385/1378/909 1438/1429/957 1437/1427/955
f 1446/1430/958 1440/1431/959 1439/1432/960
f 1440/1431/959 1447/1379/910 1441/1433/961
f 1385/1378/909 1439/1432/960 1438/1429/957
f 1386/1380/911 1446/1430/958 1385/1378/909
f 1439/1432/960 1385/1378/909 1446/1430/958
f 1445/1381/912 1379/659/962 1447/1379/910
f 1384/1377/908 1445/1381/912 1386/1380/911
f 1379/659/962 1445/1381/912 1381/1434/963
f 1447/1379/910 1379/659/962 1441/1433/961
f 1437/1427/955 1371/1373/904 1385/1378/909
f 1435/1426/954 1371/1373/904 1436/1428/956
f 1384/1377/908 1381/1434/963 1445/1381/912
f 1357/1358/889 1362/1435/942 1361/1361/892
f 1435/1426/954 1367/1369/900 1371/1373/904
f 1367/1369/900 1433/1425/953 1363/1366/897
f 1365/1364/895 1362/1435/942 1366/1436/964
f 1369/1367/898 1374/1437/965 1373/1370/901
f 1374/1437/965 1393/1387/918 1373/1370/901
f 1369/1367/898 1366/1436/964 1370/1438/7
f 1389/1383/914 1381/1434/963 1384/1377/908
f 1392/1384/915 1382/1439/966 1387/1382/913
f 1389/1383/914 1387/1382/913 1382/1439/966
f 1383/1440/967 1382/1439/966 1392/1384/915
f 1389/1383/914 1382/1439/966 1381/1434/963
f 1373/1370/901 1393/1387/918 1377/1376/907
f 1394/1386/917 1393/1387/918 1378/1441/7
f 1374/1437/965 1378/1441/7 1393/1387/918
f 1394/1386/917 1383/1440/967 1390/1385/916
f 1378/1441/7 1380/1442/968 1394/1386/917
f 1383/1440/967 1394/1386/917 1380/1442/968
f 1390/1385/916 1383/1440/967 1392/1384/915
f 1375/1374/905 1385/1378/909 1371/1373/904
f 1355/1360/891 1425/1416/944 1351/1357/888
f 1850/1443/969 1821/1444/970 1451/1445/971
f 1822/1446/972 1824/1447/973 1850/1443/969
f 1451/1445/971 1822/1446/972 1850/1443/969
f 1826/1448/974 1824/1447/973 1822/1446/972
f 1449/1449/975 1823/1450/976 1826/1448/974
f 1822/1446/972 1449/1449/975 1826/1448/974
f 1826/1448/974 1825/1451/977 1824/1447/973
f 1834/1452/978 1828/1453/979 1826/1448/974
f 1823/1450/976 1827/1454/980 1834/1452/978
f 1826/1448/974 1823/1450/976 1834/1452/978
f 1828/1453/979 1836/1455/981 1833/1456/982
f 1842/1457/983 1836/1455/981 1834/1452/978
f 1827/1454/980 1835/1458/984 1842/1457/983
f 1834/1452/978 1827/1454/980 1842/1457/983
f 1842/1457/983 1841/1459/985 1836/1455/981
f 1842/1457/983 1843/1460/986 1844/1461/987
f 1850/1443/969 1849/1462/988 1821/1444/970
f 1824/1447/973 1851/1463/989 1850/1443/969
f 1858/1464/990 1852/1465/991 1453/1466/992
f 1628/1467/993 1853/1468/994 1858/1464/990
f 1453/1466/992 1628/1467/993 1858/1464/990
f 1855/1469/995 1853/1468/994 1628/1467/993
f 1451/1445/971 1821/1444/970 1855/1469/995
f 1628/1467/993 1451/1445/971 1855/1469/995
f 1855/1469/995 1854/1470/996 1853/1468/994
f 1855/1469/995 1849/1462/988 1856/1471/997
f 1858/1464/990 1857/1472/998 1852/1465/991
f 1853/1468/994 1859/1473/999 1858/1464/990
f 1627/1474/1000 1628/1467/993 1629/1475/1001
f 1629/1475/1001 1453/1466/992 1625/1476/1002
f 1866/1477/1003 1860/1478/1004 1455/1479/1005
f 1632/1480/1006 1861/1481/1007 1866/1477/1003
f 1455/1479/1005 1632/1480/1006 1866/1477/1003
f 1863/1482/1008 1861/1481/1007 1632/1480/1006
f 1453/1466/992 1852/1465/991 1863/1482/1008
f 1632/1480/1006 1453/1466/992 1863/1482/1008
f 1863/1482/1008 1862/1483/1009 1861/1481/1007
f 1852/1465/991 1864/1484/1010 1863/1482/1008
f 1866/1477/1003 1865/1485/1011 1860/1478/1004
f 1861/1481/1007 1867/1486/1012 1866/1477/1003
f 1625/1476/1002 1632/1480/1006 1633/1487/1013
f 1633/1487/1013 1455/1479/1005 1630/1488/1014
f 1874/1489/1015 1868/1490/1016 1457/1491/1017
f 1636/1492/1018 1869/1493/1019 1874/1489/1015
f 1457/1491/1017 1636/1492/1018 1874/1489/1015
f 1871/1494/1020 1869/1493/1019 1636/1492/1018
f 1455/1479/1005 1860/1478/1004 1871/1494/1020
f 1636/1492/1018 1455/1479/1005 1871/1494/1020
f 1871/1494/1020 1870/1495/1021 1869/1493/1019
f 1860/1478/1004 1872/1496/1022 1871/1494/1020
f 1874/1489/1015 1873/1497/1023 1868/1490/1016
f 1869/1493/1019 1875/1498/1024 1874/1489/1015
f 1630/1488/1014 1636/1492/1018 1637/1499/1025
f 1637/1499/1025 1457/1491/1017 1634/1500/1026
f 1882/1501/1027 1876/1502/1028 1459/1503/1029
f 1640/1504/1030 1877/1505/1031 1882/1501/1027
f 1459/1503/1029 1640/1504/1030 1882/1501/1027
f 1879/1506/1032 1877/1505/1031 1640/1504/1030
f 1457/1491/1017 1868/1490/1016 1879/1506/1032
f 1640/1504/1030 1457/1491/1017 1879/1506/1032
f 1879/1506/1032 1878/1507/1033 1877/1505/1031
f 1868/1490/1016 1880/1508/1034 1879/1506/1032
f 1882/1501/1027 1881/1509/1035 1876/1502/1028
f 1877/1505/1031 1883/1510/1036 1882/1501/1027
f 1641/1511/1037 1457/1491/1017 1640/1504/1030
f 1641/1511/1037 1459/1503/1029 1638/1512/1038
f 1890/1513/1039 1884/1514/1040 1461/1515/1041
f 1644/1516/1042 1885/1517/1043 1890/1513/1039
f 1461/1515/1041 1644/1516/1042 1890/1513/1039
f 1887/1518/1044 1885/1517/1043 1644/1516/1042
f 1459/1503/1029 1876/1502/1028 1887/1518/1044
f 1644/1516/1042 1459/1503/1029 1887/1518/1044
f 1887/1518/1044 1886/1519/1045 1885/1517/1043
f 1876/1502/1028 1888/1520/1046 1887/1518/1044
f 1890/1513/1039 1889/1521/1047 1884/1514/1040
f 1885/1517/1043 1891/1522/1048 1890/1513/1039
f 1638/1512/1038 1644/1516/1042 1645/1523/1049
f 1645/1523/1049 1461/1515/1041 1642/1524/1050
f 1898/1525/1051 1892/1526/1052 1463/1527/1053
f 1648/1528/1054 1893/1529/1055 1898/1525/1051
f 1463/1527/1053 1648/1528/1054 1898/1525/1051
f 1895/1530/1056 1893/1529/1055 1648/1528/1054
f 1461/1515/1041 1884/1514/1040 1895/1530/1056
f 1648/1528/1054 1461/1515/1041 1895/1530/1056
f 1895/1530/1056 1894/1531/1057 1893/1529/1055
f 1884/1514/1040 1896/1532/1058 1895/1530/1056
f 1898/1525/1051 1897/1533/1059 1892/1526/1052
f 1893/1529/1055 1899/1534/1060 1898/1525/1051
f 1642/1524/1050 1648/1528/1054 1649/1535/1061
f 1649/1535/1061 1463/1527/1053 1646/1536/1062
f 1906/1537/1063 1900/1538/1064 1465/1539/1065
f 1652/1540/1066 1901/1541/1067 1906/1537/1063
f 1465/1539/1065 1652/1540/1066 1906/1537/1063
f 1903/1542/1068 1901/1541/1067 1652/1540/1066
f 1463/1527/1053 1892/1526/1052 1903/1542/1068
f 1652/1540/1066 1463/1527/1053 1903/1542/1068
f 1903/1542/1068 1902/1543/1069 1901/1541/1067
f 1892/1526/1052 1904/1544/1070 1903/1542/1068
f 1906/1537/1063 1905/1545/1071 1900/1538/1064
f 1901/1541/1067 1907/1546/1072 1906/1537/1063
f 1646/1536/1062 1652/1540/1066 1653/1547/1073
f 1650/1548/1074 1652/1540/1066 1465/1539/1065
f 1914/1549/1075 1908/1550/1076 1467/1551/1077
f 1656/1552/1078 1909/1553/1079 1914/1549/1075
f 1467/1551/1077 1656/1552/1078 1914/1549/1075
f 1911/1554/1080 1909/1553/1079 1656/1552/1078
f 1465/1539/1065 1900/1538/1064 1911/1554/1080
f 1656/1552/1078 1465/1539/1065 1911/1554/1080
f 1911/1554/1080 1910/1555/1081 1909/1553/1079
f 1900/1538/1064 1912/1556/1082 1911/1554/1080
f 1914/1549/1075 1913/1557/1083 1908/1550/1076
f 1909/1553/1079 1915/1558/1084 1914/1549/1075
f 1650/1548/1074 1656/1552/1078 1657/1559/1085
f 1657/1559/1085 1467/1551/1077 1654/1560/1086
f 1922/1561/1087 1916/1562/1088 1469/1563/1089
f 1660/1564/1090 1917/1565/1091 1922/1561/1087
f 1469/1563/1089 1660/1564/1090 1922/1561/1087
f 1919/1566/1092 1917/1565/1091 1660/1564/1090
f 1467/1551/1077 1908/1550/1076 1919/1566/1092
f 1660/1564/1090 1467/1551/1077 1919/1566/1092
f 1919/1566/1092 1918/1567/1093 1917/1565/1091
f 1908/1550/1076 1920/1568/1094 1919/1566/1092
f 1916/1562/1088 1923/1569/1095 1921/1570/1096
f 1922/1561/1087 1918/1567/1093 1923/1569/1095
f 1654/1560/1086 1660/1564/1090 1661/1571/1097
f 1661/1571/1097 1469/1563/1089 1658/1572/1098
f 1930/1573/1099 1924/1574/1100 1471/1575/1101
f 1664/1576/1102 1925/1577/1103 1930/1573/1099
f 1471/1575/1101 1664/1576/1102 1930/1573/1099
f 1927/1578/1104 1925/1577/1103 1664/1576/1102
f 1469/1563/1089 1916/1562/1088 1927/1578/1104
f 1664/1576/1102 1469/1563/1089 1927/1578/1104
f 1925/1577/1103 1928/1579/1105 1926/1580/1106
f 1927/1578/1104 1921/1570/1096 1928/1579/1105
f 1943/1581/1107 1929/1582/1108 1924/1574/1100
f 1930/1573/1099 1931/1583/1109 1943/1581/1107
f 1924/1574/1100 1930/1573/1099 1943/1581/1107
f 1935/1584/1110 1931/1583/1109 1930/1573/1099
f 1925/1577/1103 1926/1580/1106 1935/1584/1110
f 1930/1573/1099 1925/1577/1103 1935/1584/1110
f 1939/1585/1111 1934/1586/1112 1931/1583/1109
f 1935/1584/1110 1937/1587/1113 1939/1585/1111
f 1931/1583/1109 1935/1584/1110 1939/1585/1111
f 1935/1584/1110 1936/1588/1114 1937/1587/1113
f 1934/1586/1112 1941/1589/1115 1938/1590/1116
f 1939/1585/1111 1940/1591/1117 1941/1589/1115
f 1929/1582/1108 1944/1592/1118 1942/1593/1119
f 1949/1594/1120 1944/1592/1118 1943/1581/1107
f 1931/1583/1109 1934/1586/1112 1949/1594/1120
f 1943/1581/1107 1931/1583/1109 1949/1594/1120
f 1944/1592/1118 1950/1595/1121 1948/1596/1122
f 1949/1594/1120 1938/1590/1116 1950/1595/1121
f 1658/1572/1098 1664/1576/1102 1665/1597/1123
f 1665/1597/1123 1471/1575/1101 1662/1598/1124
f 1964/1599/1125 1932/1600/1126 1473/1601/1127
f 1668/1602/1128 1933/1603/1129 1964/1599/1125
f 1473/1601/1127 1668/1602/1128 1964/1599/1125
f 1946/1604/1130 1933/1603/1129 1668/1602/1128
f 1471/1575/1101 1924/1574/1100 1946/1604/1130
f 1668/1602/1128 1471/1575/1101 1946/1604/1130
f 1933/1603/1129 1947/1605/1131 1945/1606/1132
f 1946/1604/1130 1929/1582/1108 1947/1605/1131
f 1932/1600/1126 1965/1607/1133 1963/1608/1134
f 1964/1599/1125 1945/1606/1132 1965/1607/1133
f 1662/1598/1124 1668/1602/1128 1669/1609/1135
f 1669/1609/1135 1473/1601/1127 1666/1610/1136
f 1972/1611/1137 1966/1612/1138 1475/1613/1139
f 1672/1614/1140 1967/1615/1141 1972/1611/1137
f 1475/1613/1139 1672/1614/1140 1972/1611/1137
f 1969/1616/1142 1967/1615/1141 1672/1614/1140
f 1473/1601/1127 1932/1600/1126 1969/1616/1142
f 1672/1614/1140 1473/1601/1127 1969/1616/1142
f 1967/1615/1141 1970/1617/1143 1968/1618/1144
f 1969/1616/1142 1963/1608/1134 1970/1617/1143
f 1966/1612/1138 1973/1619/1145 1971/1620/1146
f 1972/1611/1137 1968/1618/1144 1973/1619/1145
f 1666/1610/1136 1672/1614/1140 1673/1621/1147
f 1673/1621/1147 1475/1613/1139 1670/1622/1148
f 1980/1623/1149 1974/1624/1150 1477/1625/1151
f 1676/1626/1152 1975/1627/1153 1980/1623/1149
f 1477/1625/1151 1676/1626/1152 1980/1623/1149
f 1977/1628/1154 1975/1627/1153 1676/1626/1152
f 1475/1613/1139 1966/1612/1138 1977/1628/1154
f 1676/1626/1152 1475/1613/1139 1977/1628/1154
f 1975/1627/1153 1978/1629/1155 1976/1630/1156
f 1977/1628/1154 1971/1620/1146 1978/1629/1155
f 1974/1624/1150 1981/1631/1157 1979/1632/1158
f 1980/1623/1149 1976/1630/1156 1981/1631/1157
f 1670/1622/1148 1676/1626/1152 1677/1633/1159
f 1677/1633/1159 1477/1625/1151 1674/1634/1160
f 1988/1635/1161 1982/1636/1162 1479/1637/1163
f 1680/1638/1164 1983/1639/1165 1988/1635/1161
f 1479/1637/1163 1680/1638/1164 1988/1635/1161
f 1985/1640/1166 1983/1639/1165 1680/1638/1164
f 1477/1625/1151 1974/1624/1150 1985/1640/1166
f 1680/1638/1164 1477/1625/1151 1985/1640/1166
f 1983/1639/1165 1986/1641/1167 1984/1642/1168
f 1985/1640/1166 1979/1632/1158 1986/1641/1167
f 2019/1643/1169 1987/1644/1170 1982/1636/1162
f 1988/1635/1161 1989/1645/1171 2019/1643/1169
f 1982/1636/1162 1988/1635/1161 2019/1643/1169
f 2015/1646/1172 1989/1645/1171 1988/1635/1161
f 1983/1639/1165 1984/1642/1168 2015/1646/1172
f 1988/1635/1161 1983/1639/1165 2015/1646/1172
f 1989/1645/1171 2017/1647/1173 2014/1648/1174
f 2015/1646/1172 2016/1649/1175 2017/1647/1173
f 1987/1644/1170 2020/1650/1176 2018/1651/1177
f 2019/1643/1169 2014/1648/1174 2020/1650/1176
f 1674/1634/1160 1680/1638/1164 1681/1652/1178
f 1681/1652/1178 1479/1637/1163 1678/1653/1179
f 2025/1654/1180 1990/1655/1181 1481/1656/1182
f 1684/1657/1183 1991/1658/1184 2025/1654/1180
f 1481/1656/1182 1684/1657/1183 2025/1654/1180
f 2022/1659/1185 1991/1658/1184 1684/1657/1183
f 1479/1637/1163 1982/1636/1162 2022/1659/1185
f 1684/1657/1183 1479/1637/1163 2022/1659/1185
f 2022/1659/1185 2021/1660/1186 1991/1658/1184
f 2022/1659/1185 1987/1644/1170 2023/1661/1187
f 2025/1654/1180 2024/1662/1188 1990/1655/1181
f 2025/1654/1180 2021/1660/1186 2026/1663/1189
f 1685/1664/1190 1479/1637/1163 1684/1657/1183
f 1685/1664/1190 1481/1656/1182 1682/1665/1191
f 2033/1666/1192 2027/1667/1193 1483/1668/1194
f 1688/1669/1195 2028/1670/1196 2033/1666/1192
f 1483/1668/1194 1688/1669/1195 2033/1666/1192
f 2030/1671/1197 2028/1670/1196 1688/1669/1195
f 1481/1656/1182 1990/1655/1181 2030/1671/1197
f 1688/1669/1195 1481/1656/1182 2030/1671/1197
f 2028/1670/1196 2031/1672/1198 2029/1673/1199
f 2030/1671/1197 2024/1662/1188 2031/1672/1198
f 2027/1667/1193 2034/1674/1200 2032/1675/1201
f 2033/1666/1192 2029/1673/1199 2034/1674/1200
f 1682/1665/1191 1688/1669/1195 1689/1676/1202
f 1689/1676/1202 1483/1668/1194 1686/1677/1203
f 2041/1678/1204 2035/1679/1205 1485/1680/1206
f 1692/1681/1207 2036/1682/1208 2041/1678/1204
f 1485/1680/1206 1692/1681/1207 2041/1678/1204
f 2038/1683/1209 2036/1682/1208 1692/1681/1207
f 1483/1668/1194 2027/1667/1193 2038/1683/1209
f 1692/1681/1207 1483/1668/1194 2038/1683/1209
f 2036/1682/1208 2039/1684/1210 2037/1685/1211
f 2038/1683/1209 2032/1675/1201 2039/1684/1210
f 2035/1679/1205 2042/1686/1212 2040/1687/1213
f 2041/1678/1204 2037/1685/1211 2042/1686/1212
f 1686/1677/1203 1692/1681/1207 1693/1688/1214
f 1693/1688/1214 1485/1680/1206 1690/1689/1215
f 2049/1690/1216 2043/1691/1217 1487/1692/1218
f 1696/1693/1219 2044/1694/1220 2049/1690/1216
f 1487/1692/1218 1696/1693/1219 2049/1690/1216
f 2046/1695/1221 2044/1694/1220 1696/1693/1219
f 1485/1680/1206 2035/1679/1205 2046/1695/1221
f 1696/1693/1219 1485/1680/1206 2046/1695/1221
f 2044/1694/1220 2047/1696/1222 2045/1697/1223
f 2046/1695/1221 2040/1687/1213 2047/1696/1222
f 2043/1691/1217 2050/1698/1224 2048/1699/1225
f 2049/1690/1216 2045/1697/1223 2050/1698/1224
f 1690/1689/1215 1696/1693/1219 1697/1700/1226
f 1697/1700/1226 1487/1692/1218 1694/1701/1227
f 2057/1702/1228 2051/1703/1229 1489/1704/1230
f 1700/1705/1231 2052/1706/1232 2057/1702/1228
f 1489/1704/1230 1700/1705/1231 2057/1702/1228
f 2054/1707/1233 2052/1706/1232 1700/1705/1231
f 1487/1692/1218 2043/1691/1217 2054/1707/1233
f 1700/1705/1231 1487/1692/1218 2054/1707/1233
f 2052/1706/1232 2055/1708/1234 2053/1709/1235
f 2054/1707/1233 2048/1699/1225 2055/1708/1234
f 2051/1703/1229 2058/1710/1236 2056/1711/1237
f 2057/1702/1228 2053/1709/1235 2058/1710/1236
f 1694/1701/1227 1700/1705/1231 1701/1712/1238
f 1701/1712/1238 1489/1704/1230 1698/1713/1239
f 2065/1714/1240 2059/1715/1241 1491/1716/1242
f 1704/1717/1243 2060/1718/1244 2065/1714/1240
f 1491/1716/1242 1704/1717/1243 2065/1714/1240
f 2062/1719/1245 2060/1718/1244 1704/1717/1243
f 1489/1704/1230 2051/1703/1229 2062/1719/1245
f 1704/1717/1243 1489/1704/1230 2062/1719/1245
f 2060/1718/1244 2063/1720/1246 2061/1721/1247
f 2051/1703/1229 2063/1720/1246 2062/1719/1245
f 2065/1714/1240 2064/1722/1248 2059/1715/1241
f 2065/1714/1240 2061/1721/1247 2066/1723/1249
f 1705/1724/1250 1489/1704/1230 1704/1717/1243
f 1705/1724/1250 1491/1716/1242 1702/1725/1251
f 2078/1726/1252 2067/1727/1253 1493/1728/1254
f 2068/1729/1255 2069/1730/1256 2078/1726/1252
f 1493/1728/1254 2068/1729/1255 2078/1726/1252
f 2071/1731/1257 2069/1730/1256 2068/1729/1255
f 1491/1716/1242 2059/1715/1241 2071/1731/1257
f 2068/1729/1255 1491/1716/1242 2071/1731/1257
f 2074/1732/1258 2070/1733/1259 2069/1730/1256
f 2071/1731/1257 2072/1734/1260 2074/1732/1258
f 2069/1730/1256 2071/1731/1257 2074/1732/1258
f 2071/1731/1257 2064/1722/1248 2072/1734/1260
f 2070/1733/1259 2076/1735/1261 2073/1736/1262
f 2072/1734/1260 2076/1735/1261 2074/1732/1258
f 2126/1737/1263 2077/1738/1264 2067/1727/1253
f 2078/1726/1252 2079/1739/1265 2126/1737/1263
f 2067/1727/1253 2078/1726/1252 2126/1737/1263
f 2084/1740/1266 2079/1739/1265 2078/1726/1252
f 2069/1730/1256 2070/1733/1259 2084/1740/1266
f 2078/1726/1252 2069/1730/1256 2084/1740/1266
f 2122/1741/1267 2083/1742/1268 2079/1739/1265
f 2084/1740/1266 2085/1743/1269 2122/1741/1267
f 2079/1739/1265 2084/1740/1266 2122/1741/1267
f 2135/1744/1270 2085/1743/1269 2084/1740/1266
f 2070/1733/1259 2073/1736/1262 2135/1744/1270
f 2084/1740/1266 2070/1733/1259 2135/1744/1270
f 2142/1745/1271 2123/1746/1272 2085/1743/1269
f 2135/1744/1270 2137/1747/1273 2142/1745/1271
f 2085/1743/1269 2135/1744/1270 2142/1745/1271
f 2135/1744/1270 2136/1748/1274 2137/1747/1273
f 2142/1745/1271 2133/1749/1275 2123/1746/1272
f 2137/1747/1273 2144/1750/1276 2142/1745/1271
f 2083/1742/1268 2124/1751/1277 2121/1752/1278
f 2132/1753/1279 2124/1751/1277 2122/1741/1267
f 2085/1743/1269 2123/1746/1272 2132/1753/1279
f 2122/1741/1267 2085/1743/1269 2132/1753/1279
f 2124/1751/1277 2134/1754/1280 2131/1755/1281
f 2139/1756/1282 2134/1754/1280 2132/1753/1279
f 2123/1746/1272 2133/1749/1275 2139/1756/1282
f 2132/1753/1279 2123/1746/1272 2139/1756/1282
f 2134/1754/1280 2141/1757/1283 2138/1758/1284
f 2139/1756/1282 2140/1759/1285 2141/1757/1283
f 2077/1738/1264 2127/1760/1286 2125/1761/1287
f 2146/1762/1288 2127/1760/1286 2126/1737/1263
f 2079/1739/1265 2083/1742/1268 2146/1762/1288
f 2126/1737/1263 2079/1739/1265 2146/1762/1288
f 2127/1760/1286 2147/1763/1289 2145/1764/1290
f 2146/1762/1288 2121/1752/1278 2147/1763/1289
f 1702/1725/1251 2068/1729/1255 2988/1765/1291
f 2988/1765/1291 1493/1728/1254 2987/1766/1292
f 2149/1767/1293 2080/1768/1294 1495/1769/1295
f 2081/1770/1296 2082/1771/1297 2149/1767/1293
f 1495/1769/1295 2081/1770/1296 2149/1767/1293
f 2129/1772/1298 2082/1771/1297 2081/1770/1296
f 1493/1728/1254 2067/1727/1253 2129/1772/1298
f 2081/1770/1296 1493/1728/1254 2129/1772/1298
f 2082/1771/1297 2130/1773/1299 2128/1774/1300
f 2129/1772/1298 2077/1738/1264 2130/1773/1299
f 2080/1768/1294 2150/1775/1301 2148/1776/1302
f 2149/1767/1293 2128/1774/1300 2150/1775/1301
f 2158/1777/1303 2151/1778/1304 1497/1779/1305
f 2152/1780/1306 2153/1781/1307 2158/1777/1303
f 1497/1779/1305 2152/1780/1306 2158/1777/1303
f 2155/1782/1308 2153/1781/1307 2152/1780/1306
f 1495/1769/1295 2080/1768/1294 2155/1782/1308
f 2152/1780/1306 1495/1769/1295 2155/1782/1308
f 2153/1781/1307 2156/1783/1309 2154/1784/1310
f 2155/1782/1308 2148/1776/1302 2156/1783/1309
f 2151/1778/1304 2159/1785/1311 2157/1786/1312
f 2158/1777/1303 2154/1784/1310 2159/1785/1311
f 2167/1787/1313 2160/1788/1314 1499/1789/1315
f 2161/1790/1316 2162/1791/1317 2167/1787/1313
f 1499/1789/1315 2161/1790/1316 2167/1787/1313
f 2164/1792/1318 2162/1791/1317 2161/1790/1316
f 1497/1779/1305 2151/1778/1304 2164/1792/1318
f 2161/1790/1316 1497/1779/1305 2164/1792/1318
f 2162/1791/1317 2165/1793/1319 2163/1794/1320
f 2164/1792/1318 2157/1786/1312 2165/1793/1319
f 2160/1788/1314 2168/1795/1321 2166/1796/1322
f 2162/1791/1317 2168/1795/1321 2167/1787/1313
f 2176/1797/1323 2169/1798/1324 1501/1799/1325
f 2170/1800/1326 2171/1801/1327 2176/1797/1323
f 1501/1799/1325 2170/1800/1326 2176/1797/1323
f 2173/1802/1328 2171/1801/1327 2170/1800/1326
f 1499/1789/1315 2160/1788/1314 2173/1802/1328
f 2170/1800/1326 1499/1789/1315 2173/1802/1328
f 2171/1801/1327 2174/1803/1329 2172/1804/1330
f 2173/1802/1328 2166/1796/1322 2174/1803/1329
f 2169/1798/1324 2177/1805/1331 2175/1806/1332
f 2176/1797/1323 2172/1804/1330 2177/1805/1331
f 2185/1807/1333 2178/1808/1334 1503/1809/1335
f 2179/1810/1336 2180/1811/1337 2185/1807/1333
f 1503/1809/1335 2179/1810/1336 2185/1807/1333
f 2182/1812/1338 2180/1811/1337 2179/1810/1336
f 1501/1799/1325 2169/1798/1324 2182/1812/1338
f 2179/1810/1336 1501/1799/1325 2182/1812/1338
f 2180/1811/1337 2183/1813/1339 2181/1814/1340
f 2182/1812/1338 2175/1806/1332 2183/1813/1339
f 2185/1807/1333 2184/1815/1341 2178/1808/1334
f 2185/1807/1333 2181/1814/1340 2186/1816/1342
f 2985/1817/1343 2179/1810/1336 2986/1818/1344
f 2986/1818/1344 1503/1809/1335 2984/1819/1345
f 2194/1820/1346 2187/1821/1347 1505/1822/1348
f 2188/1823/1349 2189/1824/1350 2194/1820/1346
f 1505/1822/1348 2188/1823/1349 2194/1820/1346
f 2191/1825/1351 2189/1824/1350 2188/1823/1349
f 1503/1809/1335 2178/1808/1334 2191/1825/1351
f 2188/1823/1349 1503/1809/1335 2191/1825/1351
f 2189/1824/1350 2192/1826/1352 2190/1827/1353
f 2191/1825/1351 2184/1815/1341 2192/1826/1352
f 2187/1821/1347 2195/1828/1354 2193/1829/1355
f 2194/1820/1346 2190/1827/1353 2195/1828/1354
f 2203/1830/1356 2196/1831/1357 1507/1832/1358
f 2197/1833/1359 2198/1834/1360 2203/1830/1356
f 1507/1832/1358 2197/1833/1359 2203/1830/1356
f 2200/1835/1361 2198/1834/1360 2197/1833/1359
f 1505/1822/1348 2187/1821/1347 2200/1835/1361
f 2197/1833/1359 1505/1822/1348 2200/1835/1361
f 2198/1834/1360 2201/1836/1362 2199/1837/1363
f 2200/1835/1361 2193/1829/1355 2201/1836/1362
f 2196/1831/1357 2204/1838/1364 2202/1839/1365
f 2203/1830/1356 2199/1837/1363 2204/1838/1364
f 2212/1840/1366 2205/1841/1367 1509/1842/1368
f 2206/1843/1369 2207/1844/1370 2212/1840/1366
f 1509/1842/1368 2206/1843/1369 2212/1840/1366
f 2209/1845/1371 2207/1844/1370 2206/1843/1369
f 1507/1832/1358 2196/1831/1357 2209/1845/1371
f 2206/1843/1369 1507/1832/1358 2209/1845/1371
f 2207/1844/1370 2210/1846/1372 2208/1847/1373
f 2209/1845/1371 2202/1839/1365 2210/1846/1372
f 2205/1841/1367 2213/1848/1374 2211/1849/1375
f 2212/1840/1366 2208/1847/1373 2213/1848/1374
f 2982/1850/1376 2206/1843/1369 2983/1851/1377
f 2981/1852/1378 2206/1843/1369 1509/1842/1368
f 2221/1853/1379 2214/1854/1380 1511/1855/1381
f 2215/1856/1382 2216/1857/1383 2221/1853/1379
f 1511/1855/1381 2215/1856/1382 2221/1853/1379
f 2218/1858/1384 2216/1857/1383 2215/1856/1382
f 1509/1842/1368 2205/1841/1367 2218/1858/1384
f 2215/1856/1382 1509/1842/1368 2218/1858/1384
f 2216/1857/1383 2219/1859/1385 2217/1860/1386
f 2218/1858/1384 2211/1849/1375 2219/1859/1385
f 2221/1853/1379 2220/1861/1387 2214/1854/1380
f 2221/1853/1379 2217/1860/1386 2222/1862/1388
f 2230/1863/1389 2223/1864/1390 1513/1865/1391
f 2224/1866/1392 2225/1867/1393 2230/1863/1389
f 1513/1865/1391 2224/1866/1392 2230/1863/1389
f 2227/1868/1394 2225/1867/1393 2224/1866/1392
f 1511/1855/1381 2214/1854/1380 2227/1868/1394
f 2224/1866/1392 1511/1855/1381 2227/1868/1394
f 2227/1868/1394 2226/1869/1395 2225/1867/1393
f 2214/1854/1380 2228/1870/1396 2227/1868/1394
f 2230/1863/1389 2229/1871/1397 2223/1864/1390
f 2225/1867/1393 2231/1872/1398 2230/1863/1389
f 2243/1873/1399 2232/1874/1400 1515/1875/1401
f 2233/1876/1402 2234/1877/1403 2243/1873/1399
f 1515/1875/1401 2233/1876/1402 2243/1873/1399
f 2236/1878/1404 2234/1877/1403 2233/1876/1402
f 1513/1865/1391 2223/1864/1390 2236/1878/1404
f 2233/1876/1402 1513/1865/1391 2236/1878/1404
f 2239/1879/1405 2235/1880/1406 2234/1877/1403
f 2236/1878/1404 2237/1881/1407 2239/1879/1405
f 2234/1877/1403 2236/1878/1404 2239/1879/1405
f 2252/1882/1408 2237/1881/1407 2236/1878/1404
f 2223/1864/1390 2229/1871/1397 2252/1882/1408
f 2236/1878/1404 2223/1864/1390 2252/1882/1408
f 2252/1882/1408 2240/1883/1409 2237/1881/1407
f 2229/1871/1397 2254/1884/1410 2252/1882/1408
f 2239/1879/1405 2238/1885/1411 2235/1880/1406
f 2249/1886/1412 2241/1887/1413 2239/1879/1405
f 2237/1881/1407 2240/1883/1409 2249/1886/1412
f 2239/1879/1405 2237/1881/1407 2249/1886/1412
f 2249/1886/1412 2248/1888/1414 2241/1887/1413
f 2240/1883/1409 2251/1889/1415 2249/1886/1412
f 2232/1874/1400 2244/1890/1416 2242/1891/1417
f 2243/1873/1399 2235/1880/1406 2244/1890/1416
f 2979/1892/1418 2233/1876/1402 2980/1893/1419
f 2980/1893/1419 1515/1875/1401 2978/1894/1420
f 2290/1895/1421 2245/1896/1422 1517/1897/1423
f 2246/1898/1424 2247/1899/1425 2290/1895/1421
f 1517/1897/1423 2246/1898/1424 2290/1895/1421
f 2287/1900/1426 2247/1899/1425 2246/1898/1424
f 1515/1875/1401 2232/1874/1400 2287/1900/1426
f 2246/1898/1424 1515/1875/1401 2287/1900/1426
f 2247/1899/1425 2288/1901/1427 2286/1902/1428
f 2232/1874/1400 2288/1901/1427 2287/1900/1426
f 2290/1895/1421 2289/1903/1429 2245/1896/1422
f 2247/1899/1425 2291/1904/1430 2290/1895/1421
f 2299/1905/1431 2292/1906/1432 1519/1907/1433
f 2293/1908/1434 2294/1909/1435 2299/1905/1431
f 1519/1907/1433 2293/1908/1434 2299/1905/1431
f 2296/1910/1436 2294/1909/1435 2293/1908/1434
f 1517/1897/1423 2245/1896/1422 2296/1910/1436
f 2293/1908/1434 1517/1897/1423 2296/1910/1436
f 2296/1910/1436 2295/1911/1437 2294/1909/1435
f 2245/1896/1422 2297/1912/1438 2296/1910/1436
f 2299/1905/1431 2298/1913/1439 2292/1906/1432
f 2294/1909/1435 2300/1914/1440 2299/1905/1431
f 2308/1915/1441 2301/1916/1442 1521/1917/1443
f 2302/1918/1444 2303/1919/1445 2308/1915/1441
f 1521/1917/1443 2302/1918/1444 2308/1915/1441
f 2305/1920/1446 2303/1919/1445 2302/1918/1444
f 1519/1907/1433 2292/1906/1432 2305/1920/1446
f 2302/1918/1444 1519/1907/1433 2305/1920/1446
f 2305/1920/1446 2304/1921/1447 2303/1919/1445
f 2292/1906/1432 2306/1922/1448 2305/1920/1446
f 2301/1916/1442 2309/1923/1449 2307/1924/1450
f 2303/1919/1445 2309/1923/1449 2308/1915/1441
f 2976/1925/1451 2302/1918/1444 2977/1926/1452
f 2977/1926/1452 1521/1917/1443 2975/1927/1453
f 2317/1928/1454 2310/1929/1455 1523/1930/1456
f 2311/1931/1457 2312/1932/1458 2317/1928/1454
f 1523/1930/1456 2311/1931/1457 2317/1928/1454
f 2314/1933/1459 2312/1932/1458 2311/1931/1457
f 1521/1917/1443 2301/1916/1442 2314/1933/1459
f 2311/1931/1457 1521/1917/1443 2314/1933/1459
f 2314/1933/1459 2313/1934/1460 2312/1932/1458
f 2301/1916/1442 2315/1935/1461 2314/1933/1459
f 2317/1928/1454 2316/1936/1462 2310/1929/1455
f 2312/1932/1458 2318/1937/1463 2317/1928/1454
f 2326/1938/1464 2319/1939/1465 1525/1940/1466
f 2320/1941/1467 2321/1942/1468 2326/1938/1464
f 1525/1940/1466 2320/1941/1467 2326/1938/1464
f 2323/1943/1469 2321/1942/1468 2320/1941/1467
f 1523/1930/1456 2310/1929/1455 2323/1943/1469
f 2320/1941/1467 1523/1930/1456 2323/1943/1469
f 2323/1943/1469 2322/1944/1470 2321/1942/1468
f 2310/1929/1455 2324/1945/1471 2323/1943/1469
f 2326/1938/1464 2325/1946/1472 2319/1939/1465
f 2326/1938/1464 2322/1944/1470 2327/1947/1473
f 2335/1948/1474 2328/1949/1475 1527/1950/1476
f 2329/1951/1477 2330/1952/1478 2335/1948/1474
f 1527/1950/1476 2329/1951/1477 2335/1948/1474
f 2332/1953/1479 2330/1952/1478 2329/1951/1477
f 1525/1940/1466 2319/1939/1465 2332/1953/1479
f 2329/1951/1477 1525/1940/1466 2332/1953/1479
f 2332/1953/1479 2331/1954/1480 2330/1952/1478
f 2319/1939/1465 2333/1955/1481 2332/1953/1479
f 2335/1948/1474 2334/1956/1482 2328/1949/1475
f 2330/1952/1478 2336/1957/1483 2335/1948/1474
f 2973/1958/1484 2329/1951/1477 2974/1959/1485
f 2974/1959/1485 1527/1950/1476 2972/1960/1486
f 2344/1961/1487 2337/1962/1488 1529/1963/1489
f 2338/1964/1490 2339/1965/1491 2344/1961/1487
f 1529/1963/1489 2338/1964/1490 2344/1961/1487
f 2341/1966/1492 2339/1965/1491 2338/1964/1490
f 1527/1950/1476 2328/1949/1475 2341/1966/1492
f 2338/1964/1490 1527/1950/1476 2341/1966/1492
f 2341/1966/1492 2340/1967/1493 2339/1965/1491
f 2328/1949/1475 2342/1968/1494 2341/1966/1492
f 2344/1961/1487 2343/1969/1495 2337/1962/1488
f 2339/1965/1491 2345/1970/1496 2344/1961/1487
f 2353/1971/1497 2346/1972/1498 1531/1973/1499
f 2347/1974/1500 2348/1975/1501 2353/1971/1497
f 1531/1973/1499 2347/1974/1500 2353/1971/1497
f 2350/1976/1502 2348/1975/1501 2347/1974/1500
f 1529/1963/1489 2337/1962/1488 2350/1976/1502
f 2347/1974/1500 1529/1963/1489 2350/1976/1502
f 2350/1976/1502 2349/1977/1503 2348/1975/1501
f 2337/1962/1488 2351/1978/1504 2350/1976/1502
f 2353/1971/1497 2352/1979/1505 2346/1972/1498
f 2348/1975/1501 2354/1980/1506 2353/1971/1497
f 2362/1981/1507 2355/1982/1508 1533/1983/1509
f 2356/1984/1510 2357/1985/1511 2362/1981/1507
f 1533/1983/1509 2356/1984/1510 2362/1981/1507
f 2359/1986/1512 2357/1985/1511 2356/1984/1510
f 1531/1973/1499 2346/1972/1498 2359/1986/1512
f 2356/1984/1510 1531/1973/1499 2359/1986/1512
f 2359/1986/1512 2358/1987/1513 2357/1985/1511
f 2346/1972/1498 2360/1988/1514 2359/1986/1512
f 2362/1981/1507 2361/1989/1515 2355/1982/1508
f 2357/1985/1511 2363/1990/1516 2362/1981/1507
f 2371/1991/1517 2364/1992/1518 1536/1993/1519
f 2365/1994/1520 2366/1995/1521 2371/1991/1517
f 1536/1993/1519 2365/1994/1520 2371/1991/1517
f 2368/1996/1522 2366/1995/1521 2365/1994/1520
f 1533/1983/1509 2355/1982/1508 2368/1996/1522
f 2365/1994/1520 1533/1983/1509 2368/1996/1522
f 2368/1996/1522 2367/1997/1523 2366/1995/1521
f 2355/1982/1508 2369/1998/1524 2368/1996/1522
f 2387/1999/1525 2370/2000/1526 2364/1992/1518
f 2371/1991/1517 2372/2001/1527 2387/1999/1525
f 2364/1992/1518 2371/1991/1517 2387/1999/1525
f 2366/1995/1521 2372/2001/1527 2371/1991/1517
f 2394/2002/1528 2381/2003/1529 2370/2000/1526
f 2387/1999/1525 2389/2004/1530 2394/2002/1528
f 2370/2000/1526 2387/1999/1525 2394/2002/1528
f 2372/2001/1527 2389/2004/1530 2387/1999/1525
f 2401/2005/1531 2385/2006/1532 2381/2003/1529
f 2394/2002/1528 2396/2007/1533 2401/2005/1531
f 2381/2003/1529 2394/2002/1528 2401/2005/1531
f 2389/2004/1530 2396/2007/1533 2394/2002/1528
f 2408/2008/1534 2392/2009/1535 2385/2006/1532
f 2401/2005/1531 2403/2010/1536 2408/2008/1534
f 2385/2006/1532 2401/2005/1531 2408/2008/1534
f 2396/2007/1533 2403/2010/1536 2401/2005/1531
f 2415/2011/1537 2399/2012/1538 2392/2009/1535
f 2408/2008/1534 2410/2013/1539 2415/2011/1537
f 2392/2009/1535 2408/2008/1534 2415/2011/1537
f 2403/2010/1536 2410/2013/1539 2408/2008/1534
f 2422/2014/1540 2406/2015/1541 2399/2012/1538
f 2415/2011/1537 2417/2016/1542 2422/2014/1540
f 2399/2012/1538 2415/2011/1537 2422/2014/1540
f 2410/2013/1539 2417/2016/1542 2415/2011/1537
f 2429/2017/1541 2413/2018/1543 2406/2015/1541
f 2422/2014/1540 2424/2019/1544 2429/2017/1541
f 2406/2015/1541 2422/2014/1540 2429/2017/1541
f 2417/2016/1542 2424/2019/1544 2422/2014/1540
f 2436/2020/1545 2420/2021/1546 2413/2018/1543
f 2429/2017/1541 2431/2022/1547 2436/2020/1545
f 2413/2018/1543 2429/2017/1541 2436/2020/1545
f 2429/2017/1541 2430/2023/1548 2431/2022/1547
f 2436/2020/1545 2427/2024/1549 2420/2021/1546
f 2431/2022/1547 2438/2025/1550 2436/2020/1545
f 2461/2026/1551 2373/2027/1552 1538/2028/1553
f 2374/2029/1554 2375/2030/1555 2461/2026/1551
f 1538/2028/1553 2374/2029/1554 2461/2026/1551
f 2377/2031/1556 2375/2030/1555 2374/2029/1554
f 1536/1993/1519 2364/1992/1518 2377/2031/1556
f 2374/2029/1554 1536/1993/1519 2377/2031/1556
f 2377/2031/1556 2376/2032/1557 2375/2030/1555
f 2380/2033/1558 2378/2034/1559 2377/2031/1556
f 2364/1992/1518 2370/2000/1526 2380/2033/1558
f 2377/2031/1556 2364/1992/1518 2380/2033/1558
f 2380/2033/1558 2379/2035/1560 2378/2034/1559
f 2384/2036/1561 2382/2037/1562 2380/2033/1558
f 2370/2000/1526 2381/2003/1529 2384/2036/1561
f 2380/2033/1558 2370/2000/1526 2384/2036/1561
f 2384/2036/1561 2383/2038/1563 2382/2037/1562
f 2391/2039/1564 2386/2040/1565 2384/2036/1561
f 2381/2003/1529 2385/2006/1532 2391/2039/1564
f 2384/2036/1561 2381/2003/1529 2391/2039/1564
f 2391/2039/1564 2390/2041/1566 2386/2040/1565
f 2398/2042/1567 2393/2043/1568 2391/2039/1564
f 2385/2006/1532 2392/2009/1535 2398/2042/1567
f 2391/2039/1564 2385/2006/1532 2398/2042/1567
f 2398/2042/1567 2397/2044/1569 2393/2043/1568
f 2405/2045/1570 2400/2046/1571 2398/2042/1567
f 2392/2009/1535 2399/2012/1538 2405/2045/1570
f 2398/2042/1567 2392/2009/1535 2405/2045/1570
f 2400/2046/1571 2407/2047/1572 2404/2048/1573
f 2412/2049/1574 2407/2047/1572 2405/2045/1570
f 2399/2012/1538 2406/2015/1541 2412/2049/1574
f 2405/2045/1570 2399/2012/1538 2412/2049/1574
f 2412/2049/1574 2411/2050/1575 2407/2047/1572
f 2419/2051/1576 2414/2052/1577 2412/2049/1574
f 2406/2015/1541 2413/2018/1543 2419/2051/1576
f 2412/2049/1574 2406/2015/1541 2419/2051/1576
f 2419/2051/1576 2418/2053/1578 2414/2052/1577
f 2426/2054/1579 2421/2055/1580 2419/2051/1576
f 2413/2018/1543 2420/2021/1546 2426/2054/1579
f 2419/2051/1576 2413/2018/1543 2426/2054/1579
f 2426/2054/1579 2425/2056/1581 2421/2055/1580
f 2433/2057/1582 2428/2058/1583 2426/2054/1579
f 2420/2021/1546 2427/2024/1549 2433/2057/1582
f 2426/2054/1579 2420/2021/1546 2433/2057/1582
f 2428/2058/1583 2435/2059/1584 2432/2060/1585
f 2427/2024/1549 2435/2059/1584 2433/2057/1582
f 2461/2026/1551 2460/2061/1586 2373/2027/1552
f 2375/2030/1555 2462/2062/1587 2461/2026/1551
f 2469/2063/1588 2463/2064/1589 1540/2065/1590
f 1709/2066/1591 2464/2067/1592 2469/2063/1588
f 1540/2065/1590 1709/2066/1591 2469/2063/1588
f 2466/2068/1593 2464/2067/1592 1709/2066/1591
f 1538/2028/1553 2373/2027/1552 2466/2068/1593
f 1709/2066/1591 1538/2028/1553 2466/2068/1593
f 2466/2068/1593 2465/2069/1594 2464/2067/1592
f 2373/2027/1552 2467/2070/1595 2466/2068/1593
f 2469/2063/1588 2468/2071/1596 2463/2064/1589
f 2464/2067/1592 2470/2072/1597 2469/2063/1588
f 1708/2073/1598 1709/2066/1591 1710/2074/1599
f 1710/2074/1599 1540/2065/1590 1706/2075/1600
f 2477/2076/1601 2471/2077/1602 1542/2078/1603
f 1713/2079/1604 2472/2080/1605 2477/2076/1601
f 1542/2078/1603 1713/2079/1604 2477/2076/1601
f 2474/2081/1606 2472/2080/1605 1713/2079/1604
f 1540/2065/1590 2463/2064/1589 2474/2081/1606
f 1713/2079/1604 1540/2065/1590 2474/2081/1606
f 2474/2081/1606 2473/2082/1607 2472/2080/1605
f 2463/2064/1589 2475/2083/1608 2474/2081/1606
f 2477/2076/1601 2476/2084/1609 2471/2077/1602
f 2472/2080/1605 2478/2085/1610 2477/2076/1601
f 1706/2075/1600 1713/2079/1604 1714/2086/1611
f 1714/2086/1611 1542/2078/1603 1711/2087/1612
f 2485/2088/1613 2479/2089/1614 1544/2090/1615
f 1717/2091/1616 2480/2092/1617 2485/2088/1613
f 1544/2090/1615 1717/2091/1616 2485/2088/1613
f 2482/2093/1618 2480/2092/1617 1717/2091/1616
f 1542/2078/1603 2471/2077/1602 2482/2093/1618
f 1717/2091/1616 1542/2078/1603 2482/2093/1618
f 2482/2093/1618 2481/2094/1619 2480/2092/1617
f 2471/2077/1602 2483/2095/1620 2482/2093/1618
f 2485/2088/1613 2484/2096/1621 2479/2089/1614
f 2480/2092/1617 2486/2097/1622 2485/2088/1613
f 1711/2087/1612 1717/2091/1616 1718/2098/1623
f 1718/2098/1623 1544/2090/1615 1715/2099/1624
f 2493/2100/1625 2487/2101/1626 1546/2102/1627
f 1721/2103/1628 2488/2104/1629 2493/2100/1625
f 1546/2102/1627 1721/2103/1628 2493/2100/1625
f 2490/2105/1630 2488/2104/1629 1721/2103/1628
f 1544/2090/1615 2479/2089/1614 2490/2105/1630
f 1721/2103/1628 1544/2090/1615 2490/2105/1630
f 2490/2105/1630 2489/2106/1631 2488/2104/1629
f 2479/2089/1614 2491/2107/1632 2490/2105/1630
f 2493/2100/1625 2492/2108/1633 2487/2101/1626
f 2488/2104/1629 2494/2109/1634 2493/2100/1625
f 1715/2099/1624 1721/2103/1628 1722/2110/1635
f 1722/2110/1635 1546/2102/1627 1719/2111/1636
f 2501/2112/1637 2495/2113/1638 1548/2114/1639
f 1725/2115/1640 2496/2116/1641 2501/2112/1637
f 1548/2114/1639 1725/2115/1640 2501/2112/1637
f 2498/2117/1642 2496/2116/1641 1725/2115/1640
f 1546/2102/1627 2487/2101/1626 2498/2117/1642
f 1725/2115/1640 1546/2102/1627 2498/2117/1642
f 2498/2117/1642 2497/2118/1643 2496/2116/1641
f 2487/2101/1626 2499/2119/1644 2498/2117/1642
f 2501/2112/1637 2500/2120/1645 2495/2113/1638
f 2496/2116/1641 2502/2121/1646 2501/2112/1637
f 1719/2111/1636 1725/2115/1640 1726/2122/1647
f 1726/2122/1647 1548/2114/1639 1723/2123/1648
f 2509/2124/1649 2503/2125/1650 1550/2126/1651
f 1729/2127/1652 2504/2128/1653 2509/2124/1649
f 1550/2126/1651 1729/2127/1652 2509/2124/1649
f 2506/2129/1654 2504/2128/1653 1729/2127/1652
f 1548/2114/1639 2495/2113/1638 2506/2129/1654
f 1729/2127/1652 1548/2114/1639 2506/2129/1654
f 2506/2129/1654 2505/2130/1655 2504/2128/1653
f 2495/2113/1638 2507/2131/1656 2506/2129/1654
f 2509/2124/1649 2508/2132/1657 2503/2125/1650
f 2504/2128/1653 2510/2133/1658 2509/2124/1649
f 1723/2123/1648 1729/2127/1652 1730/2134/1659
f 1727/2135/1660 1729/2127/1652 1550/2126/1651
f 1733/2136/1661 2511/2137/1662 1552/2138/1663
f 2514/2139/1664 2512/2140/1665 1733/2136/1661
f 1550/2126/1651 2503/2125/1650 2514/2139/1664
f 1733/2136/1661 1550/2126/1651 2514/2139/1664
f 2514/2139/1664 2513/2141/1666 2512/2140/1665
f 2503/2125/1650 2515/2142/1667 2514/2139/1664
f 1727/2135/1660 1733/2136/1661 1734/2143/1668
f 1734/2143/1668 1552/2138/1663 1731/2144/1669
f 2534/2145/1670 2527/2146/1671 1554/2147/1672
f 1737/2148/1673 2528/2149/1674 2534/2145/1670
f 1554/2147/1672 1737/2148/1673 2534/2145/1670
f 2530/2150/1675 2528/2149/1674 1737/2148/1673
f 1552/2138/1663 2511/2137/1662 2530/2150/1675
f 1737/2148/1673 1552/2138/1663 2530/2150/1675
f 2530/2150/1675 2529/2151/1676 2528/2149/1674
f 2511/2137/1662 2532/2152/1677 2530/2150/1675
f 2534/2145/1670 2533/2153/1678 2527/2146/1671
f 2528/2149/1674 2535/2154/1679 2534/2145/1670
f 1731/2144/1669 1737/2148/1673 1738/2155/1680
f 1738/2155/1680 1554/2147/1672 1735/2156/1681
f 2542/2157/1682 2536/2158/1683 1556/2159/1684
f 1741/2160/1685 2537/2161/1686 2542/2157/1682
f 1556/2159/1684 1741/2160/1685 2542/2157/1682
f 2539/2162/1687 2537/2161/1686 1741/2160/1685
f 1554/2147/1672 2527/2146/1671 2539/2162/1687
f 1741/2160/1685 1554/2147/1672 2539/2162/1687
f 2539/2162/1687 2538/2163/1688 2537/2161/1686
f 2527/2146/1671 2540/2164/1689 2539/2162/1687
f 2542/2157/1682 2541/2165/1690 2536/2158/1683
f 2537/2161/1686 2543/2166/1691 2542/2157/1682
f 1735/2156/1681 1741/2160/1685 1742/2167/1692
f 1742/2167/1692 1556/2159/1684 1739/2168/1693
f 2550/2169/1694 2544/2170/1695 1558/2171/1696
f 1745/2172/1697 2545/2173/1698 2550/2169/1694
f 1558/2171/1696 1745/2172/1697 2550/2169/1694
f 2547/2174/1699 2545/2173/1698 1745/2172/1697
f 1556/2159/1684 2536/2158/1683 2547/2174/1699
f 1745/2172/1697 1556/2159/1684 2547/2174/1699
f 2547/2174/1699 2546/2175/1700 2545/2173/1698
f 2547/2174/1699 2541/2165/1690 2548/2176/1701
f 2555/2177/1702 2549/2178/1703 2544/2170/1695
f 2550/2169/1694 2551/2179/1704 2555/2177/1702
f 2544/2170/1695 2550/2169/1694 2555/2177/1702
f 2565/2180/1705 2551/2179/1704 2550/2169/1694
f 2545/2173/1698 2546/2175/1700 2565/2180/1705
f 2550/2169/1694 2545/2173/1698 2565/2180/1705
f 2565/2180/1705 2556/2181/1706 2551/2179/1704
f 2565/2180/1705 2566/2182/1707 2567/2183/1708
f 2555/2177/1702 2554/2184/1709 2549/2178/1703
f 2562/2185/1710 2557/2186/1711 2555/2177/1702
f 2551/2179/1704 2556/2181/1706 2562/2185/1710
f 2555/2177/1702 2551/2179/1704 2562/2185/1710
f 2562/2185/1710 2561/2187/1712 2557/2186/1711
f 2556/2181/1706 2564/2188/1713 2562/2185/1710
f 1739/2168/1693 1745/2172/1697 1746/2189/1714
f 1746/2189/1714 1558/2171/1696 1743/2190/1715
f 2601/2191/1716 2552/2192/1717 1560/2193/1718
f 1749/2194/1719 2553/2195/1720 2601/2191/1716
f 1560/2193/1718 1749/2194/1719 2601/2191/1716
f 2559/2196/1721 2553/2195/1720 1749/2194/1719
f 1558/2171/1696 2544/2170/1695 2559/2196/1721
f 1749/2194/1719 1558/2171/1696 2559/2196/1721
f 2559/2196/1721 2558/2197/1722 2553/2195/1720
f 2544/2170/1695 2560/2198/1723 2559/2196/1721
f 2601/2191/1716 2600/2199/1724 2552/2192/1717
f 2553/2195/1720 2602/2200/1725 2601/2191/1716
f 1743/2190/1715 1749/2194/1719 1750/2201/1726
f 1750/2201/1726 1560/2193/1718 1747/2202/1727
f 2609/2203/1728 2603/2204/1729 1562/2205/1730
f 1753/2206/1731 2604/2207/1732 2609/2203/1728
f 1562/2205/1730 1753/2206/1731 2609/2203/1728
f 2606/2208/1733 2604/2207/1732 1753/2206/1731
f 1560/2193/1718 2552/2192/1717 2606/2208/1733
f 1753/2206/1731 1560/2193/1718 2606/2208/1733
f 2606/2208/1733 2605/2209/1734 2604/2207/1732
f 2552/2192/1717 2607/2210/1735 2606/2208/1733
f 2603/2204/1729 2610/2211/1736 2608/2212/1737
f 2609/2203/1728 2605/2209/1734 2610/2211/1736
f 1747/2202/1727 1753/2206/1731 1754/2213/1738
f 1754/2213/1738 1562/2205/1730 1751/2214/1739
f 2617/2215/1740 2611/2216/1741 1564/2217/1742
f 1757/2218/1743 2612/2219/1744 2617/2215/1740
f 1564/2217/1742 1757/2218/1743 2617/2215/1740
f 2614/2220/1745 2612/2219/1744 1757/2218/1743
f 1562/2205/1730 2603/2204/1729 2614/2220/1745
f 1757/2218/1743 1562/2205/1730 2614/2220/1745
f 2612/2219/1744 2615/2221/1746 2613/2222/1747
f 2614/2220/1745 2608/2212/1737 2615/2221/1746
f 2611/2216/1741 2618/2223/1748 2616/2224/1749
f 2617/2215/1740 2613/2222/1747 2618/2223/1748
f 1751/2214/1739 1757/2218/1743 1758/2225/1750
f 1758/2225/1750 1564/2217/1742 1755/2226/1751
f 2625/2227/1752 2619/2228/1753 1566/2229/1754
f 1761/2230/1755 2620/2231/1756 2625/2227/1752
f 1566/2229/1754 1761/2230/1755 2625/2227/1752
f 2622/2232/1757 2620/2231/1756 1761/2230/1755
f 1564/2217/1742 2611/2216/1741 2622/2232/1757
f 1761/2230/1755 1564/2217/1742 2622/2232/1757
f 2620/2231/1756 2623/2233/1758 2621/2234/1759
f 2622/2232/1757 2616/2224/1749 2623/2233/1758
f 2619/2228/1753 2626/2235/1760 2624/2236/1761
f 2625/2227/1752 2621/2234/1759 2626/2235/1760
f 1755/2226/1751 1761/2230/1755 1762/2237/1762
f 1762/2237/1762 1566/2229/1754 1759/2238/1763
f 2633/2239/1764 2627/2240/1765 1568/2241/1766
f 1765/2242/1767 2628/2243/1768 2633/2239/1764
f 1568/2241/1766 1765/2242/1767 2633/2239/1764
f 2630/2244/1769 2628/2243/1768 1765/2242/1767
f 1566/2229/1754 2619/2228/1753 2630/2244/1769
f 1765/2242/1767 1566/2229/1754 2630/2244/1769
f 2628/2243/1768 2631/2245/1770 2629/2246/1771
f 2630/2244/1769 2624/2236/1761 2631/2245/1770
f 2627/2240/1765 2634/2247/1772 2632/2248/1773
f 2633/2239/1764 2629/2246/1771 2634/2247/1772
f 1759/2238/1763 1765/2242/1767 1766/2249/1774
f 1766/2249/1774 1568/2241/1766 1763/2250/1775
f 2641/2251/1776 2635/2252/1777 1570/2253/1778
f 1769/2254/1779 2636/2255/1780 2641/2251/1776
f 1570/2253/1778 1769/2254/1779 2641/2251/1776
f 2638/2256/1781 2636/2255/1780 1769/2254/1779
f 1568/2241/1766 2627/2240/1765 2638/2256/1781
f 1769/2254/1779 1568/2241/1766 2638/2256/1781
f 2636/2255/1780 2639/2257/1782 2637/2258/1783
f 2638/2256/1781 2632/2248/1773 2639/2257/1782
f 2635/2252/1777 2642/2259/1784 2640/2260/1785
f 2641/2251/1776 2637/2258/1783 2642/2259/1784
f 1763/2250/1775 1769/2254/1779 1770/2261/1786
f 1770/2261/1786 1570/2253/1778 1767/2262/1787
f 2649/2263/1788 2643/2264/1789 1572/2265/1790
f 1773/2266/1791 2644/2267/1792 2649/2263/1788
f 1572/2265/1790 1773/2266/1791 2649/2263/1788
f 2646/2268/1793 2644/2267/1792 1773/2266/1791
f 1570/2253/1778 2635/2252/1777 2646/2268/1793
f 1773/2266/1791 1570/2253/1778 2646/2268/1793
f 2644/2267/1792 2647/2269/1794 2645/2270/1795
f 2646/2268/1793 2640/2260/1785 2647/2269/1794
f 2643/2264/1789 2650/2271/1796 2648/2272/1797
f 2649/2263/1788 2645/2270/1795 2650/2271/1796
f 1767/2262/1787 1773/2266/1791 1774/2273/1798
f 1774/2273/1798 1572/2265/1790 1771/2274/1799
f 2657/2275/1800 2651/2276/1801 1574/2277/1802
f 1777/2278/1803 2652/2279/1804 2657/2275/1800
f 1574/2277/1802 1777/2278/1803 2657/2275/1800
f 2654/2280/1805 2652/2279/1804 1777/2278/1803
f 1572/2265/1790 2643/2264/1789 2654/2280/1805
f 1777/2278/1803 1572/2265/1790 2654/2280/1805
f 2652/2279/1804 2655/2281/1806 2653/2282/1807
f 2654/2280/1805 2648/2272/1797 2655/2281/1806
f 2651/2276/1801 2658/2283/1808 2656/2284/1809
f 2657/2275/1800 2653/2282/1807 2658/2283/1808
f 1771/2274/1799 1777/2278/1803 1778/2285/1810
f 1778/2285/1810 1574/2277/1802 1775/2286/1811
f 2665/2287/1812 2659/2288/1813 1576/2289/1814
f 1781/2290/1815 2660/2291/1816 2665/2287/1812
f 1576/2289/1814 1781/2290/1815 2665/2287/1812
f 2662/2292/1817 2660/2291/1816 1781/2290/1815
f 1574/2277/1802 2651/2276/1801 2662/2292/1817
f 1781/2290/1815 1574/2277/1802 2662/2292/1817
f 2660/2291/1816 2663/2293/1818 2661/2294/1819
f 2662/2292/1817 2656/2284/1809 2663/2293/1818
f 2659/2288/1813 2666/2295/1820 2664/2296/1821
f 2665/2287/1812 2661/2294/1819 2666/2295/1820
f 1775/2286/1811 1781/2290/1815 1782/2297/1822
f 1782/2297/1822 1576/2289/1814 1779/2298/1823
f 2673/2299/1824 2667/2300/1825 1578/2301/1826
f 1785/2302/1827 2668/2303/1828 2673/2299/1824
f 1578/2301/1826 1785/2302/1827 2673/2299/1824
f 2670/2304/1829 2668/2303/1828 1785/2302/1827
f 1576/2289/1814 2659/2288/1813 2670/2304/1829
f 1785/2302/1827 1576/2289/1814 2670/2304/1829
f 2668/2303/1828 2671/2305/1830 2669/2306/1831
f 2670/2304/1829 2664/2296/1821 2671/2305/1830
f 2667/2300/1825 2674/2307/1832 2672/2308/1833
f 2673/2299/1824 2669/2306/1831 2674/2307/1832
f 1779/2298/1823 1785/2302/1827 1786/2309/1834
f 1786/2309/1834 1578/2301/1826 1783/2310/1835
f 2686/2311/1836 2675/2312/1837 1580/2313/1838
f 2676/2314/1839 2677/2315/1840 2686/2311/1836
f 1580/2313/1838 2676/2314/1839 2686/2311/1836
f 2679/2316/1841 2677/2315/1840 2676/2314/1839
f 1578/2301/1826 2667/2300/1825 2679/2316/1841
f 2676/2314/1839 1578/2301/1826 2679/2316/1841
f 2682/2317/1842 2678/2318/1843 2677/2315/1840
f 2679/2316/1841 2680/2319/1844 2682/2317/1842
f 2677/2315/1840 2679/2316/1841 2682/2317/1842
f 2667/2300/1825 2680/2319/1844 2679/2316/1841
f 2678/2318/1843 2684/2320/1845 2681/2321/1846
f 2680/2319/1844 2684/2320/1845 2682/2317/1842
f 2675/2312/1837 2687/2322/1847 2685/2323/1848
f 2692/2324/1849 2687/2322/1847 2686/2311/1836
f 2677/2315/1840 2678/2318/1843 2692/2324/1849
f 2686/2311/1836 2677/2315/1840 2692/2324/1849
f 2687/2322/1847 2693/2325/1850 2691/2326/1851
f 2692/2324/1849 2681/2321/1846 2693/2325/1850
f 1783/2310/1835 2676/2314/1839 2971/2327/1852
f 2971/2327/1852 1580/2313/1838 2970/2328/1853
f 2730/2329/1854 2688/2330/1855 1582/2331/1856
f 2689/2332/1857 2690/2333/1858 2730/2329/1854
f 1582/2331/1856 2689/2332/1857 2730/2329/1854
f 2727/2334/1859 2690/2333/1858 2689/2332/1857
f 1580/2313/1838 2675/2312/1837 2727/2334/1859
f 2689/2332/1857 1580/2313/1838 2727/2334/1859
f 2690/2333/1858 2728/2335/1860 2726/2336/1861
f 2727/2334/1859 2685/2323/1848 2728/2335/1860
f 2688/2330/1855 2731/2337/1862 2729/2338/1863
f 2730/2329/1854 2726/2336/1861 2731/2337/1862
f 2739/2339/1864 2732/2340/1865 1584/2341/1866
f 2733/2342/1867 2734/2343/1868 2739/2339/1864
f 1584/2341/1866 2733/2342/1867 2739/2339/1864
f 2736/2344/1869 2734/2343/1868 2733/2342/1867
f 1582/2331/1856 2688/2330/1855 2736/2344/1869
f 2733/2342/1867 1582/2331/1856 2736/2344/1869
f 2734/2343/1868 2737/2345/1870 2735/2346/1871
f 2736/2344/1869 2729/2338/1863 2737/2345/1870
f 2732/2340/1865 2740/2347/1872 2738/2348/1873
f 2739/2339/1864 2735/2346/1871 2740/2347/1872
f 2748/2349/1874 2741/2350/1875 1586/2351/1876
f 2742/2352/1877 2743/2353/1878 2748/2349/1874
f 1586/2351/1876 2742/2352/1877 2748/2349/1874
f 2745/2354/1879 2743/2353/1878 2742/2352/1877
f 1584/2341/1866 2732/2340/1865 2745/2354/1879
f 2742/2352/1877 1584/2341/1866 2745/2354/1879
f 2743/2353/1878 2746/2355/1880 2744/2356/1881
f 2745/2354/1879 2738/2348/1873 2746/2355/1880
f 2741/2350/1875 2749/2357/1882 2747/2358/1883
f 2748/2349/1874 2744/2356/1881 2749/2357/1882
f 2757/2359/1884 2750/2360/1885 1588/2361/1886
f 2751/2362/1887 2752/2363/1888 2757/2359/1884
f 1588/2361/1886 2751/2362/1887 2757/2359/1884
f 2754/2364/1889 2752/2363/1888 2751/2362/1887
f 1586/2351/1876 2741/2350/1875 2754/2364/1889
f 2751/2362/1887 1586/2351/1876 2754/2364/1889
f 2752/2363/1888 2755/2365/1890 2753/2366/1891
f 2754/2364/1889 2747/2358/1883 2755/2365/1890
f 2750/2360/1885 2758/2367/1892 2756/2368/1893
f 2757/2359/1884 2753/2366/1891 2758/2367/1892
f 2766/2369/1894 2759/2370/1895 1590/2371/1896
f 2760/2372/1897 2761/2373/1898 2766/2369/1894
f 1590/2371/1896 2760/2372/1897 2766/2369/1894
f 2763/2374/1899 2761/2373/1898 2760/2372/1897
f 1588/2361/1886 2750/2360/1885 2763/2374/1899
f 2760/2372/1897 1588/2361/1886 2763/2374/1899
f 2761/2373/1898 2764/2375/1900 2762/2376/1901
f 2763/2374/1899 2756/2368/1893 2764/2375/1900
f 2766/2369/1894 2765/2377/1902 2759/2370/1895
f 2766/2369/1894 2762/2376/1901 2767/2378/1903
f 2775/2379/1904 2768/2380/1905 1592/2381/1906
f 2769/2382/1907 2770/2383/1908 2775/2379/1904
f 1592/2381/1906 2769/2382/1907 2775/2379/1904
f 2772/2384/1909 2770/2383/1908 2769/2382/1907
f 1590/2371/1896 2759/2370/1895 2772/2384/1909
f 2769/2382/1907 1590/2371/1896 2772/2384/1909
f 2770/2383/1908 2773/2385/1910 2771/2386/1911
f 2772/2384/1909 2765/2377/1902 2773/2385/1910
f 2768/2380/1905 2776/2387/1912 2774/2388/1913
f 2775/2379/1904 2771/2386/1911 2776/2387/1912
f 2784/2389/1914 2777/2390/1915 1594/2391/1916
f 2778/2392/1917 2779/2393/1918 2784/2389/1914
f 1594/2391/1916 2778/2392/1917 2784/2389/1914
f 2781/2394/1919 2779/2393/1918 2778/2392/1917
f 1592/2381/1906 2768/2380/1905 2781/2394/1919
f 2778/2392/1917 1592/2381/1906 2781/2394/1919
f 2779/2393/1918 2782/2395/1920 2780/2396/1921
f 2781/2394/1919 2774/2388/1913 2782/2395/1920
f 2777/2390/1915 2785/2397/1922 2783/2398/1923
f 2784/2389/1914 2780/2396/1921 2785/2397/1922
f 2793/2399/1924 2786/2400/1925 1596/2401/1926
f 2787/2402/1927 2788/2403/1928 2793/2399/1924
f 1596/2401/1926 2787/2402/1927 2793/2399/1924
f 2790/2404/1929 2788/2403/1928 2787/2402/1927
f 1594/2391/1916 2777/2390/1915 2790/2404/1929
f 2787/2402/1927 1594/2391/1916 2790/2404/1929
f 2788/2403/1928 2791/2405/1930 2789/2406/1931
f 2790/2404/1929 2783/2398/1923 2791/2405/1930
f 2786/2400/1925 2794/2407/1932 2792/2408/1933
f 2793/2399/1924 2789/2406/1931 2794/2407/1932
f 2968/2409/1934 2787/2402/1927 2969/2410/1935
f 2967/2411/1936 2787/2402/1927 1596/2401/1926
f 2802/2412/1937 2795/2413/1938 1598/2414/1939
f 2796/2415/1940 2797/2416/1941 2802/2412/1937
f 1598/2414/1939 2796/2415/1940 2802/2412/1937
f 2799/2417/1942 2797/2416/1941 2796/2415/1940
f 1596/2401/1926 2786/2400/1925 2799/2417/1942
f 2796/2415/1940 1596/2401/1926 2799/2417/1942
f 2797/2416/1941 2800/2418/1943 2798/2419/1944
f 2799/2417/1942 2792/2408/1933 2800/2418/1943
f 2802/2412/1937 2801/2420/1945 2795/2413/1938
f 2802/2412/1937 2798/2419/1944 2803/2421/1946
f 2811/2422/1947 2804/2423/1948 1600/2424/1949
f 2805/2425/1950 2806/2426/1951 2811/2422/1947
f 1600/2424/1949 2805/2425/1950 2811/2422/1947
f 2808/2427/1952 2806/2426/1951 2805/2425/1950
f 1598/2414/1939 2795/2413/1938 2808/2427/1952
f 2805/2425/1950 1598/2414/1939 2808/2427/1952
f 2808/2427/1952 2807/2428/1953 2806/2426/1951
f 2795/2413/1938 2809/2429/1954 2808/2427/1952
f 2811/2422/1947 2810/2430/1955 2804/2423/1948
f 2806/2426/1951 2812/2431/1956 2811/2422/1947
f 2824/2432/1957 2813/2433/1958 1602/2434/1959
f 2814/2435/1960 2815/2436/1961 2824/2432/1957
f 1602/2434/1959 2814/2435/1960 2824/2432/1957
f 2817/2437/1962 2815/2436/1961 2814/2435/1960
f 1600/2424/1949 2804/2423/1948 2817/2437/1962
f 2814/2435/1960 1600/2424/1949 2817/2437/1962
f 2820/2438/1963 2816/2439/1964 2815/2436/1961
f 2817/2437/1962 2818/2440/1965 2820/2438/1963
f 2815/2436/1961 2817/2437/1962 2820/2438/1963
f 2833/2441/1966 2818/2440/1965 2817/2437/1962
f 2804/2423/1948 2810/2430/1955 2833/2441/1966
f 2817/2437/1962 2804/2423/1948 2833/2441/1966
f 2833/2441/1966 2821/2442/1967 2818/2440/1965
f 2810/2430/1955 2835/2443/1968 2833/2441/1966
f 2816/2439/1964 2822/2444/1969 2819/2445/1970
f 2830/2446/1971 2822/2444/1969 2820/2438/1963
f 2818/2440/1965 2821/2442/1967 2830/2446/1971
f 2820/2438/1963 2818/2440/1965 2830/2446/1971
f 2830/2446/1971 2829/2447/1972 2822/2444/1969
f 2821/2442/1967 2832/2448/1973 2830/2446/1971
f 2813/2433/1958 2825/2449/1974 2823/2450/1975
f 2824/2432/1957 2816/2439/1964 2825/2449/1974
f 2965/2451/1976 2814/2435/1960 2966/2452/1977
f 2966/2452/1977 1602/2434/1959 2964/2453/1978
f 2873/2454/1979 2826/2455/1980 1604/2456/1981
f 2827/2457/1982 2828/2458/1983 2873/2454/1979
f 1604/2456/1981 2827/2457/1982 2873/2454/1979
f 2870/2459/1984 2828/2458/1983 2827/2457/1982
f 1602/2434/1959 2813/2433/1958 2870/2459/1984
f 2827/2457/1982 1602/2434/1959 2870/2459/1984
f 2828/2458/1983 2871/2460/1985 2869/2461/1986
f 2870/2459/1984 2823/2450/1975 2871/2460/1985
f 2873/2454/1979 2872/2462/1987 2826/2455/1980
f 2828/2458/1983 2874/2463/1988 2873/2454/1979
f 2882/2464/1989 2875/2465/1990 1606/2466/1991
f 2876/2467/1992 2877/2468/1993 2882/2464/1989
f 1606/2466/1991 2876/2467/1992 2882/2464/1989
f 2879/2469/1994 2877/2468/1993 2876/2467/1992
f 1604/2456/1981 2826/2455/1980 2879/2469/1994
f 2876/2467/1992 1604/2456/1981 2879/2469/1994
f 2879/2469/1994 2878/2470/1995 2877/2468/1993
f 2826/2455/1980 2880/2471/1996 2879/2469/1994
f 2882/2464/1989 2881/2472/1997 2875/2465/1990
f 2877/2468/1993 2883/2473/1998 2882/2464/1989
f 2891/2474/1999 2884/2475/2000 1608/2476/2001
f 2885/2477/2002 2886/2478/2003 2891/2474/1999
f 1608/2476/2001 2885/2477/2002 2891/2474/1999
f 2888/2479/2004 2886/2478/2003 2885/2477/2002
f 1606/2466/1991 2875/2465/1990 2888/2479/2004
f 2885/2477/2002 1606/2466/1991 2888/2479/2004
f 2888/2479/2004 2887/2480/2005 2886/2478/2003
f 2875/2465/1990 2889/2481/2006 2888/2479/2004
f 2891/2474/1999 2890/2482/2007 2884/2475/2000
f 2886/2478/2003 2892/2483/2008 2891/2474/1999
f 2962/2484/2009 2885/2477/2002 2963/2485/2010
f 2963/2485/2010 1608/2476/2001 2961/2486/2011
f 2900/2487/2012 2893/2488/2013 1610/2489/2014
f 2894/2490/2015 2895/2491/2016 2900/2487/2012
f 1610/2489/2014 2894/2490/2015 2900/2487/2012
f 2897/2492/2017 2895/2491/2016 2894/2490/2015
f 1608/2476/2001 2884/2475/2000 2897/2492/2017
f 2894/2490/2015 1608/2476/2001 2897/2492/2017
f 2897/2492/2017 2896/2493/2018 2895/2491/2016
f 2884/2475/2000 2898/2494/2019 2897/2492/2017
f 2900/2487/2012 2899/2495/2020 2893/2488/2013
f 2895/2491/2016 2901/2496/2021 2900/2487/2012
f 2909/2497/2022 2902/2498/2023 1612/2499/2024
f 2903/2500/2025 2904/2501/2026 2909/2497/2022
f 1612/2499/2024 2903/2500/2025 2909/2497/2022
f 2906/2502/2027 2904/2501/2026 2903/2500/2025
f 1610/2489/2014 2893/2488/2013 2906/2502/2027
f 2903/2500/2025 1610/2489/2014 2906/2502/2027
f 2906/2502/2027 2905/2503/2028 2904/2501/2026
f 2893/2488/2013 2907/2504/2029 2906/2502/2027
f 2902/2498/2023 2910/2505/2030 2908/2506/2031
f 2904/2501/2026 2910/2505/2030 2909/2497/2022
f 2918/2507/2032 2911/2508/2033 1614/2509/2034
f 2912/2510/2035 2913/2511/2036 2918/2507/2032
f 1614/2509/2034 2912/2510/2035 2918/2507/2032
f 2915/2512/2037 2913/2511/2036 2912/2510/2035
f 1612/2499/2024 2902/2498/2023 2915/2512/2037
f 2912/2510/2035 1612/2499/2024 2915/2512/2037
f 2915/2512/2037 2914/2513/2038 2913/2511/2036
f 2902/2498/2023 2916/2514/2039 2915/2512/2037
f 2918/2507/2032 2917/2515/2040 2911/2508/2033
f 2913/2511/2036 2919/2516/2041 2918/2507/2032
f 2959/2517/2042 2912/2510/2035 2960/2518/2043
f 2960/2518/2043 1614/2509/2034 2958/2519/2044
f 2927/2520/2045 2920/2521/2046 1616/2522/2047
f 2921/2523/2048 2922/2524/2049 2927/2520/2045
f 1616/2522/2047 2921/2523/2048 2927/2520/2045
f 2924/2525/2050 2922/2524/2049 2921/2523/2048
f 1614/2509/2034 2911/2508/2033 2924/2525/2050
f 2921/2523/2048 1614/2509/2034 2924/2525/2050
f 2924/2525/2050 2923/2526/2051 2922/2524/2049
f 2911/2508/2033 2925/2527/2052 2924/2525/2050
f 2927/2520/2045 2926/2528/2053 2920/2521/2046
f 2922/2524/2049 2928/2529/2054 2927/2520/2045
f 2936/2530/2055 2929/2531/2056 1618/2532/2057
f 2930/2533/2058 2931/2534/2059 2936/2530/2055
f 1618/2532/2057 2930/2533/2058 2936/2530/2055
f 2933/2535/2060 2931/2534/2059 2930/2533/2058
f 1616/2522/2047 2920/2521/2046 2933/2535/2060
f 2930/2533/2058 1616/2522/2047 2933/2535/2060
f 2933/2535/2060 2932/2536/2061 2931/2534/2059
f 2920/2521/2046 2934/2537/2062 2933/2535/2060
f 2936/2530/2055 2935/2538/2063 2929/2531/2056
f 2931/2534/2059 2937/2539/2064 2936/2530/2055
f 2944/2540/2065 1831/2541/2066 1620/2542/2067
f 2938/2543/2068 2939/2544/2069 2944/2540/2065
f 1620/2542/2067 2938/2543/2068 2944/2540/2065
f 2941/2545/2070 2939/2544/2069 2938/2543/2068
f 1618/2532/2057 2929/2531/2056 2941/2545/2070
f 2938/2543/2068 1618/2532/2057 2941/2545/2070
f 2941/2545/2070 2940/2546/2071 2939/2544/2069
f 2929/2531/2056 2942/2547/2072 2941/2545/2070
f 2944/2540/2065 2943/2548/2073 1831/2541/2066
f 2939/2544/2069 2945/2549/2074 2944/2540/2065
f 1838/2550/2075 1829/2551/976 1623/2552/2076
f 1830/2553/2077 1832/2554/2078 1838/2550/2075
f 1623/2552/2076 1830/2553/2077 1838/2550/2075
f 2946/2555/2079 1832/2554/2078 1830/2553/2077
f 1620/2542/2067 1831/2541/2066 2946/2555/2079
f 1830/2553/2077 1620/2542/2067 2946/2555/2079
f 2946/2555/2079 1839/2556/2080 1832/2554/2078
f 1831/2541/2066 2947/2557/2081 2946/2555/2079
f 1846/2558/2082 1837/2559/2083 1829/2551/976
f 1838/2550/2075 1840/2560/2084 1846/2558/2082
f 1829/2551/976 1838/2550/2075 1846/2558/2082
f 2948/2561/2085 1840/2560/2084 1838/2550/2075
f 1832/2554/2078 1839/2556/2080 2948/2561/2085
f 1838/2550/2075 1832/2554/2078 2948/2561/2085
f 2948/2561/2085 1847/2562/2086 1840/2560/2084
f 1839/2556/2080 2950/2563/2087 2948/2561/2085
f 2956/2564/2088 1845/2565/984 1837/2559/2083
f 1846/2558/2082 1848/2566/2089 2956/2564/2088
f 1837/2559/2083 1846/2558/2082 2956/2564/2088
f 2952/2567/2090 1848/2566/2089 1846/2558/2082
f 1840/2560/2084 1847/2562/2086 2952/2567/2090
f 1846/2558/2082 1840/2560/2084 2952/2567/2090
f 2952/2567/2090 2951/2568/2091 1848/2566/2089
f 1847/2562/2086 2954/2569/2092 2952/2567/2090
f 2956/2564/2088 2955/2570/2093 1845/2565/984
f 1848/2566/2089 2957/2571/2094 2956/2564/2088
f 1448/2572/2095 1844/1461/987 1843/1460/986
f 1825/1451/977 1833/1456/982 1788/2573/2096
f 1841/1459/985 1787/2574/2097 1788/2573/2096
f 1789/2575/2098 1849/1462/988 1851/1463/989
f 1792/2576/2099 1854/1470/996 1791/2577/2100
f 1790/2578/926 1856/1471/997 1849/1462/988
f 1789/2575/2098 1825/1451/977 1788/2573/2096
f 1793/2579/2101 1864/1484/1010 1857/1472/998
f 1796/2580/2102 1867/1486/1012 1795/2581/2103
f 1795/2581/2103 1862/1483/1009 1794/2582/2104
f 1798/2583/2105 1870/1495/1021 1797/2584/2106
f 1799/2585/2107 1880/1508/1034 1873/1497/1023
f 1799/2585/2107 1875/1498/1024 1798/2583/2105
f 1796/2580/2102 1872/1496/1022 1865/1485/1011
f 1793/2579/2101 1859/1473/999 1792/2576/2099
f 1801/2586/2108 1878/1507/1033 1800/2587/2109
f 1802/2588/2110 1883/1510/1036 1801/2586/2108
f 1802/2588/2110 1888/1520/1046 1881/1509/1035
f 1841/1459/985 1844/1461/987 1787/2574/2097
f 1841/1459/985 1833/1456/982 1836/1455/981
f 1841/1459/985 1788/2573/2096 1833/1456/982
f 1804/2589/2111 1886/1519/1045 1803/2590/2112
f 1804/2589/2111 1889/1521/1047 1891/1522/1048
f 1807/2591/2113 1894/1531/1057 1806/2592/2114
f 1805/2593/2115 1896/1532/1058 1889/1521/1047
f 1808/2594/2116 1904/1544/1070 1897/1533/1059
f 1810/2595/2117 1905/1545/1071 1907/1546/1072
f 1810/2595/2117 1902/1543/1069 1809/2596/2118
f 1807/2591/2113 1897/1533/1059 1899/1534/1060
f 1811/2597/2119 1912/1556/1082 1905/1545/1071
f 1813/2598/2120 1913/1557/1083 1915/1558/1084
f 1816/2599/2121 1918/1567/1093 1815/2600/2122
f 1814/2601/2123 1920/1568/1094 1913/1557/1083
f 1817/2602/2124 1928/1579/1105 1921/1570/1096
f 1819/2603/2125 1950/1595/1121 1938/1590/1116
f 1940/1591/1117 1818/2604/2126 1819/2603/2125
f 1816/2599/2121 1921/1570/1096 1923/1569/1095
f 1947/1605/1131 1942/1593/1119 1951/2605/2127
f 1953/2606/2128 1945/1606/1132 1952/2607/2129
f 1952/2607/2129 1947/1605/1131 1951/2605/2127
f 1955/2608/2130 1970/1617/1143 1954/2609/2131
f 1956/2610/2132 1971/1620/1146 1973/1619/1145
f 1956/2610/2132 1968/1618/1144 1955/2608/2130
f 1953/2606/2128 1963/1608/1134 1965/1607/1133
f 1948/1596/1122 1820/2611/2133 1951/2605/2127
f 1941/1589/1115 1940/1591/1117 1819/2603/2125
f 1941/1589/1115 1819/2603/2125 1938/1590/1116
f 1937/1587/1113 1936/1588/1114 1940/1591/1117
f 1942/1593/1119 1944/1592/1118 1948/1596/1122
f 1950/1595/1121 1820/2611/2133 1948/1596/1122
f 1818/2604/2126 1940/1591/1117 1936/1588/1114
f 1959/2612/2134 1976/1630/1156 1958/2613/2135
f 1960/2614/2136 1986/1641/1167 1979/1632/1158
f 1960/2614/2136 1981/1631/1157 1959/2612/2134
f 1992/2615/2137 2017/1647/1173 1962/2616/2138
f 2016/1649/1175 1961/2617/2139 1962/2616/2138
f 1992/2615/2137 2018/1651/1177 2020/1650/1176
f 1994/2618/2140 2023/1661/1187 1993/2619/2141
f 1951/2605/2127 1942/1593/1119 1948/1596/1122
f 1958/2613/2135 1978/1629/1155 1957/2620/2142
f 1813/2598/2120 1910/1555/1081 1812/2621/2143
f 1936/1588/1114 1928/1579/1105 1818/2604/2126
f 1825/1451/977 1828/1453/979 1833/1456/982
f 1854/1470/996 1856/1471/997 1791/2577/2100
f 1862/1483/1009 1864/1484/1010 1794/2582/2104
f 1870/1495/1021 1872/1496/1022 1797/2584/2106
f 1878/1507/1033 1880/1508/1034 1800/2587/2109
f 1886/1519/1045 1888/1520/1046 1803/2590/2112
f 1894/1531/1057 1896/1532/1058 1806/2592/2114
f 1902/1543/1069 1904/1544/1070 1809/2596/2118
f 1910/1555/1081 1912/1556/1082 1812/2621/2143
f 1918/1567/1093 1920/1568/1094 1815/2600/2122
f 1929/1582/1108 1942/1593/1119 1947/1605/1131
f 1962/2616/2138 2017/1647/1173 2016/1649/1175
f 1992/2615/2137 2020/1650/1176 2014/1648/1174
f 1928/1579/1105 1936/1588/1114 1926/1580/1106
f 1963/1608/1134 1954/2609/2131 1970/1617/1143
f 2016/1649/1175 1984/1642/1168 1986/1641/1167
f 2018/1651/1177 2023/1661/1187 1987/1644/1170
f 1993/2619/2141 2023/1661/1187 2018/1651/1177
f 1971/1620/1146 1957/2620/2142 1978/1629/1155
f 1986/1641/1167 1961/2617/2139 2016/1649/1175
f 1995/2622/2144 2021/1660/1186 1994/2618/2140
f 1995/2622/2144 2024/1662/1188 2026/1663/1189
f 1997/2623/2145 2034/1674/1200 2029/1673/1199
f 1997/2623/2145 2031/1672/1198 1996/2624/2146
f 2000/2625/2147 2039/1684/1210 1999/2626/2148
f 2040/1687/1213 2042/1686/1212 2001/2627/2149
f 2000/2625/2147 2042/1686/1212 2037/1685/1211
f 1999/2626/2148 2032/1675/1201 1998/2628/2150
f 2003/2629/2151 2047/1696/1222 2002/2630/2152
f 2004/2631/2153 2048/1699/1225 2050/1698/1224
f 2003/2629/2151 2050/1698/1224 2045/1697/1223
f 2007/2632/2154 2056/1711/1237 2058/1710/1236
f 2009/2633/2155 2066/1723/1249 2061/1721/1247
f 2009/2633/2155 2063/1720/1246 2008/2634/2156
f 2006/2635/2157 2055/1708/1234 2005/2636/2158
f 2002/2630/2152 2040/1687/1213 2001/2627/2149
f 2012/2637/2159 2075/2638/2160 2011/2639/2161
f 2086/2640/2162 2141/1757/1283 2013/2641/2163
f 2143/2642/2164 2012/2637/2159 2013/2641/2163
f 2087/2643/2165 2147/1763/1289 2121/1752/1278
f 2130/1773/1299 2125/1761/1287 2089/2644/2166
f 2145/1764/1290 2088/2645/2167 2089/2644/2166
f 2131/1755/1281 2086/2640/2162 2087/2643/2165
f 2090/2646/2168 2150/1775/1301 2128/1774/1300
f 2093/2647/2169 2156/1783/1309 2092/2648/2170
f 2092/2648/2170 2148/1776/1302 2091/2649/2171
f 2095/2650/2172 2157/1786/1312 2094/2651/2173
f 2096/2652/2174 2168/1795/1321 2163/1794/1320
f 2096/2652/2174 2165/1793/1319 2095/2650/2172
f 2093/2647/2169 2159/1785/1311 2154/1784/1310
f 2090/2646/2168 2130/1773/1299 2089/2644/2166
f 2010/2653/2175 2064/1722/1248 2066/1723/1249
f 2099/2654/2176 2174/1803/1329 2098/2655/2177
f 2101/2656/2178 2175/1806/1332 2100/2657/2179
f 2099/2654/2176 2177/1805/1331 2172/1804/1330
f 2104/2658/2180 2184/1815/1341 2103/2659/2181
f 2105/2660/2182 2195/1828/1354 2190/1827/1353
f 2104/2658/2180 2190/1827/1353 2192/1826/1352
f 2101/2656/2178 2181/1814/1340 2183/1813/1339
f 2107/2661/2183 2199/1837/1363 2201/1836/1362
f 2110/2662/2184 2202/1839/1365 2109/2663/2185
f 2108/2664/2186 2204/1838/1364 2199/1837/1363
f 2111/2665/2187 2213/1848/1374 2208/1847/1373
f 2113/2666/2188 2217/1860/1386 2219/1859/1385
f 2113/2666/2188 2211/1849/1375 2112/2667/2189
f 2110/2662/2184 2208/1847/1373 2210/1846/1372
f 2107/2661/2183 2193/1829/1355 2106/2668/2190
f 2116/2669/2191 2220/1861/1387 2115/2670/2192
f 2117/2671/2193 2231/1872/1398 2226/1869/1395
f 2116/2669/2191 2226/1869/1395 2228/1870/1396
f 2119/2672/2194 2251/1889/1415 2250/2673/2195
f 2244/1890/1416 2238/1885/1411 2255/2674/2196
f 2238/1885/1411 2120/2675/2197 2255/2674/2196
f 2118/2676/2198 2254/1884/1410 2253/2677/2199
f 2256/2678/2200 2286/1902/1428 2288/1901/1427
f 2259/2679/2201 2289/1903/1429 2258/2680/2202
f 2258/2680/2202 2291/1904/1430 2257/2681/2203
f 2261/2682/2204 2300/1914/1440 2260/2683/2205
f 2262/2684/2206 2304/1921/1447 2306/1922/1448
f 2262/2684/2206 2298/1913/1439 2261/2682/2204
f 2259/2679/2201 2295/1911/1437 2297/1912/1438
f 2256/2678/2200 2242/1891/1417 2255/2674/2196
f 2114/2685/2207 2222/1862/1388 2217/1860/1386
f 2098/2655/2177 2166/1796/1322 2097/2686/2208
f 2144/1750/1276 2143/2642/2164 2013/2641/2163
f 2133/1749/1275 2144/1750/1276 2140/1759/1285
f 2141/1757/1283 2140/1759/1285 2013/2641/2163
f 2012/2637/2159 2143/2642/2164 2136/1748/1274
f 2076/1735/1261 2012/2637/2159 2136/1748/1274
f 2143/2642/2164 2137/1747/1273 2136/1748/1274
f 2006/2635/2157 2058/1710/1236 2053/1709/1235
f 2131/1755/1281 2134/1754/1280 2138/1758/1284
f 2121/1752/1278 2124/1751/1277 2131/1755/1281
f 2138/1758/1284 2086/2640/2162 2131/1755/1281
f 2087/2643/2165 2121/1752/1278 2131/1755/1281
f 2145/1764/1290 2147/1763/1289 2088/2645/2167
f 2254/1884/1410 2119/2672/2194 2250/2673/2195
f 2102/2687/2209 2186/1816/1342 2181/1814/1340
f 1996/2624/2146 2031/1672/1198 2024/1662/1188
f 2034/1674/1200 1998/2628/2150 2032/1675/1201
f 2136/1748/1274 2073/1736/1262 2076/1735/1261
f 2145/1764/1290 2125/1761/1287 2127/1760/1286
f 2231/1872/1398 2118/2676/2198 2253/2677/2199
f 2250/2673/2195 2240/1883/1409 2254/1884/1410
f 2125/1761/1287 2145/1764/1290 2089/2644/2166
f 2075/2638/2160 2064/1722/1248 2011/2639/2161
f 2140/1759/1285 2144/1750/1276 2013/2641/2163
f 2265/2688/2210 2307/1924/1450 2264/2689/2211
f 2267/2690/2212 2318/1937/1463 2266/2691/2213
f 2265/2688/2210 2313/1934/1460 2315/1935/1461
f 2270/2692/2214 2327/1947/1473 2269/2693/2215
f 2271/2694/2216 2331/1954/1480 2333/1955/1481
f 2271/2694/2216 2325/1946/1472 2270/2692/2214
f 2268/2695/2217 2316/1936/1462 2267/2690/2212
f 2273/2696/2218 2342/1968/1494 2334/1956/1482
f 2276/2697/2219 2345/1970/1496 2275/2698/2220
f 2274/2699/2221 2340/1967/1493 2342/1968/1494
f 2277/2700/2222 2349/1977/1503 2351/1978/1504
f 2279/2701/2223 2360/1988/1514 2352/1979/1505
f 2279/2701/2223 2354/1980/1506 2278/2702/2224
f 2276/2697/2219 2351/1978/1504 2343/1969/1495
f 2273/2696/2218 2336/1957/1483 2272/2703/2225
f 2268/2695/2217 2322/1944/1470 2324/1945/1471
f 2282/2704/2226 2369/1998/1524 2361/1989/1515
f 2282/2704/2226 2363/1990/1516 2281/2705/2227
f 2251/1889/1415 2120/2675/2197 2248/1888/1414
f 2248/1888/1414 2238/1885/1411 2241/1887/1413
f 2120/2675/2197 2238/1885/1411 2248/1888/1414
f 2283/2706/2228 2367/1997/1523 2369/1998/1524
f 2280/2707/2229 2358/1987/1513 2360/1988/1514
f 2409/2708/2230 2403/2010/1536 2402/2709/2231
f 2409/2708/2230 2402/2709/2231 2284/2710/2232
f 2409/2708/2230 2416/2711/2233 2410/2013/1539
f 2402/2709/2231 2395/2712/2234 2284/2710/2232
f 2389/2004/1530 2388/2713/2235 2395/2712/2234
f 2284/2710/2232 2395/2712/2234 2388/2713/2235
f 2396/2007/1533 2395/2712/2234 2402/2709/2231
f 2284/2710/2232 2388/2713/2235 2367/1997/1523
f 2409/2708/2230 2284/2710/2232 2416/2711/2233
f 2416/2711/2233 2284/2710/2232 2423/2714/2236
f 2264/2689/2211 2309/1923/1449 2263/2715/2237
f 1822/1446/972 1450/607/2238 1449/1449/975
f 1822/1446/972 1451/1445/971 1627/1474/1000
f 1627/1474/1000 1450/607/2238 1822/1446/972
f 1625/1476/1002 1626/2716/2239 1629/1475/1001
f 1456/2717/2240 1633/1487/1013 1630/1488/1014
f 1633/1487/1013 1454/2718/2241 1625/1476/1002
f 1629/1475/1001 1452/2719/2242 1627/1474/1000
f 2002/2630/2152 2047/1696/1222 2040/1687/1213
f 1458/2720/2243 1637/1499/1025 1634/1500/1026
f 1639/2721/2244 1634/1500/1026 1641/1511/1037
f 1635/2722/2245 1630/1488/1014 1637/1499/1025
f 1645/1523/1049 1460/2723/2246 1638/1512/1038
f 1649/1535/1061 1462/2724/2247 1642/1524/1050
f 1642/1524/1050 1643/2725/2248 1645/1523/1049
f 1651/2726/2249 1646/1536/1062 1653/1547/1073
f 1655/2727/2250 1650/1548/1074 1657/1559/1085
f 1466/2728/2251 1653/1547/1073 1650/1548/1074
f 1464/2729/2252 1649/1535/1061 1646/1536/1062
f 1661/1571/1097 1468/2730/2253 1654/1560/1086
f 1665/1597/1123 1470/2731/2254 1658/1572/1098
f 1658/1572/1098 1659/2732/2255 1661/1571/1097
f 1669/1609/1135 1472/2733/2256 1662/1598/1124
f 1673/1621/1147 1474/2734/2257 1666/1610/1136
f 1666/1610/1136 1667/2735/2258 1669/1609/1135
f 1662/1598/1124 1663/2736/2259 1665/1597/1123
f 1654/1560/1086 1655/2727/2250 1657/1559/1085
f 1638/1512/1038 1639/2721/2244 1641/1511/1037
f 2063/1720/1246 2056/1711/1237 2008/2634/2156
f 2130/1773/1299 2077/1738/1264 2125/1761/1287
f 2091/2649/2171 2148/1776/1302 2150/1775/1301
f 2072/1734/1260 2064/1722/1248 2075/2638/2160
f 2157/1786/1312 2159/1785/1311 2094/2651/2173
f 2081/1770/1296 2987/1766/1292 1493/1728/1254
f 2152/1780/1306 1496/2737/2260 1495/1769/1295
f 1495/1769/1295 1496/2737/2260 2081/1770/1296
f 2166/1796/1322 2168/1795/1321 2097/2686/2208
f 2161/1790/1316 1498/2738/2261 1497/1779/1305
f 1499/1789/1315 1500/2739/2262 2161/1790/1316
f 1497/1779/1305 1498/2738/2261 2152/1780/1306
f 2055/1708/1234 2048/1699/1225 2005/2636/2158
f 2170/1800/1326 1500/2739/2262 1499/1789/1315
f 1452/2719/2242 1450/607/2238 1627/1474/1000
f 1674/1634/1160 1675/2740/2263 1677/1633/1159
f 1677/1633/1159 1476/2741/2264 1670/1622/1148
f 1478/2742/2265 1681/1652/1178 1679/2743/2266
f 1671/2744/2267 1670/1622/1148 1476/2741/2264
f 1678/1653/1179 1679/2743/2266 1681/1652/1178
f 1482/2745/2268 1685/1664/1190 1682/1665/1191
f 1683/2746/2269 1678/1653/1179 1685/1664/1190
f 1686/1677/1203 1687/2747/2270 1689/1676/1202
f 1689/1676/1202 1482/2745/2268 1682/1665/1191
f 1693/1688/1214 1484/2748/2271 1686/1677/1203
f 1690/1689/1215 1691/2749/2272 1693/1688/1214
f 1697/1700/1226 1486/2750/2273 1690/1689/1215
f 1701/1712/1238 1488/2751/2274 1694/1701/1227
f 1694/1701/1227 1695/2752/2275 1697/1700/1226
f 1703/2753/2276 1698/1713/1239 1705/1724/1250
f 2988/1765/1291 1492/2754/2277 1702/1725/1251
f 1492/2754/2277 1705/1724/1250 1702/1725/1251
f 1698/1713/1239 1699/2755/2278 1701/1712/1238
f 2987/1766/1292 1494/2756/2279 2988/1765/1291
f 2988/1765/1291 1494/2756/2279 1492/2754/2277
f 2081/1770/1296 1496/2737/2260 2987/1766/1292
f 1498/2738/2261 1496/2737/2260 2152/1780/1306
f 1496/2737/2260 1494/2756/2279 2987/1766/1292
f 1498/2738/2261 2161/1790/1316 1500/2739/2262
f 1500/2739/2262 2170/1800/1326 2985/1817/1343
f 2100/2657/2179 2175/1806/1332 2177/1805/1331
f 2103/2659/2181 2184/1815/1341 2186/1816/1342
f 2106/2668/2190 2193/1829/1355 2195/1828/1354
f 2109/2663/2185 2202/1839/1365 2204/1838/1364
f 2112/2667/2189 2211/1849/1375 2213/1848/1374
f 2115/2670/2192 2220/1861/1387 2222/1862/1388
f 2253/2677/2199 2229/1871/1397 2231/1872/1398
f 2238/1885/1411 2244/1890/1416 2235/1880/1406
f 2257/2681/2203 2291/1904/1430 2286/1902/1428
f 2242/1891/1417 2244/1890/1416 2255/2674/2196
f 2260/2683/2205 2300/1914/1440 2295/1911/1437
f 2263/2715/2237 2309/1923/1449 2304/1921/1447
f 2266/2691/2213 2318/1937/1463 2313/1934/1460
f 2269/2693/2215 2327/1947/1473 2322/1944/1470
f 2272/2703/2225 2336/1957/1483 2331/1954/1480
f 2275/2698/2220 2345/1970/1496 2340/1967/1493
f 2278/2702/2224 2354/1980/1506 2349/1977/1503
f 2281/2705/2227 2363/1990/1516 2358/1987/1513
f 2188/1823/1349 2984/1819/1345 1503/1809/1335
f 1502/2757/2280 2985/1817/1343 2986/1818/1344
f 2197/1833/1359 1506/2758/2281 1505/1822/1348
f 1505/1822/1348 1506/2758/2281 2188/1823/1349
f 2197/1833/1359 1507/1832/1358 2982/1850/1376
f 1501/1799/1325 2985/1817/1343 2170/1800/1326
f 1511/1855/1381 1512/2759/2282 2215/1856/1382
f 2215/1856/1382 2981/1852/1378 1509/1842/1368
f 1513/1865/1391 2979/1892/1418 2224/1866/1392
f 2246/1898/1424 2978/1894/1420 1515/1875/1401
f 2224/1866/1392 1512/2759/2282 1511/1855/1381
f 1517/1897/1423 1518/2760/2283 2246/1898/1424
f 2984/1819/1345 2188/1823/1349 1506/2758/2281
f 2982/1850/1376 1506/2758/2281 2197/1833/1359
f 1510/2761/2284 1508/2762/2285 2983/1851/1377
f 1508/2762/2285 2982/1850/1376 2983/1851/1377
f 1504/2763/2286 2986/1818/1344 2984/1819/1345
f 2982/1850/1376 1508/2762/2285 1506/2758/2281
f 1506/2758/2281 1504/2763/2286 2984/1819/1345
f 1510/2761/2284 2983/1851/1377 2981/1852/1378
f 1512/2759/2282 1510/2761/2284 2981/1852/1378
f 1512/2759/2282 2981/1852/1378 2215/1856/1382
f 2980/1893/1419 1514/2764/2287 2979/1892/1418
f 2978/1894/1420 1516/2765/2288 2980/1893/1419
f 2979/1892/1418 1514/2764/2287 1512/2759/2282
f 2978/1894/1420 1518/2760/2283 1516/2765/2288
f 1516/2765/2288 1514/2764/2287 2980/1893/1419
f 1518/2760/2283 2978/1894/1420 2246/1898/1424
f 1512/2759/2282 2224/1866/1392 2979/1892/1418
f 1518/2760/2283 1517/1897/1423 2293/1908/1434
f 2985/1817/1343 1502/2757/2280 1500/2739/2262
f 2976/1925/1451 2293/1908/1434 1519/1907/1433
f 2975/1927/1453 1521/1917/1443 2311/1931/1457
f 1524/2766/2289 1523/1930/1456 2320/1941/1467
f 2973/1958/1484 2320/1941/1467 1525/1940/1466
f 1524/2766/2289 2311/1931/1457 1523/1930/1456
f 2388/2713/2235 2372/2001/1527 2367/1997/1523
f 1530/2767/2290 2338/1964/1490 1529/1963/1489
f 1532/2768/2291 2347/1974/1500 1531/1973/1499
f 1530/2767/2290 1529/1963/1489 2347/1974/1500
f 2972/1960/1486 1527/1950/1476 2338/1964/1490
f 1520/2769/2292 2976/1925/1451 2977/1926/1452
f 2975/1927/1453 2311/1931/1457 1524/2766/2289
f 1524/2766/2289 2320/1941/1467 2973/1958/1484
f 1522/2770/2293 2977/1926/1452 2975/1927/1453
f 2977/1926/1452 1522/2770/2293 1520/2769/2292
f 2973/1958/1484 1526/2771/2294 1524/2766/2289
f 1524/2766/2289 1522/2770/2293 2975/1927/1453
f 1526/2771/2294 2973/1958/1484 2974/1959/1485
f 2976/1925/1451 1520/2769/2292 1518/2760/2283
f 1533/1983/1509 1534/2772/2295 2356/1984/1510
f 2365/1994/1520 1534/2772/2295 1533/1983/1509
f 2974/1959/1485 2972/1960/1486 1528/2773/2296
f 1530/2767/2290 1528/2773/2296 2972/1960/1486
f 1530/2767/2290 2972/1960/1486 2338/1964/1490
f 1530/2767/2290 2347/1974/1500 1532/2768/2291
f 1532/2768/2291 2356/1984/1510 1534/2772/2295
f 1526/2771/2294 2974/1959/1485 1528/2773/2296
f 1532/2768/2291 1531/1973/1499 2356/1984/1510
f 1534/2772/2295 2365/1994/1520 1537/2774/2297
f 2293/1908/1434 2976/1925/1451 1518/2760/2283
f 2438/2025/1550 1535/2775/2298 2434/2776/2299
s 0
f 2285/2775/2298 2434/2776/2300 1535/2775/1
s 1
f 2434/2776/2299 2285/2775/2298 2435/2059/1584
f 2432/2060/1585 2435/2059/1584 2285/2775/2298
f 2438/2025/1550 2437/2777/2301 1535/2775/2298
f 2434/2776/2299 2427/2024/1549 2438/2025/1550
f 2425/2056/1581 2432/2060/1585 2285/2775/2298
f 2284/2710/2232 1535/2775/2298 2437/2777/2301
f 2285/2775/2298 2439/2778/2302 2418/2053/1578
f 2440/2779/2303 2376/2032/1557 2439/2778/2302
f 2439/2778/2302 2383/2038/1563 2390/2041/1566
f 2441/2780/2304 2467/2070/1595 2460/2061/1586
f 2441/2780/2304 2462/2062/1587 2440/2779/2303
f 2443/2781/2305 2465/2069/1594 2442/2782/2306
f 2444/2783/2307 2470/2072/1597 2443/2781/2305
f 2428/2058/1583 2432/2060/1585 2425/2056/1581
f 2431/2022/1547 2430/2023/1548 2437/2777/2301
f 2418/2053/1578 2421/2055/1580 2425/2056/1581
f 2416/2711/2233 2423/2714/2236 2417/2016/1542
f 2430/2023/1548 2424/2019/1544 2423/2714/2236
f 2425/2056/1581 2285/2775/2298 2418/2053/1578
f 2284/2710/2232 2430/2023/1548 2423/2714/2236
f 2418/2053/1578 2411/2050/1575 2414/2052/1577
f 2411/2050/1575 2404/2048/1573 2407/2047/1572
f 2418/2053/1578 2439/2778/2302 2411/2050/1575
f 2404/2048/1573 2397/2044/1569 2400/2046/1571
f 2397/2044/1569 2390/2041/1566 2393/2043/1568
f 2404/2048/1573 2439/2778/2302 2397/2044/1569
f 2411/2050/1575 2439/2778/2302 2404/2048/1573
f 2397/2044/1569 2439/2778/2302 2390/2041/1566
f 2444/2783/2307 2475/2083/1608 2468/2071/1596
f 2284/2710/2232 2437/2777/2301 2430/2023/1548
f 2446/2784/2308 2473/2082/1607 2445/2785/2309
f 2447/2786/2310 2483/2095/1620 2476/2084/1609
f 2447/2786/2310 2478/2085/1610 2446/2784/2308
f 2450/2787/2311 2486/2097/1622 2449/2788/2312
f 2452/2789/2313 2489/2106/1631 2451/2790/2314
f 2450/2787/2311 2491/2107/1632 2484/2096/1621
f 2449/2788/2312 2481/2094/1619 2448/2791/2315
f 2453/2792/2316 2499/2119/1644 2492/2108/1633
f 2455/2793/2317 2500/2120/1645 2502/2121/1646
f 2455/2793/2317 2497/2118/1643 2454/2794/2318
f 2458/2795/2319 2505/2130/1655 2457/2796/2320
f 2516/2797/2321 2515/2142/1667 2459/2798/2322
f 2458/2795/2319 2508/2132/1657 2510/2133/1658
f 2456/2799/2323 2507/2131/1656 2500/2120/1645
f 2453/2792/2316 2494/2109/1634 2452/2789/2313
f 2517/2800/2324 2532/2152/1677 2531/2801/2325
f 2519/2802/2326 2533/2153/1678 2535/2154/1679
f 2519/2802/2326 2529/2151/1676 2518/2803/2327
f 2522/2804/2328 2538/2163/1688 2521/2805/2329
f 2524/2806/2330 2548/2176/1701 2523/2807/2331
f 2522/2804/2328 2541/2165/1690 2543/2166/1691
f 2520/2808/2332 2540/2164/1689 2533/2153/1678
f 2526/2809/2333 2564/2188/1713 2525/2810/2334
f 2569/2811/2335 2558/2197/1722 2568/2812/2336
f 2568/2812/2336 2554/2184/1709 2526/2809/2333
f 2571/2813/2337 2607/2210/1735 2570/2814/2338
f 2572/2815/2339 2608/2212/1737 2610/2211/1736
f 2572/2815/2339 2605/2209/1734 2571/2813/2337
f 2569/2811/2335 2600/2199/1724 2602/2200/1725
f 2524/2806/2330 2567/2183/1708 2566/2182/1707
f 2516/2797/2321 2531/2801/2325 2513/2141/1666
f 2574/2816/2340 2615/2221/1746 2573/2817/2341
f 2390/2041/1566 2383/2038/1563 2386/2040/1565
f 2383/2038/1563 2379/2035/1560 2382/2037/1562
f 2383/2038/1563 2439/2778/2302 2379/2035/1560
f 2379/2035/1560 2376/2032/1557 2378/2034/1559
f 2376/2032/1557 2379/2035/1560 2439/2778/2302
f 2467/2070/1595 2442/2782/2306 2465/2069/1594
f 2475/2083/1608 2445/2785/2309 2473/2082/1607
f 2483/2095/1620 2448/2791/2315 2481/2094/1619
f 2491/2107/1632 2451/2790/2314 2489/2106/1631
f 2457/2796/2320 2505/2130/1655 2507/2131/1656
f 2454/2794/2318 2497/2118/1643 2499/2119/1644
f 2531/2801/2325 2512/2140/1665 2513/2141/1666
f 2532/2152/1677 2518/2803/2327 2529/2151/1676
f 2540/2164/1689 2521/2805/2329 2538/2163/1688
f 2564/2188/1713 2563/2818/2342 2525/2810/2334
f 2563/2818/2342 2556/2181/1706 2567/2183/1708
f 2561/2187/1712 2554/2184/1709 2557/2186/1711
f 2561/2187/1712 2526/2809/2333 2554/2184/1709
f 2548/2176/1701 2524/2806/2330 2566/2182/1707
f 2515/2142/1667 2508/2132/1657 2459/2798/2322
f 2548/2176/1701 2541/2165/1690 2523/2807/2331
f 2568/2812/2336 2560/2198/1723 2554/2184/1709
f 2560/2198/1723 2549/2178/1703 2554/2184/1709
f 2546/2175/1700 2548/2176/1701 2566/2182/1707
f 2607/2210/1735 2600/2199/1724 2570/2814/2338
f 2615/2221/1746 2608/2212/1737 2573/2817/2341
f 2568/2812/2336 2558/2197/1722 2560/2198/1723
f 2613/2222/1747 2575/2819/2343 2618/2223/1748
f 2563/2818/2342 2567/2183/1708 2525/2810/2334
f 2575/2819/2343 2616/2224/1749 2618/2223/1748
f 2578/2820/2344 2621/2234/1759 2577/2821/2345
f 2577/2821/2345 2623/2233/1758 2576/2822/2346
f 2580/2823/2347 2631/2245/1770 2579/2824/2348
f 2581/2825/2349 2632/2248/1773 2634/2247/1772
f 2581/2825/2349 2629/2246/1771 2580/2823/2347
f 2578/2820/2344 2624/2236/1761 2626/2235/1760
f 2583/2826/2350 2642/2259/1784 2637/2258/1783
f 2586/2827/2351 2647/2269/1794 2585/2828/2352
f 2584/2829/2353 2640/2260/1785 2642/2259/1784
f 2587/2830/2354 2648/2272/1797 2650/2271/1796
f 2589/2831/2355 2655/2281/1806 2588/2832/2356
f 2655/2281/1806 2648/2272/1797 2588/2832/2356
f 2586/2827/2351 2650/2271/1796 2645/2270/1795
f 2583/2826/2350 2639/2257/1782 2582/2833/2357
f 2590/2834/2358 2656/2284/1809 2658/2283/1808
f 2593/2835/2359 2664/2296/1821 2666/2295/1820
f 2592/2836/2360 2663/2293/1818 2591/2837/2361
f 2595/2838/2362 2674/2307/1832 2669/2306/1831
f 2598/2839/2363 2683/2840/2364 2597/2841/2365
f 2596/2842/2366 2672/2308/1833 2674/2307/1832
f 2595/2838/2362 2671/2305/1830 2594/2843/2367
f 2691/2326/1851 2599/2844/2368 2694/2845/2369
f 2695/2846/2370 2728/2335/1860 2694/2845/2369
f 2685/2323/1848 2691/2326/1851 2694/2845/2369
f 2697/2847/2371 2729/2338/1863 2696/2848/2372
f 2698/2849/2373 2740/2347/1872 2735/2346/1871
f 2698/2849/2373 2737/2345/1870 2697/2847/2371
f 2695/2846/2370 2731/2337/1862 2726/2336/1861
f 2599/2844/2368 2681/2321/1846 2598/2839/2363
f 2589/2831/2355 2658/2283/1808 2653/2282/1807
f 2701/2850/2374 2746/2355/1880 2700/2851/2375
f 2703/2852/2376 2747/2358/1883 2702/2853/2377
f 2701/2850/2374 2749/2357/1882 2744/2356/1881
f 2704/2854/2378 2758/2367/1892 2753/2366/1891
f 2707/2855/2379 2764/2375/1900 2706/2856/2380
f 2706/2856/2380 2756/2368/1893 2705/2857/2381
f 2704/2854/2378 2755/2365/1890 2703/2852/2376
f 2709/2858/2382 2771/2386/1911 2773/2385/1910
f 2712/2859/2383 2774/2388/1913 2711/2860/2384
f 2710/2861/2385 2776/2387/1912 2771/2386/1911
f 2713/2862/2386 2785/2397/1922 2780/2396/1921
f 2715/2863/2387 2789/2406/1931 2791/2405/1930
f 2715/2863/2387 2783/2398/1923 2714/2864/2388
f 2712/2859/2383 2780/2396/1921 2782/2395/1920
f 2709/2858/2382 2765/2377/1902 2708/2865/2389
f 2718/2866/2390 2792/2408/1933 2717/2867/2391
f 2720/2868/2392 2803/2421/1946 2719/2869/2393
f 2718/2866/2390 2798/2419/1944 2800/2418/1943
f 2721/2870/2394 2807/2428/1953 2809/2429/1954
f 2723/2871/2395 2835/2443/1968 2834/2872/2396
f 2722/2873/2397 2812/2431/1956 2807/2428/1953
f 2721/2870/2394 2801/2420/1945 2720/2868/2392
f 2829/2447/1972 2725/2874/2398 2836/2875/2399
f 2837/2876/2400 2825/2449/1974 2836/2875/2399
f 2825/2449/1974 2819/2445/1970 2836/2875/2399
f 2838/2877/2401 2869/2461/1986 2871/2460/1985
f 2841/2878/2402 2872/2462/1987 2840/2879/2403
f 2840/2879/2403 2874/2463/1988 2839/2880/2404
f 2838/2877/2401 2823/2450/1975 2837/2876/2400
f 2724/2881/2405 2832/2448/1973 2831/2882/2406
f 2716/2883/2407 2794/2407/1932 2789/2406/1931
f 2700/2851/2375 2738/2348/1873 2699/2884/2408
f 2616/2224/1749 2576/2822/2346 2623/2233/1758
f 2684/2320/1845 2598/2839/2363 2681/2321/1846
f 2672/2308/1833 2597/2841/2365 2683/2840/2364
f 2707/2855/2379 2767/2378/1903 2762/2376/1901
f 2834/2872/2396 2812/2431/1956 2723/2871/2395
f 2693/2325/1850 2599/2844/2368 2691/2326/1851
f 2592/2836/2360 2666/2295/1820 2661/2294/1819
f 2832/2448/1973 2725/2874/2398 2829/2447/1972
f 2724/2881/2405 2831/2882/2406 2835/2443/1968
f 2843/2885/2409 2883/2473/1998 2842/2886/2410
f 2829/2447/1972 2819/2445/1970 2822/2444/1969
f 2829/2447/1972 2836/2875/2399 2819/2445/1970
f 2844/2887/2411 2881/2472/1997 2843/2885/2409
f 2835/2443/1968 2831/2882/2406 2821/2442/1967
f 2841/2878/2402 2878/2470/1995 2880/2471/1996
f 2624/2236/1761 2579/2824/2348 2631/2245/1770
f 2640/2260/1785 2585/2828/2352 2647/2269/1794
f 2632/2248/1773 2582/2833/2357 2639/2257/1782
f 2846/2888/2412 2892/2483/2008 2845/2889/2413
f 2847/2890/2414 2896/2493/2018 2898/2494/2019
f 2847/2890/2414 2890/2482/2007 2846/2888/2412
f 2850/2891/2415 2899/2495/2020 2849/2892/2416
f 2852/2893/2417 2910/2505/2030 2851/2894/2418
f 2850/2891/2415 2905/2503/2028 2907/2504/2029
f 2849/2892/2416 2901/2496/2021 2848/2895/2419
f 2853/2896/96 2914/2513/2038 2916/2514/2039
f 2855/2897/2420 2925/2527/2052 2917/2515/2040
f 2855/2897/2420 2919/2516/2041 2854/2898/2421
f 2858/2899/2422 2928/2529/2054 2857/2900/2423
f 2859/2901/2424 2932/2536/2061 2934/2537/2062
f 2858/2899/2422 2934/2537/2062 2926/2528/2053
f 2856/2902/2425 2923/2526/2051 2925/2527/2052
f 2853/2896/96 2908/2506/2031 2852/2893/2417
f 2861/2903/2426 2942/2547/2072 2935/2538/2063
f 2864/2904/2427 2945/2549/2074 2863/2905/2428
f 2862/2906/2429 2940/2546/2071 2942/2547/2072
f 2864/2904/2427 2947/2557/2081 2943/2548/2073
f 2866/2907/2430 2949/2908/2431 2865/2909/2432
f 2953/2910/2433 2950/2563/2087 2866/2907/2430
f 2949/2908/2431 2866/2907/2430 2950/2563/2087
f 2949/2908/2431 2947/2557/2081 2865/2909/2432
f 2861/2903/2426 2937/2539/2064 2860/2911/2434
f 2867/2912/2435 2954/2569/2092 2953/2910/2433
f 2866/2907/2430 2867/2912/2435 2953/2910/2433
f 2867/2912/2435 2951/2568/2091 2954/2569/2092
f 1622/2913/2436 2957/2571/2094 2868/2914/2437
f 2868/2914/2437 2957/2571/2094 2951/2568/2091
f 2950/2563/2087 2953/2910/2433 1847/2562/2086
f 2844/2887/2411 2887/2480/2005 2889/2481/2006
f 2374/2029/1554 1537/2774/2297 1536/1993/1519
f 2374/2029/1554 1538/2028/1553 1708/2073/1598
f 1708/2073/1598 1537/2774/2297 2374/2029/1554
f 1541/2915/2438 1710/2074/1599 1706/2075/1600
f 1543/2916/2439 1714/2086/1611 1711/2087/1612
f 1712/2917/2440 1706/2075/1600 1714/2086/1611
f 1707/2918/2441 1708/2073/1598 1710/2074/1599
f 1715/2099/1624 1716/2919/2442 1718/2098/1623
f 1720/2920/2443 1715/2099/1624 1722/2110/1635
f 1718/2098/1623 1543/2916/2439 1711/2087/1612
f 1726/2122/1647 1547/2921/2444 1719/2111/1636
f 1730/2134/1659 1549/2922/2445 1723/2123/1648
f 1549/2922/2445 1726/2122/1647 1723/2123/1648
f 1734/2143/1668 1551/2923/2446 1727/2135/1660
f 1738/2155/1680 1553/2924/2447 1731/2144/1669
f 1731/2144/1669 1732/2925/2448 1734/2143/1668
f 1551/2923/2446 1730/2134/1659 1727/2135/1660
f 1742/2167/1692 1555/2926/2449 1735/2156/1681
f 1746/2189/1714 1557/2927/2450 1739/2168/1693
f 1739/2168/1693 1740/2928/2451 1742/2167/1692
f 1748/2929/2452 1743/2190/1715 1750/2201/1726
f 1752/2930/2453 1747/2202/1727 1754/2213/1738
f 1561/2931/2454 1750/2201/1726 1747/2202/1727
f 1743/2190/1715 1744/2932/2455 1746/2189/1714
f 1555/2926/2449 1738/2155/1680 1735/2156/1681
f 1547/2921/2444 1722/2110/1635 1719/2111/1636
f 2591/2837/2361 2663/2293/1818 2656/2284/1809
f 2594/2843/2367 2671/2305/1830 2664/2296/1821
f 2683/2840/2364 2680/2319/1844 2672/2308/1833
f 2691/2326/1851 2685/2323/1848 2687/2322/1847
f 2696/2848/2372 2729/2338/1863 2731/2337/1862
f 2728/2335/1860 2685/2323/1848 2694/2845/2369
f 2699/2884/2408 2738/2348/1873 2740/2347/1872
f 1582/2331/1856 1583/2933/2456 2689/2332/1857
f 2689/2332/1857 2970/2328/1853 1580/2313/1838
f 2702/2853/2377 2747/2358/1883 2749/2357/1882
f 1584/2341/1866 1585/2934/2457 2733/2342/1867
f 2751/2362/1887 1587/2935/2458 1586/2351/1876
f 2742/2352/1877 1585/2934/2457 1584/2341/1866
f 2733/2342/1867 1583/2933/2456 1582/2331/1856
f 1586/2351/1876 1587/2935/2458 2742/2352/1877
f 1539/2936/2459 1537/2774/2297 1708/2073/1598
f 1755/2226/1751 1756/2937/2460 1758/2225/1750
f 1758/2225/1750 1563/2938/2461 1751/2214/1739
f 1565/2939/2462 1762/2237/1762 1760/2940/2463
f 1752/2930/2453 1751/2214/1739 1563/2938/2461
f 1759/2238/1763 1760/2940/2463 1762/2237/1762
f 1763/2250/1775 1764/2941/2464 1766/2249/1774
f 1766/2249/1774 1567/2942/2465 1759/2238/1763
f 1767/2262/1787 1768/2943/2466 1770/2261/1786
f 1770/2261/1786 1569/2944/2467 1763/2250/1775
f 1774/2273/1798 1571/2945/2468 1767/2262/1787
f 1771/2274/1799 1772/2946/2469 1774/2273/1798
f 1778/2285/1810 1573/2947/2470 1771/2274/1799
f 1782/2297/1822 1575/2948/2471 1775/2286/1811
f 1775/2286/1811 1776/2949/2472 1778/2285/1810
f 1786/2309/1834 1577/2950/2473 1779/2298/1823
f 2971/2327/1852 1579/2951/2474 1783/2310/1835
f 1783/2310/1835 1784/2952/2475 1786/2309/1834
f 1779/2298/1823 1780/2953/2476 1782/2297/1822
f 2970/2328/1853 1581/2954/2477 2971/2327/1852
f 2971/2327/1852 1581/2954/2477 1579/2951/2474
f 2689/2332/1857 1583/2933/2456 2970/2328/1853
f 1585/2934/2457 1583/2933/2456 2733/2342/1867
f 1583/2933/2456 1581/2954/2477 2970/2328/1853
f 1585/2934/2457 2742/2352/1877 1587/2935/2458
f 1536/1993/1519 1537/2774/2297 2365/1994/1520
f 2756/2368/1893 2758/2367/1892 2705/2857/2381
f 2765/2377/1902 2767/2378/1903 2708/2865/2389
f 2774/2388/1913 2776/2387/1912 2711/2860/2384
f 2783/2398/1923 2785/2397/1922 2714/2864/2388
f 2792/2408/1933 2794/2407/1932 2717/2867/2391
f 2719/2869/2393 2803/2421/1946 2798/2419/1944
f 2810/2430/1955 2812/2431/1956 2834/2872/2396
f 2825/2449/1974 2816/2439/1964 2819/2445/1970
f 2883/2473/1998 2878/2470/1995 2842/2886/2410
f 2901/2496/2021 2896/2493/2018 2848/2895/2419
f 2892/2483/2008 2887/2480/2005 2845/2889/2413
f 2919/2516/2041 2914/2513/2038 2854/2898/2421
f 2863/2905/2428 2945/2549/2074 2940/2546/2071
f 2937/2539/2064 2932/2536/2061 2860/2911/2434
f 2928/2529/2054 2923/2526/2051 2857/2900/2423
f 2910/2505/2030 2905/2503/2028 2851/2894/2418
f 2874/2463/1988 2869/2461/1986 2839/2880/2404
f 1589/2955/2478 2751/2362/1887 1588/2361/1886
f 1591/2956/2479 2760/2372/1897 1590/2371/1896
f 1589/2955/2478 1588/2361/1886 2760/2372/1897
f 1593/2957/2480 2769/2382/1907 1592/2381/1906
f 2968/2409/1934 2778/2392/1917 1594/2391/1916
f 1593/2957/2480 1592/2381/1906 2778/2392/1917
f 1591/2956/2479 1590/2371/1896 2769/2382/1907
f 2967/2411/1936 1596/2401/1926 2796/2415/1940
f 1599/2958/2481 1598/2414/1939 2805/2425/1950
f 1599/2958/2481 2796/2415/1940 1598/2414/1939
f 1605/2959/2482 2827/2457/1982 1604/2456/1981
f 2964/2453/1978 1602/2434/1959 2827/2457/1982
f 2965/2451/1976 2805/2425/1950 1600/2424/1949
f 1591/2956/2479 1589/2955/2478 2760/2372/1897
f 1593/2957/2480 2778/2392/1917 2968/2409/1934
f 2969/2410/1935 1595/2960/2483 2968/2409/1934
f 2967/2411/1936 1597/2961/2484 2969/2410/1935
f 1593/2957/2480 1591/2956/2479 2769/2382/1907
f 2969/2410/1935 1597/2961/2484 1595/2960/2483
f 1595/2960/2483 1593/2957/2480 2968/2409/1934
f 1597/2961/2484 2967/2411/1936 1599/2958/2481
f 1601/2962/2485 2965/2451/1976 2966/2452/1977
f 2964/2453/1978 2827/2457/1982 1605/2959/2482
f 1599/2958/2481 2805/2425/1950 2965/2451/1976
f 1603/2963/2486 2966/2452/1977 2964/2453/1978
f 2965/2451/1976 1601/2962/2485 1599/2958/2481
f 2964/2453/1978 1605/2959/2482 1603/2963/2486
f 1603/2963/2486 1601/2962/2485 2966/2452/1977
f 1605/2959/2482 2876/2467/1992 2962/2484/2009
f 2796/2415/1940 1599/2958/2481 2967/2411/1936
f 2876/2467/1992 1605/2959/2482 1604/2456/1981
f 1587/2935/2458 2751/2362/1887 1589/2955/2478
f 1611/2964/2487 2894/2490/2015 1610/2489/2014
f 2961/2486/2011 1608/2476/2001 2894/2490/2015
f 2959/2517/2042 2903/2500/2025 1612/2499/2024
f 2958/2519/2044 1614/2509/2034 2921/2523/2048
f 1611/2964/2487 1610/2489/2014 2903/2500/2025
f 2949/2908/2431 1839/2556/2080 2947/2557/2081
f 1619/2965/2488 2930/2533/2058 1618/2532/2057
f 1621/2966/2489 2938/2543/2068 1620/2542/2067
f 1619/2965/2488 1618/2532/2057 2938/2543/2068
f 1617/2967/2490 1616/2522/2047 2930/2533/2058
f 1617/2967/2490 2921/2523/2048 1616/2522/2047
f 1607/2968/2491 2962/2484/2009 2963/2485/2010
f 2961/2486/2011 2894/2490/2015 1611/2964/2487
f 1611/2964/2487 2903/2500/2025 2959/2517/2042
f 1609/2969/2492 2963/2485/2010 2961/2486/2011
f 2963/2485/2010 1609/2969/2492 1607/2968/2491
f 2959/2517/2042 1613/2970/2493 1611/2964/2487
f 1611/2964/2487 1609/2969/2492 2961/2486/2011
f 1613/2970/2493 2959/2517/2042 2960/2518/2043
f 1605/2959/2482 2962/2484/2009 1607/2968/2491
f 1615/2971/2494 2960/2518/2043 2958/2519/2044
f 2930/2533/2058 1619/2965/2488 1617/2967/2490
f 1623/2552/2076 1624/2972/2495 1830/2553/2077
f 2958/2519/2044 1617/2967/2490 1615/2971/2494
f 1621/2966/2489 1619/2965/2488 2938/2543/2068
f 1621/2966/2489 1830/2553/2077 1624/2972/2495
f 1617/2967/2490 2958/2519/2044 2921/2523/2048
f 1613/2970/2493 2960/2518/2043 1615/2971/2494
f 2876/2467/1992 1606/2466/1991 2962/2484/2009
f 242/1/1 243/123/1 241/2/1
f 3/7/1 2/3/1 8/6/1
f 4/9/1 3/7/1 9/8/1
f 5/11/2 4/9/1 10/10/1
f 198/13/1 200/17/1 197/14/1
f 6/16/1 196/118/1 200/17/1
f 200/17/1 199/131/1 13/18/1
f 8/6/1 7/5/1 15/19/1
f 9/8/1 8/6/1 16/20/1
f 10/10/1 9/8/1 17/21/1
f 11/12/1 10/10/1 18/22/1
f 236/27/1 240/31/1 237/28/1
f 238/30/1 12/25/1 239/24/1
f 240/31/1 239/24/1 20/26/1
f 202/32/1 203/133/1 201/33/1
f 15/19/1 14/15/1 23/35/1
f 16/20/1 15/19/1 24/36/1
f 17/21/1 16/20/1 25/37/1
f 18/22/1 17/21/1 26/38/1
f 19/23/1 18/22/1 27/39/1
f 20/26/1 19/23/1 28/40/1
f 235/44/1 234/42/1 30/43/1
f 205/46/1 206/49/1 204/47/1
f 22/34/1 201/33/1 206/49/1
f 24/36/1 23/35/1 32/50/1
f 25/37/1 24/36/1 33/51/1
f 26/38/1 25/37/1 34/52/1
f 27/39/1 26/38/1 35/53/1
f 28/40/1 27/39/1 36/54/1
f 29/41/1 28/40/1 37/55/1
f 231/45/1 30/43/1 232/57/1
f 233/59/1 232/57/1 39/58/1
f 208/61/1 209/64/1 207/62/1
f 31/48/1 204/47/1 209/64/1
f 33/51/1 32/50/1 41/65/1
f 34/52/1 33/51/1 42/66/1
f 35/53/1 34/52/1 43/67/1
f 36/54/1 35/53/1 44/68/1
f 37/55/1 36/54/1 45/69/1
f 38/56/1 37/55/1 46/70/1
f 228/60/1 39/58/1 229/72/1
f 230/74/1 229/72/1 48/73/1
f 40/63/1 207/62/1 211/76/1
f 42/66/1 41/65/1 50/80/1
f 43/67/1 42/66/1 51/81/1
f 44/68/1 43/67/1 52/82/1
f 45/69/1 44/68/1 53/83/1
f 46/70/1 45/69/1 54/84/1
f 47/71/1 46/70/1 55/85/1
f 225/75/1 48/73/1 226/89/1
f 214/91/1 216/94/1 213/92/1
f 50/80/1 215/79/1 216/94/1
f 215/79/1 49/78/1 212/95/1
f 52/82/1 51/81/1 59/96/1
f 53/83/1 52/82/1 60/97/1
f 54/84/1 53/83/1 61/98/1
f 55/85/1 54/84/1 62/99/1
f 57/88/1 222/87/1 224/103/1
f 222/87/1 56/86/1 223/101/1
f 224/103/1 223/101/1 64/102/1
f 60/97/1 59/96/1 65/106/1
f 61/98/1 60/97/1 66/107/1
f 62/99/1 61/98/1 67/108/1
f 217/110/1 68/109/1 218/112/1
f 318/244/7 319/248/7 316/245/7
f 314/249/7 317/252/7 315/250/7
f 245/246/7 316/245/7 317/252/7
f 246/251/7 315/250/7 415/253/7
f 428/256/7 431/259/7 429/257/7
f 431/259/7 320/334/7 244/247/7
f 248/260/7 430/337/7 431/259/7
f 343/265/8 346/269/8 342/266/7
f 345/263/8 247/254/8 344/268/8
f 252/264/8 345/263/8 346/269/8
f 365/270/7 434/273/7 433/271/7
f 434/273/7 432/345/7 248/260/7
f 255/274/7 249/258/7 250/261/7
f 256/275/7 250/261/7 251/262/7
f 257/276/7 251/262/7 252/264/8
f 340/278/7 253/267/7 339/280/7
f 259/279/7 340/278/7 341/281/7
f 363/283/7 366/286/7 364/284/7
f 366/286/7 365/270/7 254/272/7
f 261/287/7 255/274/7 256/275/7
f 262/288/7 256/275/7 257/276/7
f 263/289/7 257/276/7 258/277/7
f 337/291/7 259/279/7 336/282/7
f 265/292/7 337/291/7 338/293/7
f 367/295/7 369/298/7 368/296/7
f 369/298/7 363/283/7 260/285/7
f 267/300/7 261/287/7 262/288/7
f 268/301/7 262/288/7 263/289/7
f 269/302/7 263/289/7 264/290/7
f 356/305/7 265/292/7 335/294/7
f 271/306/7 356/305/7 357/307/7
f 380/309/7 383/312/7 381/310/7
f 383/312/7 382/299/7 267/300/7
f 379/313/7 266/297/7 382/299/7
f 300/321/8 298/304/8 271/306/7
f 299/319/8 270/303/8 298/304/8
f 275/320/8 299/319/8 300/321/8
f 397/324/7 396/314/7 273/315/7
f 293/326/7 291/316/7 274/317/7
f 292/325/7 273/315/7 291/316/7
f 290/327/7 274/317/7 294/318/7
f 437/435/11 498/495/71 499/436/12
f 495/438/14 497/441/17 493/439/15
f 495/438/14 437/435/11 496/437/13
f 492/442/18 494/445/21 490/443/19
f 492/442/18 438/440/16 493/439/15
f 439/444/20 490/443/19 491/446/22
f 445/451/27 441/448/24 442/449/25
f 446/452/28 442/449/25 443/450/26
f 450/454/30 449/457/33 445/451/27
f 450/454/30 446/452/28 447/453/29
f 454/456/32 453/507/83 449/457/33
f 454/456/32 450/454/30 451/455/31
f 457/459/35 453/507/83 454/456/32
f 459/461/37 458/460/36 454/456/32
f 461/462/38 457/459/35 458/460/36
f 463/464/40 462/463/39 458/460/36
f 466/465/41 465/523/97 461/462/38
f 467/466/42 466/465/41 462/463/39
f 469/467/43 465/523/97 466/465/41
f 471/469/45 470/468/44 466/465/41
f 474/470/46 473/473/49 469/467/43
f 475/471/47 474/470/46 470/468/44
f 478/472/48 477/477/53 473/473/49
f 479/474/50 478/472/48 474/470/46
f 503/481/57 505/485/61 504/482/58
f 547/483/59 549/537/111 548/484/60
f 506/486/62 508/487/63 507/475/51
f 503/481/57 481/478/54 507/475/51
f 511/488/64 510/479/55 483/480/56
f 511/488/64 506/486/62 482/476/52
f 513/490/66 509/489/65 483/480/56
f 445/451/27 520/504/80 519/500/76
f 461/462/38 530/532/106 529/511/87
f 494/445/21 493/439/15 487/512/88
f 448/517/92 447/453/29 443/450/26
f 447/453/29 448/517/92 452/518/93
f 455/458/34 456/520/94 460/519/7
f 460/519/7 464/542/116 463/464/40
f 451/455/31 452/518/93 456/520/94
f 534/525/99 533/524/98 465/523/97
f 544/536/110 548/484/60 549/537/111
f 467/466/42 463/464/40 464/542/116
f 471/469/45 467/466/42 468/543/117
f 476/545/118 480/548/121 479/474/50
f 471/469/45 472/544/7 476/545/118
f 552/550/122 628/608/180 629/551/123
f 553/553/125 625/556/128 627/554/126
f 552/550/122 626/552/124 627/554/126
f 554/557/129 622/560/132 624/558/130
f 553/553/125 623/555/127 624/558/130
f 554/557/129 620/559/131 621/561/133
f 560/566/138 556/563/135 557/564/136
f 561/567/139 557/564/136 558/565/137
f 564/569/141 560/566/138 561/567/139
f 565/570/142 561/567/139 562/568/140
f 568/572/144 564/569/141 565/570/142
f 569/573/145 565/570/142 566/571/143
f 572/575/147 568/572/144 569/573/145
f 573/576/148 569/573/145 570/574/146
f 576/578/150 572/575/147 573/576/148
f 577/579/151 573/576/148 574/577/149
f 580/581/153 576/578/150 577/579/151
f 581/582/154 577/579/151 578/580/152
f 584/584/156 580/581/153 581/582/154
f 585/585/157 581/582/154 582/583/155
f 588/587/159 584/584/156 585/585/157
f 589/588/160 585/585/157 586/586/158
f 592/590/162 588/587/159 589/588/160
f 594/592/164 593/591/163 589/588/160
f 607/598/170 606/642/211 596/595/167
f 610/600/172 609/593/165 597/594/166
f 610/600/172 605/599/171 596/595/167
f 613/602/174 612/596/168 598/597/169
f 608/601/173 597/594/166 612/596/168
f 611/603/175 598/597/169 614/604/176
f 637/616/188 636/615/187 560/566/138
f 624/558/130 623/555/127 617/624/196
f 559/628/198 563/2973/2496 562/568/140
f 562/568/140 563/2973/2496 567/629/7
f 566/571/143 567/629/7 571/630/199
f 570/574/146 571/630/199 575/631/200
f 575/631/200 579/651/10 578/580/152
f 576/578/150 645/633/202 644/623/195
f 652/638/207 651/640/209 584/584/156
f 592/590/162 655/646/215 654/641/210
f 659/647/216 658/645/214 606/642/211
f 582/583/155 578/580/152 579/651/10
f 582/583/155 583/652/220 587/653/221
f 586/586/158 587/653/221 591/654/199
f 594/592/164 590/589/161 591/654/199
f 603/656/222 608/601/173 613/602/174
f 663/660/224 739/742/305 740/661/225
f 664/663/227 736/666/230 738/664/228
f 663/660/224 737/662/226 738/664/228
f 733/667/231 735/670/234 731/668/232
f 733/667/231 664/663/227 734/665/229
f 665/669/233 731/668/232 732/671/235
f 671/676/240 667/673/237 668/674/238
f 672/677/241 668/674/238 669/675/239
f 676/679/243 675/682/246 671/676/240
f 677/680/244 676/679/243 672/677/241
f 680/681/245 679/685/249 675/682/246
f 680/681/245 676/679/243 677/680/244
f 684/684/248 683/757/320 679/685/249
f 685/686/250 684/684/248 680/681/245
f 687/687/251 683/757/320 684/684/248
f 689/689/253 688/688/252 684/684/248
f 692/690/254 691/693/257 687/687/251
f 693/691/255 692/690/254 688/688/252
f 696/692/256 695/696/260 691/693/257
f 697/694/258 696/692/256 692/690/254
f 700/695/259 699/699/263 695/696/260
f 701/697/261 700/695/259 696/692/256
f 704/698/262 703/703/267 699/699/263
f 705/700/264 704/698/262 700/695/259
f 716/707/271 718/711/275 717/708/272
f 772/709/273 774/714/278 773/710/274
f 775/712/276 777/716/280 776/713/277
f 780/715/279 779/788/345 777/716/280
f 783/718/282 782/785/342 780/715/279
f 784/720/284 786/723/287 785/721/285
f 789/722/286 788/786/343 786/723/287
f 792/725/289 791/787/344 789/722/286
f 795/727/291 794/790/349 792/725/289
f 796/729/293 798/733/2497 797/730/294
s 0
f 799/731/353 801/791/346 800/732/2498
s 1
f 719/734/297 721/735/298 720/701/265
f 721/735/298 716/707/271 707/704/268
f 722/736/299 724/737/300 723/705/269
f 719/734/297 708/702/266 723/705/269
f 726/738/301 722/736/299 709/706/270
f 735/670/234 734/665/229 728/765/328
f 673/678/242 669/675/239 670/769/94
f 674/770/331 678/2974/2499 677/680/244
f 685/686/250 681/683/247 682/771/7
f 677/680/244 678/2974/2499 682/771/7
f 689/689/253 685/686/250 686/772/94
f 697/694/258 693/691/255 694/774/94
f 698/775/332 702/794/357 701/697/261
f 693/691/255 689/689/253 690/773/330
f 705/700/264 701/697/261 702/794/357
f 706/795/358 710/796/359 725/739/302
f 804/800/362 849/847/409 850/801/363
f 805/803/365 846/806/368 848/804/366
f 846/806/368 804/800/362 847/802/364
f 843/807/369 845/810/372 841/808/370
f 843/807/369 805/803/365 844/805/367
f 840/811/373 806/809/371 841/808/370
f 812/816/378 808/813/375 809/814/376
f 814/818/380 813/817/379 809/814/376
f 817/819/381 816/822/384 812/816/378
f 818/820/382 817/819/381 813/817/379
f 821/821/383 820/825/387 816/822/384
f 822/823/385 821/821/383 817/819/381
f 825/824/386 824/828/390 820/825/387
f 826/826/388 825/824/386 821/821/383
f 829/827/389 828/832/394 824/828/390
f 829/827/389 825/824/386 826/826/388
f 854/836/398 856/873/433 855/837/399
f 857/838/400 859/839/401 858/830/392
f 859/839/401 854/836/398 832/833/395
f 862/840/402 861/834/396 834/835/397
f 862/840/402 857/838/400 833/831/393
f 864/842/404 860/841/403 834/835/397
f 866/846/408 865/844/406 850/801/363
f 816/822/384 873/864/424 872/854/416
f 842/812/374 841/808/370 837/856/418
f 810/815/377 811/861/421 815/859/420
f 818/820/382 814/818/380 815/859/420
f 823/862/422 822/823/385 818/820/382
f 875/865/425 874/863/423 816/822/384
f 828/832/394 880/877/437 879/869/429
f 883/872/432 855/837/399 856/873/433
f 822/823/385 823/862/422 827/878/438
f 826/826/388 827/878/438 831/879/116
f 853/882/441 860/841/403 864/842/404
f 887/883/442 930/919/478 931/884/443
f 927/886/445 929/889/448 925/887/446
f 887/883/442 928/885/444 929/889/448
f 924/890/449 926/893/452 922/891/450
f 924/890/449 888/888/447 925/887/446
f 889/892/451 922/891/450 923/894/453
f 895/899/458 891/896/455 892/897/456
f 897/901/460 896/900/459 892/897/456
f 909/907/466 908/932/489 899/904/463
f 912/909/468 911/902/461 900/903/462
f 907/908/467 899/904/463 911/902/461
f 913/911/470 915/912/471 914/905/464
f 915/912/471 910/910/469 900/903/462
f 913/911/470 901/906/465 916/913/472
f 931/884/443 930/919/478 933/917/476
f 923/894/453 922/891/450 918/924/483
f 898/928/485 897/901/460 893/898/457
f 916/913/472 901/906/465 897/901/460
f 903/938/495 917/914/473 916/913/472
f 991/941/498 992/985/542 989/942/499
f 988/944/501 990/947/504 986/945/502
f 988/944/501 945/943/500 989/942/499
f 985/948/505 987/951/508 983/949/506
f 946/946/503 986/945/502 987/951/508
f 982/952/509 947/950/507 983/949/506
f 953/957/514 949/954/511 950/955/512
f 954/958/515 950/955/512 951/956/513
f 957/960/517 953/957/514 954/958/515
f 958/961/518 954/958/515 955/959/516
f 961/963/520 957/960/517 958/961/518
f 963/965/522 962/964/521 958/961/518
f 965/966/523 961/963/520 962/964/521
f 967/968/525 966/967/524 962/964/521
f 969/969/526 965/966/523 966/967/524
f 971/971/528 970/970/527 966/967/524
f 998/977/534 997/1013/568 973/974/531
f 1001/979/536 1000/972/529 974/973/530
f 996/978/535 973/974/531 1000/972/529
f 1004/981/538 1003/975/532 975/976/533
f 999/980/537 974/973/530 1003/975/532
f 1002/982/539 975/976/533 1005/983/540
f 1008/988/545 992/985/542 991/941/498
f 984/953/510 983/949/506 979/999/556
f 955/959/516 951/956/513 952/1002/558
f 955/959/516 956/1003/559 960/1004/9
f 964/1005/560 963/965/522 959/962/519
f 1022/1010/565 1021/1012/567 965/966/523
f 997/1013/568 998/977/534 1026/1015/570
f 963/965/522 964/1005/560 968/1020/575
f 971/971/528 967/968/525 968/1020/575
f 995/1024/577 1002/982/539 1006/984/541
f 1092/1026/579 1093/1031/584 1090/1027/580
f 1142/1029/582 1144/1032/585 1143/1030/583
f 1144/1032/585 1145/1096/649 1147/1033/586
f 1148/1035/588 1150/1091/644 1149/1036/589
f 1031/1037/590 1089/1040/593 1091/1038/591
f 1030/1028/581 1090/1027/580 1091/1038/591
f 1032/1041/594 1086/1044/597 1088/1042/595
f 1031/1037/590 1087/1039/592 1088/1042/595
f 1032/1041/594 1084/1043/596 1085/1045/598
f 1038/1050/603 1034/1047/600 1035/1048/601
f 1039/1051/604 1035/1048/601 1036/1049/602
f 1042/1053/606 1038/1050/603 1039/1051/604
f 1043/1054/607 1039/1051/604 1040/1052/605
f 1047/1056/609 1046/1109/662 1042/1053/606
f 1047/1056/609 1043/1054/607 1044/1055/608
f 1050/1058/611 1046/1109/662 1047/1056/609
f 1052/1060/613 1051/1059/612 1047/1056/609
f 1054/1061/614 1050/1058/611 1051/1059/612
f 1055/1062/615 1051/1059/612 1052/1060/613
f 1058/1064/617 1054/1061/614 1055/1062/615
f 1059/1065/618 1055/1062/615 1056/1063/616
f 1062/1067/620 1058/1064/617 1059/1065/618
f 1063/1068/621 1059/1065/618 1060/1066/619
f 1067/1070/623 1066/1131/681 1062/1067/620
f 1067/1070/623 1063/1068/621 1064/1069/622
f 1070/1072/625 1066/1131/681 1067/1070/623
f 1072/1074/627 1071/1073/626 1067/1070/623
f 1097/1080/633 1099/1083/636 1098/1081/634
f 1153/1082/635 1152/1140/690 1099/1083/636
f 1100/1085/638 1102/1086/639 1101/1075/628
f 1097/1080/633 1074/1077/630 1101/1075/628
f 1105/1087/640 1104/1078/631 1076/1079/632
f 1105/1087/640 1100/1085/638 1075/1076/629
f 1103/1088/641 1076/1079/632 1106/1089/642
f 1150/1091/644 1148/1035/588 1109/1094/647
f 1091/1038/591 1090/1027/580 1082/1097/650
f 1085/1045/598 1084/1043/596 1080/1113/666
f 1040/1052/605 1041/1117/94 1045/1116/7
f 1036/1049/602 1037/1118/668 1041/1117/94
f 1044/1055/608 1045/1116/7 1049/1119/669
f 1053/1120/670 1052/1060/613 1048/1057/610
f 1140/1138/688 1152/1140/690 1153/1082/635
f 1052/1060/613 1053/1120/670 1057/1143/7
f 1056/1063/616 1057/1143/7 1061/1144/7
f 1060/1066/619 1061/1144/7 1065/1145/7
f 1073/1146/693 1072/1074/627 1068/1071/624
f 1064/1069/622 1065/1145/7 1069/1147/694
f 1106/1089/642 1076/1079/632 1072/1074/627
f 1200/1152/697 1201/1187/732 1198/1153/698
f 1157/1155/700 1197/1158/703 1199/1156/701
f 1197/1158/703 1156/1154/699 1198/1153/698
f 1158/1159/704 1194/1162/707 1196/1160/705
f 1157/1155/700 1195/1157/702 1196/1160/705
f 1191/1163/708 1158/1159/704 1192/1161/706
f 1165/1168/713 1164/1172/717 1160/1165/710
f 1165/1168/713 1161/1166/711 1162/1167/712
f 1177/1176/721 1179/1179/724 1178/1177/722
f 1214/1178/723 1213/1204/747 1179/1179/724
f 1180/1181/726 1182/1182/727 1181/1170/715
f 1182/1182/727 1177/1176/721 1168/1173/718
f 1183/1183/728 1185/1184/729 1184/1174/719
f 1180/1181/726 1169/1171/716 1184/1174/719
f 1187/1185/730 1183/1183/728 1170/1175/720
f 1206/1194/739 1205/1193/738 1160/1165/710
f 1193/1164/709 1192/1161/706 1188/1197/742
f 1167/1201/744 1166/1169/714 1162/1167/712
f 1167/1201/744 1171/1209/752 1186/1186/731
f 1279/1213/755 1280/1270/812 1277/1214/756
f 1276/1216/758 1278/1219/761 1274/1217/759
f 1217/1215/757 1277/1214/756 1278/1219/761
f 1219/1220/762 1273/1223/765 1275/1221/763
f 1218/1218/760 1274/1217/759 1275/1221/763
f 1219/1220/762 1271/1222/764 1272/1224/766
f 1225/1229/771 1221/1226/768 1222/1227/769
f 1226/1230/772 1222/1227/769 1223/1228/770
f 1229/1232/774 1225/1229/771 1226/1230/772
f 1230/1233/775 1226/1230/772 1227/1231/773
f 1233/1235/777 1229/1232/774 1230/1233/775
f 1234/1236/778 1230/1233/775 1231/1234/776
f 1237/1238/780 1233/1235/777 1234/1236/778
f 1238/1239/781 1234/1236/778 1235/1237/779
f 1241/1241/783 1237/1238/780 1238/1239/781
f 1242/1242/784 1238/1239/781 1239/1240/782
f 1245/1244/786 1241/1241/783 1242/1242/784
f 1246/1245/787 1242/1242/784 1243/1243/785
f 1249/1247/789 1245/1244/786 1246/1245/787
f 1250/1248/790 1246/1245/787 1247/1246/788
f 1254/1250/792 1253/1306/842 1249/1247/789
f 1254/1250/792 1250/1248/790 1251/1249/791
f 1257/1252/794 1253/1306/842 1254/1250/792
f 1259/1254/796 1258/1253/795 1254/1250/792
f 1286/1260/802 1285/1310/846 1261/1257/799
f 1328/1262/804 1327/1317/853 1286/1260/802
f 1289/1264/806 1288/1255/797 1262/1256/798
f 1289/1264/806 1284/1261/803 1261/1257/799
f 1290/1266/808 1292/1267/809 1291/1258/800
f 1287/1265/807 1262/1256/798 1291/1258/800
f 1294/1268/810 1290/1266/808 1263/1259/801
f 1295/1271/813 1280/1270/812 1279/1213/755
f 1275/1221/763 1274/1217/759 1268/1289/831
f 1228/1294/833 1227/1231/773 1223/1228/770
f 1227/1231/773 1228/1294/833 1232/1295/834
f 1235/1237/779 1236/1298/94 1240/1296/90
f 1244/1297/94 1243/1243/785 1239/1240/782
f 1231/1234/776 1232/1295/834 1236/1298/94
f 1312/1300/836 1311/1299/835 1241/1241/783
f 1324/1314/850 1327/1317/853 1328/1262/804
f 1243/1243/785 1244/1297/94 1248/1319/7
f 1247/1246/788 1248/1319/7 1252/1320/855
f 1251/1249/791 1252/1320/855 1256/1321/694
f 1255/1251/793 1256/1321/694 1260/1322/90
f 1331/1327/858 1407/1392/924 1408/1328/859
f 1408/1328/859 1442/1390/922 1444/1330/861
f 1332/1332/863 1404/1335/866 1406/1333/864
f 1404/1335/866 1331/1327/858 1405/1329/860
f 1333/1336/867 1401/1339/870 1403/1337/868
f 1401/1339/870 1332/1332/863 1402/1334/865
f 1398/1340/871 1333/1336/867 1399/1338/869
f 1340/1345/876 1339/1348/879 1335/1342/873
f 1340/1345/876 1336/1343/874 1337/1344/875
f 1344/1347/878 1343/1351/882 1339/1348/879
f 1344/1347/878 1340/1345/876 1341/1346/877
f 1348/1350/881 1347/1354/885 1343/1351/882
f 1348/1350/881 1344/1347/878 1345/1349/880
f 1352/1353/884 1351/1357/888 1347/1354/885
f 1353/1355/886 1352/1353/884 1348/1350/881
f 1356/1356/887 1355/1360/891 1351/1357/888
f 1357/1358/889 1356/1356/887 1352/1353/884
f 1360/1359/890 1359/1363/894 1355/1360/891
f 1361/1361/892 1360/1359/890 1356/1356/887
f 1364/1362/893 1363/1366/897 1359/1363/894
f 1364/1362/893 1360/1359/890 1361/1361/892
f 1368/1365/896 1367/1369/900 1363/1366/897
f 1369/1367/898 1368/1365/896 1364/1362/893
f 1372/1368/899 1371/1373/904 1367/1369/900
f 1373/1370/901 1372/1368/899 1368/1365/896
f 1384/1377/908 1386/1380/911 1385/1378/909
f 1447/1379/910 1446/1430/958 1386/1380/911
f 1387/1382/913 1389/1383/914 1388/1371/902
f 1384/1377/908 1375/1374/905 1388/1371/902
f 1392/1384/915 1391/1375/906 1377/1376/907
f 1392/1384/915 1387/1382/913 1376/1372/903
f 1394/1386/917 1390/1385/916 1377/1376/907
f 1444/1330/861 1442/1390/922 1410/1389/921
f 1403/1337/868 1402/1334/865 1396/1407/939
f 1400/1341/872 1399/1338/869 1395/1408/940
f 1342/1412/942 1341/1346/877 1337/1344/875
f 1341/1346/877 1342/1412/942 1346/1413/421
f 1349/1352/883 1350/1415/943 1354/1414/421
f 1354/1414/421 1358/2975/968 1357/1358/889
f 1345/1349/880 1346/1413/421 1350/1415/943
f 1363/1366/897 1431/1423/951 1430/1421/949
f 1440/1431/959 1446/1430/958 1447/1379/910
f 1357/1358/889 1358/2975/968 1362/1435/942
f 1365/1364/895 1361/1361/892 1362/1435/942
f 1369/1367/898 1370/1438/7 1374/1437/965
f 1369/1367/898 1365/1364/895 1366/1436/964
f 1826/1448/974 1828/1453/979 1825/1451/977
f 1828/1453/979 1834/1452/978 1836/1455/981
f 1842/1457/983 1844/1461/987 1841/1459/985
f 1842/1457/983 1835/1458/984 1843/1460/986
f 1850/1443/969 1851/1463/989 1849/1462/988
f 1824/1447/973 1825/1451/977 1851/1463/989
f 1855/1469/995 1856/1471/997 1854/1470/996
f 1855/1469/995 1821/1444/970 1849/1462/988
f 1858/1464/990 1859/1473/999 1857/1472/998
f 1853/1468/994 1854/1470/996 1859/1473/999
f 1627/1474/1000 1451/1445/971 1628/1467/993
f 1629/1475/1001 1628/1467/993 1453/1466/992
f 1863/1482/1008 1864/1484/1010 1862/1483/1009
f 1852/1465/991 1857/1472/998 1864/1484/1010
f 1866/1477/1003 1867/1486/1012 1865/1485/1011
f 1861/1481/1007 1862/1483/1009 1867/1486/1012
f 1625/1476/1002 1453/1466/992 1632/1480/1006
f 1633/1487/1013 1632/1480/1006 1455/1479/1005
f 1871/1494/1020 1872/1496/1022 1870/1495/1021
f 1860/1478/1004 1865/1485/1011 1872/1496/1022
f 1874/1489/1015 1875/1498/1024 1873/1497/1023
f 1869/1493/1019 1870/1495/1021 1875/1498/1024
f 1630/1488/1014 1455/1479/1005 1636/1492/1018
f 1637/1499/1025 1636/1492/1018 1457/1491/1017
f 1879/1506/1032 1880/1508/1034 1878/1507/1033
f 1868/1490/1016 1873/1497/1023 1880/1508/1034
f 1882/1501/1027 1883/1510/1036 1881/1509/1035
f 1877/1505/1031 1878/1507/1033 1883/1510/1036
f 1641/1511/1037 1634/1500/1026 1457/1491/1017
f 1641/1511/1037 1640/1504/1030 1459/1503/1029
f 1887/1518/1044 1888/1520/1046 1886/1519/1045
f 1876/1502/1028 1881/1509/1035 1888/1520/1046
f 1890/1513/1039 1891/1522/1048 1889/1521/1047
f 1885/1517/1043 1886/1519/1045 1891/1522/1048
f 1638/1512/1038 1459/1503/1029 1644/1516/1042
f 1645/1523/1049 1644/1516/1042 1461/1515/1041
f 1895/1530/1056 1896/1532/1058 1894/1531/1057
f 1884/1514/1040 1889/1521/1047 1896/1532/1058
f 1898/1525/1051 1899/1534/1060 1897/1533/1059
f 1893/1529/1055 1894/1531/1057 1899/1534/1060
f 1642/1524/1050 1461/1515/1041 1648/1528/1054
f 1649/1535/1061 1648/1528/1054 1463/1527/1053
f 1903/1542/1068 1904/1544/1070 1902/1543/1069
f 1892/1526/1052 1897/1533/1059 1904/1544/1070
f 1906/1537/1063 1907/1546/1072 1905/1545/1071
f 1901/1541/1067 1902/1543/1069 1907/1546/1072
f 1646/1536/1062 1463/1527/1053 1652/1540/1066
f 1650/1548/1074 1653/1547/1073 1652/1540/1066
f 1911/1554/1080 1912/1556/1082 1910/1555/1081
f 1900/1538/1064 1905/1545/1071 1912/1556/1082
f 1914/1549/1075 1915/1558/1084 1913/1557/1083
f 1909/1553/1079 1910/1555/1081 1915/1558/1084
f 1650/1548/1074 1465/1539/1065 1656/1552/1078
f 1657/1559/1085 1656/1552/1078 1467/1551/1077
f 1919/1566/1092 1920/1568/1094 1918/1567/1093
f 1908/1550/1076 1913/1557/1083 1920/1568/1094
f 1916/1562/1088 1922/1561/1087 1923/1569/1095
f 1922/1561/1087 1917/1565/1091 1918/1567/1093
f 1654/1560/1086 1467/1551/1077 1660/1564/1090
f 1661/1571/1097 1660/1564/1090 1469/1563/1089
f 1925/1577/1103 1927/1578/1104 1928/1579/1105
f 1927/1578/1104 1916/1562/1088 1921/1570/1096
f 1935/1584/1110 1926/1580/1106 1936/1588/1114
f 1934/1586/1112 1939/1585/1111 1941/1589/1115
f 1939/1585/1111 1937/1587/1113 1940/1591/1117
f 1929/1582/1108 1943/1581/1107 1944/1592/1118
f 1944/1592/1118 1949/1594/1120 1950/1595/1121
f 1949/1594/1120 1934/1586/1112 1938/1590/1116
f 1658/1572/1098 1469/1563/1089 1664/1576/1102
f 1665/1597/1123 1664/1576/1102 1471/1575/1101
f 1933/1603/1129 1946/1604/1130 1947/1605/1131
f 1946/1604/1130 1924/1574/1100 1929/1582/1108
f 1932/1600/1126 1964/1599/1125 1965/1607/1133
f 1964/1599/1125 1933/1603/1129 1945/1606/1132
f 1662/1598/1124 1471/1575/1101 1668/1602/1128
f 1669/1609/1135 1668/1602/1128 1473/1601/1127
f 1967/1615/1141 1969/1616/1142 1970/1617/1143
f 1969/1616/1142 1932/1600/1126 1963/1608/1134
f 1966/1612/1138 1972/1611/1137 1973/1619/1145
f 1972/1611/1137 1967/1615/1141 1968/1618/1144
f 1666/1610/1136 1473/1601/1127 1672/1614/1140
f 1673/1621/1147 1672/1614/1140 1475/1613/1139
f 1975/1627/1153 1977/1628/1154 1978/1629/1155
f 1977/1628/1154 1966/1612/1138 1971/1620/1146
f 1974/1624/1150 1980/1623/1149 1981/1631/1157
f 1980/1623/1149 1975/1627/1153 1976/1630/1156
f 1670/1622/1148 1475/1613/1139 1676/1626/1152
f 1677/1633/1159 1676/1626/1152 1477/1625/1151
f 1983/1639/1165 1985/1640/1166 1986/1641/1167
f 1985/1640/1166 1974/1624/1150 1979/1632/1158
f 1989/1645/1171 2015/1646/1172 2017/1647/1173
f 2015/1646/1172 1984/1642/1168 2016/1649/1175
f 1987/1644/1170 2019/1643/1169 2020/1650/1176
f 2019/1643/1169 1989/1645/1171 2014/1648/1174
f 1674/1634/1160 1477/1625/1151 1680/1638/1164
f 1681/1652/1178 1680/1638/1164 1479/1637/1163
f 2022/1659/1185 2023/1661/1187 2021/1660/1186
f 2022/1659/1185 1982/1636/1162 1987/1644/1170
f 2025/1654/1180 2026/1663/1189 2024/1662/1188
f 2025/1654/1180 1991/1658/1184 2021/1660/1186
f 1685/1664/1190 1678/1653/1179 1479/1637/1163
f 1685/1664/1190 1684/1657/1183 1481/1656/1182
f 2028/1670/1196 2030/1671/1197 2031/1672/1198
f 2030/1671/1197 1990/1655/1181 2024/1662/1188
f 2027/1667/1193 2033/1666/1192 2034/1674/1200
f 2033/1666/1192 2028/1670/1196 2029/1673/1199
f 1682/1665/1191 1481/1656/1182 1688/1669/1195
f 1689/1676/1202 1688/1669/1195 1483/1668/1194
f 2036/1682/1208 2038/1683/1209 2039/1684/1210
f 2038/1683/1209 2027/1667/1193 2032/1675/1201
f 2035/1679/1205 2041/1678/1204 2042/1686/1212
f 2041/1678/1204 2036/1682/1208 2037/1685/1211
f 1686/1677/1203 1483/1668/1194 1692/1681/1207
f 1693/1688/1214 1692/1681/1207 1485/1680/1206
f 2044/1694/1220 2046/1695/1221 2047/1696/1222
f 2046/1695/1221 2035/1679/1205 2040/1687/1213
f 2043/1691/1217 2049/1690/1216 2050/1698/1224
f 2049/1690/1216 2044/1694/1220 2045/1697/1223
f 1690/1689/1215 1485/1680/1206 1696/1693/1219
f 1697/1700/1226 1696/1693/1219 1487/1692/1218
f 2052/1706/1232 2054/1707/1233 2055/1708/1234
f 2054/1707/1233 2043/1691/1217 2048/1699/1225
f 2051/1703/1229 2057/1702/1228 2058/1710/1236
f 2057/1702/1228 2052/1706/1232 2053/1709/1235
f 1694/1701/1227 1487/1692/1218 1700/1705/1231
f 1701/1712/1238 1700/1705/1231 1489/1704/1230
f 2060/1718/1244 2062/1719/1245 2063/1720/1246
f 2051/1703/1229 2056/1711/1237 2063/1720/1246
f 2065/1714/1240 2066/1723/1249 2064/1722/1248
f 2065/1714/1240 2060/1718/1244 2061/1721/1247
f 1705/1724/1250 1698/1713/1239 1489/1704/1230
f 1705/1724/1250 1704/1717/1243 1491/1716/1242
f 2071/1731/1257 2059/1715/1241 2064/1722/1248
f 2070/1733/1259 2074/1732/1258 2076/1735/1261
f 2072/1734/1260 2075/2638/2160 2076/1735/1261
f 2135/1744/1270 2073/1736/1262 2136/1748/1274
f 2142/1745/1271 2144/1750/1276 2133/1749/1275
f 2137/1747/1273 2143/2642/2164 2144/1750/1276
f 2083/1742/1268 2122/1741/1267 2124/1751/1277
f 2124/1751/1277 2132/1753/1279 2134/1754/1280
f 2134/1754/1280 2139/1756/1282 2141/1757/1283
f 2139/1756/1282 2133/1749/1275 2140/1759/1285
f 2077/1738/1264 2126/1737/1263 2127/1760/1286
f 2127/1760/1286 2146/1762/1288 2147/1763/1289
f 2146/1762/1288 2083/1742/1268 2121/1752/1278
f 1702/1725/1251 1491/1716/1242 2068/1729/1255
f 2988/1765/1291 2068/1729/1255 1493/1728/1254
f 2082/1771/1297 2129/1772/1298 2130/1773/1299
f 2129/1772/1298 2067/1727/1253 2077/1738/1264
f 2080/1768/1294 2149/1767/1293 2150/1775/1301
f 2149/1767/1293 2082/1771/1297 2128/1774/1300
f 2153/1781/1307 2155/1782/1308 2156/1783/1309
f 2155/1782/1308 2080/1768/1294 2148/1776/1302
f 2151/1778/1304 2158/1777/1303 2159/1785/1311
f 2158/1777/1303 2153/1781/1307 2154/1784/1310
f 2162/1791/1317 2164/1792/1318 2165/1793/1319
f 2164/1792/1318 2151/1778/1304 2157/1786/1312
f 2160/1788/1314 2167/1787/1313 2168/1795/1321
f 2162/1791/1317 2163/1794/1320 2168/1795/1321
f 2171/1801/1327 2173/1802/1328 2174/1803/1329
f 2173/1802/1328 2160/1788/1314 2166/1796/1322
f 2169/1798/1324 2176/1797/1323 2177/1805/1331
f 2176/1797/1323 2171/1801/1327 2172/1804/1330
f 2180/1811/1337 2182/1812/1338 2183/1813/1339
f 2182/1812/1338 2169/1798/1324 2175/1806/1332
f 2185/1807/1333 2186/1816/1342 2184/1815/1341
f 2185/1807/1333 2180/1811/1337 2181/1814/1340
f 2985/1817/1343 1501/1799/1325 2179/1810/1336
f 2986/1818/1344 2179/1810/1336 1503/1809/1335
f 2189/1824/1350 2191/1825/1351 2192/1826/1352
f 2191/1825/1351 2178/1808/1334 2184/1815/1341
f 2187/1821/1347 2194/1820/1346 2195/1828/1354
f 2194/1820/1346 2189/1824/1350 2190/1827/1353
f 2198/1834/1360 2200/1835/1361 2201/1836/1362
f 2200/1835/1361 2187/1821/1347 2193/1829/1355
f 2196/1831/1357 2203/1830/1356 2204/1838/1364
f 2203/1830/1356 2198/1834/1360 2199/1837/1363
f 2207/1844/1370 2209/1845/1371 2210/1846/1372
f 2209/1845/1371 2196/1831/1357 2202/1839/1365
f 2205/1841/1367 2212/1840/1366 2213/1848/1374
f 2212/1840/1366 2207/1844/1370 2208/1847/1373
f 2982/1850/1376 1507/1832/1358 2206/1843/1369
f 2981/1852/1378 2983/1851/1377 2206/1843/1369
f 2216/1857/1383 2218/1858/1384 2219/1859/1385
f 2218/1858/1384 2205/1841/1367 2211/1849/1375
f 2221/1853/1379 2222/1862/1388 2220/1861/1387
f 2221/1853/1379 2216/1857/1383 2217/1860/1386
f 2227/1868/1394 2228/1870/1396 2226/1869/1395
f 2214/1854/1380 2220/1861/1387 2228/1870/1396
f 2230/1863/1389 2231/1872/1398 2229/1871/1397
f 2225/1867/1393 2226/1869/1395 2231/1872/1398
f 2252/1882/1408 2254/1884/1410 2240/1883/1409
f 2229/1871/1397 2253/2677/2199 2254/1884/1410
f 2239/1879/1405 2241/1887/1413 2238/1885/1411
f 2249/1886/1412 2251/1889/1415 2248/1888/1414
f 2240/1883/1409 2250/2673/2195 2251/1889/1415
f 2232/1874/1400 2243/1873/1399 2244/1890/1416
f 2243/1873/1399 2234/1877/1403 2235/1880/1406
f 2979/1892/1418 1513/1865/1391 2233/1876/1402
f 2980/1893/1419 2233/1876/1402 1515/1875/1401
f 2247/1899/1425 2287/1900/1426 2288/1901/1427
f 2232/1874/1400 2242/1891/1417 2288/1901/1427
f 2290/1895/1421 2291/1904/1430 2289/1903/1429
f 2247/1899/1425 2286/1902/1428 2291/1904/1430
f 2296/1910/1436 2297/1912/1438 2295/1911/1437
f 2245/1896/1422 2289/1903/1429 2297/1912/1438
f 2299/1905/1431 2300/1914/1440 2298/1913/1439
f 2294/1909/1435 2295/1911/1437 2300/1914/1440
f 2305/1920/1446 2306/1922/1448 2304/1921/1447
f 2292/1906/1432 2298/1913/1439 2306/1922/1448
f 2301/1916/1442 2308/1915/1441 2309/1923/1449
f 2303/1919/1445 2304/1921/1447 2309/1923/1449
f 2976/1925/1451 1519/1907/1433 2302/1918/1444
f 2977/1926/1452 2302/1918/1444 1521/1917/1443
f 2314/1933/1459 2315/1935/1461 2313/1934/1460
f 2301/1916/1442 2307/1924/1450 2315/1935/1461
f 2317/1928/1454 2318/1937/1463 2316/1936/1462
f 2312/1932/1458 2313/1934/1460 2318/1937/1463
f 2323/1943/1469 2324/1945/1471 2322/1944/1470
f 2310/1929/1455 2316/1936/1462 2324/1945/1471
f 2326/1938/1464 2327/1947/1473 2325/1946/1472
f 2326/1938/1464 2321/1942/1468 2322/1944/1470
f 2332/1953/1479 2333/1955/1481 2331/1954/1480
f 2319/1939/1465 2325/1946/1472 2333/1955/1481
f 2335/1948/1474 2336/1957/1483 2334/1956/1482
f 2330/1952/1478 2331/1954/1480 2336/1957/1483
f 2973/1958/1484 1525/1940/1466 2329/1951/1477
f 2974/1959/1485 2329/1951/1477 1527/1950/1476
f 2341/1966/1492 2342/1968/1494 2340/1967/1493
f 2328/1949/1475 2334/1956/1482 2342/1968/1494
f 2344/1961/1487 2345/1970/1496 2343/1969/1495
f 2339/1965/1491 2340/1967/1493 2345/1970/1496
f 2350/1976/1502 2351/1978/1504 2349/1977/1503
f 2337/1962/1488 2343/1969/1495 2351/1978/1504
f 2353/1971/1497 2354/1980/1506 2352/1979/1505
f 2348/1975/1501 2349/1977/1503 2354/1980/1506
f 2359/1986/1512 2360/1988/1514 2358/1987/1513
f 2346/1972/1498 2352/1979/1505 2360/1988/1514
f 2362/1981/1507 2363/1990/1516 2361/1989/1515
f 2357/1985/1511 2358/1987/1513 2363/1990/1516
f 2368/1996/1522 2369/1998/1524 2367/1997/1523
f 2355/1982/1508 2361/1989/1515 2369/1998/1524
f 2366/1995/1521 2367/1997/1523 2372/2001/1527
f 2372/2001/1527 2388/2713/2235 2389/2004/1530
f 2389/2004/1530 2395/2712/2234 2396/2007/1533
f 2396/2007/1533 2402/2709/2231 2403/2010/1536
f 2403/2010/1536 2409/2708/2230 2410/2013/1539
f 2410/2013/1539 2416/2711/2233 2417/2016/1542
f 2417/2016/1542 2423/2714/2236 2424/2019/1544
f 2429/2017/1541 2424/2019/1544 2430/2023/1548
f 2436/2020/1545 2438/2025/1550 2427/2024/1549
f 2431/2022/1547 2437/2777/2301 2438/2025/1550
f 2377/2031/1556 2378/2034/1559 2376/2032/1557
f 2380/2033/1558 2382/2037/1562 2379/2035/1560
f 2384/2036/1561 2386/2040/1565 2383/2038/1563
f 2391/2039/1564 2393/2043/1568 2390/2041/1566
f 2398/2042/1567 2400/2046/1571 2397/2044/1569
f 2400/2046/1571 2405/2045/1570 2407/2047/1572
f 2412/2049/1574 2414/2052/1577 2411/2050/1575
f 2419/2051/1576 2421/2055/1580 2418/2053/1578
f 2426/2054/1579 2428/2058/1583 2425/2056/1581
f 2428/2058/1583 2433/2057/1582 2435/2059/1584
f 2427/2024/1549 2434/2776/2299 2435/2059/1584
f 2461/2026/1551 2462/2062/1587 2460/2061/1586
f 2375/2030/1555 2376/2032/1557 2462/2062/1587
f 2466/2068/1593 2467/2070/1595 2465/2069/1594
f 2373/2027/1552 2460/2061/1586 2467/2070/1595
f 2469/2063/1588 2470/2072/1597 2468/2071/1596
f 2464/2067/1592 2465/2069/1594 2470/2072/1597
f 1708/2073/1598 1538/2028/1553 1709/2066/1591
f 1710/2074/1599 1709/2066/1591 1540/2065/1590
f 2474/2081/1606 2475/2083/1608 2473/2082/1607
f 2463/2064/1589 2468/2071/1596 2475/2083/1608
f 2477/2076/1601 2478/2085/1610 2476/2084/1609
f 2472/2080/1605 2473/2082/1607 2478/2085/1610
f 1706/2075/1600 1540/2065/1590 1713/2079/1604
f 1714/2086/1611 1713/2079/1604 1542/2078/1603
f 2482/2093/1618 2483/2095/1620 2481/2094/1619
f 2471/2077/1602 2476/2084/1609 2483/2095/1620
f 2485/2088/1613 2486/2097/1622 2484/2096/1621
f 2480/2092/1617 2481/2094/1619 2486/2097/1622
f 1711/2087/1612 1542/2078/1603 1717/2091/1616
f 1718/2098/1623 1717/2091/1616 1544/2090/1615
f 2490/2105/1630 2491/2107/1632 2489/2106/1631
f 2479/2089/1614 2484/2096/1621 2491/2107/1632
f 2493/2100/1625 2494/2109/1634 2492/2108/1633
f 2488/2104/1629 2489/2106/1631 2494/2109/1634
f 1715/2099/1624 1544/2090/1615 1721/2103/1628
f 1722/2110/1635 1721/2103/1628 1546/2102/1627
f 2498/2117/1642 2499/2119/1644 2497/2118/1643
f 2487/2101/1626 2492/2108/1633 2499/2119/1644
f 2501/2112/1637 2502/2121/1646 2500/2120/1645
f 2496/2116/1641 2497/2118/1643 2502/2121/1646
f 1719/2111/1636 1546/2102/1627 1725/2115/1640
f 1726/2122/1647 1725/2115/1640 1548/2114/1639
f 2506/2129/1654 2507/2131/1656 2505/2130/1655
f 2495/2113/1638 2500/2120/1645 2507/2131/1656
f 2509/2124/1649 2510/2133/1658 2508/2132/1657
f 2504/2128/1653 2505/2130/1655 2510/2133/1658
f 1723/2123/1648 1548/2114/1639 1729/2127/1652
f 1727/2135/1660 1730/2134/1659 1729/2127/1652
f 1733/2136/1661 2512/2140/1665 2511/2137/1662
f 2514/2139/1664 2515/2142/1667 2513/2141/1666
f 2503/2125/1650 2508/2132/1657 2515/2142/1667
f 1727/2135/1660 1550/2126/1651 1733/2136/1661
f 1734/2143/1668 1733/2136/1661 1552/2138/1663
f 2530/2150/1675 2532/2152/1677 2529/2151/1676
f 2511/2137/1662 2531/2801/2325 2532/2152/1677
f 2534/2145/1670 2535/2154/1679 2533/2153/1678
f 2528/2149/1674 2529/2151/1676 2535/2154/1679
f 1731/2144/1669 1552/2138/1663 1737/2148/1673
f 1738/2155/1680 1737/2148/1673 1554/2147/1672
f 2539/2162/1687 2540/2164/1689 2538/2163/1688
f 2527/2146/1671 2533/2153/1678 2540/2164/1689
f 2542/2157/1682 2543/2166/1691 2541/2165/1690
f 2537/2161/1686 2538/2163/1688 2543/2166/1691
f 1735/2156/1681 1554/2147/1672 1741/2160/1685
f 1742/2167/1692 1741/2160/1685 1556/2159/1684
f 2547/2174/1699 2548/2176/1701 2546/2175/1700
f 2547/2174/1699 2536/2158/1683 2541/2165/1690
f 2565/2180/1705 2567/2183/1708 2556/2181/1706
f 2565/2180/1705 2546/2175/1700 2566/2182/1707
f 2555/2177/1702 2557/2186/1711 2554/2184/1709
f 2562/2185/1710 2564/2188/1713 2561/2187/1712
f 2556/2181/1706 2563/2818/2342 2564/2188/1713
f 1739/2168/1693 1556/2159/1684 1745/2172/1697
f 1746/2189/1714 1745/2172/1697 1558/2171/1696
f 2559/2196/1721 2560/2198/1723 2558/2197/1722
f 2544/2170/1695 2549/2178/1703 2560/2198/1723
f 2601/2191/1716 2602/2200/1725 2600/2199/1724
f 2553/2195/1720 2558/2197/1722 2602/2200/1725
f 1743/2190/1715 1558/2171/1696 1749/2194/1719
f 1750/2201/1726 1749/2194/1719 1560/2193/1718
f 2606/2208/1733 2607/2210/1735 2605/2209/1734
f 2552/2192/1717 2600/2199/1724 2607/2210/1735
f 2603/2204/1729 2609/2203/1728 2610/2211/1736
f 2609/2203/1728 2604/2207/1732 2605/2209/1734
f 1747/2202/1727 1560/2193/1718 1753/2206/1731
f 1754/2213/1738 1753/2206/1731 1562/2205/1730
f 2612/2219/1744 2614/2220/1745 2615/2221/1746
f 2614/2220/1745 2603/2204/1729 2608/2212/1737
f 2611/2216/1741 2617/2215/1740 2618/2223/1748
f 2617/2215/1740 2612/2219/1744 2613/2222/1747
f 1751/2214/1739 1562/2205/1730 1757/2218/1743
f 1758/2225/1750 1757/2218/1743 1564/2217/1742
f 2620/2231/1756 2622/2232/1757 2623/2233/1758
f 2622/2232/1757 2611/2216/1741 2616/2224/1749
f 2619/2228/1753 2625/2227/1752 2626/2235/1760
f 2625/2227/1752 2620/2231/1756 2621/2234/1759
f 1755/2226/1751 1564/2217/1742 1761/2230/1755
f 1762/2237/1762 1761/2230/1755 1566/2229/1754
f 2628/2243/1768 2630/2244/1769 2631/2245/1770
f 2630/2244/1769 2619/2228/1753 2624/2236/1761
f 2627/2240/1765 2633/2239/1764 2634/2247/1772
f 2633/2239/1764 2628/2243/1768 2629/2246/1771
f 1759/2238/1763 1566/2229/1754 1765/2242/1767
f 1766/2249/1774 1765/2242/1767 1568/2241/1766
f 2636/2255/1780 2638/2256/1781 2639/2257/1782
f 2638/2256/1781 2627/2240/1765 2632/2248/1773
f 2635/2252/1777 2641/2251/1776 2642/2259/1784
f 2641/2251/1776 2636/2255/1780 2637/2258/1783
f 1763/2250/1775 1568/2241/1766 1769/2254/1779
f 1770/2261/1786 1769/2254/1779 1570/2253/1778
f 2644/2267/1792 2646/2268/1793 2647/2269/1794
f 2646/2268/1793 2635/2252/1777 2640/2260/1785
f 2643/2264/1789 2649/2263/1788 2650/2271/1796
f 2649/2263/1788 2644/2267/1792 2645/2270/1795
f 1767/2262/1787 1570/2253/1778 1773/2266/1791
f 1774/2273/1798 1773/2266/1791 1572/2265/1790
f 2652/2279/1804 2654/2280/1805 2655/2281/1806
f 2654/2280/1805 2643/2264/1789 2648/2272/1797
f 2651/2276/1801 2657/2275/1800 2658/2283/1808
f 2657/2275/1800 2652/2279/1804 2653/2282/1807
f 1771/2274/1799 1572/2265/1790 1777/2278/1803
f 1778/2285/1810 1777/2278/1803 1574/2277/1802
f 2660/2291/1816 2662/2292/1817 2663/2293/1818
f 2662/2292/1817 2651/2276/1801 2656/2284/1809
f 2659/2288/1813 2665/2287/1812 2666/2295/1820
f 2665/2287/1812 2660/2291/1816 2661/2294/1819
f 1775/2286/1811 1574/2277/1802 1781/2290/1815
f 1782/2297/1822 1781/2290/1815 1576/2289/1814
f 2668/2303/1828 2670/2304/1829 2671/2305/1830
f 2670/2304/1829 2659/2288/1813 2664/2296/1821
f 2667/2300/1825 2673/2299/1824 2674/2307/1832
f 2673/2299/1824 2668/2303/1828 2669/2306/1831
f 1779/2298/1823 1576/2289/1814 1785/2302/1827
f 1786/2309/1834 1785/2302/1827 1578/2301/1826
f 2667/2300/1825 2672/2308/1833 2680/2319/1844
f 2678/2318/1843 2682/2317/1842 2684/2320/1845
f 2680/2319/1844 2683/2840/2364 2684/2320/1845
f 2675/2312/1837 2686/2311/1836 2687/2322/1847
f 2687/2322/1847 2692/2324/1849 2693/2325/1850
f 2692/2324/1849 2678/2318/1843 2681/2321/1846
f 1783/2310/1835 1578/2301/1826 2676/2314/1839
f 2971/2327/1852 2676/2314/1839 1580/2313/1838
f 2690/2333/1858 2727/2334/1859 2728/2335/1860
f 2727/2334/1859 2675/2312/1837 2685/2323/1848
f 2688/2330/1855 2730/2329/1854 2731/2337/1862
f 2730/2329/1854 2690/2333/1858 2726/2336/1861
f 2734/2343/1868 2736/2344/1869 2737/2345/1870
f 2736/2344/1869 2688/2330/1855 2729/2338/1863
f 2732/2340/1865 2739/2339/1864 2740/2347/1872
f 2739/2339/1864 2734/2343/1868 2735/2346/1871
f 2743/2353/1878 2745/2354/1879 2746/2355/1880
f 2745/2354/1879 2732/2340/1865 2738/2348/1873
f 2741/2350/1875 2748/2349/1874 2749/2357/1882
f 2748/2349/1874 2743/2353/1878 2744/2356/1881
f 2752/2363/1888 2754/2364/1889 2755/2365/1890
f 2754/2364/1889 2741/2350/1875 2747/2358/1883
f 2750/2360/1885 2757/2359/1884 2758/2367/1892
f 2757/2359/1884 2752/2363/1888 2753/2366/1891
f 2761/2373/1898 2763/2374/1899 2764/2375/1900
f 2763/2374/1899 2750/2360/1885 2756/2368/1893
f 2766/2369/1894 2767/2378/1903 2765/2377/1902
f 2766/2369/1894 2761/2373/1898 2762/2376/1901
f 2770/2383/1908 2772/2384/1909 2773/2385/1910
f 2772/2384/1909 2759/2370/1895 2765/2377/1902
f 2768/2380/1905 2775/2379/1904 2776/2387/1912
f 2775/2379/1904 2770/2383/1908 2771/2386/1911
f 2779/2393/1918 2781/2394/1919 2782/2395/1920
f 2781/2394/1919 2768/2380/1905 2774/2388/1913
f 2777/2390/1915 2784/2389/1914 2785/2397/1922
f 2784/2389/1914 2779/2393/1918 2780/2396/1921
f 2788/2403/1928 2790/2404/1929 2791/2405/1930
f 2790/2404/1929 2777/2390/1915 2783/2398/1923
f 2786/2400/1925 2793/2399/1924 2794/2407/1932
f 2793/2399/1924 2788/2403/1928 2789/2406/1931
f 2968/2409/1934 1594/2391/1916 2787/2402/1927
f 2967/2411/1936 2969/2410/1935 2787/2402/1927
f 2797/2416/1941 2799/2417/1942 2800/2418/1943
f 2799/2417/1942 2786/2400/1925 2792/2408/1933
f 2802/2412/1937 2803/2421/1946 2801/2420/1945
f 2802/2412/1937 2797/2416/1941 2798/2419/1944
f 2808/2427/1952 2809/2429/1954 2807/2428/1953
f 2795/2413/1938 2801/2420/1945 2809/2429/1954
f 2811/2422/1947 2812/2431/1956 2810/2430/1955
f 2806/2426/1951 2807/2428/1953 2812/2431/1956
f 2833/2441/1966 2835/2443/1968 2821/2442/1967
f 2810/2430/1955 2834/2872/2396 2835/2443/1968
f 2816/2439/1964 2820/2438/1963 2822/2444/1969
f 2830/2446/1971 2832/2448/1973 2829/2447/1972
f 2821/2442/1967 2831/2882/2406 2832/2448/1973
f 2813/2433/1958 2824/2432/1957 2825/2449/1974
f 2824/2432/1957 2815/2436/1961 2816/2439/1964
f 2965/2451/1976 1600/2424/1949 2814/2435/1960
f 2966/2452/1977 2814/2435/1960 1602/2434/1959
f 2828/2458/1983 2870/2459/1984 2871/2460/1985
f 2870/2459/1984 2813/2433/1958 2823/2450/1975
f 2873/2454/1979 2874/2463/1988 2872/2462/1987
f 2828/2458/1983 2869/2461/1986 2874/2463/1988
f 2879/2469/1994 2880/2471/1996 2878/2470/1995
f 2826/2455/1980 2872/2462/1987 2880/2471/1996
f 2882/2464/1989 2883/2473/1998 2881/2472/1997
f 2877/2468/1993 2878/2470/1995 2883/2473/1998
f 2888/2479/2004 2889/2481/2006 2887/2480/2005
f 2875/2465/1990 2881/2472/1997 2889/2481/2006
f 2891/2474/1999 2892/2483/2008 2890/2482/2007
f 2886/2478/2003 2887/2480/2005 2892/2483/2008
f 2962/2484/2009 1606/2466/1991 2885/2477/2002
f 2963/2485/2010 2885/2477/2002 1608/2476/2001
f 2897/2492/2017 2898/2494/2019 2896/2493/2018
f 2884/2475/2000 2890/2482/2007 2898/2494/2019
f 2900/2487/2012 2901/2496/2021 2899/2495/2020
f 2895/2491/2016 2896/2493/2018 2901/2496/2021
f 2906/2502/2027 2907/2504/2029 2905/2503/2028
f 2893/2488/2013 2899/2495/2020 2907/2504/2029
f 2902/2498/2023 2909/2497/2022 2910/2505/2030
f 2904/2501/2026 2905/2503/2028 2910/2505/2030
f 2915/2512/2037 2916/2514/2039 2914/2513/2038
f 2902/2498/2023 2908/2506/2031 2916/2514/2039
f 2918/2507/2032 2919/2516/2041 2917/2515/2040
f 2913/2511/2036 2914/2513/2038 2919/2516/2041
f 2959/2517/2042 1612/2499/2024 2912/2510/2035
f 2960/2518/2043 2912/2510/2035 1614/2509/2034
f 2924/2525/2050 2925/2527/2052 2923/2526/2051
f 2911/2508/2033 2917/2515/2040 2925/2527/2052
f 2927/2520/2045 2928/2529/2054 2926/2528/2053
f 2922/2524/2049 2923/2526/2051 2928/2529/2054
f 2933/2535/2060 2934/2537/2062 2932/2536/2061
f 2920/2521/2046 2926/2528/2053 2934/2537/2062
f 2936/2530/2055 2937/2539/2064 2935/2538/2063
f 2931/2534/2059 2932/2536/2061 2937/2539/2064
f 2941/2545/2070 2942/2547/2072 2940/2546/2071
f 2929/2531/2056 2935/2538/2063 2942/2547/2072
f 2944/2540/2065 2945/2549/2074 2943/2548/2073
f 2939/2544/2069 2940/2546/2071 2945/2549/2074
f 2946/2555/2079 2947/2557/2081 1839/2556/2080
f 1831/2541/2066 2943/2548/2073 2947/2557/2081
f 2948/2561/2085 2950/2563/2087 1847/2562/2086
f 1839/2556/2080 2949/2908/2431 2950/2563/2087
f 2952/2567/2090 2954/2569/2092 2951/2568/2091
f 1847/2562/2086 2953/2910/2433 2954/2569/2092
f 2956/2564/2088 2957/2571/2094 2955/2570/2093
f 1848/2566/2089 2951/2568/2091 2957/2571/2094
f 1448/2572/2095 1787/2574/2097 1844/1461/987
f 1789/2575/2098 1790/2578/926 1849/1462/988
f 1792/2576/2099 1859/1473/999 1854/1470/996
f 1790/2578/926 1791/2577/2100 1856/1471/997
f 1789/2575/2098 1851/1463/989 1825/1451/977
f 1793/2579/2101 1794/2582/2104 1864/1484/1010
f 1796/2580/2102 1865/1485/1011 1867/1486/1012
f 1795/2581/2103 1867/1486/1012 1862/1483/1009
f 1798/2583/2105 1875/1498/1024 1870/1495/1021
f 1799/2585/2107 1800/2587/2109 1880/1508/1034
f 1799/2585/2107 1873/1497/1023 1875/1498/1024
f 1796/2580/2102 1797/2584/2106 1872/1496/1022
f 1793/2579/2101 1857/1472/998 1859/1473/999
f 1801/2586/2108 1883/1510/1036 1878/1507/1033
f 1802/2588/2110 1881/1509/1035 1883/1510/1036
f 1802/2588/2110 1803/2590/2112 1888/1520/1046
f 1804/2589/2111 1891/1522/1048 1886/1519/1045
f 1804/2589/2111 1805/2593/2115 1889/1521/1047
f 1807/2591/2113 1899/1534/1060 1894/1531/1057
f 1805/2593/2115 1806/2592/2114 1896/1532/1058
f 1808/2594/2116 1809/2596/2118 1904/1544/1070
f 1810/2595/2117 1811/2597/2119 1905/1545/1071
f 1810/2595/2117 1907/1546/1072 1902/1543/1069
f 1807/2591/2113 1808/2594/2116 1897/1533/1059
f 1811/2597/2119 1812/2621/2143 1912/1556/1082
f 1813/2598/2120 1814/2601/2123 1913/1557/1083
f 1816/2599/2121 1923/1569/1095 1918/1567/1093
f 1814/2601/2123 1815/2600/2122 1920/1568/1094
f 1817/2602/2124 1818/2604/2126 1928/1579/1105
f 1819/2603/2125 1820/2611/2133 1950/1595/1121
f 1816/2599/2121 1817/2602/2124 1921/1570/1096
f 1953/2606/2128 1965/1607/1133 1945/1606/1132
f 1952/2607/2129 1945/1606/1132 1947/1605/1131
f 1955/2608/2130 1968/1618/1144 1970/1617/1143
f 1956/2610/2132 1957/2620/2142 1971/1620/1146
f 1956/2610/2132 1973/1619/1145 1968/1618/1144
f 1953/2606/2128 1954/2609/2131 1963/1608/1134
f 1959/2612/2134 1981/1631/1157 1976/1630/1156
f 1960/2614/2136 1961/2617/2139 1986/1641/1167
f 1960/2614/2136 1979/1632/1158 1981/1631/1157
f 1992/2615/2137 2014/1648/1174 2017/1647/1173
f 1992/2615/2137 1993/2619/2141 2018/1651/1177
f 1994/2618/2140 2021/1660/1186 2023/1661/1187
f 1958/2613/2135 1976/1630/1156 1978/1629/1155
f 1813/2598/2120 1915/1558/1084 1910/1555/1081
f 1995/2622/2144 2026/1663/1189 2021/1660/1186
f 1995/2622/2144 1996/2624/2146 2024/1662/1188
f 1997/2623/2145 1998/2628/2150 2034/1674/1200
f 1997/2623/2145 2029/1673/1199 2031/1672/1198
f 2000/2625/2147 2037/1685/1211 2039/1684/1210
f 2000/2625/2147 2001/2627/2149 2042/1686/1212
f 1999/2626/2148 2039/1684/1210 2032/1675/1201
f 2003/2629/2151 2045/1697/1223 2047/1696/1222
f 2004/2631/2153 2005/2636/2158 2048/1699/1225
f 2003/2629/2151 2004/2631/2153 2050/1698/1224
f 2007/2632/2154 2008/2634/2156 2056/1711/1237
f 2009/2633/2155 2010/2653/2175 2066/1723/1249
f 2009/2633/2155 2061/1721/1247 2063/1720/1246
f 2006/2635/2157 2053/1709/1235 2055/1708/1234
f 2012/2637/2159 2076/1735/1261 2075/2638/2160
f 2086/2640/2162 2138/1758/1284 2141/1757/1283
f 2087/2643/2165 2088/2645/2167 2147/1763/1289
f 2090/2646/2168 2091/2649/2171 2150/1775/1301
f 2093/2647/2169 2154/1784/1310 2156/1783/1309
f 2092/2648/2170 2156/1783/1309 2148/1776/1302
f 2095/2650/2172 2165/1793/1319 2157/1786/1312
f 2096/2652/2174 2097/2686/2208 2168/1795/1321
f 2096/2652/2174 2163/1794/1320 2165/1793/1319
f 2093/2647/2169 2094/2651/2173 2159/1785/1311
f 2090/2646/2168 2128/1774/1300 2130/1773/1299
f 2010/2653/2175 2011/2639/2161 2064/1722/1248
f 2099/2654/2176 2172/1804/1330 2174/1803/1329
f 2101/2656/2178 2183/1813/1339 2175/1806/1332
f 2099/2654/2176 2100/2657/2179 2177/1805/1331
f 2104/2658/2180 2192/1826/1352 2184/1815/1341
f 2105/2660/2182 2106/2668/2190 2195/1828/1354
f 2104/2658/2180 2105/2660/2182 2190/1827/1353
f 2101/2656/2178 2102/2687/2209 2181/1814/1340
f 2107/2661/2183 2108/2664/2186 2199/1837/1363
f 2110/2662/2184 2210/1846/1372 2202/1839/1365
f 2108/2664/2186 2109/2663/2185 2204/1838/1364
f 2111/2665/2187 2112/2667/2189 2213/1848/1374
f 2113/2666/2188 2114/2685/2207 2217/1860/1386
f 2113/2666/2188 2219/1859/1385 2211/1849/1375
f 2110/2662/2184 2111/2665/2187 2208/1847/1373
f 2107/2661/2183 2201/1836/1362 2193/1829/1355
f 2116/2669/2191 2228/1870/1396 2220/1861/1387
f 2117/2671/2193 2118/2676/2198 2231/1872/1398
f 2116/2669/2191 2117/2671/2193 2226/1869/1395
f 2119/2672/2194 2120/2675/2197 2251/1889/1415
f 2118/2676/2198 2119/2672/2194 2254/1884/1410
f 2256/2678/2200 2257/2681/2203 2286/1902/1428
f 2259/2679/2201 2297/1912/1438 2289/1903/1429
f 2258/2680/2202 2289/1903/1429 2291/1904/1430
f 2261/2682/2204 2298/1913/1439 2300/1914/1440
f 2262/2684/2206 2263/2715/2237 2304/1921/1447
f 2262/2684/2206 2306/1922/1448 2298/1913/1439
f 2259/2679/2201 2260/2683/2205 2295/1911/1437
f 2256/2678/2200 2288/1901/1427 2242/1891/1417
f 2114/2685/2207 2115/2670/2192 2222/1862/1388
f 2098/2655/2177 2174/1803/1329 2166/1796/1322
f 2006/2635/2157 2007/2632/2154 2058/1710/1236
f 2102/2687/2209 2103/2659/2181 2186/1816/1342
f 2265/2688/2210 2315/1935/1461 2307/1924/1450
f 2267/2690/2212 2316/1936/1462 2318/1937/1463
f 2265/2688/2210 2266/2691/2213 2313/1934/1460
f 2270/2692/2214 2325/1946/1472 2327/1947/1473
f 2271/2694/2216 2272/2703/2225 2331/1954/1480
f 2271/2694/2216 2333/1955/1481 2325/1946/1472
f 2268/2695/2217 2324/1945/1471 2316/1936/1462
f 2273/2696/2218 2274/2699/2221 2342/1968/1494
f 2276/2697/2219 2343/1969/1495 2345/1970/1496
f 2274/2699/2221 2275/2698/2220 2340/1967/1493
f 2277/2700/2222 2278/2702/2224 2349/1977/1503
f 2279/2701/2223 2280/2707/2229 2360/1988/1514
f 2279/2701/2223 2352/1979/1505 2354/1980/1506
f 2276/2697/2219 2277/2700/2222 2351/1978/1504
f 2273/2696/2218 2334/1956/1482 2336/1957/1483
f 2268/2695/2217 2269/2693/2215 2322/1944/1470
f 2282/2704/2226 2283/2706/2228 2369/1998/1524
f 2282/2704/2226 2361/1989/1515 2363/1990/1516
f 2283/2706/2228 2284/2710/2232 2367/1997/1523
f 2280/2707/2229 2281/2705/2227 2358/1987/1513
f 2264/2689/2211 2307/1924/1450 2309/1923/1449
f 1625/1476/1002 1454/2718/2241 1626/2716/2239
f 1456/2717/2240 1631/2976/2500 1633/1487/1013
f 1633/1487/1013 1631/2976/2500 1454/2718/2241
f 1629/1475/1001 1626/2716/2239 1452/2719/2242
f 1458/2720/2243 1635/2722/2245 1637/1499/1025
f 1639/2721/2244 1458/2720/2243 1634/1500/1026
f 1635/2722/2245 1456/2717/2240 1630/1488/1014
f 1645/1523/1049 1643/2725/2248 1460/2723/2246
f 1649/1535/1061 1647/2977/2501 1462/2724/2247
f 1642/1524/1050 1462/2724/2247 1643/2725/2248
f 1651/2726/2249 1464/2729/2252 1646/1536/1062
f 1655/2727/2250 1466/2728/2251 1650/1548/1074
f 1466/2728/2251 1651/2726/2249 1653/1547/1073
f 1464/2729/2252 1647/2977/2501 1649/1535/1061
f 1661/1571/1097 1659/2732/2255 1468/2730/2253
f 1665/1597/1123 1663/2736/2259 1470/2731/2254
f 1658/1572/1098 1470/2731/2254 1659/2732/2255
f 1669/1609/1135 1667/2735/2258 1472/2733/2256
f 1673/1621/1147 1671/2744/2267 1474/2734/2257
f 1666/1610/1136 1474/2734/2257 1667/2735/2258
f 1662/1598/1124 1472/2733/2256 1663/2736/2259
f 1654/1560/1086 1468/2730/2253 1655/2727/2250
f 1638/1512/1038 1460/2723/2246 1639/2721/2244
f 1674/1634/1160 1478/2742/2265 1675/2740/2263
f 1677/1633/1159 1675/2740/2263 1476/2741/2264
f 1478/2742/2265 1674/1634/1160 1681/1652/1178
f 1671/2744/2267 1673/1621/1147 1670/1622/1148
f 1678/1653/1179 1480/2978/2502 1679/2743/2266
f 1482/2745/2268 1683/2746/2269 1685/1664/1190
f 1683/2746/2269 1480/2978/2502 1678/1653/1179
f 1686/1677/1203 1484/2748/2271 1687/2747/2270
f 1689/1676/1202 1687/2747/2270 1482/2745/2268
f 1693/1688/1214 1691/2749/2272 1484/2748/2271
f 1690/1689/1215 1486/2750/2273 1691/2749/2272
f 1697/1700/1226 1695/2752/2275 1486/2750/2273
f 1701/1712/1238 1699/2755/2278 1488/2751/2274
f 1694/1701/1227 1488/2751/2274 1695/2752/2275
f 1703/2753/2276 1490/2979/2503 1698/1713/1239
f 1492/2754/2277 1703/2753/2276 1705/1724/1250
f 1698/1713/1239 1490/2979/2503 1699/2755/2278
f 1504/2763/2286 1502/2757/2280 2986/1818/1344
f 2440/2779/2303 2462/2062/1587 2376/2032/1557
f 2441/2780/2304 2442/2782/2306 2467/2070/1595
f 2441/2780/2304 2460/2061/1586 2462/2062/1587
f 2443/2781/2305 2470/2072/1597 2465/2069/1594
f 2444/2783/2307 2468/2071/1596 2470/2072/1597
f 2444/2783/2307 2445/2785/2309 2475/2083/1608
f 2446/2784/2308 2478/2085/1610 2473/2082/1607
f 2447/2786/2310 2448/2791/2315 2483/2095/1620
f 2447/2786/2310 2476/2084/1609 2478/2085/1610
f 2450/2787/2311 2484/2096/1621 2486/2097/1622
f 2452/2789/2313 2494/2109/1634 2489/2106/1631
f 2450/2787/2311 2451/2790/2314 2491/2107/1632
f 2449/2788/2312 2486/2097/1622 2481/2094/1619
f 2453/2792/2316 2454/2794/2318 2499/2119/1644
f 2455/2793/2317 2456/2799/2323 2500/2120/1645
f 2455/2793/2317 2502/2121/1646 2497/2118/1643
f 2458/2795/2319 2510/2133/1658 2505/2130/1655
f 2516/2797/2321 2513/2141/1666 2515/2142/1667
f 2458/2795/2319 2459/2798/2322 2508/2132/1657
f 2456/2799/2323 2457/2796/2320 2507/2131/1656
f 2453/2792/2316 2492/2108/1633 2494/2109/1634
f 2517/2800/2324 2518/2803/2327 2532/2152/1677
f 2519/2802/2326 2520/2808/2332 2533/2153/1678
f 2519/2802/2326 2535/2154/1679 2529/2151/1676
f 2522/2804/2328 2543/2166/1691 2538/2163/1688
f 2522/2804/2328 2523/2807/2331 2541/2165/1690
f 2520/2808/2332 2521/2805/2329 2540/2164/1689
f 2526/2809/2333 2561/2187/1712 2564/2188/1713
f 2569/2811/2335 2602/2200/1725 2558/2197/1722
f 2571/2813/2337 2605/2209/1734 2607/2210/1735
f 2572/2815/2339 2573/2817/2341 2608/2212/1737
f 2572/2815/2339 2610/2211/1736 2605/2209/1734
f 2569/2811/2335 2570/2814/2338 2600/2199/1724
f 2524/2806/2330 2525/2810/2334 2567/2183/1708
f 2516/2797/2321 2517/2800/2324 2531/2801/2325
f 2574/2816/2340 2613/2222/1747 2615/2221/1746
f 2531/2801/2325 2511/2137/1662 2512/2140/1665
f 2613/2222/1747 2574/2816/2340 2575/2819/2343
f 2575/2819/2343 2576/2822/2346 2616/2224/1749
f 2578/2820/2344 2626/2235/1760 2621/2234/1759
f 2577/2821/2345 2621/2234/1759 2623/2233/1758
f 2580/2823/2347 2629/2246/1771 2631/2245/1770
f 2581/2825/2349 2582/2833/2357 2632/2248/1773
f 2581/2825/2349 2634/2247/1772 2629/2246/1771
f 2578/2820/2344 2579/2824/2348 2624/2236/1761
f 2583/2826/2350 2584/2829/2353 2642/2259/1784
f 2586/2827/2351 2645/2270/1795 2647/2269/1794
f 2584/2829/2353 2585/2828/2352 2640/2260/1785
f 2587/2830/2354 2588/2832/2356 2648/2272/1797
f 2589/2831/2355 2653/2282/1807 2655/2281/1806
f 2586/2827/2351 2587/2830/2354 2650/2271/1796
f 2583/2826/2350 2637/2258/1783 2639/2257/1782
f 2590/2834/2358 2591/2837/2361 2656/2284/1809
f 2593/2835/2359 2594/2843/2367 2664/2296/1821
f 2592/2836/2360 2661/2294/1819 2663/2293/1818
f 2595/2838/2362 2596/2842/2366 2674/2307/1832
f 2598/2839/2363 2684/2320/1845 2683/2840/2364
f 2596/2842/2366 2597/2841/2365 2672/2308/1833
f 2595/2838/2362 2669/2306/1831 2671/2305/1830
f 2695/2846/2370 2726/2336/1861 2728/2335/1860
f 2697/2847/2371 2737/2345/1870 2729/2338/1863
f 2698/2849/2373 2699/2884/2408 2740/2347/1872
f 2698/2849/2373 2735/2346/1871 2737/2345/1870
f 2695/2846/2370 2696/2848/2372 2731/2337/1862
f 2599/2844/2368 2693/2325/1850 2681/2321/1846
f 2589/2831/2355 2590/2834/2358 2658/2283/1808
f 2701/2850/2374 2744/2356/1881 2746/2355/1880
f 2703/2852/2376 2755/2365/1890 2747/2358/1883
f 2701/2850/2374 2702/2853/2377 2749/2357/1882
f 2704/2854/2378 2705/2857/2381 2758/2367/1892
f 2707/2855/2379 2762/2376/1901 2764/2375/1900
f 2706/2856/2380 2764/2375/1900 2756/2368/1893
f 2704/2854/2378 2753/2366/1891 2755/2365/1890
f 2709/2858/2382 2710/2861/2385 2771/2386/1911
f 2712/2859/2383 2782/2395/1920 2774/2388/1913
f 2710/2861/2385 2711/2860/2384 2776/2387/1912
f 2713/2862/2386 2714/2864/2388 2785/2397/1922
f 2715/2863/2387 2716/2883/2407 2789/2406/1931
f 2715/2863/2387 2791/2405/1930 2783/2398/1923
f 2712/2859/2383 2713/2862/2386 2780/2396/1921
f 2709/2858/2382 2773/2385/1910 2765/2377/1902
f 2718/2866/2390 2800/2418/1943 2792/2408/1933
f 2720/2868/2392 2801/2420/1945 2803/2421/1946
f 2718/2866/2390 2719/2869/2393 2798/2419/1944
f 2721/2870/2394 2722/2873/2397 2807/2428/1953
f 2723/2871/2395 2724/2881/2405 2835/2443/1968
f 2722/2873/2397 2723/2871/2395 2812/2431/1956
f 2721/2870/2394 2809/2429/1954 2801/2420/1945
f 2837/2876/2400 2823/2450/1975 2825/2449/1974
f 2838/2877/2401 2839/2880/2404 2869/2461/1986
f 2841/2878/2402 2880/2471/1996 2872/2462/1987
f 2840/2879/2403 2872/2462/1987 2874/2463/1988
f 2838/2877/2401 2871/2460/1985 2823/2450/1975
f 2724/2881/2405 2725/2874/2398 2832/2448/1973
f 2716/2883/2407 2717/2867/2391 2794/2407/1932
f 2700/2851/2375 2746/2355/1880 2738/2348/1873
f 2707/2855/2379 2708/2865/2389 2767/2378/1903
f 2592/2836/2360 2593/2835/2359 2666/2295/1820
f 2843/2885/2409 2881/2472/1997 2883/2473/1998
f 2844/2887/2411 2889/2481/2006 2881/2472/1997
f 2841/2878/2402 2842/2886/2410 2878/2470/1995
f 2846/2888/2412 2890/2482/2007 2892/2483/2008
f 2847/2890/2414 2848/2895/2419 2896/2493/2018
f 2847/2890/2414 2898/2494/2019 2890/2482/2007
f 2850/2891/2415 2907/2504/2029 2899/2495/2020
f 2852/2893/2417 2908/2506/2031 2910/2505/2030
f 2850/2891/2415 2851/2894/2418 2905/2503/2028
f 2849/2892/2416 2899/2495/2020 2901/2496/2021
f 2853/2896/96 2854/2898/2421 2914/2513/2038
f 2855/2897/2420 2856/2902/2425 2925/2527/2052
f 2855/2897/2420 2917/2515/2040 2919/2516/2041
f 2858/2899/2422 2926/2528/2053 2928/2529/2054
f 2859/2901/2424 2860/2911/2434 2932/2536/2061
f 2858/2899/2422 2859/2901/2424 2934/2537/2062
f 2856/2902/2425 2857/2900/2423 2923/2526/2051
f 2853/2896/96 2916/2514/2039 2908/2506/2031
f 2861/2903/2426 2862/2906/2429 2942/2547/2072
f 2864/2904/2427 2943/2548/2073 2945/2549/2074
f 2862/2906/2429 2863/2905/2428 2940/2546/2071
f 2864/2904/2427 2865/2909/2432 2947/2557/2081
f 2861/2903/2426 2935/2538/2063 2937/2539/2064
f 2867/2912/2435 2868/2914/2437 2951/2568/2091
f 1622/2913/2436 2955/2570/2093 2957/2571/2094
f 2844/2887/2411 2845/2889/2413 2887/2480/2005
f 1541/2915/2438 1707/2918/2441 1710/2074/1599
f 1543/2916/2439 1712/2917/2440 1714/2086/1611
f 1712/2917/2440 1541/2915/2438 1706/2075/1600
f 1707/2918/2441 1539/2936/2459 1708/2073/1598
f 1715/2099/1624 1545/2980/2504 1716/2919/2442
f 1720/2920/2443 1545/2980/2504 1715/2099/1624
f 1718/2098/1623 1716/2919/2442 1543/2916/2439
f 1726/2122/1647 1724/2981/2505 1547/2921/2444
f 1730/2134/1659 1728/2982/2506 1549/2922/2445
f 1549/2922/2445 1724/2981/2505 1726/2122/1647
f 1734/2143/1668 1732/2925/2448 1551/2923/2446
f 1738/2155/1680 1736/2983/2507 1553/2924/2447
f 1731/2144/1669 1553/2924/2447 1732/2925/2448
f 1551/2923/2446 1728/2982/2506 1730/2134/1659
f 1742/2167/1692 1740/2928/2451 1555/2926/2449
f 1746/2189/1714 1744/2932/2455 1557/2927/2450
f 1739/2168/1693 1557/2927/2450 1740/2928/2451
f 1748/2929/2452 1559/2984/2508 1743/2190/1715
f 1752/2930/2453 1561/2931/2454 1747/2202/1727
f 1561/2931/2454 1748/2929/2452 1750/2201/1726
f 1743/2190/1715 1559/2984/2508 1744/2932/2455
f 1555/2926/2449 1736/2983/2507 1738/2155/1680
f 1547/2921/2444 1720/2920/2443 1722/2110/1635
f 1755/2226/1751 1565/2939/2462 1756/2937/2460
f 1758/2225/1750 1756/2937/2460 1563/2938/2461
f 1565/2939/2462 1755/2226/1751 1762/2237/1762
f 1752/2930/2453 1754/2213/1738 1751/2214/1739
f 1759/2238/1763 1567/2942/2465 1760/2940/2463
f 1763/2250/1775 1569/2944/2467 1764/2941/2464
f 1766/2249/1774 1764/2941/2464 1567/2942/2465
f 1767/2262/1787 1571/2945/2468 1768/2943/2466
f 1770/2261/1786 1768/2943/2466 1569/2944/2467
f 1774/2273/1798 1772/2946/2469 1571/2945/2468
f 1771/2274/1799 1573/2947/2470 1772/2946/2469
f 1778/2285/1810 1776/2949/2472 1573/2947/2470
f 1782/2297/1822 1780/2953/2476 1575/2948/2471
f 1775/2286/1811 1575/2948/2471 1776/2949/2472
f 1786/2309/1834 1784/2952/2475 1577/2950/2473
f 1783/2310/1835 1579/2951/2474 1784/2952/2475
f 1779/2298/1823 1577/2950/2473 1780/2953/2476
f 1621/2966/2489 1620/2542/2067 1830/2553/2077
